Era,Name,Notes,Track Length,File Date,Leak Date,Available Length,Quality,Link(s)
"0 OG File(s)
0 Full
0 Tagged
0 Partial
0 Snippet(s)
0 Unavailable",Before 10 Day,,,,,,,
Before 10 Day,"Unknown [Freestyles]
(prod. MF Love)","On October 30, 2012, Chance tweeted that he used to freestyle over Rainy Sundays by MF Love ""all the time"" in highschool. It's unknown if any of these were recorded.",,,,Confirmed,Not Available,https://twitter.com/chancetherapper/status/263351749539135488?s=46&t=Pn1X1S8XFrEMq_-xgJS7mQ
"0 OG File(s)
2 Full
0 Tagged
0 Partial
0 Snippet(s)
16 Unavailable",10 Day,,,,,,,
10 Day,Brain Cells [V1],"Version mentioned in a tweet from Chance on May 6, 2011 almost a year before its eventual release. Differences are unknown, but it may have sounded simillar to version featured on the #5DAY EP.",,,,Confirmed,Not Available,https://twitter.com/chancetherapper/status/66477168590471168?s=46&t=Pn1X1S8XFrEMq_-xgJS7mQ
10 Day,Everything I Was,"Track mentioned in a tweet from Chance on May 6, 2011. Information is unknown.",,,,Confirmed,Not Available,https://twitter.com/chancetherapper/status/66477168590471168?s=46&t=Pn1X1S8XFrEMq_-xgJS7mQ
10 Day,"Family [V1]
(feat. VIC MENSA & Sulaiman)","On Febuary 23, 2012, Chance tweeted, ""Chance The Rapper, Vic Mensa and Sulaiman working on #10Day in the studio"". It's very likely they were at least working on ""Family"", with that being the only track that has all 3 of them on it.",,,,Confirmed,Not Available,https://twitter.com/chancetherapper/status/172714500871565312?s=46&t=Pn1X1S8XFrEMq_-xgJS7mQ
10 Day,"Fucked Up
(feat. KidKing) (prod. SnapBackOnDaTrack)","Throwaway from 10 Day sessions. The best song of all time. According to Andrew Barber, this was supposed to drop on No Soda, a compilation SnapBackOnDaTrack was making with his production group ""Da Fanaticz"". Unfortunately, most of the tape has been lost, as it was embedded with Adobe Flash, and the direct download is broken. Confusingly, according to the tracklist, it was not on the project.",,,,Full,High Quality,https://pillows.su/f/3d1fc7607b7115d04d10b471b62efcdf
10 Day,"Fuckutahmbout [V1]
(Fuck You Tahm Bout)","Version mentioned in a tweet from Chance on May 6, 2011 almost a year before its eventual release. Differences are unknown.",,,,Confirmed,Not Available,https://twitter.com/chancetherapper/status/66477168590471168?s=46&t=Pn1X1S8XFrEMq_-xgJS7mQ
10 Day,Gettin Off,"Track mentioned in a tweet from Chance on May 6, 2011. Information is unknown.",,,,Confirmed,Not Available,https://twitter.com/chancetherapper/status/66477168590471168?s=46&t=Pn1X1S8XFrEMq_-xgJS7mQ
10 Day,Grownassman,"Track mentioned in a tweet from Chance on May 6, 2011. Information is unknown.",,,,Confirmed,Not Available,https://twitter.com/chancetherapper/status/66477168590471168?s=46&t=Pn1X1S8XFrEMq_-xgJS7mQ
10 Day,"🏆 Ill Ass Freestyle
(prod. MyleSauceTrappn)","Freestyle confirmed to exist in a series of tweets by Chance, saying, ""Ill ass freestyle prod. by the nigga @MyleSauceTrappn drops tonight if I can get 5000 followers tonight..."". This goal was likely never released however, seeing as it never dropped. Apparently produced by ""MyleSauceTrappn"", however it's unknown who this is.",,,,Confirmed,Not Available,https://twitter.com/chancetherapper/status/198099583883157504?s=46&t=Pn1X1S8XFrEMq_-xgJS7mQ
10 Day,Long Time [V1],"Version mentioned in a tweet from Chance on May 6, 2011 almost a year before its eventual release. Differences are unknown, but it may have sounded simillar to version featured on the #5DAY EP.",,,,Confirmed,Not Available,https://twitter.com/chancetherapper/status/66477168590471168?s=46&t=Pn1X1S8XFrEMq_-xgJS7mQ
10 Day,Nostalgia [V1],"Version mentioned in a tweet from Chance on May 6, 2011 almost a year before its eventual release. Differences are unknown, but it may have sounded simillar to version featured on the #5DAY EP.",,,,Confirmed,Not Available,https://twitter.com/chancetherapper/status/66477168590471168?s=46&t=Pn1X1S8XFrEMq_-xgJS7mQ
10 Day,Prom Night [V1],"On August 1, 2011, Chance tweeted the lyrics, ""You made a mixtape, Good Job! I hope you get a good job. we was all outcasts, only listened to good mob- #10day"". These lyrics would later go on to be used on ""Prom Night"", so it was being worked on around that time.",,,,Confirmed,Not Available,https://twitter.com/chancetherapper/status/97911732445511680?s=46&t=Pn1X1S8XFrEMq_-xgJS7mQ
10 Day,Prom Night [V2],"On September 6, 2011, Chance tweeted the lyrics, ""You made a mixtape? good job./ I hope you get a good job/ We was all outcasts only listened to good mob/"". Same as the lyrics in the listing above, however with slash marks, again implying it was being worked on around this time.",,,,Confirmed,Not Available,https://twitter.com/chancetherapper/status/111238906632085504?s=46&t=Pn1X1S8XFrEMq_-xgJS7mQ
10 Day,Thank You (Freestyle),"Track mentioned in a tweet from Chance on May 6, 2011. Information is unknown.",,,,Confirmed,Not Available,https://twitter.com/chancetherapper/status/66477168590471168?s=46&t=Pn1X1S8XFrEMq_-xgJS7mQ
10 Day,⭐️ We All Good,Freestyle posted to Chance's Twitter before 10 Day's release.,,,,Full,High Quality,https://pillows.su/f/2976c491d826429db5b62087276c45eb
10 Day,Windows,"Version mentioned in a tweet from Chance on May 6, 2011 almost a year before its eventual release. Differences are unknown.",,,,Confirmed,Not Available,https://twitter.com/chancetherapper/status/66477168590471168?s=46&t=Pn1X1S8XFrEMq_-xgJS7mQ
10 Day,"Writer
(prod. Apollo Brown)
(The Writer)","Version mentioned in a tweet from Chance on May 6, 2011. Later released by THEMPeople on Smoke Breaks IV. Differences are unknown.",,,,Confirmed,Not Available,https://twitter.com/chancetherapper/status/66477168590471168?s=46&t=Pn1X1S8XFrEMq_-xgJS7mQ
10 Day,🏆 ??? [V1-V?],"According to Kasenbile, they own multiple versions of an unheard 10 Day track that is ""not on tracker rn"", referring to the outdated original Chance Tracker. The track ""shazams to some soul song [from] the 60's"", likely being its sample.",,,,Rumored,Not Available,N/A
10 Day,Unknown [VIC MENSA Collaborations],"On September 13, 2011, Chance tweeted ""Me and @VicMensaKTD aré reoeasing a mixtape soon called 'J Cole and Chris Brown vol. 1'"". Unknown what this mixtape consisted of.",,,,Confirmed,Not Available,https://twitter.com/chancetherapper/status/113746653483237376?s=46&t=Pn1X1S8XFrEMq_-xgJS7mQ
"1 OG File(s)
3 Full
0 Tagged
0 Partial
0 Snippet(s)
13 Unavailable",Acid Rap,,,,,,,
Acid Rap,Acid,"Confirmed to be meant for Acid Rap as of August 13, 2011 in a tweet from Chance. Unknown what this track is. Confirmed not to be ""Acid Rain"", as that track was made only two months before Acid Rap released.",,,,Confirmed,Not Available,https://twitter.com/chancetherapper/status/235106114159669249?s=46&t=Pn1X1S8XFrEMq_-xgJS7mQ
Acid Rap,Acid Rain,"According to Chance, ""Acid Rain"", was made only two months before Acid Rap released. Differences are unknown.",,,,Confirmed,Not Available,https://twitter.com/chancetherapper/status/235106114159669249?s=46&t=Pn1X1S8XFrEMq_-xgJS7mQ
Acid Rap,"🏆 Get Money
(feat. VIC MENSA, Alex Wiley & Kembe X)","On August 29, 2012, Chance tweeted, ""listening to #GetMoney ft. Vic Mensa, Alex Wiley and Kembe X over and over and over again. and you can't. well not yet. #AcidRap"". Any other information is unknown. Probably unrelated to the VIC MENSA track ""Time Is Money"".",,,,Confirmed,Not Available,https://twitter.com/chancetherapper/status/240899277226905601?s=46&t=Pn1X1S8XFrEMq_-xgJS7mQ
Acid Rap,🏆 God Loves All My Niggas,"On August 29, 2012, Chance would randomly tweet, ""God Loves All My Niggas. #AcidRap"". A couple days later on October 1st, he would tweet, ""my boy told me earl heard God Loves All My Niggas which is an unreleased AcidRap joint and that he be tweetin the lyrics to that shit. #what"". Was likely scrapped from the project due to the lyrics being leaked by Earl. Ironically, the lyrics tweeted have since been seemingly lost.",,,,Confirmed,Not Available,https://twitter.com/chancetherapper/status/252899658052022273?s=46&t=Pn1X1S8XFrEMq_-xgJS7mQ
Acid Rap,Juice,"Confirmed to be meant for Acid Rap as of August 13, 2011 in a tweet from Chance. Similarities to release are unknown.",,,,Confirmed,Not Available,https://twitter.com/chancetherapper/status/235106114159669249?s=46&t=Pn1X1S8XFrEMq_-xgJS7mQ
Acid Rap,"Miracle [V1]
(prod. The Social Experiment)","OG Filename: Miracle wed gnite kinda mixing now jl 6-18
Version of ""Miracle"" that is likely from Acid Rap sessions due to it being encoded with iTunes 10.6. Was later released on Surf. Ends abruptly. Leaked in the 62 gigabyte mass leak.",,"Jun 18, 2012","Jul 4, 2024",OG File,High Quality,Link Needed
Acid Rap,Nope Song,"Confirmed to be meant for Acid Rap as of August 13, 2011 in a tweet from Chance. Unknown what this track is.",,,,Confirmed,Not Available,https://twitter.com/chancetherapper/status/235106114159669249?s=46&t=Pn1X1S8XFrEMq_-xgJS7mQ
Acid Rap,Rollin,"Confirmed to be meant for Acid Rap as of August 13, 2011 in a tweet from Chance. Unknown what this track is.",,,,Confirmed,Not Available,https://twitter.com/chancetherapper/status/235106114159669249?s=46&t=Pn1X1S8XFrEMq_-xgJS7mQ
Acid Rap,"Save Money Prayer [V1]
(Blessings)","Confirmed to be meant for Acid Rap as of August 13, 2011 in a tweet from Chance. Similarities to the leak are unknown.",,,,Confirmed,Not Available,https://twitter.com/chancetherapper/status/235106114159669249?s=46&t=Pn1X1S8XFrEMq_-xgJS7mQ
Acid Rap,"⭐️ Save Money Prayer [V2]
(Blessings)","Leaked in 2014 and was probably made early 2013 to late 2012. Not to be confused with the Coloring Book track called Blessings. Rumored to have been considered for Acid Rap 2, although this is not confirmed.",,,,Full,CD Quality,https://twitter.com/chancetherapper/status/235106114159669249?s=46&t=Pn1X1S8XFrEMq_-xgJS7mQ
Acid Rap,Spirit,"Confirmed to be meant for Acid Rap as of August 13, 2011 in a tweet from Chance. Unknown what this track is.",,,,Confirmed,Not Available,https://twitter.com/chancetherapper/status/235106114159669249?s=46&t=Pn1X1S8XFrEMq_-xgJS7mQ
Acid Rap,"Yolo [V1]
(prod. Stefan Ponce)
(YOLO (DJ Allstyle Shout))","Confirmed to be meant for Acid Rap as of August 13, 2011 in a tweet from Chance. Similarities to the leak are unknown.",,,,Confirmed,Not Available,https://twitter.com/chancetherapper/status/235106114159669249?s=46&t=Pn1X1S8XFrEMq_-xgJS7mQ
Acid Rap,"YOLO (DJ Allstyle Shout) [V2]
(prod. Stefan Ponce)
(Yolo)","Leaked or possibly released sometime in 2012. However it ended up online is apparently endorced by Chance, as he has an annotation on the Genius page for the track. Samples ""Disparate Youth"" by Santigold.",,,,Full,CD Quality,https://pillows.su/f/ac3e20639ac74a0d809af8af8d0f786a
Acid Rap,"⭐️ ???
(Molly)","One of very few Acid Rap-era leaks. Not much information is known. Fan dubbed ""Molly"", however its real name is unknown.",,,,Full,High Quality,Link Needed
Acid Rap,Unknown [T.I. & Lil Wayne Collaborations],"On 5/20/2013, Chance tweeted ""TI and Wayne wit me"". This is assumed to be a studio session, however it's unknown what was made during this.",,,,Confirmed,Not Available,https://twitter.com/chancetherapper/status/336569113747005440?s=46&t=Pn1X1S8XFrEMq_-xgJS7mQ
Acid Rap,"🏆 Mac Miller - Space Migration Freestyle
(feat. Chance The Rapper & Doaminoprimo) (prod. Syd & Matt Martians)",Mac Miller track featuring Chance and Doaminoprimo. Confirmed to exist by macmillersanctuary on Instagram.,,,,Confirmed,Not Available,
Acid Rap,"Mac Miller - ???
(feat. Chance The Rapper)",Track with Mac Miller confirmed by Chance in a Reddit AMA. Is a different song from Space Migration Freestyle.,,,,Confirmed,Not Available,
"17 OG File(s)
6 Full
0 Tagged
2 Partial
1 Snippet(s)
9 Unavailable",Acid Rap 2,,,,,,,
Acid Rap 2,"4 Real
(feat. ???)","OG Filename: 4 real 1st draft ruff1B jl 8-17
The song’s era remains unconfirmed, though it closely resembles other tracks from these sessions. It also features an unknown female vocalist providing backing vocals for Chance. The track leaked as part of the 62GB mass leak.",,"Aug 25, 2014","Jul 4, 2024",OG File,High Quality,https://pillows.su/f/0a0c77b6a5e26d6e622d064e00827567
Acid Rap 2,And They Say…. [V1],"OG Filename: and They Say…. jl ruff1D 8-25
Version made a day before the one below. Has an earlier vocal take and a worse mix.",,"Aug 25, 2014","Jul 4, 2024",OG File,High Quality,https://pillows.su/f/0a0c77b6a5e26d6e622d064e00827567
Acid Rap 2,And They Say….. [V2],"OG Filename: And they say….. jl ruff2 8-26 112bpm
Throwaway that is likely from Acid Rap 2 sessions, due to being encoded with iTunes 12.0.1.26. Some medatata has been altered. Differences include new instrumentation, new vocal take, new adlibs and a better mix.",,"Aug 26, 2014","Jul 4, 2024",Full,High Quality,https://pillows.su/f/35eb9c99f525d522f500fb6fd61322dc
Acid Rap 2,"Body
(ref. ???)","OG Filename: body ref1 jl 8-12 maybe
Throwaway from sometime after Feburary 19, 2013, due to being encoded with iTunes 11.0.2. Contains a hook and open verse but no Chance vocals. Features the same unknown rapper as """". Possibly a reference track according to the filename. Leaked in the 62 gigabyte mass leak.",,"Aug 12, 2014","Jul 4, 2024",OG File,High Quality,https://pillows.su/f/9755930d268e2f33ef39de1abf32cf00
Acid Rap 2,"Callie [V1]
(feat. BJ The Chicago Kid)","OG Filename: 111chance 1
Track likely originating during sessions for Acid Rap 2, due to it's sound. Contains an unfinished 2nd Chance verse, which was later replaced by the feature verse. This is the full song, not a snippet.",,,"Jul 4, 2024",OG File,CD Quality,https://pillows.su/f/a6436b58e95d612611d3d8e5cde79644
Acid Rap 2,"Callie [V2]
(feat. BJ The Chicago Kid)","OG Filename: Callie Bj JL vox trackin 11-2
Version that was likely made after the previous one. Contains a worse mix.",,"Nov 2, 2014","Jul 4, 2024",OG File,CD Quality,Link Needed
Acid Rap 2,Come Thru [V1],"Previous version implied by the filename below having ""Idea B"" in it.",,,,Rumored,Not Available,
Acid Rap 2,"Come Thru [V2]
(ref. ???) (feat. Jeremih)","OG Filename: come thru trackin ideaB no ice jl 12-22
Song with vocals from Jeremih and the same reference artist on ""Body"". Samples ""Love Thang"" by First Choice.",,"Dec 22, 2014",,OG File,CD Quality,Link Needed
Acid Rap 2,⭐️ Chicago,"Track from March ""Acid Rap 2"" sessions. Contains an open verse. Leaked on August 31st 2022 after a successful groupbuy.",,"Mar 3, 2014","Aug 31, 2022",Full,CD Quality,https://pillows.su/f/32e66f91fe2048ff8b65206cc43403d4
Acid Rap 2,"Paradise
(feat. ???)","Metadata refers to the file as being from 2014 and it has a unknown feature, Leaked in the 62 gigabyte mass leak.",,,"Jul 4, 2024",OG File,CD Quality,Link Needed
Acid Rap 2,Pure,"OG Filenames: Pure idea jl 11-28 & pure  idea jl 1 11-29
Track from ""Acid Rap 2"" sessions. Metadata refers to the file as being bounced on November 29, while the filename says the 28th, meaning the date in the metadata is likely a typo. Leaked in the 62 gigabyte mass leak.",,"Nov 28, 2014","Jul 4, 2024",OG File,CD Quality,Link Needed
Acid Rap 2,Cold Stares [V1],"OG Filename: cold stares ruff1 JL 6-11 dcA
Early version of ""Cold Stares"" by Nasaj Thing from when it was a solo Chance song. Encoded with iTunes 10.6. Leaked in the 62 gigabyte mass leak.",,"Jun 11, 2014","Jul 4, 2024",OG File,High Quality,https://pillows.su/f/790a4c851f301ad70086fadf5cd8a102
Acid Rap 2,"🏆 Gold
(feat. James Blake) (prod. The Social Experiment)","On May 12, 2014, Chance tweeted that he had an unreleased song with James Blake titled Gold. Later that same day, he would post an image to Instagram with the caption, ""Gold ft James Blake. #SocialExperiment"", heavily implying this was the single cover for the song. He would later tweet that his XXL Freshman freestyle reused both the hook and first verse from this unheard track. One of the holy grails of Chance leaks.",,,,Confirmed,Not Available,https://twitter.com/chancetherapper/status/466066021292335104 https://twitter.com/chancetherapper/status/466058438959964160?s=46&t=Pn1X1S8XFrEMq_-xgJS7mQ
Acid Rap 2,"Goofy Ass
(prod. The Social Experiment)","OG Filename: 1 GOOFYASS ROUGH
Throwaway likely from early Acid Rap 2 sessions, due to it being encoded with iTunes 11.1.3. Contains what seems to be production from The Social Experiment. Leaked in the 62 gigabyte mass leak.",,,"Jul 4, 2024",OG File,CD Quality,https://pillows.su/f/c6709b4af18aaa63ed752287550e8e4e
Acid Rap 2,Hiatus Broadcast,"Previewed on 5/24/2015 by Chance on Twitter. Samples ""Fingerprints"" by Hiatus Kiyayote.",,,"May 24, 2015",Full,CD Quality,https://pillows.su/f/c3868275d4194c159ed27f445d800ceb
Acid Rap 2,"Just Watch
(feat. ???)
(The Way)","OG Filename: just watch idea JL ruff1 no comp
Acid Rap 2 era track leaked in the 62 gigabyte mass leak. Contains pitched down Chance vocals and an unknown female vocalist. Chance's verse was later reused for his feature on ""The Way"" by Kehlani.",,,"Jul 4, 2024",OG File,High Quality,https://pillows.su/f/ea595487278c7dfe2b5aa01ae6b19496
Acid Rap 2,"The Bitches Like You [V1-V3]
(Friendship Heights)","According to the filename for The Bitches Like U, there are at least 3 earlier versions.",,,,Confirmed,Not Available,
Acid Rap 2,"The Bitches Like You [V4]
(prod. A-Trak, Raak & DJ Omega)
(Friendship Heights)","OG Filename: the bitches like U JL Chance vrs4
Solo version of ""Friendship Heights"" likely created Acid Rap 2 sessions. Later released by Wale, however this version is solo Chance. At least the fourth version of the track according to the filename. Leaked in the 62 gigabyte mass leak.",,,"Jul 4, 2024",OG File,CD Quality,https://pillows.su/f/fc260c2ca051646c4314c630c9345a03
Acid Rap 2,"Slow Joint Freestyle
(with Jeremih)","OG Filename: slow joint freestuyle tk 1 jl 3-23
Freestyle with Jeremih likely made during sessions for Acid Rap 2. Leaked in the 62 gigabyte mass leak.",,"Mar 23, 2016","Jul 4, 2024",OG File,CD Quality,https://pillows.su/f/0abb27339b0d4751b4c57fe1bcea03e9
Acid Rap 2,"Wanna Be Cool [V1]
(feat. Jeremih) (prod. The Social Experiment)","OG Filename: wannabcool_RSopenverses_ruffmix01
Early demo of ""Wanna Be Cool"", which would later release on Surf. Contains open verses. Likely from Acid Rap 2 sessions, due to being encoded with iTunes 11.1.4. Seemingly the first mix of the song. and lacks the Big Sean and KYLE features.",,,"Jul 4, 2024",OG File,High Quality,Link Needed
Acid Rap 2,"⭐️ We Ain't Kids
(with Jeremih)","OG Filename: we aint kids idea Charemih JL  12-7
Song with vocals from Jeremih and heavy autotune. Possibly intended for a colaborative project between the two judging by the filename.",,"Dec 7, 2014","Jul 4, 2024",OG File,High Quality,https://pillows.su/f/483ee7358586aef54c7149d2e59974f7
Acid Rap 2,⭐️ Wedding Song Jam,"OG Filename: Wedding Song Jam 03.04.14
5 minute long freestyle. Leaked in full on August 18th 2022.",,"Mar 4, 2014","Aug 18, 2022",OG File,CD Quality,https://pillows.su/f/ebdebee22c6249848d976ab6796e37f9
Acid Rap 2,"Childish Gambino - The Worst Guys
(feat. Chance the Rapper)
(I. The Worst Guys)","Chance's verse on ""Thotty"" was originally meant to be his 2nd verse on ""The Worst Guys"". The song was performed with the Thotty verse live at Governer's Ball on 6/7/2014. This is argued by some to have been a live exclusive version instead, as Thotty was previewed first in March with this verse, while The Worst Guys was performed in June. This was likely just Chance testing out which song it would fit on most, before he decided on it.",,,,Partial,Recording,https://youtu.be/w0yORg9B5pI?si=kOlrvwWGrFQRO-_l https://youtu.be/H6egsH5y-XM?si=i8mKdVx3c__RhOWC
Acid Rap 2,"🏆 Flying Lotus - Ready err Not
(feat. Chance the Rapper) (prod. Flying Lotus)",Early version of the released Flying Lotus song with vocals from Chance. Was played by him during a show at St. Jerome's Laneway Festival 1/31/2015. Later played again at Koninkliijk Circus Brussel 4/26/2015.,,,"Jan 31, 2015",Snippet,Recording,"https://pillows.su/f/4f7bdf2b0eed3c07cc8806d293b492ef
https://pillows.su/f/9c30dee64652ea1b712955bf202ec5a6"
Acid Rap 2,"Kanye West - Enya [V1]
(feat. Theophilus London) (prod. Charlie Heat & Theophilus London)
(Waves)","Charlie Heat has stated that the first version of ""Waves"" was worked on alongside ""All Day"". Recorded during Mexico sessions for Yeezus 2 and features a Theophilus London hook. His hook melody was kept for later solo Kanye versions and Chris Brown's hook on the final song. His vocal stem can be seen in Hudson Mohawke's breakdown of ""Waves"". Was thought to be produced by Lil Uzi Vert's producer Maaly Raw but was later said to be Charlie Heat.",,,,Confirmed,Not Available,https://www.youtube.com/watch?v=87-IoWfbB2A&start=1218
Acid Rap 2,"Kanye West - Enya [V2]
(feat. Theophilus London)
(Waves)","Version of ""Enya"" with Theophilus London stitched onto the Post Malone reference. Has an open verse.",,,,Full,High Quality,https://pillows.su/f/986f71a780f0194cd05325ac0a2fd5a4
Acid Rap 2,"Kanye West - Enya [V3]
(feat. Post Malone & Theophilus London)
(Waves)","OG Filename: KW - Enya Ref (8.16.15)
Post Malone ""Enya"" freestyle, recorded during sessions with Kanye in August 2015. Features Theophilus London and has Kanye vocals at the start. Post Malone does some of the lines that Ye would later use on the song, and a mix of new finished vocals and mumble. Potentially intended to be cut-down into a verse the way his ""Fade"" freestyle was. Samples ""Return To Innocence"" by Enigma. Snippet leaked on August 15th, 2020 and a VC recorded snippet was leaked on November 6th, 2023. Leaked on December 6th, 2023.",,,,Full,High Quality,https://pillows.su/f/780a6c1a385e2654d7be3b959f562664
Acid Rap 2,"Kanye West - Nina Chop [V1]
(prod. Charlie Heat)
(Famous)","OG Filename: KW - Nina Chop Ref (1.7.14)
Initial ""Nina Chop"" freestyle.",,"Jan 7, 2014",,Rumored,Not Available,N/A
Acid Rap 2,"Kanye West - Nina Chop [V2]
(feat. Young Thug) (prod. Charlie Heat)
(Famous)","Initial verion of ""Nina Chop"" with Young Thug, likely from January.",,,,Rumored,Not Available,N/A
Acid Rap 2,"Kanye West - Nina Chop [V3]
(prod. Hudson Mohawke)
(Famous)","OG Filename: NINA CHOP HM RUFF 80 BPM
Version produced by Hudson Mohawke. Made sometime in April 2014. Snippet leaked 5/13/24. Full song later leaked by scronch_ on 5/17/24.",3:42,,"May 17, 2024",Beat Only,CD Quality,https://pillows.su/f/a2f1a63201bf4ca5573d642fa8ad1d8b
Acid Rap 2,"Kanye West - Nina Chop [V4]
(feat. Young Thug) (prod. Charlie Heat & Havoc)
(Famous)","Made in late 2014/early 2015. Likely one of the two Kanye and Young Thug songs GOODMUSICINSIDER noted. The first reference to the track was in February 2015, where Kanye said it would likely end up on Rihanna's ANTI album.",3:55,,"Feb 16, 2016",Full,CD Quality,https://pillows.su/f/fb83e2aaf17130a29f70b20503985614
Acid Rap 2,"Rihanna - Nina Chop [V5]
(feat. Kanye West & Young Thug) (prod. Charlie Heat)
(Famous)","In an interview with the Breakfast Club, Kanye stated that he was going to send a song that he and Thug were working on to Rihanna for ANTI. The exact details of this version are unknown but realistically it's just the 2014 ""Nina Chop"" demo but with Rihanna's hook vocals.",,,,Confirmed,Not Available,https://www.youtube.com/watch?v=ixLOt-MeDyU
Acid Rap 2,"Kanye West - Nina Chop [V6]
(feat. Rihanna) (prod. Charlie Heat)
(Famous)","Version mentioned by Charlie Heat that was made in the Paris session in February, made the day before Kanye performed at the Louvre. Likely has the same vocals as the later Darren King version, but without the added production. Would have Rihanna's hook as well as the near finished Kanye vocals that still have partial mumble in them, that would get a third, final take near Pablo's release, very similar to ""Highlights""' progression.",,,,Confirmed,Not Available,
Acid Rap 2,"Kanye West - Nina Chop [V7]
(feat. Rihanna & Swizz Beatz) (prod. DJDS)
(Famous)","OG Filename: ninachop
A more finished demo of ""Nina Chop"", recorded either in late 2015 or early 2016. Has a different Kanye vocal take with a ""small mumble part"" and ""some other various diff parts such as extra samples"". Snippet first posted on January 19th, 2022. Leaked on September 19th, 2023. Song ends at 3:02 with silence ending at 3:21.",,,,OG File,CD Quality,https://pillows.su/f/704a5a1496f3721b5b5d8d7e59ed2f85
Acid Rap 2,"Kanye West - Nina Chop [V8]
(ref. Consequence) (feat. Rihanna & Swizz Beatz) (prod. DJDS)
(Famous)","Consequence ""Nina Chop"" reference track. Was thought to be a remix, but has lyrics clearly from Kanye's perspective. Has a slightly different instrumental. Previewed on Instagram Live by Consequence.",,,,Partial,Recording,https://pillows.su/f/8d40b7600029e03905b74c45306a29fc
"1 OG File(s)
1 Full
0 Tagged
0 Partial
0 Snippet(s)
0 Unavailable",GOTENKS [V1],,,,,,,
GOTENKS [V1],"⭐️ Throne
(New Throne)","Previewed by Chance on IG Live on April 16th 2020. Leaked sometime after in full. Was dubbed ""New Throne"" by fans. Likely is simply called ""Throne"" as ""Beak"" was the name of the leaker.",,,,Full,CD Quality,https://pillows.su/f/663077cbd8784510be4b9b9f1f13dbc0
GOTENKS [V1],"⭐️ Be Safe
(feat. KAMI)","OG Filename: BeSafe_GJ_051018
Throwaway from GOTENKS sessions.",,"May 10, 2018",,OG File,CD Quality,https://pillows.su/f/1afa5b997e54b70b7d2c923362c3027c
"2 OG File(s)
0 Full
0 Tagged
1 Partial
0 Snippet(s)
8 Unavailable",A Cole Chance,,,,,,,
A Cole Chance,Bounce The Ball [V1],The filename on the listing below may imply an earlier version exists.,,2014,,Rumored,Not Available,N/A
A Cole Chance,Bounce The Ball [V2],"OG Filename: Bounce The Ball 2
Track 6 on a tracklist posted by J. Cole. No other information is known.",,2014,,Confirmed,Not Available,https://hiphopdx.com/news/id.31561/title.j-cole-working-on-truly-yours-4-revenge-of-the-dreams
A Cole Chance,"Incredible [V1]
(Thotty)","OG Filename: Incredible Draft Chance
Original version of ""Incredible"". Is 2 seconds shorter and has open for Cole. OG file leaked randomly.",3:09,2014,,OG File,CD Quality,Link Needed
A Cole Chance,"Incredible [V2]
(Thotty)","OG Filename: Incredible Cole Verse 120
Version with a slightly different arrangment on Cole's vocals, along with having no vocal doubles on the bridge. Accapella to Cole's part uploaded to OnlyFiles 7/10/2023.",,2014,"Jul 10, 2023",Partial,CD Quality,https://pillows.su/f/341899d027564b8b8f5d83e2b04f330f
A Cole Chance,"⭐ Incredible [V3]
(Thotty)","OG Filename: Incredible Draft 03.04.14
Track 3 on a tracklist posted by J. Cole. Was first previewed on the Toca Tuesday Radio Show in March 2014 and was later performed at the Spark In The Park concert. Leaked In full on August 21st, 2022 after a $500 Groupbuy. Chance's verse was originally meant for his feature on ""The Worst Guys"" by Childish Gambino. OG file leaked randomly and is the exact same file as the one featured on the J. Cole 11.27.14 tracklist album copy.",3:07,"Mar 4, 2014",,OG File,CD Quality,https://pillows.su/f/3f3fe1e1274acba3ff9cd8e0fbd17b85
A Cole Chance,"Miles [V1]
(feat. Bone Thugs-N-Harmony) (prod. Dahi)
(Get High)",The filename on the listing below may imply an earlier version exists.,,2014,,Rumored,Not Available,N/A
A Cole Chance,"🏆 Miles [V2]
(feat. Bone Thugs-N-Harmony) (prod. Dahi)
(Get High)","OG Filename: Miles2
Track 5 on a tracklist posted by J. Cole. Likely the track of the same bame released on the 10th Anniversary edition of J. Cole's ""2014 Forest Hills Drive"" album. Possibly solo Cole as release doesn't feature a Chance verse, though he may have just been taken off due to their ongoing beef, or due to the length of the song without Chance already being ~6 minutes. Unknown if this version features Bone Thugs-N-Harmony.",~7:00,2014,,Confirmed,Not Available,https://hiphopdx.com/news/id.31561/title.j-cole-working-on-truly-yours-4-revenge-of-the-dreams
A Cole Chance,Shine,"OG Filename: Shine
Track 2 on a tracklist posted by J. Cole. No other information is known.",,2014,,Confirmed,Not Available,https://hiphopdx.com/news/id.31561/title.j-cole-working-on-truly-yours-4-revenge-of-the-dreams
A Cole Chance,Smoke Filled Room,"OG Filename: Smoke FIlled Room...
Track 4 on a tracklist posted by J. Cole. No other information is known.",,2014,,Confirmed,Not Available,https://hiphopdx.com/news/id.31561/title.j-cole-working-on-truly-yours-4-revenge-of-the-dreams
A Cole Chance,Still Won't,"OG Filename: Still won't
Track 7 on a tracklist posted by J. Cole. No other information is known.",,2014,,Confirmed,Not Available,https://hiphopdx.com/news/id.31561/title.j-cole-working-on-truly-yours-4-revenge-of-the-dreams
A Cole Chance,"🏆 Tell Me
(feat. Noname) (prod. The Social Experiment)
(Warm Enough, Tell Me Truth)","OG Filename: Tell Me_TruthSto...
Track 6 on a tracklist posted by J. Cole. Heavily speculated to be an early version of Warm Enough off of Surf, as the phrase is repeated all throughout the track, it features J. Cole, and is from around the same time period. It's possible that this version doesn't contain Noname's verse and only her hook, as the phrase ""tell me"" is absent from it.",,2014,,Confirmed,Not Available,https://hiphopdx.com/news/id.31561/title.j-cole-working-on-truly-yours-4-revenge-of-the-dreams
"11 OG File(s)
1 Full
0 Tagged
0 Partial
0 Snippet(s)
5 Unavailable",Surf,,,,,,,
Surf,"Arthur [V1]
(prod. The Social Experiment)
(Wonderful Everyday: Arthur)","OG Filename: Arthur Chance vox OD 6-18 JL ruff
Demo of The Social Experiment's cover of the Arthur theme song. Leaked in the 62 gigabyte mass leak.",,"Jun 18, 2014","Jul 4, 2024",OG File,High Quality,Link Needed
Surf,"Get Better
(prod. The Social Experiment)
(No Better Blues)","OG Filename: get better ref1C JL no tape 10-15
OG file of the Soundcloud upload for ""No Better Blues"". Was titled ""Get Better"" right up until release.",,,"Jul 4, 2024",OG File,High Quality,https://pillows.su/f/3332a619fd5941ac9a8726cc851b57b4
Surf,"⭐️ How To Fly
(prod. The Social Experiment & Mitchell Owens)","OG Filename: How To Fly (Chance The Rapper) RUFF - arrangement
Song likely originating in either Surf or Acid Rap 2 sessions, due to it's sound and production. The metadata lists Mitchell Owens as the main artist of the track, however it is likely he just did production on it as he's produced for Chance before and has no vocals on the song. Encoded with Logic Pro 9.1.8. Leaked in the 62 gigabyte mass leak.",,,"Jul 4, 2024",OG File,High Quality,https://pillows.su/f/e5a608faf7d8e0c8fb9b17a5302ce0e2
Surf,"Rememory
(feat. Any Suleiman) (prod. The Social Experiment)","According to Any Suleiman in an interview, he ""found out Erykah Badu was on one of the songs [he] was on"" the day of release, implying the version he recorded on lacked her vocals.",,,,Confirmed,Not Available,https://youtu.be/gygOYv9YdeM?si=bp-9DrBNzYIIIm4k
Surf,"Slip Slide
(prod. The Social Experiment)","According to Chance in a 2015 interview, ""Slip Slide"" was one of the first songs made for the project. Didn't contain any Ludacris or Busta Ryhmes vocals at this point.",,,,Confirmed,Not Available,https://youtu.be/gygOYv9YdeM?si=bp-9DrBNzYIIIm4k
Surf,"Sunday Candy [V1]
(prod. The Social Experiment)","OG Filename: sunday candy SO Rough 11.18.14
Original version of the song. Leaked as a bonus for a groupbuy.",,"Nov 18, 2014",,OG File,CD Quality,https://pillows.su/f/a08b750890f30b3d9d82b1da56cf9fb0
Surf,"Sunday Candy [V2]
(prod. The Social Experiment)","OG Filename: sunday candy SO Bounce 11.18.14 End of Night
Original version of the song. Leaked as a bonus for a groupbuy.",,"Nov 18, 2014",,OG File,CD Quality,https://pillows.su/f/ea4bd5d4f32bcdb75fb233dec961ff01
Surf,"Sunday Candy [V3]
(prod. The Social Experiment)","OG Filename: Sunday Candy SO Bounce 11.18.14 End of Night_01
Original version of the song. Leaked as a bonus for a groupbuy.",,"Nov 18, 2014",,OG File,CD Quality,https://pillows.su/f/5bda69bb171e8666dbf735c4e362e0d2
Surf,"Sunday Candy [V4]
(prod. The Social Experiment)","OG Filename: Sunday Candy SO Bounce 11.20.14 Rev 3
Original version of the song. Leaked as a bonus for a groupbuy.",,"Nov 20, 2014",,OG File,CD Quality,https://pillows.su/f/dfab1ec55783d37f83a751851d6db5c6
Surf,"Sunday Candy [V5]
(prod. The Social Experiment)","OG Filename: Sunday Candy SO Bounce 11.21.14
Original version of the song. Leaked as a bonus for a groupbuy.",,"Nov 21, 2014",,OG File,CD Quality,https://pillows.su/f/86cf98ff05c6711dbe5f6bb90c66de83
Surf,"⭐️ Wanna Be Cool [V2]
(feat. Jeremih) (prod. The Social Experiment)","OG Filename: wanna b cool jl 1-20 vrs example no bg
Later version of ""Wanna Be Cool"", which would later release on Surf. and lacks the Big Sean and KYLE features and instead has 2 unused Chance verses. Lacks the background vocals from release. Leaked in the 62 gigabyte mass leak.",,"Jan 20, 2015","Jul 4, 2024",OG File,High Quality,https://pillows.su/f/260c570b56a764484e346804a45f7910
Surf,Windows [V1],"OG Filename: Windows tracking ruff jl 10-24
Demo of the Surf track, not to be confused with track off 10 Day. Leaked in the 62 gigabyte mass leak.",,,"Jul 4, 2024",OG File,CD Quality,https://pillows.su/f/5ece1cd44a2babc824f498cc036a8aa3
Surf,Windows [V2],"OG Filename: windows perc conga JL trakin ruff 11-2 1
Contains a updated instrumental with drums and additional vocals. Leaked in the 62 gigabyte mass leak.",,,"Jul 4, 2024",OG File,CD Quality,https://pillows.su/f/d83bec03a4f6b7806741eccae4bd5e3e
Surf,🏆 ???,"On February 4, 2015, Chance tweeted that there was a song on Surf with the lyric, ""All the wallflowers gon' blossom"". When the album released however, this line was completely absent from any track on the project. Unknown where this lyric was supposed to be, however it's likely an entirely scrapped song rather than a cut verse.",,,,Confirmed,Not Available,https://twitter.com/chancetherapper/status/563074120943144960?s=46&t=Pn1X1S8XFrEMq_-xgJS7mQ
Surf,Unknown [J. Cole Collaborations],"According to Chance in an interview, J. Cole was there since ""the inception"" of Surf and he was there ""helping out"" in sessions. It's unknown exactly what he was doing exactly, but due to Chance's wording, it's possible he was recording reference tracks. It's likely that these sessions also crossed over with sessions for the ""A Cole Chance"" colaborative project.",,,,Confirmed,Not Available,https://youtu.be/gygOYv9YdeM?si=bp-9DrBNzYIIIm4k
Surf,Unknown [Kanye West Collaborations],"Chance revealed in 2016 that Kanye did narration for Surf, but they decided not to use it.",,,,Confirmed,Not Available,https://www.billboard.com/articles/columns/hip-hop/7534259/chance-the-rapper-Kanye-west-dark-unreleased-track
Surf,"✨ James Blake - Save Yourself First
(feat. Chance the Rapper) (prod. James Blake & The Social Experiment)
(Life Round Here (Remix))","Demo version of the ""Life Round Here"" Remix posted to Chance's Soundcloud on March 18th 2014. Possible that this wasn't a remix at the time.",,,"Mar 18, 2014",Full,High Quality,https://pillows.su/f/cba773b2a529eba8fe033a3db3dd1e2c
"27 OG File(s)
14 Full
0 Tagged
3 Partial
5 Snippet(s)
15 Unavailable",Coloring Book,,,,,,,
Coloring Book,ABC [V1],"Confirmed to exist by the filename below, contains a different vocal take.",,,,Confirmed,Not Available,
Coloring Book,✨ ABC [V2],"OG Filename: abc (112bpm) (take2)
Chance's own spin on the alphabet. One of the best songs ever made. Leaked in the 62 gigabyte mass leak.",,,"Jul 4, 2024",OG File,CD Quality,https://pillows.su/f/5945e9646212007dc68301bcbf521e6d
Coloring Book,"All Night
(feat. Knox Fortune)","OG Filename: 10 All Night (feat. Knox Fortune)
Unmixed and unmastered version found on the May 2016 copy.",,,,OG File,CD Quality,https://pillows.su/f/ae856fea411666d7f84175e3b84855b1
Coloring Book,"All We Got [V1]
(prod. The Social Experiment)",Version without added Ye production. Confirmed to exist by Chance in the Zane Lowe Beats 1 interview. Likely contains an open verse for Ye.,,,,Confirmed,Not Available,
Coloring Book,"All We Got [V2]
(feat. Kanye West) (prod. Kanye West & The Social Experiment)","Kanye ""All We Got"" freestyle. Has no Chance vocals. Was played by Chance during a Zane Lowe Beats 1 interview.",,,,Partial,Recording,https://pillows.su/f/29e035774709d21caa5ec4187280f0aa
Coloring Book,"All We Got [V3]
(feat. Kanye West) (prod. Kanye West & The Social Experiment)","Similar to the previous version, but with additional production. Chance has very minor vocals at the start of the song, however the rest is open until Kanye's mumble freestyle.",,,,Full,CD Quality,https://pillows.su/f/506039f0dde0ff64cbc7214d82a1006c
Coloring Book,"All We Got [V4]
(feat. Kanye West) (prod. Kanye West & The Social Experiment)","OG Filename: 01 All We Got (feat. Kanye West & Chicago Children's Choir) & 59._All_We_Got_V2_Chance_The_Rapper_feat._Kanye_West
Original mix of Kanye's vocals and 0.13 seconds shorter than the official release. Originally leaked in May 2016 along with the whole mixtape, and rediscovered by u/ghost_bubbles in September 2020.",,,"May 13, 2016",OG File,CD Quality,https://pillows.su/f/ba0c76116bb3dc7a4b4b01b1feedfc82
Coloring Book,Ain't The 1 Here,"OG Filename: house idea aint the 1 here jl 7-14
Unfinished throwaway likely from Coloring Book sessions. Leaked in the 62 gigabyte mass leak.",,,"Jul 4, 2024",OG File,CD Quality,https://pillows.su/f/8224512d3f08b3956a18124b2093cc2d
Coloring Book,Angels [V1],"OG Filename: Angels jl ruff 2A 8-4
Previewed by Chance on Snapchat in 2015. Seems to feature a slightly different beat. Leaked in the 62 gigabyte mass leak.",,,"Jul 4, 2024",OG File,CD Quality,https://pillows.su/f/ce278bec6effd31f7f2278b73868d3da
Coloring Book,"Angels [V2]
(feat. Saba) (prod. The Social Experiment & Lido)","OG Filename: 08 Angels (feat. Saba)
Unmixed and unmastered version found on the May 2016 copy.",,,,OG File,CD Quality,https://pillows.su/f/ff1a9c846fdcac65a44bc9b0edbaf10b
Coloring Book,"Blessings [V1]
(feat. Jamalia Woods) (prod. The Social Experiment)","OG Filename: blessings1_LA bounce
Demo of Blessings off of Coloring Book. Leaked in the 62 gigabyte mega leak.",,,"Jul 4, 2024",Full,CD Quality,https://pillows.su/f/ef18fb32cafd3d34ec501c1a20757123
Coloring Book,"Blessings [V2]
(feat. Jamalia Woods) (prod. The Social Experiment)","OG Filename: 05 Blessings
Unmixed and unmastered version found on the May 2016 copy.",,,,OG File,CD Quality,https://pillows.su/f/076a0ad96d089e1c6470fd43ecfd9d65
Coloring Book,"Blessings
(feat. Ty Dolla $ign, BJ The Chicago Kid, Anderson .Paak, Raury, Nico Segal & Lolah Brown)
(Blessings (Reprise))","OG Filename: 14 Blessings
Unmixed and unmastered version found on the May 2016 copy.",,,,OG File,CD Quality,https://pillows.su/f/c684ae7002a4e91a65f51357cdd2a6d0
Coloring Book,"⭐️ Bombs Away
(feat. Jeremih & Big Sean)",Snippet was first leaked by Music Mafia. Song was later leaked by @Fortify on April 7th 2020.,,,"Apr 7, 2020",Full,CD Quality,https://pillows.su/f/cff685dc0c114ca5ba6502804f179eed
Coloring Book,"D.R.A.M. Sings Special
(feat. DRAM) (prod. The Social Experiment & Jordan Ware)","OG Filename: 04 D.R.A.M. Sings Special
Unmixed and unmastered version found on the May 2016 copy.",,,,OG File,CD Quality,https://pillows.su/f/ca79381ce1a94d1a7175b255de0f174b
Coloring Book,"Drown [V1]
(Finish Line / Drown)","OG Filename: _drown drmz trpt tracking ruff JL 11-2
Very unfinished version of Drown with opens. Leaked in the 62 gigabyte mass leak.",,"Nov 2, 2015","Jul 4, 2024",OG File,High Quality,https://pillows.su/f/2e307733db74fddd919875f3e84fcc09
Coloring Book,"⭐️ End Of The Night
(prod. The Social Experiment)","OG Filename: sox_endofthenight_SLcomp_ruff01
Throwaway from Coloring Book sessions. Seemingly produced by The Social Experiment according to the filename. Metadata is tagged with the old Coloring Book cover, so it's likely it was cut late into the mixtape's development.",,,"Jul 4, 2024",OG File,Lossless,https://pillows.su/f/ceaec470ae997fb30fd593eec405bbb6
Coloring Book,Finish Line,"""Finish Line"" has been long speculated to have once been its own track, later being glued onto ""Drown"".",,,,Rumored,Not Available,N/A
Coloring Book,"Finish Line / Drown
(feat. T-Pain, Kirk Franklin, Eryn Allen Kane, & Noname) (prod. The Social Experiment)","OG Filename: 13 Finish Line Drown (feat. T-Pain, Kirk Franklin, Eryn Allen Kane & Noname)
Unmixed and unmastered version found on the May 2016 copy.",,,,OG File,CD Quality,https://pillows.su/f/59d6da38845c4b3294a354a6d5b90077
Coloring Book,"Grown Ass Kid [V1]
(feat. Mick Jenkins & Alex Wiley)",Unmixed and missing the Alex Wiley verse and Outro skit,,,,Full,CD Quality,https://pillows.su/f/ab901dfdd39c4104babf3e47f4e6c1de
Coloring Book,"⭐ Grown Ass Kid [V2]
(feat. Mick Jenkins, Alex Wiley & Ha Ha Davis)",Leaked a day before the release of Coloring Book. Wasn’t included on Coloring Book due to sample clearance issues. Was planned to be Track 11.,,,"May 12, 2016",Full,CD Quality,https://pillows.suf/fe643476e8854e1d857f6e8daef24705
Coloring Book,"How Great
(feat. Jay Electronica & My cousin Nicole) (prod. The Social Experiment)","OG Filename: 11 How Great (feat. Jay Electronica & My Cousin Nicole)
Unmixed and unmastered version found on the May 2016 copy.",,,,OG File,CD Quality,https://pillows.su/f/304bbebb3232d8e2b8e26246c6a0f8fb
Coloring Book,"🏆 Incredible [V4]
(feat. Offset & J. Cole)
(Thotty)","Version of ""Incredible"" featuring Offset, unknown if J. Cole has been taken off. Snippet leaked on leakth.is in 2018, but was lost for a while before resurfacing 6/2/2025. Was once owned by MusicMafia.",,,,Snippet,CD Quality,https://pillows.su/f/a95b59fb512b1c63153237b166c0b266
Coloring Book,"A$AP Ferg - Incredible [V5]
(feat. Chance the Rapper)
(Thotty)","According to Chance, the song was given to A$AP Ferg.",,,,Confirmed,Not Available,https://x.com/chancetherapper/status/1301188226523291652
Coloring Book,"I Was A Rock
(feat. Jamila Woods, Peter CottonTale & Teddy Jackson)","A song made in tribute to Muhammad Ali, perfomed at the ESPYs in 2016. Possible that a studio version exists.",,,,Full,Recording,https://pillows.su/f/86e062b1991b44f389dc7ba6b83e6268
Coloring Book,"Juke Jam [V1]
(feat. Towkio)",Original version without Justin Bieber and longer chorus. Leaked as a part of the 62 gigabyte mass leak.,,,"Jul 4, 2024",OG File,CD Quality,https://pillows.su/f/9f7bbff8735a4cfe760239bfa4a0d482
Coloring Book,"Juke Jam [V2]
(feat. Justin Bieber & Towkio) (prod. Peter CottonTale & Rascal)","OG Filename: 09 Juke Jam (feat. Justin Bieber & Towkio)
Unmixed and unmastered version found on the May 2016 copy.",,,,OG File,CD Quality,https://pillows.su/f/9442a5b2e1e675aa87898daa87e664a7
Coloring Book,"🗑️ Make Me Rich
(feat. Jeremih, ??? & ???)","OG Filename: make me rich (ruff)
Throwaway from Coloring Book sessions. Contains a beat consisting of only an 808 and a snare sample. Features vocals from Jeremih and 2 unknown female vocalists. Leaked in the 62 gigabyte mass leak. True masterpiece of a song.",,,"Jul 4, 2024",OG File,CD Quality,https://pillows.su/f/03efc82a47677fee5e0f0a1f4862412b
Coloring Book,"Mixtape
(feat. Young Thug & Lil Yachty) (prod. CBMIX & Stix)","OG Filename: 07 Mixtape (feat. Young Thug & Lil' Yachty)
Unmixed and unmastered version found on the May 2016 copy.",,,,OG File,CD Quality,https://pillows.su/f/aa3d345fa84c4ee69eb9233e6cbcad9d
Coloring Book,"No Problem WIth Me [V1]
(prod. Brasstracks)
(No Problem)","OG Filename: No Problem With Me 01.20.16
Seemingly solo version of No Problem. Contains mumble. Snippet leaked on August 18th, 2022, with the full thing leaking in the 62 gigabyte mega leak.",,"Jan 20, 2016","Jul 4, 2024",OG File,CD Quality,https://pillows.su/f/29be22ba6d4d6cf16d75bb74e6375e3c
Coloring Book,"No Problem [V2]
(feat. Lil Wayne, 2 Chainz & Ha Ha Davis) (prod. Brasstracks)
(No Problem WIth Me)","OG Filename: 02 No Problem (feat. Lil' Wayne & 2 Chainz)
Unmixed and unmastered version found on the May 2016 copy.",,,,OG File,CD Quality,https://pillows.su/f/ffd31b546050e4933d0e916aac32e7a7
Coloring Book,"Same Drugs [V1]
(feat. Regina Spektor) (prod. The Social Experiment)","Chance admitted that Regina Spektor was originally on ""Same Drugs"" and says that he regrets taking her off the mixtape.",,,,Confirmed,Not Available,
Coloring Book,"Same Drugs [V2]
(feat. Eryn Allen Kane) (prod. The Social Experiment & Lido)","OG Filename: 06 Same Drugs
Unmixed and unmastered version found on the May 2016 copy.",,,,OG File,CD Quality,https://pillows.su/f/6b1284c54e653d671b7a83c40906a1d4
Coloring Book,"Summer Friends
(feat. Jeremih & Francis and The Lights) (prod. Francis and The Lights)","OG Filename: 03 Summer Friends (feat. Jeremih & Francis & The Lights)
Unmixed and unmastered version found on the May 2016 copy.",,,,OG File,CD Quality,https://pillows.su/f/0bbe6c6f6faa125237c5db4e03119449
Coloring Book,"They Say
(feat. KAYTRANDA)","Performed in 2015. Was supposed to be on Coloring Book, but was left off due to it being unfinished. Was later released by KAYTRANDA on Beats1 Radio in 2017.",,,,Full,CD Quality,https://pillows.su/f/b581d4e3853c46fd995b02bb510873e9
Coloring Book,"Waves / Father Stretch My Hands Pt. 1
(feat. Kanye West & Kid Cudi)","A tour mix Chance performed a couple of times, which includes ""Father Stretch My Hands"" in the outro. Not the same as the version Chance played for Zane Lowe. Snippet leaked June 19, 2022. Untagged snippet leaked January 11, 2026. Full song leaked 3 days later after a successful cravebuy.",,,"Jan 14, 2026",Full,CD Quality,https://pillows.su/f/1fa8ea15092b29369f3653ced1090749
Coloring Book,"We Deserve [V1]
(Smoke Break)","As shown by the filename below, ""We Deserve"" was very likely played to Ye when it was a Chance song, aquired by him, and then given back.",,,,Confirmed,Not Available,
Coloring Book,"Kanye West - We Deserve [V2]
(feat. Chance the Rapper) (prod. DJDS)
(Smoke Break)","OG Filename: we deserve djds 2.8.16 to play kanye
""Smoke Break"", later released on Chance the Rapper's Coloring Book mixtape, was originally meant for The Life Of Pablo. Features alternate production.",,,,OG File,CD Quality,https://pillows.su/f/2acdc79948ae3259d79329e3b68d4d05
Coloring Book,"Smoke Break [V3]
(feat. Future) (prod. Garren Sean)
(We Deserve)","OG Filename: 12 Smoke Break (feat. Future)
Unmixed and unmastered version found on the May 2016 copy.",,,,OG File,CD Quality,https://pillows.su/f/2e1bc819d5d44e099d19d30ec31c6b66
Coloring Book,What's Good,"Freestyle that surfaced in 2016, but was most likely recorded in 2015. Currently lost.",,,,Full,Not Available,N/A
Coloring Book,"🏆 ???
(American Flag Backpack)","Snippet shared by Chance on his Snapchat, along with ""Be Okay"". Often referred to as ""American Flag Backpack"" by fans due to the backpack in the snippet's video, however its real name is unknown. Quite likely that this track was planned for release, considering all Youtube uploads of the snippet were being copyright struck. The Snapchat snippet is known to be owned by former members of the community, such as DanFifa, however it has yet to resurface.",,,,Snippet,Not Available,Link Needed
Coloring Book,"🏆 ???
(feat. Kanye West & Francis and The Lights)","Mentioned in a Billboard article that Kanye had a collab with Chance and Francis. Described as being ""very bare roots with bass and very dark."" Was speculated to be a later version of ""Southside Serenade"", however this is likely not the case as it was mentioned to be a Coloring Book track.",,,,Confirmed,Not Available,https://www.billboard.com/articles/columns/hip-hop/7534259/chance-the-rapper-Kanye-west-dark-unreleased-track
Coloring Book,Unknown [André 3000 Collaboration],"Collaboration that was said to exist in a GQ article. They later edited it, stating that they couldn't confirm whether this was the case or not, so it's unknown in the end if this was true.",,,,Conflicting Sources,Not Available,https://www.gq.com/entertainment/music/201502/chance-the-rapper?mbid=social_twitter
Coloring Book,Unknown [Frank Ocean Collaboration],"Collaboration that was said to exist in a GQ article. They later edited it, stating that they couldn't confirm whether this was the case or not, so it's unknown in the end if this was true.",,,,Conflicting Sources,Not Available,https://www.gq.com/entertainment/music/201502/chance-the-rapper?mbid=social_twitter
Coloring Book,Unknown [J. Cole Collaboration],"Collaboration that was said to exist in a GQ article. They later edited it, stating that they couldn't confirm whether this was the case or not, so it's unknown in the end if this was true. It's likely these songs were brought over from their scrapped colaborative project.",,,,Conflicting Sources,Not Available,https://www.gq.com/entertainment/music/201502/chance-the-rapper?mbid=social_twitter
Coloring Book,"⭐ Big Sean - Living Single
(feat. Chance the Rapper, Smino & Jeremih)","Track planned to be on Big Sean's I Decided Album, but was left off due to it leaking in July 2016. Features Smino.",,,,Full,CD Quality,Link Needed
Coloring Book,"J. Cole - Miles [V3]
(feat. Bone Thugs-N-Harmony) (prod. Dahi)
(Get High)","Version of ""Miles"" seen as track 17 on a covered tracklist for J. Cole's album 2014 Forest Hills Drive.",,,,Confirmed,Not Available,https://imgur.com/a/9PBzqxl
Coloring Book,"Kanye West - Enya [V4]
(Waves)","OG Filename: KW- Enya (11.30.15)
Version with Kanye on the hook, mumble lyrics, an open outro, and a slightly different instrumental compared to the Post Malone reference. Leaked October 3rd, 2022.",,,,Full,CD Quality,https://pillows.su/f/b38607b9109f8d4e5056e1fbfc029399
Coloring Book,"Kanye West - Waves [V5]
(feat. Chris Brown)
(Enya)","Version said to exist by Kid Cudi. He said that ""Chris Brown was already on it...but there were all these ad-libs around it. So I cleared out all the extra so we could just hear him. That's ultimately what you hear now. We all bounced ideas around and came up with this minimal version.""",,,,Confirmed,Not Available,https://www.billboard.com/music/features/kid-cudi-reveals-struggle-with-drugs-and-depression-working-with-kanye-west-new-music-7341594/
Coloring Book,"Kanye West - Waves [V6]
(feat. Chris Brown, Kid Cudi)
(Enya)","Said to exist by Kid Cudi. ""The first song Kanye sent me is ""Waves."" Once we got [V5], I hummed on it a little"".",,,,Confirmed,Not Available,https://www.billboard.com/music/features/kid-cudi-reveals-struggle-with-drugs-and-depression-working-with-kanye-west-new-music-7341594/
Coloring Book,"Kanye West - Waves [V7]
(feat. Chris Brown) (prod. Hudson Mohawke)
(Enya)","Version that includes part of the ""Return To Innocence"" sample, as well as the redone production by Hudson Mohawke. Still contains a mumble second Kanye verse. Cuts off abruptly, may be a bounce issue. Even though the song cuts before Cudi's vocals would appear in the song, this version seems to be from after he was added to the song.",,,,Full,CD Quality,https://pillows.su/f/3885c2dadaf76308c8beefc7bc2b77d6
Coloring Book,"🏆 Kanye West - Waves [V8]
(ref. Chance the Rapper) (feat. Kid Cudi) (prod. Hudson Mohawke)
(Enya)","Chance the Rapper ""Waves"" reference track. Has a choir driven beat, and in the second half has a beat resembling ""Enya."" This version was also performed by Chance live at several shows. Played by Chance alongside his ""Famous"" reference on a Zane Lowe interview. Possibly owned by Spirdark.",,,,Partial,Recording,https://pillows.su/f/49876cce5a92f41037febf5d3c67ca14
Coloring Book,"Kanye West - Waves [V9]
(feat. Chris Brown & Kid Cudi) (prod. Hudson Mohawke, MIKE DEAN & Metro Boomin)
(Enya)","OG Filename: WAVES MIKE ADD KEYS 
Version with an alternate synth-based beat. Kanye's second verse has been re-recorded, placing this version after the Chance the Rapper reference track. Only includes Metro Boomin's drums. Leaked in 2019",,,,OG File,CD Quality,https://pillows.su/f/f0cc23e0962430abd6ef1d7dfae665ae
Coloring Book,"🏆 Kanye West - Nina Chop [V9]
(ref. Chance the Rapper) (feat. Rihanna & Swizz Beatz) (prod. Nate Fox)
(Famous)","Chance the Rapper ""Famous"" reference track. Has a completely different instrumental. Played by Chance, alongside his ""Waves"" reference, on a Zane Lowe Beats 1 interview. Single session file leaked 9/5/24 and partial sessions were put up as a groupbuy option, but were rejected due to only being partial.",,,,Snippet,CD Quality,"https://pillows.su/f/9a0fed3597633a7088a1771518d423a1 
https://pillows.su/f/0eb25f20682d5eace57b75320e666760"
Coloring Book,"Kanye West - Nina Chop [V10]
(feat. Rihanna & Swizz Beatz)
(Famous)","Mumble demo of ""Famous"". Has a differently structured Rihanna hook and some possible minor mixing differences on the instrumental. Played by Consequence on Instagram Live in November 2020.",,,,Partial,Recording,https://pillows.su/f/aaff5cde616979cbefdb8d45bda4303d
Coloring Book,"Kanye West - Nina Chop [V11]
(feat. Rihanna & Swizz Beatz)
(Famous)","Version of ""Famous"" with a shortened Rihanna hook. Similar to the released version.",,,,Snippet,Recording,https://pillows.su/f/70cd5ca16df4e12e6feb4979e40e0298
Coloring Book,"Kanye West - Ultralight Beams [V1]
(feat. Chance the Rapper) (prod. DJDS & MIKE DEAN)
(Ultra Light Beam, Ultra Light Beams)","OG Filename: Kanye - ultralightbeams - Night 1 Demo
Early demo of ""Ultralight Beam"" recorded in early 2016. Has different production, Chance parts and a completely different Kanye verse. Is most likely the last song recorded during SWISH-era, and was meant to be a GOOD Fridays release. Leaked in full on October 2nd, 2022.",,,,OG File,CD Quality,https://pillows.su/f/8fddc8fa4a51d3d6d83a309ef76f3c87
Coloring Book,"Kanye West - Ultralight Beam [V2]
(feat. Big Sean) (prod. DJDS & MIKE DEAN)
(Ultralight Beams, Ultra Light Beam, Ultra Light Beams)","Version of ""Ultralight Beam"" with Big Sean vocals. Was originally said to be a remix of the song, but due to the similarities to the previous versions, it is more than likely an OG version of the song. Likely recorded in the same session as ""Freestyle 4"". Was being sold by Spirdark at one point.",,,,Snippet,CD Quality,https://pillows.su/f/e9e93f909e379dca0c824d4bd7d647e0
Coloring Book,"Kanye West - Ultralight Beam [V3]
(feat. Chance the Rapper, Kirk Franklin, The-Dream, Kelly Price, Natalie Green & Samoria Green) (prod. Kanye West, Chance the Rapper, Swizz Beatz, MIKE DEAN, Plain Pat, Rick Rubin, DJDS & Noah Goldstein)
(Ultralight Beams, Ultra Light Beam, Ultra Light Beams)","OG Filename: KW - Ultralight Beam Ref (2.2.16)
Later version of ""Ultralight Beam"" with the release production, but additional Kanye vocals and an alternate Chance take. Was said by Alek at the time to have only one mumble line. Snippet leaked on February 3rd, 2023. Leaked on October 29th, 2023.",,,,OG File,CD Quality,https://pillows.su/f/610ce3a609ef85852cfca70c6f0d7a7d
Coloring Book,"Kanye West - Ultralight Beam [V4]
(feat. Chance the Rapper, Kirk Franklin, The-Dream, Kelly Price, Natalie Green & Samoria Green) (prod. Kanye West, Chance the Rapper, Swizz Beatz, MIKE DEAN, Plain Pat, Rick Rubin, DJDS & Noah Goldstein)
(Ultralight Beams, Ultra Light Beam, Ultra Light Beams)","OG Filename: KW - Ultralight Beam Ref (2.2.16)
Same as the previous version but without any Kanye vocals.",,"Feb 2, 2016",,OG File,CD Quality,https://pillows.su/f/692e6aad41a89e23b696c1b30c93bbf0
Coloring Book,"Kanye West - Ultralight Beam [V5]
(feat. Francis and the Lights)
(Ultralight Beams, Ultra Light Beam, Ultra Light Beams)","Version of ""Ultralight Beam"" featuring Francis and the Lights. Leaked May 19th, 2023.",,,,Full,Lossless,https://pillows.su/f/4be03b57231f2fd419ad37d505490bd8
Coloring Book,"Kanye West - Ultralight Beam [V6]
(feat. Justin Beiber)
(Ultralight Beams, Ultra Light Beam, Ultra Light Beams)","Fonzworth Bentley said Justin Bieber recorded for ""Ultralight Beam"". He said that ""Justin got on the mic and sang some a capella. It was free flow"".",,,,Confirmed,Not Available,https://www.thefader.com/2016/02/26/kanye-west-story-of-ultralight-beam-interview-fonzworth-bentley
Coloring Book,"Kanye West - Ultralight Beam [V7]
(feat. Poo Bear)
(Ultralight Beams, Ultra Light Beam, Ultra Light Beams)","Fonzworth Bentley said Poo Bear recorded for ""Ultralight Beam"".",,,,Confirmed,Not Available,https://www.thefader.com/2016/02/26/kanye-west-story-of-ultralight-beam-interview-fonzworth-bentley
Coloring Book,"✨ VIC MENSA - Taxi Cab
(feat. Chance the Rapper) (prod. Thelonious Martin)
(Taxi Cab Confession)","Snippet leaked by Alek on June 17th 2020. They later sold it to Maxy and Whisper, with it eventually leaking sometime in 2021. Beat is taken from Thelonious Martin's track ""Taxi Cab Confession"" off of the project ""Dusty Cartriages"" and samples the Super Mario Bros. 1-up sound effect.",,,,Full,CD Quality,Link Needed
"46 OG File(s)
22 Full
0 Tagged
5 Partial
4 Snippet(s)
6 Unavailable",Owbum,,,,,,,
Owbum,⭐ 444 Condo,"OG Filename: 444 condo 1E idea 4-25 jl
Unfinished mumble throwaway from Owbum sessions. Leaked in the 62 gigabyte mass leak.",1:53,"Apr 25, 2017","Jul 4, 2024",OG File,CD Quality,https://pillows.su/f/7a251dbcf59e9eb8984166dc5b40e4e9
Owbum,"All We Got Is Love [V1]
(We Got, We Love)","Song played during the same Good Ass Job recording session as ""In My Eyes"". Title confirmed by Chance in the session recordings leaked in the Dreezy Chakras zip. Said by him to be an ""old one"", the file played in the session appears to have a finished Chance verse that was recorded prior, with the rest presumably being open. Samples ""Supernatural"" by We Are King. File linked is from Ant Clemons' mic stem from the later session, this entry is for the open verse he is recording over. This open verse version is likely from when it was a solo Chance song.",,,"Jun 4, 2024",Full,Low Quality,https://pillows.su/f/d3b30aeba7ec0ebe6840b3c8c147d3d1
Owbum,Back Home,"Previewed by Chance on Instagram in 2020. Was thought to be from that time period, but was likely from 2018.",,,,Full,CD Quality,https://pillows.su/f/e8db31d0851e00376b1984c46d381011
Owbum,"Best Of
(feat. Joey Purp)","OG Filename: best of freestyles w JP jl ref1B 2-1
Throwaway freestyle between Chance and Joey Purp. Leaked in the 62 gigabyte mass leak.",,,"Jul 4, 2024",OG File,CD Quality,https://pillows.su/f/27e3266218b604179c4a8e357e943cae
Owbum,"Come Down
(feat. ???)","OG Filename: Come Down Idea
Leaked in the 62 gigabyte mass leak. Features an unknown female vocalist on background vocals.",,,"Jul 4, 2024",OG File,CD Quality,https://pillows.su/f/27e3266218b604179c4a8e357e943cae
Owbum,Commute,"OG Filename: Commute scratch idea
Unfinished open verse idea. Leaked in the 62 gigabyte mass leak.",,,"Jul 4, 2024",OG File,CD Quality,https://pillows.su/f/4819ebf0155d8212912530bdc79342c0
Owbum,"⭐ Chano [V1]
(feat. James Fauntleroy)
(Mr #1 Dubplate, Money And You)","Presumably earlier version of ""Chano"", as it's missing the intro sample. Leaked after a groupbuy in 2022.",,,,Full,CD Quality,https://pillows.su/f/c2a1e0b9b23f4bd2b6b7a28cfe959747
Owbum,"Chano [V2]
(feat. James Fauntleroy)
(Mr #1 Dubplate)","Was previewed in 2017 by Chance, samples ""Everything I Do"" by Soul For Real. Likely made sometime after the leaked version.",,,,Snippet,Recording,https://pillows.su/f/17b47b04fed2cca4aac135ba07203ee5
Owbum,Check Off A Check,"OG Filename: check off a check ref1A jl 9-20
Unfinished open verse that leaked in the 62 gigabyte mass leak",3:13,,"Jul 4, 2024",OG File,CD Quality,https://pillows.su/f/b712a9da9eb8f29cb8b13674bd87f9d3
Owbum,Cover,This throwaway song from the Owbum sessions leaked in the 62 gigabyte mass leak.,,,"Jul 4, 2024",OG File,CD Quality,https://pillows.su/f/b0a6e669e1ff711c0a37a36d3b2f5216
Owbum,⭐ Cuba,"OG Filename: Cuba_100718
Previewed by Chance on Instagram on April 22nd 2020. Was thought to be from that time period, but was likely from 2018. OG file leaked in the 62 gigabyte mass leak.",,"Oct 7, 2018","Jul 4, 2024",OG File,CD Quality,https://pillows.su/f/b0a6e669e1ff711c0a37a36d3b2f5216
Owbum,"⭐️ CWYN
(feat. Lil Wayne & Young Thug)","OG Filename: CWYN X THUG VERSE X CHANCE...
Previewed by Chance on Instagram on April 26th 2020 Was thought to be from that time period, but was likely from 2018. Has a slight cut at the end of the last hook, but it's unknown if there is more of the song afterwards.",,,"Apr 26, 2020",Partial,High Quality,https://pillows.su/f/3a983556614745fea7230f937344547e
Owbum,"✨ Friday
(feat. ???)","OG Filename: Friday pc 96
Partially finished track confirmed to originate in Owbum sessions. Features an upbeat instrumental and choir background vocals on the hook. Contains some mumble. Leaked in the 62 gigabyte mass leak.",,,"Jul 4, 2024",OG File,Lossless,https://pillows.su/f/4a028d4ee247cc11b436ae64624a66be
Owbum,Give You My All,"OG Filename: GiveYouMyAll_GJ_052218
Throwaway from Owbum sessions. Contains some mumble. Leaked in the 62 gigabyte mass leak",,"May 22, 2018","Jul 4, 2024",OG File,CD Quality,https://pillows.su/f/92f4522e0554e87a31bd9bd449fff3b1
Owbum,I Like,"OG Filename: I like 7-29 jl idea1A
Track from early Owbum sessions. Contains an open verse. Leaked in the 62 gigbyte mass leak.",,"Jul 29, 2017","Jul 4, 2024",OG File,CD Quality,https://pillows.su/f/f3a72166f9d0009b52f809fc1ad7fe89
Owbum,✨ Ice Water,"OG Filename: Ice Water Scratch Idea
Track likely from Owbum sessions due to it's sound. Contains a hook and open verses. Leaked in the 62 gigabyte mass leak.",,,"Jul 4, 2024",OG File,CD Quality,https://pillows.su/f/dc527641792a6d011c16f7f1f493aab0
Owbum,If You Forget,"Previewed by Chance on Instagram on April 24th 2020. Was thought to be from that time period, but was likely from 2018. Contains an open verse. Leaked in the 62 gigabyte mass leak.",,,"Jul 4, 2024",Full,CD Quality,https://pillows.su/f/f78535e26e68577ba0ba94efb507360a
Owbum,"J.J. What [V1]
(feat. Via Rosa & Sterling Hayes) (prod. Nico Segal, Ezra Potash, Adeev Potash, J. Kelr, Spanish Diego)
(Drowsiness)","OG Filename: JJ what 1A jl 10-3
Track originating in sessions for Owbum. Released as ""Drowsiness"" by Sterling Hayes, however this version lacks his verses, only containing his bridge and background vocals. Worked on during GAJ 18 sessions. Leaked in the 62 gigabyte mass leak.",4:24,"Oct 3, 2017","Jul 4, 2024",OG File,CD Quality,https://pillows.su/f/8ddff11a83a52b7d40ea547fcf581ab0
Owbum,"Just Watch
(feat. ???)","OG Filename: just watch idea JL ruff1 no comp
Song likely from either late 2017 or early 2018. Features an unknown female vocalist. Leaked in the 62 gigabyte mass leak.",,,"Jul 4, 2024",OG File,CD Quality,https://pillows.su/f/3b04197cbfdce65600bc2f997a1b75e0
Owbum,"Late Night 
(feat. Dally Auston)","OG Filename: Dally Austin Late Night C vrs cut shrt
Throwaway from Owbum sessions. Contains a verse from Dally Auston and Chance, after which is fully open. The filename misspells the feature's name. Leaked in the 62 gigbyte mass leak.",,,"Jul 4, 2024",OG File,CD Quality,https://pillows.su/f/a5d3c254443a317a8e12f690aafbc4d8
Owbum,"✨ Light It Up [V1]
(feat. Anderson .Paak & Free Nationals) (prod. Free Nationals)","Version of ""Light It Up"" with almost completely mumble vocals from Chance. Has some vocals from Anderson .Paak and the Free Nationals, being produced by them aswell. Samples ""Sweet Nothin's"" by Brenda Lee & ""Long Red - Live at Woodstock, Bethel, NY - August 1969"" by Mountain.",,,"Jul 28, 2020",Full,CD Quality,https://pillows.su/f/ca0a95b9c3fb475ab61564796a7c9eea
Owbum,"🏆 Light It Up [V2]
(feat. Anderson .Paak & Free Nationals) (prod. Free Nationals)","Seemingly finished version of ""Light It Up"" with rerecorded Chance vocals. Previewed in a video of a studio session between Anderson .Paak and Chance. The session is dated January 17, 2017 meaning that this track is actually Owbum-era.",,"Jan 17, 2017","Jan 17, 2017",Snippet,Recording,https://pillows.su/f/cd2917f1063127bdbdab4c0044cd7a82
Owbum,Mammy Says,"OG Filename: MAMMY SAYS CTR Verse
Throwaway from Owbum sessions. Has a long open with a Chance verse towards the end. Leaked in the 62 gigabyte mass leak.",,,"Jul 4, 2024",OG File,CD Quality,https://pillows.su/f/265b55d58a71458c34cab46fe3a5f946
Owbum,⭐ Me N' My,"OG Filename: Me n My 4A wC BLNK 3VRS JL9-7
This is a finished throwaway from Owbum sessions. Leaked in the 62 gigabyte mass leak.",,,"Jul 4, 2024",OG File,CD Quality,Link Needed
Owbum,Mr. Perfect [V1],"As shown by the filename, the beat for Mr. Perfect was reworked.",,,,Confirmed,Not Available,N/A
Owbum,🏆 Mr. Perfect [V2],"OG Filename: mrperfect_nf rework_02_73bpm
Previewed by Chance on Instagram on April 20th 2020. Was thought to be from that time period, but was likely from 2018. Only avaliable in partial, we are missing a minute of it.",,,"Apr 20, 2020",Partial,High Quality,https://pillows.su/f/eb37efd5f6499f358af39a4a799955ed
Owbum,Nobody Knows,"OG Filename: Nobody Knows jl 1A 10-12.mp3
From 2017. Includes 2 finished verses and an open verse. Leaked after a $200 GB on October 29th, 2022. OG file leaked in the 62 gigabyte mega leak.",,"Oct 12, 2017","Oct 29, 2022",OG File,CD Quality,https://pillows.su/f/acf839519291fa97976be664c3f47f6e
Owbum,No Days Off,"OG Filename: No days off 1A  jl 10-3
Throwaway from Owbum sessions. Leaked in the 62 gigabyte mass leak. Technically not an OG file as the metadata has been altered.",,"Oct 3, 2017","Jul 4, 2024",Full,CD Quality,Link Needed
Owbum,On My Shit,"OG Filename: On my shit melody ideas1Bztope jl 1-26
Track likely from Owbum sessions. Contains a small amount of mumble. Leaked in the 62 gigabyte mass leak",3:26,,"Jul 4, 2024",OG File,CD Quality,https://pillows.su/f/a5674a147f2c23bafaa66a7f8eec1c88
Owbum,"✨ Open Letter
(BreakItDown)","OG Filename: OpenLetter_WithSFX_GJ_52218
Solo Chance song that was concidered for the Good Ass Job joint project. Unknown if Kanye ever recorded for this. Leaked on July 4th, 2024 apart of a 62 gigabyte mass leak.",2:40,"May 22, 2018","Jul 4, 2024",OG File,High Quality,https://pillows.su/f/d61d4f7b9638fc92cf13e0d0130424f7
Owbum,"Pets [V1]
(feat. Daniel Ceaser)
(The Garden)","Jam session with Chance & Daniel freestyling over ""The Garden"" beat. Bounce date is September 7th, 2017.",24:52,"Sep 7, 2017","Nov 11, 2021",Full,High Quality,https://pillows.su/f/91a002a3b3ae8ace908d8c4e71285823
Owbum,"Die For [V2]
(feat. Daniel Caesar)
(The Garden, Pets)","Cutdown of the ""Pets"" jam session. Has extra Daniel Ceasar vocals throughout that aren't heard in the previous version. Leaked on December 9th, 2024.",6:18,"Sep 7, 2017","Dec 9, 2024",OG File,CD Quality,https://pillows.su/f/741826bad1d28171b2e0a2b8c24f33a1
Owbum,"Pets [V3]
(The Garden)","OG Filename: Jam sess idea1 PETS jl 9-5
Version of ""Garden"" with completely different Chance vocals. Was thought to be made during the Good Ass Job sessions with Kanye but it turned out it was made on the day of the full 24 minute jam session version with Daniel Caesar, also despite it saying ""9-5"" in the filename it could just be an error. Leaked on July 4th, 2024 apart of a 62 gigabyte mass leak.",6:58,"Sep 7, 2017","Jul 4, 2024",OG File,CD Quality,https://pillows.su/f/1b27c153e9524087669406c8c4e77a27
Owbum,"Pull Up
(Post Grammy Song)","OG Filename: Postgrammysong1B pullup idea jl2-22
Track very likely recorded shortly after Chance's 3 grammy award wins on Febuary 12th, 2017 due to the phrase ""post-grammy"" in the filename. Contains some mumble. Leaked on July 4th, 2024 apart of a 62 gigabyte mass leak.",3:54,"Feb 22, 2017","Jul 4, 2024",OG File,Lossless,https://pillows.su/f/2bcde946e8fd485736ba15318c2f2f79
Owbum,School For Lunch,"OG Filename: School for Lunch Scratch
Unfinished demo, likely from Owbum sessions. Contains an open verse. Leaked in the 62 gigabyte mass leak.",,,"Jul 4, 2024",OG File,CD Quality,https://pillows.su/f/2731db1cc335f5b798e59f258fdfdeb8
Owbum,"✨ Secrets
(feat. ???)","OG Filename: Secrets C vrs jl 1C 10-3
Throwaway initially thought to originate in sessions for The Big Day, however according to the metadata, it is from 2017.  Contains an unknown feature and some mumble. Leaked on July 20th, 2022 by Waterfalls after the (now defunct) Chancehub Discord server reached 100 members.",,"Oct 3, 2017","Jul 20, 2022",OG File,CD Quality,https://pillows.su/f/c7e42e5483884fde817dee67a5f8585a
Owbum,"✨ Sneek N' Geek
(feat. ???)","OG Filename: sneek n geek 1A  jl10-18 2
Throwaway from Owbum sessions. Leaked in the 62 gigabyte mass leak. Unknown who the feature is, but he sounds funny. Contains an open verse. Sloop and gloop.",3:24,"Oct 18, 2017","Jul 4, 2024",OG File,CD Quality,https://pillows.su/f/442bce2c897e6fbd149b33927461c2dd
Owbum,⭐️ Solid Beam Of Light,"OG Filename: Solid Beam Of Light
Owbum era throwaway from 2018. The name is possibly a reference to the Kanye song Chance was featured on. Leaked in the 62 gigabyte mass leak.",,,"Jul 4, 2024",OG File,CD Quality,https://pillows.su/f/cea07fe91468a431057e5ba07d709a3e
Owbum,"✨ Story Of A Good Man
(feat. ???)","OG Filename: Story of a Good Man_060618
Completely finished Owbum era throwaway. Features an unknown female vocalist. Leaked as part of the 62 gigabyte mass leak.",,"Jun 6, 2018","Jul 4, 2024",OG File,CD Quality,https://pillows.su/f/be835109b36447b6d95d7d08977bf3ed
Owbum,"Slide Around [V1]
(prod. Pi'erre Bourne)","Early open verse version of ""Slide Around"" freestyled on during GAJ18 sessions. Lacks Nicki Minaj and Lil Durk vocals. Likely originated in sessions for Owbum.",,,"Jun 4, 2024",Full,Low Quality,https://pillows.su/f/e3dc2f1d3376d081363407638168a557
Owbum,✨ Used To Bop,"OG Filename: Used to Bop_Idea
A partially mumbled, unfinished song believed to be from the Owbum sessions, though its origin remains unconfirmed. It surfaced during the 62GB mass leak.",,"Jun 6, 2018","Jul 4, 2024",OG File,CD Quality,https://pillows.su/f/ac15157fa6f23dc65e337797f3c2c94e
Owbum,"⭐ We the People
(feat. Francis and The Lights)","Track featured in a US Olympics Commercial in partnership with Nike. Although the commercial aired on August 10, 2016, placing it just outside of Coloring Book era, however considering its sound it could have its origins in those sessions instead.",,,"Aug 10, 2016",Full,CD Quality,https://pillows.su/f/2bb332cdea414b6c8187d07a6447d42e
Owbum,You Know Me,"OG Filename: You know me jl 1A 10-18
Track from 2017. Unknown when this leaked.",,"Oct 18, 2017",,OG File,CD Quality,Link Needed
Owbum,"??? [V1]
(You Were My)",Version of the track that Ant recorded on. Can be heard heavily in the bleed. Likely from the same jam session as Pets.,,"Sep 7, 2017",,Full,Low Quality,https://pillows.su/f/c32251895863b5033f78b258c4772287
Owbum,???,Voice memo freestyle.,,,,Snippet,CD Quality,https://pillows.su/f/ae0fbb5bcb0bc0b664dac581e0bfb536
Owbum,"??? [V1]
(feat. Daniel Caesar) (prod. The Social Experiment & Daniel Ceaser)
(First World Problems)","Track which made it's debut at a Coloring Book concert during the ""Be Encouraged Tour"" on September 26th 2017, and was performed on The Late Show with Stephen Colbert later that same day, with the instrumental being played live by The Social Experiment. Later that same day, Chance would tweet ""The song I did with @DanielCaesar has a title now. It's called #FirstWorldProblems"", implying at the time of the performence it was unnamed. Very likely made in the same jam session as ""Pets"", as both songs feature Daniel Ceaser and share similar production, along with the track being previewed in September. Was planned to be on the album 3 days from release. On the Joe Budden podcast, he explained that he no longer wanted the song to exist as a studio track, but rather a performence track with a live audience.",,"Sep 7, 2017","Sep 26, 2017",Full,Recording,"https://www.youtube.com/watch?v=soC7DtJXMC8
https://youtu.be/albNP5rdwB0?si=oNhKZYUiLN1pPNtB"
Owbum,Ant Clemons - T-Shirt [V1],"Solo Ant Clemons version of ""T-Shirt"". Leaked on Dbree before being lost.",,,,Full,High Quality,Link Needed
Owbum,"Ant Clemons - T-Shirt [V2]
(feat. Chance the Rapper)","OG Filename: 01 T Shirt Ant Clemons Chance The Rapper
Ant Clemons track very likely recorded in 2018 or 2019, due to the fact Chance and Ant were working together a lot during this time during sessions for GAJ18. Version without Chance leaked sometime in 2020, then later, on November 9th, it leaked in full alongside 55 other Ant Clemons songs. Unfortunately these have both been lost as the Dbree links are now broken. Contains a feature verse from Chance and background vocals from Ty Dolla $ign. Chance's vocals have been described as unmixed based on their audio quality and possibly contain some mumble. New snippet leaked June 4th, 2023. Full lyrics have been transcribed on Genius, so it's likely still in circulation. One of the most perplexing cases of unarchived leaks.",3:30,,"Dec 11, 2024",OG File,CD Quality,https://pillows.su/f/9f2928498f71cc6a865b0910e06e9fd8
Owbum,"Ant Clemons - T-Shirt [V3]
(feat. Chance the Rapper & Ty Dolla $ign)","According to the Genius page for the song, there is a version with Ty Dolla $ign background vocals that leaked alongside the other versions, before soon being lost. It's been said that multiple versions of the track leaked, this likely being one of them.",,,,Rumored,Not Available,https://genius.com/Ant-clemons-t-shirt-lyrics
Owbum,"Ant Clemons - T-Shirt [V4-V?]
(feat. Chance the Rapper)","It's been said that multiple versions of the track leaked, before soon being lost.",,,,Rumored,Not Available,N/A
Owbum,"Bon Iver - Fine Line [V1]
(prod. Justin Vernon)
(Take Me To The Light, You Still Take Me To The Light, Metta World Peace, Sh'Diah)","""Fine Line"" was originally a solo Bon Iver song before being worked on by Kanye in 2018.",,,,Rumored,Not Available,N/A
Owbum,"Kanye West - Fine Line [V2]
(feat. Bon Iver) (prod. Justin Vernon, Jeff Bhasker & Andrew Dawson)
(Take Me To The Light, You Still Take Me To The Light, Metta World Peace, Sh'Diah)","OG Filename: Fine Line JV KW DAW BHASK
Earlier version of ""Sh'diah"" which has a similar instrumental to ""Take Me To The Light"". Recorded March 10th, 2018. Samples ""Waves"" by Velvet Negroni. Leaked by leakth.is user Braincracker after a failed groupbuy",3:13,"Mar 10, 2018","May 10, 2020",OG File,CD Quality,https://pillows.su/f/bdb66c58605436d133a26920bd41a055
Owbum,"Kanye West - Take Me To The Light [V1]
(feat. Bon Iver) (prod. Kanye West & benny blanco)
(You Still Take Me To The Light, Metta World Peace)","OG Filename: Take Me To The Light REF 5.28.18
Early demo version. Kanye has rough vocals and elements of ""Fine Line"" are reused, including Bon Iver's vocals and parts of the instrumental. Includes a beat switch and a short verse that was reused for ""I Thought About Killing You"" at the end. Contains lyrics from ""Freeee"".",2:51,"May 28, 2018","Oct 15, 2019",OG File,Lossless,https://pillows.su/f/e44f5e234aa034154c1259e56fed0a91
Owbum,"Kanye West - Metta World Peace [V2]
(feat. Bon Iver & The WRLDFMS Tony Williams) (prod. Kanye West & benny blanco)
(You Still Take Me To The Light, Take Me To The Light)","OG Filename: Metta World End REF FOR TONY
Outro idea with Tony Williams and Bon Iver backing vocals. Instrumental is slightly evolved from V1. Leaked December 2022.",0:44,,"Dec 20, 2022",OG File,CD Quality,https://pillows.su/f/808aac228a9d9ea21ce35302cd2a37c8
Owbum,"Kanye West - Take Me to the Light [V3]
(feat. Francis and the Lights, Chance the Rapper & Bon Iver) (prod. Kanye West, benny blanco, Francis and the Lights, Jeff Bhasker, Cashmere Cat, BJ Burton & Noah Goldstein)
(You Still Take Me To The Light, Metta World Peace)",First version with Francis and the Lights. Features a Chance verse and minor production changes. Likely not Francis' song at this point.,3:41,,"Sep 3, 2019",Full,CD Quality,https://pillows.su/f/e1ce8c5181470bfcef61e977b812e403
Owbum,"Kanye West - Take Me To The Light [V4]
(feat. Francis and the Lights, Ant Clemons & Bon Iver) (prod. Kanye West, benny blanco, Francis and the Lights, Jeff Bhasker, Cashmere Cat, BJ Burton & Noah Goldstein)
(You Still Take Me To The Light, Metta World Peace)","Includes an Ant Clemons verse at the end, unclear if Ant is doing a reference verse for Kanye or a feature.",3:37,,"Feb 1, 2020",Full,CD Quality,https://pillows.su/f/d9774f1d36a9f11ea6ae4544856d599f
Owbum,"Kanye West - Take Me To The Light [V5]
(ref. Fya Man)
(You Still Take Me To The Light, Metta World Peace)","OG Filename: Fya TakeMeToTheLight Ref1
Fya Man reference track for ""Take Me To The Light"". Has Kanye vocals. Unknown when it was recorded. Leaked on October 29, 2023.",1:01,,"Oct 29, 2023",OG File,Lossless,https://pillows.su/f/7c55abe233cc23bad6f32bc976183029
Owbum,"Kanye West - Take Me To The Light [V6]
(feat. Francis and the Lights, Bon Iver, Chance the Rapper & Ant Clemons) (prod. Kanye West, benny blanco, Francis and the Lights, Jeff Bhasker, Cashmere Cat, BJ Burton & Noah Goldstein)
(You Still Take Me To The Light, Metta World Peace)","OG Filename: Take Me to the Light Remix PREMASTER
Includes Ant Clemons verse. The filename lists this version as a ""remix"". Ant Clemons verse is the same as his verse in an earlier version except it sounds off-beat. Unknown who's song this was at this point. Bounced 7 minutes before the non-remix premaster.",4:25,"Sep 20, 2018","Sep 4, 2021",OG File,Lossless,https://pillows.su/f/a8ace322e1a4573bc6b22a5dd55a1806
Owbum,"Kanye West - Take Me To The Light [V7]
(feat. Francis and the Lights, Bon Iver, Chance the Rapper & Lil Dicky) (prod. Kanye West, benny blanco, Francis and the Lights, Jeff Bhasker, Cashmere Cat, BJ Burton & Noah Goldstein)
(You Still Take Me To The Light, Metta World Peace)","OG Filename: Take Me to the Light PREMASTER
Includes the full uncensored Lil Dicky outro which was later reused in Francis' song ""METTA WORLD PEACE"". Unknown who's song it was at this point.",4:45,"Sep 20, 2018","Sep 4, 2021",OG File,Lossless,https://pillows.su/f/0280b48ea22ae9e294a5fdffe709d60c
Owbum,"✨ DJ Esco - My Peak
(feat. Future, Chance the Rapper & King Louie) (prod. DJ Esco)","Previewed by Chance on his Instagram on February 20th 2017. Was expected to appear on DJ Esco's (at the time) upcoming mixtape, due to Chance tagging him when he posted it to IG for the second time, but it never did. CDQ snippet was leaked by Music Mafia January 28, 2018. The song eventually leaked on May 5, by u/Foles_Super_Bowl_MVP on r/RapLeaks. On May 7, the leak was uploaded to a fan account on YouTube, tricking many music blogs into thinking it was a legitimate release.",,,"May 5, 2018",Full,High Quality,https://pillows.su/f/47975acf3181452b9d7309788de282f1
Owbum,"DJ Khaled - I'm the One
(feat. Chance the Rapper, Justin Beiber, Lil Wayne & Quavo) (prod. LetMeSeeYou)","OG Filename: DJ_KHALID_x_JB_x_QUAVO_x_CHANCE_x_WAYNE_05_1
Version of ""I'm the One"" with a less developed beat containing only the sample loop and no trap drums. Also has a different fade-out outro and no ""Let's ride!"" adlibs from DJ Khaled. Filename misspells ""DJ Khaled"" as ""DJ Khalid"". Leaked randomly on pillows.",,,,OG File,CD Quality,https://pillows.su/f/0b8fe27a66df4293bbf5c0c56aa2ae48
Owbum,"🏆 Estelle - True Kinda Love
(ref. Chance the Rapper, Rebecca Sugar & Macie Stewart) (prod. Rebecca Sugar)","OG Filename: OG Filename: true kinda love ref2C everyone Omni only 8-10-17 jl  
Writers reference for ""True Kind Of Love"" written by Chance the Rapper, Rebecca Sugar, and Macie Stewart. Snippet posted by Chance on Twitter. According to Rebecca Sugar, this version was recorded in Chicago. Released on Steven Universe The Movie (Original Soundtrack) with Estelle covering their vocals. Contains a completely different beat with no drums, only consisting of an omnichord (referred to in the filename), very likely played by Rebecca Sugar, being a different tempo aswell. OG file is 6.5 MB.",2:42,"Jul 10, 2017","Sep 2, 2019",Snippet,High Quality,https://pillows.su/f/b109ef220675ba8ae0a2dab68fd0a248
Owbum,"Francis and the Lights - Take Me To The Light [V8]
(feat. Lil Dicky)
(You Still Take Me To The Light, Metta World Peace)","OG Filename: LIL DICKY OUTRO
An alternate version of the ""Take Me To The Light"" Lil Dicky outro, most likely as a test or to stitch onto the rest of the song.",1:18,"Oct 21, 2018","Jun 10, 2021",OG File,Lossless,https://pillows.su/f/f6f29a7182570ea8b36f3789e9e31546
Owbum,"Kanye West - Violent Nights [V1]
(ref. 070 Shake)","070 Shake ""Violent Night"" reference track, said to exist by a trusted source.",,,,Rumored,Not Available,N/A
Owbum,"Kanye West - Violent Nights [V2]
(feat. 070 Shake) (prod. 7 Aurelius, Irv Gotti)","OG Filename: Violent Nights REF No Drums (5.17.18)
A rough Kanye take originally thought to have been a Malik Yusef reference track. Contains mumble and no drums. Said to contain lyrics about Donda being sexually assaulted, when he was fourteen. Snippet leaked on November 18, 2022, and the full song leaked on September 22nd, 2023.",,,,Full,CD Quality,https://pillows.su/f/085e1aee1f38d8b6b78d936d9712e408
Owbum,"⭐ Kanye West - Violent Nights [V3]
(ref. Chance the Rapper) (feat. 070 Shake) (prod. 7 Aurelius, Irv Gotti)","Version with an additional verse from Chance the Rapper at the start of the song about Donda being sexually assaulted as a young teen. This is a writing reference for the mumble verse in the previous listing, with Chance talking about Kanye's mother and not his own. Chance covers the last hook. Leaked on Christmas Eve 2020.",,,,Full,CD Quality,https://pillows.su/f/482d3a8ea0e85a2a78ee40134a474512
Owbum,"Kanye West - Violent Nights [V4]
(ref. 070 Shake) (prod. 7 Aurelius, Irv Gotti & MIKE DEAN)","Version of the song with alternate production that includes trap drums over the instrumental. Is open verse, containing only the hook. The stems say ""brothers"" in the filename. Snippet available is a VC recording.",,,,Partial,High Quality,https://pillows.su/f/4e647e583a998e78be214737a8a55566
Owbum,"Kanye West - Violent Nights [V5]
(ref. 070 Shake) (prod. 7 Aurelius, Irv Gotti)","OG FIlename: Violent Nights REF 5.22 [FOR CyHi]
Mumble demo of the ""Violent Nights"" version. Includes 070 Shake vocals, the same as leaked versions. Put up for sale by Lil Goblin on TheSource on 11/19/20. Leaked 5/18/24.",,,,OG File,CD Quality,https://pillows.su/f/2bd836694fc157ed794a89fd852c5b2c
Owbum,"Kanye West - Violent Nights [V6]
(ref. Ty Dolla $ign) (feat. Ty Dolla $ign, 070 Shake) (prod. 7 Aurelius, Irv Gotti)","OG Filename: Violent Nights REF 5.25.18
Has new Kanye vocals with Ty Dolla $ign reference vocals over the mumble lines. Leaked in full on November 16th, 2019 after being bought in a groupbuy along with ""The Storm"" featuring Kid Cudi.",,,,OG File,CD Quality,https://pillows.su/f/fe4274b280731e93cb7015b80efa7553
Owbum,"Kanye West - Violent Nights [V6]
(ref. Consequence) (feat. 070 Shake) (prod. 7 Aurelius, Irv Gotti)","Consequence ""Violent Nights"" reference track. Was played on his Instagram Live in November 2022. Played again 8/11/24.",,,,Partial,Recording,"https://pillows.su/f/3f3c41bc52e1e71305923d7c81e4cc70
https://pillows.su/f/bba98c450e6c05aabb987f2f3303046c"
Owbum,"Kanye West - I Feel Free [V1]
(ref. Malik Yusef)
(Free, I Feel Free, Freeee (Ghost Town Pt. 2))","OG Filename: Free (Malik Ref)
Malik Yusef ""Free"" reference track. Unknown when this is from.",3:14,,"Oct 29, 2023",OG File,CD Quality,https://pillows.su/f/cca070e0f487952011d0913b8d102a36
Owbum,"Kanye West - I Feel Free [V2]
(Free, I Feel Free, Freeee (Ghost Town Pt. 2))","Featured on multiple early tracklists for ye. Was swapped out with ""Ghost Town"" on the last day before ye released. One filename found in the ""XTCY"" protools is ""I Feel Free KW Vox Ref 1 (5.18.18)"".",,,,Confirmed,Not Available,
Owbum,"Kanye West - I Feel Free [V3]
(Free, I Feel Free, Freeee (Ghost Town Pt. 2))","Has no Kid Cudi, or extra sample at the beginning, but has entirely different, alternate, yet unfinished lyrics/flow. Two other vocal references by Kanye were recorded on this day, ""KW VOX REF2"" and ""KW VOX REF4"" as well as the first vox ref. Leaked after a successful groupbuy on October 26th.",,,,Full,CD Quality,https://pillows.su/f/946a1aa0b3fac7c56c97601a5520dd55
Owbum,"Kanye West - I Feel Free [V4]
(ref. Chance the Rapper) 
(Free, I Feel Free, Freeee (Ghost Town Pt. 2))","Early Chance reference for ""I Feel Free"". Leaked January 29th, 2023",,,,Full,CD Quality,https://pillows.su/f/b77bcc4466c7df2f7c7dfc1dc49b39c5
Owbum,"✨ Kanye West - I Feel Free [V5]
(ref. Chance the Rapper) 
(Free, I Feel Free, Freeee (Ghost Town Pt. 2))",Later Chance version. Has an open verse near the end. Leaked in late May 2020.,,,,Full,CD Quality,https://pillows.su/f/603600ec380b2897dd115b49bc9f417c
Owbum,"⭐️ Lil Yachty - Ooooppps [V1]
(feat. Chance the Rapper) (prod. Polo Boy Shawty)
(OOPS)","OG Filename: ooooppps ref1a jl 9-19
Version of ""OOPS"" with Chance vocals and an open verse that would be later be recorded by Kanye during the Good Ass Job sessions. Leaked as a part of a 62 gigabyte mass leak on July 4th, 2024.",2:20,"Sep 19, 2017","Jul 4, 2024",Full,CD Quality,https://pillows.su/f/945c0c7443906eaf9241d81da5f126a0
Owbum,"Pi'erre Bourne - Hold On Now [V1]
(prod. Pi'erre Bourne)
(Lame Niggas, Tired Of These)","Uses the same beat as ""Tired Of These"" and ""Lame Niggas"". From before the beat was given to Carti or Chance.",,,,Partial,Low Quality,https://krakenfiles.com/view/e8dEo51UxX/file.html
Owbum,"✨ Tired Of These [V2]
(prod. Pi'erre Bourne)
(Lame Niggas, Lame Niggaz)","OG Filename: Tired of these 3A jl 7-19
Freestyle produced by Pi'erre Bourne. Seemingly a diss track to whoever ""fat The Weeknd"" is. Beat was later used on the Playboi Carti song ""Lame Niggas"". Snippet posted by waterfalls in November 2021. Leaked after a successful group buy on August 18th, 2022. OG file leaked as part of the 62 gigabyte mass leak.",,"Jul 19, 2016","Jul 4, 2024",OG File,CD Quality,https://pillows.su/f/7a2d2350f7cfaa762ad6458250184fae
Owbum,"Playboi Carti - Lame Nxggas [V3]
(prod. Pi'erre Bourne)
(Lame Niggas, Lame Niggaz, Tired Of These)","OG Filename: OG Filename: Carti Lame Nxggas added adlibs
Leaked on May 25, 2022. Has an intro.",2:52,,,OG File,CD Quality,https://pillows.su/f/a1421a3f10a51035c0cc5a8f5ecc1e3e
Owbum,"Playboi Carti - Lame Niggas [V4]
(prod. Pi'erre Bourne)
(Lame Niggaz, Tired Of These)","OG Filename: Lame Niggas - main (no intro) (mastered ts)
Original version of ""Lame Niggas"" by Playboi Carti. Has a different mix. Leaked alongside the OG file for release on November 16, 2022.",2:52,"Apr 4, 2017","Nov 16, 2022",OG File,Lossless,https://pillows.su/f/b0fd7657a8765b37ca5a76031b0caeee
Owbum,"Playboi Carti - Lame Niggas [V5]
(prod. Pi'erre Bourne)
(Lame Niggaz, Tired Of These)","OG Filename: Lame Niggas - main (mastered ts)
OG file for ""Lame Niggas"" by Playboi Carti. Leaked on November 16, 2022.",2:52,"Apr 4, 2017","Nov 16, 2022",OG File,Lossless,https://pillows.su/f/b0fd7657a8765b37ca5a76031b0caeee
Owbum,"Quavo - Money Showers
(feat. Chance the Rapper & Lil Yachty)","OG Filename: ???
Unreleased Quavo track featuring Chance the Rapper and Lil Yachty. Recorded on October 24, 2017. Snippet was first leaked by Music Mafia in 2018. Filename was shown by Lil Yachty on IG live March 30, 2020, however this has since been lost. After more than six months of attempting to sell the track, it was leaked by @Mad Maxy on March 4, 2020.",,"Oct 24, 2017","Mar 4, 2020",Full,CD Quality,https://pillows.su/f/affd938d326ab569a0b8fa8f67f1ce64
Owbum,"Young Thug - Big B
(with Chance the Rapper) (prod. London on da Track)
(Big B's)","OG Filename: Big B THUG C vrs 2C 3-1 JL 
Early version of the track made during Owbum sessions. Contains a completely different mumble Chance verse. Leaked in the 62 gigabyte mass leak.",,"Mar 1, 2017","Jul 4, 2024",OG File,CD Quality,https://pillows.su/f/a4d793c73ab880ebcc8215e283fa0a5b
"8 OG File(s)
1 Full
0 Tagged
0 Partial
1 Snippet(s)
3 Unavailable",Collaboration with Childish Gambino,,,,,,,
Childish Gambino Collaboration,"⭐️ Do You Believe [V1]
(feat. Jhené Aiko & ???)
(Rugrats In Paris)","OG Filename: 01 DoYouBelieve
Earlier version of the song which likely predates Chance's snippet as the vocals sound more rough. Features vocals from Jhené Aiko and a choir. One of six snippets leaked by waterfalls on October 16th, 2021.",2:54,,"Oct 31, 2023",OG File,CD Quality,https://pillows.su/f/ef5cda33f01d87d5ccec8efa6820c6ce
Childish Gambino Collaboration,"Do You Believe [V2]
(Rugrats In Paris)","Snippet previewed by Chance in a Twitter group chat to fans who bought tickets to his cancelled THE BIG TOUR! on December 24th, 2019. Contains slightly different mixing and lyrics.",,,"Dec 24, 2019",Snippet,High Quality,https://pillows.su/f/189dec877586677cab1264a30ea41a6a
Childish Gambino Collaboration,⭐️ Gun Or God [V1],"OG Filename: GunOrGod_061818
Posted to Chances Instagram on April 25th 2020. The full song was later leaked and info was surfaced that it was a part of the Chance The Rapper x Childish Gambino collab album. Later worked on in GAJ 18 sessions.",1:44,"Jun 18, 2018","Jul 4, 2024",OG File,CD Quality,https://pillows.su/f/ddb89918a4cfd80443262adb8ba791ea
Childish Gambino Collaboration,Gun Or God [V2],"Version of ""Gun Or God"" that Ant recorded on. Can be heard heavily in the bleed. Contains an alternate Chance take.",,,,Full,Low Quality,https://pillows.su/f/42ae18a6030085184883bd4fe415110f
Childish Gambino Collaboration,Hell Or High Water,"OG Filename: 01 HellOrHighWater_061318
Two of six snippets leaked by waterfalls on October 16th, 2021. Second snippet re-surfaced on January 4th, 2023 after the OnlyFiles breach. Has vocals only at the beginning and end of the song, with the rest being open. Solo Gambino. Leaked on July 4th 2023.",2:02,"Jun 13, 2018","Jul 4, 2023",OG File,CD Quality,https://pillows.su/f/c8ba445461acac14070501a863ea3aec
Childish Gambino Collaboration,Hold It Down [V1],"OG Filename: Hold it down JL ruff1 Chn vrs 9-20
Chance song possibly considered for his scrapped Gambino collab project due to him having vocals on the track and many other songs from that era also being played during GAJ sessions. Probably made in 2017 as the GAJ session where this was played was on September 15, 2018. Leaked in the 62 gigabyte mass leak.",,"Sep 20, 2017","Jul 4, 2024",OG File,CD Quality,
Childish Gambino Collaboration,Like The Internet [V1],"OG Filename: 01 LikeTheInternet
Three of six snippets leaked by waterfalls on October 16th, 2021. Song is solo Donald with around 30 seconds of vocals with open verses meant for Chance. Leaked after successful groupbuy on March 30, 2024.",2:07,"Jun 13, 2018","Mar 30, 2024",OG File,CD Quality,https://pillows.su/f/c8043716741305ad59e7112066b75e82
Childish Gambino Collaboration,✨ My Hoodie,"OG Filename: 01 MyHoodie
Four of six snippets leaked by waterfalls on October 16th, 2021. Has small open verses. Private bought for $1300 or taken off the market. Completely finished other than a small open section on Donald's verse. Leaked as a bonus for a groupbuy on March 21, 2023.",3:21,,"Mar 21, 2023",OG File,CD Quality,https://pillows.su/f/d8cf476ae2b74b797d5a5c012f127083
Childish Gambino Collaboration,⭐️ Song For You,"OG Filename: 01 SongForYou_061318
Five of six snippets leaked by waterfalls on October 16th, 2021. Exported on June 13th, 2018, same day as Hell Or High Water. Forceleaked by Waterfalls on March 16, 2023. Has Chance the Rapper jumpscare.",2:19,"Jun 13, 2018","Mar 16, 2023",OG File,CD Quality,https://pillows.su/f/f742474763cfbdf3da1134c20e9f7a5d
Childish Gambino Collaboration,⭐️ Want Me Dead,"OG Filename: 01 WantMeDead
Six of six snippets leaked by waterfalls on October 16th, 2021. Finished other than a small open section on Donald's verse. Leaked after successful groupbuy on March 30, 2024.",3:42,,"Mar 30, 2024",OG File,CD Quality,https://pillows.su/f/f57d4e90dd19fcf5e1433deb63c73a1d
Childish Gambino Collaboration,"🏆 ???
(feat. Fetty Wap)","Fetty Wap, Donald, and Chance were confirmed to have worked on a song in London by Chance himself on Instagram live.",,,,Confirmed,Not Available,Source Needed
Childish Gambino Collaboration,Unknown [7+ Unknown Tracks],"Members of the community have claimed that hackers and sellers own the entire Chance and Gambino album worked on in 2018. 2 songs were supposed to be group bought, but failed after TylerGotGrip left the community. Chance confirmed in an interview with Genius that he believed that the album would be more than 14 tracks long, meaning that there are more than 7 unheard tracks.",,,,Confirmed,Not Available,
Childish Gambino Collaboration,Unknown [Lil Yachty & Quavo Collaborations],"Chance, Donald, and Lil Yachty were seen in the studio working on songs in videos posted by Quavo. These collaborations presumably include Quavo as well, as he was the one filming these videos.",,,,Confirmed,Not Available,Source Needed
"7 OG File(s)
17 Full
0 Tagged
19 Partial
6 Snippet(s)
5 Unavailable",Good Ass Job,,,,,,,
Good Ass Job,"🏆 All We Got Is Love [V2]
(feat. Ant Clemons)
(We Got, We Love)","Version of ""All We Got Is Love"" where Chance, Kanye and Ant record over the open verse version. Ant's mic stem is the only file that leaked so his vocals are much louder than everything else. After finishing recording Chance and Kanye suggested simplifying the title to either ""We Got"" or ""We Love"".",,"Sep 15, 2018","Jun 4, 2024",Partial,Recording,"https://pillows.su/f/d3b30aeba7ec0ebe6840b3c8c147d3d1
https://pillows.su/f/303a4ac21f0f171973fb097a55350be1"
Good Ass Job,🏅 Anxiety [V1],"Solo Chance version of ""Anxiety"". Samples ""Joy"" by Kadhja Bonet. Was for sale on TheSource.",4:07,,"Apr 19, 2021",Snippet,CD Quality,https://pillows.su/f/7fadfe8bdf913ddfb9a61cf8b44eead5
Good Ass Job,"🏅 Anxiety [V2]
(feat. 070 Shake)","Version of ""Anxiety"" with Kanye and 070 Shake vocals. Unsure if this comes before or after the Chance version. Was for sale on TheSource.",4:07,,"Apr 19, 2021",Snippet,CD Quality,https://pillows.su/f/3f39d5d49c794b3d95a21004ed20ab55
Good Ass Job,"Black Men Don't Cheat [V1]
(feat. Ant Clemons) (prod. Pi'erre Bourne)
(In My Eyes)",Version with Ant Clemons background vocals and Chance the Rapper adlibs. Contains an open verse and alternate mumble Chance freestyle vocals. Can be heard heavily in the bleed for the version below. Snippet was posted by Kanye to Instagram.,,,"Jun 4, 2024",Full,Low Quality,"https://pillows.su/f/fa0f23b834178383ffe51e3d3fd0fd6c
https://pillows.su/f/21e24b8a8e543e438e861c27c0a0ca8b"
Good Ass Job,"Black Men Don't Cheat [V2]
(feat. Ant Clemons) (prod. Pi'erre Bourne)
(In My Eyes)",Version of of the song found in the Dreezy Chakras zip. Contains Ant riffing over the beat and redoing some of his previous vocals.,,,"Jun 4, 2024",Full,Recording,https://pillows.su/f/21e24b8a8e543e438e861c27c0a0ca8b
Good Ass Job,"Black Men Don't Cheat [V3]
(prod. Pi'erre Bourne)
(In My Eyes)","OG Filename: Black Men Dont Cheat Scratch
Solo Chance ""Black Men Don't Cheat"" reference track. Has a long outro of just talking over no instrumental at the end.",3:48,,"Oct 21, 2021",OG File,CD Quality,https://pillows.su/f/7c3c5bbc1bc0e05991e66102b657a73e
Good Ass Job,"⭐ Clouted Up [V1]
(prod. Francis and the Lights)","OG Filename: Clouted up_verse
Supposedly the intro track judging from the fact that the note which had ""Clouted Up"" in it had the title ""JWD intro"". Snippet posted to Chance's Twitter before being immediately removed. Version with an open verse leaked in October 2021.",3:37,,"Oct 26, 2021",OG File,CD Quality,https://pillows.su/f/9530a624894c292abf974bd4f40eefdd
Good Ass Job,"Clouted Up [V2]
(ref. Ant Clemons) (prod. Francis and the Lights)","Recorded during the Dreezy Chakras sessions. Contains Ant Clemons doing what may be a reference for Ye. Other than Ant's vocals, it is seemingly the exact same as the previous version.",,,"Jun 4, 2024",Full,Recording,https://pillows.su/f/0b6164337f0db4555905a3afc4fdea39
Good Ass Job,"Do You Believe [V3]
(feat. Ant Clemons & ???)
(Rugrats In Paris)",Version of of the song found in the Dreezy Chakras zip. Contains Ant Clemons vocals.,,,"Jun 4, 2024",Full,Recording,Link Needed
Good Ass Job,"Good Ass Job
(ref. ???)","OG Filename: Good Ass Job [Kanye x Chance] (Demo 01)
GAJ-era reference track with vocals from an unknown artist.",3:54,,"Apr 5, 2023",Snippet,CD Quality,https://pillows.su/f/0eca7a82f2ce47f3254ef5f080a72937
Good Ass Job,"Gun Or God [V3]
(feat. Ant Clemons)",Version of Gun Or God played during GAJ 18 sessions. Contains a different vocal take from Chance and adlibs from Ant. Found in the Dreezy Chakras zip.,,,"Jun 4, 2024",Full,Recording,https://pillows.su/f/42ae18a6030085184883bd4fe415110f
Good Ass Job,"Hold It Down [V2]
(feat. Childish Gambino & Ant Clemons)","Track originating in sessions for Owbum. Recorded on by Ant Clemons during sessions for GAJ 2018, however only his adlibs are available.",,,"Jun 4, 2024",Partial,Recording,https://pillows.su/f/ebb082436afa48d1044f473ff8722455
Good Ass Job,"How To Go Crazy [V1]
(feat. Francis and the Lights & Ant Clemons) (prod. Bon Iver & Francis and the Lights)
(The Big Day)","Version of ""How To Go Crazy"" played during Good Ass Job sessions. different beat from release and mumble Ye vocals. Contains Ant Clemons riffing. Around 5 minutes in length. Leaked in the Dreezy Chakras zip. Only Ant's vocal stem has leaked, however a snippet of another recording of this session leaked years before, and was given the fan name ""Australia"" before it was known to be How To Go Crazy.",,,"Jun 4, 2024",Partial,Recording,https://pillows.su/f/811ce8d24cb167c13481f4565ee4030b
Good Ass Job,"How To Go Crazy [V2]
(ref. Ant Clemons) (feat. Francis and the Lights) (prod. Bon Iver & Francis and the Lights)
(The Big Day)","Original version of the Chance the Rapper song ""The Big Day"" which ended up on Chance's album of the same name. Seller confirmed that it was recorded during the sessions for Good Ass Job. Has an Ant Clemons verse which is a reference for Kanye. There is a three minute open verse after Ant's verse. Francis doesn't do the screaming he does in the final song, although otherwise his and Chance's parts are the same. Instrumental is more laid back than the final.",,,"Jun 26, 2025",Full,CD Quality,https://pillows.su/f/edc88deb2251ca86055e85a541023e62
Good Ass Job,"J.J. What [V2]
(feat. Via Rosa, Sterling Hayes & Ant Clemons) (prod. Nico Segal, Ezra Potash, Adeev Potash, J. Kelr, Spanish Diego)
(Drowsiness)","Track originating from Owbum-era, apparently being worked on by Ant Clemons during GAJ 18 sessions as he recorded adlibs on it. Lacks any Ye vocals. Leaked in the Dreezy Chakras zip.",,,"Jun 4, 2024",Partial,Recording,https://pillows.su/f/319d396b12e798201dec70f0374a892f
Good Ass Job,"Like The Internet [V2]
(feat. Childish Gambino & Ant Clemons)",Track from the Chance and Childish Gambino colab album album played during GAJ sessions. Kanye and Ant Clemons are heard riffing over the open. Found in the Dreezy Chakras zip.,,,"Jun 4, 2024",Partial,Recording,https://pillows.su/f/ffc659c45dcaeffab5c8ba643d7a4c0b
Good Ass Job,"MJ [V1]
(prod. Kanye West)","Beat that samples ""Never Can Say Goodbye"" by Michael Jackson. Likely meant for Good Ass Job made late August 2018, but it's unknown if Ye recorded for it, however sessions of Chance recording for it were found in the Dreezy Chakras zip. Footage of Kanye chopping the sample while in the studio with Chance is linked.",,,"Aug 27, 2023",Partial,Recording,"https://pillows.su/f/d9e81101afbb8010a4acf9f95c82e4a8
https://pillows.su/f/7a53f146f8d08076ad6c7e4abd1cd810"
Good Ass Job,"MJ [V2]
(prod. Kanye West & BoogzDaBeast)","OG Filename: KW-Chance MJ (boogz edit)
More finished version with drums. Was played on an Consequence Instagram Live in October 2019.",1:43,,"Oct 14, 2023",Beat Only,CD Quality,https://pillows.su/f/d276ae43a96e681388b0566b0503ea15
Good Ass Job,"MJ [V3]
(ref. ???) (prod. Kanye West & BoogzDaBeast)","In one of his takes for MJ, Chance asks, ""Can I get the reference one more time?"". This ref was likely made by Ant Clemons, as he was making lots of refs for Good Ass Job at the time.",,,,Confirmed,Not Available,
Good Ass Job,"✨ MJ [V4]
(prod. Kanye West & BoogzDaBeast)","Found in the Dreezy ""I Love It (Remix) session"", which has many files of Chance the Rapper doing his verse for ""MJ"" (this is just one of them). Snippet of the song also leaked the same day the session cracked.",,,"Jun 4, 2024",Partial,Recording,"https://pillows.su/f/49f2fb50ddc731a6371bf13b9e34bec8
https://pillows.su/f/c4594dd843c54b7f467c53d7fd412dc5"
Good Ass Job,"Pets [V4]
(feat. Ant Clemons)
(The Garden)",Early version of Pets with Ant vocals. Has a less developed instrumental than previous versions strangely. Found in the Dreezy Chakras zip.,,,,Full,Recording,https://pillows.su/f/02459e439aeda6225eb45ba2e95a3896
Good Ass Job,"Pets [V5]
(The Garden)",Version that was being recorded on below. Seems to contain the Ye speech.,,,,Full,Low Quality,https://pillows.su/f/c161c9516c6d405e2662fe49056f5853
Good Ass Job,"Pets [V6]
(feat. Ant Clemons)
(The Garden)","17 minute long jam session of Chance, Ye, and Ant Clemons riffing on what would later become The Garden. Likely still called Pets at this time. Features a speech from Ye about happiness. He also takes a phone call 3 minutes into it. Leaked in the Dreezy Chakras zip.",,,,Full,Recording,https://pillows.su/f/c161c9516c6d405e2662fe49056f5853
Good Ass Job,"Slide Around [V2]
(feat. Ant Clemons) (prod Pi'erre Bourne)","Original version of ""Slide Around"" with Ant Clemons background vocals. Has very short mumble Kanye vocals are heard in the end of Chance's verse and he is heard talking at the end of the recording. It is not known if he recorded for this song at all. Has only Chance's verse and open sections that were later filled in by Nicki Minaj and Lil Durk on the released version. Found in the Dreezy Chakras zip.",,,"Jun 4, 2024",Full,Recording,https://pillows.su/f/e3dc2f1d3376d081363407638168a557
Good Ass Job,"??? [V1]
(prod. Nascent)
(80 Degrees, Hurricane, Hurricanes, Don't Let Me Down)","OG Filename: Chance Liked - 1 - 09.01.18
First version of ""Hurricane"". Has the Ye hook, and vocals that would be excluded from later versions of the song. This version uses the full sample instead of the looped version. Leaked on October 14th, 2023.",1:23,"Sep 1, 2018","Oct 14, 2023",OG File,CD Quality,https://pillows.su/f/accc6c390a06a43c59fdae748948eea6
Good Ass Job,"??? [V1]
(Good Things Don't Last)",Version of the track that Ant recorded on. Can be heard heavily in the bleed.,,,,Full,Low Quality,https://pillows.su/f/15fcb91e66a01533f631dd2123c47cae
Good Ass Job,"??? [V2]
(feat. Ant Clemons)
(Good Things Don't Last)",Unknown track Ant Clemons recorded adlibs for. Found in the Dreezy Chakras zip. Contains unfinished Ye and Chance vocals. Only the adlibs stem is avaliable.,,,,Partial,Recording,https://pillows.su/f/15fcb91e66a01533f631dd2123c47cae
Good Ass Job,"??? [V1]
(Starts With You)",Version of the track that Ant recorded on. Can be heard heavily in the bleed.,,,,Full,Low Quality,https://pillows.su/f/0c56949635cd2aa5b842f254a7a2a614
Good Ass Job,"??? [V2]
(feat. Ant Clemons)
(Starts With You)",Unheard track played during GAJ18 sessions. Contains seemingly finished Chance with mumble Ye vocals.,,,,Partial,Recording,https://pillows.su/f/0c56949635cd2aa5b842f254a7a2a614
Good Ass Job,"??? [V1]
(feat. Ant Clemons)
(Timeouts)",Version of the track that Ant recorded on. Can be heard heavily in the bleed.,,"Sep 15, 2018","Jun 4, 2024",Full,Low Quality,"https://pillows.su/f/055c9da203febeecd7552cbc03af89cd
https://pillows.su/f/585df6d4a34e438adde91c10d9109510"
Good Ass Job,"??? [V2]
(feat. Ant Clemons)
(Timeouts)","Freestyle recording during the big Good Ass Job recording session with Kanye, Chance, Ant and others. Mostly mumble freestyle, only file that leaked is the Ant Clemons mic stem so file where the bleed is made louder is linked alongside the unaltered song.",,"Sep 15, 2018","Jun 4, 2024",Partial,Recording,"https://pillows.su/f/055c9da203febeecd7552cbc03af89cd
https://pillows.su/f/585df6d4a34e438adde91c10d9109510"
Good Ass Job,"??? [V1]
(feat. ???)
(Rise Up)",Version of the track that Ant recorded on. Can be heard heavily in the bleed.,,,,Full,Low Quality,https://pillows.su/f/59b7310b45f4fe85a69684de1f19fbc7
Good Ass Job,"??? [V2]
(feat. ??? & Ant Clemons)
(Rise Up)","Unknown track Ant Clemons recorded adlbibs for. Has a simillar gospel sample to ""No Problem"". Found in the Dreezy Chakras zip. Has an unknown mumble feature and no Ye vocals.",,,,Partial,Recording,https://pillows.su/f/59b7310b45f4fe85a69684de1f19fbc7
Good Ass Job,"??? [V1]
(I Feel Everything)",Version of the track that Ant recorded on. Can be heard heavily in the bleed.,,,,Full,Low Quality,https://pillows.su/f/7ee8bb419d38f6d82329b57aebf81cbe
Good Ass Job,"??? [V2]
(feat. Ant Clemons)
(I Feel Everything)","Track that was likely made in the same session as Pets, as it contains a simillar vibe and the same drum samples. Contains mumble vocals from Ye and Chance, as well as adlibs from Ant. Only the adlibs stem is avaliable.",,,,Partial,Recording,https://pillows.su/f/7ee8bb419d38f6d82329b57aebf81cbe
Good Ass Job,"??? [V1]
(How Am I Still Alive)",Version of the track that Ant recorded on. Can be heard heavily in the bleed. Played in full with no adlibs for some reason.,,,,Full,Recording,https://pillows.su/f/eb9eec57ac3d592f8e9d4cadf6014201
Good Ass Job,"??? [V2]
(feat. Ant Clemons)
(How Am I Still Alive)",Unknown track played during GAJ 18 sessions. Found in the Dreezy Chakras zip. Has some Ant Clemons humming with heavy autotune. No Chance or Ye vocals.,,,,Partial,Recording,https://pillows.su/f/0a8adabce93efdaa7ca2ea89c1387d80
Good Ass Job,"??? [V2]
(feat. Ant Clemons)
(You Were My)","Track that was likely made in the same session as Pets, as it contains a simillar vibe and the same drum crash sample. Contains Chance and Ant Clemons freestyle vocals, but not any Ye.",,,,Partial,Recording,https://pillows.su/f/c32251895863b5033f78b258c4772287
Good Ass Job,"???
(Chop 1B)","OG Filename: KW Chance Chop 1B 08.28.18 REF - 149.2bpm
Chance the Rapper freestyle made during a recording session with Kanye.",1:28,"Aug 28, 2018","Oct 14, 2023",OG File,CD Quality,https://pillows.su/f/d3299f101d0f30eb5f04bec0000d403c
Good Ass Job,"???
(Chop 7)","OG Filename: KW Chance Chop 7 08.28.18 REF - 114bpm
Chance the Rapper freestyle made during a recording session with Kanye.",1:00,"Aug 28, 2018","Oct 14, 2023",OG File,CD Quality,https://pillows.su/f/dd397afa06a2e71dcd8f5e93161bcbae
Good Ass Job,"???
(Chop 10)",Kanye freestyle. Chance's vocals cannot be heard in the snippet. Snippet leaked 4/7/24. New snippet leaked 7/21/24.,,,"Jul 21, 2024",Snippet,CD Quality,"https://pillows.su/f/3be5827cfcb8f84bdd13bbe4f21033d1
https://pillows.su/f/61f7bbb4ac9ab9025da9278621a4caaa"
Good Ass Job,"???
(Oscar The Grouch)",Played during the 2018 GAJ sessions.,,,"Jun 4, 2024",Full,Recording,https://pillows.su/f/1cc1e18afbce05aaec4778241763b91a
Good Ass Job,"🏆 ???
(Good Job)","Recording of Chance and Kanye together, likely recording references for Good Ass Job. Title is unknown but ""Good Job"" is heard numerous times throughout the snippet. Was posted in mid-September 2018.",,,"Sep 15, 2018",Snippet,Recording,https://pillows.su/f/e38619174eeff20cfd56081ad6c390dc
Good Ass Job,"???
(Short Fuse)","Track played in the Dreezy Chakras zip. Unknown if Ye recorded, or if it was just Chance showing off his track.",,,,Partial,Recording,https://pillows.su/f/9e5edf6971309b45cf2c6ed6086c88cb
Good Ass Job,"???
(Park)","Track played twice in the Dreezy Chakras zip, randomly interupting Pets. Unknown if Ye recorded, or if it was just Chance showing off his track.",,,,Partial,Recording,
Good Ass Job,"??? [V1]
(Family)",Version of the track that Ant recorded on. Can be heard heavily in the bleed.,,,,Partial,Low Quality,"https://pillows.su/f/d96830ded330f2ec2272ce77ab527c1f
https://pillows.su/f/695fb82a499df570e3326684fe506fd4"
Good Ass Job,"??? [V2]
(feat. Ant Clemons)
(Family)","Played during the Dreezy Chakras session, contains Chance and Ye vocals. Has some mumble from Ye. Directly after their portion, Ant Clemons does some vocals for the track.",,,"Jun 4, 2024",Partial,Recording,"https://pillows.su/f/d96830ded330f2ec2272ce77ab527c1f
https://pillows.su/f/695fb82a499df570e3326684fe506fd4"
Good Ass Job,??? [V1],"OG Filename: Chance Liked - 9 - 09.01.18
Kanye freestyle made during a recording session with Chance. Features both voice memo vocals and studio vocals. Ye at one point can be heard talking with Chance. Was later worked on by Consequence. Leaked on October 14th, 2023.",2:07,"Sep 1, 2018","Oct 14, 2023",OG File,CD Quality,https://pillows.su/f/9f820b0af9e1595c067698be78f39612
Good Ass Job,"🏆 ???
(prod. Zaytoven)","Producer Zaytoven was pictured in the studio with Kanye and Chance in August 2018. In 2020 he said, ""I wish I could play what we did in the studio that day with Chance and Kanye...the beat was made in five minutes, and he just automatically — he did what any other rapper would. He grabbed the microphone and just started freestyling and I was like, 'Man, this man is going so crazy right now.' It sounds so hard.""",,,,Confirmed,Not Available,https://www.hotnewhiphop.com/329304-zaytoven-details-unreleased-collabs-with-king-von-kanye-west-and-juice-wrld-news
Good Ass Job,???,"OG Filename: KW x Chance Liked - 2 REF - 09.01.18
Freestyle made during a recording session with Chance the Rapper. Has no Chance vocals.",0:51,"Sep 1, 2018","Oct 14, 2023",OG File,CD Quality,https://pillows.su/f/6a37fc3bdd0366635997478c439c9ec8
Good Ass Job,???,Chance vocals are LQ but Kanye's seem to be HQ. Era is unconfirmed but most likely from the Chicago Sessions. Was being sold on TheSource.,,,"Feb 5, 2021",Snippet,High Quality,https://pillows.su/f/56041705c7245f636f74564766bbee7c
Good Ass Job,"Unknown [Nascent Collaborations]
(prod. Nascent)","Nascent stated that he was involved with sessions for the project. He said that the ""only song that came out from those sessions was ""Hurricane"". Everything else… it never came out"".",,,,Confirmed,Not Available,https://www.billboard.com/music/music-news/nascent-interview-grammy-nominated-producer-good-days-hurricane-1235053414/
Good Ass Job,"Lil Yachty - OOPS [V2]
(feat. Kanye West & Chance the Rapper) (prod. Polo Boy Shawty)","Low quality recording of Kanye recording vocals over the open verse for the Lil Yachty song ""OOPS"" with the Chance verse. Could be a remix of the track due to the song releasing months before Kanye and Chance started working with each other. Found in the Dreezy ""Chakras"" session.",,,"Jun 4, 2024",Partial,Recording,https://pillows.su/f/be1530b9123aeab558588ecbc79283d6
Good Ass Job,"The Weeknd - ???
(ref. Chance the Rapper & Kanye West)",Rumored iPhone reference track made for The Weeknd. Nothing else is known.,,,,Rumored,Not Available,https://cdn.discordapp.com/attachments/1051579090030829719/1051579124583497768/a.png
"31 OG File(s)
5 Full
0 Tagged
1 Partial
3 Snippet(s)
61 Unavailable",The Big Day,,,,,,,
The Big Day,At 10,"OG Filename: At 10 
File seen in a list of filenames shown by Nyla. Unknown what this track is.",,,,Rumored,Not Available,N/A
The Big Day,Congratulate,"OG Filename: Congratulate_jl_ref1A_9-18
Leaked as a bonus to the ""Nobody Knows"" buy on October 28th, 2022. Was thought to be a ref for Good Ass Job, but this is unlikely. Features an open verse.",,"Sep 18, 2018","Oct 28, 2022",OG File,CD Quality,https://pillows.su/f/963386c95caf4bf4a4ce33dcaca9df89
The Big Day,Different [V1],The leaked version's filename confirms there's a version without the other verse.,,,,Confirmed,Not Available,
The Big Day,Different [V2],"As stated by the filename below, the leaked version isn't the first mix.",,,,Confirmed,Not Available,
The Big Day,Different [V3],"OG Filename: Different_NewVerse_MIX 2_112818
Throwaway from The Big Day sessions. Contains 2 finished verses and a partial mumble hook. Dated November 28th, 2018. Technically not an OG file as it is tagged with a fake cover and metadata.",,"Nov 28, 2018",,Full,CD Quality,https://pillows.su/f/0633decec01938c369ce26b333da484b
The Big Day,Different Cloth,"OG Filename: Different Cloth_011919
Song from The Big Day sessions. Leaked in the 62 gigabyte mass leak.",,"Jan 19, 2019","Jul 4, 2024",OG File,CD Quality,https://pillows.su/f/bc6c4b9230443bea2a97beb387655e62
The Big Day,Do You Understand [V1],"As seen in the filename below, a version without the added Peter CottonTale production exists.",,,,Confirmed,Not Available,
The Big Day,"⭐️ Do You Understand [V2]
(prod. Peter Cottontale)","OG Filename: Do_You_Understand_PeterAdds
Seen as track 7 on a tracklist from Chance's Youtube in June 2019. Is believed to have been scrapped last minute due to the fact that it was accidentally played at The Big Day's chicago popup event.",,,,OG File,High Quality,https://pillows.su/f/1d001c26e38745f7a1e8d8fac549fe20
The Big Day,"Do You Understand [V3]
(prod. Peter Cottonale)","OG Filename: Do You Understand_ATLMix_040319
File seen in a list of filenames shown by Nyla. Possibly the same version played at the popup event.",,,,Rumored,Not Available,
The Big Day,Gazebo,"OG Filename: Gazebo
File seen in a list of filenames shown by Nyla. Unknown what this track is.",,,,Rumored,Not Available,N/A
The Big Day,"Get A Bag [V1]
(prod. Chance the Rapper)
(Bag)","OG Filename: Get A Bag_LowkeyINST_bpm154
File seen in a list of filenames shown by Nyla. Most likely the first iteration of the beat.",,,,Rumored,Not Available,N/A
The Big Day,"Get A Bag [V2]
(prod. Chance the Rapper)
(Bag)","OG Filename: Get A Bag_OpenVerse_BPM154
File seen in a list of filenames shown by Nyla. Contains an open verse.",,,,Rumored,Not Available,N/A
The Big Day,Grateful [V1],"OG Filename[?]: Grateful_Mix1
As shown by the filename below, there is a previous mix of ""Grateful"".",,,,Confirmed,Not Available,
The Big Day,Grateful [V2],"OG Filename: Grateful_Mix2
Track from 2019 ""The Big Day"" sessions. Contains an open verse. Leaked in the 62 gigabyte mega leak.",,,"Jul 4, 2024",OG File,CD Quality,https://pillows.su/f/f01a9fa31c37afd8a6593835e057a54f
The Big Day,"I Pray For Real [V1]
(Pray For Real)","OG Filename: I Pray For Real
File seen in a list of filenames shown by Nyla.",,,,Rumored,Not Available,N/A
The Big Day,Keep Runnin [V1],Initial mix proven by the filename below.,,,,Rumored,Not Available,N/A
The Big Day,Keep Runnin [V2],"OG Filename: Keep Runnin_Mix2
File seen in a list of filenames shown by Nyla. May be an alternate name for ""Let's Go On The Run"", but this is unconfirmed.",,,,Rumored,Not Available,N/A
The Big Day,"Not Single No More [V1]
(Found A Good One (Single No More), Not Single Anymore)","OG Filename: Not Single No More
File seen in a list of filenames shown by Nyla. Differences are unknown.",,,,Rumored,Not Available,N/A
The Big Day,"Rock Star
(feat. Taylor Bennett, Zxxk & Melo Makes Music) (prod. Ivan Jackson)
(STREAMING SERVICES)","OG Filename: rock star 6C JL 10-2
Track from very early ""The Big Day"" sessions. Contains no Chance vocals. Later released by Taylor Bennett as ""STREAMING SERVICES"" with no Chance involvment, so it is unknown what Chance was planning to do with it, if anything. Features different production from release. Leaked in the 62 gigabyte mass leak.",,"Oct 2, 2018","Jul 4, 2024",OG File,CD Quality,https://pillows.su/f/b48b09ffdd81c36a9b0ad3bd039bc0ea
The Big Day,"Side Thing [V1]
(feat. Smino)
(Side Chick, Eternal)",Earlier version confirmed by the filename.,,,,Confirmed,Not Available,
The Big Day,"Side Thing [V2]
(feat. Smino) (prod. DIXSON, Peter CottonTale, Nate Fox, Smoko Ono, Chance the Rapper, Garren Sean, Nico Segal & Greg Landfair)
(Side Chick, Eternal)","OG Filename: SIDE_THING_SMINO_MIX_REFERENCE_2
First known version of ""Eternal"". Leaked after a successful groupbuy. Contains no DJ Casper during the intro, different mixing, fewer adlibs, a different Chance verse, no ""Eternal"" hook, and an open verse.",3:02,,"May 20, 2023",OG File,CD Quality,https://pillows.su/f/6705cd27b54246144f6e87ef879c3b96
The Big Day,"Side Chick [V3]
(feat. Smino)
(Side Thing, Eternal)","OG Filename: SideChick_Scratch_New Verse
File seen in a list of filenames shown by Nyla. Likely the first version with the release verse.",,,,Rumored,Not Available,N/A
The Big Day,"Simply Lemonade [V1]
(feat. TisaKorean) (prod. Murda Beatz)
(Simply, GRoCERIES)","According to the filename below, a previous arrangement of ""Simply"" exists.",,,,Rumored,Not Available,N/A
The Big Day,"Simply Lemonade [V2]
(feat. TisaKorean) (prod. Murda Beatz)
(Simply, GRoCERIES)","OG Filename: Simply Lemonade_New arrange
File seen in a list of filenames shown by Nyla. Differences are unknown.",,,,Rumored,Not Available,N/A
The Big Day,"Skim Through [V1]
(feat. Daniel Ceaser)","OG Filename: Skim Through
File seen in a list of filenames shown by Nyla. Differences are unknown.",,,,Rumored,Not Available,N/A
The Big Day,"Skim Through [V2]
(feat. Daniel Ceaser)","As shown by the version below's filename, theres a version of ""Skim Thru"" with no second verse.",,,,Confirmed,Not Available,
The Big Day,"Skim Though [V3]
(feat. Daniel Ceaser)","As shown by the version below's filename, theres a version of ""Skim Thru"" with an alternate beat.",,,,Confirmed,Not Available,
The Big Day,"⭐️ Skim Through [V4]
(feat. Daniel Ceaser)","OG Filename: Skim Through_OG Beat_2nd Verse
Previewed by Chance on Instagram on April 21st 2020. Leaked as a part of a 62 gigabyte mass leak on July 4th, 2024. This version is from Thought to be from Owbum sessions, however the file is dated as being from 2019.",,,"Jul 4, 2024",OG File,CD Quality,https://pillows.su/f/affad2665d57532a0e4715ff70fb747a
The Big Day,Suitcase [V1],"OG Filename[?]: Suitcase_Mix1
As shown by the filename below, there is a previous mix of ""Suitcase"".",,,,Confirmed,Not Available,
The Big Day,Suitcase [V2],"OG Filename: Suitcase_Mix2
Previewed by Chance on Instagram on April 24th 2020. Was thought to be from that time period, but was likely from 2018. File seen in a list of filenames shown by Nyla. OG file leaked in the 62 gigabyte mass leak.",,,"Jul 4, 2024",OG File,CD Quality,Link Needed
The Big Day,Sun Come Down [V1],"As seen in the filename below, a version without Nate Fox production exists.",,,,Rumored,Not Available,N/A
The Big Day,"Sun Come Down [V2]
(prod. Nate Fox)","OG Filename: Sun Come Down_NF_Adds
File seen in a list of filenames shown by Nyla. Likely the first version with Nate Fox production.",,,,Rumored,Not Available,N/A
The Big Day,Upwards Of 90,"OG Filename: Upwards of 90
File seen in a list of filenames shown by Nyla. Unknown what this track is.",,,,Rumored,Not Available,N/A
The Big Day,We Go High [V1],"OG Filename: We Go High_CRCMix_021819
File seen in a list of filenames shown by Nyla. Differences are unknown.",,"Feb 18, 2019",,Rumored,Not Available,N/A
The Big Day,Where Ya Goin [V1],"OG Filename: Where ya going
File seen in a list of filenames shown by Nyla. Unknown how different this is from the tracklist version.",,,,Rumored,Not Available,N/A
The Big Day,Won With,"OG Filename: WONWITH_CRCMix_020119
Throwaway song from The Big Day sessions. Leaked as a part of a 62 gigabyte mass leak on July 4th, 2024. Dated Febuary 11, 2019.",,"Feb 11, 2019","Jul 4, 2024",OG File,CD Quality,Link Needed
The Big Day,"🏆 ???
(Perfect, Perfect 4 You, Changes)","Scrapped from The Big Day in January 2019, and apparently a great song. Name unconfirmed. Song starts out with the phrase “I’m still making changes” being repeated, then the lyrics, ""I’m still just trying to figure it out / take it step by step”. It's unknown where the info about this song originates, as it was on the old Chance tracker with no source attached.",,,,Rumored,Not Available,Source Needed
The Big Day,"Kanye West - The Garden [V7]
(Pets)","OG Filename: IMG_1164
A version of ""Garden"" that contains the voice note Kanye freestyle that is heard in the version of ""Garden"" with Carol's extended reference. Shares the same beat as the ""Pets"" demo. Enya VC recording snippet resurfaced October 22, 2022, with the full song leaking on July 9th, 2023.",2:21,"Sep 22, 2018","Jul 9, 2023",OG File,Lossless,https://pillows.su/f/c51c7d84c6b3e3ca9fea28d25ca91c00
The Big Day,"Kanye West - The Garden [V8]
(ref. Carole Bayer Sager) (feat. Ant Clemons)
(Pets)","OG Filename: The Garden Ye Lyrics
A very early version of ""Garden"" with Carole Bayer-Sager's extended voicemail where she's reciting her reference lyrics over Kanye freestyle vocals. This is the same version put up for sale by Alek in early 2020. The leaked file is a stem edit with a later beat, however, the Carole vocals are real.",3:01,,"Dec 24, 2020",Partial,CD Quality,https://pillows.su/f/7de7e6539d1d744f7174227ea7b97288
The Big Day,"Kanye West - The Garden [V9]
(feat. Carole Bayer Sagerer, Ty Dolla $ign & Ant Clemons)
(Pets)","OG Filename: The Garden 09.22.18 [TY and ANT]
Version of ""Garden"" featuring only verses from Ty Dolla $ign and Ant Clemons. Dated 09.22.18. Stems leaked in November 2021",3:00,"Sep 22, 2018","Oct 24, 2021",OG File,CD Quality,https://pillows.su/f/b35537adb3a0a9b676ff6317eaf2fb69
The Big Day,"Kanye West - The Garden [V10]
(feat. Carole Bayer Sagerer, Ty Dolla $ign & Ant Clemons, The-Dream & Teyana Taylor) (prod. MIKE DEAN)
(Pets)","OG Filename: The Garden 09.30.18 [TY, Ant, Dream, Teyana] Add MD bass and pad
Includes new verses from The-Dream and Teyana Taylor, with no Kanye verse. Leaked in November 2019.",3:50,"Sep 30, 2018","Nov 1, 2019",OG File,CD Quality,https://pillows.su/f/374985285300611365d58bfd1725f0c8
The Big Day,"Kanye West - The Garden [V11]
(feat. Carole Bayer Sager, Ty Dolla $ign, Ant Clemons & The-Dream)
(Pets)","OG Filename: The Garden 10.04.18 [TY, Ant, Dream]
Version of ""The Garden"" with an open during Teyana Taylor's part. Was also used on a December tracklist.",3:48,"Oct 4, 2018","Nov 1, 2021",OG File,CD Quality,https://pillows.su/f/c1dc8840ce2515eea1cf40ca1d7e23b7
The Big Day,"Kanye West - The Garden [V12]
(ref. The WRLDFMS Tony Williams)
(Pets)","OG Filename: The Garden 10.08.18 [TONY WILLIAMS demo 1]
One of two Tony Williams ""Garden"" reference tracks. Nothing else is known.",,"Oct 8, 2018","Nov 1, 2021",Rumored,Not Available,N/A
The Big Day,"Kanye West - The Garden [V13]
(ref. The WRLDFMS Tony Williams)
(Pets)","OG Filename: The Garden 10.08.18 [TONY WILLIAMS demo 2]
One of two Tony Williams ""Garden"" reference tracks. Leaked in full 11/30/24.",3:48,"Oct 8, 2018","Nov 30, 2024",OG File,CD Quality,https://pillows.su/f/f36aaaac718bdc4adf641c224383b13a
The Big Day,"Kanye West - Garden [V14]
(feat. Ty Dolla $ign, Ant Clemons & The-Dream) (prod. Phil The Keys)
(The Garden)","OG Filename: Garden (StereoSines_Phillip/Keys)
Leaked on March 28th, 2020 by leakth.is user Fortify. Better quality leaked by Alek on June 27th, 2022 as a bonus for the ""Skeletons"" groupbuy.",2:17,"Dec 19, 2018","Mar 28, 2020",OG File,High Quality,https://pillows.su/f/089df45b943446f04a069b84a243da46
The Big Day,"Kanye West - Garden [V15]
(feat. Ty Dolla $ign, Ant Clemons & The-Dream) (prod. Phil The Keys)
(The Garden)","OG Filename: Garden (StereoSines_PhillipKeys) - 2 (orig chords)
Another version of ""The Garden,"" likely similar to the previous.",,,,Rumored,Not Available,N/A
The Big Day,"Kanye West - Garden [V16]
(feat. Ty Dolla $ign & Slim) (prod. Phil The Keys)
(The Garden)","OG Filename: Garden w/slim 
Has Slim (of 112) doing the second verse instead of Ant Clemons. Reference track for the Sunday Service Choir. Leaked in full March 28, 2020 by leakth.is user Fortify. Better quality leaked by Alek on June 27th, 2022 as a bonus for the ""Skeletons"" groupbuy.",3:08,,"Mar 28, 2020",OG File,High Quality,https://pillows.su/f/163954ec9e9c312c02ec2de9a84501d7
The Big Day,"Kanye West - The Garden [V17]
(feat. Slim, Sunday Service Choir & Ty Dolla $ign)","OG Filename: The Garden - Chor Piano loop w Slim 02.28.19
First known version of ""The Garden"" from 2019. Keeps some elements of the late 2018 versions, such as Slim's vocals, but includes a lot of changes. These changes include adding the Sunday Service Choir, removing most instrumentation, and cutting Ty Dolla $ign's vocals.",2:34,"Feb 28, 2019","Jul 9, 2023",OG File,Lossless,https://pillows.su/f/e8caacaa8ad7e6df302bf19c459183f2
The Big Day,"Bag [V3]
(feat. Calboy) (prod. Chance the Rapper, Nate Fox, Lido & Peter CottonTale)
(Get A Bag)","Seen as track 10 on a tracklist from Chance's Youtube in June 2019. Very likely an alternate name for ""Get A Bag"". Differences are unknown.",,,,Confirmed,Not Available,
The Big Day,"Big Fish
(feat. Gucci Mane)","Seen as track 1 on a tracklist from Chance's YouTube in June 2019. Differences are unknown, but it likely featured Gucci Mane at this point as this tracklist is from June, only a couple days from release.",,,,Confirmed,Not Available,
The Big Day,"🏆 Chano [V3]
(feat. James Fauntleroy)
(Mr #1 Dubplate, Money And You)","According to multiple people on Twitter around June of 2019, Chance would randomly retweet a post by Andrew Barber, with a video attatched of the initial ""Chano"" snippet Chance posted to his Instagram. This retweet is confirmed through replies to the Andrew Barber post mentioning Chance, even though they did not @ him directly, which only happens if the person has retweeted the post. It's extremely likely that this was Chance trying to hint at the fact it being brought back for the album. Unknown if this version contains the ""Everything I Do"" sample.",,,,Rumored,Not Available,N/A
The Big Day,"Do You Understand [V4]
(prod. Peter Cottonale)","Version of ""Do You Understand"" played at The Big Day's chicago popup event. Was likely scrapped very late into the development of the album.",,,,Confirmed,Not Available,
The Big Day,Dreamer,"OG Filename: Dreamer_030419
File seen in a list of filenames shown by Nyla. Unknown what this track is.",,"Mar 4, 2019",,Rumored,Not Available,N/A
The Big Day,Even If It Hurts,Seen as track 11 on a tracklist from Chance's Youtube in June 2019. Unknown what this song is.,,,,Confirmed,Not Available,
The Big Day,Falling [V1],"OG Filename: Falling_030619
File seen in a list of filenames shown by Nyla. Possibly the version with quieter strings mentioned in the filename below. Unknown if Ed Sheeran is on this version.",,"Mar 6, 2019",,Rumored,Not Available,N/A
The Big Day,"Falling [V2]
(feat. Ed Sheeran)","As shown in the filename below, there exists a version with quieter strings.",,,,Confirmed,Not Available,
The Big Day,"⭐️ Falling [V3]
(feat. Ed Sheeran)","OG Filename: Falling_LouderStrings
Throwaway likely originating in The Big Day sessions, due to a version being seen in a screenshot full of tracks from this era. Contains one finished Chance verse and an open verse. Leaked in the 62 gigabyte mass leak.",,,"Jul 4, 2024",OG File,CD Quality,https://pillows.su/f/3434de61bfab3f0b94affa6e79907452
The Big Day,"🏆 First World Problems [V2]
(feat. Daniel Caesar) (prod. The Social Experiment & Daniel Ceaser)","On September 26, 2017, Chance tweeted, ""The song I did with @DanielCaesar has a title now. It's called #FirstWorldProblems"". He would later quote retweet this on June 23, 2019, saying, ""JULY TBD #owbum"", confirming that it was intended to be released on The Big Day. This likely means there exists a more developed version from the one played on The Late Show. Possibly didn't drop on The Big Day due to Daniel and Chance's falling out.",,,,Confirmed,Not Available,https://twitter.com/chancetherapper/status/1142799327917723650
The Big Day,"Five Year Plan
(5 Year Plan)",Seen as track 16 on a tracklist from Chance's Youtube in June 2019. Differences are unknown.,,,,Confirmed,Not Available,
The Big Day,"⭐️ Girl In Town
(feat. Lil Wayne, Jamila Woods & CocoRosie) (prod. Skrillex)",Seen as track 4 on a tracklist from Chance's YouTube in June 2019. Features Lil Wayne. Snippet leaked by MAX on thesource in 2020. Full song randomly leaked on Youtube March 10th 2024.,,,"Mar 10, 2024",Full,CD Quality,https://pillows.su/f/125baeafe8f3783e70a61f4e846e4654
The Big Day,Handsome [V1],"OG Filename: Handsome_030419
File seen in a list of filenames shown by Nyla. Likely has an open verse for Carti.",,"Mar 4, 2019",,Rumored,Not Available,N/A
The Big Day,"Handsome [V2]
(feat. Playboi Carti)","OG Filename (Partial): HANDSOME_L10M...
Version with a 40 second verse from Playboi Carti. Snippet previewed by JOTC on Sidepiece Hub on July 4, 2026. Was supposed to release, but it ended up releasing with a feature from Megan Thee Stallion. A $3,700 groupbuy was ran for the song, but ended due to backlash.",,,"Jul 4, 2026",Snippet,High Quality,https://pillows.su/f/b62c1d3f810183e15e1ad4a4e57732b8
The Big Day,"🗑️ Hot Water [V1]
(prod. Smoko Ono & Chance the Rapper)
(Hot Shower)","OG Filename: Hot Water_030619
File seen in a list of filenames shown by Nyla. Contains slight mixing and production differences and open verse in place of DaBaby and MadeinTYO's verses.",,"Mar 6, 2019",,OG File,CD Quality,https://pillows.su/f/42c33b792c824d428b03dc04a9e3cb83
The Big Day,"Hot Water [V2]
(prod. Smoko Ono & Chance the Rapper)
(Hot Shower)",Seen as track 5 on a tracklist from Chance's Youtube in June 2019. Differences are unknown.,,,,Confirmed,Not Available,
The Big Day,How Much for a Jet [V1],"OG Filename: How Much for a Jet_0401
File seen in a list of filenames shown by Nyla. Differences are unknown.",,"Apr 1, 2019",,Rumored,Not Available,N/A
The Big Day,"How Much for a Jet [V2]
(feat. ???)","OG Filename: How Much for a Jet_Loud Mix
Throwaway from some time during 2019. While it's unknown if this track was created before or after The Big Day's release, it seems to be the former due to it's sound. Has an unidentified feature and an open verse.",,2019,,OG File,CD Quality,https://pillows.su/f/414e92f70041d92d98dad91ebcf0204d
The Big Day,Justice,"OG Filename: Justice_Scratch_Idea
Throwaway from The Big Day sessions recorded some time in 2019. Contains some mumble.",,,,OG File,CD Quality,https://pillows.su/f/bacd664d90510af26dac765402453ab5
The Big Day,"Meet Me At The Door [V1]
(feat. Juice WRLD & Ant Clemons)
(Door, At The Door)","OG Filename: Meet Me At the Door_Mix1
Original mix confirmed by the filename below.",,,,Confirmed,Not Available,
The Big Day,"⭐️ Meet Me At The Door [V2]
(feat. Juice WRLD & Ant Clemons)
(Door, At The Door)","OG Filename: Meet Me At the Door_Mix2
Throwaway from The Big Day sessions. Features Juice WRLD and Ant Clemons vocals. Unknown who's song it is, however it is quite likely that it is Chance's as he does the hook and there is an open verse, likely for him to record on. Recorded at NightBird Recording Studios in West Hollywood, CA.",3:56,"Apr 23, 2019","Mar 1, 2022",OG File,CD Quality,https://pillows.su/f/9e6124e7510f481246ce3bf308bd3c1d
The Big Day,"Not Single Anymore [V2]
(Found A Good One (Single No More), Not Single No More)","Seen as track 6 on a tracklist from Chance's Youtube in June 2019. Very likely an alternate name for ""Found a Good One (Single No More)"". Differences are unknown.",,,,Confirmed,Not Available,
The Big Day,"On The Run
(Let's Go On The Run)","Seen as track 2 on a tracklist from Chance's Youtube in June 2019. Very likely an alternate name for ""Let's Go On The Run"". Differences are unknown.",,,,Confirmed,Not Available,
The Big Day,"Pray For Real [V2]
(I Pray For Real)",Seen as track 13 on a tracklist from Chance's Youtube in June 2019. Was later given to Peter CottonTale and released in 2019. Differences are unknown.,,,,Confirmed,Not Available,
The Big Day,"Rooster
(Roo)","Seen as track 8 on a tracklist from Chance's Youtube in June 2019. Very likely an alternate name for ""Roo"". Differences are unknown.",,,,Confirmed,Not Available,
The Big Day,"Side Thing [V4]
(feat. Smino)
(Side Chick, Eternal)","Seen as track 14 on a tracklist from Chance's Youtube in June 2019. Confirmed to be an alternate name for ""Eternal"". Differences are unknown.",,,,Confirmed,Not Available,
The Big Day,"Simply [V3]
(feat. TisaKorean) (prod. Murda Beatz & Felix Leone)
(Simply Lemonade, GRoCERIES)","Seen as track 9 on a tracklist from Chance's Youtube in June 2019. Very likely an alternate name for ""GRoCERIES"". Differences are unknown, but it was likely simillar to the single version.",,,,Confirmed,Not Available,
The Big Day,"Skim Thru [V5]
(feat. Daniel Ceaser)",Seen as track 15 on a tracklist from Chance's Youtube in June 2019. Differences are unknown.,,,,Confirmed,Not Available,
The Big Day,"Slide Around [V3]
(prod Pi'erre Bourne)","OG Filename: Slide Around_030619
File seen in a list of filenames shown by Nyla. Differences are unknown.",,,,Rumored,Not Available,N/A
The Big Day,"Slide Around [V4]
(feat. Nicki Minaj & Lil Durk) prod Pi'erre Bourne)","Seen as track 12 on a tracklist from Chance's Youtube in June 2019. Very likely that Nicki and Durk are on this version, as this tracklist was made only a couple days before release.",,,,Confirmed,Not Available,
The Big Day,Still Drinking,"Snippet posted by unreleasedsounds. Era is unknown, but it most may originate in The Big Day sessions judging by it's sound.",,,,Snippet,CD Quality,https://pillows.su/f/ae758017b157400999031f9109a528b3
The Big Day,Sun Come Down [V3],Seen as track 3 on a tracklist from Chance's Youtube in June 2019. Differences are unknown.,,,,Confirmed,Not Available,
The Big Day,✨ Too Much,"OG Filename: Too Much_030419
Track from early ""The Big Day"" sessions. Contains a finished hook, mumble verse, and an open. Also features an unidentified pitched down sample. Unknown when this leaked.",,"Mar 4, 2019",,OG File,CD Quality,https://pillows.su/f/6d477c466ed86901109aac9dd53e7c96
The Big Day,We Go High [V2],Seen as track 18 on a tracklist from Chance's Youtube in June 2019. Differences are unknown.,,,,Confirmed,Not Available,
The Big Day,Where Ya Goin [V2],"Seen as track 17 on a tracklist from Chance's Youtube in June 2019. Unknown what this song is. Confirmed not to be ""We Go High"" as they are both on the same tracklist.",,,,Confirmed,Not Available,
The Big Day,"Consequence - ??? [V2]
(feat. Kanye West)","Later version of ""Chance Liked 9"" with Consequence vocals.The song is a part of LQ Good Ass Job/early Yandhi recordings accidentally imported into the ""New Body"" session. Played on Consequence's Instagram livestream celebrating JESUS IS KING reaching number 1 on the charts. Second snippet is from the 5+ hour VC recording.",,,"Oct 30, 2019",Snippet,Recording,https://pillows.su/f/6126b428a10fce93e748d916824604dd
The Big Day,"Juice WRLD - Juicy
(feat. Chance the Rapper)",Juice WRLD and Chance throwaway found on pillows. Possibly made in the same session as Meet Me At The Door.,,,,Full,CD Quality,https://pillows.su/f/2e8bf0522fcc492a9d573f50c543e53c
The Big Day,"Juice WRLD - ???
(with Chance the Rapper)
(Chance Juice Wlrd Freestyle, Raincoat)","OG Filename: 01_Chance_Juice_Wlrd_Freestyle
Random freestyle Chance and Juice did found on pillows. Possibly made in the same session as Meet Me At The Door. The filename leaves the ownership of the track unclear, but judging by Juice's presence on it, it was likely his.",,,,OG File,CD Quality,https://pillows.su/f/06f6ae62736548d5adcc06c0ef8bb8e8
The Big Day,"Kanye West - Hurricane [V32]
(Don't Let Me Down, Hurricanes, 80 Degrees)",Most likely an unheard version of the song. Track 11 on the March 2019 tracklist for Yandhi.,,,,Confirmed,Not Available,
The Big Day,"Kanye West - Take Me To The Light [V9]
(feat. Lil Dicky & ???)","According to Waterfalls, ""Take Me To The Light"" with Lil Dicky was on the February 2019 version of Yandhi. Other features are unclear.",,,,Rumored,Not Available,N/A
The Big Day,"Francis and the Lights - Metta World Peace [V10]
(feat. Ant Clemons)
(You Still Take Me To The Light, Take Me To The Light)","OG Filename: Metta World Peace FS 01.24.19
Filename leaked. Nothing else is known.",,"Jan 24, 2019",,Rumored,Not Available,N/A
The Big Day,"Francis and the Lights - Metta World Peace [V11]
(feat. Ant Clemons)
(You Still Take Me To The Light, Take Me To The Light)","OG Filename: Metta World Peace FS 01.24.19 w vocal
Filename leaked. Nothing else is known.",,"Jan 24, 2019",,Rumored,Not Available,N/A
The Big Day,"Francis and the Lights - Metta World Peace [V12]
(feat. Ant Clemons)
(You Still Take Me To The Light, Take Me To The Light)","OG Filename: Metta World Peace 01.28.19 add Ant Vox
Filename leaked. Nothing else is known.",,"Jan 28, 2019",,Rumored,Not Available,N/A
The Big Day,"Francis and the Lights - Metta World Peace [V13]
(feat. Ant Clemons)
(You Still Take Me To The Light, Take Me To The Light)","OG Filename: Metta World Peace 01.28.19 add Ant Vox and Rhodes
Filename leaked. Nothing else is known.",,"Jan 28, 2019",,Rumored,Not Available,N/A
The Big Day,"Kanye West - The Garden [V18]
(feat. Slim, Sunday Service Choir & Ty Dolla $ign)","OG Filename: The Garden - Choir - loop - shortened
Edit of the February 28th ""The Garden"" version which shortens the loop of the choirs vocals.",2:00,"Mar 2, 2019","Jul 9, 2023",OG File,Lossless,https://pillows.su/f/dd1f41ea97c72eda102974c6eb6a451a
The Big Day,"Kanye West - The Garden [V19]
(feat. Slim, Sunday Service Choir & Ty Dolla $ign)","OG Filename: The Garden - Choir Loop 03.04.19
 Track 2 on Kim's August tracklist and a August 30th tracklist. Contains only Slim's vocals and Sunday Service Choir vocals, with a little bit of Ty Dolla $ign's vocals being looped. Snippet leaked June 16th, 2023.",2:00,"Mar 4, 2019","Jul 9, 2023",OG File,Lossless,https://pillows.su/f/5c353e2b80d2d6baee54c43c2e584ea7
The Big Day,"Kanye West - The Garden [V20]
(feat. Slim, Sunday Service Choir & Ty Dolla $ign)","OG Filename: The Garden - Choir - loop - extended bass
A different mix of the March 4th, 2019 ""The Garden"" version, adding more bass to the song.",2:00,"Mar 7, 2019","Jul 9, 2023",OG File,Lossless,https://pillows.su/f/0a0d9f3b40fe2f7fc531ff2fecb8c8bf
The Big Day,"Kanye West - The Garden [V21]
(feat. Slim, Sunday Service Choir & Ty Dolla $ign)","OG Filename: The Garden - Choir - loop - muted bass
A different mix of the March 4th, 2019 ""The Garden"" version, removing all bass from the song.",2:00,"Mar 19, 2019","Jul 9, 2023",OG File,Lossless,https://pillows.su/f/c8ef8381943d6428f081c0797e07a86c
The Big Day,"Kanye West - The Garden [V22]
(feat. Slim, Sunday Service Choir & Ty Dolla $ign)","OG Filename: The Garden - shorter loop new bass - 03.19.19
Updated take of the March ""The Garden"" version, reworking the bass seen on the March 4th version and shortening the length of the song.",1:25,"Mar 19, 2019","Jul 9, 2023",OG File,Lossless,https://pillows.su/f/2c523d350d02a57920954fe10ab8ad5c
The Big Day,"Kanye West - The Garden [V23]
(feat. Slim, Sunday Service Choir & Ty Dolla $ign)","OG Filename: The Garden 100 - 03.28.19
Later version of the March 19th ""The Garden"" version, decreasing the BPM of the song to 100.",1:36,"Mar 28, 2019","Jul 9, 2023",OG File,Lossless,https://pillows.su/f/d136af25c01e85e5ca61681662b2b38d
The Big Day,"Noname - Restitution
(feat. Chance the Rapper)","Snippet was apart of Spirdark's Snippet Pack 4 in 2019. Was later leaked by @jackson on July 4th 2019 after a private buy. Likely a scrap from Noname's ""Room 25"".",,,,Full,CD Quality,https://pillows.su/f/54eab554e72442ab86bbe53d6a21e41d
The Big Day,"🗑️ Mr. Hotspot - HSKT
(feat. Chance the Rapper)
(Head Shoulders Knees Toes)","OG Filename: HSKT_Hotspot_1
Leaked in the 62 gigabyte leak. Interpolates the ""Head Shoulders Knees and Toes"" children's song. Worst song ever. Became a TikTok trend in 2020 for some fucking reason.",,,"Jul 4, 2024",OG File,Lossless,https://pillows.su/f/c8076d5a84826544d19139724c5c9eb3
The Big Day,"✨ Young Thug - Skyline
(feat. Chance the Rapper)","Young Thug track featuring Chance. Leaked on May 26, 2022.",,,"May 26, 2022",Full,CD Quality,https://pillows.su/f/770a6c7e3a1347788c439c3e479a8390
"3 OG File(s)
16 Full
0 Tagged
8 Partial
19 Snippet(s)
52 Unavailable",STAR LINE,,,,,,,
STAR LINE,"Better Move [V1]
(ref. Jozzy) (prod. Kanye West)","Jozzy reference track for Lizzo and Chance the Rapper with Kanye production. Originally thought to be made for Good Ass Job but according to Alek it was actually created on April 13th, 2020. Unknown if Chance, Kanye or Lizzo ever recorded for this, or if it was actually a song intended for Kanye's album, but there's a chance Jozzy's verse was intended for Kanye, due to the ""Different game and the same Yeezus"" and ""They say I'm bipolar"" lines. Leaked by Whisper. Instrumental leaked by Alek on June 27, 2022.",2:56,"Apr 13, 2020","Jul 12, 2021",Full,CD Quality,https://pillows.su/f/f13c7025fce14c28b610d9f716bb2d32
STAR LINE,"Better Move [V2]
(ref. Jozzy) (prod. Kanye West)","Version of ""Better Move"" with a better beat. Leaked November 14th, 2022.",2:47,,"Nov 15, 2022",Full,Lossless,https://pillows.su/f/d1c10846314f72a575925ae1f6ea90c1
STAR LINE,"Chance The Rapper's All That Theme Song
(feat. Mr_Hotspot, Chicago Children's Choir & Reeseynem)
(All That)","Snippet posted to Chance's Instagram around June or July of 2019, likely after The Big Day's release. Heavily samples ""All That (Theme Song)"" by TLC and features a choir interpolating the sample.",,,,Partial,High Quality,https://pillows.su/f/4e10257c0d3d61af17401669b1120b0a
STAR LINE,Doing My Thang,"OG Filename: Doing my thang freestyle 1A 3-13
Freestyle from an unknown era, contains some mumble. Possibly post-The Big Day due to its sound. Leaked in the 62 gigabyte mass leak.",,,"Jul 4, 2024",OG File,CD Quality,https://pillows.su/f/6bdb6db8e1b19086ca8f49f31139307f
STAR LINE,"Matching Pateks
(feat. Calboy)","OG Filename: Matching Pateks_Calboy Verse
Throwaway from sometime in 2019, likely post-The Big Day release. Leaked in the 62 gigabyte mass leak. Technically not an OG file as the metadata has been altered.",,,"Jul 4, 2024",Full,CD Quality,https://pillows.su/f/cd20ec8c2ecf8fcecb29dc84d19c23bb
STAR LINE,"Where The Spirit Is [V1]
(House of Kicks)","Preview of what would eventually become ""House Of Kicks Theme Song"".",,,,Snippet,CD Quality,https://pillows.su/f/4d1bacd44d04f0e541cbf1ffe8edb050
STAR LINE,"House of Kicks [V2]
(Where The Spirit Is)","Video of Chance doing the sample chop for ""House of Kicks"" on his MPC posted to his Instagram.",,,,Snippet,Recording,https://pillows.su/f/7a418fb5285b03408f5c15a7f151d7b7
STAR LINE,"House of Kicks [V3]
(Where The Spirit Is)",Longer snippet of the House Of Kicks theme song.,,,,Snippet,CD Quality,https://pillows.su/f/ba77187c5131c31445afa57b5ad63fe3
STAR LINE,Unknown [Lil Yachty Collaborations],"According to the file folder shown in the Johnny Dang snippet, there were likely 15 other tracks made in the August 22nd session.",,"Aug 22, 2022",,Confirmed,Not Available,
STAR LINE,"Francis and the Lights - Take Me To The Light 2030 [V14]
(feat. Kanye West & Bon Iver)
(Fine Line, You Still Take Me To The Light, Metta World Peace)","Version likely planned for Francis' album. Has a more dynamic and upbeat version of the instrumental compared to other versions. Snippet from Teddy Walton's Instagram of a possible music video for a new version of ""Take Me To The Light"". Unofficial bounce.",3:00,,"Aug 16, 2024",Full,CD Quality,https://pillows.su/f/ad6d912d0ff8af65ded21c0735c56ec8
STAR LINE,"G Herbo - PTSD [V1]
(ref. Clever) (prod. d.a got that dope)","Reference track for ""PTSD"" done by Clever.",,,,Snippet,CD Quality,Link Needed
STAR LINE,"G Herbo - PTSD [V2]
(fear. Juice WRLD) (prod. d.a got that dope)",Solo G Herbo demo.,,,,Full,CD Quality,Link Needed
STAR LINE,"G Herbo - PTSD [V3]
(feat. Juice WRLD & Chance the Rapper) (prod. d.a got that dope)",Version without vocals from Uzi.,,,,Full,CD Quality,Link Needed
STAR LINE,"Kanye West - The Garden [V24]
(feat. Slim & Sunday Service Choir)","OG Filename: The Garden Fast Grid - 07.18.19 - Choir Loop shorter
Version of the song made during JESUS IS KING-era, however, not the version found on the August copy.",1:08,"Jul 18, 2019","Jul 9, 2023",OG File,Lossless,https://pillows.su/f/fc25d2753a04eb173c49b4a25ad17c40
STAR LINE,"Lil Yachty - Special Ed
(with Chance The Rapper)
(Free Palenstine)","OG Filename: Special Ed_Edit 1
First previewed by Yachty on The Boat Show S02 E03 at 6:27-7:00. Confirmed to be recorded on August 16-17, 2020, with it being the last song of the session with Chance that happened after Yachty's drive in concert in Chicago. CDQ snippet later leaked by Propkers. Leaked for free after being passed on April 4, 2026. Last 40 seconds is open.",2:24,"Aug 16, 2020","Apr 6, 2026",OG File,CD Quality,https://pillows.su/f/7d22af611a729788ea63db67d9e2405a
STAR LINE,"Lil Yachty - ??? [V1]
(prod. Richie Souf)
(Johnny Dang, Tissue)","Initial version of ""Johnny Dang"". Confirmed to be just a beat at the time, as Chance tells Yachty, ""you're on beats"", and he can be seen recording for it in the snippet footage.",,,"Nov 9, 2020",Confirmed,Not Available,https://pillows.su/f/bf8b9ffac3dbb6998a082bef602edb46
STAR LINE,"🏆 Lil Yachty - ??? [V2]
(with Chance the Rapper) (prod. Richie Souf)
(Johnny Dang, Tissue)","Song from the same Chance and Yachty studio session as ""Demons"". Previewed during S2 EP3 of Lil Yachty's ""The Boat Show"" Youtube series. Features a beat based on a reversed melody loop.Yachty can be seen recording his vocals in the snippet. Was thought to be releasing on ""Lil Boat 3.5"", however it never did.",,"Aug 22, 2022","Nov 9, 2020",Snippet,Recording,https://pillows.su/f/bf8b9ffac3dbb6998a082bef602edb46
STAR LINE,"Lil Yachty - ???
(with Chance the Rapper)
(Demons)","Song from the same Chance and Yachty studio session as ""Johnny Dang"". Previewed during S2 EP3 of Lil Yachty's ""The Boat Show"" Youtube series.",0:39,"Aug 22, 2022","Nov 9, 2020",Snippet,Recording,https://pillows.su/f/f710d401d25f1a572b45a99a832e229e
STAR LINE,"3333 [V1]
(prod. Pale Jay)","The original piano sample, used for 3333. Most possibly played by Pale Jay, due to him being a pianist and listed as a producer on the song, but it is unknown if it was made for it. Snippet posted to Chance's Instagram on November 30, 2024.",,,,Snippet,High Quality,https://pillows.su/f/e579613ff131a50a731f61ca257f7b32
STAR LINE,"3333 [V2-V?]
(feat. Rachel Robinson) (prod. Pale Jay, Al Hug & Zach Niess)","The further developments of the song, including Chance vocals and Rachel Robinson feature, along with extra production. Includes the OG File, uploaded onto the streamings.",,,,Confirmed,Not Available,N/A
STAR LINE,All My People,"Song title seen in a notebook given to a patron of the July 25, 2024 Writings on the Wall LP. Posted to Instagram by Chance on November 23, 2024.",,,,Confirmed,Not Available,https://www.instagram.com/p/DCuMfWgvmz5/?img_index=1&igsh=Z2tnbm9oYWF2ZXhq
STAR LINE,"Angie Got Stoned
(feat. ???)","Track 3 on the December 2022 STAR LINE tracklist. performed at the Ramova Theater both in Feburary and in April, however no recordings have surfaced.",,,"Apr 13, 2024",Confirmed,Not Available,https://www.setlist.fm/setlist/chance-the-rapper/2024/ramova-theater-chicago-il-6bad0e8e.html
STAR LINE,Aquabus,"Seen in a notebook in the ""Child of God"" music video with the lyrics: 

""Chicago Avenue yea
the ave was the pal
No school Mondays
But math was the path
100 brothers in huddle sharing half  [?] a half  a fraction of friction 
[?] you didnt have a home 
[?] friend or have dads 
[?] thieves organized 
[?] genouse 
[?] downtown lotta aint shits 
...e's 
[?] ...a hand in everything are [?] 
[?] through hotel kitchens 
[?] cities 
...rise dreams 
...th two hoodies 
[?] Lanky 20 lanky kids with me but [?] 
[?] nigga 
[?] you know where to go 
...g you know where to go""",,,,Confirmed,Not Available,https://youtu.be/qb2WxKdXcxQ
STAR LINE,Back In Time,"Seen in a notebook in the ""Child of God"" music video with the lyrics: 

""I can't be the look out
the best I can do is tell u lookout
Iono why yall keep inviting all 
these white folk to the cookout
then wondering why we losing recipies
u just put the book out
Im just proud to be an atendee""",,,,Confirmed,Not Available,https://youtu.be/qb2WxKdXcxQ
STAR LINE,"Back To The Go [V1-V33]
(feat. VIC MENSA) (prod. Stix & Ephra)",Alternate mixes proven by the filename below.,,,,Confirmed,Not Available,
STAR LINE,"Back To The Go [V34]
(feat. VIC MENSA) (prod. Stix & Ephra)","OG Filename: Back to the Go_33_MASTERV2
Filename shown on Paris Simone's Instagram story 8/14/2025. Most likely the OG file to release.",,,,Confirmed,Not Available,
STAR LINE,Bad Kids,"Track 2 on the December 2022 STAR LINE tracklist. Snippet posted by Chance to Twitter. Seen as 2 pages a notebook in the ""Child of God"" music video with the lyrics: 

""I know its awful its atrocious
Its a tired trope
But every saint done got a stain upon they choir robe
Rolling mobile home""

""I roll down my windows for my dogs
who miss they dawgs
the air is thin""",,,,Snippet,High Quality,https://www.tiktok.com/@chancetherapper/video/7253164361642937646
STAR LINE,Child of God [V1],Track 13 on the December 2022 STAR LINE tracklist. Differences are unknown.,,,,Confirmed,Not Available,
STAR LINE,Child of God [V2],Snippet of Child of God with slightly different production. Found on pillows.,,,,Snippet,CD Quality,https://pillows.su/f/7c15a9c21a5942d6961fda8d23bd607d
STAR LINE,🏆 CNN,"Seen as 3 pages in a notebook in the ""Child of God"" music video with the lyrics: 

""My lover
My verb form
My strangers
My empathy, I hurt for em
The coldness, the darkness where the earth formed
Before the first storm, before the bird swarm
Before the earths warm

""[?] pain joy + grief
[?] back brush ya teef
[?] go back to bed
[?] brush ya head

[?] two bars in a mexican standoff
[?] you shall not pass like gandalf
[?] you shall not pass like a handoff
[?] I could even rhyme it
...ch it
[?] catchet then to bury the hatchet

[?] yo back where u barely south""

""Thats like the surface of my purpose
and practice
I been sleepin in the guestroom my back
hurts from the mattress
back to back when we actually share
Sheets and blanket
back to back wins for the aint shit national
love to talk crazy ion speak that language
[?] kindness like please and thanks Bitch
...g for words
[?] cause my alert..
...ast that I thought Id hur
[?] thought(ful) philospher
[?] talk the talk why the wall with her
[?] tounge gift of gab is gone
[?] gun
[?] not the ones about b...
[?] they act like we got [?]
...oad story till u rap one [?]
...ap shot of life going plat
[?] when shit kick in [?] 
[?] jail broken""

""Im real open I'm either or
whale boatin
With her Im tounge tied Im tip toein
mail voting
Im on stage like hull to sell poems yell slogans
I come home for foot rubin and [?]
We have words Im shell shocked and hells hot
[?] we sposed grow throwin low blows [?]""",,,,Confirmed,Not Available,https://youtu.be/qb2WxKdXcxQ
STAR LINE,Dead Beats,"Posted by Chance on Instagram on July 5th, 2023 and has been pinned to his profile ever since. According to Chance, the title ""Dead Beats"" is only temporary and will probably be changed if it sees an official release.",,,,Partial,High Quality,https://pillows.su/f/d2330851156a97a7828caa2480be2f89
STAR LINE,"Drapetomania [V1-V57]
(feat. BabyCheifDoit) (prod. DEXLVL)",Alternate mixes proven by the filename below.,,,,Confirmed,Not Available,
STAR LINE,"Drapetomania [V58]
(feat. BabyCheifDoit) (prod. DEXLVL)","OG Filename: Drapetomania_57_MASTERV2
Filename shown on Paris Simone's Instagram story 8/14/2025. Most likely the OG file to release.",,,,Confirmed,Not Available,
STAR LINE,Disciple Of God,Track 15 on the December 2022 STAR LINE tracklist. Information is unknown.,,,,Confirmed,Not Available,
STAR LINE,"Don't Ever Stop Loving Me
(Don't Stop, Enjoy The Ride)","performed by Chance when he showed up at The Ramova Theater to preview some STAR LINE tracks. Contains a sample of a simillar name. Was also posted to Instagram, however this snippet has been lost.",,,,Full,Recording,https://pillows.su/f/f8023c97616ae5064e7d16733e42b5f7
STAR LINE,Eucalyptus,"Seen in a notebook in the ""Child of God"" music video with the lyrics:

""Have you ever seen a angel in plain clothes
No robe no wings no halo
[?] over blessing with black + white rainbow

[?] the angels layed down
[?] became mountain
[?] he aint countin""",,,,Confirmed,Not Available,https://youtu.be/qb2WxKdXcxQ
STAR LINE,Everything,Performed by Chance when he showed up at The Ramova Theater to preview some STAR LINE tracks.,,,,Full,Recording,https://pillows.su/f/567d8b75d39b8a85f0f19fdbb1f43427
STAR LINE,Feels So Good,Track 6 on the December 2022 STAR LINE tracklist. Information is unknown.,,,,Confirmed,Not Available,
STAR LINE,Fix You,"Seen in a notebook in the ""Child of God"" music video with the lyrics: 

""Somebody hand me my arm
Somebody give me a hand
Somebody give me [?]
Some bodies are built to watch
Some bodies are built to dance
Some bodies just lay here
Some nobodies

Nobody give a damn
[?] heart don't work right
[?] stopped having bad dreams
[?] still don't sleep good
[?] my self together

[?]
[?] I broke my fall
[?] I dropped the ball
[?] tried to land
[?] give a damn""",,,,Confirmed,Not Available,https://youtu.be/qb2WxKdXcxQ
STAR LINE,Guide,"Performed during Chance's second show at Ramova Theater on April 13, 2024. Information is unknown.",,,"Apr 13, 2024",Confirmed,Not Available,https://www.setlist.fm/setlist/chance-the-rapper/2024/ramova-theater-chicago-il-6bad0e8e.html
STAR LINE,"Gun In Yo Purse [V1]
(prod. DEXLVL, Tommy Parker & Ambezza)","Song title seen in a notebook given to a patron of the July 25, 2024 Writings on the Wall LP. Features Chance rapping over a jerk-style beat. Posted to Instagram by Chance on November 23, 2024, with a snippet being posted on November 24. Unknown if this version has the features from the final version.",,,,Snippet,High Quality,https://pillows.su/f/3ecb54128565fba64ac17e9af9870910
STAR LINE,Helmet,"Seen as two pages in a notebook in the ""Child of God"" music video with the lyrics: 

""Everything was good
[?] still there
but everything is gone
everything is wrong with me
[?] back one day
[?] told you Id be back

Monday + Tuesday + Wednesday
[?] LA changed but ya

Everything's gone
[?] there
[?] gone
[?] wrong with me

[?] soon
[?] the room""


""And everything was gone
I thought the feelings would be there 
Everything""",,,,Confirmed,Not Available,https://youtu.be/qb2WxKdXcxQ
STAR LINE,"Intro [V1]
(Starline Intro, Star Side Intro)","Track 1 on the December 2022 STAR LINE tracklist. Early version posted by Chance at some point, either advertising a concert or STAR LINE itself. Apparently sounded like ""Good Ass Intro"".",,,"Apr 13, 2024",Confirmed,Not Available,
STAR LINE,⭐ I Will Be Your,"Fully finished freestyle from STAR LINE sessions and most probably has a unseen number of the writing exercise. Samples ""Don’t Stop Doin’ What ’Cha Do"" by Stephanie Mills. Released loosely on Chance's official Youtube channel.",,,"Jan 29, 2024",Full,High Quality,
STAR LINE,"Star Side [V2-V58]
(prod. Dexter Coleman, Peter CottonTale & Chance the Rapper)
(Starline Intro, Star Side Intro)",Alternate mixes proven by the filename below.,,,,Confirmed,Not Available,
STAR LINE,"Star Side [V59]
(prod. Dexter Coleman, Peter CottonTale & Chance the Rapper)
(Starline Intro, Star Side Intro)","OG Filename: Star Side_57_MASTERV2
Filename shown on Paris Simone's Instagram story 8/14/2025. Most likely the OG file to release.",,,,Confirmed,Not Available,
STAR LINE,"Just A Drop
(prod. Stix, VoidStryker & Catherine Clark)","Performed during Chance's second show at Ramova Theater on April 13, 2024. It's unknown if this version featured Jay Electronica yet.",,,"Apr 13, 2024",Confirmed,Not Available,https://www.setlist.fm/setlist/chance-the-rapper/2024/ramova-theater-chicago-il-6bad0e8e.html
STAR LINE,"Keys To The City
(with VIC MENSA)","Recorded sometime in 2021. Snippet leaked August 22nd, 2022.",,,"Aug 22, 2022",Snippet,CD Quality,https://pillows.su/f/337120dae1ec4a1cb48be6df4f773260
STAR LINE,"✨ Kick In The Door
(prod. DJ Premier)","Freestyle over the beat to ""Kick In The Door"" by The Notorious B.I.G.. Posted by Chance on Instagram.",,,,Full,High Quality,https://pillows.su/f/b6d56f7bb1a646128801ecb7d105a006
STAR LINE,"Link Me [V1]
(Link Me In The Future, Waiting On Forever)","Previewed by Chance on Instagram. Described by a Redditor who had attended the ""Writings on the Wall"" listening experience to be one of the greatest songs Chance has ever made. performed by Chance when he showed up at The Ramova Theater to preview some STAR LINE tracks.",,,,Partial,High Quality,https://pillows.su/f/3835738aa3916b815390e5df67bead34
STAR LINE,"Link Me [V2-V26]
(prod. Smoko Ono, Garren, DEXLVL & Sam Barsh)
(Link Me In The Future, Waiting On Forever)",Alternate mixes proven by the filename below.,,,,Confirmed,Not Available,
STAR LINE,"Link Me [V27]
(prod. Smoko Ono, Garren, DEXLVL & Sam Barsh)
(Link Me In The Future, Waiting On Forever)","OG Filename: No More Old Men_40_MASTERV2
Filename shown on Paris Simone's Instagram story 8/14/2025. Most likely the OG file to release.",,,,Confirmed,Not Available,
STAR LINE,"???
(M...)","Track 12 on the December 2022 STAR LINE tracklist. Hard to decypher due to the image's low quality. Possibly ""Mommy"" seen in the ""Child of God"" notebook.",,,,Confirmed,Not Available,
STAR LINE,"Mommy [V1]
(My Momma)","Seen in a notebook in the ""Child of God"" music video with the lyrics: 

""Get her guns out we are ^ army
We should you the alarm
you heard em coming
we shoulda believed should heed
ya warning
yeh I hear ya now we are ya army
...e smell the smoke n we hear
[?] bombings
[?] building
[?] turn to zombies
[?] the gun getcha gun out mommy
[?] toiled the work
...d w/ the money
[?] ya hurt
[?] to bury me
...m we fightin the enemie
[?] tried to Vietnam me
...ude but we""",,,,Confirmed,Not Available,https://youtu.be/qb2WxKdXcxQ
STAR LINE,"My Momma [V2]
(Mommy)","Song title seen in a notebook given to a patron of the July 25, 2024 Writings on the Wall LP. Likely a more developed version of the ""Mommy"" track seen in the Child of God notebook. Posted to Instagram by Chance on November 23, 2024.",,,,Confirmed,Not Available,https://www.instagram.com/p/DCuMfWgvmz5/?img_index=1&igsh=Z2tnbm9oYWF2ZXhq
STAR LINE,"No More Old Men [V1-V40]
(feat. Jamila Woods) (prod. Darkchild, Rhyan Douglas, Shanks, XYNothing, Demibby, KCdaproducer & Mykelonthebeat)",Alternate mixes proven by the filename below.,,,,Confirmed,Not Available,
STAR LINE,"No More Old Men [V41]
(feat. Jamila Woods) (prod. Darkchild, Rhyan Douglas, Shanks, XYNothing, Demibby, KCdaproducer & Mykelonthebeat)","OG Filename: No More Old Men_40_MASTERV2
Filename shown on Paris Simone's Instagram story 8/14/2025. Most likely the OG file to release.",,,,Confirmed,Not Available,
STAR LINE,Ride [V1],"Performed during Chance's second show at Ramova Theater on April 13, 2024. It's unknown if this version features Do or Die.",,,"Apr 13, 2024",Confirmed,Not Available,https://www.setlist.fm/setlist/chance-the-rapper/2024/ramova-theater-chicago-il-6bad0e8e.html
STAR LINE,"Ride [V2-V57]
(feat. Do or Die) (prod. DEXLVL & Chance the Rapper)",Alternate mixes proven by the filename below.,,,,Confirmed,Not Available,
STAR LINE,"Ride [V58]
(feat. Do or Die) (prod. DEXLVL & Chance the Rapper)","OG Filename: Ride_56_MASTER_V2
OG file to release version, confirmed by the Star Line Cruise game. Filename shown on Paris Simone's Instagram story 8/14/2025.",,,,Confirmed,Not Available,
STAR LINE,"Speed of Light [V1]
(The Speed of Light)","Version of ""Speed of Light"" seen as track 4 on the December 2022 STAR LINE tracklist. As far as we know, this track has been worked on for at least two years.",,,,Confirmed,Not Available,
STAR LINE,"Speed of Light [V2]
(The Speed of Light)","According to Chance, ""Speed of Light"" was one of favorite songs he was working on as of July 2024. Was previewed during the Writings on the Wall LP on July 25, 2024. Differences are unknown.",,,,Confirmed,Not Available,https://www.instagram.com/p/DCuMfWgvmz5/?img_index=1&igsh=Z2tnbm9oYWF2ZXhq
STAR LINE,Speed Of Love,"Track 14 on the December 2022 STAR LINE tracklist. Hard to decypher due to the image's low quality. Was thought to be ""Speed of Light"" written again.",,,,Confirmed,Not Available,
STAR LINE,"The Heart & The Tounge
(prod. Chance the Rapper)","Video of Chance making the sample chop for ""The Heart & The Soul"", posted to his Instagram.",,,,Snippet,Recording,Link Needed
STAR LINE,"The Highs + The Lows [V1]
(feat. Joey Bada$$) (prod. DEXLVL)
(The Highs & The Lows)",Track 5 on the December 2022 STAR LINE tracklist. Differences are unknown.,,,,Confirmed,Not Available,
STAR LINE,"Highs And Lows [V2]
(feat. Joey Bada$$) (prod. DEXLVL)
(The Highs & The Lows)",Previous master proven by the filename below.,,,,Confirmed,Not Available,
STAR LINE,"Highs And Lows [V3]
(feat. Joey Bada$$) (prod. DEXLVL)
(The Highs & The Lows)","OG Filename: HIGHS AND LOWS_MASTERV2
Filename shown on Paris Simone's Instagram story 8/14/2025. Most likely the OG file to release.",,,,Confirmed,Not Available,
STAR LINE,"The Fox & The Scorpion
(Writing Exercise #35)",,,,"Apr 2, 2026",Partial,Low Quality,
STAR LINE,"The International Anthem
(feat. VIC MENSA)",Track 7 on the December 2022 STAR LINE tracklist. Information is unknown.,,,,Confirmed,Not Available,
STAR LINE,"🏆 The Last Stair
(feat. ???)
(Last Stair)","Track 16 on the December 2022 STAR LINE tracklist. Has been teased by Chance for a very long time, with him posting the single art to it on his Instagram on August 22, 2024.",,,,Confirmed,Not Available,
STAR LINE,"✨ The Lion
(Writing Exercise #815)","One of the last freestyles ever made for STAR LINE, released on Youtube just a week before release of the album. Contains an unknown sample and a fully finished freestyle.",,,,Full,High Quality,
STAR LINE,"The Mexican Standoff
(feat. Fya Man)
(Standoff)","Track 11 on the December 2022 STAR LINE tracklist. Most likely the same song as ""Standoff"" which was previewed at Ramova Theater on Feburary 16, 2024. Unknown if this track is related to ""CNN"" which contains the lyrics, ""[?] two bars in a mexican standoff / [?] you shall not pass like gandalf"".",,,"Feb 16, 2024",Confirmed,Not Available,
STAR LINE,"The Negro Problem [V1]
(Negro Problem)","Track 10 on the December 2022 STAR LINE tracklist. Information is unknown. performed by Chance when he showed up at The Ramova Theater to preview some STAR LINE tracks. performed again in much higher quality at Noochie’s ""Live From The Front Porch"" concert.",,,"Aug 13, 2024",Full,Recording,https://pillows.su/f/58403e2445b97956dcb02cf9976ee5af
STAR LINE,"Negro Problem [V2-V75]
(feat. BJ The Chicago Kid) (prod. Smoko Ono, Tommy Parker, Ashton Sellars, Aneesa Al-Musawwir & DEXLVL)
(The Negro Problem)",Alternate mixes proven by the filename below.,,,,Confirmed,Not Available,
STAR LINE,"Negro Problem [V76]
(feat. BJ The Chicago Kid) (prod. Smoko Ono, Tommy Parker, Ashton Sellars, Aneesa Al-Musawwir & DEXLVL)
(The Negro Problem)","OG Filename: NEGRO PROBLEM_75_MASTER_V2
Filename shown on Paris Simone's Instagram story 8/14/2025. Most likely the OG file to release.",,,,Confirmed,Not Available,
STAR LINE,The Other Side,Track 8 on the December 2022 STAR LINE tracklist. Information is unknown.,,,,Confirmed,Not Available,
STAR LINE,Voices Speak,"Seen in a notebook in the ""Child of God"" music video with the lyrics: 

""Notta lotta niggas make out the pen
Even lesser niggas make it back""",,,,Confirmed,Not Available,https://youtu.be/qb2WxKdXcxQ
STAR LINE,Water,Performed by Chance when he showed up at The Ramova Theater to preview some STAR LINE tracks.,,,,Partial,Recording,https://pillows.su/f/bbf90b0ced903eab3041afd8a18fd957
STAR LINE,Will,"Track dedicated to Will Smith. Snippet posted and swiftly deleted on Chance's Instagram on 9/1/24. Possibly planned to be the next single, as it had a music video to go along with it.",,,,Snippet,High Quality,https://pillows.su/f/6c9bcd693ad69ce28e2b2493b33759b3
STAR LINE,"Writing Exercise #1
(feat. VIC MENSA)
(Slave Teeth, George Washington)","Snippet shared by Chance on Instagram. Likely intended for STAR LINE, as all known writing exercises so far have been. Confirmed to be named ""Writing Exercise #1"" after an unlisted video of the song was discovered on Chance's Youtube.",,,,Snippet,High Quality,https://pillows.su/f/6a93e2791e56c007d7fcea33e074c0d4
STAR LINE,"✨ Writing Exercise #2
(Back Here Again)",One of the earliest freestyles for STAR LINE. Contains an unknown sample and has been loosely released on Chance's official Youtube channel.,,,"Apr 4, 2022",Full,High Quality,
STAR LINE,"⭐ Writing Exercise #24
(prod. DexLvL & Gabe Jaskowiak)
(Mama)","Lyrically finished STAR LINE freestyle with a slightly rough take. Contains a sample of an unknown cover of ""Time"" by Eugene Record, and mixed by Gabe Jaskowiak. Loosely released on Chance's official Youtube channel.",,,"Sep 17, 2024",Full,High Quality,
STAR LINE,YAH Know,Track 9 on the December 2022 STAR LINE tracklist. Most likely the same version posted to twitter in December. Lacks the sample.,,,,Partial,High Quality,https://pillows.su/f/8d2c7403fca3d7655301e5c72162fa99
STAR LINE,???,"Snippet heard at the end of an Instagram vido posted by Chance on December 2, 2024.",,,,Snippet,High Quality,https://pillows.su/f/c87fa03d95f17546df2c60ead9a09c71
STAR LINE,"???
(Tell You)","Snippet posted to Chance's Youtube on November 27, 2024. Contains an unidentified sample. A large portion was previewed, however it's unknown if this is the full track.",,,,Partial,High Quality,https://pillows.su/f/736b18c22109e00c9b5e7cd1da50552c
STAR LINE,"???
(Bigger)","Posted by Chance with the exact picture in the linked file's tags. The man in the cover is Frank Lucas, a drug lord from New York.",,,,Snippet,CD Quality,https://pillows.su/f/26da232f07e02730d36f5a844ada9670
STAR LINE,"???
(Job)","Played by Chance before a LP showing, features him singing along to what's assumed to be the hook.",,,,Snippet,Recording,https://pillows.su/f/5478343a686406f0e0ec19f1955487e3
STAR LINE,"???
(Poridge)","Played by Chance before a LP showing, Has comically loud bass.",,,,Snippet,Recording,https://pillows.su/f/5c4d9a89513bdbbe9ad9b8417fd0f05c
STAR LINE,"???
(Folded Flag)","Posted by Chance, probably for STAR LINE.",,,,Snippet,High Quality,Link Needed
STAR LINE,Unknown [CeeLo Green Collaborations],Ceelo Green was seen singing on a track.,,,,Confirmed,Not Available,
STAR LINE,Unknown [Lil Yachty Collaboration],Collaboration said to exist by members of the community. Possibly recorded sometime in 2021.,,,,Rumored,Not Available,N/A
STAR LINE,Unknown [Ski Mask The Slump God Collaboration],Collaboration said to exist by members of the community. Possibly recorded sometime in 2021 or 2022.,,,,Rumored,Not Available,N/A
STAR LINE,Unknown [Smino Collaborations],"Smino and Chance were seen in the studio earlier in 2022, it's likely that they made a few tracks together.",,,,Rumored,Not Available,N/A
STAR LINE,Unknown [VIC MENSA Collaborations],"In an interview with Complex, VIC MENSA stated that ""[he] and Chano have been working on a lot of music for a while now"", and that ""there’s much more to come"". This is most likely refering to new GOTENKS material being worked on.",,,,Confirmed,Not Available,https://www.nme.com/news/music/listen-to-chance-the-rapper-and-vic-mensas-new-song-writing-exercise-3-wraith-3225860
STAR LINE,Unknown [Writing Exercises],"Chance has been posting numbered ""Writing Exercise"" tracks on his Instagram and YouTube. Numbers 4, 6-16, 18-23, and 25-61 are currently all unavaliable.",,,,Confirmed,Not Available,
STAR LINE,"Consequence - Daybreak
(feat. Chance the Rapper) (prod. Consequence)","Announced on an Instagram post by Consequence. Features sample based production. Was assumed to be releasing along with his project Nice Doing Business With You, however it never did. Posted along with a snippet, but unfortunately this has been lost. Played by Consequence on an IG livestream on 10/16/24.",,,"Oct 16, 2024",Partial,Recording,https://pillows.su/f/5b0c2ed6db98fef3368e217e9af266ad
STAR LINE,"Kanye West - The Garden [V25]
(feat. Slim, Sunday Service Choir & Ty Dolla $ign)","Version of ""The Garden"" intended for release on the stem player. Leaked in full 12/12/24.",1:26,,"Dec 12, 2024",Full,High Quality,https://pillows.su/f/a0721f0f866154ed113fbf68149ada91
STAR LINE,"⭐️ VIC MENSA - Big House Dilema
(with Chance the Rapper) (prod. BongoByTheWay & Johan Lenox) 
(BHD, $WISH)","Leaked randomly in 2022. Most likely recorded during 2022 GOTENKS sessions. Was released as ""$WISH"" on Vic's 2023 album VICTOR, with a G-Eazy feature on the track and alternate intro.",,,"Oct 6, 2022",Full,CD Quality,https://pillows.su/f/c8f8ee2e58eb4c76ae07130eb1067317
"0 OG File(s)
1 Full
0 Tagged
1 Partial
0 Snippet(s)
2 Unavailable",Ongoing,,,,,,,
Ongoing,"Going Back
(prod. 7000aka7k)","Fully finished song, released 8 months after STAR LINE. Might be a writing exercise for it, judging by the production of 7000aka7k, and might be the full version, but it seems to cut off the intro.",~3:50,,"Apr 8, 2026",Partial,Low Quality,
Ongoing,"⁉️ Untitled
(I Hope)","Finished song with 2 verses and a hook, confirmed to be made in 2026. The full version from Youtube is lost, and only the lower quallity snippet of the first verse is available.",2:06,,"Feb 7, 2026",Full,High Quality,
Ongoing,"A$AP Rocky - STFU [V1]
(feat. Slay Squad)","First version of DON'T BE DUMB's STFU. Presumably has no Chance adlib, as he might've recorded it later by Rocky's request out of the main session.",,,,Rumored,Not Available,N/A
Ongoing,"A$AP Rocky - STFU [V2]
(feat. Slay Squad & Chance the Rapper)",OG File for release version. Confirmed to be owned by some sellers.,,,,Confirmed,Not Available,N/A
