Era,Name,Notes,Track Length,File Date,Leak Date,Available Length,Quality,Link(s)
"0 OG File(s)
4 Full
0 Tagged
0 Partial
0 Snippet(s)
2 Unavailable",See.SZA.Run,,,,,,,
See.SZA.Run,"✨ Exit Wounds
(prod. Belevista Boys)",Originally released on SZA's now-deleted Bandcamp account. Considered a throwaway from the See.SZA.Run sessions.,4:06,,"Apr 5, 2011",Full,CD Quality,https://pillows.su/f/dd07e9c9d3fd26e1c5d02d0747abef68
See.SZA.Run,"Manhattan - Blurry Lines
(feat. SZA) (prod. Air French Band)",Originally released on Manhattan's now-deleted Bandcamp account. Track 5 on his album Road To FADER.,N/A,,"Nov 29, 2010",Confirmed,Not Available,N/A
See.SZA.Run,"✨ Manhattan - I'd Rather
(feat. SZA) (prod. APSuperProducer)","Originally released on SZA's now-deleted Bandcamp account. Was originally released on January 5, 2012, when it resurfaced on May 13, 2026, after being lost for almost a decade.",N/A,,"May 13, 2026",Full,High Quality,https://pillows.su/f/7171e3e0f678ceddb703fd2d1d599d84
See.SZA.Run,"✨ Manhattan - Soldier
(feat. SZA) (prod. Emay)
(If I Had A Soldier)",Originally released on Manhattan's now-deleted Bandcamp account. Track 4 on his album Road To FADER.,2:28,,"Nov 29, 2010",Full,High Quality,https://pillows.su/f/dad3ce07fb1ce2fce5fd3412ee315594
See.SZA.Run,"✨ Manhattan - Where Do We Go? / Faraway
(feat. SZA) (prod. M.I.K.E SEE)",Originally released on Manhattan's now-deleted Bandcamp account. Track 5 on his album Live From The Glitter Dome.,6:46,,"Jun 24, 2010",Full,High Quality,https://pillows.su/f/f2b2c4e85fd07622d24e09c693278afe
See.SZA.Run,"🏆 XXYYXX - outro [V1]
(feat. SZA) (prod. XXYYXX)
(safer)","Uncut version of the song which was supposedly bounced on 4/7/2011 based on the filename of the shortened version uploaded to SoundCloud: ""outro [2018-11-11 040711]"".",?:??,"Apr 7, 2011","Nov 11, 2018",Confirmed,Not Available,N/A
"0 OG File(s)
1 Full
0 Tagged
0 Partial
0 Snippet(s)
1 Unavailable",S,,,,,,,
S,"Band-Aids In A Box
(prod. Felix Snow)",A throwaway from the S sessions. Leaked on 10/26/2016.,2:40,,"Oct 26, 2016",Full,CD Quality,https://pillows.su/f/e7fb95a60cdd4ccdd21f44c9035fd87d
S,"Dreams
(prod. WNDRBRD)",Throwaway from the S sessions. No information is known except the title and producer.,N/A,,,Confirmed,Not Available,N/A
"10 OG File(s)
4 Full
0 Tagged
0 Partial
2 Snippet(s)
4 Unavailable",Z,,,,,,,
Z,"Child's Play
(feat. Chance the Rapper) (prod. Dae One & XXYYXX)","Dae One, the main producer of the song, mentions the existence of a version of ""Child's Play"" with a bridge which was cut from the final version which Dae One states ""no one's ever heard.""",?:??,,"Oct 14, 2022",Confirmed,Not Available,https://temp.imgur.gg/f/9wKUqbO
Z,"Child's Play
(feat. Earl Sweatshirt) (prod. Dae One & XXYYXX)","According to Dae One, ""Child's Play"" was originally intended to feature Earl Sweatshirt. After the record was finalized and he heard back from Punch, SZA's manager, the song instead featured Chance the Rapper, which was likely a last-minute decision by the label. It is unknown if there is a recorded version of the song featuring Earl.",?:??,,"Oct 14, 2022",Confirmed,Not Available,https://temp.imgur.gg/f/9wKUqbO
Z,"Child's Play
(feat. Chance the Rapper) (prod. Dae One & XXYYXX)","An alternate version of ""Child's Play"" with additional elements to the instrumental added by Dae One. He noted that the released version of the song was simply a ""skeleton,"" and SZA prefered that over the version with additional production.",?:??,,"Oct 14, 2022",Confirmed,Not Available,https://temp.imgur.gg/f/9wKUqbO
Z,"⭐ Feather Weight
(prod. WondaGurl)","OG Filename: Feather Weight
A throwaway from the Z sessions. Leaked on 6/12/2023.",4:39,"Sep 24, 2013","Jun 12, 2023",OG File,Lossless,https://pillows.su/f/39834df66964ce4b8796c96a80885a88
Z,"⭐️ Stay [V1]
(prod. Body Language)
(Just Be)","OG Filename: Stay2.11
A throwaway from the Z sessions. Leaked on 6/30/2024.",3:08,"Feb 11, 2014","Jun 30, 2024",OG File,High Quality,https://pillows.su/f/c386f4d10b5862326b4d7bbd22f54a7d
Z,"Just Be [V2]
(prod. KAYTRANADA?)
(Stay)","Version of the song with alternate production. The seller currently states the producer may be KAYTRANADA, though they say it's their own speculation and is not yet confirmed. Snippet leaked on 11/26/2025.",?:??,,"Nov 26, 2025",Snippet,CD Quality,https://pillows.su/f/c6dab1af0a1afd3a9b91a25c033d8dfc
Z,"⭐ Nilla Wafers [V1]
(No Boys Allowed)","OG Filename: SZA_Nilla_Wafers_Mix
A throwaway from the Z sessions. Features a shortened version of ""I Doubt It"" in the outro, alike ""Green Mile"". Leaked on 6/14/2021.",3:43,"Feb 24, 2014","Jun 14, 2021",OG File,Lossless,https://pillows.su/f/37881d376c7d946afe5d489b21224b8d
Z,⭐ Promises,"OG Filename: promisessza ff bpm 150
A throwaway from the Z sessions.",3:29,,"Jul 15, 2023",OG File,CD Quality,https://pillows.su/f/56180c2fbfc28856daff7f8b05a49cbd
Z,"The Glow
(prod. Body Language)","OG Filename: Sza- Theglow(8.24)
A throwaway from the Z sessions. Leaked on 9/19/2024.",3:28,"Aug 24, 2013","Sep 19, 2024",OG File,High Quality,https://pillows.su/f/2bf574680557f7c5702eff3173d7b486
Z,"AA [V1]
(prod. Mac Miller)
(Warm Winds)","Original version of the first part of ""Warm Winds"" that contains no background vocals according to the seller. It was under the working title ""AA"" and also has minimal production differences compared to release. Snippet leaked on 11/26/2025.",?:??,,"Nov 26, 2025",Snippet,CD Quality,https://pillows.su/f/be009005c88a77d51d5d92b937dd8b7f
Z,"Warm Winds [V2]
(feat. Isaiah Rashad) (prod. Mac Miller)","OG Filename: Warm Winds no verses
Version with only Isaiah Rashad's vocals on the hook. As the filename suggests, there are no verses.",3:00,"Feb 14, 2014","Mar 14, 2026",OG File,CD Quality,https://pillows.su/f/7271aa5a00d08a7897808afb0777b848
Z,"⭐ Warm Winds [V3]
(feat. Isaiah Rashad) (prod. Mac Miller)","OG Filename: ERA_Sza Warm Winds_Rough_021414
Version of the song with finished alternate verses from SZA. Leaked on March 14, 2026, along with 32.2GB of SZA content from Engine Room Audio.",3:00,"Feb 14, 2014","Mar 14, 2026",OG File,CD Quality,https://pillows.su/f/0c0c53c91ca620990a268216564457a2
Z,"✨ Warm Winds [V4]
(feat. Isaiah Rashad) (prod. Mac Miller)","OG Filename: Sza - Warm Winds
Contains different mixing and alternate structure. The first part of the song in the released version does not make an appearance in this version. Leaked on 7/21/2021.",4:12,,"Jul 21, 2021",OG File,CD Quality,https://pillows.su/f/db3b38003faf108f520cf459caca8b0c
Z,"Writer's Block
(prod. Dave Free)","A throwaway from the Z sessions. Appears in the single edition of ""Julia"" on SoundCloud. Could have been intended to be an interlude for Z or A. Partial snippet teased on 8/13/2013.",1:40,,"Aug 13, 2013",Full,High Quality,https://pillows.su/f/f32883f575d04956a9619df91dc95818
Z,"✨ ???
(prod. The Antydote & Ikaz Boi)
(1NE, Blow Your Mind)","OG Filename: SZA Tracking 11-3-13
Rough demo with opens after about a minute in. Only contains a verse and hook. Stem bounce leaked on April 27, 2026.",3:51,"Nov 3, 2013","Apr 27, 2026",Stem Bounce,Lossless,https://pillows.su/f/2d5ac9240e42f40b19c9400e44cbf1a1
Z,"???
(prod. The Beat Freqz)
(Barry and Bill Vibe)","OG Filename: SZA Second Song Tracking 11-3-13
Chorus and partial verse idea. Stem bounce made by Inertia on March 26, 2026. Bounce with all plugins surfaced on April 27, 2026.",1:36,"Nov 3, 2013","Apr 27, 2026",Stem Bounce,Lossless,https://pillows.su/f/687b15546832b1850d4e1ddfb908b2b1
Z,"Ab-Soul - Poolside Romance
(feat. Mac Miller & SZA) (prod. Thundercat)","An unreleased song by Ab-Soul. Charlamagne, from The Breakfast Club podcast, mentioned it in an interview with Ab-Soul which took place on 12/15/2022, and that it featured Mac Miller and SZA. It is speculated that the song was not released due to sample clearance complications.",N/A,,"Dec 15, 2022",Confirmed,Not Available,N/A
Z,"Avicii - Lethal Drug [V2]
(feat. Chris Martin & SZA)
(Love in a Lethal Dose)","Originally titled ""Love in a Lethal Dose"". Appeared in Coldplay's recording studio for their fifth studio album Mylo Xyloto. This song was later rewritten by Avicii.",3:47,,"Mar 13, 2022",Full,Lossless,https://pillows.su/f/e3c7805a2879d4e97cfb5427e50dd040
Z,"⭐️ Kendrick Lamar - Loved Ones [V1]
(feat. SZA) (prod. Sounwave & Terrace Martin)
(Loved 1, Redemption)","A throwaway from the To Pimp a Butterfly sessions. The song was ultimately repurposed for Jay Rock's title track ""Redemption"".",4:11,,"Sep 29, 2018",Full,High Quality,https://pillows.su/f/e6377bc08f45bce31927d21cf0f9800f
Z,"Jean Deaux - Swingset
(feat. SZA)","OG Filename: SZA x Jean Deaux - Swingset
An unreleased song by Jean Deaux featuring SZA. It was published to YouTube on 1/16/2015. A download link to the original file is included in the description of the video. Recorded in 2013 according to metadata, likely after S was released.",2:42,,"Jan 16, 2015",OG File,High Quality,https://pillows.su/f/1c6369ad4868accc446c8f7d7a22c7ce
Z,"Mac Miller - Friendly Hallucinations [V1]
(prod. Thundercat & Taylor Graves)","OG Filename: Friendly Hallucinations
Original version of the song not featuring SZA.",4:46,,"Mar 20, 2026",OG File,CD Quality,https://pillows.su/f/7f209e14d058b0db804951d1423161c2
Z,"Thurz - Poly Six
(feat. SZA) (prod. THX)",An unreleased collaboration between Thurz and SZA.,4:25,,"Jul 4, 2024",Full,High Quality,https://pillows.su/f/fe8f0a055c34847e48a1ec6d3ccb09a2
"58 OG File(s)
12 Full
0 Tagged
3 Partial
47 Snippet(s)
45 Unavailable",A [V1],,,,,,,
A [V1],🏆 A [Unreleased Project],"SZA revealed in tweets and other forms of confirmation that A is complete and would be released soon, but it is considered scrapped as it has been years since her last mention of the extended play. On 7/25/2019, while touring her debut studio album Ctrl, she stated that she would be dropping a ""little project"" before her sophomore album. In text messages between her and Punch, her manager, he said they both ""need to drop A."" The project is thought to contain completed and mastered versions of Ctrl outtakes due to SZA re-teasing snippets like ""Tread Carefully"" in 2018 but was scrapped in favor for a short deluxe of Ctrl. According to an Instagram post made by SZA on 5/13/2026, the project is being revived and will possibly be released soon.",N/A,,"May 13, 2026",Confirmed,Not Available,"https://x.com/sza/status/1158948115480629248
https://www.thefader.com/2019/07/25/sza-new-project-2019-new-album-tde-ctrl
https://x.com/sza/status/1037771268894777344
https://www.instagram.com/p/DYSvtCaSUHhSCGfdaVON5KBbYMRYkAN_UR9hiQ0/"
A [V1],"🏆 Little More Time [V1]
(feat. ???)
(A Little More Time)","Earlier version of the song under the title ""Little More Time"". Features an unknown male vocalist, very likely being Carter Lang or her brother MNHATTN. Previously unheard but seen on track listings. Seller confirmed the length to be around 5 minutes long. Snippet leaked on 11/26/2025.",~5:00,,"Nov 26, 2025",Snippet,CD Quality,https://pillows.su/f/beb051d1be649833047bbe0dc0215b44
A [V1],A Little More Time [V2],Title seen in the 6/21/2016 track listing for the album.,?:??,,,Confirmed,Not Available,N/A
A [V1],"⭐ Anybody [V1]
(prod. Shea Taylor)","OG Filename: Anybody_SZA Ref 11-14
Finished song that was intended for A before it was given to Maeta and released in 2023. Contains slight production differences, such as the instrumental being pitched down. A snippet leaked 3/22/2024 and 9/21/2025. Leaked on March 20, 2026.",2:20,"Nov 14, 2015","Mar 20, 2026",OG File,CD Quality,https://pillows.su/f/4a8c07064cbf671a9fd65aeea2fca026
A [V1],"Anything [V1]
(prod. The Antydote)","Original concept of ""Anything"" which was teased on social media by SZA sometime in 2014. It was teased alongside an early mix snippet of ""Anything Outro.""",?:??,,,Snippet,Recording,https://pillows.su/f/3d8c0c2564f7a5c08ee1de58b2de0ecc
A [V1],"Anything [V2]
(prod. The Antydote)",Title seen in the 6/21/2016 track listing for the album.,?:??,,,Confirmed,Not Available,N/A
A [V1],"Anything Outro [V1]
(prod. The Antydote)
(Anything Pt. II, Sephora)","Early mix of ""Anything Outro"" which was only teased as the instrumental sometime in 2014 by SZA.",?:??,,,Snippet,Recording,https://pillows.su/f/d6d35236dc4daa35617487411c24af75
A [V1],"Anything Outro [V2]
(prod. The Antydote)
(Anything Pt. II, Sephora)",Confirmed to exist based on the filename of the version below.,?:??,,,Confirmed,Not Available,
A [V1],"⭐ Anything Outro [V3]
(prod. The Antydote)
(Anything Pt. II, Sephora)","OG Filename: SZA - ANYTHING OUTRO MIX 2 copy 2
Early demo of ""Anything Outro"" which was reconsidered for Ctrl over the final version with additional production and different lyrics. It is officially registered by Top Dawg Entertainment as ""Sephora,"" according to copyright claims on SoundCloud and elsewhere. Used as background audio in the Where The Hell Have You Been documentary film for Ctrl. Leaked on 8/30/2021.",1:35,,"Aug 30, 2021",Full,CD Quality,https://pillows.su/f/3f40767734fc63f9617e9935cf657afc
A [V1],"🏆 Anything Outro [V4]
(Anything Pt. II, Sephora)","Unreleased song from A which was teased on Snapchat by SZA on 6/24/2015. Contains alternate writing and different production; however, the chorus lyrics remain the same. This track is featured in a draft track listing for the album.",?:??,,"Jun 24, 2015",Snippet,Recording,https://pillows.su/f/9ef501b67d6b685287a10cbd69ce8f08
A [V1],"Anything Outro [V5]
(Anything Pt. II, Sephora)",Title seen in the 6/21/2016 track listing for the album.,?:??,,,Confirmed,Not Available,N/A
A [V1],"🏅 Bell Atlantic
(prod. ThankGod4Cody)","OG Filename: Bell Atlantic_Ruff
Pre-2018 throwaway believed to be from A. Snippet leaked on 11/26/2025.",?:??,,"Nov 26, 2025",Snippet,CD Quality,https://pillows.su/f/118405d681aa48a42d374f22beda3a3f
A [V1],"🏆 Bikini Bottom [V1]
(prod. Childish Major)
(Ms. Bikini Bottom)","Unreleased song from A which was teased by SZA in 2016. According to the her, the files for the song are ""lost,"" and the sessions would need to be redone entirely. The track was reconsidered for inclusion in the deluxe edition of Ctrl, but was ultimately scrapped. It is unknown if there are new files for the song. Producer confirmed to be Childish Major due to an early Ctrl track listing where ""Major"" is bubbled next to the song title. Rough instrumental is in circulation.",?:??,,,Snippet,Recording,https://pillows.su/f/5e7186236063d725c5350d793e60e18e
A [V1],🏆 Black [V1],"Finished version recorded said to be 2:15 in duration by a seller. They've also said it has a little bit of instrumental at the end, possibly referring to the outro. It is worth noting that the previous owner of SZAHUB, Elodie, was scammed $600 attempting to buy this. Snippets leaked on June 2, 2023, and February 16, 2026.",2:15,,"Feb 16, 2026",Snippet,CD Quality,"https://pillows.su/f/c606b2b9b830b271f1343dae3c8a5df9
https://pillows.su/f/fd85be39fdbd799ed40bfd32d22feb5a
https://pillows.su/f/47753667e7872d66e70a84abcb6a1274"
A [V1],Black [V2],Title seen in the 6/21/2016 track listing for the album.,?:??,,,Confirmed,Not Available,N/A
A [V1],"Breaking Even [V1]
(prod. Carter Lang)
(Dem Dem Dem Ay Ayy)","OG Filename: ERA_SZA_BREAKING EVEN_12.14.15
Early mix of ""Breaking Even"" with slightly different production and vocals of the song. Teased on social media by SZA on 10/13/2015. Carter Lang harmonizes with SZA in the bridge. This version was bounced directly from the session in 2021, according to metadata. Leaked on May 30, 2021, and April 15, 2026.",2:36,"Dec 14, 2015","Apr 15, 2026",Stem Bounce,Lossless,https://pillows.su/f/3a20a83cd0adb1dd64cf09f9bf546d32
A [V1],"⭐ Breaking Even [V2]
(prod. Carter Lang)
(Dem Dem Dem Ay Ayy)","OG Filename: Copy of Breaking Even_ADDS
Louder than the previous version. Contains slight instrumental differences in the first verse compared to the previous version. Stem bounce leaked on April 15, 2026.",2:36,"Dec 14, 2015","Apr 15, 2026",Stem Bounce,Lossless,https://pillows.su/f/2c21c693311f510bca558988bd9c7247
A [V1],"⭐ Breaking Even [V3]
(prod. Carter Lang)
(Dem Dem Dem Ay Ayy)","Unreleased song from A which SZA teased on social media two times. The music video was officially teased on Top Dawg's Instagram account, and it is shown that it was directed by SZA. The volume of the song was fixed and the mixing was updated. Samples ""The Highways of My Life"" by The Isley Brothers.",2:38,,,Full,CD Quality,https://pillows.su/f/03c64b73f1361d8cf1f9fa94f71b851f
A [V1],"Breaking Even [V4]
(prod. Carter Lang)
(Dem Dem Dem Ay Ayy)",Title seen in the 6/21/2016 track listing for the album.,?:??,,,Confirmed,Not Available,N/A
A [V1],"All I Got [V1]
(prod. ThankGod4Cody)
(Broken Clocks)","Earliest known version of ""Broken Clocks"". Teased on social media by SZA.",?:??,,"Jan 23, 2016",Snippet,Recording,https://pillows.su/f/4804ee58ba14cfc17478e6a34ac71fe8
A [V1],"Broken Clock [V2]
(prod. ThankGod4Cody)
(Broken Clocks, All I Got)",Title seen in the 6/21/2016 track listing for the album.,?:??,,,Confirmed,Not Available,N/A
A [V1],🏅 Call Me Back,"Stated to be a Ctrl outtake by the seller, but from the sound it'll be assumed it's specifically from A. Snippet leaked on 11/26/2025 and 2/17/2026.",?:??,,"Feb 17, 2026",Snippet,CD Quality,"https://pillows.su/f/2871e1b505c964886546ed62407d836f
https://pillows.su/f/a54695df501c1d412c86c03735e56dc5"
A [V1],"⭐ Cody's Kitchen [V1]
(prod. ThankGod4Cody)
(Cody's Kitchen Party, Kitchen Party)","OG Filename: Cody's Kitchen_Ruff 1
A throwaway from the A sessions which was teased on social media by SZA. Leaked on 4/8/2023.",3:34,,"Mar 8, 2023",OG File,CD Quality,https://pillows.su/f/8d568a191da3d63f4472fd6e870efac2
A [V1],"Cody's Kitchen [V2]
(prod. ThankGod4Cody)
(Cody's Kitchen Party, Kitchen Party)","Version of ""Cody's Kitchen"" which contains different vocal takes and mixing. Total length was confirmed to be 4:09. Snippet leaked on 3/2/2023.",4:09,,"Mar 2, 2023",Snippet,CD Quality,https://pillows.su/f/41cc0bb5687b685665547c516fff9ebd
A [V1],"Collect [V1]
(prod. DJ Dahi)","OG Filename: Collect
Quieter bounce.",3:51,"Sep 10, 2015","Mar 14, 2026",OG File,CD Quality,https://pillows.su/f/10fd7e66a92900df574633f2f2f8dd0a
A [V1],"⭐ Collect [V2]
(prod. DJ Dahi)","OG Filename: Collect (ReEdit)
Song from the Engine Room Audio box which leaked on March 14, 2026, with the session. Produced by DJ Dahi, as the filename of the beat is the same formatting as Babylon's. Vocals end at 1:34.",3:51,"Sep 10, 2015","Mar 14, 2026",OG File,CD Quality,https://pillows.su/f/2d79fde051ca1e45d0d94235ea7271ae
A [V1],"Columbia [V1]
(Real)","Early version of ""Columbia"". Snipped leaked at an unknown date in TheSource. Vocals are slightly different.",?:??,,,Snippet,CD Quality,https://pillows.su/f/ce7ec518806e0c39d5a3848548d76b6f
A [V1],"⭐ Columbia [V2]
(Real)","OG Filename: Columbia_SZA Ref2
A throwaway from the A sessions. Track is named after Columbia High School, which SZA attended. Leaked on 5/28/2023. Original file leaked on 10/24/2025.",3:51,,"May 28, 2023",OG File,CD Quality,https://temp.imgur.gg/f/13ZEQkX
A [V1],"✨ Curtains [V1]
(prod. oriJanus)","OG Filename: SZA_CURTAINS ROUGH_06.04.15
Unreleased song from the A sessions. Samples ""Is It a Crime?"" by Sade. The instrumental for the song is longer than both versions of the song that were bounced. Recorded and mixed by Ivan Corpening.",1:21,"Jun 4, 2015","Jun 6, 2023",OG File,CD Quality,https://pillows.su/f/b3e779f130dfa9bd1061f046aa87489f
A [V1],"Curtains [V2]
(prod. oriJanus)","OG Filename: SZA_CURTAINS ROUGH_06.04.15. NO tune
Alternate version of ""Curtains"" without autotune in the vocals. The outro section was significantly shortened by 15 seconds to accommodate for the empty space in the song. Leaked on 8/12/2023.",1:06,"Jun 4, 2015","Aug 12, 2023",OG File,CD Quality,https://pillows.su/f/97e4277bb79d99105fddf55a728d759e
A [V1],"Decisions [V1]
(prod. Bentley & Jo Blaq)","OG Filename: SZA_Decisions_Main 1.0 MSTR Medium
Version with opens that was used in the later bridge session.",3:33,,"Mar 14, 2026",OG File,CD Quality,https://pillows.su/f/6d2587a23ed094c9c7cdcc9f6be536f4
A [V1],"Decisions [V2]
(prod. Bentley & Jo Blaq)","OG Filename: SZA_Decisions_Main 1.1 MSTR Medium
Version with opens that was used in the later bridge session.",3:56,,"Mar 14, 2026",OG File,CD Quality,https://pillows.su/f/a56ba889ac1e6f44534d2f2d885094a9
A [V1],"Decisions [V3]
(prod. Bentley & Jo Blaq)","OG Filename: DECISONS_ROUGH_01
Bounced from the left and right audio files.",1:21,"Apr 8, 2016","Mar 14, 2026",Stem Bounce,CD Quality,https://pillows.su/f/4b15d2739123d3b661daa0f74a910269
A [V1],"Decisions [V4]
(prod. Bentley & Jo Blaq)","OG Filename: DECISONS_ROUGH_02
Bounced from the left and right audio files.",1:40,"Apr 8, 2016","Mar 14, 2026",Stem Bounce,CD Quality,https://pillows.su/f/2c9269ec87ef37031ed2e92f822da4cc
A [V1],"Decisions [V5]
(prod. Bentley & Jo Blaq)","OG Filename: DECISONS_ROUGH_03
Bounced from the left and right audio files.",0:18,"Apr 8, 2016","Mar 14, 2026",Stem Bounce,CD Quality,https://pillows.su/f/bed7b6db6b94f4bc652514518e98ebd4
A [V1],"Decisions [V6]
(prod. Bentley & Jo Blaq)","OG Filename: DECISONS_ROUGH_04
Bounced from the left and right audio files.",0:17,"Apr 8, 2016","Mar 14, 2026",Stem Bounce,CD Quality,https://pillows.su/f/4897fb081df6b8b72fb3c33cb1f0cdf6
A [V1],"Decisions [V7]
(prod. Bentley & Jo Blaq)","OG Filename: DECISONS_ROUGH_05
Bounced from the left and right audio files.",0:53,"Apr 8, 2016","Mar 14, 2026",Stem Bounce,CD Quality,https://pillows.su/f/bdde3c88419ae10907b29c0c4cd599e4
A [V1],"Decisions [V8]
(prod. Bentley & Jo Blaq)","OG Filename: DECISONS_ROUGH_06
Bounced from the left and right audio files.",1:40,"Apr 8, 2016","Mar 14, 2026",Stem Bounce,CD Quality,https://pillows.su/f/80343019a5b55062d4859699dd29f4e1
A [V1],"Decisions [V9]
(prod. Bentley & Jo Blaq)","OG Filename: DECISONS_ROUGH_07
Bounced from the left and right audio files.",3:54,"Apr 8, 2016","Mar 14, 2026",Stem Bounce,CD Quality,https://pillows.su/f/dbec1d13f5331dff755b6ee4b2ba52bb
A [V1],"Decisions [V10]
(prod. Bentley & Jo Blaq)","OG Filename: DECISONS_ROUGH_07-01 &
OG Filename (Metadata): DECISONS_NEW ROUGH
Version with a different bridge. Filename is misspelled, along with all versions before this one. Leaked on March 14, 2026, in the 32.2GB of SZA Engine Room Audio files.",3:53,"Apr 8, 2016","Mar 14, 2026",OG File,CD Quality,https://pillows.su/f/86d4c91b7b1f7886fba46fba35a9c7cd
A [V1],"Decisions [V11]
(prod. Bentley & Jo Blaq)","OG Filename: Decisions
Earliest known version of ""Decisions"" from the bridge session.",3:48,"Apr 11, 2016","Jul 31, 2021",OG File,CD Quality,https://pillows.su/f/974808d6f1c076c223767fd6dde0edec
A [V1],"Decisions [V12]
(prod. Bentley & Jo Blaq)","OG Filename: Decisions 2
Later version of ""Decisions"".",3:48,"Apr 11, 2016",,OG File,CD Quality,https://pillows.su/f/715df0b4e8c5aebffb58a68851576d39
A [V1],"Decisions [V13]
(prod. Bentley & Jo Blaq)","OG Filename: Decisions Revision
Later version of ""Decisions"".",3:48,"Apr 11, 2016",,OG File,CD Quality,https://pillows.su/f/68e16fbe819c47fc2a4ff7e2d9de22d5
A [V1],"✨ Decisions [V14]
(prod. Bentley, Jo Blaq & Carter Lang)","OG Filename: Decisions Revision2 (carter bridge)
Later version of ""Decisions"". Features different production in the bridge segment by Carter Lang.",3:48,"Apr 11, 2016",,OG File,CD Quality,https://pillows.su/f/53ac13d05f8aedbbef4737ce6e355460
A [V1],"Decisions [V15]
(prod. Bentley & Jo Blaq)","OG Filename: Decisions Revision2 (original beat)
Later version of ""Decisions"".",3:48,"Apr 11, 2016",,OG File,CD Quality,https://pillows.su/f/a0f9095293d4b19fe0861a858128fed0
A [V1],"⭐ Decisions [V16]
(prod. Bentley & Jo Blaq)","OG Filename: Decisions (new Bridge)
Later version of ""Decisions"". Interpolates ""Columbia,"" an unreleased A throwaway. Leaked on 6/5/2023.",3:48,"Apr 11, 2016","Jun 5, 2023",OG File,CD Quality,https://pillows.su/f/7d430fc73a2fbc9f2288dd5c8ddd99eb
A [V1],Decisions [V17],Title seen in the 6/21/2016 track listing for the album.,?:??,,,Confirmed,Not Available,N/A
A [V1],"Cam O'bi - ??? [V1]
(prod. Cam O'bi)
(Doves In The Wind)",Original beat Cam O'bi made before it was remade and slowed down for Doves In The Wind. Info revealed through an interview with him on making the song.,?:??,,"Oct 21, 2020",Confirmed,Not Available,https://www.youtube.com/watch?v=S3hZpWhiFRs&pp=ygUZY2FtIG9iaSBkb3ZlcyBpbiB0aGUgd2luZA%3D%3D
A [V1],"Doves In The Wind [V2]
(prod. Cam O'bi)",Early mix version teased on SZA's Tumblr page on 2/11/2015. Unknown if any of Kendrick's vocals are present in this version.,?:??,,"Feb 11, 2015",Snippet,Recording,https://pillows.su/f/b2acfdef3045f36e08b69b624bd5a8a9
A [V1],"Doves In The Wind [V3]
(prod. Cam O'bi)",Title seen in the 6/21/2016 track listing for the album.,?:??,,,Confirmed,Not Available,N/A
A [V1],"Doves In The Wind [V4]
(feat. Busta Rhymes & ???) (prod. Cam O'bi)","Alternate version of ""Doves In The Wind"" featuring Busta Rhymes and another unidentifiable artist instead of Kendrick Lamar. Unknown if this was a remix or a demo. Snippet leaked on 8/25/2023 in Igor3's store.",?:??,,"Aug 25, 2023",Snippet,High Quality,https://pillows.su/f/a7498ff76f623ef3202890c8ff4e1096
A [V1],"Doves In The Wind [V5]
(feat. Kendrick Lamar) (prod. Cam O'bi)",An alternate version of the song with the uncensored line.,?:??,,,Rumored,Not Available,N/A
A [V1],"⭐ Drew [V1]
(prod. The Antydote)
(Drew Barrymore)","OG Filename: SZA - Drew &
OG Filename (Metadata): Drew Ruff 1.1
Earliest known version of ""Drew Barrymore"" which does not contain additional production from Carter Lang. Leaked on 7/10/2023.",2:56,,"Jul 10, 2023",OG File,CD Quality,https://pillows.su/f/736c4be7cf99b8cb234fefb0602d86c6
A [V1],"Drew Barrymore [V2]
(prod. The Antydote & Carter Lang)","Early version of ""Drew Barrymore"". Features updated mixing and additional background vocals.",?:??,,,Snippet,Recording,https://pillows.su/f/2a36a1fea3e8ba4e3a7283f89c843037
A [V1],"✨ Drew Barrymore [V3]
(prod. The Antydote & Carter Lang)","An unknown version of ""Drew Barrymore"". Features flipped verses and different background vocals. Used in an advertisement campaign for Ford titled ""In Focus"" with Zoë Kravitz. Some snippets from this version were teased in a podcast by Pitchfork on 11/16/2015.",?:??,,"Nov 16, 2015",Partial,High Quality,https://pillows.su/f/8390da91d87533def5e5aabd0e4bfe57
A [V1],⭐ Drunk [V1],"OG Filename: sza.drunk.3.29.16
A throwaway from the A sessions. It is featured in a draft track listing for the album. Samples ""I Wanna Sex You Up"" by Color Me Badd. Leaked on 10/9/2022.",3:27,"Mar 29, 2016","Oct 9, 2022",OG File,High Quality,https://pillows.su/f/9fc575df1a9036e9186fd229221a03b4
A [V1],Drunk [V2],Title seen in the 6/21/2016 track listing for the album.,?:??,,,Confirmed,Not Available,N/A
A [V1],"⭐️ Eureka [V1]
(prod. ThankGod4Cody)
(Bright Ideas)","OG Filename: Eureka_03-09-2016
A throwaway from the A sessions. It is featured in a draft track listing for the album. Possibly a concept demo for ""The Weekend."" Leaked on 8/7/2022.",3:04,"Mar 9, 2016","Aug 7, 2022",OG File,CD Quality,https://pillows.su/f/d3efd15eeb9cb120bc53b032aaddc341
A [V1],"Eureka [V2]
(Bright Ideas)",Title seen in the 6/21/2016 track listing for the album.,?:??,,,Confirmed,Not Available,N/A
A [V1],"??? [V1]
(Never Knew, Never Knew Me)","First concept of ""Free Dumb"" performed live by SZA in 2014 and 2015 during ""Child's Play"".",?:??,,,Snippet,Recording,"https://pillows.su/f/9e443b84bb3581cebdcd066f0f232c11
https://pillows.su/f/55021b408d33d31e158854120d240f33"
A [V1],"⭐ Free Dumb [V2]
(Never Knew, Never Knew Me)","Early demo of ""Free Dumb"" with less production compared to the final version. SZA stated, on Twitter, that this version of the song was recorded by her manager Punch at the TDE Red Room in Carson, California, in 2013-2014. Likely made during the early A sessions in 2014.",3:20,,"Oct 28, 2019",Full,CD Quality,https://pillows.su/f/d07041c00148c228b8f060ccd786564e
A [V1],"Free Dumb [V3]
(Never Knew, Never Knew Me)",First known version with trap production. Snippet teased on SZA's Snapchat sometime in 2015.,?:??,,,Snippet,Recording,https://pillows.su/f/cddf686b099585ad047ea159141d3bfd
A [V1],"🏆 Free Dumb [V4]
(Never Knew, Never Knew Me)","An updated mix of ""Free Dumb"" which was reconsidered for A in a draft track listing for the album, though it was discarded for an unknown reason. She teased this version on this song on Snapchat on 7/13/2015 before it was briefly deleted. Likely contains additional production from an unknown producer. The lyrics have probably changed slightly, though the pre-chorus, chorus, and post-chorus are identical to the second demo.",?:??,,"Jul 13, 2015",Snippet,Recording,https://pillows.su/f/d996d82fbf3ba21cccb1294c2c021b4b
A [V1],"Free Dumb [V5]
(Never Knew, Never Knew Me)",Title seen in the 6/21/2016 track listing for the album.,?:??,,,Confirmed,Not Available,N/A
A [V1],"Fuck Outta Here
(FOH)",A mumble demo recorded during the A sessions. The audio is corrupted in the last second of the audio. Leaked on 5/27/2023.,1:26,,"May 27, 2023",Full,CD Quality,https://pillows.su/f/6a907b64aad9e628da1802a30a263f8b
A [V1],"Garden (Say It Like Dat) [V1]
(prod. Bēkon & Hector Castro)","Early mix of ""Garden"" which was teased on social media by SZA sometime in 2016. Subtle elements in the instrumental which are not present in the released version can be heard.",?:??,,,Snippet,Recording,https://pillows.su/f/f37668fef0e30b869173aa07acc51320
A [V1],"✨ Give It Up [V1]
(prod. Ear Drummers)","OG Filename: Give It Up
Partially finished version with one complete and partially complete verse and one open segment. Bounced in 2015. Previously teased by SZA in Snapchat. Leaked on 1/3/2023.",3:30,,"Jan 3, 2023",OG File,CD Quality,https://pillows.su/f/b613c8b19a0f63066a2c90c158aeb955
A [V1],"🏆 Give It Up [V2]
(prod. Ear Drummers)",Title seen in the 6/21/2016 track listing for the album. Possibly finished.,?:??,,,Confirmed,Not Available,N/A
A [V1],"🏆 Go Gina [V1]
(prod. Ging, Carter Lang & The Antydote)",Version teased by SZA on Snapchat. Contains a mostly unheard alternate verse excluded from the released version. Rumored to have an extended length compared to release.,?:??,,,Snippet,Recording,https://pillows.su/f/b38ca9fc493f62358f6537966f10ca30
A [V1],"⭐️ Heavens To Betsy
(prod. ThankGod4Cody)","OG Filename: Heavens To Betsy Ruff 1
A throwaway from the A sessions. Samples ""The Avatar's Love"" by Jeremy Zuckerman. Leaked on 3/18/2023.",2:40,,"Mar 18, 2023",Full,CD Quality,https://pillows.su/f/4baaf114413da2a6b4253b862998c38d
A [V1],"⭐ Hold Me Close [V1]
(prod. ThankGod4Cody)","OG Filename: ERA_SZA_02.07.16_HOLD ME CLOSE_ROUGH &
OG Filename (Metadata): HOLD ME CLOSE_ROUGH
Original bounce of the song found in the audio files folder of the session. Has the original pitch and speed the song was recorded in. Leaked on March 14, 2026, in the 32.2GB of SZA Engine Room Audio files.",2:34,"Feb 7, 2016","Mar 14, 2026",OG File,CD Quality,https://pillows.su/f/c0ce78d2454119db43f07aeb166e9c5d
A [V1],"Hold Me Close [V2]
(prod. ThankGod4Cody)","OG Filename: TEST
Test bounce of the instrumental intro pitch-shifted and slowed.",0:11,"Feb 7, 2016","Mar 14, 2026",OG File,CD Quality,https://pillows.su/f/2ecc5734c3467fa0d61404312ff44662
A [V1],"Hold Me Close [V3]
(prod. ThankGod4Cody)","OG Filename: ERA_SZA_02.07.16_HOLD ME CLOSE_ROUGH &
OG Filename (Metadata): HOLD ME CLOSE
Final bounce of the song which was pitch-shifted and slowed. Previously leaked under a false filename. Leaked on August 9, 2021.",2:35,"Feb 7, 2016","Aug 9, 2021",OG File,CD Quality,https://pillows.su/f/e52b33efc247dcf145ff8715d7a34224
A [V1],"Inside Man [V1]
(prod. KAYTRANADA)","Earliest known version of ""Inside Man"". Teased on social media by SZA.",?:??,,,Partial,Recording,https://pillows.su/f/5b3a3b856ebb1dc900159cd1a3eae093
A [V1],"⭐ Inside Man [V2]
(prod. KAYTRANADA)","Unreleased song from A which was reconsidered for Ctrl as a standalone interlude, but was added to the outro of ""2AM,"" likely to compensate for its removal from the track listing. Furthermore, SZA stated she did not wish to include ""Inside Man"" on the album because it was ""too mature"" for her audience.",3:52,,"Sep 29, 2018",Full,CD Quality,https://pillows.su/f/be98f7878d7f2d3e11af018624db8ac3
A [V1],"Inside Man [V3]
(prod. KAYTRANADA)",Title seen in the 6/21/2016 track listing for the album.,?:??,,,Confirmed,Not Available,N/A
A [V1],"Jodie Foster [V1]
(prod. Tyler, the Creator)
(Jodie)","OG Filename: ERA_JODIE FOSTER_090815
Earliest known version of ""Jodie"".",2:44,"Sep 8, 2015",,OG File,CD Quality,https://pillows.su/f/34a6f3b5b2d9dfffb50419af1a55d77d
A [V1],"Jodie Foster [V2]
(prod. Tyler, the Creator)
(Jodie)","OG Filename: SZA_JODIE FOSTER_09.10.15_01-01
Early version of ""Jodie"". Features mixing differences in the outro. Leaked on 8/8/2023.",2:34,"Sep 10, 2015","Aug 8, 2023",OG File,CD Quality,https://pillows.su/f/309d29ecea291c212ad3275539a1058f
A [V1],"✨ Jodie Foster [V3]
(prod. Tyler, the Creator)
(Jodie)","Original version of ""Jodie"". Features updated mixing and an extended outro containing a voicemail. Leaked on 1/15/2023.",3:12,,"Jan 15, 2023",Full,CD Quality,https://pillows.su/f/a58f060468393f5444b89d2baa1ca3f1
A [V1],"Jodie Foster [V4]
(prod. Tyler, the Creator)
(Jodie)",Title seen in the 6/21/2016 track listing for the album.,?:??,,,Confirmed,Not Available,N/A
A [V1],Lack of Better Words [V1],Original version of song which was seen in the 6/21/2016 track listing for the album. It is unknown if Kendrick Lamar's contributions are in this version.,?:??,,,Confirmed,Not Available,N/A
A [V1],"⭐ Kendrick Lamar - Lack of Better Words [V2]
(feat. SZA)","OG Filename: 01 Lack of Better Words BH2 ft SZA
A throwaway from the A sessions. According to registration on YouTube Content ID, and as the original filename suggests, the song was given to Kendrick Lamar for a Black Hippy 2 album. It is featured in a draft track listing for Ctrl. Leaked on 9/28/2018.",1:52,,"Sep 28, 2018",Full,High Quality,https://pillows.su/f/fd731e0806e75b793f201ebd4eaaf081
A [V1],"Lady Friend [V1]
(Simmer, Simmer Down)",Confirmed to exist based on the filename of the version below.,?:??,,,Confirmed,Not Available,N/A
A [V1],"⭐ Lady Friend (Simmer) [V2]
(Lady Friend, Simmer, Simmer Down)","OG Filename: lady friend SZA Simmer2
Early version of ""Lady Friend"". Leaked on 1/16/2023.",2:54,,"Jan 16, 2023",OG File,CD Quality,https://pillows.su/f/839a2da424159ee73c8c6527b2c5f52a
A [V1],"Lady Friend [V3]
(prod. Hit-Boy)
(Simmer, Simmer Down)",Alternate version of the song that contains Hit-Boy production and new vocal takes. It originally being sold on TheSource.,?:??,,,Snippet,CD Quality,https://pillows.su/f/640885ebbfde560f3dc80cd5f3ef7b47
A [V1],"Simmer [V4]
(Lady Friend, Simmer Down)",Title seen in the 6/21/2016 track listing for the album.,?:??,,,Confirmed,Not Available,N/A
A [V1],🏆 Let Me Know,Title seen in the 6/21/2016 track listing for the album.,?:??,,,Confirmed,Not Available,N/A
A [V1],"Lies [V1]
(prod. Felix Snow)",Confirmed to exist based on the filename of the version below.,?:??,,,Confirmed,Not Available,N/A
A [V1],"⭐ Lies [V2]
(prod. Felix Snow)","OG Filename: SZA_lies_new_2nd_vrs
Earliest known version of ""Lies"". Features an unreleased second verse, a different instrumental, and early vocal mixing.",3:24,,"May 6, 2021",OG File,CD Quality,https://pillows.su/f/edea13a2b2303b23638ca8f318fc776e
A [V1],"Tree Frogs [V1]
(prod. Carter Lang & ThankGod4Cody)
(Love Galore)","Version of the song confirmed to be a solo 2016 version by a seller. Originally under the working title ""Tree Frogs"" and contains an alternate verse that was heard in a later version but in low quality. Snippet leaked on 11/26/2025.",?:??,,"Nov 26, 2025",Snippet,CD Quality,https://pillows.su/f/e0a86104c2f2d333f7b0ccde3164bfd9
A [V1],"Love Galore [V2]
(feat. Travis Scott) (prod. Carter Lang & ThankGod4Cody)",Version initially teased on social media by SZA. First known version containing any Travis vocals.,?:??,,,Snippet,Recording,https://pillows.su/f/46d58319a5311d6c2993444b22755d6f
A [V1],"⭐ Love Galore [V3]
(feat. Travis Scott) (prod. Carter Lang & ThankGod4Cody)","OG Filename: Love Galore_Ts_1
Later mix of ""Love Galore."" The mixing for the vocals degraded in quality. Travis Scott has a longer intro in this version, repeating his ""I need"" line several times. Overall, the structure of the song is different; Travis' verse is after his intro and SZA's verses consequentially play after. Right after SZA says her ""love to my ladies, I've dated a few"" line, the lyrics switch for the rest of that verse.",5:55,,"Jul 15, 2023",OG File,CD Quality,https://pillows.su/f/88faa2317368457271cf27eb13d913a9
A [V1],"✨ LouAnne Johnson [V1]
(prod. ""Lana Del Brae"")
(I Doubt It, Green Mile Pt. II, Consideration)","OG Filename (Beat): szzzz[] L^-+^_  [mix9001] (PrOD. bY Lana Del Brae)__  (instrumental 75.60 bpm)
Earliest known version of ""LouAnne Johnson."" The mixing of the instrumental is noticeably different from [V2], containing less elements than were added in the final concept. The file for the instrumental was located in the ""Audio Files"" folder of the ""Curtains"" Pro Tools sessions. Instrumental leaked on 2/12/2024. It is unknown who ""Lana Del Brae"" is, but they are credited with producing this instrumental.",~4:31,"Jun 4, 2015","Feb 12, 2024",Beat Only,Lossless,https://pillows.su/f/10354c7cae71bc79ae65d89c34193f25
A [V1],"🏆 LouAnne Johnson [V2]
(prod. ""Lana Del Brae"")
(I Doubt It, Green Mile Pt. II, Consideration)","Earlier concept of ""LouAnne Johnson"" which, according to a Ctrl draft track listing, was described as an ""untitled demo release version"" for ""Consideration."" Mixing was updated and contains additional production. Interpolates ""Nilla Wafers"" [V2] by SZA. in one of the verses. Snippet teased in an Instagram post by SZA on 5/20/2015.",?:??,,"May 20, 2015",Snippet,Recording,https://pillows.su/f/f97e9f79b9514ff1af18c02d3f8b976e
A [V1],"🏆 LouAnne Johnson [V3]
(prod. The Antydote, Carter Lang, Shea Taylor & Kuk Harrell)
(Consideration)","Solo version of ""Consideration"" before Rihanna acquired the song for her eighth album Anti as the opening track. Production is slightly different from the final release version. SZA stated she felt as if Rihanna robbed her of this track and that it was the centerpiece for Ctrl; Rihanna's acquisition of the song delayed the release of the album by a year. SZA confirmed in an interview with Variety that a music video was recorded.",?:??,,"Nov 11, 2015",Snippet,Recording,https://pillows.su/f/3cf1270a29b7c66a046dbf7c38daafa8
A [V1],Midnight Hour [V1],"OG Filename: Midnight Hour_Classick Ruff & Midnight Hour_mix
Previously posted on LEAKTH.IS in 2022 but was lost until it resurfaced on 1/31/2026. Leaked on May 11, 2026, before it was reuploaded a day later, on May 12.",?:??,,"May 12, 2026",OG File,CD Quality,https://pillows.su/f/783cc7bfff5937e02527f5d340aa93a8
A [V1],⭐ Midnight Hour [V2],"OG Filename: SZA - MIDNIGHT HOUR MIX 2
Finished mix of an A era throwaway. Leaked on 2/23/2023.",3:55,"Jul 20, 2016","Feb 23, 2023",OG File,CD Quality,https://pillows.su/f/4750b545fdfc4b304365caeb211a7402
A [V1],Midnight Hour [V3],"Title seen on a whiteboard entitled ""The Michiana Sessions.""",?:??,,,Confirmed,Not Available,N/A
A [V1],"⭐ Nilla Wafers [V2]
(prod. Childish Major)
(I Doubt It, Green Mile Pt. II)","OG Filename: NILLAWAFERS RUFF 4.17.14
Unreleased song from the A sessions. It was originally recorded as an interlude for Z, but it was only included in the outro of ""Green Mile"" and ""Nilla Wafers"" [V1] respectively. The chorus is interpolated in ""LouAnne Johnson"" [V1-2]. Childish Major, the producer, originally tweeted an excerpt from the song on 7/2/2014: ""Here's the lesson, you cannot have everything.""

SZA via Twitter (4/8/2014, the day Z was officially released):
""So basically me and the perfect @Childish_Major need to finish what we started . At the end of Greenmile ""I doubt it "" is needed #Z""",3:20,"Apr 17, 2014","Feb 13, 2024",OG File,CD Quality,https://pillows.su/f/9e9480b545e6248dd4a255ec9a8489eb
A [V1],"Normal Girl [V1]
(prod. Carter Lang)","Early version of ""Normal Girl"" which was teased by SZA sometime in 2016. Only the instrumental can be heard, so it is unknown what vocal differences are present.",?:??,,,Snippet,Recording,https://pillows.su/f/e1d1339de02b9096210ceb668d838d4e
A [V1],"⭐ Nuthin Better Than You
(prod. ThankGod4Cody)
(Nothing Better Than You, Laced Up My Boots)","OG Filename: Nuthin Better Than You_Ruff 1
A throwaway from the A sessions. Leaked after a successful groupbuy.",2:37,,"May 3, 2023",OG File,CD Quality,https://pillows.su/f/c33bc30f62302d7200f8dee1749d7598
A [V1],⭐ Passport [V1],"OG Filename: PASSPORT 3.1.16
A throwaway from the A sessions. It is featured in a draft track listing for the album. Samples ""Frontin'"" by Pharrell Williams. Leaked on 9/30/2018.",3:52,"Mar 1, 2016","Sep 30, 2018",OG File,CD Quality,https://pillows.su/f/fd85793fd2f00a5faf541139522035fe
A [V1],Passport [V2],Title seen in the 6/21/2016 track listing for the album.,?:??,,,Confirmed,Not Available,N/A
A [V1],"Interlude [V1]
(prod. ThankGod4Cody)
(Percolator, Perculator, Perculator (Interlude), Be Gone Soon)","OG Filename: SZA Interlude_02-24-15
Initial reference. Leaked on March 14, 2026.",1:23,"Feb 24, 2015","Mar 14, 2026",OG File,CD Quality,https://pillows.su/f/40e099f7ac1eae7d845720e66c4b7823
A [V1],"Perculator (Interlude) [V2]
(prod. ThankGod4Cody)
(Percolator, Perculator, Be Gone Soon)","OG Filename: Perculator Interlude_SZA Ref
Later reference. Leaked on March 14, 2026.",1:23,"Feb 24, 2015","Mar 14, 2026",OG File,CD Quality,https://pillows.su/f/60887189f56fc831929a73ab346adc21
A [V1],"Perculator (Interlude) [V3]
(prod. ThankGod4Cody)
(Percolator, Perculator, Be Gone Soon)","OG Filename: Perculator Interlude_Mix1
Alternate mix. Leaked on March 14, 2026.",1:23,"Feb 24, 2015","Mar 14, 2026",OG File,CD Quality,https://pillows.su/f/c1893a92bd97e4f8daefd29b3373f642
A [V1],"✨ Perculator (Interlude) [V5]
(prod. ThankGod4Cody)
(Percolator, Perculator, Be Gone Soon)","OG Filename: Perculator Interlude_Mix Update1
Early version of ""Percolator"". Features updated mixing. Leaked on 1/28/2020.",1:24,"Feb 24, 2015","Jan 28, 2020",OG File,CD Quality,https://pillows.su/f/adfc4b97643b6245944832fc39ae736c
A [V1],"Perculator [V6]
(prod. ThankGod4Cody)
(Percolator, Perculator (Interlude), Be Gone Soon)",Previous mix proven to exist by the filename below.,?:??,,"Jan 28, 2020",Confirmed,Not Available,N/A
A [V1],"Perculator [V7]
(prod. ThankGod4Cody)
(Percolator, Perculator (Interlude), Be Gone Soon)","OG Filename: SZA_Perculator_Main 1.1
Early version of ""Percolator"". Leaked on 1/28/2020.",1:24,,"Jan 28, 2020",OG File,CD Quality,https://pillows.su/f/f4b942cb6506e33b9dcd329ae0b9bae5
A [V1],"Percolator [V8]
(prod. ThankGod4Cody)
(Perculator, Perculator (Interlude), Be Gone Soon)","Version used in a visualizer snippet posted to social media on January 27, 2015.",?:??,,"Jan 27, 2015",Snippet,Recording,https://pillows.su/f/8ebe4eac033eb45554408c61feca34ff
A [V1],"Percolator [V9]
(prod. ThankGod4Cody)
(Perculator, Perculator (Interlude), Be Gone Soon)",Title seen in the 6/21/2016 track listing for the album.,?:??,,,Confirmed,Not Available,N/A
A [V1],"🏅 ??? [V1]
(Prom, Camp Anawanna)","Rough concept of ""Prom"" with alternate lyrics and title. Likely produced by The Antydote but is currently unconfirmed.",?:??,,,Snippet,Recording,https://pillows.su/f/27ef0f4069b4623c778b256071954e77
A [V1],"⭐ Prom [V2]
(prod. Carter Lang & The Antydote)
(Camp Anawanna)","OG Filename: Prom_SZA Vox 20 samples late
Earliest known version of ""Prom"". The production in this version is slightly different and contains alternate lyrics. Bounced sometime in 2016. Leaked on 6/4/2023.",3:45,,"Jun 4, 2023",OG File,CD Quality,https://pillows.su/f/5a5b47c95fb6a3006765ec2a83fcaa7d
A [V1],"Prom [V3]
(Camp Anawanna)",Title seen in the 6/21/2016 track listing for the album.,N/A,,,Confirmed,Not Available,N/A
A [V1],"Pussy Monsta
(Pu$$y Monsta, Doves In The Wind, Doves N The Wind)","A throwaway from the A sessions which had its title displayed on a whiteboard titled ""The Michiana Sessions,"" where SZA had recorded songs at Michigan. It is believed to be produced by Carter Lang as his mother was the person who preserved the whiteboard according to SZA. Possibly a ""Doves In The Wind"" version.",N/A,,"Dec 28, 2024",Confirmed,Not Available,https://pixeldrain.com/u/rpvHNbdo
A [V1],"⭐ Real Niggas Respect It
(prod. The Antydote)
(Respect It, Real Shit)","OG Filename: SZA_Real Niggas Respect It &
OG Filename (Metadata): Live Niggas Respect It
A throwaway from the A sessions. Recorded in 2014. Leaked on 1/7/2021.",3:15,,"Jan 7, 2021",OG File,CD Quality,https://pillows.su/f/e01270e3ef02e8be0b8ab1a4267a581a
A [V1],"Mozarella Sticks [V1]
(prod. ThankGod4Cody)
(Roses, Convocation)","OG Filename: SZA_Mozarella Sticks_Rough & Mozarella Stick
Late 2014 demo that leaked sometime in 2023. Contains an open verse.",4:26,"Nov 25, 2014",,OG File,CD Quality,https://pillows.su/f/89f2b707a056b82ccc38253e569ace6d
A [V1],"⭐️ Mozarella Sticks [V2]
(prod. ThankGod4Cody)
(Roses, Convocation)","OG Filename: Mozarella Sticks_Rough 2
Version with better vocal mixing. Original file leaked on March 14, 2026.",4:26,"Nov 25, 2014","Mar 14, 2026",OG File,CD Quality,https://pillows.su/f/79bbfb55c9d140cf4fab9fbe349c0003
A [V1],"Mozarella Sticks [V3]
(prod. ThankGod4Cody)
(Roses, Convocation)","OG Filename: SZA_CONVOCATION_11.25.14_IVO
Background vocals have different mixing. Stem bounce leaked on April 27, 2026.",4:26,"Nov 25, 2014","Apr 27, 2026",Stem Bounce,Lossless,https://pillows.su/f/e9da44a048b95d49a3d3189c756f4121
A [V1],"Mozarella Sticks [V4]
(feat. ???) (prod. ThankGod4Cody)
(Roses, Convocation)","Contains a long mumble vocal take for the second verse from an unknown male artist which is dated the same day as the session. Stem bounce leaked on April 27, 2026.",4:26,"Nov 25, 2014","Apr 27, 2026",Stem Bounce,Lossless,https://pillows.su/f/79bbfb55c9d140cf4fab9fbe349c0003
A [V1],"🏆 Roses [V5]
(prod. ThankGod4Cody)
(Mozarella Sticks, Convocation)","In a vocal take from the October 11, 2015 ""Wavy"" session titled ""Lead Vox.dup10.18.01"", SZA states the following session would be ""Roses"". Possibly a finished version of the song.",,"Oct 11, 2015","Mar 14, 2026",Confirmed,Not Available,
A [V1],"Roses [V6]
(prod. ThankGod4Cody)
(Mozarella Sticks, Convocation)",Title seen on the June 2016 track listing.,,,Jun 2016,Confirmed,Not Available,
A [V1],"✨ Super Model [V1]
(prod. The Antydote)","OG Filename: SuperModel
Early version of ""Supermodel"".",2:39,"Feb 27, 2016","Aug 23, 2023",OG File,Lossless,https://pillows.su/f/3bf10b77268b6c3a6ab432c547b45672
A [V1],"Supermodel [V2]
(prod. The Antydote)","OG Filename: SUPERMODEL_01 &
OG Filename (Metadata): SUPERMODEL
Earliest known version of ""Supermodel"". This version of the song cuts off before the outro can finish. Leaked in SZAHUB after a successful groupbuy on 7/14/2023.",2:29,"Apr 8, 2016","Jul 14, 2023",OG File,CD Quality,https://pillows.su/f/86b10f579493d9ee6689c761d1aa84bb
A [V1],"Supermodel [V3]
(prod. The Antydote)","OG Filename: SUPERMODEL_02
Found in the audio files of the sessions.",0:51,"Apr 8, 2016","Aug 23, 2023",Stem Bounce,Lossless,https://pillows.su/f/9a56a97e8cba9aecd88df7b5b2ee52eb
A [V1],"Supermodel [V4]
(prod. The Antydote)","OG Filename: SUPERMODEL_03-01 &
OG Filename: SUPERMODEL_03
Early version of ""Supermodel"". Features additional background vocals. Lossless stem bounce is available as the second link.",2:29,"Apr 8, 2016","Aug 23, 2023",OG File,CD Quality,"https://pillows.su/f/3d7cc03221a68087cbd23eded557c559
https://pillows.su/f/1ef4a5890c618be39e552edc3228803e"
A [V1],"Supermodel [V5]
(prod. The Antydote)","OG Filename: SUPERMODEL_04
Found in the audio files of the sessions.",1:31,"Apr 8, 2016","Aug 23, 2023",Stem Bounce,Lossless,https://pillows.su/f/1170713b31a4b4dc06476c59446e5401
A [V1],"Supermodel [V6]
(prod. The Antydote)","OG Filename: SUPERMODEL_05
Found in the audio files of the sessions.",0:13,"Apr 8, 2016","Aug 23, 2023",Stem Bounce,Lossless,https://pillows.su/f/9c6fbc4449eff03b036ebf59516af27c
A [V1],"Supermodel [V7]
(prod. The Antydote)","OG Filename: SUPERMODEL_06
Found in the audio files of the sessions.",0:54,"Apr 8, 2016","Aug 23, 2023",Stem Bounce,Lossless,https://pillows.su/f/9ddfe82ccee641e5c53a2ab7488a552d
A [V1],"Supermodel [V8]
(prod. The Antydote)","OG Filename: SUPERMODEL_07
Found in the audio files of the sessions.",1:10,"Apr 8, 2016","Aug 23, 2023",Stem Bounce,Lossless,https://temp.imgur.gg/f/zQdhMNC
A [V1],"Supermodel [V9]
(prod. The Antydote)","OG Filename: SUPERMODEL_08 &
OG Filename (Metadata): SUPERMODEL_NEW ROUGH
Early version of ""Supermodel"". Near-identical to [V2].",2:38,"Apr 8, 2016","Aug 23, 2023",OG File,CD Quality,https://pillows.su/f/983526138d0e8827e7882bfa1d404b32
A [V1],"Supermodel [V10]
(prod. The Antydote)",Title seen in the 6/21/2016 track listing for the album.,?:??,,,Confirmed,Not Available,N/A
A [V1],Tender [V1],"Original version of ""Tender"" which officially debuted at the end of the ""Julia"" music video on 4/8/2014. Likely produced by Felix Snow but cannot be confirmed.",?:??,,"Apr 8, 2014",Partial,High Quality,https://pillows.su/f/e91b42e0a55341546d3b91ea6c44cf64
A [V1],Tender [V2],"Finished version of ""Tender"" which was written and recorded for A. Lyrics were shared on Twitter in promotion of the upcoming project. Vocal take snippet leaked on 9/5/2024.

SZA via Twitter (6/26/2014):
""Tell me what you need me to be 
gave you the best of me 
still want the rest of me 
Just love me tender
#A""",?:??,,"Sep 5, 2024",Confirmed,Not Available,https://x.com/sza/status/482233558639984640
A [V1],Tender [V3],"OG Filename: TENDER REVISION 3.8.16
Confirmed to exist based on the filename below.",?:??,,"Nov 26, 2025",Confirmed,Not Available,N/A
A [V1],🏆 Tender [V4],"OG Filename: TENDER REVISION 2 3.8.16
Version with more vocals. Seems finished from what was heard. Snippet leaked on 11/26/2025.",?:??,"Mar 8, 2016","Nov 26, 2025",Snippet,CD Quality,https://pillows.su/f/6288e6a4d1f385e0f9acaf2d5b288718
A [V1],"The Panties
(prod. Minnesota & ???)","Pre-2018 song assumed to be from A because of its sound. Cover of ""The Panties"" by Yasiin Bey, but contains additional production from an unknown person (presumably The Antydote). Snippet leaked on 11/26/2025.",?:??,,"Nov 26, 2025",Snippet,CD Quality,https://pillows.su/f/cd7175767007e37438d5da379da0f6b6
A [V1],"✨ The Weekend [V1]
(prod. ThankGod4Cody)","OG Filename: The Weekend_SZA Ruff 1
Earliest known version of ""The Weekend"" which contains lyrics differences. Recorded in 2016.",1:36,,"Jun 4, 2023",OG File,CD Quality,https://pillows.su/f/ad16538d9aa1f502fc4f38c32b7f1738
A [V1],"🏅 Thundercat Outro
(prod. Thundercat)",Title seen in the 6/21/2016 track listing for the album.,N/A,,,Confirmed,Not Available,N/A
A [V1],"Tread Carefully [V1]
(prod. ThankGod4Cody)","Earliest known version of ""Tread Carefully"" which was teased on social media by SZA on 2/28/2016. An extended snippet of the song leaked on 11/19/2019.",?:??,,"Feb 28, 2016",Snippet,Recording,https://pillows.su/f/ef3e66d0911d4a0cb2fb354ade5496aa
A [V1],"⭐️ Tread Carefully [V2]
(prod. ThankGod4Cody)","OG Filename: TREAD CAREFULLY 3.9.16.mp3
Early version of ""Tread Carefully"". A filenaming error exists where the extension .mp3 is defined twice.",3:04,"Mar 9, 2016","Jun 4, 2023",OG File,CD Quality,https://pillows.su/f/dd359cec69bc47a095bf4cd5e8606d2b
A [V1],"Tread Carefully [V3]
(prod. ThankGod4Cody)",Title seen in the 6/21/2016 track listing for the album.,?:??,,,Confirmed,Not Available,N/A
A [V1],"Tread Carefully [V4]
(prod. ThankGod4Cody)","Early version of ""Tread Carefully"". Features updated mixing and a shortened intro.",2:48,,"Aug 23, 2021",Full,CD Quality,https://pillows.su/f/0957eb051bbc0825ba2c72b5717458a3
A [V1],"Tread Carefully [V5]
(prod. ThankGod4Cody)",Updated mix teased on 11/19/2019.,?:??,,"Nov 19, 2019",Snippet,Recording,https://pillows.su/f/ef3e66d0911d4a0cb2fb354ade5496aa
A [V1],"✨ Waste Of Time
(prod. Terrace Martin)","OG Filename: Waste Of Time Vox Ideas 1 &
OG Filename (Metadata): Waste Of TIme VOX_Terrace_Sza
A mumble demo of ""Waste Of Time"". Features ten minutes of SZA freestyling on a soul instrumental.",10:08,,"Jun 5, 2023",OG File,CD Quality,https://pillows.su/f/db5a6de1f58f51b9811b3b836e809869
A [V1],"???
(Water)","OG Filename: Sza 1.7.2015
Rough session reusing lines from ""Tender"". Vocal take previously leaked on September 4, 2024, before the session leaked on March 14, 2026. Missing some plugins, such as Waves H-Delay.",4:49,,"Mar 14, 2026",Stem Bounce,CD Quality,https://pillows.su/f/a5ab770512273d443a4238479a9c1d3d
A [V1],"🏅 We Need A Resolution
(prod. Timbaland)","Cover of ""We Need A Resolution"" by Aaliyah that was teased on Snapchat by SZA sometime (presumably) in 2015.",?:??,,,Snippet,Recording,https://pillows.su/f/7c68392ef045b937d65c86105352f2ed
A [V1],"Nothing To Say [V1]
(Wrangler)","OG Filename: beatnew.01_01
Concept instrumental for the song located in the audio files of the Pro Tools sessions. It's a loop that repeats for almost four minutes.",3:53,"Apr 26, 2015",,Beat Only,Lossless,https://pillows.su/f/20c717b720d65d745062e35474cc1c73
A [V1],"Nothing To Say [V2]
(Wrangler)",Confirmed to exist based on the filename of the version below.,?:??,,,Confirmed,Not Available,N/A
A [V1],"Nothing To Say [V3]
(Wrangler)","OG Filename: nothing to say 4.26.15 3
Earliest known version of ""Wrangler"". Features an open verse and open bridge. There is no official bounce for this version. Leaked on 8/23/2023.",3:25,"Apr 26, 2015","Aug 23, 2023",Full,Lossless,https://pillows.su/f/ed05f1432df198ae7e41090c809c0786
A [V1],"⭐ Wrangler [V4]
(Nothing To Say)","OG Filename: SZA_Wrangler_Rough_04.26.15
A throwaway from the A sessions. Potentially mixed by Ivan Corpening since it was bounced on the same day as ""Wavy"" [V4], but cannot be confirmed. Features lyrical differences.",1:32,"Apr 26, 2015","May 11, 2021",OG File,CD Quality,https://pillows.su/f/fec5607fcaa9c9375e2a2b86c8f7f79f
A [V1],"🏅 ???
(A Little More Time)","Unreleased song from A which was teased on social media by SZA in (presumably) 2016. Originally believed to be titled ""A Little More Time"" before the actual snippet of the song leaked.",?:??,,,Snippet,Recording,https://pillows.su/f/30c725779619fedd3fc512f30f85cb7c
A [V1],"???
(Christmas, Chimney)",A throwaway from the A sessions. Teased on social media by SZA. It is speculated to have been originally intended for release around the holiday season of 2015.,?:??,,,Snippet,Recording,https://pillows.su/f/48e264b37f8de754b1be877a5483ddb5
A [V1],"???
(prod. Felix Snow)
(Ice Papi)",A throwaway from the A sessions. Teased on Tumblr by SZA on 1/31/2015.,?:??,,"Jan 31, 2015",Snippet,Recording,https://pillows.su/f/74218ead5133aa189b124090b03ed482
A [V1],"🏆 ???
(feat. ThankGod4Cody) (prod. ThankGod4Cody)
(Nasty Lil Bitch, National Bitch, Nasty Lil' Bih)","A throwaway from the A sessions featuring ThankGod4Cody that was teased on social media by SZA at an unknown date.

SZA via Twitter (7/4/2019):
""Lmao “nasty lil bih” But national cute too""",?:??,,,Snippet,Recording,https://pillows.su/f/afcf92df067d367ffec38a1a69df3348
A [V1],"???
(prod. Carter Lang)
(Tell Me Now)",Unknown snippet posted to SZA's snapchat at an unknown date.,?:??,,,Snippet,Recording,https://pillows.su/f/bd5d2b233e7cf1777a8a4d0247c1a5b7
A [V1],"Long As You Don't Forget Me [V1]
(prod. Prophit)
(Wavy, Wavy (Interlude))","Version teased in an Instagram post by SZA on April 2, 2015. Likely the solo version of the song as James Fauntleroy's takes are dated April 14, 2015.

SZA via Instagram (4/2/2015):
""a.""",,"Apr 2, 2015","Apr 2, 2015",Snippet,Recording,https://pillows.su/f/a9e355b271cd897c3af012adc23c0acb
A [V1],"🏆 Long As You Don't Forget Me [V2]
(prod. Prophit)
(Wavy, Wavy (Interlude))","Concept demo of the song which was confirmed to exist by multiple sellers. Unknown which session this was created in. Snippet leaked on June 5, 2023. Does not feature James Fauntleroy and has a new hook.",,"Apr 2, 2015","Jun 5, 2023",Snippet,Recording,https://pillows.su/f/7607d10ea2917b6692a95656152e8fe5
A [V1],"Wavy [V3]
(feat. James Fauntleroy) (prod. Prophit)
(Wavy (Interlude), Long As You Don't Forget Me)","OG Filename: ERA_SZA Prophit1_James_Best
Version unofficially bounced from one of the Pro Tools project files. Has horrendous mixing on the vocals. Was previously teased on April 2, 2015, when the song was still being recorded. Leaked on May 15, 2023.",3:26,"Apr 26, 2015","May 13, 2023",Stem Bounce,CD Quality,https://pillows.su/f/7388e316faeef3354198b9b055bdca7b
A [V1],"⭐️ Wavy [V4]
(feat. James Fauntleroy) (prod. Prophit)
(Wavy (Interlude), Long As You Don't Forget Me)","OG Filename: Prophit_Rough MIx_04.26.15
Version with additional SZA background vocals in the hook and verses, and the second verse is sung differently but retains the same vocals. Leaked on January 15, 2023.",3:26,"Apr 26, 2015","Jan 15, 2023",OG File,CD Quality,https://pillows.su/f/38fdb4ad65dca51ca8e4e9d34d822dd3
A [V1],"✨ Wavy [V5]
(feat. James Fauntleroy) (prod. Prophit)
(Wavy (Interlude), Long As You Don't Forget Me)","Version with the first rendition of the second verse but in a better quality. Bounced from the session made specifically for the new second verse below. Differences other than mixing are unknown. Leaked on November 28, 2025.",3:26,,"Nov 28, 2025",Stem Bounce,Lossless,https://pillows.su/f/bb5419dba734c8a8aaaf8116c4a3ac43
A [V1],"Wavy [V6]
(feat. James Fauntleroy) (prod. Prophit & ThankGod4Cody)
(Wavy (Interlude), Long As You Don't Forget Me)","OG Filename: WAVY TO TRACK TO
Version with an open second verse. Still contains the pre-chorus and chorus. Leaked on March 22, 2026.",3:37,"Sep 4, 2015","Mar 14, 2026",OG File,Lossless,https://pillows.su/f/86f95bb06bab2e8d91a770c1dad75209
A [V1],"Wavy [V7]
(feat. James Fauntleroy) (prod. Prophit)
(Wavy (Interlude), Long As You Don't Forget Me)","OG Filename: Copy of Wavy NEW 2ND VRS 9.5.15
Version of the song with a new second verse as the filename suggests. Originally leaked as an mp3, but a lossless file was bounced from the session on November 28, 2025.",3:26,"Sep 5, 2015","Nov 28, 2025",Stem Bounce,Lossless,https://pillows.su/f/95e2671858ecae2588e4ad7da3ab685c
A [V1],"Wavy [V8]
(feat. James Fauntleroy) (prod. Prophit)
(Wavy (Interlude), Long As You Don't Forget Me)","OG Filename: SZA 
Version of the song with differently-arranged production in certain places. Leaked on July 21, 2023, in the SZAHUB Telegram channel. Session for this version leaked on March 14, 2026.",3:37,"Sep 5, 2015","Jul 21, 2023",OG File,CD Quality,https://pillows.su/f/ebf433b3ef20f0874934e05457d4f64e
A [V1],"Wavy [V9]
(feat. James Fauntleroy) (prod. Prophit & ThankGod4Cody)
(Wavy (Interlude), Long As You Don't Forget Me)","OG Filename: Copy of Wavy.1
Contains alternate production from ThankGod4Cody which is dated September 9, 2015. Same format as the ""WAVY TO TRACK TO"" file, where the second verse is open. Stem bounce leaked on April 27, 2026.",3:27,"Sep 9, 2015","Apr 27, 2026",Stem Bounce,Lossless,https://pillows.su/f/1bdd26570e6735cb04246cbab1ac7b61
A [V1],"Wavy [V9]
(feat. James Fauntleroy) (prod. Prophit & ThankGod4Cody)
(Wavy (Interlude), Long As You Don't Forget Me)","OG Filename: wavy_vocal_bounce
File which was likely meant to contain only the vocals but certain instrumental stems were still unmuted.",1:00,"Sep 9, 2026","Mar 14, 2026",OG File,Lossless,https://pillows.su/f/fb52babbf4e783847d8012f1164d90b8
A [V1],"Wavy [V10]
(feat. James Fauntleroy) (prod. Prophit)
(Wavy (Interlude), Long As You Don't Forget Me)",Confirmed to exist based on the filename below.,,,"Mar 14, 2026",Confirmed,Not Available,
A [V1],"Wavy [V11]
(feat. James Fauntleroy) (prod. Prophit & ThankGod4Cody)
(Wavy (Interlude), Long As You Don't Forget Me)","OG Filename: wavy adds2
Version with the original first verse where she mentions ""me and Ashley"" chopped differently in the outro. Contains additional production (likely from ThankGod4Cody) and an open second verse for recording over. Bounced from the left and right audio files. Leaked on March 22, 2026.",3:02,,"Mar 14, 2026",Stem Bounce,Lossless,https://pillows.su/f/54cc35b1603f9591f81a290423f98f4e
A [V1],"✨ Wavy [V12]
(feat. James Fauntleroy) (prod. Prophit & ThankGod4Cody)
(Wavy (Interlude), Long As You Don't Forget Me)","OG Filename: wavy
Structure is slightly different and uses the ""wavy adds2"" file instead of the version below. Recovered from the most recent session backup file for a PTX previously titled ""wavy"". Vocal takes interpolating ""Roses"" were recorded for this version but are not present in tracking.",2:37,"Sep 21, 2015","Mar 14, 2026",Stem Bounce,Lossless,https://pillows.su/f/d4cc8cec04dd3d3f288858af059a9636
A [V1],"Wavy [V13]
(feat. James Fauntleroy) (prod. Prophit & ThankGod4Cody)
(Wavy (Interlude), Long As You Don't Forget Me)","OG Filename: wavy adds2--------.01
Version used as a base for recording over in the October 2015 session of the song. Contains additional production and an open space for ""Breaking Even"". It was originally intended to fade back into ""Wavy"". Bounced from the left and right audio files. Leaked on March 14, 2026.",3:28,,"Mar 14, 2026",Stem Bounce,Lossless,https://pillows.su/f/ac97c32fca322017efb59873a38fd414
A [V1],"⭐ Wavy [V14] / Hi-Ways [V1]
(feat. James Fauntleroy) (prod. Prophit, ThankGod4Cody & Carter Lang)
(Wavy, Wavy (Interlude), Long As You Don't Forget Me, Breaking Even, Hi-Ways)","OG Filename: Wavy_Adds 10-11-15
Finished version which transitions into an early version of ""Breaking Even"" that was intended to be apart of ""Wavy"" before being turned into its own song two days after this was bounced. The first verse was slightly rewritten. Leaked on March 14, 2026, in the Engine Room Audio box. Lossless stem bounce leaked on April 27, 2026.",3:07,"Oct 11, 2015","Mar 14, 2026",OG File,CD Quality,https://pillows.su/f/761508c0da11a60fc6f697a3ef51bb34
A [V1],"Wavy [V15] / Hi-Ways [V2]
(feat. James Fauntleroy) (prod. Prophit, ThankGod4Cody & Carter Lang)
(Wavy, Wavy (Interlude), Long As You Don't Forget Me, Breaking Even, Hi-Ways)","OG Filename: wavy_REDUY
Version intended to fade back into ""Wavy"" for a final chorus after the ""Breaking Even"" part. Stem bounce leaked on April 27, 2026.",3:28,"Oct 19, 2015","Apr 27, 2026",Stem Bounce,Lossless,https://pillows.su/f/469dc7a299825940f215be38d8e136d1
A [V1],"Wavy [V16]
(feat. James Fauntleroy)
(Wavy, Wavy (Interlude), Long As You Don't Forget Me, Breaking Even, Hi-Ways)",Title seen on the June 2016 track listing.,,,Jun 2016,Confirmed,Not Available,
A [V1],"???
(Untitled 10)",A throwaway from the A sessions. Teased on social media by SZA.,?:??,,,Snippet,Recording,https://pillows.su/f/02f70c2ca35716faac491c123c5bd1d5
A [V1],"???
(prod. The Antydote)","The Antydote via Twitter (7/2/2014):
""- I'm about to leak this song @sza. I promise I swear.""",N/A,,"Jul 2, 2014",Confirmed,Not Available,N/A
A [V1],???,A vocal take for an unknown song which leaked on 9/5/2024. It is believed to be A-era since the seller stated they only have sessions from 2013-2015.,?:??,,"Sep 5, 2024",Snippet,CD Quality,https://pillows.su/f/5f9cafa1dba5f1e9d7e494e1f255e169
A [V1],???,A vocal take for an unknown song which leaked on 9/5/2024. It is believed to be A-era since the seller stated they only have sessions from 2013-2015.,?:??,,"Sep 5, 2024",Snippet,CD Quality,https://pillows.su/f/04f21fc1f1ba0d368fd0942360833d8f
A [V1],???,A throwaway from the A sessions. Teased on social media by SZA.,?:??,,,Snippet,Recording,https://pillows.su/f/7b8d9918828b451a1b16450e43844fd7
A [V1],???,A throwaway from the A sessions. Teased on social media by SZA.,?:??,,,Snippet,Recording,https://pillows.su/f/7686e5b516c7f1e45287cb6377a6763b
A [V1],???,A throwaway from the A sessions. Teased on social media by SZA.,?:??,,,Snippet,Recording,https://pillows.su/f/1ffa2014d12e7a77d32df79bc37a7baf
A [V1],Unknown [Jhené Aiko Collaborations],"On 4/16/2014, SZA asked Jhené Aiko if they could possibly ""sing and stuff together,"" to which Jhené responded with ""yes"" in a now-deleted tweet. It is unknown if anything was recorded betwen the two.

SZA via Twitter (4/16/2014):
""@JheneAiko can we sing and stuff together?""

Jhené Aiko via Twitter (4/16/2014):
""@justsza yes 😉""",N/A,,"Apr 16, 2014",Confirmed,Not Available,https://x.com/sza/status/456559584648232961
A [V1],🏆 Unknown [Kali Uchis Collaborations],"According to a reliable source, SZA and Kali Uchis have recorded songs together in 2016.",N/A,,,Rumored,Not Available,N/A
A [V1],"⭐ KAYTRANADA - Take A Chance [V1]
(feat. SZA) (prod. KAYTRANADA)
(Insecure, Make 'Em Yours)","OG Filename: SZA - TAKE A CHANCE
A throwaway from KAYTRANADA's album BUBBA featuring SZA. Teased on social media by SZA. Leaked on 5/12/2023. Original file leaked on 10/25/2025.",3:31,,"May 12, 2023",OG File,CD Quality,https://temp.imgur.gg/f/FHSiehW
A [V1],"KAYTRANADA - Take A Chance [V2]
(feat. SZA) (prod. KAYTRANADA)
(Insecure, Make 'Em Yours)",Contains different drums and a slightly different intro. Vocals seem otherwise the same as [V1]. It was played during an afterparty by SZA and KAYTRANADA on 5/10/2025.,?:??,,"May 10, 2025",Snippet,Recording,https://pillows.su/f/1c994627989ba150d3170c8df09cc3bd
A [V1],"Kendrick Lamar - Heroin [V1]
(Catch A Breath, Just Like...)","""Heroin"" was originally Kendrick's song in 2015 before using it for the now scrapped Black Hippy 2 album. Claimed by Zaytop and other reputable sources. It's likely that a solo version exists.",?:??,,"Jan 27, 2024",Rumored,Not Available,N/A
A [V1],"Thundercat - Catch A Breath [V2]
(prod. Thundercat)
(Heroin, Just Like...)","Thundercat's version of ""Heroin"" which had its snippet forceleaked on April 21, 2024. Made in 2016. Full version forceleaked on July 4, 2024.",2:07,,"Jul 4, 2024",Full,CD Quality,https://pillows.su/f/aaed7df5fa0dd0d7e8e69f309cad3007
A [V1],"✨ Black Hippy - Heroin [V3]
(feat. Kendrick Lamar, SZA, Isaiah Rashad, Punch, Jay Rock & Lance Skiiiwalker) (prod. Thundercat)
(Catch A Breath, Just Like...)","Early version of ""Just Like..."". Allegedly recorded for a scrapped Black Hippy 2 album. Apart of the fan-made collection of leaks known as Bad Kid, Chill City. Leaked on 9/28/2018.",4:00,,"Sep 28, 2018",Full,CD Quality,https://pillows.su/f/3bb7eae434577ea969de41db135a1b2f
A [V1],"⭐️ Black Hippy - Just Like... [V4]
(feat. Kendrick Lamar, SZA, Isaiah Rashad, Punch, Jay Rock, Lance Skiiiwalker & Ab-Soul) (prod. Thundercat)
(Catch A Breath, Heroin)","OG Filename: just like... mix1
Later version of ""Heroin"". Features updated title, updated mixing, additional Jay Rock vocals, additional SZA background vocals, and an Ab-Soul verse near the end. Leaked on 1/27/2024.",4:35,,"Jan 27, 2024",OG File,High Quality,https://pillows.su/f/9ff735915cc2849113b77714fcf41f18
A [V1],"Mick Jenkins - Communicate [V1]
(feat. SZA) (prod. KAYTRANADA)","Original version of ""Communicate"" featuring SZA. Snippet leaked on 5/13/2024.",?:??,,"May 13, 2024",Snippet,CD Quality,https://pillows.su/f/b70e2e15915434db7f847318ee93f633
A [V1],"✨ Rihanna - ??? [V1]
(ref. SZA) (prod. Kuk Harrell & Keyon Christ)
(Goodnight Gotham, Only If For A Night, Better)","OG Filename: Rhianna_Sza__idea1_10-13-2014
A reference track for ""Goodnight Gotham"" performed by SZA.",4:21,"Oct 13, 2014","Jun 5, 2023",OG File,CD Quality,https://pillows.su/f/7896f0d2953103f5d379e130706a3e2f
"14 OG File(s)
7 Full
0 Tagged
0 Partial
4 Snippet(s)
25 Unavailable",Ctrl [V2],,,,,,,
Ctrl [V2],"Anything [V3]
(prod. The Antydote)",Title seen in an undated track listing for the album.,?:??,,,Confirmed,Not Available,N/A
Ctrl [V2],"Anything Outro [V6]
(Anything Pt. II, Sephora)",Title seen in an undated track listing for the album.,?:??,,,Confirmed,Not Available,N/A
Ctrl [V2],"Awkward [V1]
(prod. Michael Uzowuru)",Confirmed to exist based on the filename of the version below.,?:??,,"Jun 5, 2023",Confirmed,Not Available,N/A
Ctrl [V2],"⭐️ Awkward [V2]
(prod. Michael Uzowuru)","OG Filename: 01_Awkward_Mix_ref_ruff_2 &
OG Filename (Metadata): Awkward_Mix ref ruff 2
Earliest known version of ""Awkward"".",3:46,,"Jun 5, 2023",OG File,CD Quality,https://pillows.su/f/9dd940337d226f893b7c57272fffa77f
Ctrl [V2],"Bikini Bottom [V2]
(prod. Childish Major)
(Ms. Bikini Bottom)",Title seen in an undated track listing for the album.,?:??,,,Confirmed,Not Available,N/A
Ctrl [V2],"Broken Clocks [V3]
(prod. ThankGod4Cody)
(All I Got, Broken Clock)",Title seen in an undated track listing for the album.,?:??,,,Confirmed,Not Available,N/A
Ctrl [V2],"🏅 Consideration [V4]
(LouAnne Johnson, I Doubt It, Green Mile Pt. II)","Title seen in an undated track listing for the album. It was described as the ""untitled demo release version"" so it is more than likely she was referring to the early concept of the song. Differences are unknown.",?:??,,,Confirmed,Not Available,N/A
Ctrl [V2],"Dem Dem Dem Ay Ayy [V4]
(Breaking Even)",Title seen in an undated track listing for the album. It was noted that she could not remember the song title while making the track listing.,?:??,,,Confirmed,Not Available,N/A
Ctrl [V2],"Doves N The Wind [V6]
(feat. Kendrick Lamar) (prod. Cam O'bi)
(Doves In The Wind)",Title seen in an undated track listing for the album.,?:??,,,Confirmed,Not Available,N/A
Ctrl [V2],"⭐️ Decisions [V18]
(prod. Bentley & Jo Blaq)","OG Filename: SZA - Decisions
Final version of ""Decisions"" which was intended for inclusion in Ctrl. The chorus was slightly altered, and the concept of a bridge was removed from this version of the song entirely, reducing the duration of the track by ~30 seconds. The instrumental contains additional elements. The audio was ripped through SoundCloud, where it was uploaded by RCA on 4/13/2017, likely to be released as a single but was scrapped last-minute. It was originally being sold on TheSource and fully leaked on 12/29/2024.",3:11,,"Dec 29, 2024",Full,High Quality,https://pillows.su/f/46cd9812700d2d14d79db44b27b5b78e
Ctrl [V2],"Drew Barrymore [V4]
(prod. The Antydote & Carter Lang)
(Drew)",Title seen in an undated track listing for the album.,?:??,,,Confirmed,Not Available,N/A
Ctrl [V2],Drunk [V3],Title seen in an undated track listing for the album.,?:??,,,Confirmed,Not Available,N/A
Ctrl [V2],"Go Gina [V2]
(prod. Ging, Carter Lang & The Antydote)",Title seen in an undated track listing for the album.,?:??,,,Confirmed,Not Available,N/A
Ctrl [V2],"Inside Man (Interlude) [V4]
(prod. KAYTRANADA)
(Inside Man)","Interlude version of ""Inside Man"" which was intended to release in a later version of Ctrl according to a later track listing for the album. This version could likely be a slightly extended version of the song which played in the outro of ""2AM,"" but it is unconfirmed.",?:??,,,Confirmed,Not Available,N/A
Ctrl [V2],"✨ Love Galore [V4]
(feat. Travis Scott) (prod. Carter Lang & ThankGod4Cody)","OG Filename: Love Galore_New Travis Part L2_Mix_3_almost done_5
Before Travis' verse, the ""straight up"" vocals were removed. Extra reverb was applied to Travis' intro. The chorus does not play after the first verse and immediately skips to SZA's verse. Her second verse was removed. The part she sings after ""I've dated a few"" was removed and leaves an open bridge/verse available. Additional Travis adlibs were added throughout the song. In the second part/outro of the song, the vocals were re-recorded; the lyrics and production of this segment were slightly changed in this mix, too. After her outro, Travis can be heard humming in the last ~15 seconds of the song. Leaked on 6/24/2024.",4:20,,"Jun 24, 2024",OG File,CD Quality,https://pillows.su/f/74376f1452b034aee7986f434dff91a0
Ctrl [V2],"Love Galore [V5]
(feat. Travis Scott) (prod. Carter Lang & ThankGod4Cody)","OG Filename: Love Galore_L2_TS Vox_Main Mix
A slight crescendo effect is applied before each line of Travis' intro, and his humming outro was removed. SZA's chorus was readded to play after Travis' verse, and the instrumental fades to become more toned down in this area. Most of Travis' adlibs were removed in this mix, and the second part after SZA's verse was removed. Leaked on 12/31/2023.",4:29,,"Dec 31, 2023",OG File,CD Quality,https://pillows.su/f/d2849ec7e5e791d568c1ca3dd6bf7d59
Ctrl [V2],"Love Galore [V6]
(feat. Travis Scott) (prod. Carter Lang & ThankGod4Cody)","Early version of ""Love Galore"". Played at a Ctrl listening party. Travis' intro is shortened, and he has some different vocal placement and hums in the outro. Contains potentially different takes from SZA.",3:34,,,Full,Recording,https://pillows.su/f/bada2a04a4f0773f7d3b5a87308b9ca4
Ctrl [V2],"⭐ Love Galore [V7]
(feat. Travis Scott) (prod. Carter Lang & ThankGod4Cody)","OG Filename: SZA - Love Galore Remix
Early version of ""Love Galore"". Features two different verses from SZA that were used in the alternate version of the song in the deluxe edition of the album. Leaked on 9/29/2018.",4:34,"May 2, 2017","Sep 29, 2018",OG File,Lossless,https://pillows.su/f/3b5dc5d69f894d3b44cee14fa06dc70d
Ctrl [V2],"Love Galore [V8]
(feat. Travis Scott) (prod. Carter Lang & ThankGod4Cody)",Title seen in an undated track listing for the album.,?:??,,,Confirmed,Not Available,N/A
Ctrl [V2],🏅 MMS,Title seen in an undated track listing for the album.,N/A,,,Confirmed,Not Available,https://pixeldrain.com/u/RCpaXHEL
Ctrl [V2],"Percolator [V10]
(prod. ThankGod4Cody)
(Perculator, Perculator Interlude, Be Gone Soon)",Title seen in an undated track listing for the album.,?:??,,,Confirmed,Not Available,N/A
Ctrl [V2],"Prom [V4]
(prod. The Antydote & Carter Lang)",Title seen in an undated track listing for the album.,?:??,,,Confirmed,Not Available,N/A
Ctrl [V2],"⭐ Roses [V3]
(feat. Noname)","OG Filename: Roses w Noname_reference.01272017
A throwaway from the Ctrl sessions featuring Noname. Features updated mixing. The song duration has been significantly reduced, only containing Noname's verse and SZA's chorus. Originally teased on TheSource before leaking entirely on 3/22/2024.",1:57,"Jan 27, 2017","Mar 22, 2024",OG File,CD Quality,https://pillows.su/f/69c89c7477751d0c0eed757fcd45b90e
Ctrl [V2],"Selfish [V1]
(prod. Tyler Page)","OG Filename: Selfish_IGA S2_TP_1
Later version of ""Selfish"" with updated lyrics. Contains multiple open verses. The chorus seems is emptier than [V3] and only has the background vocals. Recorded at Interscope Geffen A&M recording studio 2 by Tyler Page. Leaked on 8/9/2022.",4:00,,"Aug 9, 2022",OG File,CD Quality,https://pillows.su/f/b672b41b65953b362e113d0354da0392
Ctrl [V2],"✨ Selfish [V2]
(prod. Tyler Page)","OG Filename: SELFish 2
Later version of ""Selfish"" with filled verses and changed chorus lyrics. Final duration was cut by exactly a minute. Leaked on 6/6/2023. Original file leaked on 10/24/2025.",3:00,,"Jun 6, 2023",OG File,CD Quality,https://temp.imgur.gg/f/v2Mo0nh
Ctrl [V2],"Selfish [V3]
(prod. Tyler Page)","A throwaway from the Ctrl sessions. Teased on social media by SZA, and in the official documentary-styled short film WHERE THE HELL HAVE YOU BEEN: road to Ctrl uploaded to YouTube by TDE. The lyrics were changed, though it is not known by how much.",?:??,,,Snippet,Recording,https://pillows.su/f/744bb98ece3cba7179f96d8330d22471
Ctrl [V2],"Super Model
(prod. The Antydote)
(Supermodel)","OG Filename: SZA - Super Model
An extended version of ""Supermodel"" which was used for the first episode from the second season of HBO series Insecure, the same show which SZA had created ""Quicksand"" for. Features an extended outro instrumental. Originally found on RCA's official SoundCloud account under a private visibility. Though ""Supermodel"" is already a part of the Insecure soundtrack, this version was never released officially, other than being automatically uploaded to SZA's YouTube channel.",3:57,,"Sep 15, 2024",Full,High Quality,https://pillows.su/f/65bdb904ece9b07535c6335ddf94b68e
Ctrl [V2],"The Weekend [V2]
(prod. ThankGod4Cody)","Later version of ""The Weekend"".",?:??,,,Snippet,Recording,https://pillows.su/f/3cde3d0570bfca6f7f71929155a42330
Ctrl [V2],"Weekend [V3]
(prod. ThankGod4Cody)
(The Weekend)",Title seen in an undated track listing for the album.,?:??,,,Confirmed,Not Available,N/A
Ctrl [V2],"✨ The Weekend (Remix)
(feat. 6LACK) (prod. ThankGod4Cody)","An unreleased remix of ""The Weekend"" featuring 6LACK. Uses lyrics from his cover of the song titled ""Sunday"".",4:40,,,Full,High Quality,https://pillows.su/f/30eb973c4e4981947ac0abb123975a34
Ctrl [V2],"The Weekend (Remix)
(feat. dvsn) (prod. ThankGod4Cody)","An unreleased remix of ""The Weekend"" featuring dvsn.",4:10,,,Full,High Quality,https://pillows.su/f/b29c94dd43d9b4d21ed7ba9a322d199b
Ctrl [V2],"Wavy (Interlude) [V17]
(feat. James Fauntleroy) (prod. ???)
(Wavy, Long As You Don't Forget Me)","Unknown version of ""Wavy (Interlude)"". Features different production and vocals similar to the final release version of the song, indicating it could be from the Ctrl era instead of A. Snippet was leaked by Sodacup.",?:??,,,Snippet,High Quality,https://pillows.su/f/0561c4e921b957dc347292d2ef0e7afb
Ctrl [V2],"Wavy (Interlude) [V18]
(Wavy, Long As You Don't Forget Me)",Title seen in an undated track listing for the album.,?:??,,,Confirmed,Not Available,N/A
Ctrl [V2],"🏅 Wavy [V19]
(feat. James Fauntleroy) (prod. ThankGod4Cody & Prophit)
(Wavy (Interlude))","An extended version of ""Wavy (Interlude)"". SZA stated she would release the extended version on the deluxe edition of Ctrl, but it didn't make the cut. It is unknown if it was recorded or would've been an older demo of the song re-recorded. The existence of this copy at all is not public knowledge.",?:??,,,Confirmed,Not Available,N/A
Ctrl [V2],Zip Loc Bag,A throwaway from the Ctrl sessions. It is featured in a draft track listing for the album.,N/A,,,Confirmed,Not Available,https://pixeldrain.com/u/jUMXZ5gQ
Ctrl [V2],"6LACK - Sunday
(prod. ThankGod4Cody)
(The Weekend)","6LACK cover of ""The Weekend"". Snippet leaked on 11/26/2025. Fully surfaced on 11/28/2025.",3:58,,"Nov 28, 2025",Full,CD Quality,https://pillows.su/f/2c51849e9eac8b6981e0623428a2bbf7
Ctrl [V2],"Kendrick Lamar - Loved 1 [V2]
(prod. Sounwave & Terrace Martin)
(Loved Ones, Redemption)","OG Filename: KL-Loved 1 re ruff writing
Snippet leaked by Berkeley on October 1, 2023. Said to be a personal demo Kendrick made to write more lyrics to, 2:01 in length. Fully leaked on October 7th, 2023.",2:01,,"Oct 7, 2023",OG File,Lossless,https://pillows.su/f/e01ab8af876bd3440da2747fa8c5ee64
Ctrl [V2],"Jay Rock - Redemption [V3]
(ref. Kendrick Lamar) (prod. Sounwave & Terrace Martin)
(Loved 1, Loved Ones)","OG Filename: KL-Redemption Loved 1 re ruff ref
Snippet leaked by Berkeley on October 1, 2023. Said to be bar for bar what's on release, only missing the second verse. Kendrick ghostwrote the whole song and other's on Jay Rock's album. 2:17 in length. Fully leaked on October 7th, 2023.",2:17,,"Oct 7, 2023",OG File,Lossless,https://pillows.su/f/d71f01a8465e279d3bb0629d577858f5
Ctrl [V2],"Kendrick Lamar - LOYALTY. [V1]
(ref. DJ Dahi) (prod. Sounwave)
(LOYALTY #2, LOYALTY PART 2)","""LOYALTY."" melody came from a whole reference track done by DJ Dahi when Kendrick shared him the track. His vocals were partly included on the released version. Confirmed by DJ Dahi to NPR Music.",?:??,,"Apr 25, 2020",Confirmed,Not Available,N/A
Ctrl [V2],"Kendrick Lamar - LOYALTY. [V2]
(ref. DJ Dahi & Kendrick Lamar) (prod. Sounwave)
(LOYALTY #2, LOYALTY PART 2)","Recording of Kendrick and Dahi riffing over the ""LOYALTY."" lyrics before recording them over the beat.",?:??,"Oct 25, 2016","Feb 2, 2024",Confirmed,Not Available,N/A
Ctrl [V2],"Kendrick Lamar - LOYALTY. [V3]
(ref. Kendrick Lamar) (prod. Sounwave)
(LOYALTY #2, LOYALTY PART 2)",Recording of Kendrick's first part of the song as well as references for Rihanna recorded with different vocal takes compared to the final version.,?:??,"Oct 25, 2016","Feb 2, 2024",Confirmed,Not Available,N/A
Ctrl [V2],"Kendrick Lamar - LOYALTY. [V4]
(ref. Kendrick Lamar) (prod. Sounwave)
(LOYALTY #2, LOYALTY PART 2)",Recording of Kendrick's first and second part of the song as well as references for Rihanna recorded with different vocal takes and mumble.,?:??,"Oct 25, 2016","Feb 2, 2024",Confirmed,Not Available,N/A
Ctrl [V2],"Kendrick Lamar - LOYALTY. [V5]
(feat. DJ Dahi, Rihanna & SZA) (prod. Sounwave, DJ Dahi & Terrace Martin)
(LOYALTY #2, LOYALTY PART 2)","OG Filename: KL_Loyalty Main v2.5 april 2 2017
Early version of ""LOYALTY"". Features additional background vocals from SZA and Kendrick.",3:47,"Apr 2, 2017","Jan 28, 2024",OG File,Lossless,https://pillows.su/f/8067b868096dd87bd9f6a8e8ad9c3b8a
Ctrl [V2],"Kendrick Lamar - LOYALTY. [V6]
(feat. DJ Dahi & Rihanna) (prod. Sounwave, DJ Dahi & Terrace Martin)
(LOYALTY #2, LOYALTY PART 2)","Leaked on LEAKTH.IS on September 23, 2018. Features different recording of Rihanna's lines, additional vocals, a few beat differences, and is missing the final outro that is on the officially released version.",3:31,,"Sep 23, 2018",Full,CD Quality,https://pillows.su/f/dbba52d1279fbd82aa222b3768962566
Ctrl [V2],"Feli Ferraro - One Track Mind [V1]
(prod. Pharrell Williams)
(Party Next Door, Shnack)","OG Filename: ONE TRACK MIND - RUFF V1 (Feli x Pharrell)
Version with Feli Ferraro singing over the Pharrell beat.",2:33,,,OG File,CD Quality,https://pillows.su/f/fcff9121e14fb95fe6746e9027043058
Ctrl [V2],"🏅 Ariana Grande - Shnack [V2]
(ref. SZA) (prod. Pharrell Williams)
(Party Next Door, One Track Mind)","OG Filename: AG Shnack [sza ref 1 88bpm]
First reference track performed by SZA which contains more opens. Snippet leaked on 2/21/2023.",7:12,,"Feb 21, 2023",Snippet,CD Quality,https://pillows.su/f/f18e6026583eb7de550dbdcb26a54a9e
Ctrl [V2],"Ariana Grande - Shnack [V3]
(ref. SZA) (prod. Pharrell Williams)
(Party Next Door, One Track Mind)","OG Filename: AG Shnack [sza ref 2 88bpm]
A reference track for ""Shnack"" performed by SZA. Contains mostly mumble vocals. Recorded in 2017.",2:40,,"May 18, 2023",OG File,CD Quality,https://pillows.su/f/d4ae2007e33fca31cc8d6f908bd00dac
Ctrl [V2],"N.E.R.D. - Party Next Door [V4]
(feat. Starrah) (prod. Pharrell Williams)
(Shnack, One Track Mind)","OG Filename: NERD STARRAH PARTY NEXT DOOR Conway 5.27.17
Version of the song that was renamed to ""Party Next Door"" and given to Nerd. Leaked on 8/28/2023.",2:32,"May 27, 2017","Aug 28, 2023",OG File,CD Quality,https://pillows.su/f/47a88f7ef48d2754c590e530a5c4727d
Ctrl [V2],"Tame Impala - Back Together [V1]
(feat. SZA) (prod. Tame Impala & Mark Ronson)",Confirmed to exist based on the filename of the version below.,?:??,,"Sep 28, 2018",Confirmed,Not Available,N/A
Ctrl [V2],"⭐ Tame Impala - Back Together [V2]
(feat. SZA) (prod. Tame Impala & Mark Ronson)","OG Filename: Back Together - Vs Vocs 052917 02 mark ronson kevin parker
This song was teased during the 2017 Governor's Ball Music Festival but was ultimately scrapped for unknown reasons. On a Stationhead livestream taken place on 12/14/2022, SZA replied to a viewer who commented about the song, stating that Tame Impala could record/send their vocals if they still wanted the song to release.",4:26,"May 29, 2017","Sep 28, 2018",OG File,Lossless,https://pillows.su/f/8b6371724401abf0433667252304ec10
"58 OG File(s)
14 Full
1 Tagged
10 Partial
41 Snippet(s)
131 Unavailable",SOS,,,,,,,
SOS,"✨ 27 Hours [V1]
(prod. Rob Bisel)","OG Filename: 01 27 Hours - WLD 090722
Earliest known version of ""27 Hours"". Contains entirely different production and opens. Leaked on 9/14/2024.",3:12,"Sep 7, 2022","Sep 14, 2024",OG File,CD Quality,https://pillows.su/f/2dd660affafca6f5f343759e091f4848
SOS,27 Hours [V2],"OG Filename: 27 Hours_2D
Early version of ""27 Hours"". Features an acoustic instrumental. The song partially plays before being cut off. Vocals are seemingly identical to [V3]. Leaked on 9/14/2024.",1:15,,"Sep 14, 2024",OG File,CD Quality,https://pillows.su/f/244a4e7186c3a17be281aa0236efbff5
SOS,"⭐ 27 Hours [V3]
(prod. Michael Uzowuru & Tyler Johnson)","OG Filename: 27 Hours_3C Space Version
A throwaway from the SOS sessions. Halsey's ""I Never Loved You"" samples this instrumental, which was produced by Michael Uzowuru and Tyler Johnson. This version of ""27 Hours"" originally leaked on 1/5/2024 in low quality; it later surfaced in lossless quality nine months later, on 9/14/2024.",2:26,"Nov 14, 2022","Sep 14, 2024",OG File,Lossless,https://pillows.su/f/e7ba5925a57d288f4e812a56d9773e3f
SOS,"🏅 I Like It [V1]
(prod. Micheal Uzowuru & J. White Did It)
(30 For 30, Treat Me Better)","Early version of ""30 For 30"" featuring different production and lyrics from SZA. There are no known vocals from Kendrick Lamar in this version. It is listed under the working title ""I Like It"" on a whiteboard full of songs intended for SOS. Snippet teased in SZA's Instagram Stories on 2/18/2021.",?:??,,"Feb 18, 2021",Snippet,Recording,https://pillows.su/f/186e41200c096d63a307bd61e0925221
SOS,"All the Stars [V1]
(ref. Kendrick Lamar) (with Kendrick Lamar) (prod. Al Shux & Sounwave)","OG Filename: 01 All the stars sza reference
A reference track for ""All the Stars"" performed by Kendrick Lamar. There is less Production in this version and contains a producer tag in the intro. Kendrick sings the chorus in this version of the song and has different vocal takes in his verse. Contains an open verse for SZA. Leaked on 9/28/2018.",3:50,,"Sep 29, 2018",Full,CD Quality,https://pillows.su/f/be777dec1475b8535027b6c1f38b42f9
SOS,"Another World [V1]
(Another Life)","Early version of the song which contains an early version of the instrumental, according to what was written on a whiteboard for the album. Snippet leaked on 1/22/2026.",N/A,,"Jan 22, 2026",Snippet,CD Quality,https://pillows.su/f/c8fc45464ea1f9022e6ae5f7bddcb10b
SOS,"Another World [V2]
(Another Life)","The song title was seen on a whiteboard shown in the SOS: Where The Hell Have You Been documentary. Title was previously seen on 3/18/2022 when SZA was recording songs in a studio. It supposedly has a ""new beat"" according to what was written, confirming the existence of a demo with an alternate instrumental.",N/A,,"Dec 16, 2022",Confirmed,Not Available,N/A
SOS,"Alice In Wonderland [V1]
(Wonderland)","A throwaway from the SOS sessions. Often confused with the untitled second track from the Lana prework, commonly known as ""Clean Up"". A second version of this song is expected to appear on Lana: SOS Deluxe per the whiteboard track list teaser.",N/A,,,Confirmed,Not Available,N/A
SOS,"🏆 Asparagus [V1]
(Ms. Nomad)",A throwaway from the SOS sessions. SZA confirmed its appearance in the deluxe edition of the album on 12/14/2022. It was reconsidered for LANA but was scrapped for unknown reasons. Snippet teased on 11/19/2019.,?:??,,"Nov 19, 2019",Snippet,Recording,https://pillows.su/f/66e25cba30f7026593584db93c97920e
SOS,"BMF [V1]
(Boy From South Detroit, Black Mafia Family, Blowing Money Fast)","Earliest known version of ""BMF"" which was teased on Instagram by SZA. Originally intended for inclusion on SOS; however, her management concluded that it would not gain much attention on the album. Snippet leaked 4/18/2024. Additional snippets leaked on 12/22/2024.",?:??,,"Dec 22, 2024",Snippet,CD Quality,https://pillows.su/f/d8f583a9eb70f7c5677139c25769d553
SOS,"BMF [V2]
(Boy From South Detroit, Black Mafia Family, Blowing Money Fast)",Version of the song with a different instrumental. Snippet leaked on 12/22/2024.,?:??,,"Dec 22, 2024",Snippet,CD Quality,https://pillows.su/f/df8a47cd062f3a02cb8d7c3e703f93c1
SOS,"🏆 BMF [V3]
(prod. Carter Lang, Blake Slatkin & Omer Fedi)
(Boy From South Detroit, Black Mafia Family, Blowing Money Fast)","A snippet from this version of ""BMF"" leaked on 4/18/2024, alongside a snippet from the vocals. Contains additional production from Carter Lang. Described as the seller as a ""rough demo"" of the song. Additional vocals snippet leaked on 12/22/2024. Teased in SZA's Instagram Stories on 10/15/2021.

SZA via Instagram Stories (10/15/2021):
""Watches BMF once""",?:??,,"Dec 22, 2024",Snippet,CD Quality,"https://pillows.su/f/4e5324bd8d7289131ba2ad1c747ada9d
https://pillows.su/f/51c024d66a8c6fb1b5bc4dc06c526cb5"
SOS,"BMF [V4]
(prod. Carter Lang, Blake Slatkin & Omer Fedi)
(Boy From South Detroit, Black Mafia Family, Blowing Money Fast)",The guitar is more silent in this version. Snippet leaked on 12/22/2024.,?:??,,"Dec 22, 2024",Snippet,CD Quality,https://pillows.su/f/52e358d445ff0bd3c6a80916c4944b39
SOS,"⭐ Brace Yourself [V1]
(prod. Michael Uzowuru)","OG Filename: SZA - Brace Yourself - Rough Mix - 12.02.18 &
OG Filename (Metadata): Brace Yourself - Rough Mix - 12.02.18
A throwaway from the SOS sessions which was teased in an Instagram post by SZA on 12/4/2018. She'd later state that the music video for the song would be shot in June 2019. CDQ file leaked on 8/9/2021. It was originally intended to appear in the deluxe, according to what she said on a Stationhead livestream which took place on 12/14/2022, but it was ultimately scrapped from the final release on 12/20/2024. On 7/19/2019, she performed the song partially at one of her tour locations. Original file leaked on 10/24/2025.

SZA via Instagram post (12/4/2018):
""Riding w new thoughts""",2:57,"Dec 2, 2018","Aug 9, 2021",OG File,CD Quality,https://temp.imgur.gg/f/kGKf42U
SOS,"Butterfly Garden [V1]
(The Closer I Get To You)","Early mix of ""Butterfly Garden"" which does not contain drums that appear in later versions. Snippet teased in SZA's Instagram Stories on 4/8/2021.",?:??,,"Apr 8, 2021",Snippet,Recording,https://pillows.su/f/d3db4946c7fc04af1eedec81fab89acb
SOS,"Butterfly Garden [V2-V9]
(The Closer I Get To You)","Multiple versions of ""Butterfly Garden"" confirmed to exist based on the file name of a leaked version of the song.",?:??,,"Jul 8, 2021",Confirmed,Not Available,N/A
SOS,"⭐ Butterfly Garden [V10]
(The Closer I Get To You)","OG Filename: butterfly garden v10 8.12.21
A throwaway from the SOS sessions. Leaked in low quality on 1/5/2024, and in high quality on 7/8/2024. Features updated mixing and additional sounds. Interpolates ""The Closer I Get To You"" by Roberta Flack.",3:03,"Aug 12, 2021","Jul 8, 2024",OG File,CD Quality,https://pillows.su/f/e44f9dacbf4d91126df1ca918e702259
SOS,"⭐ Calling My Phone
(prod. LilHBeats, Non Native, Bordeaux & G. Ry)","OG Filename: SZA - CALLING MY PHONE for MIX HC 02.22.21
A week after its release, SZA had recorded a verse for Lil Tjay's song ""Calling My Phone."" Lil Tjay stated he didn't know that SZA had recorded a verse for the song. SZA's verse is the only vocal content. This was bounced the same day as ""Stay Long"" [V3]. Leaked on 6/6/2023.

SZA via Twitter (6/9/2023):
""Lmao as for the calling my phone verse .. I'm mad y'all leaked it .. but glad y'all liked it ? 🥴 [...]""",3:21,"Feb 22, 2021","Jun 6, 2023",OG File,CD Quality,https://pillows.su/f/b9224012e4bbe48d7fedfd14eeadd78e
SOS,Cardigans,"The song title was seen on a whiteboard teased in the SOS: Where The Hell Have You Been documentary. It was listed as a grunge song. Possibly just the name of the band ""The Cardigans"" as its written alongside other artist names.",N/A,,"Dec 16, 2022",Confirmed,Not Available,N/A
SOS,"Clean Cruise
(prod. Rodney Jerkins)",The song title was seen on a whiteboard teased in SZA's Instagram Stories on 3/18/2022.,N/A,,"Mar 18, 2022",Confirmed,Not Available,N/A
SOS,"Charlatan [V1-V?]
(prod. Rob Bisel & Carter Lang)
(F2F, Fuck 2 Forget)",Multiple freestyles and revisions of the song.,?:??,,,Confirmed,Not Available,
SOS,"🏆 Charlatan [V2]
(feat. Lizzo) (prod. Rob Bisel & Carter Lang)
(F2F, Fuck 2 Forget)","Original version of ""F2F"" which was under the title ""Charlatan"" at the time of recording. One of many songs created during the same session with Lizzo, but only one of five rock songs she created for the album. Has only one verse from Lizzo that was removed in later versions for unknown reasons.",?:??,,"Dec 19, 2022",Confirmed,Not Available,https://www.rollingstone.com/music/music-features/sza-sos-deluxe-secrets-rock-songs-unheard-lizzo-1234649069/
SOS,"Charlatan [V3]
(prod. Rob Bisel & Carter Lang)
(F2F, Fuck 2 Forget)","OG Filename: Charlatan - EON 10-21-22!_05
Alternate mix shown in a selling thread.",?:??,"Oct 22, 2022","Apr 21, 2026",Confirmed,Not Available,https://pixeldrain.com/u/GhzqqfTA
SOS,"Charlatan [V4]
(prod. Rob Bisel & Carter Lang)
(F2F, Fuck 2 Forget)","OG Filename: Charlatan - DN mix 10-22-22!
Alternate mix shown in a selling thread.",?:??,"Oct 22, 2022","Apr 21, 2026",Confirmed,Not Available,https://pixeldrain.com/u/GhzqqfTA
SOS,"Charlatan [V5]
(prod. Rob Bisel & Carter Lang)
(F2F, Fuck 2 Forget)","OG Filename: Charlatan - DN mix 1 10-22-22!
Alternate mix shown in a selling thread.",?:??,"Oct 23, 2022","Apr 21, 2026",Confirmed,Not Available,https://pixeldrain.com/u/GhzqqfTA
SOS,"Charlatan [V6]
(prod. Rob Bisel & Carter Lang)
(F2F, Fuck 2 Forget)","OG Filename: Charlatan - DN mix 1 10-22-22
Alternate mix shown in a selling thread.",?:??,"Oct 23, 2022","Apr 21, 2026",Confirmed,Not Available,https://pixeldrain.com/u/GhzqqfTA
SOS,"Charlatan [V7]
(prod. Rob Bisel & Carter Lang)
(F2F, Fuck 2 Forget)","OG Filename: Charlatan - DN mix2 11-9-22!
Alternate mix shown in a selling thread.",?:??,"Nov 9, 2022","Apr 21, 2026",Confirmed,Not Available,https://pixeldrain.com/u/GhzqqfTA
SOS,"Charlatan [V8]
(prod. Rob Bisel & Carter Lang)
(F2F, Fuck 2 Forget)","OG Filename: Charlatan - DN mix2 11-9-22
Alternate mix shown in a selling thread.",?:??,"Nov 9, 2022","Apr 21, 2026",Confirmed,Not Available,https://pixeldrain.com/u/GhzqqfTA
SOS,"Charlatan [V9]
(prod. Rob Bisel & Carter Lang)
(F2F, Fuck 2 Forget)","OG Filename: Charlatan - DN mix3
Alternate mix shown in a selling thread.",?:??,"Nov 23, 2022","Apr 21, 2026",Confirmed,Not Available,https://pixeldrain.com/u/GhzqqfTA
SOS,"Charlatan [V10]
(prod. Rob Bisel & Carter Lang)
(F2F, Fuck 2 Forget)","OG Filename: Charlatan - DN mix3!
Alternate mix shown in a selling thread.",?:??,"Nov 23, 2022","Apr 21, 2026",Confirmed,Not Available,https://pixeldrain.com/u/GhzqqfTA
SOS,"Charlatan [V11]
(prod. Rob Bisel & Carter Lang)
(F2F, Fuck 2 Forget)","OG Filename: Charlatan - DN mix3-ALT
Alternate mix shown in a selling thread.",?:??,"Nov 23, 2022","Apr 21, 2026",Confirmed,Not Available,https://pixeldrain.com/u/GhzqqfTA
SOS,"Charlatan [V12]
(prod. Rob Bisel & Carter Lang)
(F2F, Fuck 2 Forget)","OG Filename: Charlatan - DN mix3-ALT!
Alternate mix shown in a selling thread.",?:??,"Nov 23, 2022","Apr 21, 2026",Confirmed,Not Available,https://pixeldrain.com/u/GhzqqfTA
SOS,"Charlatan [V13]
(prod. Rob Bisel & Carter Lang)
(F2F, Fuck 2 Forget)","OG Filename: Charlatan - DN mix 4!
Alternate mix shown in a selling thread.",?:??,"Nov 27, 2022","Apr 21, 2026",Confirmed,Not Available,https://pixeldrain.com/u/GhzqqfTA
SOS,"Charlatan [V14]
(prod. Rob Bisel & Carter Lang)
(F2F, Fuck 2 Forget)","OG Filename: Charlatan - DN mix 4
Alternate mix shown in a selling thread.",?:??,"Nov 27, 2022","Apr 21, 2026",Confirmed,Not Available,https://pixeldrain.com/u/GhzqqfTA
SOS,"Charlatan [V15]
(prod. Rob Bisel & Carter Lang)
(F2F, Fuck 2 Forget)","OG Filename: Charlatan - DN mix 5!
Alternate mix shown in a selling thread.",?:??,"Nov 30, 2022","Apr 21, 2026",Confirmed,Not Available,https://pixeldrain.com/u/GhzqqfTA
SOS,"Charlatan [V16]
(prod. Rob Bisel & Carter Lang)
(F2F, Fuck 2 Forget)","OG Filename: Charlatan - DN mix 5
Alternate mix shown in a selling thread.",?:??,"Nov 30, 2022","Apr 21, 2026",Confirmed,Not Available,https://pixeldrain.com/u/GhzqqfTA
SOS,"F2F [V17]
(prod. Rob Bisel & Carter Lang)
(Charlatan, Fuck 2 Forget)","OG Filename: F2F - DN mix 5-CLEAN!
Alternate mix shown in a selling thread.",?:??,"Dec 2, 2022","Apr 21, 2026",Confirmed,Not Available,https://pixeldrain.com/u/GhzqqfTA
SOS,"F2F [V18]
(prod. Rob Bisel & Carter Lang)
(Charlatan, Fuck 2 Forget)","OG Filename: F2F - DN mix 5-CLEAN
Alternate mix shown in a selling thread.",?:??,"Dec 2, 2022","Apr 21, 2026",Confirmed,Not Available,https://pixeldrain.com/u/GhzqqfTA
SOS,"F2F [V19]
(prod. Rob Bisel & Carter Lang)
(Charlatan, Fuck 2 Forget)","OG Filename: F2F - DN mix 5 - FULLMIX
Post-release mix shown in a selling thread.",?:??,"Jul 29, 2024","Apr 21, 2026",Confirmed,Not Available,https://pixeldrain.com/u/GhzqqfTA
SOS,"F2F [V20]
(prod. Rob Bisel & Carter Lang)
(Charlatan, Fuck 2 Forget)","OG Filename: F2F - DN mix 5 - FULLMIX - CLEAN
Post-release mix shown in a selling thread.",?:??,"Jul 29, 2024","Apr 21, 2026",Confirmed,Not Available,https://pixeldrain.com/u/GhzqqfTA
SOS,"🏅 Déjà Vu
(feat. ThankGod4Cody) (prod. ThankGod4Cody)",A throwaway from the SOS sessions featuring ThankGod4Cody. A snippet was leaked in the SZAHUB Telegram channel on 6/27/2023.,?:??,,"Jun 27, 2023",Snippet,CD Quality,https://pillows.su/f/a884a73fb976c6dc9a8f860bd39a8844
SOS,"Down 4 U
(What Do I Do, On Accident, My Ex/It's Ok)","The song title was seen on a whiteboard teased in SZA's Instagram Stories on 3/18/2022. It was previously mistaken as a possible title for ""What Do I Do,"" and it could possibly be for earlier versions of the song, but this cannot be confirmed.",N/A,,"Mar 18, 2022",Confirmed,Not Available,N/A
SOS,"Forgiveless [V1]
(feat. Ol' Dirty Bastard) (prod. Rodney Jerkins)","Earliest known version of ""Forgiveless."" Instrumental was teased in SZA's Instagram Stories on 2/24/2022.

SZA via Instagram Stories (2/24/2022):
""@rodneyjerkins cause when WE link ?..pff""
""@rodneyjerkins it's really over das crazy *evil laugh* 😂""",?:??,,"Feb 24, 2022",Snippet,Recording,https://pillows.su/f/459deeca76eb8a6aea1d355fc9fd8695
SOS,"Forgiveless [V2]
(feat. Ol' Dirty Bastard) (prod. Rodney Jerkins)",Confirmed to exist based on the filename below.,?:??,,,Confirmed,Not Available,
SOS,"Forgiveless [V3]
(feat. Ol' Dirty Bastard) (prod. Rodney Jerkins)","OG Filename: Forgiveless - Main Mix V2 JJ
Version of the song identical to release, only containing mixing differences. Leaked on January 9, 2026.",2:21,,"Jan 9, 2026",OG File,CD Quality,https://pillows.su/f/cf9a3deab6cf5fdac400fcaab6e82064
SOS,"Ghost in the Machine [V1-11]
(prod. Carter Lang, Rob Bisel & Matt Cohn)","Multiple versions of ""Ghost in the Machine"" confirmed to exist based on the file name of a leaked version of the song. None of them are expected to contain vocals from Phoebe Bridgers.",?:??,,"Nov 3, 2024",Confirmed,Not Available,N/A
SOS,"✨ Ghost in the Machine [V12]
(prod. Carter Lang, Rob Bisel & Matt Cohn)","OG Filename: GHOST IN THE MACHINE - V12 - OCT 26
Early version of ""Ghost in the Machine"" which contains different mixing and additional background vocals from SZA. Contains an open verse for Phoebe Bridgers. The instrumental is slightly extended. Leaked on 11/3/2024.",4:09,"Oct 26, 2022","Nov 3, 2024",OG File,Lossless,https://pillows.su/f/95e4a6a194c26da2d92a5d11353e71df
SOS,"Pharrell Williams - Fucking Feel Good [V1]
(prod. Pharrell Williams)
(Glo, Can I Change Your Mood, Fuck Out My Face, Glow Up, Holy, Rain)","Confirmed to exist based on the snippeted version being titled the ""V2"".",?:??,,,Confirmed,Not Available,N/A
SOS,"Pharrell Williams - Fucking Feel Good [V2]
(prod. Pharrell Williams & Murda Beatz)
(Glo, Can I Change Your Mood, Fuck Out My Face, Glow Up, Holy, Rain)","OG Filename (Beat): FFG_PxMurda
First usage of the Pharrell beat before it was pitched to other artists. Contains additional production from Murda Beatz. Recorded days before Bibi Bourelly did ""Fuck Out My Face"".",?:??,,"Oct 10, 2024",Beat Only,CD Quality,"https://pillows.su/f/195c86c4edde1c3c110990d7186a1d9e
https://pillows.su/f/196f574a8bc18f96769cd82043dca030"
SOS,"Fuck Out My Face [V3-V8]
(ref. Bibi Bourelly) (prod. Pharrell Williams)
(Glo, Can I Change Your Mood, Fucking Feel Good, Glow Up, Holy, Rain)",Confirmed to exist based on the filename below.,?:??,,,Confirmed,Not Available,N/A
SOS,"✨ Fuck Out My Face [V9]
(ref. Bibi Bourelly) (prod. Pharrell Williams)
(Glo, Can I Change Your Mood, Fucking Feel Good, Glow Up, Holy, Rain)","OG Filename: Bibi Bourelly - Fuck Out My Face 1.5 Conway 2.15.19 &
OG Filename (Metadata): 1.5 Conway 2.15.19
Unreleased song by Bibi Bourelly which was originally referred to as the reference track for ""Glo"" during the groupbuy it was being held in. Bibi commented on the leak in an Instagram Live saying she had no idea what it was. A snippet first leaked on 9/15/2023 before it surfaced entirely on 9/24/2023, after a successful groupbuy in the SZAHUB Discord server.",2:42,"Feb 15, 2019","Sep 24, 2023",OG File,CD Quality,https://pillows.su/f/34a2fd1452b7b1bdfc4e883e281d43c1
SOS,"Glo [V10]
(prod. Pharrell Williams)
(Can I Change Your Mood, Fuck Out My Face, Fucking Feel Good, Glow Up, Holy, Rain)","Possibly-existing version of ""Glo"" which may contain alternate lyrics according to a tweet SZA made on 2/11/2020, asking her fans which line she should use for one of the song's verses.

SZA via Twitter (2/11/2020):
""""Addicted to the sound of my distress"" or ""sick of playing stupid I digress"" . 🤔""",?:??,,"Feb 11, 2020",Rumored,Not Available,https://x.com/sza/status/1227320610575048705
SOS,"Glo [V11]
(prod. Pharrell Williams)
(Can I Change Your Mood, Fuck Out My Face, Fucking Feel Good, Glow Up, Holy, Rain)",Version of the song recorded and/or bounced on 3/17/2021 or around that time since that is the timestamp of when Bibi Bourelly's reference track was exported through QuickTime player.,?:??,"Mar 17, 2021","Sep 24, 2023",Rumored,Not Available,N/A
SOS,"Glo [V12]
(prod. Pharrell Williams)
(Can I Change Your Mood, Fuck Out My Face, Fucking Feel Good, Glow Up, Holy, Rain)",Title seen on a list of track ideas.,?:??,,"Dec 16, 2022",Confirmed,Not Available,N/A
SOS,"🏆 Glo [V13]
(prod. Pharrell Williams)
(Can I Change Your Mood, Fuck Out My Face, Fucking Feel Good, Glow Up, Holy, Rain)","A throwaway from the SOS sessions. Teased in SZA's Instagram Stories on 6/8/2023. The instrumental for this song is used on multiple other unreleased tracks from varying artists, including: ""Rain"" by Doechii; ""Fuck Out My Face"" by Bibi Bourelly, which was originally referred to as a reference track for ""Glo"" before it leaked entirely; and ""Fucking Feel Good"" by Pharrell Williams.

SZA via Instagram DMs (6/8/2023):
""Glo 🥺it jus went w my outfit I dunno if imma put it out lmao""
""do a lil soundcloud drop like""",?:??,,"Jun 8, 2023",Snippet,High Quality,https://pillows.su/f/ccf8be6022db4d32d98aa4144fbbc996
SOS,"Doechii - Rain [V14]
(prod. Pharrell Williams)
(Glo, Can I Change Your Mood, Fuck Out My Face, Fucking Feel Good, Glow Up, Holy)",Version with a different bridge according to the filename below.,?:??,,,Confirmed,Not Available,N/A
SOS,"Doechii - Rain [V15]
(prod. Pharrell Williams)
(Glo, Can I Change Your Mood, Fuck Out My Face, Fucking Feel Good, Glow Up, Holy)","OG Filename: DOECHII RAIN BRIDGE UPDATE
A throwaway from Doechii's third extended play she / her / black bitch. It uses the same Pharrell-produced instrumental that was used for ""Fuck Out My Face"" and ""Glo."" She partially played the song on Instagram Live before it leaked entirely on 10/9/2024.",2:38,"Sep 8, 2021","Oct 9, 2024",OG File,CD Quality,https://pillows.su/f/8a0dd1aee8f894a230b5e0c8ccd42039
SOS,"Good Day In My Mind [V1]
(prod. Carter Lang)
(Good Days)","Partial OG Filename: 01d Good Day In My Mind... &
OG Filename (Beat): Good Days SZA Instrumental ONLY
Early version of ""Good Days"" without Jacob Collier's vocals. Originally under the working title ""Good Day In My Mind"" for this version. According to her text messages with Collier, she has alternate lyrics in this version which she would change in later versions. Teased in Instagram Stories by SZA on 7/16/2020. Instrumental for this version leaked on 6/18/2024.

SZA via Instagram Stories (7/16/2020):
""@jacobcollier  imma jus put this back 🥺""",4:38,,"Jun 18, 2024",Beat Only,High Quality,https://pillows.su/f/3508464ebaaee56b0832641154119872
SOS,"Good Days [V2]
(prod. Carter Lang)
(Good Day In My Mind)","Partial OG Filename: good days Jacob bloom1...
Later version of ""Good Days"" teased in Instagram Stories by SZA on 7/16/2020. Jacob Collier added his vocals to this snippet of the song. He provided the snippet to SZA via iMessage.",0:16,,"Jul 16, 2020",Snippet,High Quality,https://pillows.su/f/4484a43ba1381e463ea6d2676e01ea74
SOS,"Good Days [V3]
(prod. Carter Lang)
(Good Day In My Mind)","Partial OG Filename: good days Jacob bloom2...
Another version of ""Good Days"" with Jacob Collier's vocals. It is unknown what differences are present in this file. Filename partally shown in SZA's Instagram Stories for 7/16/2020.",?:??,,"Jul 16, 2020",Confirmed,Not Available,N/A
SOS,"Good Days [V4]
(prod. Carter Lang)
(Good Day In My Mind)","Later version of ""Good Days"" which was partially teased in the end of the ""Hit Different"" music video. Uses the same instrumental as [V1] and contains additional background vocals from SZA.",?:??,,"Sep 4, 2020",Partial,High Quality,https://pillows.su/f/acc13e2c727b5f9abec59dd8a3f37905
SOS,"Grief
(SOS)",Song seen on a whiteboard track listing in the SOS documentary video. This is likely just an alternate title for the title track.,N/A,,,Confirmed,Not Available,N/A
SOS,🏆 Guard Down,"A throwaway from the SOS sessions. Teased in SZA's Instagram Stories on 5/21/2019 and on 10/17/2020. She has performed this song at a concert before. On a Stationhead livestream which took place on 12/14/2022, the artist confirmed its inclusion on the deluxe edition of SOS along with other highly-wanted unreleased songs. CD quality snippet leaked on 9/20/2025.",?:??,,"Sep 20, 2025",Snippet,CD Quality,"https://pillows.su/f/2e5ff20339779a91cc7989251b05cd69
https://pillows.su/f/08bc1cdff6b0731af84f261a93c945c6"
SOS,"Gone Girl [V1]
(prod. Carter Lang, Emile Haynie, Jeff Bhasker, Rob Bisel & ThankGod4Cody)","OG Filename: Gone Girl - DN EndOfNight 11-21-22!
Alternate mix shown in a selling thread.",?:??,"Nov 21, 2022","Apr 21, 2026",Confirmed,Not Available,https://pixeldrain.com/u/GhzqqfTA
SOS,"Gone Girl [V2]
(prod. Carter Lang, Emile Haynie, Jeff Bhasker, Rob Bisel & ThankGod4Cody)","OG Filename: Gone Girl - DN mix 1!
Alternate mix shown in a selling thread.",?:??,"Nov 22, 2022","Apr 21, 2026",Confirmed,Not Available,https://pixeldrain.com/u/GhzqqfTA
SOS,"Gone Girl [V3]
(prod. Carter Lang, Emile Haynie, Jeff Bhasker, Rob Bisel & ThankGod4Cody)","OG Filename: Gone Girl - DN mix 2!
Alternate mix shown in a selling thread.",?:??,"Nov 22, 2022","Apr 21, 2026",Confirmed,Not Available,https://pixeldrain.com/u/GhzqqfTA
SOS,"Gone Girl [V4]
(prod. Carter Lang, Emile Haynie, Jeff Bhasker, Rob Bisel & ThankGod4Cody)","OG Filename: Gone Girl - DN mix 3!
Alternate mix shown in a selling thread.",?:??,"Nov 23, 2022","Apr 21, 2026",Confirmed,Not Available,https://pixeldrain.com/u/GhzqqfTA
SOS,"Gone Girl [V5]
(prod. Carter Lang, Emile Haynie, Jeff Bhasker, Rob Bisel & ThankGod4Cody)","OG Filename: Gone Girl - DN mix 3! FOR REFERENCE
Alternate mix shown in a selling thread.",?:??,"Nov 25, 2022","Apr 21, 2026",Confirmed,Not Available,https://pixeldrain.com/u/GhzqqfTA
SOS,"Gone Girl [V6]
(prod. Carter Lang, Emile Haynie, Jeff Bhasker, Rob Bisel & ThankGod4Cody)","OG Filename: Gone Girl - DN mix 3 FOR MASTERING
Alternate mix shown in a selling thread.",?:??,"Nov 25, 2022","Apr 21, 2026",Confirmed,Not Available,https://pixeldrain.com/u/GhzqqfTA
SOS,"Gone Girl [V7]
(prod. Carter Lang, Emile Haynie, Jeff Bhasker, Rob Bisel & ThankGod4Cody)","OG Filename: Gone Girl - DN mix 4!
Alternate mix shown in a selling thread.",?:??,"Nov 25, 2022","Apr 21, 2026",Confirmed,Not Available,https://pixeldrain.com/u/GhzqqfTA
SOS,"Gone Girl [V8]
(prod. Carter Lang, Emile Haynie, Jeff Bhasker, Rob Bisel & ThankGod4Cody)","OG Filename: Gone Girl - DN mix 4
Alternate mix shown in a selling thread.",?:??,"Nov 25, 2022","Apr 21, 2026",Confirmed,Not Available,https://pixeldrain.com/u/GhzqqfTA
SOS,"Gone Girl [V9]
(prod. Carter Lang, Emile Haynie, Jeff Bhasker, Rob Bisel & ThankGod4Cody)","OG Filename: Gone Girl - DN mix 5!
Alternate mix shown in a selling thread.",?:??,"Nov 26, 2022","Apr 21, 2026",Confirmed,Not Available,https://pixeldrain.com/u/GhzqqfTA
SOS,"Gone Girl [V10]
(prod. Carter Lang, Emile Haynie, Jeff Bhasker, Rob Bisel & ThankGod4Cody)","OG Filename: Gone Girl - DN mix 5
Alternate mix shown in a selling thread.",?:??,"Nov 26, 2022","Apr 21, 2026",Confirmed,Not Available,https://pixeldrain.com/u/GhzqqfTA
SOS,"Gone Girl [V11]
(prod. Carter Lang, Emile Haynie, Jeff Bhasker, Rob Bisel & ThankGod4Cody)","OG Filename: Gone Girl - DN mix 6!
Alternate mix shown in a selling thread.",?:??,"Nov 27, 2022","Apr 21, 2026",Confirmed,Not Available,https://pixeldrain.com/u/GhzqqfTA
SOS,"Gone Girl [V12]
(prod. Carter Lang, Emile Haynie, Jeff Bhasker, Rob Bisel & ThankGod4Cody)","OG Filename: Gone Girl - DN mix 6.1!
Alternate mix shown in a selling thread.",?:??,"Nov 27, 2022","Apr 21, 2026",Confirmed,Not Available,https://pixeldrain.com/u/GhzqqfTA
SOS,"Gone Girl [V13]
(prod. Carter Lang, Emile Haynie, Jeff Bhasker, Rob Bisel & ThankGod4Cody)","OG Filename: Gone Girl - DN mix 6.1
Alternate mix shown in a selling thread.",?:??,"Nov 27, 2022","Apr 21, 2026",Confirmed,Not Available,https://pixeldrain.com/u/GhzqqfTA
SOS,"Gone Girl [V14]
(prod. Carter Lang, Emile Haynie, Jeff Bhasker, Rob Bisel & ThankGod4Cody)","OG Filename: Gone Girl - DN mix 7!
Alternate mix shown in a selling thread.",?:??,"Nov 27, 2022","Apr 21, 2026",Confirmed,Not Available,https://pixeldrain.com/u/GhzqqfTA
SOS,"Gone Girl [V15]
(prod. Carter Lang, Emile Haynie, Jeff Bhasker, Rob Bisel & ThankGod4Cody)","OG Filename: Gone Girl - DN mix 7
Alternate mix shown in a selling thread.",?:??,"Nov 27, 2022","Apr 21, 2026",Confirmed,Not Available,https://pixeldrain.com/u/GhzqqfTA
SOS,"Gone Girl [V16]
(prod. Carter Lang, Emile Haynie, Jeff Bhasker, Rob Bisel & ThankGod4Cody)","OG Filename: Gone Girl - DN mix 8!
Alternate mix shown in a selling thread.",?:??,"Nov 28, 2022","Apr 21, 2026",Confirmed,Not Available,https://pixeldrain.com/u/GhzqqfTA
SOS,"Gone Girl [V17]
(prod. Carter Lang, Emile Haynie, Jeff Bhasker, Rob Bisel & ThankGod4Cody)","OG Filename: Gone Girl - DN mix 8
Alternate mix shown in a selling thread.",?:??,"Nov 28, 2022","Apr 21, 2026",Confirmed,Not Available,https://pixeldrain.com/u/GhzqqfTA
SOS,"Gone Girl [V18]
(prod. Carter Lang, Emile Haynie, Jeff Bhasker, Rob Bisel & ThankGod4Cody)","OG Filename: Gone Girl - DN mix 9! FOR REFERENCE
Alternate mix shown in a selling thread.",?:??,"Nov 28, 2022","Apr 21, 2026",Confirmed,Not Available,https://pixeldrain.com/u/GhzqqfTA
SOS,"Gone Girl [V19]
(prod. Carter Lang, Emile Haynie, Jeff Bhasker, Rob Bisel & ThankGod4Cody)","OG Filename: Gone Girl - DN mix 9 FOR MASTERING
Alternate mix shown in a selling thread.",?:??,"Nov 28, 2022","Apr 21, 2026",Confirmed,Not Available,https://pixeldrain.com/u/GhzqqfTA
SOS,"Gone Girl [V20]
(prod. Carter Lang, Emile Haynie, Jeff Bhasker, Rob Bisel & ThankGod4Cody)","OG Filename: Gone Girl - DN mix 10! FOR REFERENCE
Alternate mix shown in a selling thread.",?:??,"Dec 1, 2022","Apr 21, 2026",Confirmed,Not Available,https://pixeldrain.com/u/GhzqqfTA
SOS,"Gone Girl [V21]
(prod. Carter Lang, Emile Haynie, Jeff Bhasker, Rob Bisel & ThankGod4Cody)","OG Filename: Gone Girl - DN mix 10 FOR MASTERING
Alternate mix shown in a selling thread.",?:??,"Dec 1, 2022","Apr 21, 2026",Confirmed,Not Available,https://pixeldrain.com/u/GhzqqfTA
SOS,"Gone Girl [V22]
(prod. Carter Lang, Emile Haynie, Jeff Bhasker, Rob Bisel & ThankGod4Cody)","OG Filename: Gone Girl - DN mix 11!
Alternate mix shown in a selling thread.",?:??,"Dec 1, 2022","Apr 21, 2026",Confirmed,Not Available,https://pixeldrain.com/u/GhzqqfTA
SOS,"Gone Girl [V23]
(prod. Carter Lang, Emile Haynie, Jeff Bhasker, Rob Bisel & ThankGod4Cody)","OG Filename: Gone Girl - DN mix 11
Alternate mix shown in a selling thread.",?:??,"Dec 1, 2022","Apr 21, 2026",Confirmed,Not Available,https://pixeldrain.com/u/GhzqqfTA
SOS,"Gone Girl [V24]
(prod. Carter Lang, Emile Haynie, Jeff Bhasker, Rob Bisel & ThankGod4Cody)","OG Filename: Gone Girl - DN mix 11-ALTwSnaps!
Alternate mix shown in a selling thread.",?:??,"Dec 1, 2022","Apr 21, 2026",Confirmed,Not Available,https://pixeldrain.com/u/GhzqqfTA
SOS,"Gone Girl [V25]
(prod. Carter Lang, Emile Haynie, Jeff Bhasker, Rob Bisel & ThankGod4Cody)","OG Filename: Gone Girl - DN mix 11-ALTwSnaps
Alternate mix shown in a selling thread.",?:??,"Dec 1, 2022","Apr 21, 2026",Confirmed,Not Available,https://pixeldrain.com/u/GhzqqfTA
SOS,"Gone Girl [V26]
(prod. Carter Lang, Emile Haynie, Jeff Bhasker, Rob Bisel & ThankGod4Cody)","OG Filename: Gone Girl - DN mix 11-CLEAN!
Alternate mix shown in a selling thread.",?:??,"Dec 2, 2022","Apr 21, 2026",Confirmed,Not Available,https://pixeldrain.com/u/GhzqqfTA
SOS,"Gone Girl [V27]
(prod. Carter Lang, Emile Haynie, Jeff Bhasker, Rob Bisel & ThankGod4Cody)","OG Filename: Gone Girl - DN mix 11-CLEAN
Alternate mix shown in a selling thread.",?:??,"Dec 2, 2022","Apr 21, 2026",Confirmed,Not Available,https://pixeldrain.com/u/GhzqqfTA
SOS,"Gone Girl [V28]
(prod. Carter Lang, Emile Haynie, Jeff Bhasker, Rob Bisel & ThankGod4Cody)","OG Filename: Gone Girl - DN mix 11-ALTwSnaps CLEAN!
Alternate mix shown in a selling thread.",?:??,"Dec 7, 2022","Apr 21, 2026",Confirmed,Not Available,https://pixeldrain.com/u/GhzqqfTA
SOS,"Gone Girl [V29]
(prod. Carter Lang, Emile Haynie, Jeff Bhasker, Rob Bisel & ThankGod4Cody)","OG Filename: Gone Girl - DN mix 11-ALTwSnaps CLEAN
Alternate mix shown in a selling thread.",?:??,"Dec 7, 2022","Apr 21, 2026",Confirmed,Not Available,https://pixeldrain.com/u/GhzqqfTA
SOS,"Gone Girl [V30]
(prod. Carter Lang, Emile Haynie, Jeff Bhasker, Rob Bisel & ThankGod4Cody)","OG Filename: Gone Girl - DN Mix 11 - FULLMIX
Post-release mix shown in a selling thread.",?:??,"Jul 30, 2024","Apr 21, 2026",Confirmed,Not Available,https://pixeldrain.com/u/GhzqqfTA
SOS,"Gone Girl [V31]
(prod. Carter Lang, Emile Haynie, Jeff Bhasker, Rob Bisel & ThankGod4Cody)","OG Filename: Gone Girl - DN Mix 11 - FULLMIX CLEAN
Post-release mix shown in a selling thread.",?:??,"Jul 30, 2024","Apr 21, 2026",Confirmed,Not Available,https://pixeldrain.com/u/GhzqqfTA
SOS,"Hit Different [V1]
(prod. The Neptunes & Rob Bisel)","An alternate version of ""Hit Different"" which does not feature Ty Dolla $ign.",?:??,,,Partial,High Quality,https://pillows.su/f/5ae24bc4555d7e09108718bc84498574
SOS,"Hit Different [V2]
(feat. Ty Dolla $ign) (prod. The Neptunes & Rob Bisel)","Early version of ""Hit Different"". Features alternate vocals from SZA. Used in an official collaboration between the artist and Instagram user @slapcomp.",?:??,,"Mar 5, 2021",Partial,High Quality,https://pillows.su/f/5c06482800dbe9891c8add641427b3e9
SOS,"I Hate You
(prod. Carter Lang & Rob Bisel)
(I Hate U)","OG Filename: 09 I Hate You - RB MIX 082221
Alternate mix of ""I Hate U"" which was uploaded to SZA's anonymous SoundCloud account under the title ""I Hate You"" on 8/22/2021. It is unknown what other audible differences exist, if any.",2:54,"Aug 22, 2021","Aug 22, 2021",Full,CD Quality,https://pillows.su/f/9ddd66e7133c2a306a575e8b8d99b01d
SOS,"Joni [V1]
(prod. Rob Bisel)
(Perfect Timing)","Partial OG Filename: 20 Joni - RB 06.30.20 - N...
Early demo of ""Joni"" which was teased in a tweeted screenshot of SZA's messages with her mother on 7/14/2020. It is unknown what differences are present in this version.

SZA via Twitter (7/14/2020):
""And here is my mother's review 🥺""",?:??,"Jun 30, 2020","Jul 14, 2020",Confirmed,Not Available,https://x.com/sza/status/1283099039467094021
SOS,"Joni [V2]
(prod. Rob Bisel)
(Perfect Timing)","Later version of ""Joni"" which was initially teased in a now-deleted Instagram post by SZA on 3/6/2021. The snippet of this version was accompanied by a visualizer of her in a body of water underneath a structure, making poses as the camera zooms in. She can be heard saying ""again"" after her ""make it bounce, baby, do a little more"" line. There is extra reverb applied to the vocal mixing.",1:34,,"Mar 6, 2021",Full,CD Quality,https://pillows.su/f/edd1818f6934eea41abf53a528b12eca
SOS,"⭐ Joni [V3]
(prod. Rob Bisel)
(Perfect Timing)","OG Filename: 21 Joni [RB ConA 08222]
SoundCloud version of ""Joni"" which was uploaded to an anonymous account SZA operates. The file was bounced on 8/22/2021 by Rob Bisel. This is the same version of the song which she reposted to Instagram on the same day. It was removed from SoundCloud for unknown reasons, most probable cause being an automated copyright detection.",1:38,"Aug 22, 2021","Aug 22, 2021",Full,CD Quality,http://pillows.su/f/a310a37c310ec62db3d2b8cc2a1eaddb
SOS,"Joni [V4]
(prod. ThankGod4Cody & Rob Bisel)
(Perfect Timing)","Later version of ""Joni"" which was included in a tweet created by ThankGod4Cody on 8/22/2021, the same day the third version was released on SoundCloud. This version is a trap mix with production from Cody, which he described as a ""V2"" of the track; the instrumental would later be revisited for [V6].

ThankGod4Cody via Twitter (8/22/2021):
""v2 ✂️🔆🧚🏾🌍 @sza""",1:44,,"Aug 22, 2021",Full,High Quality,https://pillows.su/f/e9e17b68bb9f542aace3abf2038524ae
SOS,"Joni [V5]
(feat. Don Toliver) (prod. Rob Bisel)
(Perfect Timing)","OG Filename: SZA x DON - Joni
Later mix of ""Joni"" which now features Don Toliver. This version of the song leaked in a groupbuy along with the sixth version of the track. SZA originally teased this in her Instagram Stories in a reply to a user who thanked her for releasing ""Joni"" on SoundCloud, saying there would be a guest feature on the song. She ultimately released this version of the song with an updated mix on 2/10/2025.

SZA via Instagram Stories (8/26/2021):
""The album version of Joni has a guest 😈 but I like sharing w ideas w y'all again .""",2:08,,"Jun 24, 2023",OG File,CD Quality,https://pillows.su/f/4b22eaffd07d0beedfab664d71709dc8
SOS,"✨ Joni [V6]
(feat. Don Toliver) (prod. ThankGod4Cody & Rob Bisel)
(Perfect Timing)","OG Filename: 11 Joni
An updated trap mix of ""Joni"" which contains additional production from ThankGod4Cody. This version leaked alongside the fifth version after a successful groupbuy on 6/24/2023. This mix of the song was likely not included on the album due to popular demand for the acoustic instrumental produced solely by Rob Bisel. Contains additional vocals in the outro of the song and sample clearance tags throughout the duration of the entire track.",2:25,,"Jun 24, 2023",Tagged,High Quality,https://pillows.su/f/6c1baf850b19b4bf7274bad0f6f45ab3
SOS,"Igloo [V1-V6]
(prod. Carter Lang & Rob Bisel)
(Kill Bill)","5-6 concept instrumentals of ""Kill Bill"" under the working title ""Igloo."" The title was given to Rolling Stone by one of the producers, Carter Lang, on 1/29/2023. It is unknown what differences there are between the versions. Lang and Rob Bisel had to choose between these demos for SZA. She reportedly ""immediately gravitated towards the boom bap beat,"" which Lang and Bisel preferred the most.",?:??,,"Jan 29, 2023",Confirmed,Not Available,https://rollingstone.com/music/music-features/sza-making-of-sos-podcast-1234670550/
SOS,"Murder Them [V7]
(prod. Carter Lang & Rob Bisel)
(Kill Bill)","Early mix of ""Kill Bill"" which was recorded on 7/13/2022. It is unknown what differences are present.",?:??,"Jul 13, 2022","Jan 29, 2023",Confirmed,Not Available,N/A
SOS,King & Queen [V1-V4],"According to the seller, four more bounces exist for the song.",,,"Feb 4, 2026",Confirmed,Not Available,N/A
SOS,King & Queen [V5],"Unknown palette cleanser that was seen on an SOS whiteboard on 12/16/2022. When asked if it was finished, the seller simply stated it was ""as complete as SZA made it 😅"", possibly insinuating there's mumble or opens. Snippet leaked on 1/3/2026. Synthesizers likely produced by Rob Bisel.",N/A,,"Jan 3, 2026",Snippet,CD Quality,https://pillows.su/f/0661cc392a7793b9f01ed9106d01d8a5
SOS,King & Queen [V6],Title seen on a list of track ideas.,?:??,,"Dec 16, 2022",Confirmed,Not Available,N/A
SOS,"Love Language [V1]
(prod. ThankGod4Cody, Yakob, Carter Lang & The Neptunes)
(I Don't Need Rent)","Earliest known version of ""Love Language"". Teased on Instagram by SZA. Features early vocals and mixing.",?:??,,"Sep 12, 2019",Snippet,Recording,https://pillows.su/f/73e5e3317f5b8cb4cc958ab466f19e4e
SOS,"Love Language [V2]
(prod. ThankGod4Cody, Yakob, Carter Lang & The Neptunes)
(I Don't Need Rent)","Later version of ""Love Language"" with updated mixing. The strings are the only part of the instrumental in this demo as from what can be heard.",?:??,,,Snippet,Recording,Link Needed
SOS,"Love Language [V3]
(prod. ThankGod4Cody, Yakob, Carter Lang & The Neptunes)
(I Don't Need Rent)","Early version of ""Love Language"". Features additional background vocals and a slightly shortened outro. Contains slight production differences. Leaked on 3/10/2023.",2:34,,"Mar 10, 2023",Full,CD Quality,https://pillows.su/f/5629d9eebae6e9f636b88cb37d84e027
SOS,"Love Language (Jersey Club Remix)
(prod. ThankGod4Cody, Yakob, Carter Lang, The Neptunes & TrillzAl)","OG Filename: SZA - Love Language ( TrillzAl Remix ) Jersey Club
A Jersey Club remix of ""Love Language"" which was co-produced by TrillzAl. SZA teased this in her Instagram Stories on 8/1/2020, two years prior to the normal song being released with the album. She later revisited this snippet in August 2024, asking her fans if they would want to see it on the deluxe, though it would be discarded as it would not fit with the rest of the tracks.",2:17,,"Aug 1, 2020",Partial,High Quality,https://pillows.su/f/9a791cf0f75a9c02dd4357d3d0d89eca
SOS,"⭐ Low [V1]
(prod. Aire Atlantica, Alessandro Buccellati & Rob Bisel)","OG Filename: 02c Low - WLA 111922
Version of the song that was cutdown and rearranged for release. The overall structure of the song is different; the interlude is now in the center of the song, the released intro is replaced with a verse, and the first verse in the released version is set after the interlude. Contains additional background vocals from SZA, and Travis' adlibs are not in this version. Leaked on 12/21/2024.",3:19,"Nov 19, 2022","Dec 21, 2024",OG File,Lossless,https://pillows.su/f/8989fa55052dade19687876a07c4f35d
SOS,Lure Me,A throwaway from the SOS sessions. Teased on Instagram by SZA on a whiteboard containing track titles.,N/A,,"Mar 18, 2022",Confirmed,Not Available,N/A
SOS,"Miranda
(prod. Beat Butcha)","OG Filename (Beat): (BUTCHA) 9.2 szaIdea_miranda_74bpm NO DRUMS_SAMPLE
A throwaway from the SOS sessions. SZA has potentially acknowledged this track once in an Instagram post she created on 5/20/2018 while on the TDE Championship Tour. Instrumental for the song leaked on 6/18/2024.

SZA via Instagram post (5/20/2018):
""Miranda . #tdechampionshiptour""",4:32,,"Jun 18, 2024",Beat Only,Lossless,https://pillows.su/f/250b209112545de502167fa18dd7279c
SOS,"My Turn [V1]
(prod. ThankGod4Cody, Rob Bisel & Dylan Neustadter)","OG Filename: 10 My Turn - RB 103122
Alternate mix shown in a selling thread.",?:??,"Nov 1, 2022","Apr 21, 2026",Confirmed,Not Available,https://pixeldrain.com/u/GhzqqfTA
SOS,"My Turn [V2]
(prod. ThankGod4Cody, Rob Bisel & Dylan Neustadter)","OG Filename: My Turn - DN mix 1!
Alternate mix shown in a selling thread.",?:??,"Nov 27, 2022","Apr 21, 2026",Confirmed,Not Available,https://pixeldrain.com/u/GhzqqfTA
SOS,"My Turn [V3]
(prod. ThankGod4Cody, Rob Bisel & Dylan Neustadter)","OG Filename: My Turn - DN mix 2!
Alternate mix shown in a selling thread.",?:??,"Nov 27, 2022","Apr 21, 2026",Confirmed,Not Available,https://pixeldrain.com/u/GhzqqfTA
SOS,"⭐ Nightbird
(prod. Rob Bisel)","OG Filename: 12 Nightbird - RB MIX 082221
A throwaway from the SOS sessions. Released on SoundCloud as a part of a music dump collection which consisted of ideas she had for SOS. She has confirmed the possible inclusion of this song on the deluxe edition of the album due to popular demand. Samples ""Sanctuary of Love"" by Zhana. Uploaded to SoundCloud on 8/22/2021.",3:21,"Aug 22, 2021","Aug 22, 2021",Full,CD Quality,https://pillows.su/f/bfa097ef0ff23c1c60a9cf139f0e5a25
SOS,"Canary Yellow [V1]
(with Jean Dawson) (prod. Zach Fogarty, Jesse Schuster, Austin Corona, Jean Dawson, Elliott Kozel & Wyatt Bernard)
(NO SZNS, Cannery Yellow, Birds and Bees)","OG Filename: SZA - CANNERY YELLOW ft. SZA
Early mix of the song which contains a likely misspelling of ""canary"" in the filename. Recorded on 4/3/2021, and leaked on 10/9/2025.",3:30,"Apr 3, 2021","Oct 9, 2025",OG File,High Quality,https://pillows.su/f/7b7dce6628a2f6a41060147f1f5109ed
SOS,"Notice Me [V1]
(Your Girl, Your Person)","Early version of ""Notice Me"" with less production and different vocal takes. Snippet teased by SZA on 11/19/2019.",?:??,,"Nov 19, 2019",Snippet,Recording,https://pillows.su/f/a112c1b0ecb321eb6a376e3b54d3af3b
SOS,"Notice Me [V2-V10]
(Your Girl, Your Person)",Extra mixes proven to exist based on the filename below.,?:??,,"Nov 27, 2025",Confirmed,Not Available,N/A
SOS,"✨ Notice Me [V11]
(prod. Michael Uzowuru, Teo Halm, ThankGod4Cody, Carter Lang, Rob Bisel & Philip Cornish)","OG Filename: SZA - Notice Me 1.8
Contains additional production and more bass. Filename shared in the SZAHUB server on 11/27/2025. Vocals are otherwise the same. Surfaced on 11/3/2025.",2:39,,"Nov 3, 2025",Full,CD Quality,https://pillows.su/f/a07c7f002401c15ed42a113cc9692628
SOS,"Notice Me [V12]
(prod. Michael Uzowuru, Teo Halm, ThankGod4Cody, Carter Lang, Rob Bisel & Philip Cornish)
(Your Girl, Your Person)","OG Filename: Notice Me - DN mix 1!
Alternate mix shown in a selling thread.",?:??,"Nov 26, 2022","Apr 21, 2026",Confirmed,Not Available,https://pixeldrain.com/u/GhzqqfTA
SOS,"Notice Me [V13]
(prod. Michael Uzowuru, Teo Halm, ThankGod4Cody, Carter Lang, Rob Bisel & Philip Cornish)
(Your Girl, Your Person)","OG Filename: Notice Me - DN mix 2!
Alternate mix shown in a selling thread.",?:??,"Nov 26, 2022","Apr 21, 2026",Confirmed,Not Available,https://pixeldrain.com/u/GhzqqfTA
SOS,"Notice Me [V14]
(prod. Michael Uzowuru, Teo Halm, ThankGod4Cody, Carter Lang, Rob Bisel & Philip Cornish)
(Your Girl, Your Person)","OG Filename: Notice Me - DN mix 3!
Alternate mix shown in a selling thread.",?:??,"Nov 27, 2022","Apr 21, 2026",Confirmed,Not Available,https://pixeldrain.com/u/GhzqqfTA
SOS,"Notice Me [V15]
(prod. Michael Uzowuru, Teo Halm, ThankGod4Cody, Carter Lang, Rob Bisel & Philip Cornish)
(Your Girl, Your Person)","OG Filename: Notice Me - DN mix 3
Alternate mix shown in a selling thread.",?:??,"Nov 27, 2022","Apr 21, 2026",Confirmed,Not Available,https://pixeldrain.com/u/GhzqqfTA
SOS,"Notice Me [V16]
(prod. Michael Uzowuru, Teo Halm, ThankGod4Cody, Carter Lang, Rob Bisel & Philip Cornish)
(Your Girl, Your Person)","OG Filename: Notice Me - DN mix 3 ALT808!
Alternate mix shown in a selling thread.",?:??,"Nov 27, 2022","Apr 21, 2026",Confirmed,Not Available,https://pixeldrain.com/u/GhzqqfTA
SOS,"Notice Me [V17]
(prod. Michael Uzowuru, Teo Halm, ThankGod4Cody, Carter Lang, Rob Bisel & Philip Cornish)
(Your Girl, Your Person)","OG Filename: Notice Me - DN mix 4!
Alternate mix shown in a selling thread.",?:??,"Nov 27, 2022","Apr 21, 2026",Confirmed,Not Available,https://pixeldrain.com/u/GhzqqfTA
SOS,"Notice Me [V18]
(prod. Michael Uzowuru, Teo Halm, ThankGod4Cody, Carter Lang, Rob Bisel & Philip Cornish)
(Your Girl, Your Person)","OG Filename: Notice Me - DN mix 4
Alternate mix shown in a selling thread.",?:??,"Nov 27, 2022","Apr 21, 2026",Confirmed,Not Available,https://pixeldrain.com/u/GhzqqfTA
SOS,"Notice Me [V19]
(prod. Michael Uzowuru, Teo Halm, ThankGod4Cody, Carter Lang, Rob Bisel & Philip Cornish)
(Your Girl, Your Person)","OG Filename: Notice Me - DN mix 4-CLEAN!
Alternate mix shown in a selling thread.",?:??,"Dec 2, 2022","Apr 21, 2026",Confirmed,Not Available,https://pixeldrain.com/u/GhzqqfTA
SOS,"Notice Me [V20]
(prod. Michael Uzowuru, Teo Halm, ThankGod4Cody, Carter Lang, Rob Bisel & Philip Cornish)
(Your Girl, Your Person)","OG Filename: Notice Me - DN mix 4-CLEAN
Alternate mix shown in a selling thread.",?:??,"Dec 2, 2022","Apr 21, 2026",Confirmed,Not Available,https://pixeldrain.com/u/GhzqqfTA
SOS,"Notice Me [V21]
(prod. Michael Uzowuru, Teo Halm, ThankGod4Cody, Carter Lang, Rob Bisel & Philip Cornish)
(Your Girl, Your Person)","OG Filename: Notice Me - DN mix 5!
Alternate mix shown in a selling thread.",?:??,"Dec 2, 2022","Apr 21, 2026",Confirmed,Not Available,https://pixeldrain.com/u/GhzqqfTA
SOS,"Notice Me [V22]
(prod. Michael Uzowuru, Teo Halm, ThankGod4Cody, Carter Lang, Rob Bisel & Philip Cornish)
(Your Girl, Your Person)","OG Filename: Notice Me - DN mix 5
Alternate mix shown in a selling thread.",?:??,"Dec 2, 2022","Apr 21, 2026",Confirmed,Not Available,https://pixeldrain.com/u/GhzqqfTA
SOS,"Notice Me [V23]
(prod. Michael Uzowuru, Teo Halm, ThankGod4Cody, Carter Lang, Rob Bisel & Philip Cornish)
(Your Girl, Your Person)","OG Filename: Notice Me - DN mix 5.1!
Alternate mix shown in a selling thread.",?:??,"Dec 2, 2022","Apr 21, 2026",Confirmed,Not Available,https://pixeldrain.com/u/GhzqqfTA
SOS,"Notice Me [V24]
(prod. Michael Uzowuru, Teo Halm, ThankGod4Cody, Carter Lang, Rob Bisel & Philip Cornish)
(Your Girl, Your Person)","OG Filename: Notice Me - DN mix 5.1
Alternate mix shown in a selling thread.",?:??,"Dec 2, 2022","Apr 21, 2026",Confirmed,Not Available,https://pixeldrain.com/u/GhzqqfTA
SOS,"Notice Me [V25]
(prod. Michael Uzowuru, Teo Halm, ThankGod4Cody, Carter Lang, Rob Bisel & Philip Cornish)
(Your Girl, Your Person)","OG Filename: Notice Me - DN mix 5.1 CLEAN!
Alternate mix shown in a selling thread.",?:??,"Dec 3, 2022","Apr 21, 2026",Confirmed,Not Available,https://pixeldrain.com/u/GhzqqfTA
SOS,"Notice Me [V26]
(prod. Michael Uzowuru, Teo Halm, ThankGod4Cody, Carter Lang, Rob Bisel & Philip Cornish)
(Your Girl, Your Person)","OG Filename: Notice Me - DN mix 5.1 CLEAN
Alternate mix shown in a selling thread.",?:??,"Dec 3, 2022","Apr 21, 2026",Confirmed,Not Available,https://pixeldrain.com/u/GhzqqfTA
SOS,"Notice Me [V27]
(prod. Michael Uzowuru, Teo Halm, ThankGod4Cody, Carter Lang, Rob Bisel & Philip Cornish)
(Your Girl, Your Person)",Title seen on a list of track ideas.,?:??,,"Dec 16, 2022",Confirmed,Not Available,N/A
SOS,"🏅 Rodeo [V1]
(Open Arms)","A concept demo for ""Open Arms."" Features different production and alternate lyrics. Some parts of the released chorus can be heard in this version, but filtered with autotune. This version of the song was likely cut and had reworked due to it being too slow, according to a whiteboard containing SOS track titles. A snippet leaked in Dbree on 5/29/2023. Original extended snippet resurfaced on 9/21/2025.",?:??,,"Sep 21, 2025",Snippet,CD Quality,"https://pillows.su/f/73523eb05e7b45bf9de2c5a12863bc68
https://pillows.su/f/7038ff1dfc772d7426b11013d964f8d3"
SOS,"??? [V2-V?]
(Open Arms, Rodeo)","SZA confirmed in a tweet that there are multiple versions of ""Open Arms"" which exist, though it is unknown what differences are in those demos. She could possibly be referencing ""Rodeo,"" which is an early version of the song and is referenced in the original filename for the ""Open Arms"" solo version.

SZA via Twitter (1/5/2023):
""I have so many Versions of so many songs lol. This version was right before trav called me out the buzzer beater ! [...] open arms OG out now on digital only 🤍""",?:??,,"Jan 5, 2023",Confirmed,Not Available,https://x.com/sza/status/1611186903029780480
SOS,"Paramedic!
(with Kendrick Lamar, The Weeknd & SOB X RBE) (prod. Sounwave, CuBeatz & Dahi)","An alternate version of ""Paramedic!"" from the Black Panther album which has Kendrick Lamar, The Weeknd, and SZA as main artists assigned to the track. Though SZA is listed as a performer, she is not credited with songwriting. Possibly a remix of the song which never released. Registered in the ASCAP repertory at an unknown date. Recognized on 2/27/2025.",?:??,,"Feb 27, 2025",Rumored,Not Available,https://www.ascap.com/repertory#/ace/search/workID/894137088
SOS,"Potting Season [V1]
(prod. Rob Bisel, Will Miller & Carter Lang)
(PSA)","Earliest known version of ""PSA"". This is the original version of the song which was teased on Instagram by SZA. It is unknown what differences are present other than no lyrics being in the outro.",?:??,,"May 18, 2022",Snippet,Recording,https://pillows.su/f/8bf16f7c41e3ea8eb657e1a600c4df3b
SOS,"Power Is Power [V1]
(ref. Travis Scott) (with The Weeknd & Travis Scott) (prod. Myles Martin, DaHeala, Ricky Reed & The Weeknd)","OG Filename: @TRAVIS POWER IS POWER PRINT
Short bounce of Travis' verse with no adlibs over an altered instrumental. Out of each stem of the song, this is the only file not bounced in lossless format. Leaked on 8/22/2021.",0:53,,"Aug 22, 2021",OG File,CD Quality,https://pillows.su/f/3a30e7268f84c7661d572ca793c60241
SOS,"Power Is Power [V2]
(with The Weeknd & Travis Scott) (prod. Myles Martin, DaHeala, Ricky Reed, MIKE DEAN & The Weeknd)",Early version of the song which only features the second half. It mainly focuses on Travis' verse as additional Mike Dean production was being added. Originally leaked on 4/11/2019; lossless stems leaked on 8/22/2021.,1:52,,"Aug 22, 2021",Full,Lossless,https://pillows.su/f/e397b8225876247d101d3ffb0d04ddb1
SOS,"Saturn [V1]
(prod. Carter Lang, Rob Bisel, Solomonophonic & Monsune)
(Paradigm)","Later version of ""Saturn"" with less production and slightly different wording compared to the released version. Teased on Instagram by SZA on a private account named ""hungryhoe"". She performed this version of the song live on 9/7/2023 at a pop-up concert in New York City.",?:??,,"Sep 7, 2023",Partial,Recording,https://pillows.su/f/6fab26f3db8dc343ced790bd52b547eb
SOS,"Saturn [V2]
(prod. Carter Lang, Rob Bisel, Solomonophonic & Monsune)","OG Filename: 02 Saturn - WLA 112222
Alternate mix shown in a selling thread.",?:??,"Nov 22, 2022","Apr 21, 2026",Confirmed,Not Available,https://pixeldrain.com/u/GhzqqfTA
SOS,"Saturn [V3]
(prod. Carter Lang, Rob Bisel, Solomonophonic & Monsune)","OG Filename: Saturn - DN mix 1!
Alternate mix shown in a selling thread.",?:??,"Nov 26, 2022","Apr 21, 2026",Confirmed,Not Available,https://pixeldrain.com/u/GhzqqfTA
SOS,"Saturn [V4]
(prod. Carter Lang, Rob Bisel, Solomonophonic & Monsune)","OG Filename: Saturn - DN mix 2!
Alternate mix shown in a selling thread.",?:??,"Nov 26, 2022","Apr 21, 2026",Confirmed,Not Available,https://pixeldrain.com/u/GhzqqfTA
SOS,"Saturn [V5]
(prod. Carter Lang, Rob Bisel, Solomonophonic & Monsune)","OG Filename: Saturn - DN mix 3!
Alternate mix shown in a selling thread.",?:??,"Nov 26, 2022","Apr 21, 2026",Confirmed,Not Available,https://pixeldrain.com/u/GhzqqfTA
SOS,"Saturn [V6]
(prod. Carter Lang, Rob Bisel, Solomonophonic & Monsune)","OG Filename: Saturn - DN mix 3 Alt Ending!
Alternate mix shown in a selling thread.",?:??,"Nov 27, 2022","Apr 21, 2026",Confirmed,Not Available,https://pixeldrain.com/u/GhzqqfTA
SOS,"Saturn [V7]
(prod. Carter Lang, Rob Bisel, Solomonophonic & Monsune)","OG Filename: Saturn - DN mix 3 Alt Ending
Alternate mix shown in a selling thread.",?:??,"Nov 27, 2022","Apr 21, 2026",Confirmed,Not Available,https://pixeldrain.com/u/GhzqqfTA
SOS,"Saturn [V8]
(prod. Carter Lang, Rob Bisel, Solomonophonic & Monsune)","OG Filename: Saturn - DN mix 3
Alternate mix shown in a selling thread.",?:??,"Nov 27, 2022","Apr 21, 2026",Confirmed,Not Available,https://pixeldrain.com/u/GhzqqfTA
SOS,🏆 Seasonal Depression,"OG Filename: 01 Seasonal Depression - SZA (V-1)
A throwaway from the SOS sessions. Teased on Twitter and Instagram by SZA on 10/13/2022. On a Stationhead livestream taken place on 12/14/2022, just a few days after the release of SOS she confirmed the song was originally intended to be released during the holiday season, but was ultimately discarded due to the fact she believed it would have been ""too depressing"".

SZA via Instagram Stories (10/13/2022):
""Seasonal depression. But made it lovely lol""",?:??,,"Oct 13, 2022",Snippet,High Quality,https://pillows.su/f/81428ca463968de51017e3f59408cd4f
SOS,"🏅 ??? [V1]
(prod. Rodney Jerkins & Freaky Rob)
(Shirt, Bloodstain)","Earliest known version of ""Shirt"" which was under a different title on account of a tweet SZA made on 5/28/2021. Features production and lyrical differences. Originally teased on 10/7/2020 in SZA's Instagram Stories before it was included in the outro of the ""Good Days"" music video and in an additional Instagram post by SZA on 3/5/2021. A high-quality snippet of the bridge leaked on 5/2/2024.

SZA via Instagram Stories (10/7/2020):
""Cc @rodneyjerkins""",?:??,,"May 2, 2024",Partial,High Quality,"https://pillows.su/f/1ff0ee32b348a6fec00fd000aa464781
https://pillows.su/f/b0e57785eda0f7993384eb6140edcd7b"
SOS,"??? [V2-V?]
(prod. Rodney Jerkins & Freaky Rob)
(Shirt, Bloodstain)","On social media, SZA confirmed the existence of multiple versions of ""Shirt"" which she had to choose between for official release. It is unknown how many were recorded. According to the artist herself, these versions were under a different title at the time and gained its finalized title due to the community adopting the name for the snippets.

SZA via Twitter (1/3/2021):
""Lmao I ain’t even know y’all were fucking w it !! I found out YESTERDAY lol now I gotta go find a version I like  😭""",?:??,,"Jan 3, 2021",Confirmed,Not Available,"https://x.com/sza/status/1398373086697693185
https://x.com/sza/status/1345893666804568070"
SOS,"Smoking on My Ex Pack [V1]
(prod. Jay Versace)","Earliest known version of ""Smoking on My Ex Pack"". Features early vocal mixing with noticeably increased amounts of autotune applied. Teased on Instagram by SZA under a private account named ""hungryhoe"". Following the leak of this snippet, she disbanded the account due to not trusting those who had access to its contents. Leaked on 11/6/2022.",?:??,,"Nov 6, 2022",Partial,High Quality,https://pillows.su/f/d7c04da23672549cd6cc8de31db8cdfe
SOS,"Babyface - Snooze [V1]
(feat. SZA) (prod. BLK Beats)
(Main One Tryin', Main One)",Initial version of the song which was a duet between Babyface and SZA that was intended for his project Girls Night Out before it was given to SZA.,?:??,,"Jan 26, 2023",Confirmed,Not Available,N/A
SOS,"Babyface - Snooze [V2]
(feat. SZA) (prod. Babyface, The Rascals & BLK Beats)
(Main One Tryin', Main One)","Earliest known version of ""Snooze"". Her vocal takes in the bridge are not pitch-shifted and the instrumental seems a bit faster. Likely still was Babyface's song during this period. Teased in SZA's Instagram Stories on 10/13/2021.",?:??,,"Oct 13, 2021",Snippet,Recording,https://pillows.su/f/bd9ae8d931639cffc4080b2e092904d4
SOS,"Snooze [V3]
(prod. Babyface, The Rascals & BLK Beats)
(Main One Tryin', Main One)","Early version of ""Snooze"". Features updated mixing and additional sounds which are not present in the released version. Teased on Instagram by SZA.",?:??,,,Snippet,Recording,"https://pillows.su/f/9c38c672cf131b30aa63056e8e3a58af
https://pillows.su/f/47c7e837271aa27a05f913c2cfcd30d0"
SOS,"Staring at the Sun [V1]
(prod. Louis Bell & Ging)","An solo version of ""Staring at the Sun"". Likely intended for inclusion on SOS but was later given to Post Malone for his album Hollywood's Bleeding. A snippet leaked on TheSource.",?:??,,,Snippet,High Quality,https://pillows.su/f/828fba1d4af7739a4ebd26de285584ca
SOS,"🏆 Sunrise
(prod. Rodney Jerkins)
(Mirrors)","A throwaway from the SOS sessions. Teased in SZA's Instagram Stories on 10/10/2020. It is featured on a whiteboard once posted to her Instagram Story which contained a list of song titles.

SZA via Instagram Stories (10/10/2020):
""Cc @rodneyjerkins""",?:??,,"Oct 10, 2020",Snippet,Recording,https://pillows.su/f/f662b757d12aee7fd2f8c56a796e5f52
SOS,The Challenger (Interlude),Throwaway from SOS located on a whiteboard from the album's respective short documentary.,N/A,,"Dec 16, 2022",Confirmed,Not Available,N/A
SOS,Turquoise,"Title seen on a whiteboard. Noted to have a ""great verse.""",N/A,,"Dec 16, 2022",Confirmed,Not Available,N/A
SOS,"Trademark
(Serious)",A throwaway from the SOS sessions. Snippet leaked on 6/27/2023.,?:??,,"Jun 27, 2023",Snippet,High Quality,https://pillows.su/f/5f3f8856ae9716832ae750f92bfb3dae
SOS,"Dahi Beat [V1]
(prod. Dahi)
(Used, RB SLS)","Earliest known version of ""Used"". Teased in SZA's Instagram Stories on 5/29/2020. Features early production and an open verse for Don Toliver. Does not contain the short intro present in the final version.",?:??,,"Mar 29, 2020",Snippet,Recording,https://pillows.su/f/0f62fe86d1b7b08a7a43eb739bdfb0d4
SOS,"Dahi Beat [V2]
(prod. Dahi)
(Used, RB SLS)","OG Filename: 29 Dahi Beat - RB SLS 06.18.20
Early version of ""Used"" which is mostly identical to [V1] from what we can hear. It is unknown if Don Toliver's vocals were recorded in this version. Partially teased by SZA in a now-deleted Instagram post on 9/3/2020.

SZA via Instagram post (9/3/2020):
""Punch gon kill me but I'm in a sharing mood 🥴🕊️""",?:??,"Jun 18, 2020","Sep 3, 2020",Partial,High Quality,https://pillows.su/f/551ad8b9f28b4926f59b6cd5859e728d
SOS,⭐ Watermeadow,"OG Filename: Watermeadow (12-7-21) (rough structure)
A throwaway from the SOS sessions. This version appears to be a mumble demo performed by SZA. The entire song leaked on 6/24/2024, shortly after a snippet was posted. It supposedly surfaced because someone uploaded a snippet of the song with a fake instrumental, claiming it to be legitimate.",3:36,"Dec 7, 2021","Jun 24, 2024",OG File,CD Quality,https://pillows.su/f/7190a08d1060997c32e8206b2c12ccbc
SOS,"🏆 What Do I Do [V1]
(prod. benny blanco, Carter Lang & ThankGod4Cody)
(Down 4 U, On Accident, My Ex/It's Ok, Never Be The Same Again, Too Late)","Earlier mix of ""What Do I Do"" which was often referred to ""On Accident"" and ""My Ex/It's Ok."" There is overall less production and the interludes in the released version do not make an appearance, as it goes straight from the pre-chorus to the chorus. She described this song as being ""fun"" to make. Snippet teased in SZA's Instagram Stories on 8/17/2021.",?:??,,"Aug 17, 2021",Snippet,Recording,https://pillows.su/f/8a6a6da21afe89c364269be6e9fc289d
SOS,"Work It [V1]
(Work, Was It Worth It?)","Earliest known version of ""Work It"". The vocals do not appear to be mixed. A snippet was leaked in SZAHUB alongside ""Trademark"" and ""Deja Vu"", two other songs which have yet to leak. Snippet leaked 6/27/2023.",?:??,,"Jun 27, 2023",Snippet,CD Quality,https://pillows.su/f/1fe009172c2b81273dd3fec830953d16
SOS,"⭐ Work It [V2]
(Work, Was It Worth It?)","The second demo of a throwaway from the SOS sessions which features updated vocal takes and mixing. It leaked after a successful groupbuy in the SolanaHub Discord server on 1/5/2024. Interpolates ""Work It"" by Missy Elliot. This leaking of this demo caught the attention of SZA when it was posted on Twitter by a user spreading the leaks, in which she declared she would begin suing those who leak her music from SOS and later projects on 1/6/2025. Her stance on the leaking is likely what caused SolanaHub to disband completely. It was leaked alongside low-quality recordings of ""27 Hours"" and ""Butterfly Garden.""",2:48,,"Jan 5, 2024",Full,CD Quality,https://pillows.su/f/31a2143c044f218c5890f1ebb210e3b8
SOS,"???
(prod. Carter Lang)","OG Filename (Beat): szagunna - 157 [beat] — Carter Lang
Instrumental intended for a collaboration between SZA and Gunna. Leaked on 6/18/2024.",4:43,,"Jun 18, 2024",Beat Only,Lossless,https://pillows.su/f/2708b447e0f4802d6601e61e466b0baa
SOS,"🏅 ???
(prod. Michael Uzowuru)
(Can You Still Call, For Real)","A throwaway from the SOS sessions. She posted two snippets after having to redoing her vocal take to produce a higher tone. Snippet teased in SZA's instagram Stories on 12/2/2018.

SZA via Instagram Stories (12/2/2018):
""Changed a note .. it matters lol""",?:??,,"Dec 2, 2018",Snippet,Recording,https://pillows.su/f/47000251985004dec51c189d2444a22a
SOS,"???
(Evolution)",A throwaway from the SOS sessions. Snippet teased in SZA's Instagram Stories on 5/29/2019.,?:??,,"May 29, 2019",Snippet,Recording,https://pillows.su/f/a6aa877ad06f5d749c2be9b2a65bbb29
SOS,"🏆 ???
(Love Yourself)","A throwaway from the SOS sessions. Teased on Instagram by SZA. When asked about this song by a fan in direct messages, she responded with ""what love?"", confirming the song is not titled as such. Snippet teased in SZA's Instagram Stories on 5/3/2019.",?:??,,"May 3, 2019",Snippet,Recording,https://pillows.su/f/fe9c706be68b671d1aff99f70656bdba
SOS,"??? [V1]
(prod. Jay Versace)
(Off The Record, Ms. Never Miss)","A throwaway from the SOS sessions. The instrumental is in a different pitch and speed compared to the updated version of the song which was on 1/6/2025. Snippet teased in SZA's Instagram Stories on 10/4/2022.

SZA via Instagram Stories (10/4/2022):
""Off the record .@jay""",?:??,,"Oct 4, 2022",Snippet,Recording,https://pillows.su/f/03d27d0a3f6a07bfd9fa03ccab121ef4
SOS,"??? [V1]
(prod. benny blanco)
(The Way It Is)","A throwaway from the SOS sessions. Teased on Instagram by SZA and TikTok by benny blanco on 9/15/2022. benny's caption for the now-deleted TikTok asks his audience if him and SZA should ""finish the song"". Features an piano ballad instrumental.

benny blanco via TikTok (9/15/2022):
""should we finish this song ?""",?:??,,"Sep 15, 2022",Snippet,High Quality,https://pillows.su/f/0a1d04d6b015be598853fb71d9fc7eb8
SOS,"??? [V2]
(prod. benny blanco)
(The Way It Is)",A finished version of the song which may or may not exist. Likely to include additional elements to the instrumental as it was deemed unfinished.,N/A,,"Sep 15, 2022",Rumored,Not Available,N/A
SOS,"???
(Turn Some U's)","A throwaway from the SOS sessions teased on a whiteboard with song titles. Title looks like it could be ""Turn Some U's,"" but is otherwise indecipherable from the distance its seen at.",N/A,,"Mar 18, 2022",Confirmed,Not Available,N/A
SOS,"???
(feat. Don Toliver)","A mumble demo of an unknown collaboration between SZA and Don Toliver. Rumored to have been recorded during the ""Used"" sessions. Snippet leaked on 7/23/2024.",?:??,,"Jul 23, 2024",Snippet,High Quality,https://pillows.su/f/e1ce7dd61360c8cf3a985a03a78d307a
SOS,"???
(prod. Carter Lang)","Instrumental for an SOS throwaway which was teased in SZA's Instagram Stories sometime in early 2018.

SZA via Instagram Stories (??/??/2018):
""Home.""",?:??,,,Snippet,Recording,https://pillows.su/f/3166ab8a333ef72e0cb545a27932a666
SOS,"???
(prod. Carter Lang)","A psychedelic rock instrumental for an SOS throwaway which was teased in SZA's Instagram Stories sometime in early 2018. It was produced by Carter Lang, as is evident by him talking in the last second of the snippet.",?:??,,,Snippet,Recording,https://pillows.su/f/f38afeb251763554594e065d193129b7
SOS,???,"Unknown session SZA was recording on 5/15/2021, said by someone who received a commission from SZA in text messages and had her call them mid-session to confirm her identity.",?:??,"May 15, 2021","Jul 29, 2025",Confirmed,Not Available,https://x.com/pseudeauriche/status/1950367523138130045?s=46
SOS,???,"Instrumental from an SOS throwaway which was teased in SZA's Instagram Stories on 4/14/2022.

SZA via Instagram Stories (4/14/2022):
""Thank you sm @nativefolk 🤍🤌🏾✨""",?:??,,"Apr 14, 2022",Snippet,Recording,https://pillows.su/f/cc34242765c2f946fa1e3edc24937de4
SOS,???,A throwaway from the SOS sessions. Snippet of the song's instrumental was teased in SZA's Instagram Stories on 9/14/2019.,?:??,,"Sep 14, 2019",Snippet,Recording,https://pillows.su/f/7ca112df02ae80510992ab6d6321d61e
SOS,???,"Instrumental for an SOS throwaway that was teased in SZA's Instagram Stories sometime in 2021.

SZA via Instagram Stories (??/??/2021):
""Lol""",?:??,,,Snippet,Recording,https://pillows.su/f/fe4ed16db4d7c6dba286df50518c2986
SOS,"Unknown [benny blanco Collaborations]
(prod. benny blanco)","On 9/8/2022, benny blanco posted a TikTok containing a sped-up version of ""Awkward."" The video contained him and SZA in a studio environment, songwriting as the caption suggests. It is unknown what was written and recorded between the two other than an untitled snippet commonly referred to as ""The Way It Is.""

benny blanco via TikTok (9/8/2022):
""y'all r listening to songs from 4 years ago... while we're making new songs for u to break up to""",N/A,,"Sep 8, 2022",Confirmed,Not Available,N/A
SOS,Unknown [Frank Ocean Collaborations],"In the documentary-styled short film showing the progression of SOS, a whiteboard with potential features can be seen. Frank's name and many others were listed. It is unknown if any songs were recorded between the two.",N/A,,"Dec 16, 2022",Confirmed,Not Available,N/A
SOS,🏆 Unknown [Kali Uchis Collaborations],"According to a reliable source, SZA and Kali Uchis have recorded other songs together in succession of the ""fue mejor"" sessions.",N/A,,,Rumored,Not Available,N/A
SOS,🏅 Unknown [Kendrick Lamar Collaborations],SZA's name was found in a feature wish list iCloud note for Kendrick Lamar's unreleased project Look Woman. Unknown if anything was actually recorded between them two.,N/A,,"Oct 8, 2025",Rumored,Not Available,N/A
SOS,"Unknown [Tyler, The Creator Collaborations]","An unknown amount of collaborations recorded between Tyler, The Creator and SZA, which were confirmed to exist due to Tyler's name being listed as a feature on a whiteboard with possible SOS tracks.",N/A,,"Dec 16, 2022",Confirmed,Not Available,N/A
SOS,"🏅 Bree Runway - ???
(feat. SZA)
(Spillin')","An unreleased collaboration between Bree Runway and SZA. In the Instagram Story which it was teased in by Bree on 4/26/2022, text displaying ""Spillin"" can be seen in the bottom right corner, which possibly makes it the title of the song. The snippet begins about 30 seconds into the song.",?:??,,"Apr 26, 2022",Partial,Recording,https://pillows.su/f/41e580ab0d9248fbf8b6a3816ba3fc79
SOS,"Cardi B - I Do What I Like [V1]
(ref. Nija) (prod. Murda Beatz)
(I Do)","OG Filename: I Do What I Like 101517 (Prod. by MurdaBeatz)
Reference track for SZA's chorus performed by Nija. Has instrumental differences. Snippets leaked on October 3, 2025, and November 26, 2025, before leaking on March 15, 2026.",?:??,"Oct 15, 2017","Mar 15, 2026",OG File,CD Quality,https://pillows.su/f/fa71325617f97323bcb2e693e84eb172
SOS,"Diddy - Stay Long [V1]
(feat. Summer Walker) (prod. Diddy)","OG Filename: Summer and sza
Earliest known version of ""Stay Long"". Contains an open verse for SZA. Leaked on 2/4/2023.",4:52,,"Feb 4, 2023",OG File,Lossless,https://pillows.su/f/a700cc3ba37a5611cb594be8ce4931ee
SOS,"Diddy - Stay Long [V2]
(feat. Summer Walker) (prod. Diddy)","OG Filename: summer sza speed up outtro 2.12.21
Early version of ""Stay Long"". Contains an open verse for SZA.",4:52,"Feb 12, 2021",,OG File,CD Quality,https://pillows.su/f/74a319fa4e11d84c436813e5d23db8ca
SOS,"✨ Diddy - Hope U Stay [V3]
(feat. Summer Walker & SZA) (prod. Diddy)
(Stay Long)","OG Filename: SZA - HOPE U STAY 02.22.21 &
OG Filename (Metadata): SZA Diddy for MIX HC 02.22.21
Early version of ""Stay Long"". Features vocals from SZA. Leaked on 6/6/2023.",4:51,"Feb 22, 2021","Jun 6, 2023",OG File,CD Quality,https://pillows.su/f/b05b9a9ac7d9f9492c78e43a1e4ea76e
SOS,"Diddy - Stay Long [V4]
(feat. Summer Walker & SZA) (prod. Diddy)","OG Filename: SZA Diddy HC 02.24.21
Early version of ""Stay Long"". Features lyrical differences in SZA's verse. Leaked on 2/4/2023.",4:51,"Feb 24, 2021","Feb 4, 2023",OG File,High Quality,https://pillows.su/f/16bac0a17abfce74c3671571fe583a5f
SOS,"Diddy - Stay Long [V5]
(feat. Summer Walker & SZA) (prod. Diddy)","OG Filename: summer sza outtro fix 3.5.21
Early version of ""Stay Long"". Features modifications to the outro of the song as stated in the title, though it is unknown what was changed. Leaked on 2/4/2023.",4:54,"Mar 5, 2021","Feb 4, 2023",OG File,CD Quality,https://pillows.su/f/901a5839fdc870aff20c5e25c7974b86
SOS,"Diddy - Stay Long x What You Wanna Do [V6]
(feat. Summer Walker, SZA & Jozzy) (prod. Diddy)
(Stay Long)","OG Filename: SZAxDIDDYxJOZZY v3
Early version of ""Stay Long"". Features a new segment performed by Jozzy titled ""What You Wanna Do"". Leaked on 2/4/2023.",5:28,"Mar 7, 2021","Feb 4, 2023",OG File,CD Quality,https://pillows.su/f/c7063c279451c6e1db2853ea67aa9d99
SOS,"Diddy - Stay Long x What You Wanna Do [V7]
(feat. Summer Walker, SZA & Jozzy) (prod. Diddy)
(Stay Long)","OG Filename: Jozzy X SZA X DIDDY 3.7.21
Early version of ""Stay Long"". The duration of ""What You Wanna Do"" is shortened and contains lyrical differences. Leaked on 2/4/2023.",6:20,"Mar 7, 2021","Feb 4, 2023",OG File,CD Quality,https://pillows.su/f/baeeb5e3462567938563eb46eacbd7ff
SOS,"⭐ Diddy - Stay Long x What You Wanna Do [V8]
(feat. Summer Walker, SZA & Jozzy) (prod. Diddy)
(Stay Long)","Early version of ""Stay Long"". Features updated mixing. ""What You Wanna Do"" is extended and contains lyrical differences. Leaked on 2/4/2023.",6:33,,"Feb 4, 2023",Full,CD Quality,https://pillows.su/f/54bf50e7c2a222682c08a0d57444fee8
SOS,"Diddy - Stay Long [V9]
(feat. Summer Walker) (prod. Diddy, London on da Track, Timbaland, Slimwav, Remey Williams & Federico Vindver)","OG Filename: STAY LONG JOZZY OPEN VERSE
Early version of ""Stay Long"". Features a new instrumental which no longer contains a second part but still leads into ""It Belongs To You"" (formerly ""What You Wanna Do""). Contains an open verse for Jozzy which could have been originally for SZA.",3:58,,,OG File,High Quality,https://pillows.su/f/2d8dfe67bbb4012266c4f081899cc962
SOS,"Doja Cat - Kiss Me More [V1]
(feat. SZA) (prod. Carter Lang, Rogét Chahayed, ​tizhimself, Yeti Beats & Dr. Luke)","OG Filename: Kiss Me More_SZA FEAT_11.27.20_VER1
Earliest known version of ""Kiss Me More"" which contains alternate structure. The intro vocals from Doja are not present; her first verse is ordered last; a demo verse from Doja plays after her beginning verse; SZA's verse has no vocal alterations, although the instrumental is not stripped for her part; there are less background vocals. Leaked on 11/25/2023.",4:04,"Nov 27, 2020","Nov 25, 2023",OG File,CD Quality,https://pillows.su/f/b42b236784c2debdbaaf5d6596264ebf
SOS,"⭐️ Doja Cat - Kiss Me More [V2]
(feat. SZA) (prod. Carter Lang, Rogét Chahayed, ​tizhimself, Yeti Beats & Dr. Luke)","OG Filename: Kiss Me More_SZA FEAT_11.27.20_VER2
Early version of ""Kiss Me More"". Leaked on 12/3/2023.",4:36,"Nov 27, 2020","Dec 3, 2023",OG File,CD Quality,https://pillows.su/f/8e6785604f7178a4a93f4c0b7fa8293c
SOS,"Doja Cat - Kiss Me More [V3]
(feat. SZA) (prod. Carter Lang, Rogét Chahayed, ​tizhimself, Yeti Beats & Dr. Luke)","OG Filename: Kiss Me More_SZA FEAT_11.27.20_VER2_CARTER STEMS
Early version of ""Kiss Me More"". Features new strings stems. Leaked on 4/25/2024.",4:36,"Nov 27, 2020","Apr 25, 2024",OG File,CD Quality,https://pillows.su/f/177aa5267cfe728db9f161eee5b50466
SOS,"Doja Cat - Kiss Me More [V4]
(feat. SZA) (prod. Carter Lang, Rogét Chahayed, ​tizhimself, Yeti Beats & Dr. Luke)","OG Filename: Kiss Me More_SZA FEAT_11.27.20_VER3
Early version of ""Kiss Me More"". Leaked on 4/25/2024.",3:27,"Nov 27, 2020","Apr 25, 2024",OG File,CD Quality,https://pillows.su/f/600972e05d1c5f36204117e7a8cf6d53
SOS,"Doja Cat - Kiss Me More [V5]
(feat. SZA) (prod. Carter Lang, Rogét Chahayed, ​tizhimself, Yeti Beats & Dr. Luke)","OG Filename: Kiss Me More_SZA FEAT_11.27.20_VER3_REV1
Early version of ""Kiss Me More"". Leaked on 4/25/2024.",3:12,"Nov 27, 2020","Apr 25, 2024",OG File,CD Quality,https://pillows.su/f/e11a9c5cb5db184a1c39577c728a01e5
SOS,"Doja Cat - Kiss Me More [V6]
(feat. SZA) (prod. Carter Lang, Rogét Chahayed, ​tizhimself, Yeti Beats & Dr. Luke)","OG Filename: KMM updated &
OG Filename (Metadata): KISS ME YETI ARRANGEMENT V5
Early version of ""Kiss Me More"". Identical to the released version, although it does include additional background vocals from SZA. Unknown what other differences are present. Leaked on 8/3/2022.",3:29,"Nov 27, 2020","Aug 3, 2022",OG File,CD Quality,https://pillows.su/f/5454cfd0284a66d6b9528dc2cc0cdd53
SOS,"Isaiah Rashad - Ask About Me
(The Remix)",An unreleased song by Isaiah Rashad featuring background vocals from SZA. It's the third featured track on the leak compilation album Music 4r Da Vibers. Leaked on 7/30/2022.,2:36,,"Jul 30, 2022",Full,High Quality,https://pillows.su/f/1d8cf14af1c554536de5508819a3ea54
SOS,"Isaiah Rashad - Where Is He
(feat. Ari Lennox & SZA)
(Music)","OG Filename: where is he AV
First track of the Isaiah Rashad fan-made leak compilation Music 4r Da Vibers. The leaker-given title of this song is ""Music"", but is officially titled ""Where Is He"" in the file name. Leaked on 7/20/2022.",1:33,,"Jul 20, 2022",OG File,CD Quality,https://pillows.su/f/941a8b5a1e7ccb7c6ddff1dcac2e3118
SOS,"Victory - Like The Way It Sounds [V1]
(Future, Future Bounce, Future Of Sound, Future Sounds, TELEKINESIS, Ultrasounds)","Original Victory Boyd version recorded in November 2019. Victory later shared it with Kanye where it morphed into ""Future Bounce"". Mentioned in Victory's lawsuit against Travis Scott.",?:??,,,Confirmed,Not Available,https://www.musicbusinessworldwide.com/files/2025/01/Travis-Sccott-lawsuit.pdf
SOS,"Kanye West - Future Bounce [V2]
(prod. BoogzDaBeast)
(Future, Future Of Sound, Future Sounds, TELEKINESIS, Ultrasounds)","OG Filename: Future Bounce
Initial freestyle, recorded alongside 100+ other freestyles, and back to back with ""Skurrrr"". Samples Kingsway sample ""Arena"" by WALLIS LANE.",2:30,"Nov 4, 2019","Sep 24, 2023",OG File,High Quality,https://pillows.su/f/3ad3f8cc8000385a3351aa9481fb5a47
SOS,"Kanye West - Future Bounce [V3]
(ref. Big Sean) (prod. BoogzDaBeast)
(Future, Future Of Sound, Future Sounds, TELEKINESIS, Ultrasounds)","OG Filename: Future Bounce - 11.06.19 Sean Ref
Big Sean reference track.",0:46,"Nov 6, 2019","Sep 25, 2023",OG File,CD Quality,https://pillows.su/f/85eb83c734f7df1a82aeeaebf4510f56
SOS,"Kanye West - Future Bounce [V4]
(ref. KayCyy) (prod. BoogzDaBeast)
(Future, Future Of Sound, Future Sounds, TELEKINESIS, Ultrasounds)","OG Filename: Future Bounce - 11.13.19 Kaycyy REF 1
KayCyy confirmed that he was once on ""Future Sounds"", likely a November 2019 reference track. Features different drums not found in other versions.",2:30,"Nov 13, 2019","Oct 10, 2023",OG File,CD Quality,https://pillows.su/f/908c01f36e0dd82b881bb68c3d3d7660
SOS,"Kanye West - Future Bounce [V5]
(ref. Kanye West) (prod. BoogzDaBeast)
(Future, Future Of Sound, Future Sounds, TELEKINESIS, Ultrasounds)","OG Filename: Future Bounce - 11.14.19 Ye comp
Version of with a rerecorded intro that was unused on later versions, for whatever reason, as well as Kanye beatboxing drum ideas for the song.",2:32,"Nov 14, 2019","Oct 2, 2023",OG File,Lossless,https://pillows.su/f/cb5eff022a7aeb9a69b8db4895158327
SOS,"Kanye West - Future Bounce [V6]
(ref. The WRLDFMS Tony Williams) (prod. BoogzDaBeast)
(Future, Future Of Sound, Future Sounds, TELEKINESIS, Ultrasounds)","Tony Williams reference track, said to exist by a trusted source. Recorded in November 2019.",?:??,,,Rumored,Not Available,N/A
SOS,"Kanye West - Future Bounce [V7]
(prod. Wheezy & BoogzDaBeast)
(Future, Future Of Sound, Future Sounds, TELEKINESIS, Ultrasounds)","OG Filename: future bouce wheezy_Selected-1
Version with Wheezy production. Filename misspells ""Bounce"" as ""Bouce"".",2:06,,"Sep 17, 2023",OG File,CD Quality,https://pillows.su/f/9655a0dcd0e5d1129cdf9b99b1c7110a
SOS,"Kanye West - Future Bounce [V8]
(ref. Victory) (prod. BoogzDaBeast)
(Future, Future Of Sound, Future Sounds, TELEKINESIS, Ultrasounds)","Snippet of a mid-November Victory ref, posted by Victory on Jan 10, 2025. Leaked notepad includes the idea that she wanted to bring across - a ""house party in heaven where we're doing a dance called the future bounce"".",?:??,"Nov 17, 2019","Jan 10, 2025",Snippet,Recording,https://pillows.su/f/9dc5e8104477f3adbd114eb990ef6e55
SOS,"Kanye West - Future Bounce [V9]
(prod. BoogzDaBeast & Federico Vindver)
(Future, Future Of Sound, Future Sounds, TELEKINESIS, Ultrasounds)","OG Filename: Future Bounce (Boogz_FedeHorns) v1.2 83bpm
Has added horns that would not be used for any other version than this one.",3:04,"Nov 19, 2019","Sep 24, 2023",OG File,Lossless,https://pillows.su/f/0b548555a036c2f6b517edfe7d70731c
SOS,"Kanye West - Future Bounce [V10]
(prod. BoogzDaBeast)
(Future, Future Of Sound, Future Sounds, TELEKINESIS, Ultrasounds)","OG Filename: Future Bounce
Spotted on a Feb 2020 playlist pic. Unknown what differences are present.",?:??,,,Rumored,Not Available,N/A
SOS,"Kanye West - Future Bounce [V11]
(ref. Nino Blu) (prod. BoogzDaBeast)
(Future, Future Of Sound, Future Sounds, TELEKINESIS, Ultrasounds)","Nino Blu reference track, recorded in February 2020 after he and Kanye reconnected. Snippet leaked by Nino Blu himself on Discord on March 1st, 2022.",?:??,,"Mar 1, 2022",Snippet,High Quality,https://pillows.su/f/d5c290ce0474f6a3956df58e723365b2
SOS,"Kanye West - Future Bounce [V12]
(ref. Victory) (prod. BoogzDaBeast)
(Future, Future Of Sound, Future Sounds, TELEKINESIS, Ultrasounds)","Victory wrote the verse that Travis Scott later recorded over. Likely written/recorded in May 2020. The original lyrics are as follows:

""I can see the future it's looking like we leveled through the sky,
I can't wait to live in Glory of eternal Paradise
Won't you take my will
I'm ready to surrender my whole life
Might as well turn up now
He gon' pop up unnanounced
Hear the trumpets
Do you like the way it sounds?""
Snippet posted by Victory Jan 10th 2025.",?:??,,"Jan 10, 2025",Partial,Recording,https://pillows.su/f/9a288a869b09738782945aa6c1fff369
SOS,"Kanye West - Future Bounce [V13]
(feat. Travis Scott) (prod. BoogzDaBeast)
(Future, Future Of Sound, Future Sounds, TELEKINESIS, Ultrasounds)",Initial version with Travis Scott vocals.,?:??,,,Rumored,Not Available,N/A
SOS,"Kanye West - Future Bounce [V14]
(feat. Travis Scott & Victory) (prod. BoogzDaBeast)
(Future, Future Of Sound, Future Sounds, TELEKINESIS, Ultrasounds)","Version with new Kanye vocals, as well as Victory. Has no loud horn beat switch.",2:02,,"Aug 6, 2021",OG File,CD Quality,https://pillows.su/f/f247a52d374482af6a6d83fd9588ad72
SOS,"Kanye West - Future Bounce [V15]
(feat. Travis Scott, Victory & Harmony) (prod. BoogzDaBeast)
(Future, Future Of Sound, Future Sounds, TELEKINESIS, Ultrasounds)","Has the same beat as another version, but has the Harmony outro heard in later versions of the track. Discovered in the bleed on the ""Ultrasounds"" stems",?:??,,,Confirmed,Not Available,N/A
SOS,"Kanye West - Future Sounds [V16]
(feat. Travis Scott & Victory) (prod. E.VAX & BoogzDaBeast)
(Future, Future Bounce, Future Of Sound, TELEKINESIS, Ultrasounds)","OG Filename: EVAN_mix
Version with alternate production from E.VAX. Likely from God's Country as it contains Victory vocals not seen in any DONDA versions of the song.",2:33,"Jul 5, 2020","Sep 19, 2023",OG File,Lossless,https://pillows.su/f/6534551e43787b9544f3fd5d3b7b305b
SOS,"Kanye West - Future Sounds [V17]
(feat. Travis Scott & Harmony) (prod. BoogzDaBeast)
(Future, Future Bounce, Future Of Sound, TELEKINESIS, Ultrasounds)","OG Filename: Future Sounds 83bpm - 07.18.20 Ye Loud Horn
July version with Harmony and Travis Scott. Interpolates ""Amazing Grace"" by John Newton. Has a loud horn. The visual album rip for this version was the only version available until September 18th, 2023, when the OG file leaked.",2:23,"Jul 18, 2020","Sep 17, 2023",OG File,CD Quality,https://pillows.su/f/7a07e90e969ab919d3ee01eade978640
SOS,"Kanye West - Future Sounds [V18]
(prod. BoogzDaBeast)
(Future, Future Bounce, Future Of Sound, TELEKINESIS, Ultrasounds)","OG Filename: Future Sounds 83bpm - 07.18.20 For Evan
Instrumental of a version with quieter drums and much quieter horns than the previous version. Meant for E.VAX, does not contain any vocals. Unknown if a version with vocals exists.",2:30,"Jul 18, 2020","May 8, 2024",Beat Only,Lossless,https://pillows.su/f/d18fd041206b7a3c6dfa2a56cdd86373
SOS,"Kanye West - Ultrasounds [V19]
(feat. Travis Scott & Harmony) (prod. BoogzDaBeast & Andrew Dawson)
(Future, Future Bounce, Future Of Sound, Future Sounds, TELEKINESIS)","OG Filename: ultrasounds ADawson work.3 (
Version with Andrew Dawson production. Contains the ""Heaven and Hell is on Earth"" sample, prominently featured on the released version of ""Heaven and Hell"".",2:24,,"Dec 1, 2021",OG File,CD Quality,https://pillows.su/f/8dbf3e316f2928ffcf355e6f00a3a7cc
SOS,"Kanye West - Future Sounds [V20]
(prod. BoogzDaBeast & RONNY J)
(Future, Future Bounce, Future Of Sound, TELEKINESIS, Ultrasounds)","OG Filename: Future Sounds RJ 83
Instrumental of a version produced by RONNY J. Unknown if there is a version with vocals. Partial bounces with no vocals.",2:30,"Jul 31, 2020","May 8, 2024",Beat Only,Lossless,https://pillows.su/f/ea3ef0cb38384ae63b8ee15986ace8a2
SOS,"Kanye West - Future Sounds [V21]
(feat. Travis Scott & Harmony) (prod. BoogzDaBeast)
(Future, Future Bounce, Future Of Sound, TELEKINESIS, Ultrasounds)",Instrumental of a version with added 808s on the horns. Version with vocals is owned by members of the community. Nothing else is known about this version.,2:30,,"Dec 4, 2020",Beat Only,High Quality,https://pillows.su/f/7a9b10759f708cfa3bef7b0e83fdeb3b
SOS,"Kanye West - Future Sounds [V22]
(feat. Travis Scott & Harmony) (prod. Andrew Dawson, The Twilite Tone & BoogzDaBeast)
(Future, Future Bounce, Future Of Sound, TELEKINESIS, Ultrasounds)","OG Filename: Future Sounds (Tone) ADwork.1
Version of with additional production from The Twilite Tone and Andrew Dawson.",2:28,"Aug 3, 2020","Sep 23, 2023",OG File,Lossless,https://pillows.su/f/be93df8a621827128b471a01932e7a58
SOS,"Kanye West - Future Sounds [V23]
(ref. ???, CyHi & C-Murder) (feat. Travis Scott, C-Murder & Harmony) (prod. BoogzDaBeast)
(Future, Future Bounce, Future Of Sound, TELEKINESIS, Ultrasounds)","OG Filename: Future Sounds 83bpm - 09.12.20 Cons Edit 1
September version. Features reference vocals from CyHi as well as an unknown artist, structural differences, and an AI-isolated verse from C-Murder. Travis Scott's vocals are untuned.",3:47,"Sep 12, 2020","Sep 17, 2023",OG File,CD Quality,https://pillows.su/f/5e1064d3138304dd63bb0e9c822dfcd0
SOS,"Kanye West - Future Sounds [V24]
(ref. ???, CyHi & C-Murder) (feat. Travis Scott, C-Murder & Harmony) (prod. BoogzDaBeast & FnZ)
(Future, Future Bounce, Future Of Sound, TELEKINESIS, Ultrasounds)","OG Filename: Future Sounds V1
Similar to the previous version, with more production and mixing.",3:42,"Sep 19, 2020","Sep 17, 2023",OG File,CD Quality,https://pillows.su/f/1e12599e203ef8cf26567cea6b2009d1
SOS,"Kanye West - Future Sounds [V25]
(ref. ???, CyHi & C-Murder) (feat. Travis Scott, C-Murder & Harmony) (prod. BoogzDaBeast & FnZ)
(Future, Future Bounce, Future Of Sound, TELEKINESIS, Ultrasounds)","OG Filename: Future Sounds V2
Similar to the previous version.",3:52,"Oct 31, 2020","Sep 17, 2023",OG File,CD Quality,https://pillows.su/f/9b3e8d6f51e15e9c22b9a69315e4f1d6
SOS,"Kanye West - Future Sounds [V26]
(ref. CyHi & ???) (feat. Travis Scott & Harmony) (prod. BoogzDaBeast & FnZ)
(Future, Future Bounce, Future Of Sound, TELEKINESIS, Ultrasounds)","OG Filename: Future Sounds V3 (Short Edit_Lord I Need You Perc Hit Added)
Same as the previous version, but much shorter, and does not feature C-Murder.",2:52,"Oct 31, 2020","Sep 17, 2023",OG File,Lossless,https://pillows.su/f/c5345149eb295889fa67154201f5d14d
SOS,"Kanye West - Future Sounds [V27]
(feat. Travis Scott & Harmony) (prod. BoogzDaBeast)
(Future, Future Bounce, Future Of Sound, TELEKINESIS, Ultrasounds)","OG Filename: Future Sounds Ye Edit No Echo 11.5.20
Version used on the New Years tracklist, and track 11 on a copy of DONDA earlier than New Years. Has no echo and sounds better mixed overall. Travis fills in some of Kanye's mumble lines.",2:20,"Nov 5, 2020","Dec 13, 2021",OG File,CD Quality,https://pillows.su/f/9b160d313c3c9763733b0e1f1170b3c5
SOS,"Kanye West - Future Bounce [V28]
(feat. Travis Scott & Sunday Service Choir) (prod. BoogzDaBeast)
(Future, Future Sounds, Future Of Sound, TELEKINESIS, Ultrasounds)","OG Filename: Future B - F+A choir edit rough v1
Sunday Service Choir performing new parts for ""Future Sounds"", most likely made alongside the other Sunday Service Choir melodies and parts that were recorded, and could have been intended to be included in a version of the song.",2:24,"Nov 10, 2020","Sep 17, 2023",OG File,CD Quality,https://pillows.su/f/abc63ae463eeb1abc2b58dfc6104ca08
SOS,"Kanye West - Future Sounds [V29]
(feat. Travis Scott) (prod. BoogzDaBeast & FnZ)
(Future, Future Bounce, Future Of Sound, TELEKINESIS, Ultrasounds)","OG Filename: Future Sounds V4
Version from December 1st, 2020. Does not feature a lot of vocals, outside of Travis Scott vocals at the start. Has a ton of new production, a fully fledged outro, and major structural differences from previous versions.",2:13,"Dec 1, 2020","Sep 17, 2023",OG File,CD Quality,https://pillows.su/f/195b69d5c5f8f181512a00d69e38a34d
SOS,"Kanye West - Future Sounds [V30]
(feat. Travis Scott) (prod. BoogzDaBeast & FnZ)
(Future, Future Bounce, Future Of Sound, TELEKINESIS, Ultrasounds)","OG Filename: Future Sounds V5 (No Soundbyte)
Another version from December 1st. Very similar to the previous December 1st version, except a soundbyte in the middle of the song is replaced with other production.",2:13,"Dec 1, 2020","Sep 17, 2023",OG File,CD Quality,https://pillows.su/f/546866babcecce00477102ca060563db
SOS,"Kanye West - Future Sounds [V31]
(feat. Travis Scott) (prod. BoogzDaBeast & FnZ)
(Future, Future Bounce, Future Of Sound, TELEKINESIS, Ultrasounds)","OG Filename: Future Sounds V5
Final version from December 1st. Again, also very similar to the previous version, but with an additional soundbyte/sample added in ""V5 (No Soundbyte)"" removed.",2:13,"Dec 1, 2020","Sep 17, 2023",OG File,CD Quality,https://pillows.su/f/afb07664e7d42634e0cd0e2104699aeb
SOS,"Kanye West - Ultrasounds [V32]
(feat. Travis Scott) (prod. BoogzDaBeast)
(Future, Future Bounce, Future Of Sound, Future Sounds, TELEKINESIS)","Version which was made in May 2021. Some unorganized stems can be found in the ""Heaven and Hell"" sessions. Travis' vocoder adlibs and some of the sample were reused in the instrumental of ""Heaven and Hell"".",?:??,,,Rumored,Not Available,N/A
SOS,"Kanye West - Future Bounce [V33]
(ref. Ab-Liva) (prod. BoogzDaBeast)
(Future, Future Of Sound, Future Sounds, TELEKINESIS, Ultrasounds)","Ab-Liva said that he ""work[ed] on different versions"" of ""Future Bounce"". This was likely during July 2021 sessions.",?:??,,,Confirmed,Not Available,N/A
SOS,"Kanye West - Future Bounce [V34]
(feat. Travis Scott) (prod. Teddy Walton & BoogzDaBeast)
(Future, Future Of Sound, Future Sounds, TELEKINESIS, Ultrasounds)","Made one week before the Vegas LP. Has different instrumental elements, as well as similar vocal arrangement to God's Country ""Future Bounce"". Likely one of the last versions of the song before being given to Travis Scott for UTOPIA.",2:33,,"Sep 26, 2022",Full,CD Quality,https://pillows.su/f/4e646755a67fc27daaac0da50fecc731
SOS,"Lizzo - Coochie
(feat. SZA)","OG Filename: LizzoSza_Coochie11mo
A throwaway from Lizzo's album Special featuring SZA. Leaked on 2/17/2023.",2:32,,"Feb 17, 2023",OG File,CD Quality,https://pillows.su/f/8b98769779e17c79441aae733d0df728
SOS,"⭐️ Lizzo - Jon N Vinny's
(feat. SZA) (prod. star boy)","OG Filename: SZA LIZZO JON N VINNYS &
OG Filename (Metadata): LIZZO SZA JON N VINNYS FD RR 3
A throwaway from Lizzo's album Special featuring SZA. Leaked on 6/24/2023.",2:26,,"Jun 24, 2023",OG File,CD Quality,https://pillows.su/f/439bd554906e9be3bdbe0152ffd72efe
SOS,"Maeta - Anybody [V2-V4]
(ref. Justine Skye) (prod. Shea Taylor)",Confirmed to exist based on the filename below.,,,"Mar 16, 2026",Confirmed,Not Available,N/A
SOS,"Maeta - Anybody [V5]
(ref. Justine Skye) (prod. Shea Taylor)","OG Filename: ANYBODY [REFF PRINT] (MT.04) W SAX
Version of the song with a different saxophone. Leaked on March 16, 2026.",2:44,"Sep 20, 2018","Mar 16, 2026",OG File,CD Quality,https://pillows.su/f/fe9ce41f017d96940768ea26502832e2
SOS,"Maeta - Anybody [V6-V7]
(prod. Shea Taylor)",Confirmed to exist based on the filename below.,2:43,,"Mar 14, 2026",Confirmed,Not Available,N/A
SOS,"✨ Maeta - Anybody [V8]
(prod. Shea Taylor)","OG Filename: 01 ANYBODY [RUFF] (03)
Initial Maeta demo for the song which remains in the original key of SZA's version. Leaked on March 14, 2026.",2:43,,"Mar 14, 2026",OG File,CD Quality,https://pillows.su/f/6ccf546fb2d1f64c9328b3824b2bef47
SOS,"Maeta - Anybody [V9]
(prod. Shea Taylor)","OG Filename: 01 Maeta_Anybody_Rough_031919
Version with the key of the released version and different vocal takes. Leaked on March 14, 2026.",2:39,"Mar 19, 2019","Mar 14, 2026",OG File,CD Quality,https://pillows.su/f/775735ce055aeb8fd8a63ed78af98275
SOS,"Maeta - Anybody [V10-V13]
(prod. Shea Taylor)",Confirmed to exist based on the filename below.,2:40,,"Mar 14, 2026",Confirmed,Not Available,N/A
SOS,"Maeta - Anybody [V14]
(prod. Shea Taylor)","OG Filename: 03 Anybody_main mix 4 - 5.14.23_(2496 mastered)
Final mix for the song that was stored in a Roc Nation A&R box. Leaked on March 14, 2026.",2:40,"May 14, 2023","Mar 14, 2026",OG File,Lossless,https://pillows.su/f/74112de308222f605770a439971234ea
SOS,"✨ Maeta - Anybody [V15]
(prod. Shea Taylor)","OG Filename: 03_Maeta_Anybody_Atmos Mix_DNA Immersive
Dolby Atmos mix file for the song. Leaked on March 14, 2026.",2:40,,"Mar 14, 2026",OG File,Lossless,
SOS,"⭐ The Weeknd - Die for You (Remix)
(feat. SZA) (prod. Cirkut, Doc McKinney, The Weeknd, Cashmere Cat & Prince 85)","An unreleased remix of ""Die for You"" featuring SZA. Apart of the ""TDE Collection"" leaks of 9/29/2018 on LEAKTH.IS.",4:18,,"Sep 29, 2018",Full,CD Quality,https://pillows.su/f/422e9ce02a27679ce49e87b598408019
"5 OG File(s)
1 Full
0 Tagged
3 Partial
2 Snippet(s)
12 Unavailable",LANA [V1],,,,,,,
LANA [V1],Asparagus [V2],Version of the song intended for a LANA track listing.,,,"Feb 24, 2026",Rumored,Not Available,
LANA [V1],"DTM (Diamond Boy) [V1]
(prod. Carter Lang, The Antydote, Solomonophonic, Declan Miers & Michael Uzowuru)
(Doin' Too Much, Diamond Boy, OD)","Earliest known version of ""DTM"" which was teased in SZA's Instagram Stories on 7/21/2023. This version only contains the pre-chorus, chorus, and, presumably, the first verse. She does not say ""bling"" after ""diamond boy, why you so shiny,"" and the background vocals are different as well.

SZA via Instagram Stories (7/21/2023):
""If it's Od jus tell me ....""
""""When da dick hit das jus how u gotta do""🤷🏾‍♀️lol""",?:??,,"Jul 21, 2023",Partial,Recording,"https://pillows.su/f/48223bfab5207f5b8a4dc6dd6af369c9
https://pillows.su/f/fa998caa27c49c3fa9e3ff04b7f98747"
LANA [V1],"DTM (Diamond Boy) [V2]
(prod. Carter Lang, The Antydote, Solomonophonic, Declan Miers & Michael Uzowuru)
(Doin' Too Much, Diamond Boy, OD)","Later mix of ""DTM"" which was teased in SZA's Instagram Stories on 7/28/2023. Only the third verse was previewed.",?:??,,"Jul 28, 2023",Snippet,Recording,https://pillows.su/f/5805d628464378a5a206e830a7fa848e
LANA [V1],"🏅 DTM (Diamond Boy) [V3]
(prod. Carter Lang, The Antydote, Solomonophonic, Declan Miers & Michael Uzowuru)
(Doin' Too Much, Diamond Boy, OD)","Later version of ""DTM"" teased on multiple occasions by SZA, including the ""Snooze"" music video outro and behind-the-scenes footage. Snippet teased on 8/25/2023.",?:??,,"Aug 25, 2023",Partial,High Quality,https://pillows.su/f/2a94934c011cdf2ef2b1ef9f253eca15
LANA [V1],"Drive [V1]
(prod. ThankGod4Cody & Billy Lemos)
(Drivin', Problems)","Early version of ""Drive"" teased on Instagram by SZA in behind-the-scenes footage of the ""Snooze"" music video. Contains an outro that was removed from the original version. Snippet teased in an Instagram post on 7/29/2023.",?:??,,"Jul 29, 2023",Partial,High Quality,https://pillows.su/f/b92616d94214a4c8d6e12beac6c9cb6f
LANA [V1],"🏆 Potting Season [V3]
(prod. Rob Bisel, Will Miller & Carter Lang)
(PSA)","An extended version of ""PSA"" which SZA has stated she would consider including in the deluxe edition of SOS. Possibly does not exist or contains mumble as it was not released on the deluxe.",?:??,,,Confirmed,Not Available,N/A
LANA [V1],"⭐ Song 1 [V1]
(prod. Jay Versace)
(Protect My Heart)","OG Filename: Song1_041323
A untitled, mumble demo for a throwaway from early Lana sessions. Leaked on 6/24/2023.",3:39,"Apr 13, 2023","Jun 24, 2023",OG File,CD Quality,https://pillows.su/f/c83f220e8a709c1dff98df0c0503f27a
LANA [V1],"Song 1 [V2]
(prod. Jay Versace)
(Protect My Heart)","Finished version of the song speculated to exist per an infodump shared on February 24, 2026.",,,"Feb 24, 2026",Rumored,Not Available,
LANA [V1],"Song 2 [V1]
(prod. Earlee Riser, Neeko Baby & Michael Uzowuru)
(Clean Up)","OG Filename: Song2_41323
A untitled, mumble demo for a throwaway from early Lana sessions. Leaked on 7/15/2023.",4:00,"Apr 13, 2023","Jul 15, 2023",OG File,CD Quality,https://pillows.su/f/93f0e0ba43a6d6888844c4a6dbbc2c1f
LANA [V1],"Song 2 [V2]
(prod. Earlee Riser, Neeko Baby & Michael Uzowuru)
(Clean Up)","Finished version of the song speculated to exist per an infodump shared on February 24, 2026.",,,"Feb 24, 2026",Rumored,Not Available,
LANA [V1],"Song 3 [V1]
(prod. Michael Uzowuru)
(Gotta Go)","OG Filename: Song3_041323
A untitled, mumble demo for a throwaway from early Lana sessions. Leaked on 7/16/2023.",3:46,"Apr 13, 2023","Jul 16, 2023",OG File,CD Quality,https://pillows.su/f/158f73c2caf5d53586e1861d1cce4986
LANA [V1],"Song 3 [V2]
(prod. Michael Uzowuru)
(Gotta Go)","Finished version of the song speculated to exist per an infodump shared on February 24, 2026.",?:??,,"Feb 24, 2026",Rumored,Not Available,
LANA [V1],"???
(prod. Carter Lang & Rob Bisel)","OG Filename (Beat): 85.2 SZA.CL.RB.2-1 &
OG Filename (Beat) (Metadata): FOR LANA
Piano instrumental idea for a Lana song which was produced by Carter Lang and Rob Bisel according to the beat filename. The last few seconds of the beat are cut off. Leaked by jas sometime in early December 2024.",1:15,"Jul 21, 2023",Dec 2024,Beat Only,Low Quality,https://pillows.su/f/44ef0540b57e1092817497da06a8f14d
LANA [V1],"???
(CTM)","Abbreviated title shared in an infodump on February 24, 2026. Said to be pre-2024.",N/A,,"Feb 24, 2026",Rumored,Not Available,
LANA [V1],"???
(GS)","Abbreviated title shared in an infodump on February 24, 2026. Said to be pre-2024.",N/A,,"Feb 24, 2026",Rumored,Not Available,
LANA [V1],"???
(WWI)","A rumored throwaway from Lana. Its abbreviated title, which was leaked on 1/29/2025, is ""WWI"". It was specified that it is not an abbreviation for ""World War I."" No additional information was provided.",N/A,,"Jan 29, 2025",Rumored,Not Available,N/A
LANA [V1],🏅 Unknown [Paramore Collaborations],"During SZA's fan Q&A with Apple Music on 1/30/2024, she confirmed that a collaboration with Paramore was ""in the works."" It is unknown what was recorded between them. The collaborations were likely intended for earlier versions of LANA but scrapped for undisclosed reasons. In addition, SZA once stated that ""F2F"" was one of her favorite tracks to perform live because of its connection to Paramore, when SZA sought out Hayley Williams' approval for the track.",N/A,,"Jan 30, 2024",Confirmed,Not Available,https://www.billboard.com/music/rb-hip-hop/sza-confirms-paramore-collaboration-1235593038/
LANA [V1],"Jaunté Jacobs - War
(feat. SZA)","Unreleased collaboration between Jaunté Jacobs and SZA which was registered into the ASCAP repertory at an unknown date, but it is suspected to be from 2023.",N/A,,,Confirmed,Not Available,https://www.ascap.com/repertory#/ace/search/workID/923974305
LANA [V1],"MoRuf - PT Cruiser [V1]
(feat. SZA)
(Cruiser)",Unreleased collaboration between MoRuf and SZA which was registered into the ASCAP repertory sometime in 2023. Leaked on 7/4/2024.,3:44,,"Jul 4, 2024",Full,High Quality,https://pillows.su/f/7b16250fdfb0d9dcb4c8938d2ba4886f
LANA [V1],"Victory - Like The Way It Sounds [V35]
(Future, Future Bounce, Future Of Sound, Future Sounds, TELEKINESIS, Ultrasounds)","Victory planned on releasing ""Like The Way It Sounds"" and was unaware that the song was already given to Travis Scott. She still plans on releasing it after her lawsuit is finished.",?:??,,,Confirmed,Not Available,N/A
LANA [V1],"Travis Scott - FUTURE BOUNCE [V36]
(feat. SZA & Future) (prod. Travis Scott, BoogzDaBeast, Wallis Lane, Kanye West, Jahaan Sweet, Nabeyin & Hudson Mohawke)
(TELEKINESIS, Future Of Sound, Future Sounds, Future Bounce, Ultrasounds)","OG Filename: FBOPENS-V - CD REF 1
Features a different SZA verse than the released version. Filename suggests that the old ""Future Bounce"" name was still inplace until last minute. Original snippet leaked June 9th, 2024. Leaked as part of a groupbuy.",5:23,"Jun 2, 2023","Jun 11, 2024",OG File,Lossless,https://pillows.su/f/0ceb129f9d764d887711761992a24c44
LANA [V1],"✨ Travis Scott - FUTURE BOUNCE [V37]
(feat. SZA & Future) (prod. Travis Scott, BoogzDaBeast, Wallis Lane, Kanye West, Jahaan Sweet, Nabeyin & Hudson Mohawke)
(TELEKINESIS, Future Of Sound, Future Sounds, Future Bounce, Ultrasounds)","OG Filename: FBOPENS-V - CD REF 2
Features a different SZA verse than the released version and different mixing. Leaked as part of a groupbuy.",5:25,"Jun 4, 2023","Jun 11, 2024",OG File,Lossless,https://pillows.su/f/a23d73b4baa2fea501acc954f3af12b2
LANA [V1],"¥$ - FUTURE SOUNDS [V38]
(feat. Travis Scott) (prod. BoogzDaBeast)
(Future, Future Of Sound, Future Bounce, TELEKINESIS, Ultrasounds)","According to JoyBoy, this song was on a BBPB tracklist. Later confirmed when he posted a full tracklist. Ty Dolla $ign played the intro for two seconds on a Twitch livestream while scrolling through the Italy sessions.",?:??,,"Sep 15, 2025",Snippet,Recording,https://pillows.su/f/eeb993a98e11dc95e0455212e19588ab
"0 OG File(s)
1 Full
0 Tagged
3 Partial
14 Snippet(s)
7 Unavailable",LANA [V2],,,,,,,
LANA [V2],Asparagus [V2],"The song title could be seen on a whiteboard teased in SZA's Instagram Stories on 12/6/2024, indicating the possible existence of a new mix.",?:??,,"Dec 6, 2024",Confirmed,Not Available,https://x.com/popbase/status/1865047964441252057
LANA [V2],Brace Yourself [V2],"The song title could be seen on a whiteboard teased in SZA's Instagram Stories on 12/6/2024, indicating the possible existence of a new mix.",?:??,,"Dec 6, 2024",Confirmed,Not Available,https://x.com/popbase/status/1865047964441252057
LANA [V2],"🏅 Crybaby [V1]
(prod. Carter Lang & ThankGod4Cody)
(Cry Baby, Storytime)","An early version of ""Crybaby"" teased on Instagram by SZA. She has performed this snippet during the last few locations of the SOS Tour and confirmed the song title on 8/4/2024, although it had already been leaked from a set list. Snippet teased on 6/28/2024.

SZA via Instagram post (6/28/2024):
""🦗 I know you told stories about me. most of them awful . All of them true . Here's some for u""",?:??,,"Jun 28, 2024",Snippet,High Quality,https://pillows.su/f/f91b44501560c1fa1c7bd3bcbbfc53e6
LANA [V2],"Diamond Boy (DTM) [V4]
(prod. Carter Lang, The Antydote, Solomonophonic, Declan Miers & Michael Uzowuru)
(Doin' Too Much, Diamond Boy, OD)","Later mix of ""Diamond Boy (DTM)"" teased in SZA's Instagram Stories on 12/13/2024. It was attached to visuals from the music video in the form of a snippets on her story. It is suspected to be the second single on the album, following ""Saturn"". Contains extra sound effects and background vocals.",?:??,,"Dec 13, 2024",Snippet,High Quality,https://pillows.su/f/356ec48e0b62a05dbee11a99b47efaa0
LANA [V2],"Diamond Boy (DTM)
(prod. Carter Lang, The Antydote, Solomonophonic, Declan Miers & Michael Uzowuru)
(Doin' Too Much, Diamond Boy, OD)","A stripped version of the song identical to the first versions teased in 2023. SZA stated that it would replace the released mix in the music video for the song teased, but a date of when it would be released was not disclosed. Unknown if it will also contain the bridge that was performed live.

SZA via Instagram Stories (4/15/2025):
""Diamond boy video will have OG audio . That's fasho""",?:??,,"Apr 15, 2025",Confirmed,Not Available,https://pixeldrain.com/u/43qyKfcj
LANA [V2],"🏆 Perc [V1]
(prod. Michael Uzowuru, Sean Matsukawa, Caleb Laven & Johnny May)
(Get Behind Me (Interlude))",Original version of the song with alternate lyrics before it was cutdown. Snippet leaked on 1/22/2026.,?:??,,"Jan 22, 2026",Snippet,CD Quality,https://pillows.su/f/62166c9276f06280c11632b52751a0ee
LANA [V2],"Scorsese Baby Daddy [V1]
(prod. Michael Uzowuru, Owen Stout, Tyler Johnson & Tyler Page)","Version with different vocal mixing, including additional delay and a faded-in intro vocals. Clapping is slightly louder. Snippet used for a promotional visualizer that was intended for release on December 13, 2024. Found on Cassidy Meyers' website.",?:??,,"Apr 4, 2026",Snippet,High Quality,https://pillows.su/f/617c4eafaea6693876b76fe3e70351aa
LANA [V2],Guard Down [V2],"The song title could be seen on a whiteboard teased in SZA's Instagram Stories on 12/6/2024, indicating the possible existence of a new mix.",?:??,,"Dec 6, 2024",Confirmed,Not Available,https://x.com/popbase/status/1865047964441252057
LANA [V2],Hardcore,Mumble demo likely from the Lana era. Snippet leaked on 1/22/2026.,?:??,,"Jan 22, 2026",Snippet,CD Quality,https://pillows.su/f/9f672362c53a760e691800ec01bb810b
LANA [V2],"Kitchen [V1]
(prod. ThankGod4Cody)
(History)","OG Filename: V1.0 KITCHEN_ IDEA FOR LANA
Version with more quiet vocals in this version. Other differences are unknown. Snippet leaked on February 21, 2026.",?:??,,"Feb 21, 2026",Snippet,CD Quality,https://pillows.su/f/0fd329a7ea32ad7bd635de78ab5d1ff7
LANA [V2],"Kitchen [V2]
(prod. ThankGod4Cody)
(History)",Version that was used for a LANA teaser.,?:??,,"Dec 9, 2024",Snippet,High Quality,https://imgur.gg/f/eQAIMQk
LANA [V2],"Heal
(Time Will Reveal)",Recorded in 2024 and is described to contain partial mumble. Snippet leaked on 11/2/2025. Original tagged snippet surfaced a day later. Another snippet leaked from a different seller on 1/22/2026.,?:??,,"Jan 22, 2026",Snippet,CD Quality,"https://pillows.su/f/0c31a55f1185bfa585bd6dd23a71ccf0
https://pillows.su/f/0a70671c0945475a7f0e60921279458f"
LANA [V2],"Lose Yourself (Cover)
(prod. ThankGod4Cody, Carter Lang, Daniel Abraham Jr. & Declan Miers)","OG Filename: Lose Yourself (Cover) (more verb+AT+EQ)
A cover of Eminem's song of the same title which was teased on 5/30/2024. SZA has confirmed this song is not intended for inclusion on any project.

SZA via Instagram post (5/30/2024):
""U ever just cover Eminem on some tender shit for feels? (Not on a project Just for mental health🧘🏾 )""",?:??,,"May 30, 2024",Partial,High Quality,https://pillows.su/f/b1cca0c6575fe58068c5f5d8436a88f7
LANA [V2],"Take U Down [V1]
(prod. ThankGod4Cody & Dexter Suhn)
(Take You Down, Over Again, Community Dick)","OG Filename: Take U Down_WLD-1-2
Early mix of ""Take You Down"" which was teased on Twitter and Instagram by SZA on 3/12/2024. In SZA's Instagram Stories for 12/6/2024, she posted a whiteboard containing track titles for the deluxe, in which ""Take You Down"" is featured. The music video for this version of the song eventually leaked on 12/22/2024.

SZA via Instagram post (3/12/2024):
""Never fight over community D.""",2:38,,"Oct 22, 2024",Full,CD Quality,https://pillows.su/f/47188dc0325ac592e66d0c92062288b2
LANA [V2],"Wonderland [V2]
(Alice In Wonderland)","A throwaway from the Lana sessions which is likely directly related to the rumored ""Alice in Wonderland"" SOS scrap. Described to be an interlude. Title could be seen in a teased whiteboard on 12/6/2024.",N/A,,"Dec 6, 2024",Confirmed,Not Available,https://x.com/popbase/status/1865047964441252057
LANA [V2],"Work It [V3]
(Work, Was It Worth It?)","The song title could be seen on a whiteboard teased in SZA's Instagram Stories on 12/6/2024, indicating the possible existence of a new mix.",?:??,,"Dec 6, 2024",Confirmed,Not Available,https://x.com/popbase/status/1865047964441252057
LANA [V2],"🏅 Just Rush It
(Drill Me, I Think It's Time)","Recorded in 2024 and is described to contain partial mumble. Snippet leaked on 11/2/2025. Original tagged snippet surfaced a day later. Has slight similarities to the ""Prom"" instrumental, likely being produced by Carter Lang. Another snippet leaked from a different seller on 1/22/2026.",?:??,,"Jan 22, 2026",Snippet,CD Quality,"https://pillows.su/f/e794c60feeaa5c0b8f8ea62411a97c72
https://pillows.su/f/cca944b3e5a54aa28382143d3b8918de"
LANA [V2],"???
(Do What's Right)","Unknown 2024 song. Snippet leaked on May 16, 2026.",?:??,,"May 16, 2026",Snippet,CD Quality,https://pillows.su/f/20424c316eb695757597d34f0e56b9dc
LANA [V2],???,"Unknown song presumably from LANA. Snippet leaked on June 24, 2026.",?:??,,"Jun 24, 2026",Snippet,CD Quality,https://pillows.su/f/a383c2c502a15ed1cc81f38c52be29cb
LANA [V2],"??? [V2]
(prod. Jay Versace)
(Off The Record, Ms. Never Miss)","Has no sample reverb. Snippet leaked on May 16, 2026.",?:??,,"May 16, 2026",Snippet,CD Quality,https://pillows.su/f/32ec189091a19641ce90d70623bccdfc
LANA [V2],"??? [V3]
(prod. Jay Versace)
(Off The Record, Ms. Never Miss)",Version with different vocal mixing.,?:??,,"Apr 4, 2026",Partial,High Quality,https://pillows.su/f/6f75cc6ca9409ff87c1d909e30715f7a
LANA [V2],"🏅 ??? [V4]
(prod. Jay Versace)
(Off The Record, Ms. Never Miss)","On 1/6/2024, SZA posted a high quality, extended snippet of a song previously teased in 2020. She confirmed the song not to be included in the expansion of LANA. The key of the instrumental was shifted. This was likely intended to be the original teaser for Lana before the one containing ""Kitchen"" as it had her in the same outfit in both teasers.

SZA via Instagram post (1/6/2025):
""Drove by ur funeral just to piss in the ditch . I'm not remiss .""",?:??,,"Jan 6, 2025",Partial,High Quality,https://pillows.su/f/bb95cb4309d7f5d4e530fc36d4394f6e
LANA [V2],"Kendrick Lamar - ???
(prod. Sounwave)
(Luther)","According to Sounwave, not all of the GNX tracks were initially intended to be full songs. ""Luther,"" started off as an interlude and took shape with help from the songwriter Ink. ""There were no drums. It was literally me chopping the sample and Dot just humming melodies. We had the sample in the tuck forever, we just never could crack it. But once he hit this one specific melody, I knew that this had to be bigger.""",?:??,,"Dec 15, 2025",Confirmed,Not Available,https://www.msn.com/en-us/music/news/how-kendrick-lamar-tapped-into-the-spirit-of-la-to-make-gnx/ar-AA1SnVVS?ocid=BingNewsVerp
LANA [V2],"ThankGod4Cody - I Choose Me [V1]
(feat. SZA) (prod. ThankGod4Cody)","Contains different production and is said to have an open verse by a seller. Snippet leaked on July 25, 2026.",?:??,,"Jul 25, 2026",Snippet,CD Quality,https://pillows.su/f/28aca50381c76000be8e8244c4c31ae8
LANA [V2],"🏅 ThankGod4Cody - I Choose Me [V2]
(feat. SZA & Yukimi) (prod. ThankGod4Cody)","Collaboration between ThankGod4Cody, SZA, and Little Dragon's Yukimi Nagano. A snippet of the song was posted to ThankGod4Cody's Instagram Story on 9/25/2024. The song is intended for Cody's album Graceland. Another snippet was leaked on June 8, 2026, in which the seller stated it is a finished song.",4:25,,"Jun 8, 2026",Snippet,CD Quality,"https://pillows.su/f/8d99b9e2a733e0fa5090588d2a0bc90d
https://pillows.su/f/21121154e676603f80662451f5e1f5e3"
"0 OG File(s)
1 Full
0 Tagged
12 Partial
10 Snippet(s)
28 Unavailable",LP3 / LP4,,,,,,,
LP3 / LP4,"30 For 30 (Remix)
(I Like It, Treat Me Better, That's The Way I Like It)","OG Filename: 01 30 FOR 30 - 020626
Unknown remix of the song that was seen in someone's messages with SZA.",?:??,"Feb 6, 2026","Feb 8, 2026",Confirmed,Not Available,https://x.com/pseudeauriche/status/2020632290897072335?s=46
LP3 / LP4,Burgers,"OG Filename: Burgers (9.10.25)
Filename and some lyrics were shown in an Instagram post on the ""notmusicatalliswear"" account. In an interview with GQ magazine, SZA confirmed that the track will be released ""in some form soon"" alongside other unreleased tracks ""Burgers"" and ""Passenger Princess.""

SZA via Instagram comment (9/11/2025):
""“Baby ..Will you go get burgers with meeeeeeee it’s not a date just a casual way to sayy -I want youuuuu I want youuuu I want youuuuu”""",~4:00,"Sep 10, 2025","Sep 11, 2025",Confirmed,Not Available,https://www.instagram.com/notmusicatalliswear/p/DOdSZh6FLGu/
LP3 / LP4,Choice,"Unknown .m4a file seen on the desktop of a studio SZA frequents, along with other miscellaneous files.",N/A,,"Dec 9, 2025",Rumored,Not Available,N/A
LP3 / LP4,"I Think About It [V1]
(prod. Michael Uzowuru & Sean Matsukawa)
(Sometimes)",Confirmed to exist by the filename below.,?:??,,"Sep 5, 2025",Confirmed,Not Available,https://ibb.co/JW8zLx5V
LP3 / LP4,"🏆 I Think About It [V2]
(prod. Michael Uzowuru & Sean Matsukawa)
(Sometimes)","Partial OG Filename: I Think About It ([...] v2)
Song teased on the ""notmusicatalliswear"" spam account on 9/5/2025. The original minute-long snippet was deleted for unknown reasons, reposted under a shorter duration, then deleted again. Song is a little bit over two minutes in duration as seen in the snippet. Filename was partially revealed.

SZA via Instagram post (9/5/2025):
""I think about it I miss u sometimes .. think about it make me sick sometimes .""",?:??,,"Sep 5, 2025",Partial,Recording,https://pillows.su/f/f29a064294c5d478d34a5801e12df170
LP3 / LP4,"I Think About It [V3]
(prod. Michael Uzowuru & Sean Matsukawa)
(Sometimes)","Assumed to be a later version since the time corresponds with other Instagram posts Michael Uzowuru made of SZA recording vocals. The song pitch was lowered slightly and BPM was changed to 91.

SZA via Instagram post (9/6/2025):
""""Tho I walk through the valley .. God says those guns can't touch me""""",?:??,,"Sep 6, 2025",Partial,Recording,https://pillows.su/f/c1ec83f60a0ca7c88617a7c257f55b51
LP3 / LP4,"I Think About It [V4]
(feat. Steve Lacy) (prod. Michael Uzowuru, Sean Matsukawa & Steve Lacy)
(Sometimes)","Version featuring Steve Lacy. Possibly exists due to him being in the same studio session for ""I Think About It"" as SZA, Michael Uzowuru, and Sean Matsukawa.",?:??,,"Sep 6, 2025",Rumored,Not Available,N/A
LP3 / LP4,"I Think About It [V5]
(prod. Michael Uzowuru, Sean Matsukawa & Steve Lacy)
(Sometimes)","Version teased on 9/11/2025. A string instrument was added to the final chorus, and the tempo was restored to its original value.

SZA via Instagram (9/11/2025):
""Yes""",?:??,,"Sep 11, 2025",Snippet,Recording,https://pillows.su/f/62098d5e7b5df9500f4b20c0710516ee
LP3 / LP4,Iris [V1],"Cover of ""Iris"" by The Goo Goo Dolls. Has a glitter trap instrumental reminiscent of her EP S. Snippets teased on March 15, 2026.

SZA via Instagram (3/15/2026):
""Goo goo dolls but not really lol""
""Omg I didn’t know I left my meditation on in the back ground AHAHHA okay wait no fr this the crunchy goo goo dolls my brain so fried help me I been flying l day""",?:??,,"Mar 15, 2026",Partial,High Quality,https://pillows.su/f/3dcbdb00ec2c8428ee289a4740dc307a
LP3 / LP4,Iris [V2],"OG Filename: 05b Iris 031826
Later version with a second verse. Snippet teased on March 18, 2026.

SZA via Instagram (3/19/2026):
""second verse does exist""",?:??,"Mar 18, 2026","Mar 19, 2026",Partial,High Quality,https://pillows.su/f/dede8cedc54c89cf628ed4b1e5e56421
LP3 / LP4,"Kill Bill (Orchestral Remix)
(Murder Them, Igloo)","OG Filename: 01 KILL BILL ORCH - 020626
Orchestral remix of the song seen in someone's messages with SZA.",?:??,"Feb 6, 2026","Feb 8, 2026",Confirmed,Not Available,https://x.com/pseudeauriche/status/2020632290897072335?s=46
LP3 / LP4,"Kill Bill (Bossa Nova Remix)
(Murder Them, Igloo)","OG Filename: 01 KILL BILL BOSSA - 020626
Bossa nova remix of the song seen in someone's messages with SZA.",?:??,"Feb 6, 2026","Feb 8, 2026",Confirmed,Not Available,https://x.com/pseudeauriche/status/2020632290897072335?s=46
LP3 / LP4,"🏅 Lil Yea
(prod. Michael Uzowuru)","OG Filename: Lil Yea (8.23.25)
Partially posted to the ""notmusicatalliswear"" Instagram account on 8/26/2025. Filename revealed in the same post it was teased in.",~2:00,"Aug 23, 2025","Aug 26, 2025",Snippet,Recording,https://pillows.su/f/7e97e3b1df3eca95577db5691ed34a45
LP3 / LP4,"luther
(I Love It, For Me)","OG Filename: 01 LUTHER - 020626
Acoustic remix of the song which was teased on 2/6/2026. Contains new SZA vocals and only synths as the production, likely done by Michael Uzowuru. In an Instagram comment, she confirmed it is only her vocals on the song (with Kendrick's backgrounds).

SZA via Instagram (2/6/2026):
""Love it when ya c for me .""",?:??,"Feb 6, 2026","Feb 6, 2026",Snippet,High Quality,"https://pillows.su/f/00bda65b1b6247fb065bf2cdccf02e77
https://pillows.su/f/1cbf6c99b7bbad1dad2ca888634b5481"
LP3 / LP4,"Passenger Princess
(prod. Michael Uzowuru)
(Passenger Seat)","OG Filename: Passenger Princess (8.19.25)
Filename shown on the ""notmusicatalliswear"" Instagram account. SZA described it to be a joke song that actually sounds good. The name was picked out of a hat which contained other unknown ideas. In an interview with GQ magazine, SZA confirmed that the track will be released ""in some form soon"" alongside other unreleased tracks ""Burgers"" and ""Yearner"".

SZA via Instagram post (8/19/2025):
""Picked a topic out of a hat , made a joke as a song ..it actually went crazy lol""",2:42,"Aug 19, 2025","Aug 19, 2025",Confirmed,Not Available,https://www.instagram.com/p/DNiFlpNRrZL/
LP3 / LP4,Tenderize Me,"OG Filename: Tenderize Me (ct - 9.10.25)
Filename shown in an Instagram post on the ""notmusicatalliswear"" Instagram account.

SZA via Instagram post (9/11/2025):
""Tn was nice.. meat on the brain""",~2:00,"Sep 10, 2025","Sep 11, 2025",Confirmed,Not Available,https://www.instagram.com/notmusicatalliswear/p/DOdSZh6FLGu/
LP3 / LP4,"???
(Poison)","Snippet teased on March 21, 2026.

SZA via Instagram (3/21/2026):
""It’s fine the way it is .""",?:??,,"Mar 21, 2026",Snippet,Recording,https://pillows.su/f/49f9ed596757e44f4294d23369df40e7
LP3 / LP4,???,"A visual and Pro Tools session were previewed. Unknown if this is for tour rehearsals or the album. Teased on April 4, 2026.

SZA via Instagram (4/4/2026):
""Brooklyn bound""",N/A,,"Apr 4, 2026",Confirmed,Not Available,https://www.instagram.com/p/DWsm24mF_K9YMY0ERR5yFs7uAkMapKHWSM5Xt40/
LP3 / LP4,"The Insect Song
(with Will Parker)","A children's song which was registered in the ASCAP music repertory at an unknown date. It was likely made after LANA considering SZA mentioned she wanted to pursue her goal of writing children's music after the deluxe released. It was written by SZA, Will Parker, and Gabriel S. Hardeman Jr. Recognized on 2/18/2025.",N/A,,"Feb 18, 2025",Confirmed,Not Available,https://www.ascap.com/ace#/ace/search/workID/892974320
LP3 / LP4,"🏆 Yearner
(prod. Steve Lacy)","OG Filename: Yearner (8.20.25)
Filename shown on the ""notmusicatalliswear"" Instagram account. Lyrics were teased a day prior, likely after the song was recorded. A snippet was shared on 9/3/2025. In an interview with GQ magazine, SZA confirmed that the track will be released “in some form soon” alongside other unreleased tracks “Burgers” & “Passenger Princess”. Guitarist confirmed to be Steve Lacy.

SZA via Instagram Stories (8/20/2025):
""""Imma yearner baby .. lemme learn u baby""""",~2:00,"Aug 20, 2025","Sep 3, 2025",Snippet,Recording,https://pillows.su/f/5001ea4f9d3089058d8bb77261951070
LP3 / LP4,"???
(A Song for You)","An instrumental teased in SZA's Instagram Stories on 3/5/2025. It is likely intended for SZA3. This is the first snippet she has teased since she stated she wouldn't be sharing snippets anymore. Samples ""A Song for You"" by Donny Hathaway.",?:??,,"Mar 5, 2025",Snippet,Recording,https://pillows.su/f/a8ca490a12d36d331c14e3004f35590e
LP3 / LP4,"???
(prod. Steve Lacy)
(Camp Freestyle, I Wanna Go, 4/5)","A freestyle that was partially teased by SZA on the ""notmusicatalliswear"" Instagram account on 12/6/2025. The lyrics were also shared in the post. Confirmed in an Instagram comment to be produced by Steve Lacy.

SZA via Instagram post (12/6/2025):
""Camp freestyles 🥲:
We hiked ten miles but I’m not tired cause I’m with you . We set up camp I pitched the tent cause I’m quicker . Way to kill a Saturday . What could be more delightful babe . So glad we missed the matinee.. can’t swim cool ill teach you its a land slide … you and I . Cells divide .. here this 4/5 (⛺️) .. just you and I .. 4/5 .. you and.. I don’t go . 

Baby ..
Can you please come camping w me ..
So much for you see besides nature 
Baby .
Can you please go camping w me 
Tent could be mansion lemme take ya .""",?:??,,"Dec 6, 2025",Partial,Recording,https://pillows.su/f/81c1fa6ea37b6b4b7ff6d39e74514acf
LP3 / LP4,"???
(prod. Micheal Uzowuru)
(Cycles, Baby Boy, My House)","Song partially posted to SZA's alternate account on Instagram ""notmusicatalliswear"" on 8/18/2025. Samples an excerpt from the 2001 film ""Baby Boy"" by John Singleton.",?:??,,"Aug 18, 2025",Partial,High Quality,https://pillows.su/f/d05e6e2035344ccc02b3ccab34e501eb
LP3 / LP4,"???
(Don't Look Down)","Partially teased in a post on the ""notmusicatalliswear"" Instagram account.",?:??,,"Oct 15, 2025",Partial,Recording,https://pillows.su/f/8cfd8d255f4b9113439da34c53594d81
LP3 / LP4,"???
(Jewboyjacob Sample)","An instrumental likely intended for SZA3 which was teased in SZA's Instagram Stories on 3/5/2025. She could be seen with a microphone in her hand and mumbled vocals quietly for a brief moment. Samples Jewboyjacob's cover of ""Or What"" by NLE Choppa.

SZA via Instagram Stories (3/5/2025):
""Therapy .""",?:??,,"Mar 5, 2025",Snippet,Recording,https://pillows.su/f/bdc99dff37c18ffa52f770741183da47
LP3 / LP4,"???
(Kadanakuthuhalam Thillana Sample)","While on her excursion in India, SZA recorded a class performing their rendition of ""Kadanakuthuhalam Thillana"" and posted it to Instagram on 1/26/2025. She confirmed that she asked for permission to sample it and sent the audio to her production team. It is unknown if a song related to this was recorded. The attached link is the audio from the Instagram post.

SZA via Instagram post (1/26/2025):
""[...] This audio is IT 🙏🏾( yes I've already asked to sample it and sent it to production gang 😭)""",N/A,,"Jan 26, 2025",Confirmed,Not Available,"https://www.instagram.com/reel/DFTq8bPS4EZ
https://pillows.su/f/57012631a9e42540875c5e71d49cb593"
LP3 / LP4,"🏆 ???
(prod. Michael Uzowuru)
(Terrapin Freestyle, Juna Freestyle, Sex and The City Freestyle)","A freestyle teased in SZA's Instagram Stories on 11/16/2024. Samples ""Terrapin"" by Clairo. This song could have possibly been recorded for the SZA3 sessions due to the production style.

SZA via Instagram Stories (11/16/2024):
""Late night freestyles n gibberish""",?:??,,"Nov 16, 2024",Partial,Recording,https://pillows.su/f/dfbf6e1833fc7e0d04dc42977cc7f759
LP3 / LP4,"⭐️ ???
(prod. Micheal Uzowuru)
(Let You Know, Lucky, You Ain't the Man)","Song posted to SZA's alternate account on Instagram ""notmusicatalliswear"" on 8/16/2025.",2:30,,"Aug 16, 2025",Full,High Quality,https://pillows.su/f/7e3d4cb95b600ec3827324f35fb714c6
LP3 / LP4,"🏅 ???
(prod. Michael Uzowuru)
(Mario Kart, The One)","Song posted to SZA's alternate account on Instagram ""notmusicatalliswear"" on 8/16/2025. Snippet was later deleted and reuploaded with a trimmed runtime.",?:??,,"Aug 16, 2025",Partial,Recording,https://pillows.su/f/f7be44cc5c2cbb19c95deaa0754e1a91
LP3 / LP4,"???
(Still Yours, One More Time)","Some lyrics share a similar melody with the untitled ""Camp Freestyle"" snippet. Recorded in New York the night before it was teased. Snippet teased on April 13, 2026.

SZA via Instagram (4/13/2026):
""When u tryna hit one last time""",?:??,"Apr 12, 2026","Apr 13, 2026",Partial,Recording,https://pillows.su/f/9fc1c7ef23599e31875a176c09ceab2d
LP3 / LP4,"???
(Your Fault)","Snippet posted to the ""notmusicatalliswear"" account on 9/11/2025 before being subsequently deleted. Resurfaced on 9/15/2025.",?:??,,"Sep 11, 2025",Snippet,Recording,https://pillows.su/f/fea5a57c16f581f4eb6aa80d50471921
LP3 / LP4,"???
(with Clairo)","Clairo and SZA were in a studio session together, per SZA's Instagram story from June 3, 2026.

SZA via Instagram (6/3/2026):
""@clairo ✨👼🏻""",N/A,,"Jun 3, 2026",Confirmed,Not Available,https://imgur.gg/f/Dq2S2iS
LP3 / LP4,???,"Instrumental snippet teased on 8/17/2025, likely a sample being experimented with from the repeated pausing.",?:??,,"Aug 17, 2025",Snippet,Recording,https://pillows.su/f/0ddc0cd6a1bed5bb51a02bf2cd7b91dc
LP3 / LP4,???,It was confirmed on 7/18/2025 that new music would be arriving before the LANA solo tour begins. It's unknown what quantity will be produced.,N/A,,"Jul 18, 2025",Confirmed,Not Available,https://www.instagram.com/reel/DMQ3MN7hgLf/
LP3 / LP4,???,"SZA via Instagram comment (6/23/2025):
""I made a beat out of one of ur last posted riffs . When I sing over it imma send it to you and if you like it .. only if you like it . We can chat n build n move forward ? ❤️""",N/A,,"Jun 23, 2025",Confirmed,Not Available,https://www.instagram.com/reel/DLQZgmuxx88/
LP3 / LP4,???,Unknown sessions recorded on 8/8/2025.,N/A,"Aug 8, 2025","Aug 8, 2025",Confirmed,Not Available,https://pixeldrain.com/u/UzBFM5Rk
LP3 / LP4,???,Unknown sessions recorded on 8/9/2025.,N/A,"Aug 9, 2025","Aug 9, 2025",Confirmed,Not Available,https://pixeldrain.com/u/qWteW6ME
LP3 / LP4,???,Unknown sessions recorded on 8/10/2025.,N/A,"Aug 10, 2025","Aug 10, 2025",Confirmed,Not Available,https://pixeldrain.com/u/qbPMGV4a
LP3 / LP4,"Unknown [Cardi B Collaborations]
(Only Time Will Tell)","In Cardi B's official Instagram channel, the BG Secret Society, she sent a message which reads ""Only time will tell 😂"" on 4/15/2025. SZA followed this up in Twitter with an identical tweet on 4/22/2025 which reads ""ONLY TIME WILL TELL 🙂‍↕️"" which is indicative of a possible collaboration.

SZA via Twitter (4/22/2025):
""ONLY TIME WILL TELL 🙂‍↕️""",N/A,,"Apr 22, 2025",Confirmed,Not Available,N/A
LP3 / LP4,Unknown [Chappell Roan Collaborations],"On the CALL HER DADDY episode for 3/26/2025, when Chappell Roan is asked who her dream collaborator is, she answers ""SZA,"" and SZA mutually shares that desire to collaborate as the captions for her Instagram Stories shows.

SZA via Instagram Stories (3/26/2025):
""actually didn't believe this quote when I saw it written til I saw it come out her mouth jus now CAUSE DEAD ASS SAME 😭""
""✨pls we must  🥹✨✨""",N/A,,"Mar 26, 2025",Rumored,Not Available,N/A
LP3 / LP4,Unknown [Mariah Carey Collaborations],"On 9/20/2025, SZA added an image to her Instagram Stories which contained a vase of flowers and a note which reads: ""9.24.25. See you soon... XX MC"". Mariah Carey also added an image to her Instagram Stories of a vase of flowers sent by SZA alongside a message stating she's ""so grateful for the love"" Mariah had sent her. This was also promoted on Apple Music's Instagram Stories, accompanied by a ""👀"" emoji.",N/A,,"Sep 20, 2025",Confirmed,Not Available,"https://ibb.co/5hVjQL6r
https://ibb.co/p6S8pMtM
https://ibb.co/tTRhSXfN"
LP3 / LP4,Unknown [MoRuf Collaborations],"A screenshot between MoRuf and SZA was posted on the latter's alternate Instagram account ""notmusicatalliswear."" PT Cruiser has also been taken down from select platforms on July 21, 2025, so it could possibly be releasing sometime soon.",N/A,,"Aug 18, 2025",Confirmed,Not Available,N/A
LP3 / LP4,Unknown [Playboi Carti Collaborations],"On 5/2/2025, Playboi Carti made an addition to his Instagram Stories which contained a screenshot of him on a FaceTime call with SZA. No caption was provided.",N/A,,"May 2, 2025",Rumored,Not Available,https://pixeldrain.com/u/yndQZKh8
LP3 / LP4,"Unknown [Steve Lacy Collaborations]
(prod. Steve Lacy)","Michael Uzowuru created a new post on the ""yellowcalipersssssss"" Instagram account on 9/6/2025, vaguely captioned ""pick the opposite"" accompanied by an image of the back of two peoples heads. One was confirmed to be Steve Lacy as he included the post in his Instagram Stories. This could possibly be for ""I Think About It"" since SZA could be seen recording on the same day.

Micheal Uzowuru via Instagram (9/6/2025):
""pick the opposite""",N/A,,"Sep 6, 2025",Confirmed,Not Available,https://www.instagram.com/yellowcalipersssssss/p/DOQAQ4FDqRo/
LP3 / LP4,Unknown [Taylor Swift Collaborations],"While on The Jennifer Hudson Show on 3/21/2025, SZA revealed that her and Taylor Swift have communicated with each other about writing songs together and that she was ""open to it."" It is unknown what songs were written and/or recorded.",N/A,,"Mar 21, 2025",Rumored,Not Available,N/A
LP3 / LP4,"Cardi B - ???
(feat. SZA)","Following the announcement of Cardi B's upcoming sophomore album, AM I THE DRAMA?, SZA commented on the Instagram post saying: ""Lemme send this verse chile.""",?:??,,"Jun 23, 2025",Confirmed,Not Available,N/A
LP3 / LP4,"Justin Bieber - YUKON (Remix)
(feat. SZA) (prod. Sir Dylan, Carter Lang, Daniel Chetrit & ​Dijon)","OG Filename: Yukon Remix 080925
Filename shown in a post on the ""notmusicatalliswear"" Instagram account. A snippet was teased on 11/30/2025.",2:55,"Aug 9, 2025","Nov 30, 2025",Snippet,Recording,https://pillows.su/f/4fbcab99c50c71ca4d3e445a6b4537f8
LP3 / LP4,"Lizzo - IRL I LOVE YA [V1]
(feat. SZA) (prod. Ricky Reed, RicandThadeus, Don Kevo & Pop Wansel)
(IRL, Party People, Only Ones)","SZA shared a snippet of a verse she recorded for a collaboration with Lizzo in her Instagram Stories on 6/20/2025. Contains background vocals from SZA in the final chorus which were removed in the released version.

SZA via Instagram Stories (6/20/2025):
""Lil after dinner session. Anything for my Lizzy @lizzobeeating 🫀""
""'Tiger paw dat p**sy so Jet Li' 🥷🏿🥋😂""
""Working on a guest star for bookie @lizzobeeating's new mixtape 🫀""",?:??,,"Jun 20, 2025",Partial,Recording,https://pillows.su/f/ffda7e063dd49694755b3389ac8429e2
LP3 / LP4,"Lizzo - IRL I LOVE YA [V2]
(feat. SZA) (prod. Ricky Reed, RicandThadeus, Don Kevo & Pop Wansel)
(IRL, Party People, Only Ones)","One of SZA's lines were changed from ""Tiger paw that pussy, so Jet Li"" to ""Tiger paw and grip it, so Jet Li"". Snippet shared to Lizzo's TikTok account in which the song title was revealed.

SZA via Instagram Stories (6/20/2025):
""@lizzobeeating says grip > p**sy lol I'm indifferent""",?:??,,"Jun 20, 2025",Partial,High Quality,"https://pillows.su/f/b4eae5262be459bfc0a5810ab590a90a
https://pillows.su/f/c5dd91614626de2e2985327b0deff70b"
LP3 / LP4,??? - Off the Wall [V1],"OG Filename: Off the Wall_1A
Filename shown on the ""notmusicatalliswear"" Instagram account. It belongs to an unknown male artist, and this file likely only contains opens for SZA, though structure is unknown.",N/A,Aug 2025,"Aug 26, 2025",Confirmed,Not Available,https://ibb.co/0ptbG5XQ
LP3 / LP4,"??? - Off the Wall [V2]
(feat. SZA)",Version with vocals from SZA. Unknown when or if it will be recorded.,N/A,,"Aug 26, 2025",Rumored,Not Available,N/A
