"Era","Name","Notes","Length","Release Date","Type","Streaming","Link(s)"
"0 EP Track(s)
6 Single(s)
2 Feature(s)
0 Music Video(s)
0 Production
0 Other","","OG File Available | OG File Unavailable (Apr 11, 2000) (Kenyatta Lee Bettis Frazier Jr. is born in Atlanta)
(2019) (Ken Carson meets Playboi Carti and joins Opium*®)","","","","",""
"Before Boy Barbie","Reese LAFLARE - Bad Boys 3
(feat. Ken Carson & Blaze Servin) (prod. Pyrex & CHASETHEMONEY)","A single released by Reese LAFLARE during May 2019.","3:03","May 1, 2019","Feature","No","https://lastshare.org/share/B83EGIgDsmA4DKN
https://soundcloud.com/reeseswagod/bad-boys-3-feat-blaze-servin-ken-carson-prod-by-pyrex-and-chasethemoney?si=6094a68a6fbe40edb9047c08dcdbafea&utm_source=clipboard&utm_medium=text&utm_campaign=social_sharing"
"Before Boy Barbie","Lite Fortunato - Danny Phantom
(feat. Ken Carson) (prod. outtatown)","Track 6 on Fatal Attraction.","1:55","Sep 14, 2018","Feature","Yes","https://lastshare.org/share/EmXGvprn1r2uCIP
https://open.spotify.com/track/2lOMj6dBqU13JOS5OglScH
https://music.apple.com/ca/song/danny-phantom-feat-ken-car%24on/1434801137"
"Before Boy Barbie","Fall Back
(with Young Sizzle & Southside) (prod. DY Krazy & Paxquiao)","Collaboration with Young Sizzle released through Southside's SoundCloud page on June 1st, 2018.","2:23","Jun 1, 2018","Single","No","https://lastshare.org/share/lbwXLgXR1UgulJh
https://soundcloud.com/southside808mafia/young-sizzle-kencaron-fall-back-prod-dy-paxquiao?in=e-edjit/sets/trap"
"Before Boy Barbie","⭐ Fan Behavior
(feat. Young Jordan) (prod. Yoga Flame)","Originally track 4 to Ken Car$on’s original Boy Barbie project. Scrapped when Ken signed to Playboi Carti’s Atlanta label Opium*.","2:54","Feb 25, 2018","Single","No","https://lastshare.org/share/y4c0WvK7mHGijCB
https://soundcloud.com/opiumarchiver/ken-carson-fan-behavior-feat-young-jordan"
"Before Boy Barbie","⭐ Fold
(prod. Richie Souf)","Track 3 on VFILES LOUD (Vol. 2: Fake I.D.) from V Files. The earliest song Ken Carson has on streaming on his page.","2:00","Nov 30, 2018","Single","Yes","https://lastshare.org/share/cJg2WthLI0IUSUd
https://open.spotify.com/track/0XYTwge3I57qw6bj6zXBUO
https://music.apple.com/us/album/fold-single/1442730615"
"Before Boy Barbie","free dro
(feat. Reese LAFLARE) (prod. MexikoDro)","OG Filename: Reese LaFlare X Ken Carson- Free Dro
The first song posted to Ken Carson’s new official SoundCloud page.","2:28","Sep 4, 2019","Single","No","https://lastshare.org/s/fg3G8q2MakbjRxd
https://soundcloud.com/kencarson/free-dro-ft-reese-la-flare-prod-by-mexikodro"
"Before Boy Barbie","Otto Rocket
(with Reese LAFLARE) (prod. Di$)","OG Filename: Reese LaFlare X Ken Carson- Otto Rocket
Collaboration with Reese LAFLARE released sometime in 2018, the date is unconfirmed.","1:59","","Single","No","https://lastshare.org/share/2Zn70HF8BEDRzHg
https://soundcloud.com/ken-carson-005/otto-rocket-feat-reese-laflare"
"Before Boy Barbie","yves saint laurent
(with Warhol.SS) (prod. Wheezy & TM88)
(All Season)","OG Filename: KEN CARSON - ALL SEASON
Song released on July 13th, 2018.","1:55","Jul 13, 2018","Single","No","https://lastshare.org/s/AVdjWQpKSCN2vdm
https://soundcloud.com/user-445046906/warhol-ss-ken-carson-yves?si=c583405da0844a9fa24009d057a097b2&utm_source=clipboard&utm_medium=text&utm_campaign=social_sharing"
"6 EP Track(s)
1 Single(s)
0 Feature(s)
0 Music Video(s)
0 Production
0 Other","","(2019) (Ken Carson meets Playboi Carti and joins Opium®)
(May 12, 2020) (Boy Barbie is released)","","","","",""
"Boy Barbie","Gold Medal
(feat. Internation Jefe & Lil Unky) (prod. Lil 88)","OG Filename: JEFE X KEN 1 - GOLD MEDAL
Track 1 on Boy Barbie.","2:18","May 12, 2020","EP Track","Yes","https://open.spotify.com/track/7w1vbQ4yP8BPW1hbngsEly?si=84123166a2994972"
"Boy Barbie","Geeked Up
(prod. Based TJ)","Track 2 on Boy Barbie.","1:43","May 12, 2020","EP Track","Yes","https://open.spotify.com/track/6MEvdgFV9t2k6LqsAAUDHU?si=a2c0606079a040db"
"Boy Barbie","What You Know
(feat. Lancey Foux) (prod. Lil 88, DJ Moon, & Crash Dummy)","OG Filename: ken x lancey foux - what you know
Track 3 on Boy Barbie.","2:21","May 12, 2020","EP Track","Yes","https://open.spotify.com/track/2EQacdp8Z34aEKea48XG7H?si=a47bde0d6a5f4a52"
"Boy Barbie","Pink Panther
(feat. Lancey Foux) (prod. Richie Souf)","OG Filename: Lancey x Ken - 1 (prod richie)
Track 4 on Boy Barbie.","3:00","May 12, 2020","EP Track","Yes","https://open.spotify.com/track/5ElLprdFdLrpzSRtE03HnE?si=d9e433f94588400c"
"Boy Barbie","⭐ Flexing
(feat. Lil Yachty) (prod. Einthismf)","OG Filename: FLEXIN - BOAT VERSE
Track 5 on Boy Barbie. Released as a SoundCloud exclusive.","2:21","May 12, 2020","EP Track","No","https://lastshare.org/share/f1QURAtQm785UpZ
https://soundcloud.com/kencarson/flexing-ft-lil-yachty?si=235b7043a41f4e50b8ad40ddcf1bbaad&utm_source=clipboard&utm_medium=text&utm_campaign=social_sharing"
"Boy Barbie","Moshpit
(prod. Lil 88)","OG Filename: Ken Car$on - Moshpit PT 2
Track 6 on Boy Barbie.","2:04","May 12, 2020","EP Track","Yes","https://open.spotify.com/track/1FZ8VT7Y0VbZtx62x0Tnzx?si=560a40309fb14c35"
"Boy Barbie","spaced out
(feat. International Jefe)","OG Filename: Ken x international jefe - spaced out
Collaboration with International Jefe released on Ken Carson's SoundCloud.","2:16","Feb 22, 2020","Single","No","https://lastshare.org/share/ML63yspOu207WFk
https://soundcloud.com/kencarson/spaced-out-w-international?in=ckthagoat/sets/ken"
"6 EP Track(s)
3 Single(s)
0 Feature(s)
2 Music Video(s)
0 Production
0 Other","","(May 12, 2020) (Boy Barbie is released)
(Aug 14, 2020) (Teen X is released)","","","","",""
"Teen X","Teen X
(prod. Juberlee & Roark Bailey)","OG Filename: ken carson - teen x roughmaster
Track 1 on Teen X.","2:01","Aug 14, 2020","EP Track","Yes","https://open.spotify.com/track/5HfzHLzYEJI8mMmq1WNWth?si=fe819fc9fc90415a"
"Teen X","⭐ Yale
(prod. starboy & outtatown)
(Knowledge)","OG Filename: ken carson - yale rough mix v1
Track 2 on Teen X.","1:46","Aug 14, 2020","EP Track","Yes","https://open.spotify.com/track/0HTIrbUwwFn984RzVZm5Fk?si=0e0d295bb654447e"
"Teen X","Meds
(prod. starboy & outtatown)","OG Filename: MOON KEN BARSON 4 open
Track 3 on Teen X.","2:32","Aug 14, 2020","EP Track","Yes","https://open.spotify.com/track/19ehxAsGhkp3ibb4bsPj5y?si=adb8eb2df9af44a0"
"Teen X","Why
(prod. ​starboy)","OG Filename: Ken Carson - Why Master v2.0
Track 4 on Teen X.","1:45","Aug 14, 2020","EP Track","Yes","https://open.spotify.com/track/6ALDTINxlHOp96KoLWYvqK?si=cf493c7dc7e74c9d"
"Teen X","⭐ For Her
(prod. Richie Souf)","OG Filename: KEN KAPO FLEX
Track 5 on Teen X.","2:10","Aug 14, 2020","EP Track","Yes","https://open.spotify.com/track/1boPA8JHUeMnb8yLcGxxCG?si=d3a6345a641141f8"
"Teen X","⭐ Pissed Off
(prod. ​starboy & outtatown)","OG Filename: Ken Carson - Pissed Off Master
Track 6 on Teen X.","1:39","Aug 14, 2020","EP Track","Yes","https://open.spotify.com/track/3oFiO1MyubceRw2OheuKwJ?si=097cdb0031e34f25"
"Teen X","Came A Long Way
(prod. DiorWinterr, Juberlee, & Roark Bailey)","OG Filename: Came A Long way
A song released during August 2020","2:05","Aug 14, 2020","Single","No","https://pillows.su/f/2f80a2adfbb212edae0e13b993bd0b7c"
"Teen X","Gold Medal [Music Video]
(feat. Internation Jefe & Lil Unky) (prod. Lil 88)","Official music video for track 1 on Boy Barbie, Gold Medal.","2:14","Jun 4, 2020","Music Video","No","https://www.youtube.com/watch?v=QrYmk0pLBWM&list=PLW7tHg0F_-ku0ecKqs9HLIFl-1dyhj4Wn"
"Teen X","Green Bean
(feat. CAPOREE) (prod. Richie Souf)","Released on Ken's SoundCloud.","1:30","Jun 4, 2020","Single","No","https://soundcloud.com/kencarson/green-bean-ft-capo-dte?si=a510d578b2b647a8b2df7a4f55bdc862&utm_source=clipboard&utm_medium=text&utm_campaign=social_sharing"
"Teen X","Trip Wit Me
(prod. DJ Moon)
(Trip Wit Mi)","OG Filename: Ken Car$on- trip wit mi
A song released during August 2020","2:02","Aug 14, 2020","Single","No","https://pillows.su/f/b9e397d3d7901be9098d800c0a62e76d"
"Teen X","Yale [Music Video]
(prod. starboy & outtatown)
(Knowledge)","Official music video for track 2 on Teen X, Yale. The music video released alongside of the project Teen X.","1:46","Aug 14, 2020","Music Video","No","https://www.youtube.com/watch?v=kpuy4BEU644&list=PLW7tHg0F_-ku0ecKqs9HLIFl-1dyhj4Wn&index=2"
"6 Mixtape Track(s)
5 Single(s)
2 Feature(s)
0 Music Video(s)
1 Production
0 Other","","(Aug 14, 2020) (Teen X is released)
(Jan 20, 2021) (Lost Files is released)
[Download Tagged Compilation]","","","","",""
"Lost Files","opium
(prod. Einthismf & Lil 88)","OG Filename: KEN CARSON -1
Track 1 on Lost Files.","1:32","Jan 20, 2021","Mixtape Track","No","https://soundcloud.com/kencarson/opium?in=pjerrr-664704641/sets/ken-carson-lost-files&si=78445761b44945a1b08588b1a727962e&utm_source=clipboard&utm_medium=text&utm_campaign=social_sharing"
"Lost Files","no love
(prod. outtatown)
(Can't)","OG Filename: Can't - Ken Carson (Rough Mix)
Track 2 on Lost Files.","1:43","Jan 20, 2021","Mixtape Track","No","https://soundcloud.com/kencarson/no-love?in=pjerrr-664704641/sets/ken-carson-lost-files&si=e84631b837fa4885bdb53b98f6825f0d&utm_source=clipboard&utm_medium=text&utm_campaign=social_sharing"
"Lost Files","pose 2 do
(prod. outtatown, ​starboy, & Lil 88)
(Money)","OG Filename: Money - Ken Carson (Nay Rough
Track 3 on Lost Files.","1:44","Jan 20, 2021","Mixtape Track","No","https://soundcloud.com/kencarson/pose-2-do?in=pjerrr-664704641/sets/ken-carson-lost-files&si=297acf540c7b4b4e8437e0cfb16af874&utm_source=clipboard&utm_medium=text&utm_campaign=social_sharing"
"Lost Files","phenomenon
(prod. Lil 88)
(Anyone)","OG Filename: Anyone - Ken Carson 8-23-20 
Track 4 on Lost Files.","2:06","Jan 20, 2021","Mixtape Track","No","https://soundcloud.com/kencarson/phenomenon?in=pjerrr-664704641/sets/ken-carson-lost-files&si=b036c861c8fa4acda4d1764ae8ae0a97&utm_source=clipboard&utm_medium=text&utm_campaign=social_sharing"
"Lost Files","⭐ stuck
(feat. Lil Yachty) (prod. starboy)","OG Filename: KENBOAT 20201
Track 5 on Lost Files.","1:42","Jan 20, 2021","Mixtape Track","No","https://soundcloud.com/kencarson/stuck-ft-lil-yachty?in=pjerrr-664704641/sets/ken-carson-lost-files&si=b07062fb32674c0e990fbafbcf13f16c&utm_source=clipboard&utm_medium=text&utm_campaign=social_sharing"
"Lost Files","fuk shit
(prod. starboy & outtatown)
(Riot)","OG Filename: KEN CARSON - RIOT OPEN
Track 6 on Lost Files.","2:08","Jan 20, 2021","Mixtape Track","No","https://soundcloud.com/kencarson/fuk-shit?in=pjerrr-664704641/sets/ken-carson-lost-files&si=27e2f59d83d5404a87574e8b8ac0040c&utm_source=clipboard&utm_medium=text&utm_campaign=social_sharing"
"Lost Files","Playboi Carti - Beno!
(prod. Ken Carson, outtatown, & Lil 88)","Track 4 on Whole Lotta Red.
Produced by Ken Carson, Lil 88, and outtatown - notable for being the first known song Ken has production credits for with Carti.","2:33","Dec 25, 2020","Production","Yes","https://open.spotify.com/track/4CYTQpr2jc4uBScYvpEK2w?si=250d08b2bfab411a"
"Lost Files","⭐ Call Nobody
(feat. International Jefe) (prod. BL$$D & Myles Harris)","OG Filename: Ken Car$on & Jefe - Call Nobody
A song released during November 2020.","1:36","Nov 16, 2020","Single","No","https://pillows.su/f/ef60a70bb90096551aa6b2ffe98cf0c8"
"Lost Files","CAPOREE - CAPO
(feat. Ken Carson) (prod. DJ Moon)","A song released by CAPOREE during November 2020.","2:53","Nov 5, 2020","Feature","No","https://pillows.su/f/e13fa7061ed31068b13f07de5e3ab573"
"Lost Files","Glow
(prod. ​starboy, outtatown, & Lil 88)","OG Filename: Ken - Glow
A song released during November 2020.","1:24","Nov 15, 2020","Single","No","https://pillows.su/f/3d490bbed01a96ca1590372a51ebfce9"
"Lost Files","Load
(prod. DiorWinterr, Juberlee, & Roark Bailey)","OG Filename: MOON KEN BARSON 3 LOAD
A song released during November 2020.","2:05","Nov 14, 2020","Single","No","https://lastshare.org/s/gQekzOnJFX9g8ig"
"Lost Files","Missing
(prod. starboy, Jasper Harris, & KP Beatz)","OG Filename: Missing KP Ken Carson 1-12-21 V2
“Missing” is a throwaway from Ken Car$on’s third EP, Teen X : Relapsed. As with most of his other throwaways, it is hosted on Sickö’s SoundCloud. The song was previewed a week before its release.","1:59","Jan 19, 2021","Single","No","https://pillows.su/f/a56355a24773486aa64c1a66c4bde05d"
"Lost Files","Lil Unky - Netflix & Chill
(feat. Ken Carson) (prod. Richxxzno)","OG Filename: Ken Unky
Collaboration with Lil Unky released on December 16th, 2020.","2:30","Dec 16, 2020","Feature","Yes","https://open.spotify.com/track/5MU4BD3FMmq8zg9Tfu9Ytl?si=92be20bcecfe4ebe"
"Lost Files","TUMS
(feat. CAPOREE)","OG Filename: KEN KAPO TUMS
A song released during December 2020.","2:42","Dec 10, 2020","Single","No","https://pillows.su/f/157d71cdfd26db243a6d40c181561834"
"5 EP Track(s)
0 Single(s)
0 Feature(s)
1 Music Video(s)
0 Production
0 Other","","(Jan 20, 2021) (Lost Files is released)
(Jan 31, 2021) (Teen X : Relapsed is released)","","","","",""
"Teen X : Relapsed","⭐ Teen X Babe
(prod. Juberlee & Roark Bailey)","Track 1 on Teen X : Relapsed.","1:56","Jan 31, 2021","EP Track","Yes","https://open.spotify.com/track/1HYOCC0xTD7ym5oOmP5AKz?si=3bd77cc77d944b00"
"Teen X : Relapsed","⭐ Teenager Rager
(prod. starboy & outtatown)
(Moshpit)","OG Filename: Ken 3 Moshpit
Track 2 on Teen X : Relapsed.","1:44","Jan 31, 2021","EP Track","Yes","https://pillows.su/f/e98bc6816417b03758184693362b16a3
https://open.spotify.com/track/0MwOpzSByFjvmgjeY0It4a?si=14e145625c634116"
"Teen X : Relapsed","Butterfly
(prod. outtatown, Art Dealer & ​starboy)","Track 3 on Teen X : Relapsed.","2:24","Jan 31, 2021","EP Track","Yes","https://open.spotify.com/track/63SYg8jjwfAiipZnnICfHc?si=babe0eab6cce48bf"
"Teen X : Relapsed","⭐ High as Sh!T
(prod. starboy & outtatown)","OG FIlename: Ken Carson - High As Shit v2.4
Track 4 on Teen X : Relapsed.","1:33","Jan 31, 2021","EP Track","Yes","https://pillows.su/f/427036e735a96a73e7bde99cefd9ba73
https://open.spotify.com/track/3CukfJ1zvUEcq84AM89hxj?si=1471dad80a1d4021"
"Teen X : Relapsed","On the Low
(prod. outtatown, ​starboy & Lil 88)","Track 5 on Teen X : Relapsed.","1:17","Jan 31, 2021","EP Track","Yes","https://open.spotify.com/track/5dZOZ75mViIFTs3etMFq5d?si=a6b212dbafe34083"
"Teen X : Relapsed","High as Sh!T [Music Video]
(prod. starboy & outtatown)","Official music video for track 4 on Teen X : Relapsed. The music video released alongisde the project Teen X : Relapsed","1:38","Jan 31, 2021","Music Video","No","https://www.youtube.com/watch?v=JyoJ4AIkY7g&list=PLW7tHg0F_-ku0ecKqs9HLIFl-1dyhj4Wn&index=3"
"7 Mixtape Track(s)
5 Single(s)
0 Feature(s)
1 Music Video(s)
0 Production
0 Other","","(Jan 31, 2021) (Teen X : Relapsed is released)
(Jul 10, 2021) (Lost Files 2 is released)
[Download Tagged Compilation]","","","","",""
"Lost Files 2","⭐ Glock 19
(prod. Juberlee)
(Free The Guys)","OG Filename: ken carson - free the guys v2 (DD jube 139)
Track 1 on Lost Files 2.","1:44","Jul 10, 2021","Mixtape Track","No","https://pillows.su/f/5353c8b5ac61fa183f96acbc917251dd
https://soundcloud.com/kencarson/glock-19?in=ken_cars0n/sets/lost-files-2&si=3aa8792a686e4c128190c89528d5fca3&utm_source=clipboard&utm_medium=text&utm_campaign=social_sharing"
"Lost Files 2","⭐ Patrick Ewing
(feat. Lil Tecca) (prod. E-Trou, ThankYouWill & Nick Mira)","OG Filename: Tecca Ken - Patrick Ewing v3.0
Track 2 on Lost Files 2.","2:27","Jul 10, 2021","Single","No","https://soundcloud.com/kencarson/patrick-ewing-ft-lil-tecca?in=ken_cars0n/sets/lost-files-2&si=da2abefee4bf47ccb095c063563a4f2a&utm_source=clipboard&utm_medium=text&utm_campaign=social_sharing"
"Lost Files 2","⭐ Celebrate
(prod. Lil 88 & Sonny Digital)","OG Filename: Celebrate Reference
Track 3 on Lost Files 2.","1:53","Jul 10, 2021","Mixtape Track","No","https://pillows.su/f/1e383195f55061d7b0f0cea4ddd44da7
https://soundcloud.com/kencarson/celebrate?in=ken_cars0n/sets/lost-files-2&si=32e1687eef67463a90e802e42ff1cdb5&utm_source=clipboard&utm_medium=text&utm_campaign=social_sharing"
"Lost Files 2","M&M
(prod. Sonny Digital & Earl on the Beat)
(M&MS)","OG Filename: moon ken carson M&MS
Track 4 on Lost Files 2.","1:49","Jul 10, 2021","Mixtape Track","No","https://soundcloud.com/kencarson/m-m?in=ken_cars0n/sets/lost-files-2&si=456b77f1a0a54addb0d051581f68bb70&utm_source=clipboard&utm_medium=text&utm_campaign=social_sharing"
"Lost Files 2","⭐ BackPack
(prod. Loesoe, starboy & outtatown)","OG Filename: ken carson - backpack v1.0
Track 5 on Lost Files 2.","2:05","Jul 10, 2021","Mixtape Track","No","https://soundcloud.com/kencarson/backpack?in=ken_cars0n/sets/lost-files-2&si=96d7d3e8cb30486d9a6561260757299e&utm_source=clipboard&utm_medium=text&utm_campaign=social_sharing"
"Lost Files 2","How 2 Flex
(prod. BryceUnknwn, ​starboy & ​y2tnb)
(How To Flex)","OG Filename: ken carson - how to flex v1.0
Track 6 on Lost Files 2.","2:19","Jul 10, 2021","Mixtape Track","No","https://soundcloud.com/kencarson/how-2-flex?in=ken_cars0n/sets/lost-files-2&si=fbfabf9fa3894c7d9b127eca4f3de87c&utm_source=clipboard&utm_medium=text&utm_campaign=social_sharing"
"Lost Files 2","Been Braggin
(prod. Nick Mira, DT & Humblebee)","OG Filename: ken carson - been braggin v1.0
Track 7 on Lost Files 2.","1:52","Jul 10, 2021","Mixtape Track","No","https://soundcloud.com/kencarson/been-braggin?in=ken_cars0n/sets/lost-files-2&si=d41534aebe5844409fcd0a26c3169e21&utm_source=clipboard&utm_medium=text&utm_campaign=social_sharing"
"Lost Files 2","Killstreak
(prod. BryceUnknwn, ​y2tnb & ThankYouWill)
(takeyourhoe)","OG Filename: ken carson - takeyourhoe v1.0
Track 8 on Lost Files 2.","1:58","Jul 10, 2021","Mixtape Track","No","https://pillows.su/f/20d5551d75a231e312680cf0b6639c30
https://soundcloud.com/kencarson/killstreak?in=ken_cars0n/sets/lost-files-2&si=daf36f6ee9cb4a9f92636b62be6562ca&utm_source=clipboard&utm_medium=text&utm_campaign=social_sharing"
"Lost Files 2","⭐ Teen Bean
(prod. Jonah Abraham)
(Breaking The Rules)","OG Filename: ken carsson - breaking the rules v1.0
Track 9 on Lost Files 2.","1:59","Jul 19, 2021","Single","Yes","https://open.spotify.com/track/4jx9GqqVMPacAOKHaFlsLb?si=0cb4803542b64cce"
"Lost Files 2","Butterfly [Music Video]
(prod. outtatown, Art Dealer & ​starboy)","Official music video for track 3 on Teen X : Relapsed.","2:24","Jul 7, 2021","Music Video","No","https://www.youtube.com/watch?v=RwqtG6dMi2E&list=PLW7tHg0F_-ku0ecKqs9HLIFl-1dyhj4Wn&index=4"
"Lost Files 2","⭐ Casket
(feat. Destroy Lonely) (prod. Dreek Beatz & Juberlee)","OG Filename: lonely x ken 3-2-21
Dropped by Texaco Cam after a fan asked Ken to drop a collab with Lonely. Possibly a throwaway from the Opium tape mentioned by Ken in his interview with Our Generation Music.","1:38","Mar 14, 2021","Single","No","https://pillows.su/f/ba3ec866b16a8fb347add0caecef433a"
"Lost Files 2","How It Feel
(prod. Richie Souf)","Released by Fullmetal Eddie on the official Sicko SoundCloud page.","1:42","Apr 2, 2021","Single","No","https://soundcloud.com/ken-carson-005/how-it-feel?si=8708bca6a96946ad8048ea688d603415&utm_source=clipboard&utm_medium=text&utm_campaign=social_sharing"
"Lost Files 2","Shoot It Up
(prod. Khemics, DT, ​y2tnb, BryceUnknwn & Dynox)","OG Filename: ken carson - shoot it up v1.0
The first information about this song was posted by @metalgearsolid in his stories. He also confirmed that this is a new track. A few hours later, Sickö posted the track to their SoundCloud account.","1:55","Jun 9, 2021","Single","No","https://soundcloud.com/faze-kylojam/kencarson-shoot-it-up?si=24d07acd83bf4465b8418fea58690b8e&utm_source=clipboard&utm_medium=text&utm_campaign=social_sharing"
"11 Album Track(s)
0 Single(s)
1 Feature(s)
0 Music Video(s)
0 Production
0 Other","","(Jul 10, 2021) (Lost Files 2 is released)
(Jul 23, 2021) (Project X is released)","","","","",""
"Project X","⭐ Who's Next
(prod. Loesoe)","OG Filename: ken carson - who's next v1.0
Track 1 on Project X.","1:44","Jul 23, 2021","Album Track","Yes","https://open.spotify.com/track/0dCMTAOfCN54ik5qwQEsms?si=aeb6133f5a24437f"
"Project X","⭐ Rock N Roll
(prod. outtatown, ​starboy & Lil 88)
(Roll)","OG Filename: ken carson - roll v1.0
Track 2 on Project X.","2:28","Jul 23, 2021","Album Track","Yes","https://open.spotify.com/track/7sdHMJvhKib3ReVPsZFbrf?si=839e3182ed8149d9"
"Project X","Party All Day
(prod. starboy & outtatown)","OG Filename: ken carson - party all day v1.2
Track 3 on Project X.","2:30","Jul 23, 2021","Album Track","Yes","https://open.spotify.com/track/6ttxObu3D64nLg3aL44tpK?si=af386ff4cd5e433c"
"Project X","⭐ Change
(prod. outtatown, ​starboy & Lil 88)","OG Filename: Kens First Song Change v2.0
Track 4 on Project X.","2:40","Jul 23, 2021","Album Track","Yes","https://open.spotify.com/track/0MyP4cSQBIkyogzz8xWwHQ?si=9732968175584dcf"
"Project X","⭐ Run + Ran
(prod. starboy & outtatown)
(Never Running Out)","OG Filename (First Half): ken carson - never running out v1.0
Track 5 on Project X.","4:04","Jul 23, 2021","Album Track","Yes","https://open.spotify.com/track/7dZ9oSkQlxo0kHEgyS8WSD?si=f4fc799e800340c3"
"Project X","Shake
(prod. starboy & outtatown)","OG Filename: ken carson - shake v1.0
Track 6 on Project X.","2:06","Jul 23, 2021","Album Track","Yes","https://open.spotify.com/track/6d5rh84MlPPygK9MHtyTua?si=9039ed8430f441dc"
"Project X","⭐ Hella
(prod. outtatown, ​bart how & ​starboy)","OG Filename: ken carson - hella v2.1
Track 7 on Project X.","2:41","Jul 23, 2021","Album Track","Yes","https://open.spotify.com/track/4EEX7k5Bo5iBdJC6hZJGo1?si=4250a50882d14c3f"
"Project X","⭐ Clutch
(prod. Rok & Fallwood)","OG Filename: ken carson -clutch v1.0
Track 8 on Project X.","2:11","Jul 23, 2021","Album Track","Yes","https://open.spotify.com/track/11GKYHTMZHqIH6wR03pA4t?si=30f240e4169441a5"
"Project X","Till I Die
(prod. Lil 88 & outtatown)","Track 9 on Project X.","2:09","Jul 23, 2021","Album Track","Yes","https://open.spotify.com/track/4NzPu7OvB0nl5XWv3fso5U?si=db904bfbfbac4566"
"Project X","Burnin Up
(prod. DT, BryceUnknwn, ​y2tnb & Dynox)","Track 10 on Project X.","2:34","Jul 23, 2021","Album Track","Yes","https://open.spotify.com/track/6GOtK8sx77UL2Gy8KgLtWv?si=e9bbe2377a0646df"
"Project X","⭐ So What
(prod. KP Beatz & Rok)","Track 11 on Project X.","2:13","Jul 23, 2021","Album Track","Yes","https://open.spotify.com/track/2EL9yzooOZp5BN2BCi4LSz?si=1f2a6d5139aa4c3f"
"Project X","✨ Outlet1 - CRACK!
(feat. Ken Carson) (prod. MadMaxX)","A single released by Outlet1 during April 2021.","1:41","Apr 12, 2021","Feature","No","https://soundcloud.com/outlet1/crack-ft-ken-carson?si=db889984cc544576a735cd348ff0d663&utm_source=clipboard&utm_medium=text&utm_campaign=social_sharing"
"13 Mixtape Track(s)
6 Single(s)
2 Feature(s)
1 Music Video(s)
0 Production
0 Other","","(Jul 23, 2021) (Project X is released)
(Jan 29, 2022) (lost_files_3 is released)
[Download Tagged Compilation]","","","","",""
"lost_files_3","hang_fire :/
(prod. starboy & outtatown)
(Do It Enough)","OG Filename: ken carson - do it enough v1.2
Track 1 on lost_files_3.","2:42","Jan 29, 2022","Mixtape Track","No","https://soundcloud.com/kencarson/hang_fire?in=darrious-coleman-994117925/sets/lost-files-3&si=2576ab49eb4d4ea5b2272ccf8089f0e9&utm_source=clipboard&utm_medium=text&utm_campaign=social_sharing"
"lost_files_3","⭐ gang
(feat. Lil Tecca & Destroy Lonely) (prod. ISSY & ​ilykimchi)
(No Friends)","OG Filename: ken tec lone - no friends v1.0
Track 2 on lost_files_3.","2:49","Jan 29, 2022","Mixtape Track","No","https://soundcloud.com/kencarson/gang_ft_lil_tecca_and_destroy_lonely?in=darrious-coleman-994117925/sets/lost-files-3&si=4f3126180593408abc3722701629a33e&utm_source=clipboard&utm_medium=text&utm_campaign=social_sharing"
"lost_files_3","⭐ drugs_over_love :{
(prod. Jonah Abraham)
(Drugs>Love)","OG Filename: Ken Carson - Drugs over Love v2 ML (paramount X 13)
Track 3 on lost_files_3.","3:00","Jan 29, 2022","Mixtape Track","No","https://soundcloud.com/kencarson/drugs_over_love?in=darrious-coleman-994117925/sets/lost-files-3&si=af9ced119dbb4b12b962668047348e9d&utm_source=clipboard&utm_medium=text&utm_campaign=social_sharing"
"lost_files_3","⭐ i_influence
(prod. Earl on the Beat)
(Contagious)","OG Filename: ken carson - contagious v1.2
Track 4 on lost_files_3.","2:35","Jan 29, 2022","Mixtape Track","No","https://soundcloud.com/kencarson/i_influence?in=darrious-coleman-994117925/sets/lost-files-3&si=141887b0b8394da888cd1ee5f6231049&utm_source=clipboard&utm_medium=text&utm_campaign=social_sharing"
"lost_files_3","⭐ r_u_srs_?
(prod. Loesoe)
(r u srs)","OG Filename: ken carson - r u srs v2.0 open
Track 5 on lost_files_3.","3:34","Jan 29, 2022","Mixtape Track","No","https://soundcloud.com/kencarson/r_u_srs?in=darrious-coleman-994117925/sets/lost-files-3&si=d17ea697ee004952bf18923152a341da&utm_source=clipboard&utm_medium=text&utm_campaign=social_sharing"
"lost_files_3","murder_musik
(feat. Destroy Lonely) (prod. Rok, ​bart how & 4VRLIT)
(Murda Musik)","OG Filename: Ken lonely - murda music v1 (ML 21)
Track 6 on lost_files_3. Re-released on ""X.""","2:56","Jan 29, 2022","Mixtape Track","Yes","https://lastshare.org/share/Or50Bzh7pKIOlfq
https://open.spotify.com/track/6N0I4EqoaIHib3W1LFPMzC?si=266bcfeda0544bed"
"lost_files_3","upside_down
(prod. starboy & outtatown)
(Upside Down)","OG Filename: ken carson - upside down v1.0
Track 7 on lost_files_3.","1:56","Jan 29, 2022","Mixtape Track","No","https://soundcloud.com/kencarson/upside_down?in=darrious-coleman-994117925/sets/lost-files-3&si=63116a13627c4bbb87c7011a82ae1562&utm_source=clipboard&utm_medium=text&utm_campaign=social_sharing"
"lost_files_3","sh00t
(prod. F1LTHY, Lukrative & M2K)
(Shoot)","OG Filename: ken carson - shoot v1.0
Track 8 on lost_files_3.","2:10","Jan 29, 2022","Mixtape Track","No","https://lastshare.org/share/QH5l2p2mFCuWl7R
https://soundcloud.com/kencarson/sh00t?in=darrious-coleman-994117925/sets/lost-files-3&si=ac649491fea54b74884f4bf04ef56cf4&utm_source=clipboard&utm_medium=text&utm_campaign=social_sharing"
"lost_files_3","✨ over_dosed
(prod. starboy & outtatown)
(What U Need)","OG Filename: Ken Carson - What U Need v2.0
Track 9 on lost_files_3.","2:00","Jan 29, 2022","Mixtape Track","No","https://soundcloud.com/kencarson/over_dosed?in=darrious-coleman-994117925/sets/lost-files-3&si=ffb28b2d8c4a4e37a83cfc53ef641d52&utm_source=clipboard&utm_medium=text&utm_campaign=social_sharing"
"lost_files_3","by_my_lonely
(feat. JBan$2Turnt)","OG Filename: JBANS X KEN
The song was added to lost_files_3 at a later date as track 10.","2:47","","Mixtape Track","No","https://lastshare.org/share/vew9LwebFPqrmdL
https://soundcloud.com/ken-carson-005/by-my-lonely?si=f7d4064c72b849a787ac8936b0e0c2f1&utm_source=clipboard&utm_medium=text&utm_campaign=social_sharing"
"lost_files_3","⭐ raver
(with Destroy Lonely) (prod. UpMadeIt, Lil 88 & Nawbilly)","OG Filename: Ken Carson x Lonely - 1 11.4.21
The song was added to lost_files_3 at a later date as track 11.","3:34","","Mixtape Track","No","https://lastshare.org/share/pzfD1JwnNJcv7Un
https://soundcloud.com/destroylonelyarchive/destroy-lonely-ken-carson-raver-prod-upmadeit-lil-88-nawbilly?si=c836ac5622f742c2adee2e14f9da419a&utm_source=clipboard&utm_medium=text&utm_campaign=social_sharing"
"lost_files_3","⭐ exodus
(with Destroy Lonely) (prod. Lil 88)","OG Filename: Ken Carson x Lonely - 2 11.4.21
The song was added to lost_files_3 at a later date as track 12.","3:17","","Mixtape Track","No","https://lastshare.org/share/YeaPuC3VmJm1uGo"
"lost_files_3","⭐ wockstar
(feat. Offset) (prod. Styn & Max Lord)","OG Filename: EMPTY 125 styn lord stems n shit ken offset v1
The song was added to lost_files_3 at a later date as track 13. Offset went on to say he didn't know Ken at the time this song was made, and the filename potentially implies his vocals were taken from another song of his.","2:15","","Mixtape Track","No","https://lastshare.org/share/HAZ09DSKIYoWREu
https://soundcloud.com/ken_cars0n/wockstar-feat-offset?si=1cb7cb1e325d4d9ca5aac74b9ef87b6d&utm_source=clipboard&utm_medium=text&utm_campaign=social_sharing"
"lost_files_3","⭐ yxngchris - blood on the leaves (Remix)
(feat. UnoTheActivist, KA$HDAMI, Ken Carson & ​SSGKobe) (prod. 2300)","Remix to yvngxchris‘ hit single ""Blood On The Leaves"" with an additional Ken Carson feature.","4:20","Nov 15, 2021","Feature","No","https://www.youtube.com/watch?v=4TfZQ1uuY78"
"lost_files_3","⭐ Blue Check
(prod. Lukrative, Lucian, Jonah Abraham & F1LTHY)","OG Filename: ken carson - blue check v1.1
Song released on December 21st, 2021. An unreleased music video for the song was filmed in 2021. A snippet of the music video was shared by Ken Carson via his spam Instagram account. Ken mentions XXXTENTACION & Juice WRLD, amongst other topics.","2:56","Dec 21, 2021","Single","No","https://lastshare.org/share/4qD3uMnjAM2hHan"
"lost_files_3","Change [Music Video]
(prod. outtatown, ​starboy & Lil 88)","Official music video for track 4 on Project X.","2:42","Jul 30, 2021","Music Video","No","https://www.youtube.com/watch?v=wXw2bpR5_a8&list=PLW7tHg0F_-ku0ecKqs9HLIFl-1dyhj4Wn&index=5"
"lost_files_3","⭐ Destroy Lonely - flexin
(feat. Ken Carson) (prod. Aviator Keyyz)","A single realesed as a SoundCloud exlusive on Christmas 2021.","1:44","Dec 25, 2021","Feature","No","https://soundcloud.com/destroylonely/flexin-ft-ken-car-on?si=c29fc0a4c99f4462a55b0f9312457f86&utm_source=clipboard&utm_medium=text&utm_campaign=social_sharing"
"lost_files_3","⭐ Ice
(prod. Aviator Keyyz)
(In The Trap)","OG Filename: ken carson - in the trap v1.0
Song released via SoundCloud on December 1st, 2021.","1:36","Dec 1, 2021","Single","No","https://lastshare.org/share/SyEEfwluRqdDoJB
https://soundcloud.com/yeetyuiooiuy591268226/ice-ken-carson?utm_source=clipboard&utm_medium=text&utm_campaign=social_sharing"
"lost_files_3","⭐ Know The Price
(prod. starboy & outtatown)","OG Filename: ken carson - know the price v1.1
A song released as a SoundCloud exclusive. Reuses the hook from ""Casket,"" for some reason.","2:00","Sep 3, 2021","Single","No","https://pillows.su/f/45d9bada67362ddba8e10a112fddab81"
"lost_files_3","No One
(feat. CAPOREE) (prod. TM88 & DJ Moon)","OG Filename: KEN KAPO NOONE
A song released as a SoundCloud exclusive.","2:28","Sep 3, 2021","Single","No","https://pillows.su/f/f2d3f76d239cbc3697c9d9bfd1401ab1"
"lost_files_3","Please Don't Leave
(prod. Juberlee & Earl on the Beat)","OG Filename: ken carson - please dont leave v1.0
A song released as a SoundCloud exclusive.","2:42","Sep 3, 2021","Single","No","https://soundcloud.com/djgeekedexclusives/ken-carson-please-dont-leave?si=8b40f5aee0794b4e9001bc02277ba632&utm_source=clipboard&utm_medium=text&utm_campaign=social_sharing"
"lost_files_3","⭐ Workin' On Me
(prod. Darkboy Santana, ​ilykimchi & Oogie Mane)","OG Filename: ken carson - workin on me v1.0
A song released during November 2021.","2:03","Nov 24, 2021","Single","No","https://pillows.su/f/d06878418edfc2a270289cfef0f92205"
"10 Mixtape Track(s)
1 Single(s)
2 Feature(s)
2 Music Video(s)
0 Production
0 Other","","(Jan 29, 2022) (lost_files_3 is released)
(Jun 8, 2022) (X TWO THREE is released)
[Download Tagged Compilation]","","","","",""
"X TWO THREE","X GAMES
(prod. Lukrative & GeoGotBands)","OG Filename: ken carson - x games v1.0
Track 1 on X TWO THREE.","2:01","Jun 8, 2022","Mixtape Track","No","https://lastshare.org/share/57GqBHQWmHVgC3v
https://soundcloud.com/user00xman/x-games?in=somestupidshit/sets/ken-carson-lost-files-3-5-x23&si=e60f65e1a44e4509a300b20eb953c00d&utm_source=clipboard&utm_medium=text&utm_campaign=social_sharing"
"X TWO THREE","⭐ X FOR BREAKFAST
(with Destroy Lonely) (prod. F1LTHY, Lukrative & Chenzo)","OG Filename: ken lone - x for breakfast v1.0
Track 2 on X TWO THREE.","2:18","Jun 8, 2022","Mixtape Track","No","https://lastshare.org/share/4tN8VgqGtQDE4mm
https://soundcloud.com/ahsault/ken-carson-x-for-breakfast?in=somestupidshit/sets/ken-carson-lost-files-3-5-x23&si=623d19bb26bc4b87963f3f21b62066ca&utm_source=clipboard&utm_medium=text&utm_campaign=social_sharing"
"X TWO THREE","⭐ STICK
(prod. ssort, Lukrative & Lucian)","OG Filename: ken carson - stick v1.0 (ML house 17)
Track 3 on X TWO THREE.","2:48","Jun 8, 2022","Mixtape Track","No","https://lastshare.org/share/CAzd2IDcXqpboAU
https://soundcloud.com/user-680408751/ken-carson-stick?in=somestupidshit/sets/ken-carson-lost-files-3-5-x23&si=a9afc99f9b2c4e379e41d3c89c2a8f85&utm_source=clipboard&utm_medium=text&utm_campaign=social_sharing"
"X TWO THREE","POP
(prod. Lucian)","OG Filename: ken carson - pop v1.0
Track 4 on X TWO THREE.","1:55","Jun 8, 2022","Mixtape Track","No","https://lastshare.org/share/UtPvZWqiFKv8TP8
https://soundcloud.com/user-388496956/ken-carson-pop?in=somestupidshit/sets/ken-carson-lost-files-3-5-x23&si=1518cfc278244f98a2da45ebe3095485&utm_source=clipboard&utm_medium=text&utm_campaign=social_sharing"
"X TWO THREE","⭐ PUSSY PINK
(feat. SoFaygo) (prod. Rok)","OG Filename: Faygo x Ken Carson - Pussy Pink
Track 5 on X TWO THREE.","3:24","Jun 8, 2022","Mixtape Track","No","https://lastshare.org/share/p6ac5qpQSeAgTq8
https://soundcloud.com/ginnelss/ken-carson-sofaygo-pussy-pink?in=somestupidshit/sets/ken-carson-lost-files-3-5-x23&si=196790a3596245fc963b50bfd912954a&utm_source=clipboard&utm_medium=text&utm_campaign=social_sharing"
"X TWO THREE","⭐ AQUAFINA
(prod. ssort)","OG Filename: ken carson - aquafina v2.0
Track 6 on X TWO THREE.","2:01","Jun 8, 2022","Mixtape Track","No","https://lastshare.org/share/bhIrxR1Dr9gA06s
https://soundcloud.com/jc-the-goat/aquafina?si=24b5571d8832474dbe30df8e1f193fbd&utm_source=clipboard&utm_medium=text&utm_campaign=social_sharing"
"X TWO THREE","⭐ SHOULDA LISTENED
(feat. Lil Tecca & Destroy Lonely) (prod. UpMadeIt, Lil 88 & Nawbilly)","OG Filename: Ken Tecca Lonely - Shoulda Listened v1.0
Track 7 on X TWO THREE.","2:26","Jun 8, 2022","Mixtape Track","No","https://lastshare.org/share/swtL2l53616Sojw
https://soundcloud.com/underthefallen/ken-carson-shouldve-listened?in=somestupidshit/sets/ken-carson-lost-files-3-5-x23&si=e3d926294c874b7ebc3f8c48508a29d5&utm_source=clipboard&utm_medium=text&utm_campaign=social_sharing"
"X TWO THREE","⭐ LIL VAMP
(prod. Loesoe)","OG Filename: ken carson - lil vamp v2.1
Track 8 on X TWO THREE.","2:28","Jun 8, 2022","Mixtape Track","No","https://lastshare.org/share/x5kx8mve6SQmja6
https://soundcloud.com/dominic-cooke-634692880/ken-carson-lil-vamp?in=somestupidshit/sets/ken-carson-lost-files-3-5-x23&si=e9743c6840b24cf28c8ddb6dc122685e&utm_source=clipboard&utm_medium=text&utm_campaign=social_sharing"
"X TWO THREE","KEEPS
(prod. Loesoe)","OG Filename: ken carson - keeps v1.0
Track 9 on X TWO THREE.","2:43","Jun 8, 2022","Mixtape Track","No","https://lastshare.org/share/T9Qd5g5tFoFX6Oq
https://soundcloud.com/nekkst-135051485/ken-carson-keeps?in=somestupidshit/sets/ken-carson-lost-files-3-5-x23&si=b9160955061840698f08233a70e792c0&utm_source=clipboard&utm_medium=text&utm_campaign=social_sharing"
"X TWO THREE","✨ ALL YEAR FREESTYLE
(prod. F1LTHY, Esko & Lukrative)
(Delinquent)","OG Filename: ken carson - all year freestyle v1.0
Track 10 on X TWO THREE. Original version of ""Delinquent."" Was later released on X under a new title with an additional HXG feature.","1:51","Jun 8, 2022","Mixtape Track","No","https://lastshare.org/share/10INqUMjasDLBQ9
https://soundcloud.com/user-647362950/ken-all-year-freestyle-give?in=somestupidshit/sets/ken-carson-lost-files-3-5-x23&si=fb69e6b444e64ed1bcf2a6161214d478&utm_source=clipboard&utm_medium=text&utm_campaign=social_sharing"
"X TWO THREE","Chrome Heart Jeans
(feat. International Jefe) (prod. Richie Souf)
(Chrome Heart)","OG Filename: Ken 2 Chrome Heart
Song released on May 23rd, 2022.","2:59","May 23, 2022","Single","No","https://pillows.su/f/c6eea26298fc5607e560c3b1e56dfb7c"
"X TWO THREE","⭐ Yeat - Gëek high
(feat. Ken Carson) (prod. ​flansie & Skimayne)","Track 17 on 2 Alivë.","2:32","Feb 18, 2022","Feature","Yes","https://open.spotify.com/track/10pKRdCsckIx7jdrR5IFec?si=502cf46a45d2407d"
"X TWO THREE","King Kobi - PERK
(feat. Ken Carson)","A single released by King Kobi during May 2022.","1:41","May 2, 2022","Feature","No","https://pillows.su/f/baecf7ef3ab78675879fda5ba6455d83"
"X TWO THREE","Rock N Roll [Music Video]
(prod. outtatown, ​starboy & Lil 88)","Official music video for track 2 on Project X.","2:27","Mar 22, 2022","Music Video","No","https://www.youtube.com/watch?v=yxP4pvEQVos&list=PLW7tHg0F_-ku0ecKqs9HLIFl-1dyhj4Wn&index=6"
"X TWO THREE","Run + Ran [Music Video]
(prod. starboy & outtatown)","Official music video for track 5 on Project X.","4:31","Apr 13, 2022","Music Video","No","https://www.youtube.com/watch?v=gfRn6IvHL0M&list=PLW7tHg0F_-ku0ecKqs9HLIFl-1dyhj4Wn&index=7"
"19 Album Track(s)
1 Single(s)
0 Feature(s)
1 Music Video(s)
0 Production
0 Other","","(Jun 8, 2022) (X TWO THREE is released)
(Jul 8, 2022) (X is released)","","","","",""
"X","⭐ Intro
(prod. ProdByJhux & Slowburnz)","Track 1 on X.","3:15","Jul 8, 2022","Album Track","Yes","https://open.spotify.com/track/6LAnpZIX3mgbLSF3YfNd7H?si=304c1f2bda584886"
"X","✨ New
(prod. Gab3)","Track 2 on X.","2:49","Jul 8, 2022","Album Track","Yes","https://open.spotify.com/track/2ht2G1JL1yg0kIbz6Wfr8V?si=c83e3fbd9e2a4bd2"
"X","Gems
(prod. Gl1tch & Gab3)
(Ready2Rage)","Track 3 on X. ""Gems,” also previously known as ""Ready2Rage,"" was previewed on April 18th, 2022, by Ken Carson during an Instagram Live.","2:16","Jul 8, 2022","Album Track","Yes","https://open.spotify.com/track/1gRVXWiWJPkP8CpiMnHK7K?si=4fb38390ebdb4151"
"X","✨ Nobody
(prod. Gab3)","Track 4 on X.","2:10","Jul 8, 2022","Album Track","Yes","https://open.spotify.com/track/66Hsz65MRwDlXSPHGA7POY?si=42e8af02b5604ada"
"X","Go
(prod. ​starboy & outtatown)","Track 5 on X.","1:50","Jul 8, 2022","Album Track","Yes","https://open.spotify.com/track/7cI7i7fXPWFvRf9l4eBGHX?si=a02e51a8982a41ec"
"X","⭐ MDMA
(feat. Destroy Lonely) (prod. AM, ​starboy, outtatown & ​bart how)","Track 6 on X.","3:48","Jul 8, 2022","Album Track","Yes","https://open.spotify.com/track/6hJjp4IbXc5bddl6RKutJr?si=13c050e35541459f"
"X","⭐ X
(prod. Lukrative, Lucian & ​ssort)","Track 7 on X.","2:09","Jul 8, 2022","Album Track","Yes","https://open.spotify.com/track/6PkUg8l0hIXFaiGOi5XRok?si=0644c4c9c0b64cfb"
"X","⭐ PDBMH
(prod. ​bart how)
(Please Don't Blow My High)","Track 8 on X.","2:18","Jul 8, 2022","Album Track","Yes","https://open.spotify.com/track/0K71sqYCHwuYDppyjs4Zud?si=ba09bc215e404c8d"
"X","✨ Money Hunt
(prod. Lil 88, ​starboy & outtatown)","Track 9 on X.","1:45","Jul 8, 2022","Album Track","Yes","https://open.spotify.com/track/44x9SxCd3GX2mOfFLKm9hA?si=85bbe3f4f71947e5"
"X","South Beach
(prod. starboy & outtatown)","Track 10 on X.","2:00","Jul 8, 2022","Album Track","Yes","https://open.spotify.com/track/5PwvLpG6Xn9ghXPdpQCLq8?si=8946e41f302044df"
"X","✨ Going Schitz
(prod. bart how & Loesoe)","Track 11 on X.","1:55","Jul 8, 2022","Album Track","Yes","https://open.spotify.com/track/3a6yiD1xRvnTV0yon7mHwb?si=f61b4e92e3134090"
"X","⭐ Same Thing
(prod. Loesoe)","Track 12 on X.","1:55","Jul 8, 2022","Album Track","Yes","https://open.spotify.com/track/7uWhygiDBB1gXp7icNXiHq?si=c921c9e35c1a48a6"
"X","Freestyle 1
(prod. Lukrative, Lucian & ​ssort)","Track 13 on X.","3:51","Jul 8, 2022","Album Track","Yes","https://open.spotify.com/track/1hTEujUDjlIuJihRtxmtC1?si=17079d2a2a294ada"
"X","⭐ Freestyle 2
(prod. F1LTHY, AM & Gab3)","Track 14 on X.","2:18","Jul 8, 2022","Album Track","Yes","https://open.spotify.com/track/28niVl6iodHnHpE1bCeJiV?si=e00a4df9ce7943c8"
"X","⭐ Fuk 12
(prod. ​bart how, ​starboy & outtatown)","Track 15 on X.","1:24","Jul 8, 2022","Album Track","Yes","https://open.spotify.com/track/0VhL5q6JhQdD2kmbMbK0cj?si=9017a803103441ac"
"X","⭐ Murda Musik
(feat. Destroy Lonely) (prod. Rok, ​bart how & 4VRLIT)
(murder_musik)","OG Filename: Ken lonely - murda music v1 (ML 21)
Track 16 on X. Originally released on ""lost_files_3"" as Track 6.","2:56","Jul 8, 2022","Album Track","Yes","https://open.spotify.com/track/6N0I4EqoaIHib3W1LFPMzC?si=266bcfeda0544bed"
"X","⭐ Delinquent
(feat. HXG) (prod. F1LTHY, Esko & Lukrative)
(All Year Freestyle)","Track 17 on X. Originally released on ""X TWO THREE"" as Track 10 without HXG.","2:45","Jul 8, 2022","Album Track","Yes","https://open.spotify.com/track/1PUwCOtQUOZrjAp8ljxGhE?si=8c63a442bc554165"
"X","⭐ Get Rich Or Die
(prod. starboy & outtatown)","Track 18 on X.","2:19","Jul 8, 2022","Album Track","Yes","https://open.spotify.com/track/5l70jRSx36qaz2QkcpQshf?si=33235f2465534beb"
"X","✨ Turn Up
(prod. starboy & outtatown)","Track 19 on X.","1:58","Jul 8, 2022","Album Track","Yes","https://open.spotify.com/track/19JLsFQjpUCVoduF2Ytt4r?si=a2792a0c3d55417a"
"X","⭐ The End
(prod. starboy & outtatown)","OG Filename: ken carson - end v1.2
Track 20 on X.","2:15","Jul 5, 2022","Single","Yes","https://open.spotify.com/track/5tqzMWoUJrCLESpGKROHQ3?si=a0696a5c95ce4b75"
"X","The End [Music Video]
(prod. starboy & outtatown)","Official music video for ""The End.""
Director: Oliver Shore; Co-Director: Kevin von Puttkammer; Producer: Chad Tennies & Kiara Garcia; Prod Co.: Resolve Media Group.","2:24","Jul 5, 2022","Music Video","No","https://www.youtube.com/watch?v=Mk1Df4VDdrI&list=PLW7tHg0F_-ku0ecKqs9HLIFl-1dyhj4Wn&index=8"
"5 Album Track(s)
1 Single(s)
6 Feature(s)
3 Music Video(s)
0 Production
0 Other","","(Jul 8, 2022) (X is released)
(Oct 31, 2022) (XTENDED is released)","","","","",""
"XTENDED","⭐ Freestyle 3
(prod. bart how)","Track 21 on XTENDED. Initially previewed on July 8th, 2022, during Ken Carson's Instagram live that day. Two months following this, the snippet of the song would gain traction on TikTok, being used in a multitude of different videos.","2:22","Oct 31, 2022","Album Track","Yes","https://open.spotify.com/track/3ZuKr1NfTecyfGuYwuXb7c?si=e3205e14a5dd44bc
https://music.apple.com/ca/album/freestyle-3/1651753114?i=1651753764"
"XTENDED","✨ Fashion Habits
(prod. Earl on the Beat)","Track 22 on XTENDED. Initially previewed through Ken Carson’s alt Instagram in a now deleted post. On August 17th, 2022, Ken Carson teased in a now-deleted Instagram post that the song would see an official release within two days, but that ended up not being the case. After leaving the song’s status in the dark, on October 27th, 2022, in a now-deleted tweet, Ken Carson confirmed that the highly anticipated song would land a spot on XTENDED.","3:21","Oct 31, 2022","Album Track","Yes","https://open.spotify.com/track/2ivRKtdr0RD9nLjeXgRBPV?si=2c096f41aeaa497a
https://music.apple.com/ca/album/fashion-habits/1651753114?i=1651753765"
"XTENDED","✨ Shoot
(prod. Lukrative & ​ssort)","OG Filename: ken 9.5.22 k1 shoot
Track 23 on XTENDED.","2:46","Oct 31, 2022","Album Track","Yes","https://open.spotify.com/track/54dqQJpIq0QUd2vBl5KzTJ?si=9dca1ddba51d4237
https://music.apple.com/ca/album/shoot/1651753114?i=1651753774"
"XTENDED","✨ Swag Overload
(prod. Lucian & Jonah Abraham)","Track 24 on XTENDED.","2:32","Oct 31, 2022","Album Track","Yes","https://open.spotify.com/track/6XfdWZJTAv750YyMGSjO3y?si=563efd8af09f469f
https://music.apple.com/ca/album/swag-overload/1651753114?i=1651753916"
"XTENDED","⭐ Lookbook
(prod. Lukrative & Lucian)
(Plain Jane)","OG Filename: ken carson - lookbook v1.0
Track 25 on XTENDED. Previously dubbed “Plain Jane” by fans, Ken Carson first previewed Lookbook on July 31st, 2022, in a now-deleted Instagram story. Ken would preview the song again in another now-deleted Instagram story on August 28th, 2022.","2:30","Oct 31, 2022","Album Track","Yes","https://open.spotify.com/track/240K86W7ysqLlNG9NS7cvQ?si=1c06da002c3e4a60
https://music.apple.com/ca/album/lookbook/1651753114?i=1651753938"
"XTENDED","lil Shordie Scott - bloody mary
(feat. Ken Carson) (prod. FISH)","Track 4 on The Twin Society","3:37","Jul 29, 2022","Feature","Yes","https://open.spotify.com/track/72vnZRiljLv8REhXvVfbhO?si=43ba461455bb4125"
"XTENDED","⭐ 𝓒𝓸𝓶𝓮 𝓞𝓾𝓽𝓼𝓲𝓭𝓮
(prod. Lukrative)
(Come Outside)","OG Filename: ken lone 9.14 come outside
SoundCloud exclusive hosted on Sickö's page. The track initially titled “𝓧 – 𝓒𝓸𝓶𝓮 𝓞𝓾𝓽𝓼𝓲𝓭𝓮"" is a response to Kankan’s ​""post_ya_racks_gang_lol."" After a week, the song was taken down. One of the best songs to come out of Ken Carson's musical output in 2022.","3:12","Oct 7, 2022","Single","No","https://lastshare.org/share/nfjjPURu9fnK0s0
https://soundcloud.com/bloody-752212132/ken-carson-come-outside"
"XTENDED","Swwish - Geeked
(feat. Ken Carson) (prod. Bugz Ronin, White Punk, ​malenkiyyarche, Flexyboy & Breezey Muzik)","A single released by Swwish during July 2022.","2:03","Jul 22, 2022","Feature","No","https://pillows.su/f/0d295113cf77b010b1f6c605c03bfdf0"
"XTENDED","Go [Music Video]
(prod. ​starboy & outtatown)","Official music video for track 5 on X.","2:02","Jul 12, 2022","Music Video","No","https://www.youtube.com/watch?v=lIoYAptvFVc&list=PLW7tHg0F_-ku0ecKqs9HLIFl-1dyhj4Wn&index=9"
"XTENDED","⭐ SoFaygo - Hell Yeah
(feat. Ken Carson) (prod. BryceUnknwn, Bakkwoods, Trgc & ​y2tnb)","OG Filename: Faygo x Ken - Hell Yeah !
Track 3 on Pink Heartz.","2:48","Oct 17, 2022","Feature","Yes","https://open.spotify.com/track/0jQ4mEnWB1AuSVqnFLhxT6?si=c3b87b14f8d64213"
"XTENDED","SoFaygo - Hell Yeah [Music Video]
(feat. Ken Carson) (prod. BryceUnknwn, Bakkwoods, Trgc & ​y2tnb)","Official music video for track 3 on Pink Heartz. Directed by Declan Kyle","2:48","Oct 19, 2022","Music Video","No","https://www.youtube.com/watch?v=zZ6RdhGj4dI"
"XTENDED","Lil Yachty - KENC&BOAT
(with Ken Carson)
(Gon' Blow)","OG Filename: KEN&BOAT - LY 
A throwaway collab between Ken Carson and Lil Yachty exclusively dropped on Lil Yachty’s second SoundCloud account.","2:48","Oct 30, 2022","Feature","No","https://pillows.su/f/221f78ef27fd31f6bbe4e2266443cd6a"
"XTENDED","MDMA [Music Video]
(feat. Destroy Lonely) (prod. AM, ​starboy, outtatown & ​bart how)","Official music video for track 6 on X. The music video released alongside the deluxe project XTENDED","3:52","Oct 31, 2022","Music Video","No","https://www.youtube.com/watch?v=Gbqa9n1XOes&list=PLW7tHg0F_-ku0ecKqs9HLIFl-1dyhj4Wn&index=10"
"XTENDED","⭐ Internet Money - She Want Some More
(feat. Lil Tecca & Ken Carson) (prod. outtatown, Ken Carson & ​starboy)","OG Filename: she want some more (24k)
Track 2 on We All We Got.","3:04","Jul 22, 2022","Feature","Yes","https://open.spotify.com/track/5L9wyWFzwKP6rX2JrJ6nIi?si=24099446310a4ba3"
"XTENDED","⭐ Destroy Lonely - VETERAN
(feat. Ken Carson) (prod. Lil 88, KP Beatz & Einthismf)","Track 19 on NO STYLIST.","2:56","Aug 12, 2022","Feature","Yes","https://open.spotify.com/track/6nB8lELQBAmRXeNQivxBJ4?si=636e190d3ef141b4"
"8 Mixtape Track(s)
0 Single(s)
0 Feature(s)
0 Music Video(s)
0 Production
0 Other","","(Oct 31, 2022) (XTENDED is released)
(Jan 3, 2023) (lost ? is released)
[Download Tagged Compilation]","","","","",""
"lost ?","⭐ 𝓼𝓾𝓲𝓬𝓲𝓭𝓪𝓵
(prod. Lil 88 & Brandon Dalton)
(bottega, suicidal)","OG Filename: ken n lone 9.6 bottega
Track 1 on lost ?. Originally previewed by Ken Carson during an Instagram live on October 8th, 2022.","3:00","Jan 3, 2023","Mixtape Track","No","https://lastshare.org/share/ZKmu0Jxsgf0tCCx"
"lost ?","⭐ 𝓯𝓻𝓮𝓮 𝔂𝓸𝓾𝓷𝓰 𝓽𝓱𝓾𝓰
(prod. Lukrative, Glasear & Clif Shayne)
(free young thug, fyt, Hear Me Calling)","OG Filename: moon KEN 10.1 4 hear me calling
Track 2 on lost ?. Ken Carson seemed to be affiliated with Young Thug before he started making music, being there during his studio sessions, which he’s stated in interviews multiple times. Ken Carson would officially preview the track via Instagram Live on October 9th, 2022, and again two days later in the same manner. On June 17th, 2023, Ken Carson would take to Twitter to subtly tweet the lyrics, later he would announce the music video for the track hours later. On June 25th, 2023, “free young thug” would seem to make the tracklist on the older version of A Great Chaos, being the eleventh track and shortened to the title “fyt.” However, “free young thug” did not make it to the final cut of A Great Chaos once the tracklist was revealed.","2:30","Jan 3, 2023","Mixtape Track","No","https://lastshare.org/share/Mh6jCDxVzEwSYpM"
"lost ?","⭐ 𝓫𝓸𝓼𝓼𝓮𝓼
(prod. starboy & outtatown)
(bosses)","OG Filename: KEN 10.17 bosses
Track 3 on lost ?","2:17","Jan 3, 2023","Mixtape Track","No","https://lastshare.org/share/t24CDBilVYwwLmg"
"lost ?","⭐ 𝓵𝓮𝓽𝓼 𝓰𝓸 𝓼𝓱𝓸𝓹𝓹𝓲𝓷
(prod. Lucian & Perto)
(lets go shoppin)","OG Filename: ken lone 9.7 4 lets go shopping
Track 4 on lost ?","2:27","Jan 3, 2023","Mixtape Track","No","https://lastshare.org/share/AxHL2lrHG6mRWO4"
"lost ?","⭐ 𝓹𝓵𝓪𝔂𝓮𝓻
(prod. ​starboy, outtatown & Art Dealer)
(player)","OG Filename: ken carson - player v1.0
Track 5 on lost ?","2:25","Jan 3, 2023","Mixtape Track","No","https://lastshare.org/share/EFmpRNUIB1gATd2"
"lost ?","𝓰𝓵𝓸𝓬𝓴 𝔀𝓲𝓽𝓱 𝓪 𝓼𝔀𝓲𝓽𝓬𝓱
(prod. Gab3, ​roxie & ​pank)
(glock with a switch)","OG Filename: ken carson - glock with a switch v1.0
Track 6 on lost ?. Previewed by Ken Carson for a split second during an Instagram live on January 7th, 2022. He would later preview more of the song in another Instagram Live on June 11th, 2022.","1:46","Jan 3, 2023","Mixtape Track","No","https://lastshare.org/share/yIfImSHCwzNWbY4"
"lost ?","⭐ 𝓱𝓲𝓰𝓱𝓮𝓻 & 𝓯𝓵𝔂𝓮𝓻
(prod. Nick Mira & Georgie)
(higher & flyer)","OG Filename: ken carson - higher & flyer v1.0
Track 7 on lost ?. Previewed by Ken Carson during an Instagram live on January 12th, 2022.","2:10","Jan 3, 2023","Mixtape Track","No","https://lastshare.org/share/7YJEm8OjI8JEwP1"
"lost ?","𝓫𝓪𝓬𝓴 𝓯𝓻𝓸𝓶 𝓽𝓱𝓮 𝓭𝓮𝓪𝓭
(prod. Lil 88)
(back from the dead)","OG Filename: ken carson - back from the dead v1.0
Track 8 on lost ?","2:25","Jan 3, 2023","Mixtape Track","No","https://lastshare.org/share/z0HNSXBTHb87Ntq"
"23 Album Track(s)
2 Single(s)
5 Feature(s)
6 Music Video(s)
1 Production
0 Other","","(Jan 3, 2023) (lost ? is released)
(Oct 13, 2023) (A Great Chaos is released)
(Jul 5, 2024) (A Great Chaos (Deluxe) is released)","","","","",""
"A Great Chaos","⭐ Green Room
(prod. Lukrative, Lucian, & F1LTHY)","OG Filename: 01 Green Room (MAIN) SING MASTER
Track 1 on A Great Chaos. Previewed by Ken Carson in an Instagram story shared sometime in early 2023, quickly becoming a fan favorite snippet.","3:08","Oct 13, 2023","Album Track","Yes","https://open.spotify.com/track/3MtB4aOzFkXJvAREmsy1Dj?si=f9f3dd1804544af0
https://music.apple.com/ca/album/green-room/1754635560?i=1754635563"
"A Great Chaos","⭐ Jennifer's Body
(prod. KP Beatz & Lucian)","OG Filename: 02 Jennifer's Body (MAIN) SING MASTER
Track 2 on A Great Chaos. The highly-anticipated track was first teased on May 31st, 2023, during an Instagram live where Ken previewed the first 43 seconds of the song. Since then, the song gained massive traction through social media. The intro to the song is inspired by “Good Riddance (Time of Your Life)” from the band Green Day. On September 20th, 2023, Ken would take to Twitter to tease a music video for the track, expected to be one of the lead singles for the album behind the highly-anticipated track “It’s Over.”","2:38","Oct 13, 2023","Album Track","Yes","https://open.spotify.com/track/04hgBWsBDEyVP8pH0BCZbG?si=90461d8bf2a44917
https://music.apple.com/ca/album/jennifers-body/1754635560?i=1754635567"
"A Great Chaos","⭐ Fighting My Demons
(prod. Warren Hunter, ​bart how, Lvis, ​starboy & outtatown)
(Fighting Demons, Where TF, Pop)","OG Filename: 03 Fighting Demons (MAIN) SING MASTER
Track 3 on A Great Chaos. The first half, previously dubbed by fans as “Pop,” was previewed several times throughout January and August 2023. Ken Carson previewed the second half of the song via his Snapchat story on March 15th, 2023. On September 22nd, 2023, it became known that the two songs were combined.","2:30","Oct 13, 2023","Album Track","Yes","https://open.spotify.com/track/2c7sRekhMGlj7u1WIIzoQu?si=f7e14e7a2bf34db3
https://music.apple.com/ca/album/fighting-my-demons/1754635560?i=1754635571"
"A Great Chaos","⭐ Singapore
(feat. Destroy Lonely) (prod. LBW, Lil 88, Nick Spiders & TM88)","OG Filename: 04 Singapore (MAIN) (MIX 2) SING MASTER
Track 4 on A Great Chaos. Previewed during Ken Carson’s Instagram live in September 2022. A second snippet of the song surfaced on September 22nd, 2023, via @rel9te's Instagram. Originally had a feature from Playboi Carti, but he was cut from the song as Ken did not like his verse.","2:31","Oct 13, 2023","Album Track","Yes","https://open.spotify.com/track/56QNTK715IJeYmJP2grB5f?si=be78f80a95264299
https://music.apple.com/ca/album/singapore-feat-destroy-lonely/1754635560?i=1754635574"
"A Great Chaos","Lose It
(prod. ​legion & Gab3)","OG Filename: 05 Lose It (MAIN) (MIX 092523) SING MASTER
Track 5 on A Great Chaos.","2:20","Oct 13, 2023","Album Track","Yes","https://open.spotify.com/track/5ZY2fIqxuKDr5pdz0ucpRz?si=b31e92c9bffa450e
https://music.apple.com/ca/album/lose-it/1754635560?i=1754635577"
"A Great Chaos","⭐ Hardcore
(prod. starboy, AM, Bhristo, Warpstr & outtatown)","OG Filename: 06 Hardcore (MAIN) SING MASTER
Track 6 on A Great Chaos. Initially previewed during Ken Carson's Instagram live on June 17th, 2023, and was anticipated since his tweet ""𝒽𝒶𝓇𝒹𝒸𝑜𝓇𝑒.""","2:04","Oct 13, 2023","Album Track","Yes","https://open.spotify.com/track/39xDX63yonTblgoHdTKLtI?si=c0f6bd82a218427a
https://music.apple.com/ca/album/hardcore/1754635560?i=1754635760"
"A Great Chaos","⭐ Me N My Kup
(prod. legion, Warren Hunter, outtatown, Lil 88 & ​starboy)
(Bodies)","OG Filename: 07 Me N My Kup (MAIN) (MIX 092523) SING MASTER
Track 7 on A Great Chaos. Initially previewed during an Instagram live on May 5th, 2023. Before the album’s release, fans called the song “Bodies,” referencing the introduction of the sole verse in the song. Previewed again in an Instagram live on May 16th, 2023. @kencarsonsrarepics would post another snippet on their story on October 1st, 2023.","3:54","Oct 13, 2023","Album Track","Yes","https://open.spotify.com/track/0hhNTyH6RJJGItHeSMCof3?si=628012747b7a4cc7
https://music.apple.com/ca/album/me-n-my-kup/1754635560?i=1754635768"
"A Great Chaos","It's Over
(prod. ​​skai, MISOGI, ​starboy, AM, Lil 88 & outtatown)","OG Filename: 08 It's Over (MAIN) SING MASTER
Track 8 on A Great Chaos. On January 20th, 2023, Ken Carson would preview “it’s over” via an Instagram live, and on January 30th, he would preview the song again in the same manner. During the lead-up to Rolling Loud, Ken Carson teased fans with the possibility of releasing “It’s Over” alongside other unreleased tracks. However, he opted to only preview this song, leaving fans excited for his forthcoming album. Following the delay of the album, Ken Carson would announce on Twitter the release of this song as the first official lead single for A GREAT CHAOS, but he sadly missed the original release schedule due to label issues. After keeping quiet about the song’s release, on August 13th, 2023, Ken Carson took to Twitter to tease the song with a caption reading:

""its_0ver.mp3""","1:35","Oct 13, 2023","Album Track","Yes","https://open.spotify.com/track/6dhLnWxKnrrCszvUKRPkNq?si=f8330561cd3342bd
https://music.apple.com/ca/album/its-over/1754635560?i=1754635774"
"A Great Chaos","Succubus
(prod. F1LTHY & AM)
(so dark, sucka)","OG Filename: 10 Succubus (MAIN) SING MASTER
Track 9 on A Great Chaos. Succubus, previously known as “sucka” or “so dark,"" was first previewed on June 17th, 2023, on Ken Carson's Snapchat Story. The portion of the verse which was snippeted was cut from the final mix. Another snippet would surface on September 3rd, 2023.","2:29","Oct 13, 2023","Album Track","Yes","https://open.spotify.com/track/2pcv4nUQqaZnJk1kYvCfXV?si=dd2d55768bc045ca
https://music.apple.com/ca/album/succubus/1754635560?i=1754635777"
"A Great Chaos","⭐ Paranoid
(feat. Destroy Lonely) (prod. F1LTHY, Lukrative & Lucian)
(Kel-Tec)","OG Filename: 11 Paranoid (MAIN) (MIX 092423) SING MASTER
Track 10 on A Great Chaos. “Paranoid,"" previously dubbed “Kel-Tec” by fans, is a highly-anticipated song featuring frequent collaborator and labelmate Destroy Lonely. The song was first previewed during an Instagram live on December 11th, 2022, where Ken only previewed his verse, leading many to believe it was a solo song. A second snippet of the song was posted by Ken on April 10th, 2023, this time previewing the end of Destroy Lonely's verse. The rest of the song would be revealed during live performances in 2023. In every snippet and even the live performances, the song was sped and pitched up, though the release mix is at a normal pace.","2:07","Oct 13, 2023","Album Track","Yes","https://open.spotify.com/track/2l48XirhkqQ5qRqtwItNXn?si=8bb97b5d09b94390
https://music.apple.com/ca/album/paranoid-feat-destroy-lonely/1754635560?i=1754635787"
"A Great Chaos","⭐ Pots
(prod. Clif Shayne & Lucian)
(pouring out the syrup, Pancakes)","OG Filename: 12 Pots (MAIN) (MIX 092423) SING MASTER
Track 11 on A Great Chaos. ""Pots,"" an abbreviation for the term ""pouring out the syrup,"" was first seen on the original tracklist for A Great Chaos, shown by Ken Carson on June 25th, 2023. After Ken would miss the original release date of July 17th, 2023, he would preview a snippet of the song on his Instagram live on July 26th, 2023. He would then preview an extended snippet at Lollapalooza Chicago on August 4th, 2023.","2:09","Oct 13, 2023","Album Track","Yes","https://open.spotify.com/track/1uKWqIe47TjOC06rvTEWQa?si=613c19ff2c6d4761
https://music.apple.com/ca/album/pots/1754635560?i=1754635890"
"A Great Chaos","⭐ Like This
(feat. Lil Uzi Vert & Destroy Lonely) (prod. Semsi)","OG Filename: 09 Like This (MAIN) (MIX 092523) SING MASTER
Track 12 on A Great Chaos. The file ""Uzi x Ken x Lone - Like This"" was teased by Ken Carson on Twitter on June 10th, 2023. The song was then shown in another post by Ken in a tracklist, listed as track 8.","3:12","Oct 13, 2023","Album Track","Yes","https://open.spotify.com/track/1DypGkTryeH4cPFBVucxo4?si=29fb02109dc34a26
https://music.apple.com/ca/album/like-this-feat-lil-uzi-vert-destroy-lonely/1754635560?i=1754635895"
"A Great Chaos","✨ Overtime
(prod. Lil 88)","OG Filename: 13 Overtime (MAIN) SING MASTER
Track 13 on A Great Chaos. Previewed by Ken Carson during an Instagram live on October 29th, 2022.","1:46","Oct 13, 2023","Album Track","Yes","https://open.spotify.com/track/4hZi9952OTtYQnXo2FJT6C?si=737f9c3951e5404e
https://music.apple.com/ca/album/overtime/1754635560?i=1754636109"
"A Great Chaos","⭐ Vampire Hour
(prod. ​starboy, Bhristo & outtatown)
(Never)","OG Filename: 14 Vampire Hour (MAIN) SING MASTER
Track 14 on A Great Chaos. One of few songs released on A Great Chaos which was unheard prior to the album's leakage on October 9th, 2023. Despite this, it is recognized as one of the best on the project.","2:34","Oct 13, 2023","Album Track","Yes","https://open.spotify.com/track/1U29Vg8V5ivbxirZaG7XAR?si=9621080909a14abd
https://music.apple.com/ca/album/vampire-hour/1754635560?i=1754636117"
"A Great Chaos","⭐ Nightcore
(prod. Lukrative & Lucian)
(ken carson)","OG Filename: 15 Nightcore (MAIN) SING MASTER
Track 15 on A Great Chaos. Previewed by Ken Carson during an Instagram live on February 2nd, 2023. Previously titled “ken carson” on the original tracklist, however, it was later renamed alongside Nightcore 2 (formerly ""Way She Move"") to create a commonality between the two pitched up songs.","3:07","Oct 13, 2023","Album Track","Yes","https://open.spotify.com/track/5wotbFovMedDXEMKC4DrHf?si=b2ef3ef692e74140
https://music.apple.com/ca/album/nightcore/1754635560?i=1754636120"
"A Great Chaos","⭐ Nightcore 2
(prod. AM, Clif Shayne & Lucian)
(Way She Move)","OG Filename: 16 Nightcore 2 (MAIN) SING MASTER
Track 16 on A Great Chaos. Previewed by Ken Carson heavily sped and pitched up during an Instagram live on August 9th, 2023. Formerly went by the title ""Way She Move.""","3:02","Oct 13, 2023","Album Track","Yes","https://open.spotify.com/track/6p1j9OP2IBdzR5tgtyJk10?si=29d14f9fec5647b4
https://music.apple.com/ca/album/nightcore-2/1754635560?i=1754636130"
"A Great Chaos","Rockstar Lifestyle
(prod. ​ssort & Semsi)
(Codeine Sipper)","OG Filename: 17 Rockstar Lifestyle (MAIN) SING MASTER
Track 17 on A Great Chaos. “Rockstar Lifestyle,” previously dubbed “Codeine Sipper,” was previewed by Ken Carson in two separate Instagram lives and a Snapchat story on August 11th, 2023.","3:12","Oct 13, 2023","Album Track","Yes","https://open.spotify.com/track/5I8LS9jiW5xju1lzakh1s3?si=aa22e08b8c0f4070
https://music.apple.com/ca/album/rockstar-lifestyle/1754635560?i=1754636136"
"A Great Chaos","⭐ i need u
(prod. Lucian & MaxFlames)","Track 18 on A Great Chaos. Initially previewed by Ken Carson during an Instagram live on December 10th, 2022, quickly gaining notoriety for its fast-paced vibe, prompting people to make slowed edits of the song on TikTok. On January 17th, 2023, Ken publicly announced the February 14th, 2023 release date for the song - even tweeting one of the lyrics. When Ken revealed an early fourteen-song tracklist for A Great Chaos on June 25th, 2023, this track wasn’t present. However, by the time of the album’s eventual release, on October 13th, 2023, the song was reincluded as the eighteenth and final track.","2:28","Feb 14, 2023","Single","Yes","https://open.spotify.com/track/3YBU7JlsPHIXhEuc7OXrIT?si=8f80c3f6c821487a
https://music.apple.com/ca/album/rockstar-lifestyle/1754635560?i=1754636136"
"A Great Chaos","⭐ loading
(prod. Clif Shayne)","Track 19 on A Great Chaos (Deluxe).","3:06","Jul 5, 2024","Album Track","Yes","https://open.spotify.com/track/71NkBajKZWS6eu6PomUm6u?si=1738d40c2ffb4a11
https://music.apple.com/ca/album/loading/1754635560?i=1754636278"
"A Great Chaos","⭐ more chaos
(prod. Nick Spiders & Clif Shayne)
(Designer Hoes)","Track 20 on A Great Chaos (Deluxe). Previously known as “Designer Hoes,"" more chaos was initially previewed in a snippet leaked by ""countingcaskets"" to his Twitter on May 11th, 2024.","2:21","Jul 5, 2024","Album Track","Yes","https://open.spotify.com/track/6ovJ4vtrLdONeRoTT4s4uw?si=cef1fd8697a548b8
https://music.apple.com/ca/album/more-chaos/1754635560?i=1754636280"
"A Great Chaos","toxic
(prod. ​legion & ​​skai)
(Cheerleader)","Track 21 on A Great Chaos (Deluxe). Previously known as “Cheerleader” by fans, this song was first previewed by Ken Carson via his private Instagram account (@agreatchaos) on April 1st, 2024. Ken would preview an extended snippet of the song on May 14th, 2024, via Instagram.","2:45","Jul 5, 2024","Album Track","Yes","https://open.spotify.com/track/4c1LjGTCF8kMEikirzFgkm?si=dbdcb17b70dd4384
https://music.apple.com/ca/album/toxic/1754635560?i=1754636281"
"A Great Chaos","leather jacket
(prod. Perto)
(Strike)","Track 22 on A Great Chaos (Deluxe). Previously known as ""Strike” by fans, this song was previewed by Ken Carson via his private Instagram account (@agreatchaos) on December 12th, 2023. On December 18th, 2023, Ken would preview the song again through the agreatchaos account.","2:37","Jul 5, 2024","Album Track","Yes","https://open.spotify.com/track/3OUfsApmvr7mwIm0rSbqbu?si=dff3a6c8ee4b4abe
https://music.apple.com/ca/album/leather-jacket/1754635560?i=1754636283"
"A Great Chaos","⭐ mewtwo
(prod. Clif Shayne)
(Pokémon)","Track 23 on A Great Chaos (Deluxe). Previously known as “Pokémon” by fans, this song was first previewed via Ken Carson’s private Instagram account (@agreatchaos) on December 28th, 2023.","2:08","Jul 5, 2024","Album Track","Yes","https://open.spotify.com/track/6xZYGIixR3zhhOHwu7UEMY?si=26d6a099d6da4980
https://music.apple.com/ca/album/mewtwo/1754635560?i=1754636285"
"A Great Chaos","⭐ ss
(prod. Lil 88, ​bart how, 1kyl & Mnclzy)
(Sydney Sweeney)","Track 24 on A Great Chaos (Deluxe). Originally previewed twice through Instagram stories shared by @ohshtohshtohsht on January 2nd, 2024, and January 12th, 2024. It was then groupbought for $4000 and leaked on January 20th, 2024, with an open verse meant for HXG. The open verse portion of the song was heard briefly in Homixide Beno's Instagram story shortly before this. Previously thought to be the same as ""Chrome Heart Lens,"" which turned out to be false. When the deluxe edition of A Great Chaos released, the song featured a slower paced, melodic beatswitch produced by Lil 88 - much to the dismay of fans who listened to the leak.","3:04","Jul 5, 2024","Album Track","Yes","https://open.spotify.com/track/26QJuQfM8PVAWkIm1JRyqq?si=24ef380dfdd04925
https://music.apple.com/ca/album/ss/1754635560?i=1754636291"
"A Great Chaos","⭐ overseas
(prod. Lukrative, Nick Spiders, Esk & Lucian)
(Bleed)","Track 25 on A Great Chaos (Deluxe). On December 2nd, 2023, Ken Carson took to Instagram Live to preview a 34-second snippet of “Overseas.” On December 10th, 2023, rumored Opium signee L5 previewed the song again, with the caption “Breathe,” leading fans to believe that was the confirmed title. Later, on January 7th, 2024, Ken tweeted “LON-PAR-AMS” referring to the line ""London, Paris, Amsterdam, yeah, I’m overseas."" He then quickly deleted the tweet. On April 1st, 2024, Ken would take to his alternate Instagram account (@agreatchaos) to announce the release of the song on April 11th, 2024, which is also Ken’s birthday. On April 11th, 2024 the song leaked early unmastered and censored, It later released at 7:53 PM EST on Apple Music, and dropped at 8:00 PM EST everywhere else. On April 12th, 2024, it was revealed that the beat was originally made on November 11th, 2023.","2:21","Apr 12, 2024","Single","Yes","https://open.spotify.com/track/722NAIXkI6WRNvu9O7JkdH?si=b9ac5ba0243c41f2
https://music.apple.com/ca/album/overseas/1754635560?i=1754636292"
"A Great Chaos","⭐ Lil Tecca - Fell In Love
(feat. Ken Carson) (prod. Clif Shayne & AM)","Track 5 on TEC.","2:53","Sep 22, 2023","Feature","Yes","https://open.spotify.com/track/302EsF6DE70LfngVNLlqo5?si=e151f9815db44fa4
https://music.apple.com/ca/album/fell-in-love/1706351062?i=1706351083"
"A Great Chaos","Fighting My Demons [Music Video]
(prod. Warren Hunter, ​bart how, Lvis, ​starboy & outtatown)
(Fighting Demons, Where TF, Pop)","Official music video for track 3 on A Great Chaos, posted by Lyrical Lemonade.","2:44","Oct 31, 2023","Music Video","No","https://www.youtube.com/watch?v=YKkMR2l05Rs&list=PLW7tHg0F_-ku0ecKqs9HLIFl-1dyhj4Wn&index=13"
"A Great Chaos","Freestyle 2 [Music Video]
(prod. F1LTHY, AM & Gab3)","Official music video for track 14 on X.
This video has been identified by epilepsy action to potentially trigger seizures for those with photosensitive epilepsy.
VIEWER DISCRETION IS ADVISED.","2:21","Jan 13, 2023","Music Video","No","https://www.youtube.com/watch?v=jao-W5tJkYo&list=PLW7tHg0F_-ku0ecKqs9HLIFl-1dyhj4Wn&index=11"
"A Great Chaos","Jennifer's Body [Music Video]
(prod. KP Beatz & Lucian)","Official music video for track 2 on A Great Chaos. The music video premiered on YouTube the same day as A Great Chaos released.","2:42","Oct 13, 2023","Music Video","No","https://www.youtube.com/watch?v=CSMiPngo4uE&list=PLW7tHg0F_-ku0ecKqs9HLIFl-1dyhj4Wn&index=12"
"A Great Chaos","⭐ Destroy Lonely - money & sex
(feat. Ken Carson) (prod. ssort & Lucian)","Track 26 on If Looks Could Kill.
First previewed by Ken on his Instagram story on October 11th, 2022. Lone would later preview the beginning of the song on his Instagram Live with Ken on October 28th, 2022. They both would perform the song a few times before its release.","4:32","May 5, 2023","Feature","Yes","https://open.spotify.com/track/2cQxzcGw5eUJtqIdYuRoLq?si=1c25399d88574b9f
https://music.apple.com/ca/album/money-sex-bonus/1684644634?i=1684645200"
"A Great Chaos","070 Shake - Natural Habitat
(feat. Ken Carson) (prod. Dave Hamelin & ​​johan lenox)","Track 2 on PETRICHOR.","3:28","Nov 10, 2023","Feature","Yes","https://open.spotify.com/track/3s9PhZ3X5NH3Dgrtd4K8lM?si=34f0fb34547a4c21
https://music.apple.com/ca/album/natural-habitat-feat-ken-carson/1713812343?i=1713812344"
"A Great Chaos","070 Shake - Natural Habitat [Music Video]
(feat. Ken Carson) (prod. Dave Hamelin & ​​johan lenox)","Official music video for track 2 on PETRICHOR. The music video released alongside the song dropping on all platforms.","3:28","Nov 10, 2023","Music Video","No","https://www.youtube.com/watch?v=yB5bM0WFN8o"
"A Great Chaos","Southside & Destroy Lonely - President
(feat. Ken Carson) (prod. Southside, Lil 88, 1kyl & Muhlir)
(Presidential)","OG Filename: PRESIDENTIAL (MAIN) SING MASTER
A snippet of the song was posted by King Bob on December 17th, 2023. He later posted a screenshot of the file on Decmber 23rd, 2023. Released by Southside in April 2024.","3:07","Apr 26, 2024","Feature","Yes","https://open.spotify.com/track/3wHQwZC88fNttgEGinZ34Z?si=5d6f213c20ba41bc
https://music.apple.com/ca/album/president-feat-ken-carson/1742847807?i=1742847812"
"A Great Chaos","Southside & Destroy Lonely - President [Music Video]
(feat. Ken Carson) (prod. Southside, Lil 88, 1kyl & Muhlir)
(Presidential)","Official music video for President. The music video released alongside the song, but did not release on streaming platforms.","3:07","Apr 26, 2024","Music Video","No","https://www.youtube.com/watch?v=fkTgbsz1aUo"
"A Great Chaos","Ufo361 & lucidbeatz - RICK OWENS
(feat. Ken Carson) (prod. ​​lucidbeatz, Swisher, Neal & Alex & Jimmy Torrio)","Leaked Tagged on December 11th, 2023. Released on Jan. 5th, 2024. Track 2 on SONY.","2:10","Jan 4, 2024","Feature","Yes","https://open.spotify.com/track/7qAyWILStEa7VkjF00kXas?si=9f306baaec6c4a2e
https://music.apple.com/ca/album/rick-owens-feat-ken-carson/1719665059?i=1719665086"
"A Great Chaos","Succubus [Music Video]
(prod. F1LTHY & AM)
(so dark, sucka)","Official music video for track 9 on A Great Chaos.
Directors: HidjiWorld & Medet; Producer: Ricky Zanders; Production Company: 625 Industries","2:30","Feb 23, 2024","Music Video","No","https://www.youtube.com/watch?v=qCUhSPcoCcU"
"A Great Chaos","Lil Uzi Vert - x2
(prod. Clif Shayne & Ken Carson)","Track 6 on Pink Tape with production credits from Ken Carson.","3:54","Jun 30, 2023","Production","Yes","https://open.spotify.com/track/3a36nM6fPVA8K1vqq6d03o?si=0422742c6eeb4274
https://music.apple.com/ca/album/x2/1694343104?i=1694343494"
"22 Album Track(s)
1 Single(s)
3 Feature(s)
4 Music Video(s)
0 Production
0 Other","","(Oct 13, 2023) (A Great Chaos is released)
(Apr 11, 2025) (More Chaos is released)","","","","",""
"More Chaos","⭐ Lord Of Chaos
(prod. starboy & outtatown)
(Lord)","Track 1 on More Chaos. Highly anticipated song originally heard in a leaked snippet shared in a Discord server on March 6th, 2025.","2:01","Apr 11, 2025","Album Track","Yes","https://open.spotify.com/track/2Tif3Rjua8qfTCUFP6lFrV?si=6efc621fb0b048fc
https://music.apple.com/ca/album/lord-of-chaos/1806780313?i=1806780316"
"More Chaos","⭐ Xposed
(prod. ​​skai & ​legion)
(Karaoke)","Track 2 on More Chaos. Very highly anticipated song originally previewed by Ken Carson in two Snapchat stories shared on March 20th, 2024. It was later performed live during a concert, and was lined up for release on the deluxe edition of A Great Chaos, however, it ended up being shelved until its release on More Chaos.","3:50","Apr 11, 2025","Album Track","Yes","https://open.spotify.com/track/5kEcA3809KnRGpI7ml48cV?si=85cfc2deaaa44762
https://music.apple.com/ca/album/xposed/1806780313?i=1806780317"
"More Chaos","✨ Money Spread
(prod. Clif Shayne, Lukrative & Lucian)","Track 3 on More Chaos. Originally previewed by Ken Carson in a teaser for More Chaos shared on December 25th, 2024, becoming a very wanted snippet. Unfortunately a victim to snippet syndrome, but is still a good song.","1:45","Apr 11, 2025","Album Track","Yes","https://open.spotify.com/track/0EMaW6H0JkB84B8ebkkDrI?si=7162a28bc5d848b6
https://music.apple.com/ca/album/money-spread/1806780313?i=1806780318"
"More Chaos","Root Of All Evil
(prod. starboy, 16yrold & bass)
(ROAE, The One)","Track 4 on More Chaos. Originally previewed by Ken Carson in an Instagram story shared on January 17th, 2025.","2:27","Apr 11, 2025","Album Track","Yes","https://open.spotify.com/track/7x19FKGt44L9a0gSEXZ5f1?si=22c868c63ac84ad1
https://music.apple.com/ca/album/root-of-all-evil/1806780313?i=1806780319"
"More Chaos","⭐ K-Hole
(prod. KP Beatz & Lucian)
(Sniffer, Pocahontas)","Track 5 on More Chaos. Originally seen as ""Sniffer"" on the unfinished tracklist for More Chaos, ""K-Hole"" was a very highly anticipated snippet for the album, originally being previewed by Ken Carson in an Instagram story shared on January 20th, 2025. Ken previewed the song again in another Instagram story before its eventual release.","3:18","Apr 11, 2025","Album Track","Yes","https://open.spotify.com/track/0gF3J1BaegNk9PN4Zi8r0a?si=8d4bb356288744f2
https://music.apple.com/ca/album/k-hole/1806780313?i=1806780650"
"More Chaos","TrapJump
(prod. Evan Moitoso & Lil 88)
(Letting Off Rounds)","Track 6 on More Chaos. Originally titled ""Letting Off Rounds,"" the song was previewed in high quality a couple times by people with the album shortly before its release. No bounces exist where the outro doesn't fade out.","2:30","Apr 11, 2025","Album Track","Yes","https://open.spotify.com/track/56BtPjjWiRc0ch7DH8DNu9?si=d721ff4e8fd04536
https://music.apple.com/ca/album/trap-jump/1806780313?i=1806780652"
"More Chaos","⭐ Blakk Rockstar
(prod. F1LTHY, Erik Cordova, Warpstr & young emphasis)
(Blak Rockstar, Cocaine, Tesla)","Track 7 on More Chaos. ""Blakk Rockstar"" is the combination of two songs, ""Blak Rockstar,"" and ""Tesla."" The first half of the song was previewed in a snippet shared by El Gusto on April 5th, 2025. The second half of the song was also previewed by El Gusto, and it was slated for a groupbuy alongside ""Naked"" for $5500, but it was cancelled and Naked was bought on its own. On release it became the most popular songs on the album, despite the fade out on the outro.","3:50","Apr 11, 2025","Album Track","Yes","https://open.spotify.com/track/1LsisG6aoqfsF1r6M4LpMO?si=878910d164ba4457
https://music.apple.com/ca/album/blakk-rokkstar/1806780313?i=1806780653"
"More Chaos","⭐ LiveLeak
(prod. skai, Noah Mejia, Kavi & Gab3)
(Night, Narcotics, VMP, Vampire)","Track 8 on More Chaos. ""LiveLeak"" is the combination of two very highly anticipated songs, ""Narcotics,"" and ""VMP."" Both songs were seen serperated from each other on the unfinished tracklist for the album, so the combination of both songs came as a surprise to many. The act of combining the two songs can be seen as the biggest fumble on this album as the decision have VMP fade out - one of the most wanted snippets - came as an outrage, with the original version of the song still being grailed. Despite that major flaw, it's still a good song.","3:10","Apr 11, 2025","Album Track","Yes","https://open.spotify.com/track/7aURTqVzpZxkJfboCvGc69?si=301a9ea4c3384b7b
https://music.apple.com/ca/album/liveleak/1806780313?i=1806780654"
"More Chaos","✨ Diamonds
(prod. Lucian, Cxsket, Esko & Mayyzo)
(AP, Proud Family)","Track 9 on More Chaos. ""Diamonds"" is the combination of two songs, ""Proud Family,"" and ""AP."" Proud Family was seen on the unfinished tracklist for More Chaos, and was a very highly anticipated snippet since it was previewed on Ken Carson's alternate Instagram account @agreatchaos on August 2nd, 2024. On release, a vast majority of the song was cut for a transition into ""AP,"" coming as a great shame to fans. The full original version of ""Proud Family"" ended up leaking for free on April 15th, 2025, not long after the release of the album.","3:49","Apr 11, 2025","Album Track","Yes","https://open.spotify.com/track/5bPFrzPx78qBnYLrX5Ogfa?si=658f5c358f264511
https://music.apple.com/ca/album/diamonds/1806780313?i=1806780655"
"More Chaos","⭐ Dismantled
(prod. Clif Shayne & Lucian)","Track 10 on More Chaos. Initially previewed in an Instagram story shared by Ken Carson on February 20th, 2025, with the caption ""BAN HIM,"" quickly becoming a wanted song. Another snippet leaked a couple weeks after, and in April El Gusto shared a high quality snippet.","2:24","Apr 11, 2025","Album Track","Yes","https://open.spotify.com/track/3uJ1OBbQVLmrzzCaWGYLxr?si=deed3bd5e56d4d18
https://music.apple.com/ca/album/dismantled/1806780313?i=1806780656"
"More Chaos","200 Kash
(prod. 4our3va & Conz)","Track 11 on More Chaos. A version of the song with rougher mixing and a minute of silence at the end leaked on March 25th, 2025.","1:44","Apr 11, 2025","Album Track","Yes","https://open.spotify.com/track/4WPMwSCIAiykQJNZzEVi8B?si=9e26aa415dc4420f
https://music.apple.com/ca/album/200-kash/1806780313?i=1806780657"
"More Chaos","✨ Down2Earth
(prod. 16yrold & lordsideus)
(Off The Grid)","Track 12 on More Chaos. Originally previewed by Ken Carson in an Instagram story shared on January 9th, 2025. Another snippet leaked on March 8th, 2025, and a high quality snippet was shared by El Gusto on March 23rd, 2025.","2:02","Apr 11, 2025","Album Track","Yes","https://open.spotify.com/track/4YnB78MlBtr8YE0BANApq2?si=e5a7f18b122546e0
https://music.apple.com/ca/album/down2earth/1806780313?i=1806780658"
"More Chaos","✨ Confetti
(prod. 16yrold & bass)
(Overly)","Track 13 on More Chaos. Originally previewed by Ken Carson in an Instagram story shared on January 20th, 2025.","3:07","Apr 11, 2025","Album Track","Yes","https://open.spotify.com/track/17299SljLkad5pg9mhnK2Q?si=88945ddb413744de
https://music.apple.com/ca/album/confetti/1806780313?i=1806780660"
"More Chaos","✨ Naked
(prod. 4our3va, mental & ivvys)
(Antisocial)","Track 14 on More Chaos. Originally seen on the unfinished More Chaos tracklist shared by Ken Carson on January 25th, 2025. Leaked after a succesful $1500 groupbuy on March 26th, 2025, under the title ""Antisocial."" It wasn't disclosed that it was an album song prior to the finishing of the groupbuy.","2:45","Apr 11, 2025","Album Track","Yes","https://open.spotify.com/track/3P5mHpWlBKCJUVYz9QvOAd?si=eb924d6c49744a32
https://music.apple.com/ca/album/naked/1806780313?i=1806780663"
"More Chaos","⭐ Kryptonite
(prod. Clif Shayne)
(1st Night, First Night)","Track 15 on More Chaos. Originally previewed by Ken Carson on December 12th, 2023, and was recorded alongside the unreleased track ""Private.""","2:47","Apr 11, 2025","Album Track","Yes","https://open.spotify.com/track/2epSrh6IjiIb2F0O4QLu4b?si=f1be5bbc53f54c05
https://music.apple.com/ca/album/kryptonite/1806780313?i=1806780666"
"More Chaos","Psycho
(prod. 16yrold & Nilo)","Track 16 on More Chaos. Originally previewed by Ken Carson in an Instagram story shared on December 16th, 2024. A version with a scrapped feature from Don Toliver leaked on September 20th, 2025.","2:18","Apr 11, 2025","Album Track","Yes","https://open.spotify.com/track/3qOJebD6l8ONfeFFaEg1kU?si=02dcd2d71fac4702
https://music.apple.com/ca/album/psycho/1806780313?i=1806780667"
"More Chaos","⭐ Inferno
(prod. F1LTHY & Prod. 5$TAR)
(Forever Burn)","Track 17 on More Chaos. Initially snippeted in high quality by El Gusto on March 23rd, 2025, as a potential groupbuy option. The dolby atmos mix of the song has no vocals on the intro, similarly to the leaked demo. It was removed a couple days after the album released.","2:36","Apr 11, 2025","Album Track","Yes","https://open.spotify.com/track/5TsoJj7bFoBbtfYfHpwThH?si=5c75eefb47dc4609
https://music.apple.com/ca/album/inferno/1806780313?i=1806780670"
"More Chaos","⭐ Thx
(prod. F1LTHY, Lukrative & Lucian)
(For You, Mars)","Track 18 on More Chaos. Highly anticipated song initially previewed by Ken Carson via his Instagram story on November 9th, 2023. The song would be previewed a second time on January 19th, 2024, and a third time on July 4th, 2024, however, it ended up leaking on March 9th, 2025, a month before the release of More Chaos.","2:52","Apr 11, 2025","Album Track","Yes","https://open.spotify.com/track/4EJaMoBaqhbhGn4KX0vwOU?si=0c2ee8c8e3f24bc8
https://music.apple.com/ca/album/thx/1806780313?i=1806780672"
"More Chaos","✨ 2000
(prod. F1LTHY)
(Polo)","Track 19 on More Chaos. ""2000,"" formerly known as ""Polo,"" was initially previewed by Ken Carson in an Instagram story shared on January 25th, 2025. Another snippet leaked on April 5th, 2025.","2:36","Apr 11, 2025","Album Track","Yes","https://open.spotify.com/track/0IuQGeckRX3CXC2y55cykp?si=d7e957d7a77a4b2b
https://music.apple.com/ca/album/2000/1806780313?i=1806780674"
"More Chaos","⭐ Evolution
(prod. legion)
(Empire, Kill Bill)","Track 20 on More Chaos. Originally previewed by Ken Carson in a long snippet shared on February 29th, 2025.","3:13","Apr 11, 2025","Album Track","Yes","https://open.spotify.com/track/1COq4M4wLZ2H9op9BzpxbG?si=03c2c276a51f4d69
https://music.apple.com/ca/album/evolution/1806780313?i=1806780676"
"More Chaos","✨ Ghoul
(prod. Pi'erre Bourne)","Track 21 on More Chaos. Collaboration with Pi'erre Bourne initially previewed in a snippet which leaked on April 1st, 2026.","2:49","Apr 11, 2025","Album Track","Yes","https://open.spotify.com/track/7HcGqTORHDBsoC3HX6u83t?si=359e1c4d77c84283
https://music.apple.com/ca/album/ghoul/1806780313?i=1806780677"
"More Chaos","⭐ Off The Meter
(with Playboi Carti & Destroy Lonely) (prod. starboy, outtatown, Gab3 & DJ Moon)","Track 22 on More Chaos. Added to the album an hour after it released. The first official collaboration between Ken, Lone & Carti.","3:39","Apr 11, 2025","Album Track","Yes","https://open.spotify.com/track/2Y98lEkMVALCXni7o2g28b?si=db7833f11fea43d8
https://music.apple.com/ca/album/off-the-meter/1807926682?i=1807927087"
"More Chaos","⭐ delusional
(prod. MISOGI)","Snippet first previewed on August 21st, 2024, after Ken’s show in New York City where he is seen in his car playing the song. Released on November 1st, 2024 as a single for More Chaos.","2:11","Nov 1, 2024","Single","Yes","https://open.spotify.com/track/5116BQqgzOZ24Dx0ZKkagU?si=745efae00b764963
https://music.apple.com/ca/album/x2/1694343104?i=1694343494"
"More Chaos","delusional [Music Video]
(prod. MISOGI)","Official music video for delusional. Directed by Gunner Stahl.
This video has been identified by epilepsy action to potentially trigger seizures for those with photosensitive epilepsy.
VIEWER DISCRETION IS ADVISED.","2:11","Nov 1, 2024","Music Video","Yes","https://www.youtube.com/watch?v=gpbQ4A4tQuU
https://music.apple.com/ca/music-video/delusional/1777143732"
"More Chaos","Lord Of Chaos [Music Video]
(prod. starboy & outtatown)
(Lord)","Official music video for Lord Of Chaos. Directed by Nick Spiders.
This video has been identified by epilepsy action to potentially trigger seizures for those with photosensitive epilepsy.
VIEWER DISCRETION IS ADVISED.","2:20","Apr 14, 2025","Music Video","No","https://www.youtube.com/watch?v=vkhsaxlCSmc"
"More Chaos","Money Spread [Music Video]
(prod. Clif Shayne, Lukrative & Lucian)","Official music video for Money Spread. Shot and edited by @actualhate.","1:45","Apr 11, 2025","Music Video","Yes","https://www.youtube.com/watch?v=bYIODnKGNdg
https://music.apple.com/ca/music-video/money-spread/1807881050"
"More Chaos","overseas [Music Video]
(prod. Lukrative, Nick Spiders, Esk & Lucian)
(Bleed)","Official music video for track 25 on A Great Chaos (Deluxe).
This video has been identified by epilepsy action to potentially trigger seizures for those with photosensitive epilepsy.
VIEWER DISCRETION IS ADVISED.","2:22","Oct 18, 2024","Music Video","Yes","https://www.youtube.com/watch?v=80M6sAU9DY4
https://music.apple.com/ca/music-video/overseas/1774573155"
"More Chaos","⭐ SRTBBL
(with Destroy Lonely) (prod. F1LTHY, AM & Clif Shayne)
(00DARKSIDE, Darkside)","OG Filename: ken lone - SRTBBL v1.0
Highly anticipated song initially previewed in a post shared by opiumbaby via Twitter on September 26th, 2022. Previewed again by Ken Carson in an Instagram story shared on November 9th, 2023, and it was played during a concert on August 22nd, 2024. Ken also Teased the title of the song on November 13th, 2023. Released by Destroy Lonely on his Twitter on June 5th, 2025. Posted to his SoundCloud shortly after.","2:53","Jun 5, 2025","Feature","No","https://lastshare.org/s/InqsMbqZlR2uWal
https://soundcloud.com/destroylonely/srtbbl-ft-ken-carson-5"
"More Chaos","Destroy Lonely - THRILL
(with Ken Carson) (prod. Lil 88, Dylxn, ​​skai & ​zntiujao)
(WHOLE CLIQUE)","Track 18 on LOVE LASTS FOREVER.","4:12","Aug 30, 2024","Feature","Yes","https://open.spotify.com/track/3FMKkmAXsCrJM9ZDIbQejN?si=cc8c438d7abc4e64
https://music.apple.com/ca/album/thrill/1765381689?i=1765381930"
"More Chaos","✨ Lil Tecca - Tic Tac Toe
(with Ken Carson) (prod. Perto)","OG Filename: ken 8.19.24 2 tecca_1ext
Collaboration with Lil Tecca which initially leaked on April 8th, 2025. Released as Track 17 on Lil Tecca's ""DOPAMINE.""","2:57","Jun 13, 2025","Feature","Yes","https://open.spotify.com/track/0YgyE3xIbYNzYhaPPHqrXJ
https://music.apple.com/us/song/tic-tac-toe/1819515493"
"23 Album Track(s)
5 Single(s)
4 Feature(s)
2 Music Video(s)
0 Production
0 Other","","(Apr 11, 2025) (More Chaos is released)
(Jun 10, 2026) (Album USBs are showcased by various collaborators)
(Jul 3, 2026) (xperiment is released)","","","","",""
"xperiment","⭐ wheredoistart
(prod. 4our3va & 7menatl7)
(Grow Apart)","Track 1 on xperiment. Dubbed ""Grow Apart"" & ""Pangea"" by fans, wheredoistart was initially previewed by Ken Carson live during the first show of the WTF Tour in Paris on March 10th, 2026. Performed live during his Rolling Loud set exactly two months later on May 10th, 2026.","2:43","Jul 3, 2026","Album Track","Yes","https://lastshare.org/share/k3DDyWHrOhOgzmI
https://open.spotify.com/track/1lJWyDulWuGHlPccvRdZVs?si=769e4e83a1db46a9
https://music.apple.com/ca/album/wheredoistart/6781478597?i=6781478600"
"xperiment","deaf note
(feat. Playboi Carti) (prod. skai)
(cover my ears)","Track 2 on xperiment. Collaboration with Playboi Carti initially previewed at Rolling Loud Orlando on May 9th, 2026. The rest of Carti's verse was peformed live the day after. Performed again by Ken Carson & Playboi Carti during Carti's Summer Smash set on June 14th, 2026.","3:18","Jul 3, 2026","Album Track","Yes","https://lastshare.org/share/dhYTXuHVLDF90v0
https://open.spotify.com/track/17BcTd9O7iLnHQfGo31ntV?si=55c8d59a8a394088
https://music.apple.com/ca/album/deaf-note/6781478597?i=6781478601"
"xperiment","shadeson
(prod. 2hollis)
(Girl (Remix), OKC)","Track 3 on xperiment. Remix of 2hollis' ""Girl"" originally performed live by Ken Carson during his Rolling Loud set on May 10th, 2026.","1:59","Jul 3, 2026","Album Track","Yes","https://lastshare.org/share/IZlNhKbRolLpD4T
https://open.spotify.com/track/7155NVwKKJjtQtssuaqgJ9?si=3ebcae9152f84ffb
https://music.apple.com/us/song/shadeson/6781478602"
"xperiment","⭐ gynecologist
(prod. F1LTHY, Lukrative & 5$tar)
(Tote This)","Track 4 on xperiment. Originally previewed by Ken Carson on @xperimenting0_0 on January 27th, 2026. Performed live during the sixth and final show of the WTF Tour in Amsterdam on March 19th, 2026.","2:16","Jul 3, 2026","Album Track","Yes","https://lastshare.org/share/KaVSw36Qhj47ybW
https://open.spotify.com/track/6AoCjfTG81tgoy08bOLX2H?si=a9184ce62e164146
https://music.apple.com/us/song/gynecologist/6781478605"
"xperiment","✨ wrist
(prod. Lil 88)
(Hard In The Paint)","Track 5 on xperiment. Originally previewed by Luka Sabbat during an Instagram live on January 19th, 2026. Another snippet was shared by Ken Carson to his Instagram account @xperimenting0_0 on January 22nd, 2026. Another snippet of Ken in the studio leaked on April 6th, 2026. Two HQ snippets leaked via goin ham on June 24th, 2026.","2:51","Jul 3, 2026","Album Track","Yes","https://lastshare.org/s/EedBIGsAwyIKjbs
https://open.spotify.com/track/2LLALDUCUNpRPNNGLOwOrq?si=5e19c13bc6aa4f63
https://music.apple.com/us/song/wrist/6781478606"
"xperiment","⭐ edm
(prod. CURESFUL, DJ Moon, LBW, stormdidit, maine & oneacxg)","Track 6 on xperiment. ""edm"" was initially previewed by Ken Carson during an Instagram live on September 28th, 2025. It would be previewed again by Ken Carson in a Snapchat Story on October 23rd, 2025, and goin ham shared a LQ snippet on June 25th, 2026.","3:29","Jul 3, 2026","Album Track","Yes","https://lastshare.org/share/NTPeGx2fZ91lc1O
https://open.spotify.com/track/3XhMqaH1IhunxatNHlPZED?si=13e9bd2ea5d34639
https://music.apple.com/us/song/edm/6781478607"
"xperiment","✨ truth
(prod. MISOGI, outtatown & Art Dealer)","Track 7 on xperiment. Initially previewed by Ken Carson during an Instagram live on September 28th, 2025. Heard in the background of a teaser for the album shared on June 28th, 2026.","2:27","Jul 3, 2026","Album Track","Yes","https://lastshare.org/s/Fd1mgZcLwjFBiND
https://open.spotify.com/track/51bG14rUj0hyH1Ts8vmbZt?si=70425fa05d2e41fd
https://music.apple.com/us/song/truth/6781478608"
"xperiment","✨ outofmybody
(prod. F1LTHY, Chenzo & Prod. 5$tar)","Track 8 on xperiment. Originally performed live by Ken Carson briefly as the introductory track to his Rolling Loud set on May 10th, 2026.","2:01","Jul 3, 2026","Album Track","Yes","https://lastshare.org/s/GOAEEqyN8FDD7O1
https://open.spotify.com/track/4JFYg64vXvuTeWUMYKJH6A?si=c895c2b556974419
https://music.apple.com/us/song/outofmybody/6781478610"
"xperiment","✨ the ritual
(prod. Einthismf & Unseen)
(chains & watches, trap hibachi)","Track 9 on xperiment. Originally reviewed by Ken Carson on @xperimenting0_0 on November 15th, 2025. Seen as ""chains & watches"" on an unfinished tracklist for xperiment. Played live during the second show of the WTF Tour in Dusseldorf on March 12th, 2026. Studio snippet shared by Rema via an Instagram story on June 17th, 2026.","2:41","Jul 3, 2026","Album Track","Yes","https://lastshare.org/s/7I8ckipZumnLdC0
https://open.spotify.com/track/3Tfu5jSKfVpjHxwteBnJC8?si=398cb15a67a342cf
https://music.apple.com/us/song/the-ritual/6781478611"
"xperiment","⭐ interlude
(prod. starboy & outtatown)
(stars)","Track 10 on xperiment. Initially previewed alongside ""Margiela"" by Ken Carson during an Instagram Live on August 20th, 2025. Played live during the third show of the WTF Tour in Berlin on March 13th, 2026.","1:28","Jul 3, 2026","Album Track","Yes","https://lastshare.org/s/F0c6tUa5cmuIqOW
https://open.spotify.com/track/1GXj5hng2c7W42ZCwhjxna?si=571ea8340c2d49f2
https://music.apple.com/us/song/interlude/6781478614"
"xperiment","⭐ ghost
(feat. Lil Uzi Vert) (prod. Gab3, DJ Moon & ARKMAN)
(Switch Up)","Track 11 on xperiment. Originally previewed by Ken Carson during an Instagram Live on May 16th, 2025. Ken Carson quoted the snippet on Twitter with the caption ""Tell @LILUZIVERT to drop this ho"" on November 5th, 2025. Another snippet was previewed on May 4th, 2026.","3:53","Jul 3, 2026","Album Track","Yes","https://lastshare.org/share/5xp8Hna0aPdSCcA
https://open.spotify.com/track/5l2JiMegRp9HTtnlVDDdJb?si=a8fc63bcdc2f4c24
https://music.apple.com/us/song/ghost/6781478616"
"xperiment","drug kit
(feat. Young Thug) (prod. DY Krazy, TrePounds & Carter)","Track 12 on xperiment.","3:27","Jul 3, 2026","Album Track","Yes","https://lastshare.org/share/4Lws35iAV9vOqDR
https://open.spotify.com/track/1QW7B0KaSknMeHfhBTRWky?si=b38bf61f8c1a4c8b
https://music.apple.com/us/song/drug-kit/6781478617"
"xperiment","⭐ possession
(prod. F1LTHY & Prod. 5$tar)
(My Body)","Track 13 on xperiment. Previewed in a teaser for the album shared on June 17th, 2026.","2:13","Jul 3, 2026","Album Track","Yes","https://lastshare.org/s/sRvqhn9e4oRUUOv
https://open.spotify.com/track/7fqzm05AMU8nxELARCtGZr?si=d082bbb94e7d4de5
https://music.apple.com/us/song/possession/6781478620"
"xperiment","✨ fw00
(prod. MISOGI & AM)","Track 14 on xperiment.","2:42","Jul 3, 2026","Album Track","Yes","https://lastshare.org/s/qUVdagcJ53I3fG1
https://open.spotify.com/track/0oxF7piKUJQDaM5hyK7DbD?si=ac76735170cc4e27
https://music.apple.com/us/song/fw00/6781478621"
"xperiment","✨ somanybags
(prod. legion)","Track 15 on xperiment. Interpolates the instrumental from Juice WRLD & Young Thug's ""Bad Boy.""","1:49","Jul 3, 2026","Album Track","Yes","https://lastshare.org/s/bK1go749JUzVRFh
https://open.spotify.com/track/2uOrtaTKpLlCnpW9wy0ldX?si=600c73336a5f488c
https://music.apple.com/us/song/somanybags/6781478623"
"xperiment","⭐ shopping
(feat. Destroy Lonely) (prod. dulio, AM, malikai & Sala)
(call back, get rich)","Track 16 on xperiment. Originally previewed in a teaser for the album shared on June 28th, 2026.","4:00","Jul 3, 2026","Album Track","Yes","https://lastshare.org/s/SG3pDdEytnvUG3r
https://open.spotify.com/track/7xKm3Uo6n2yHS4pfKjD1xY?si=8a0ebcc7147d4241
https://music.apple.com/us/song/shopping/6781478624"
"xperiment","⭐ amandabynes
(prod. DJ Moon, CURESFUL & omgzanoza)
(Too Real, Fall Out)","Track 17 on xperiment. Previously known as ""Fall Out,"" amandabynes was previewed by Ken Carson during an Instagram live on January 13th, 2026.","2:30","Jul 3, 2026","Album Track","Yes","https://lastshare.org/s/XWkDU3osj7dTLSv
https://open.spotify.com/track/2jwUDUQcIAuEBh7qqabhwM?si=0bb00c6e36fa4d12
https://music.apple.com/us/song/amandabynes/6781478625"
"xperiment","⭐ amnesia
(prod. MISOGI, outtatown & Art Dealer)","Track 18 on xperiment. Originally previewed by Ken Carson during an Instagram live on September 28th, 2025.","2:20","Jul 3, 2026","Album Track","Yes","https://lastshare.org/s/5CtS7O4aKiWTULE
https://open.spotify.com/track/6nqUtTNGowzyJYhuIuZj9Z?si=042a476abfdf4143
https://music.apple.com/us/song/amnesia/6781478626"
"xperiment","⭐ flamethrower
(prod. Nick Spiders & Qexotic)
(Boil)","Track 19 on xperiment. Also known as ""Boil,"" flamethrower was initially previewed by Ken Carson in an Instagram story on May 16th, 2025. @vaultofken later tweeted that Flamethrower was intended to release for several months, but the post was removed shortly after. It was played briefly by Ken during his Rolling Loud set on May 10th, 2026, and later on it was heard in super low quality in an album teaser video shared on June 22nd, 2026.","2:19","Jul 3, 2026","Album Track","Yes","https://lastshare.org/s/XMbeyVSDhcqZgpI
https://open.spotify.com/track/5wJAqGjFPUPZVqk1f3k3PO?si=1a8f9f3aaba14ade
https://music.apple.com/us/song/flamethrower/6781478841"
"xperiment","⭐ knocking
(prod. Clif Shayne)
(Problem, Let Me In)","Track 20 on xperiment. Formerly known as ""Problem,"" knocking was initially previewed by Ken Carson in a Snapchat Story on October 23rd, 2025. A second recording leaked on December 22nd, 2025. Heard faintly in the background of the ""margiela"" music video shoot in a clip shared on March 23rd, 2026.","3:15","Jul 3, 2026","Album Track","Yes","https://lastshare.org/s/nUGE863dxxz8KAI
https://open.spotify.com/track/019BNL7sruegNcJiErXwFT?si=8eced76752c04849
https://music.apple.com/us/song/knocking/6781478842"
"xperiment","⭐ addiction
(prod. F1LTHY, Lukrative, Samsson & Ben Lidsky)
(Came Too Far)","Track 21 on xperiment. Collaboration with F1LTHY previewed live by Ken Carson during the fourth show of the WTF Tour in Manchester on March 15th, 2026.","3:17","Jul 3, 2026","Album Track","Yes","https://lastshare.org/s/AbR1I2jzhItun87
https://open.spotify.com/track/4aYn09UUPuJUrShKktcr02?si=af2ec7bd375e43ee
https://music.apple.com/us/song/addiction/6781478843"
"xperiment","✨ wedidit
(feat. Playboi Carti) (prod. Lucian, KP Beatz & ssort)
(ARP)","Track 22 on xperiment. Collaboration with Playboi Carti originally previewed by @actualizzzing via Instagram on May 3rd, 2026. Another snippet was shared shortly after. Perfomed live by Ken Carson during his Rolling Loud set on May 10th, 2026, revealing the inclusion of Playboi Carti on the song. Previewed in a teaser for the album shared on June 24th, 2026. A snippet of the music video was found on xxxxxxxxxxperiment.com with the password ""XPMT"" on June 28th, 2026. Title confirmed as ""wedidit"" after a snippet of the song was uploaded briefly to Ken Carson's SoundCloud on June 30th, 2026.","3:43","Jul 3, 2026","Album Track","Yes","https://lastshare.org/s/OCMMkGol3WBiU3D
https://open.spotify.com/track/7ijEnS2juTHSM7tD8byqrD?si=f9c67e7aada34024
https://music.apple.com/us/song/wedidit/6781478844"
"xperiment","too many poles
(prod. Clayco, trisstt, southboy, & Twonine)","Track 23 on the digital deluxe version of xperiment.","1:55","Jul 6, 2026","Album Track","No","https://lastshare.org/share/dLr6e1IYBDxFDhx"
"xperiment","✨ blower
(with Lil Gotit) (prod. skai)","OG Filename: ken gotit - blower v1.0
Collaboration with Lil Gotit released by Gotit via SoundCloud on January 29th, 2026. Deleted a couple hours after.","3:30","Jan 29, 2026","Single","No","https://lastshare.org/share/szVNzvlT3TjEbTH
https://soundcloud.com/icantfeelmybrains/blower-ft-ken-carson"
"xperiment","⭐ catastrophe
(prod. F1LTHY, 100yrd, Brak3, Techno Crush & vibemode)
(rosetta)","Initially snippeted by @g00mbuh on June 5th, 2025. Surfaced alongside the music video on October 20th, 2025 via STRAPPED! Released alongside the music video on November 6th, 2025.","2:01","Nov 6, 2025","Single","Yes","https://open.spotify.com/track/7LLIyWvrVCoOW35WqG9Jx7
https://music.apple.com/us/album/catastrophe-single/1851120574"
"xperiment","catastrophe [Music Video]
(prod. F1LTHY, 100yrd, Brak3, Techno Crush & vibemode)
(rosetta)","Official music video for catastrophe. Directed by Gunner Stahl","2:10","Nov 6, 2025","Music Video","No","https://www.youtube.com/watch?v=j2g-KI9mukI&list=RDj2g-KI9mukI&start_radio=1"
"xperiment","margiela
(prod. 16yrold, Akachi, gfelds & lolaxva)","Previewed alongside ""Stars"" by Ken on an Instagram Live on August 20th, 2025. Released alongside the music video on November 14th, 2025.","2:18","Nov 14, 2025","Single","Yes","https://open.spotify.com/album/6lCILy46F44uFdrHCunZss
https://music.apple.com/ca/album/margiela/1852914215?i=1852914220"
"xperiment","margiela [Music Video]
(prod. 16yrold, Akachi, gfelds & lolaxva)","Official music video for margiela. Directed by @directedbyfrankie & @yungtacc.","2:20","Nov 14, 2025","Music Video","No","https://www.youtube.com/watch?v=Ve5jWpIu6Ic"
"xperiment","✨ the acronym
(with Destroy Lonely) (prod. Akachi & Sonickaboom)
(private plane)","Previewed by Ken Carson on his new burner account @xperimenting0_0 on November 15th, 2025. Released on December 12th, 2025.","2:27","Dec 12, 2025","Single","Yes","https://open.spotify.com/album/2hrihzusVRHJXJoZkcKqN7
https://music.apple.com/ca/album/the-acronym/1860783694?i=1860783697"
"xperiment","⭐ yes
(prod. Clif Shayne & Ben Lidsky)
(Pint of Red)","Initially previewed by Ken Carson during an Instagram live on April 15th, 2025. Released as a single on October 31st, 2025.","2:55","Oct 31, 2025","Single","Yes","https://open.spotify.com/track/0AsznzqG4tJ0qnrWBZHrJO?si=ccabb4873bbe4a58
https://music.apple.com/ca/album/yes/1849753987?i=1849753988"
"xperiment","Destroy Lonely - open it up
(with Ken Carson) (prod. Bugz Ronin, Crsytals, Leiso & tylerfutura)","Track 17 on Destroy Lonely's album ""</3³.""","4:22","Sep 19, 2025","Feature","Yes","https://open.spotify.com/track/3Lir4xFT8g2t923T7d2Xmq
https://music.apple.com/ca/album/open-it-up/1841516423?i=1841516700"
"xperiment","HXG - PB&J
(with Ken Carson) (prod. Einthismf & ​young emphasis)
(Purple)","Initially previewed by @suppose56 via twitter on July 12th, 2025. 2 A couple more snippets would be posted in the following weeks. Recorded after the release of More Chaos. Released as Track 6 on HXG's ""Homixide Lifestyle 2.""","2:29","Aug 1, 2025","Feature","Yes","https://open.spotify.com/track/1uJiHxYj2jMgbSTNiuf6zV?si=a55e0b8dde774bd9
https://music.apple.com/us/song/pb-j/1830323496"
"xperiment","Double XL - Rocked Out
(with Ken Carson & Ealuhri) (prod. HariRock)","OG Filename: rocked out v1.0
Collaboration between YVL members Double XL, Ealuhri, & Ken Carson. Released on Double XL's album ""You Can Say That I'm Slime"" as Track 11 on February 4th, 2026. Was later removed from streaming, likely because Ken didn't clear it.","3:23","Feb 4, 2026","Feature","No","https://lastshare.org/share/5n31CWnKbXiBfem
https://open.spotify.com/track/6G5I6XcyhFqlHQ14IxyRZm?si=a158716ef51c48c6
https://music.apple.com/ca/album/rocked-out/1874075652?i=1874076244"
"xperiment","Young Thug - Yuck
(feat. Ken Carson) (prod. Taurus, DJ Moon & Sinful YTS)
(R.I.P. SCUTI)","Originally previewed in an instagram story by Young Thug on April 11th, 2025. A snippet would surface of Ken's feature on the song on April 17th, 2025. Leaked on June 23rd, 2025, after being previewed by Young Thug at summer smash. Released on Young Thug's Album ""UY SCUTI"" as track 2.","4:08","Sep 26, 2025","Feature","Yes","https://open.spotify.com/album/1pMShes3Ptgnyo4NCvOGgt?si=v3MaHl9aSDKUIAIEY65Ocg
https://music.apple.com/us/song/yuck-feat-ken-carson/1842255353"
"8 EP Track(s)
0 Single(s)
0 Feature(s)
0 Music Video(s)
0 Production
0 Other","","(Jul 3, 2026) (xperiment is released)
(Jul 10, 2026) (cartunez fails to release as expected)
(Ongoing)","","","","",""
"cartunez","TBD","TBD","TBD","","EP Track","No",""
"cartunez","TBD","TBD","TBD","","EP Track","No",""
"cartunez","TBD","TBD","TBD","","EP Track","No",""
"cartunez","TBD","TBD","TBD","","EP Track","No",""
"cartunez","TBD","TBD","TBD","","EP Track","No",""
"cartunez","TBD","TBD","TBD","","EP Track","No",""
"cartunez","TBD","TBD","TBD","","EP Track","No",""
"cartunez","TBD","TBD","TBD","","EP Track","No",""
