Era,Name,Notes,Track Length,File Date,Leak Date,Available Length,Quality,Link(s)
"0 OG Files
3 Full
0 Tagged
0 Partial
0 Snippets
3 Unavailable",SPC Entourage,,,,,,,
SPC Entourage,"Swag So Cool
(feat. Bobby)",Mentioned in interviews with XXL and Billboard.,,,,Confirmed,Not Available,"https://www.xxlmag.com/gunna-speaks-his-success-into-existence/
https://www.billboard.com/music/rb-hip-hop/chartbreaker-gunna-nine-hot-100-hits-interview-8489803/"
SPC Entourage,"SPC Entourage - All I Do is Get Money
(with Gunna, Money Marc, & Nechie) (prod. Q. Don)","OG Filename: All I Do Is Get Money
Uploaded to SPC Entourage's MySpace page on April 20, 2009 in an album titled ""S.P.C."". An in-studio performance video was uploaded on May 25, 2009; the engineer played ""Juice"" after this song, but that video is lost.",5:24,,"May 25, 2009",Full,Recording,https://mega.nz/file/MA5wzDxT#corRUe3-d6vWWPgR6Zby953fk7veJSXYPmN8iPBuEZs
SPC Entourage,SPC Entourage - Juice,"OG Filename: Juice Ft. Bossman D.E.Z.
Uploaded to SPC Entourage's MySpace page on April 20, 2009 in an album titled ""S.P.C."".",5:18,,,Confirmed,Not Available,https://myspace.com/thespcentourage/music/song/juice-ft.-bossman-d.e.z.-51828576-55916895
SPC Entourage,"SPC Entourage - Splashin'
(feat. Yung Booke)","OG Filename: Splashin Ft Young Booke
Uploaded to SPC Entourage's MySpace page on April 20, 2009 in an album titled ""S.P.C."".",4:56,,,Confirmed,Not Available,https://myspace.com/thespcentourage/music/song/splashin-ft-young-booke-50551717-54472091
SPC Entourage,"SPC Entourage - This is the Life
(with Gunna, Nechie, Money Marc, & Boss Man D.E.Z.) (prod. Beatmonstas)","OG Filename: This Is The Life Ft. Bossman D.E.Z.
Uploaded to SPC Entourage's MySpace page on February 26, 2009; surfaced to YouTube missing Bossman D.E.Z.'s verse on November 27, 2010. Later interpolated in SPC - ""Lavish Life"".",5:24,,"Nov 27, 2010",Full,High Quality,https://pillows.su/f/ed9ee89531014f06b04236ebca9baf26
SPC Entourage,"You're Not Turned Up
(prod. K.E. on the Track)
(All the Way Turnt Up Freestyle)","Previewed on December 6, 2010. Remix of Roscoe Dash - ""All the Way Turnt Up"".",,,"Dec 6, 2010",Full,Recording,https://mega.nz/file/VMR30ASD#opDtb4cASNjLFy2g5IgUnGLKsSqXHY-xzzKH-Y8EH78
"9 OG Files
5 Full
0 Tagged
0 Partial
4 Snippets
4 Unavailable",Family 1st,,,,,,,
Family 1st,"Ain't No Way
(Ain't Know Way)","OG Filename: Ain't Know Way- Yung Gunn
Open verse demo from 2011. Leaked by Gunna to the defunct file-sharing website LimeLinx on September 4, 2011, and to YouTube on November 6, 2011.",4:09,,"Sep 4, 2011",Full,High Quality,https://pillows.su/f/19b8d6a2fabcbc3dcf66ef28d7bcce75
Family 1st,"Backroads
(Back Roads)","OG Filename: 01 BackRoads
Throwaway by Yunggunn created on November 4, 2011 and edited on November 6, 2011. First mentioned by @Smerk__ on November 10, 2011.",2:50,"Nov 6, 2011","May 26, 2024",OG File,CD Quality,https://pillows.su/f/77f1838c71e70ab750d1c307e11e5e7d
Family 1st,"Been Gettin' Money [V1]
(feat. Self Paid) (prod. Eli of TKB)","Initially leaked by Gunna to the defunct file-sharing site LimeLinx on October 2, 2011. Later released with DJ tags by Self Paid on their debut mixtape All on Us. A video shoot was conducted on June 17, 2012, but never released.",4:34,,"Oct 2, 2011",Full,High Quality,https://pillows.su/f/649ff933fbc4bdee7ee0bcbc80b7ad7e
Family 1st,"Feel My Pain
(Can't Feel My Pain)","OG Filename: 03 Feel My Pain
Recorded on November 4, 2011. First previewed on August 22, 2014.",3:16,"Nov 4, 2011","Dec 30, 2022",OG File,High Quality,https://pillows.su/f/15c105b5ea3d38883d12f8dda3f81725
Family 1st,Go In,"First mentioned by @OfficailDJ402 on August 23, 2012. Snippet surfaced on April 27, 2026.",,,"Apr 27, 2026",Snippet,High Quality,https://pillows.su/f/3f0e89e9acfdb0ff374c58f241d40c8a
Family 1st,"I'ma Boss (Freestyle)
(prod. Jahlil Beats)","Confirmed in a tweet from Gunna and a link to the defunct file-sharing site LimeLinx: ""@MeekMill NEW IMA BOSS FREESTYLE RELEASE BY @YungGunna6500 limelinx.com/files/b006cb29e69aa7101dd47b9d91708d05 GO DOWNLOAD CHECK IT OUT #RT"". Previewed in CDQ on December 27, 2022. Another snippet surfaced on April 27, 2026.",,"Oct 17, 2011","Dec 27, 2022",Snippet,CD Quality,"https://pillows.su/f/cbeacb114629031d989eb923e3210f29
https://pillows.su/f/57b9e17dce0b75e962837aaea9323272"
Family 1st,"Look at My Team
(prod. Will A Fool)","Posted to the defunct file-sharing site LimeLinx on January 1, 2012. Posted to YouTube by Gunna's promoter on January 27, 2012. Uses the same instrumental as HellaCoppa - ""No Hablo"".",3:14,,"Jan 27, 2012",Full,High Quality,https://pillows.su/f/821266e0ea507719e85f8512116da858
Family 1st,Straight Cash,"Snippet surfaced on April 27, 2026.",,,"Apr 27, 2026",Snippet,High Quality,https://pillows.su/f/7bd4de16fb40ab8a721735375b4954f3
Family 1st,"??? - We On
(feat. Gunna)","First mentioned by @Smerk__ on October 19, 2011. Snippet surfaced on April 27, 2026.",,,"Apr 27, 2026",Snippet,High Quality,https://pillows.su/f/cc8a1ae3a30273be84cbec798c7c17e4
Family 1st,"Paige P-Reezy - Langston You Can Do It
(feat. Gunna, Newbold D'administrator, & Ms. McDonald) (prod. Drumma Boy)
(High School Project, No Hands Remix)","A school project made by Langston Hughes High School students and faculty. Uses the same instrumental as ""No Hands"" by Waka Flocka Flame, Wale and Roscoe Dash. Music video was posted to YouTube on May 7, 2011. Yung Gunn is featured under the name ""Yung Serg"".",4:33,,"May 7, 2011",Full,High Quality,https://pillows.su/f/79b31b859948619f6512c5d94cb75b1e
Family 1st,"All Day
(feat. Nechie)","Mentioned by @DESIGNERmeLQuii on June 5, 2011.",,,,Confirmed,Not Available,https://twitter.com/DESIGNERmeLQuii/status/77328178888183808
Family 1st,"Purple Dreams
(feat. Nechie)","Mentioned by @RealGrnEyez on September 5, 2011.",,,,Confirmed,Not Available,https://twitter.com/RealGrnEyez/status/110771451258339330
Family 1st,"Remain Us [V1]
(feat. Boss Man D.E.Z. & Nechie)","Original version of SPC - ""Remain Us"" with no DJ Scream tags or intro. Posted by Gunna to the defunct file-sharing site TweetMySong on September 12, 2011.",,,,Confirmed,Not Available,https://twitter.com/SplurgingRaccS/status/113324568411783168
Family 1st,"⭐ City Lights
(prod. Downtown Music)","OG Filename: City Lights 8-20
Throwaway dated August 20, 2012.",3:35,"Aug 20, 2012","May 26, 2024",OG File,Lossless,https://pillows.su/f/a9d219f01e327de76794bf7626584755
Family 1st,"Feel This
(prod. Lexi Banks)","OG Filename: Feel This - part 2nd vs
Demo from 2012. As the title implies, the 2nd verse is unfinished.",2:53,"Aug 30, 2012","May 26, 2024",OG File,Lossless,https://pillows.su/f/02dc1e173aaf8e32b9768e9e3d925bdf
Family 1st,Live Life,"OG Filename: live life1.L
Throwaway from 2012.",3:46,,"May 26, 2024",OG File,High Quality,https://pillows.su/f/9efc5cbd5dad7fb8a5100c546a545740
Family 1st,"Paper
(feat. Boss Man D.E.Z. & Swisher T)","OG Filename: Paper 6-18
Throwaway from the Family 1st sessions. Recorded at Hot Beats studios.",4:18,"Jun 18, 2012","May 26, 2024",OG File,Lossless,https://pillows.su/f/8f469976bea352cb91282d492373b830
Family 1st,"Tryna Get Blazed
(prod. Slim C)
(Tryin' ta Get Blazed)","OG Filename: Tryin ta Get Blazed
Open verse demo from 2012. Samples ""Munchies For Your Love"" by Bootsy Collins.",4:18,"Jan 11, 2012","May 26, 2024",OG File,Lossless,https://pillows.su/f/a63d890b7af503a7371299d73f8633a4
Family 1st,"Started
(feat. Nechie)
(Stared)","OG Filename: stared.R
Throwaway from the Family 1st sessions. Audio is mono; right channel only.",4:17,"Oct 5, 2012","May 26, 2024",OG File,Lossless,https://pillows.su/f/20a78a76ba460f15dea79e2365b89b20
Family 1st,"Nechie - All I Ever Wanted was Some Money
(feat. Gunna)","OG Filename: 03 Track 03 2
First mentioned by @lifeofjuelz on September 28, 2012. 3rd verse is open.",4:02,,"May 26, 2024",OG File,High Quality,https://pillows.su/f/fa3b59e7dc506f8ebaf805b6a09e5bc7
Family 1st,"SPC - Stash House
(with Nechie, Gunna, & Boss Man D.E.Z.)","First mentioned by Gunna's promoter @ShadyNovaBoy1 on April 14, 2012. Posted by Gunna to the defunct file-sharing site LimeLinx: ""#NEWMUSIC #DL #StashHouse Nechie X Yung Gunn X Bo$$Man DEZ #SPCDAFAM {678-761-2766 FOR Inquiries} => limelinx.com/files/f4d0f4776f51eaf39a23d87d3a1e59e7"". Most of the song is available via Hood Affairs; the intro, outro, and part of Boss Man D.E.Z.'s verse are only available in recorded quality.",,,"May 11, 2012",Full,High Quality,https://pillows.su/f/2c80278e9b3aeee8acee44cf7b024bca
Family 1st,"Boss Man D.E.Z. - Hold Up [V1]
(feat. Gunna) (prod. TwanBeatMaker)","Original version of SPC - ""Hold Up"" with a Boss Man D.E.Z. verse and no Nechie or Migo verse; has no DJ. First mentioned on March 18, 2012.",,,,Confirmed,Not Available,https://twitter.com/FlyBillionaire/status/181504539084587008
"46 OG Files
0 Full
0 Tagged
0 Partials
0 Snippets
0 Unavailable",Hard Body,,,,,,,
Hard Body,"Stay Gettin' High
(prod. Lexi Banks)","OG Filename: stay gettin high.R
Open verse demo from the Hard Body sessions. Vocals occasionally fluctuate in volume. Audio is mono; right channel only.",4:01,"Dec 16, 2012","May 26, 2024",OG File,Lossless,https://pillows.su/f/fa784510281bbefbc7a455074fad9545
Hard Body,"Can't Change Me
(prod. Tony Fadd)","OG Filename: Can't Change Me
Open verse demo dated April 3rd, 2013.",3:03,"Apr 3, 2013","May 26, 2024",OG File,Lossless,https://pillows.su/f/beb270d3d7442c53604895fb131ea634
Hard Body,"Can't Feel My Raps
(prod. Scott Supreme)","OG Filename: Can't feel my raps((F))
OG file for track 6 on Hard Body, ""Can't Feel My Raps"".",3:24,,"May 26, 2024",OG File,CD Quality,https://pillows.su/f/00556824ca3792a8f823f20719b932b8
Hard Body,"Can't Right My Wrongs
(prod. Lexi Banks)","OG Filename: Can't Right My Wrongs
Open verse demo from the Hard Body sessions.",3:31,,"May 26, 2024",OG File,High Quality,https://pillows.su/f/6984e2f3b7b076810b7a7d073acfe84a
Hard Body,"Caught Up [V1]
(prod. Lexi Banks)","OG Filename: Niggas caught up in dese Hoes
OG File (Metadata): Track 03
Original version of track 5 on Hard Body, ""Caught Up"", with a beat tag, rougher mix, no intro vocals, and no Da Wrapper feature. Dated January 29, 2013.",3:06,"Jan 29, 2013","May 26, 2024",OG File,CD Quality,https://pillows.su/f/535d099d9ecc1f40ab083d0a004f0aa9
Hard Body,"Caught Up [V2]
(feat. Da Wrapper) (prod. Lexi Banks)","OG Filename: Caught up(((F)))
Original version of track 5 on Hard Body, ""Caught Up"" featuring Cmore Stacks (Da Wrapper). Has a quieter mix and still contains a beat tag.",4:07,,"May 26, 2024",OG File,CD Quality,https://pillows.su/f/4804f38c47784614efc534a316e45292
Hard Body,"Caught Up [V3]
(feat. Da Wrapper) (prod. Lexi Banks)","OG Filename: Caught up(((F)))NT
OG file of track 5 on Hard Body, ""Caught Up"", with the beat tag removed.",4:09,,"May 26, 2024",OG File,CD Quality,https://pillows.su/f/27979f22496bf6142d37f35cec89b90a
Hard Body,"Diamonds [V1]
(feat. Nechie) (prod. Tony Fadd)","OG Filename: DIAMONDS 2
Lower-quality version of ""Diamonds"" with a louder mix. Ends with 20 seconds of silence.",3:54,,"May 26, 2024",OG File,High Quality,https://pillows.su/f/2a00e163abc123e163c09ffae1f64f9c
Hard Body,"Diamonds [V2]
(feat. Nechie) (prod. Tony Fadd)","OG Filename: Diamonds((F))(no A)
Same as V3, but without autotune.",3:32,,"May 26, 2024",OG File,CD Quality,https://pillows.su/f/9772cfedf6b34412cbb33db25ee9bad5
Hard Body,"Diamonds [V3]
(feat. Nechie) (prod. Tony Fadd)","OG Filename: Diamonds((F))
Throwaway from 2013.",3:32,,"May 26, 2024",OG File,CD Quality,https://pillows.su/f/e7dc65c85c28cee69bf13fc4af168581
Hard Body,"Faded [V1]
(prod. Young Martin Beats)","OG Filename: Faded_2
Original version of track 4 on Hard Body, ""Faded"", with a beat tag. The adlibs have no autotune and some are missing. Dated February 24, 2013.",3:27,"Feb 24, 2013","Apr 1, 2024",OG File,Lossless,https://pillows.su/f/a0705eb3580d18f143322635b3f3aef5
Hard Body,"Faded [V2]
(prod. Young Martin Beats)","OG Filename: Faded Master 
OG file for track 4 on Hard Body, ""Faded"". Posted to Twitter by @JSKKY_FGS on September 19, 2013.",3:29,,"Sep 19, 2013",OG File,High Quality,https://pillows.su/f/545ba9423c73144c49339856e7c35228
Hard Body,"Get Money [V1]
(prod. Lexi Banks)","OG Filename: Get Money((F))
Original version of ""Get Money"" with a quieter mix and a beat tag.",2:42,,"May 26, 2024",OG File,CD Quality,https://pillows.su/f/6df6d1cf908588a5a66d5e54c459a172
Hard Body,"Get Money [V2]
(prod. Lexi Banks)","OG Filename: Get Money((F))^(NT)
OG file for track 13 on Hard Body, ""Get Money"".",2:42,"May 8, 2013","May 26, 2024",OG File,Lossless,"https://pillows.su/f/ff1648fc34d709f7aba1eb146a5730f8
https://pillows.su/f/2d161e8d33a62fac113697ff4730c590"
Hard Body,HardBody [V1],"OG Filename: HardBody 1-24
OG file for track 1 on Hard Body, ""HardBody"". Dated January 24, 2013.",2:45,"Jan 24, 2013","May 26, 2024",OG File,Lossless,https://pillows.su/f/64556f5f78e6e6bd96a543b1a9309d2b
Hard Body,HardBody [V2],"OG Filename: Hardbody(F)
Rework of ""Hardbody"" with re-recorded vocals, another vocal track, quieter mix, stereoized hook, more adlibs, and no autotune on the background vocals. Also has a slightly longer outro.",2:53,,"May 26, 2024",OG File,CD Quality,https://pillows.su/f/6f5cbd0147812cf2b4dfd477ac608095
Hard Body,HardBody [V3],"OG Filename: Hardbody(F)^(NEW)
Similar to V2 but has a slightly altered mix. The background vocals are quieter and have light autotune.",2:53,,"May 26, 2024",OG File,CD Quality,https://pillows.su/f/c30f976066f37cb338791444edc632a4
Hard Body,"Harder I Go [V1]
(prod. Trackslammers & Swag Brothers)","OG Filename: Harder I go(F)
Version of ""Harder I Go"" with fewer vocal effects and a rougher mix.",3:09,,"May 26, 2024",OG File,CD Quality,https://pillows.su/f/d622a6088b4ac1997b7ef0dbdaf99bd1
Hard Body,"Harder I Go [V2]
(prod. Trackslammers & Swag Brothers)","OG Filename: Harder I Go
Alternate mix of ""Harder I Go"".",3:10,"Jan 18, 2013","May 26, 2024",OG File,Lossless,https://pillows.su/f/1f1a9f7e6d4cb4383108a7bf3dc43b3e
Hard Body,"Harder I Go [V3]
(prod. Trackslammers & Swag Brothers)","OG Filename: 08 Harder I go
OG file for track 8 on Hard Body, ""Harder I Go"".",3:12,"Feb 5, 2013","May 26, 2024",OG File,High Quality,https://pillows.su/f/0acc756e1298a6af12116f747630f109
Hard Body,Hate Bitches,"OG Filename: Hate Bitches(F)
Throwaway from the Hard Body sessions. Ends with 90 seconds of open instrumental. First mentioned by @teezy6500 on March 24, 2013.",4:36,,"May 26, 2024",OG File,CD Quality,https://pillows.su/f/5cf85da68fa9f5068eee3abc7a6343db
Hard Body,I'm Not a Criminal,"OG Filename: I Am Not A Criminal 3-5
Original version of track 10 on Hard Body, ""I'm Not a Criminal"". Features a slightly alternate mix and the beat tag in the intro is not cut off. Dated March 5, 2013. First mentioned by Booka on March 17, 2013.",2:58,"Mar 5, 2013","May 26, 2024",OG File,Lossless,https://pillows.su/f/554e9972cc88b165ae7612643390a2fd
Hard Body,"Know Some Niggas
(feat. Migo) (prod. Downtown Music)","OG Filename: Know Some Niggas
Throwaway from the Hard Body sessions.",3:44,,"May 26, 2024",OG File,High Quality,https://pillows.su/f/5ead8515aa463caec4b85f930b33795d
Hard Body,"La Familia
(prod. RicandThadeus)","OG Filename: La Familia
Hook-only demo from 2013. A tweet from @teezy6500 alludes to a more complete version existing.",3:44,,"May 26, 2024",OG File,High Quality,https://pillows.su/f/45def807233e49d0857c3061016057a0
Hard Body,"Make it Out
(feat. Nechie) (prod. Lexi Banks)","OG Filename: Make It Out
Throwaway from the 2013.",2:38,,"May 26, 2024",OG File,High Quality,https://pillows.su/f/b4e4dce4adb9b8e3b86df59fe59054a6
Hard Body,Movie Star,"OG Filename: Movie Star 2
Throwaway from the Hard Body sessions.",3:45,,"May 26, 2024",OG File,High Quality,https://pillows.su/f/6356550a6c40a2bf860579c67c2ff0ac
Hard Body,Never Gone Change [V1],"OG Filename: 02 Neva Gone Change
Original version of ""Never Gone Change"" with a rougher mix. The beat tag is not edited out. Ends with two hooks instead of one and has extra adlibs in the outro.",4:15,"Feb 5, 2013","May 26, 2024",OG File,High Quality,https://pillows.su/f/a385b91086cee960b8f899fe3e8f88f3
Hard Body,Never Gone Change [V2],"OG Filename: Never Gon Change((F))
OG file for track 9 on Hard Body, ""Never Gone Change"". Dated February 5, 2013.",3:36,,"May 26, 2024",OG File,CD Quality,https://pillows.su/f/7c9fc0aba2ff070b3cb91aa8990ed276
Hard Body,"No More
(prod. Slim C)","OG Filename: No More(F)
Original version of track 12 on Hard Body, ""No More"", with a rougher mix and an open 3rd verse.",3:50,,"May 26, 2024",OG File,CD Quality,https://pillows.su/f/4a4e8189cf57de1ccb71fe9488ec6895
Hard Body,"One Night [V1]
(prod. Tony Fadd)","OG Filename: 03 Track 03 4
Rough mix of ""One Night"" with rawer vocals, a beat tag, a longer intro, and no background vocalists in the outro. Has no adlibs on the verses. Dated January 14, 2013.",4:32,"Jan 13, 2013","May 26, 2024",OG File,CD Quality,https://pillows.su/f/7c1230a2b845e20b4f38f2e045ec4b03
Hard Body,"One Night [V2]
(prod. Tony Fadd)","OG Filename: 01-24 One Night
Throwaway from the ""Hard Body"" sessions. 4 bars were cut from the 2nd verse and the 2nd and 3rd choruses are shorter. Has some new vocal takes.",3:38,"Jan 24, 2013","May 26, 2024",OG File,Lossless,https://pillows.su/f/91dc578324b01fbe842c5e2072c9dd2e
Hard Body,Rarri [V1],"OG Filename: All I Ever Wanted
Open verse version of ""Rarri"". Features an alternate mix and unused adlibs. Outro is shorter and the post-chorus is missing.",2:08,"Apr 11, 2013","May 26, 2024",OG File,Lossless,https://pillows.su/f/3ce2c0b20872b308be186387c849937d
Hard Body,Rarri [V2],"OG Filename: I WANTED
Louder mix of ""Rarri""",2:23,,"May 26, 2024",OG File,High Quality,https://pillows.su/f/11ecc2ab53b0784a3c574d2a4446d958
Hard Body,Rarri [V3],"OG Filename: Rari(F)^o
Alternate mix of ""Rarri"".",2:22,"Apr 30, 2013","May 26, 2024",OG File,Lossless,"https://pillows.su/f/32fc14faa1b114a1e3f83a4d08fbed77
https://pillows.su/f/0544b257287fa15137fba091b0a7dd01"
Hard Body,Rarri [V4],"OG Filename: Rari(F)NTnew
OG file for track 3 on Hard Body, ""Rarri"".",2:22,"May 20, 2013","May 26, 2024",OG File,Lossless,"https://pillows.su/f/498079c62ab350f7f14507c8040948a2
https://pillows.su/f/5eca3d55f0e76aa6897cb61283c63cad"
Hard Body,"Really How it Go
(prod. Diamond Style)","OG Filename: Really How It Go
Demo from the Hard Body sessions. Ends with 2 minutes of open instrumental.",3:34,,"May 26, 2024",OG File,High Quality,https://pillows.su/f/07e26a6442c652b5ce76a608864f9386
Hard Body,"Style Like Me [V1]
(prod. Urben Beats)","OG Filename: Style_2-24
Original version of the first half of track 14 on Hard Body, ""Style Like Me"". Features a louder mix and slightly longer outro.",3:09,"Feb 24, 2013","Apr 1, 2024",OG File,Lossless,https://pillows.su/f/e776aa2394dc50e136b61ca4073eb09a
Hard Body,"Style Like Me [V2]
(prod. Urben Beats)","OG Filename: Style((F))
Original version of the first half of track 14 on Hard Body, ""Style Like Me"". Same mix as the final version, but the chorus is more stereoized.",3:05,,"May 26, 2024",OG File,CD Quality,https://pillows.su/f/7ef50efe639eb77b6846742289f91692
Hard Body,"Style Like Me [V3]
(prod. Urben Beats)","OG Filename: Style((F))(NT)
OG file for the first half of track 14 on Hard Body, ""Style Like Me"". Dated February 24, 2013.",3:05,,"May 26, 2024",OG File,CD Quality,https://pillows.su/f/93b45672e3b0879e6224b37d7d3d64fd
Hard Body,"Want it All
(prod. Beats for Pros)","OG Filename: Want It All
Original version of the second half of track 14 on Hard Body, ""Style Like Me"", without the tag in the intro edited out.",4:02,"May 7, 2013","May 26, 2024",OG File,Lossless,https://pillows.su/f/15def4f52777ec4da6dbcd0c9ac8b740
Hard Body,"Wats Goin' On
(ft. Nechie) (prod. Deko)
(WGO)","OG Filename: WGO
Original version of track 11 on Hard Body, ""Wats Goin' On"". Features an alternate mix and a slightly longer outro. Deko's tag is not edited out.",3:53,,"May 26, 2024",OG File,High Quality,https://pillows.su/f/6862d11f454abb95eb7684fe3683b925
Hard Body,We Live This,"OG Filename: We Live This
OG File (Metadata): Track 02
Version of track 2 on Hard Body, ""We Live This"". Has unheard vocals in the intro, additional adlibs, a longer outro, and a louder mix.",3:29,"Jan 18, 2013","May 26, 2024",OG File,CD Quality,https://pillows.su/f/70511fa2e38be165ba92176d43b5ca63
Hard Body,"Whateva for the Dough
(prod. Downtown Music)","OG Filename: What eva For Tha Dough 1
Throwaway from 2013. Samples ""Young and Beautiful"" by Lana Del Rey.",2:56,,"Aug 10, 2023",OG File,High Quality,https://pillows.su/f/eac54b1533fe28b58013a234ad9dcbbe
Hard Body,"Wristwatch
(ft. Boss Man D.E.Z.) (prod. Platinum Sellers Beats)
(Wristtwatch)","OG Filename: Wristtwatch(F)^
Throwaway from the Hard Body sessions.",3:29,"May 3, 2013","May 26, 2024",OG File,Lossless,"https://pillows.su/f/13a0e80581af8d944981b8aa06cd223c
https://pillows.su/f/d5731fd439716c311c6332eb576af312"
Hard Body,"SPC - Dream Team [V1]
(with Gunna & Boss Man D.E.Z.) (prod. Track Bangaz)","OG Filename: Dream Team(F)
Version of ""Dream Team"" with a different mix, a different intro, a longer outro, and no Nechie verse.",3:36,,"Sep 1, 2023",OG File,CD Quality,https://pillows.su/f/920e7bee820a3cb8c571bf13154d0dca
Hard Body,"SPC - Dream Team [V2]
(with Gunna, Boss Man D.E.Z., & Nechie) (prod. Track Bangaz)","OG Filename: Dream Team 4-11
OG file for the SPC single ""Dream Team"", dated April 11, 2013. Surfaced on September 1, 2023.",4:11,"Apr 11, 2013","Sep 1, 2023",OG File,Lossless,https://pillows.su/f/c2b2b0f065cbf32b2213a178bfc711b9
"41 OG Files
0 Full
0 Tagged
0 Partials
0 Snippets
0 Unavailable",Money Can't Buy Dreams [V1],,,,,,,
Money Can't Buy Dreams [V1],"Buy Dreams
(feat. Nechie) (prod. Johnny Beats)","OG Filename: Buy Dreams
Throwaway from the Money Can't Buy Dreams sessions.",2:41,,"May 26, 2024",OG File,High Quality,https://pillows.su/f/7b81c26ae56852b5239cc4c8d7626e82
Money Can't Buy Dreams [V1],"Change
(prod. Cocaine Beats)","OG Filename 1: 02 Track 02
OG Filename 2: 02 Change
Open verse demo dated July 22, 2013. Contains a beat tag. Second file has the same audio as V1, but the metadata was modified on November 12, 2013.",3:40,"Jul 22, 2013","May 26, 2024",OG File,CD Quality,"https://pillows.su/f/b5d9b58a9a01724d38804f1876c3134a
https://pillows.su/f/82551d43f63bf42686b5e5a9fb53c404"
Money Can't Buy Dreams [V1],"Clean
(prod. DJ Kronic Beats)","OG Filename 1: Clean
OG Filename 2: 01 Track 01 2
Intended for Money Can't Buy Dreams. Previewed on April 25, 2014. Likely recorded in July of 2013.",2:54,,"May 26, 2024",OG File,High Quality,https://pillows.su/f/512b085677d59df853c118c0189c02a9
Money Can't Buy Dreams [V1],"Fly2Death
(feat. Da Wrapper) (prod. Weatherman Beatz)","OG Filename: 01 Fly2Death
Throwaway dated October 20, 2013.",3:40,"Oct 20, 2013","May 26, 2024",OG File,CD Quality,https://pillows.su/f/ee312a75fe526c3b171bb5efa861e9a1
Money Can't Buy Dreams [V1],Fuck My Crew,"OG Filename: 03 Track 03
OG File (Album Metadata): Fuck My Crew
Throwaway by Yung Gunna dated July 22, 2013.",2:35,"Jul 22, 2013","May 26, 2024",OG File,CD Quality,https://pillows.su/f/be4fe10684c8315e29a0167e9fbc9309
Money Can't Buy Dreams [V1],Grind,"OG Filename: 01 Grind
Open verse demo intended for Money Can't Buy Dreams. Dated November 21, 2013. First mentioned by @teezy6500 on November 22, 2013.",3:29,"Nov 21, 2013","May 26, 2024",OG File,CD Quality,https://pillows.su/f/ffdcc6a852b930ccfc40d7850b022aeb
Money Can't Buy Dreams [V1],"I Promise
(prod. Beats for Pros)","OG Filename: 02 i Promise
Open verse demo intended for Money Can't Buy Dreams. Contains a beat tag. First mentioned by @teezy6500 on November 22, 2013.",4:30,"Nov 21, 2013","May 26, 2024",OG File,CD Quality,https://pillows.su/f/a1c2a3c7a7ea75e0d3fcffe8dc40299c
Money Can't Buy Dreams [V1],"⭐ I'ma Star (Superstar)
(prod. Young Chop)","OG Filename: 02 Ima Star (SuperStar)
Open verse demo intended for Money Can't Buy Dreams. Originally exported on November 3, 2013, later modified on November 12, 2013.",3:38,"Nov 12, 2013","May 26, 2024",OG File,CD Quality,https://pillows.su/f/a8bdf32a919999209417534e4b2b2de4
Money Can't Buy Dreams [V1],"Learn Life [V1]
(prod. RicandThadeus)","OG Filename: 01 Learn Life
Demo dated October 22, 2013. 2nd verse is only 5 bars long.",3:47,"Oct 22, 2013","May 26, 2024",OG File,CD Quality,https://pillows.su/f/21a1b1423655ff719fbe895faf41089e
Money Can't Buy Dreams [V1],"Learn Life [V2]
(prod. RicandThadeus)","OG Filename: GUNNA learn life (new bounce)
Version of ""Learn Life"" with a shorter hook. The first verse is split into two verses and the partial second verse was cut. First mentioned by Booka on January 22, 2014.",2:09,,"May 26, 2024",OG File,CD Quality,https://pillows.su/f/4f046f7477a9f281aa42bbd6fe2a49e3
Money Can't Buy Dreams [V1],"Money Can't Buy Dreams
(feat. Nechie) (prod. Young N Fly Beatz)
(Need Peace)","OG Filename: NECHIE UNTITLES (ruff)
Throwaway from the Money Can't Buy Dreams sessions. Possibly intended for Nechie's scrapped mixtape Last of da Real. First mentioned by @teezy6500 on November 14, 2013.",3:00,,"May 26, 2024",OG File,CD Quality,https://pillows.su/f/eaab00480c24946b69d396b5ee4b8259
Money Can't Buy Dreams [V1],No Movie [V1],"OG Filename: 01 Track 01
OG File (Album Metadata): No Movie Rough
Rough mix of ""No Movie"" by Yung Gunna containing an open verse. Has a longer outro. Dated July 22, 2013.",3:34,"Jul 22, 2013","May 26, 2024",OG File,CD Quality,https://pillows.su/f/d0009864a292e02d3ef46d6dd8f7b481
Money Can't Buy Dreams [V1],"No Movie [V2]
(feat. Da Wrapper)","OG Filename: 01 No Movie
Louder mix of ""No Movie"" with a Da Wrapper verse. Dated September 10, 2013. Previewed by Da Wrapper on September 9, 2013. Uses the same beat as Moneybagg Yo - ""Fuk 'Em All"".",3:18,"Sep 10, 2013","May 26, 2024",OG File,CD Quality,https://pillows.su/f/fe1998ae5cc4461675e03bc2333fb5eb
Money Can't Buy Dreams [V1],"⭐ She Don't Need Your Money [V2]
(She Don't Need Ur Money)","OG Filename: GUNNA she dont need ur money NEW HOOK
Has a ""purchase your tracks today"" tag.",3:36,,"Sep 1, 2023",OG File,CD Quality,https://pillows.su/f/cf19bb4cc7ed5ccfd5f21a2975053581
Money Can't Buy Dreams [V1],"Stayed Down
(prod. Beats for Pros)","OG Filename: STAYED DOWN (RUFF) OPEN VRS
Open verse demo from the Money Can't Buy Dreams sessions. First mentioned by @teezy6500 on October 2, 2013.",5:51,,"May 26, 2024",OG File,CD Quality,https://pillows.su/f/0726e5a1beb8b5d19ed036b4d9561674
Money Can't Buy Dreams [V1],"Tryna Get a Milli
(prod. Lexi Banks)
(Trya Getta Milli)","OG Filename: TRYA GETTA MILLI
Open verse demo from 2013. Lyrics imply that it was recorded around the time Hard Body was released.",2:45,,"May 26, 2024",OG File,High Quality,https://pillows.su/f/9e578674bcfd99c9b5ea6a5714231d9c
Money Can't Buy Dreams [V1],"Waiting
(feat. ???) (prod. Valentine Beats)","OG Filename: 03 Waiting
Open verse demo intended for Money Can't Buy Dreams. Features an unknown singer. Dated November 21, 2013.",5:16,"Nov 21, 2013","May 26, 2024",OG File,CD Quality,https://pillows.su/f/383481eb48b3cefe88546bc02716e2f4
Money Can't Buy Dreams [V1],"We Winning [V1]
(prod. DGPbeats)","OG Filename: GUNNA we winning (hook)
Hook-only demo of ""We Winning"" with a quieter mix.",3:28,,"May 26, 2024",OG File,CD Quality,https://pillows.su/f/a60f376ace7f734ae710a61a95d492a8
Money Can't Buy Dreams [V1],"You the One
(prod. Trackslammers)","OG Filename: 03 You The One
Open verse demo intended for Money Can't Buy Dreams. Originally exported on October 20, 2013, later modified on November 12, 2013. Contains a beat tag.",3:20,"Nov 12, 2013","May 26, 2024",OG File,CD Quality,https://pillows.su/f/bf4c61c0ff05a14d183461f72dc58ae3
Money Can't Buy Dreams [V1],"Da Wrapper - New Designer
(feat. Yung Gunna) (prod. BraveStarr)","OG Filename: New Designer
Feature from 2013.",3:35,,"Aug 9, 2023",OG File,High Quality,https://pillows.su/f/13a387360080621637010d86edbd1818
Money Can't Buy Dreams [V1],"Overnight [V1]
(feat. Da Wrapper) (prod. Lexi Banks)","OG Filename: OverNight
Version of ""Overnight"" with a different mix, no autotune on the hook, and a different outro. Intended for Money Can't Buy Dreams, but was later given to Da Wrapper.",3:29,,"May 26, 2024",OG File,High Quality,https://pillows.su/f/db6bdecc06f86a226ca71b51cdc051ae
Money Can't Buy Dreams [V1],"Da Wrapper - Overnight [V2]
(feat. Yung Gunna) (prod. Lexi Banks)","OG Filename: C Mo - Overnight
Version of ""Overnight"" that retains slight instrumental differences from the released version.",3:26,,"May 26, 2024",OG File,CD Quality,https://pillows.su/f/cbc3db2bf8beb16294c7c8ca90288e56
Money Can't Buy Dreams [V1],"Can't Get Enough
(feat. Nechie)","OG Filename: Can't Get Enough
Throwaway from 2014.",3:12,,"May 26, 2024",OG File,High Quality,https://pillows.su/f/bb624151e1d2791fa170b2e13a996ad5
Money Can't Buy Dreams [V1],"Don't Appreciate
(prod. AndreOnBeat & ADotTheGod)","OG Filename: 01 GUNNA dont appreciate (ruff)
Throwaway from the Money Can't Buy Dreams Sessions. Has a beat tag. First mentioned by @teezy6500 on February 18, 2014.",3:48,,"May 26, 2024",OG File,CD Quality,https://pillows.su/f/dff1edadbdca9b4cccd8ebc53989e0c8
Money Can't Buy Dreams [V1],"Gunna Where da Work
(prod. Cash Jordan)","OG Filename: GUNNA WHERE DA WORK
Intended for Money Can't Buy Dreams. Likely uses the same synth as ""Havin"" (2020). Previewed by Gunna on April 3, 2014.",2:13,,"May 26, 2024",OG File,CD Quality,https://pillows.su/f/1c0ab64c4034ffbf71659c3bd5080d4b
Money Can't Buy Dreams [V1],"Hood
(prod. Scott Cash)","OG Filename: HOOD gunna (ruff)
Throwaway from 2014.",3:40,,"May 26, 2024",OG File,CD Quality,https://pillows.su/f/6f0c9665bf7438fb08d11e8beb4d43ef
Money Can't Buy Dreams [V1],"How Many Niggaz
(prod. Valentine Beats)","OG Filename: HOW MANY NIGGAZ (ruff)
Throwaway from the Money Can't Buy Dreams sessions.",3:25,,"May 26, 2024",OG File,High Quality,https://pillows.su/f/bbd0b0d8a080af0a46b794b43b1632b8
Money Can't Buy Dreams [V1],"In Love with That Life
(prod. Scott Cash)","OG Filename: In Love With That Life
Open verse demo from 2014.",3:45,,"May 26, 2024",OG File,High Quality,https://pillows.su/f/0ab76669d838f88c2d67a00bfd202e28
Money Can't Buy Dreams [V1],"Intro
(prod. RicandThadeus)","OG Filename: INTRO gunna open vrs
Open verse demo first mentioned by @teezy6500 on April 10, 2014. Likely intended to be the first track on Money Can't Buy Dreams. Includes a spoken interlude from Da Wrapper. Gunna can be heard speaking on the phone from 3:00 to 3:41. Uses the same instrumetnal as Moneybagg Yo - ""Flexin' and Finessin'"".",5:23,,"May 26, 2024",OG File,CD Quality,https://pillows.su/f/021978eccfaf40c212ddcfc45db1a556
Money Can't Buy Dreams [V1],"Jet Fuel [V1]
(prod. Scott Cash)
(Jet)","OG Filename: JET FUEL gunna (ruff)
Demo from the Money Can't Buy Dreams sessions.",1:53,,"May 26, 2024",OG File,CD Quality,https://pillows.su/f/bae2169258f78e56cd70bd8c8a4bc825
Money Can't Buy Dreams [V1],"League
(prod. Trackslammers)","OG Filename: GUNNA league (open 2nd)
Open verse demo from 2014.",3:39,,"Nov 17, 2023",OG File,CD Quality,https://pillows.su/f/1513942066d438eef4fc34c129424f27
Money Can't Buy Dreams [V1],"Real as it Gets
(feat. Arman)","OG Filename: REAL AS IT GETS gunna (ruff)
Open verse demo from the Money Can't Buy Dreams sessions.",3:15,,"May 26, 2024",OG File,High Quality,https://pillows.su/f/971c6e2f8f5cfc40dce8b9001a0242cf
Money Can't Buy Dreams [V1],"Up & Down
(prod. RicandThadeus)","OG Filename: UP & Down
Throwaway from 2014.",2:55,,"Aug 9, 2023",OG File,High Quality,https://pillows.su/f/2f23f5ec0b608d4932fad714ee5eba1b
Money Can't Buy Dreams [V1],"We Dem Niggaz
(prod. Scott Cash)","OG Filename: WE DEM NIGGAZ gunna (RUFF)
Throwaway from 2014.",3:06,,"May 26, 2024",OG File,CD Quality,https://pillows.su/f/e4e4e7d52c0c3ecc4a5b9f0d4165dcc2
Money Can't Buy Dreams [V1],"We Winning [V2]
(prod. DGPbeats)","OG Filename: GUNNA we winning (open 2nd)
Version of ""We Winning"" with an open 2nd verse and a different mix on the hook.",3:28,,"May 26, 2024",OG File,CD Quality,https://pillows.su/f/074bb22c0ed54654a3c0764ef5dff338
Money Can't Buy Dreams [V1],"We Winning [V3]
(prod. DGPbeats)","OG Filename: We Winning
Throwaway from 2014. Hook was recorded in 2013. Has some additional adlibs compared to previous versions.",3:25,,"May 26, 2024",OG File,High Quality,https://pillows.su/f/99e35fa9a735de6563a86591599c2222
Money Can't Buy Dreams [V1],"Da Wrapper - 2 da Ceiling [V1]
(feat. Yung Gunna) (prod. Villo)
(Money to da Ceiling)","OG Filename: MONEY TO DA CEILING (ruff)
Version of ""2 da Ceiling"" with a different mix, louder adlibs, and no ""Cmore Stacks"" namedrop in the intro.",2:52,,"May 26, 2024",OG File,High Quality,https://pillows.su/f/7d8968e96bea5baff91a04d443febaa0
Money Can't Buy Dreams [V1],"Da Wrapper - 2 da Ceiling [V2]
(feat. Yung Gunna) (prod. Villo)
(Money to da Ceiling)","OG Filename: C Mo - Money To The Ceiling
OG file for Cmore Stacks (Da Wrapper) - ""2 da Ceiling"" featuring Yung Gunna.",2:53,,"May 26, 2024",OG File,CD Quality,https://pillows.su/f/a6a1c02eaf495e714fd758d819d4240f
Money Can't Buy Dreams [V1],"Da Wrapper - Left [V1]
(feat. Yung Gunna)","OG Filename: LEFT NIGGA (RUFF)
Version of ""Left"" with a quieter instrumental, different vocal mixes, and a shorter outro. Missing some adlibs.",4:00,,"May 26, 2024",OG File,CD Quality,https://pillows.su/f/9d79debf7a354ea8a3b447daaa46fff7
Money Can't Buy Dreams [V1],"Da Wrapper - Left [V2]
(feat. Yung Gunna)","OG Filename: Cmo & Gunna - LEFT
Feature from 2014.",4:24,,"Nov 17, 2023",OG File,CD Quality,https://pillows.su/f/c7215545a70458fb5ec87417474975ad
Money Can't Buy Dreams [V1],"Da Wrapper - Left [V3]
(feat. Yung Gunna)","OG Filename: Cmo & Gunna - Left
Louder mix of ""Left"" with some additional effects such as beat pauses.",4:21,,"Nov 17, 2023",OG File,CD Quality,https://pillows.su/f/0286280bcbbfb440091e956fb96bdc95
"23 OG Files
0 Full
0 Tagged
0 Partials
0 Snippets
1 Unavailable",The Nextdoor Neighbors,,,,,,,
The Nextdoor Neighbors,"Dey Hatin' [V1]
(with Nechie)","OG Filename: DEY HATIN (OPEN VRS)
Hook-only demo of ""Dey Hatin'"".",2:05,,"May 26, 2024",OG File,CD Quality,https://pillows.su/f/a8c6f772a1f67ef0d310641e9961c179
The Nextdoor Neighbors,"Dey Hatin' [V2]
(with Nechie)","OG Filename: DEY HATIN
Throwaway from 2014.",3:12,,"Apr 1, 2024",OG File,High Quality,https://pillows.su/f/f4c30697adf5662181b1c87325c2f81c
The Nextdoor Neighbors,"Fully Loaded
(with Nechie) (feat. Rich Homie Nard) (prod. Stoopid Beats)","OG Filename: FULLY LOADED2
Likely recorded in the same session as ""Personal"". Ends with 1 minute of silence.",5:44,,"May 26, 2024",OG File,High Quality,https://pillows.su/f/a6efcc38a22aeb7fad2888826802603f
The Nextdoor Neighbors,"How da Hell U Makin' Money
(with Nechie) (feat. Da Wrapper) (prod. Downtown Music)","OG Filename: HOW DA HELL U MAKIN MONEY (ruff)
Throwaway from The Nextdoor Neighbors sessions.",3:29,,"May 26, 2024",OG File,High Quality,https://pillows.su/f/12cd8bbce258841ba5c3a32cbe41f5b6
The Nextdoor Neighbors,"Racks
(with Nechie) (feat. Da Wrapper)
(Rack$)","OG Filename: RACK$
Intended for The Nextdoor Neighbors. Features adlibs from Da Wrapper. Previewed via Flipagram along with the album cover on July 4, 2014.",3:36,,"May 26, 2024",OG File,CD Quality,https://pillows.su/f/337e85cc72248c06c24720313bbb9c81
The Nextdoor Neighbors,"This How You Feel [V1]
(with Nechie) (prod. ??? & AyJay Beats)","OG Filename: THIS HOW YOU FEEL (open vrs) gunna
Hook-only demo of ""This How You Feel"" with a quieter mix.",3:11,,"May 26, 2024",OG File,CD Quality,https://pillows.su/f/38cf03b86dce71280e88700c807bcbf3
The Nextdoor Neighbors,"This How You Feel [V2]
(with Nechie) (prod. ??? & AyJay Beats)","OG Filename: THIS HOW YOU FEEL Ruff
Throwaway from The Nextdoor Neighbors sessions.",3:54,,"May 26, 2024",OG File,High Quality,https://pillows.su/f/d754ebcfcf5e25fbcbea0fb0b83816a1
The Nextdoor Neighbors,"Welcome to da Fam
(with Nechie) (prod. Bravestarr)","OG Filename: WELCOME TO DA FAM (open vrs)
Demo from The Nextdoor Neighbors sessions. Ends with 3 minutes of open instrumental.",4:06,,"May 26, 2024",OG File,CD Quality,https://pillows.su/f/8efdb6cbdb3f0f4301426548de69ec8f
The Nextdoor Neighbors,"Rich Homie Nard - Personal
(feat. Rich Homie Quan, Nechie, & Yung Gunna) (prod. Only1Skoota)","OG Filename: personal done
Original version of Rich Homie Nard - ""Personal"" featuring Rich Homie Quan, Nechie, and Yung Gunna. Similar to the album version of the song, but has an alternate Rich Homie Nard verse. The single version has the released Rich Homie Nard verse in addition to an alternate mix, shorter outro, and a low-pass filter during Gunna's verse.",4:37,,"May 26, 2024",OG File,High Quality,https://pillows.su/f/5128c4012d705112a1ffad415eb028a7
The Nextdoor Neighbors,"6's [V1]
(with Nechie) (prod. Lexi Banks)
(Six's)","OG Filename: Six's
Demo version of ""6's"" with a louder mix and some alternate vocal takes. Missing the intro, Gunna's 2nd verse, and Nechie's 2nd hook. Nechie says ""Where I be"" instead of ""Where I C"" on the hook.",2:49,"Mar 27, 2015","May 26, 2024",OG File,Lossless,https://pillows.su/f/a78c9e95610582a14ca9bd683fc37db1
The Nextdoor Neighbors,"6's [V2]
(with Nechie) (prod. Lexi Banks)
(Six's)","OG Filename: 6's 
Intended for The Nextdoor Neighbors.",2:52,"Apr 22, 2015","May 26, 2024",OG File,Lossless,https://pillows.su/f/75d38aeb05166ee5fafb2540536130dc
The Nextdoor Neighbors,"Came from the Bottom [V1]
(with Nechie) (feat. Rich Homie Nard) (prod. TreDaFuture)
(Get Some Money, Get Money)","OG Filename: Come From The Bottom
First version of ""Came from the Bottom"", a scrapped single previewed on March 16, 2015. Has a rougher mix. Gunna's verse has some additional adlibs and a minor punch-in error.",4:00,,"May 26, 2024",OG File,High Quality,https://pillows.su/f/00a4fdd8cab59b7debc624eec4f0dc96
The Nextdoor Neighbors,"Came from the Bottom [V2]
(with Nechie) (feat. Rich Homie Nard) (prod. TreDaFuture)
(Get Some Money, Get Money)","OG Filename: Nechie - get sum money2_2
Alternate mix of ""Came from the Bottom"". Has a slightly different outro and some effects not heard in other versions, such as a low-pass filter at the beginning of Nechie's verse. Has additional adlibs.",4:04,,"May 26, 2024",OG File,CD Quality,https://pillows.su/f/f57417340f69f4e10fbe775642089e13
The Nextdoor Neighbors,"Came from the Bottom [V3]
(with Nechie) (feat. Rich Homie Nard) (prod. TreDaFuture)
(Get Some Money, Get Money)","OG Filename: Gunna x Nechie - get sum money
Final version of ""Came from the Bottom"". Used in the music video, which also leaked on May 26, 2024. Rich Homie Nard's verse was cut, but he still has ad-libs on the chorus. Previewed several times in 2015 and 2016 by Gunna, Nechie and Lil Duke along with a single cover.",3:26,,"May 26, 2024",OG File,CD Quality,https://pillows.su/f/edcdd729e249e98639ba3d4daeef076c
The Nextdoor Neighbors,"FWU
(with Nechie)","OG Filename: FWU22
Throwaway from 2015. Has a beat tag.",3:13,,"May 26, 2024",OG File,High Quality,https://pillows.su/f/a9c7b5a6bcdcec0f124c9557afd9b537
The Nextdoor Neighbors,"Nawl FR [V1]
(with Nechie)
(Shits)","OG Filename: Shits
Throwaway from 2015.",2:51,"Feb 20, 2015","May 26, 2024",OG File,Lossless,https://pillows.su/f/e0fd3ea90d6f6e0139f115b9fff734a6
The Nextdoor Neighbors,"Nawl FR [V2]
(with Nechie)
(Shits)","OG Filename: nawlFr.R
Reworked version of ""Nawl FR"" with a new Gunna verse, a finished rerecorded Nechie verse, a 3rd hook, and a different outro. Missing some ad-libs. Audio is mono; right channel only.",3:44,,"May 26, 2024",OG File,High Quality,https://pillows.su/f/d93d4fa43e185982cdad804ed9f4a3b7
The Nextdoor Neighbors,"Rollin' [V1]
(prod. Downtown Music)
(We Rollin')","OG Filename: We Rollin
Version of ""Rollin'"" with an alternate mix and no Nechie. Previewed by Da Wrapper on March 11, 2015.",2:07,,"May 26, 2024",OG File,High Quality,https://pillows.su/f/0917b0be2947ac56dcbf97c062c14c75
The Nextdoor Neighbors,"Rollin' [V2]
(with Nechie) (prod. Downtown Music)
(We Rollin')","OG Filename: ROLLIN_RUFF
Throwaway dated May 11, 2015.",3:44,"May 11, 2015","Apr 1, 2024",OG File,Lossless,https://pillows.su/f/3f916377a7305654e31785bac7aa4b61
The Nextdoor Neighbors,"Same Nigga [V1]
(with Nechie)","OG Filename: Gunna-Nechie same nugga ruff
Version of ""Same Nigga"" with alternate vocal takes, a louder mix, and a much shorter outro. Has some alternate lyrics and ad-libs.",2:41,"Mar 31, 2015","Apr 1, 2024",OG File,Lossless,https://pillows.su/f/39c849dd5c6f33baaabdb5adbaa5ce5b
The Nextdoor Neighbors,"Same Nigga [V2]
(with Nechie)","OG Filename: Same Nigga
Version of ""Same Nigga"" with no autotune on the hook and a slightly longer outro.",3:19,"Apr 23, 2015","May 26, 2024",OG File,Lossless,https://pillows.su/f/9923483592dc18d0ae9417799999c8f0
The Nextdoor Neighbors,"Same Nigga [V3]
(with Nechie)","OG Filename: Same nigga new 1
Likely intended for The Nextdoor Neighbors.",3:16,"Apr 24, 2015","May 26, 2024",OG File,Lossless,https://pillows.su/f/6758e6bc1aa86eed1f155215aa4a834f
The Nextdoor Neighbors,"What We Choose
(feat. Nechie) (prod. Downtown Music)","OG Filename: What We Choose
Open verse demo from February 20, 2015.",4:08,"Feb 20, 2015","May 26, 2024",OG File,Lossless,https://pillows.su/f/e4b3bdc6287a81abefcf77979c93750a
The Nextdoor Neighbors,"Shad da God - Politics
(feat. Yung Booke, Nechie, & Gunna) (prod. The Democratz & Joe McLaren)","Mentioned and possibly previewed on March 12, 2015. Gunna and Nechie attended the video shoot for Spodee - ""Shoot 'Em"" on the same day.",,,,Confirmed,Not Available,https://twitter.com/Shad_DaGod/status/576118470334541824
"30 OG Files
0 Full
0 Tagged
0 Partials
0 Snippets
1 Unavailable",Money Can't Buy Dreams [V2],,,,,,,
Money Can't Buy Dreams [V2],All Hunnits,"OG Filename: ALL HUNNITS
Open verse demo from 2015.",3:44,,"Nov 17, 2023",OG File,High Quality,https://pillows.su/f/71e26645348aa78cb7449c92d27c5e52
Money Can't Buy Dreams [V2],⭐ Blueprint,"OG Filename: Blueprint
Open verse demo from the Money Can't Buy Dreams (2015) sessions.",4:08,,"May 26, 2024",OG File,High Quality,https://pillows.su/f/b899daceef5339f098b19c7dc28b1a69
Money Can't Buy Dreams [V2],"Do What We Want
(prod. Nate Rose)","OG Filename: Do What We Want
Throwaway from 2015.",3:53,,"May 26, 2024",OG File,High Quality,https://pillows.su/f/90986b3b5692dae76f89b0693388359a
Money Can't Buy Dreams [V2],"For Real
(prod. Rob Taylor)","OG Filename: for real
Open verse demo from 2015.",3:00,,"Aug 9, 2023",OG File,High Quality,https://pillows.su/f/d78929b50fb2f6f33a54e368c020fdc7
Money Can't Buy Dreams [V2],"Fuck Up a Check
(feat. Yung Mazi) (prod. The Chemist)
(Fuckin' Up a Check)","OG Filename: Fuckin up a check
Throwaway from the Money Can't Buy Dreams (2015) sessions.",2:35,,"May 26, 2024",OG File,CD Quality,https://pillows.su/f/aced779dcce344dae777ad64eb22bf88
Money Can't Buy Dreams [V2],"⭐ Hustlin'
(prod. Turbo & Wheezy)","OG Filename: Hustlin
Throwaway from 2015.",3:06,,"Sep 2, 2023",OG File,High Quality,https://pillows.su/f/b7ac1cc6a65036ead6b5ba16e9883a3d
Money Can't Buy Dreams [V2],"I Can't Talk for Free
(prod. Wheezy)","OG Filename: I cant Talk Fo Free
Uses the same instrumental as “They Say” by Lil Duke featuring Jefe D-Boy. Contains a spoken intro from @teezy6500.",3:35,,"Apr 1, 2024",OG File,High Quality,https://pillows.su/f/451538f2bb82ef1ddecd102287f41589
Money Can't Buy Dreams [V2],"My Name [V1]
(prod. AndreOnBeat)","OG Filename: My Name- GUNNA
Demo of ""My Name"" that only has Gunna's first hook and a partial first verse. The instrumental also cuts off earlier.",4:19,,"May 26, 2024",OG File,High Quality,https://pillows.su/f/f9a0289e38f62ecd8b6453f6582d511c
Money Can't Buy Dreams [V2],"My Name [V2]
(prod. AndreOnBeat)","OG Filename: MY NAME 2
2-part throwaway from 2015.",4:33,,"Apr 1, 2024",OG File,High Quality,https://pillows.su/f/bce112fa5ec376274372d9c4d6bfa57d
Money Can't Buy Dreams [V2],"Our Year
(feat. Nechie) (prod. Rob Taylor)","OG Filename 1: 111
OG Filename 2: Our Year
Recorded on February 12, 2015 from around 10 A.M. to 2 P.M. in the same session as Real.",3:47,,"Nov 17, 2023",OG File,High Quality,https://pillows.su/f/df3f1f88c43faa16cc23277322381793
Money Can't Buy Dreams [V2],"Real
(feat. Rich Homie Nard) (prod. Rob Taylor)","OG Filename: 222
Throwaway from the Money Can't Buy Dreams (V2) sessions. Recorded on February 12, 2015 in the same session as Our Year. Unofficially released by Rob Taylor on April 14, 2016 with Gunna uncredited. OG file surfaced on November 17, 2023.",3:24,,"Apr 14, 2016",OG File,High Quality,https://pillows.su/f/cff6757e2dccca96de6493778956338d
Money Can't Buy Dreams [V2],Sins,"OG Filename: Sins Ruff -Gunna
Demo from 2015. Ends with 1:50 of open instrumental.",3:14,"Mar 31, 2015","May 26, 2024",OG File,Lossless,https://pillows.su/f/823883106edd0c903b954ea34efdd9cc
Money Can't Buy Dreams [V2],"Yes
(prod. ALB Beats)","OG Filename: Yes
Open verse demo from the Money Can't Buy Dreams (V2) sessions. Previewed by @teezy6500 on December 26, 2015.",3:13,,"May 26, 2024",OG File,High Quality,https://pillows.su/f/ae719ac045f1d4f575c43901f1238497
Money Can't Buy Dreams [V2],"Ceno - Wrong One
(feat. Nechie & Gunna)","OG Filename: Wrong_One__ruff_mixx
Slightly alternate mix of Ceno - ""Wrong 1"" featuring Nechie and Gunna. Has no DJ tags.",3:26,,"Sep 2, 2023",OG File,High Quality,https://pillows.su/f/9aeae8cef058464b0fc30ea070925c64
Money Can't Buy Dreams [V2],"Major Fungshwa [V1]
(prod. Fuse 808)","OG Filename: Fungshwa
Open verse version of ""Major Fungshwa"" with no autotune. Ends with 1 minute of open instrumental after the second chorus. Missing the post-chorus.",2:24,,"May 26, 2024",OG File,CD Quality,https://pillows.su/f/5412a51c517ccb97afd7d5efe3393baa
Money Can't Buy Dreams [V2],"Da Wrapper - Major Fungshwa [V2]
(feat. Gunna) (prod. Fuse 808)","OG Filename: C Mo - Major Fungshwa (Rough)
Original version of Cmore Stacks (Da Wrapper) - ""Major Fungshwa"" featuring Gunna. Has a quieter mix and no autotune. Has a different post-chorus from the final version, and the post-chorus isn't repeated in the outro. Missing the beat pauses, low-pass filter, and some adlibs from the final version.",2:42,,"Nov 17, 2023",OG File,High Quality,https://pillows.su/f/56f5842e42f4aaad546280a8cf773ee5
Money Can't Buy Dreams [V2],"Da Wrapper - Major Fungshwa [V3]
(feat. Gunna) (prod. Fuse 808)","OG Filename: C More Major Fungshwa
OG file for Cmore Stacks (Da Wrapper) - ""Major Fungshwa"" featuring Gunna. There is no DJ intro and the outro is not cut off.",2:40,,"Nov 17, 2023",OG File,CD Quality,https://pillows.su/f/09e0fa9690c6da546ea99a45fc2b7fe4
Money Can't Buy Dreams [V2],"Lil Duke - 300 Days
(feat. Gunna & Frunny) (prod. Wheezy)","OG Filename: 300 Days Ft. Gunna & Frunney (Produced By Wheezy)
OG file for Lil Duke - ""300 Days"" featuring Gunna and Frunny. Uses an alternate version of the beat for 21 Savage - ""Mind Yo' Business"".",4:33,,"May 26, 2024",OG File,High Quality,https://pillows.su/f/34c5bfeeee572c8ac61c8065c8073e30
Money Can't Buy Dreams [V2],"Lil Duke - Rich Nigga
(feat. Frunny, Tokyo Vanity, & Gunna) (prod. Wheezy)","OG Filename: Rich Nigga
Feature from 2015. Likely recorded in the same session as ""300 Days"".",3:16,,"May 26, 2024",OG File,High Quality,https://pillows.su/f/49af460aea690064426dcfccf90758c3
Money Can't Buy Dreams [V2],"Yung Booke - Feeling Myself
(feat. Gunna) (prod. Mercy)","OG Filename: Booke Feeling Myself
Feature from 2015.",3:23,,"Nov 17, 2023",OG File,High Quality,https://pillows.su/f/ed0d5ffdc4f6be00119abf212b864f85
Money Can't Buy Dreams [V2],[Unknown Shannta Collaborations],"Mentioned by Shannta on June 18, 2015.",,,,Confirmed,Not Available,https://twitter.com/KingShannta/status/611609094097649665
Money Can't Buy Dreams [V2],"Bag
(feat. Uno Freaky, P-Hood, & Whisper) (prod. Royalty Productions)","OG Filename: Uno Freaky ft. PH60d, Gunna, Whisper - Bag
Throwaway from 2016.",3:50,,"May 26, 2024",OG File,CD Quality,https://pillows.su/f/3be95f99d01f29187afc1a15c9a79da9
Money Can't Buy Dreams [V2],"Blessing Today
(feat. P-Hood) (prod. Royalty Productions)","OG Filename: Gunna ft. PH60d - Blessing Today
Throwaway from 2016.",2:57,,"May 26, 2024",OG File,CD Quality,https://pillows.su/f/d7860ec3a8554e2b77f5bb46fd4ae5f5
Money Can't Buy Dreams [V2],"Jet Fuel [V2]
(prod. Scott Cash)
(Jet)","OG Filename: Jet- Gunna
Version of ""Jet"" with louder vocals. Recorded in 2014.",1:51,,"May 26, 2024",OG File,CD Quality,https://pillows.su/f/a3612f05a65be14a02c2188824251958
Money Can't Buy Dreams [V2],Lately,"OG Filename: Lately-Gunna
Open verse demo dated February 11, 2016. First mentioned by Booka on February 13, 2016. The last chorus is copy/pasted offbeat. Recorded in the same session as ""Show You"".",3:21,"Feb 11, 2016","Aug 9, 2023",OG File,Lossless,https://pillows.su/f/001ab1f6115b2b1d1fbdfb2b5e9f086b
Money Can't Buy Dreams [V2],"Never Love Her
(feat. Nechie & Skooly)","OG Filename: Gunna ft. Skooly Nechie - Never Love Her
Throwaway from 2016.",5:02,,"May 2, 2022",OG File,CD Quality,https://pillows.su/f/b56a6aa73d5c0d1043dc9e2d38691a29
Money Can't Buy Dreams [V2],"Nobody Move
(feat. Nechie & Skooly)","OG Filename: Gunna ft. Skooly Nechie - Nobody Move
Snippet previewed on November 23, 2021.",4:19,,"May 2, 2022",OG File,CD Quality,https://pillows.su/f/968a3b0d513471f447bbaa95380906a9
Money Can't Buy Dreams [V2],"⭐ Patience
(prod. Only1Skoota)","OG Filename: Patience1
Throwaway from 2016.",2:10,,"May 26, 2024",OG File,CD Quality,https://pillows.su/f/62796adedb4a47e35833f239fb942433
Money Can't Buy Dreams [V2],"Show You
(prod. Stoopid Beats)
(Freestyle)","OG Filename: New Gunna
Freestyle dated February 11, 2016. Uses the same instrumental as Rich Homie Nard - ""Intro"". Recorded in the same session as ""Lately"".",2:04,"Feb 11, 2016","May 26, 2024",OG File,Lossless,https://pillows.su/f/17c075f70ef9609d349fdf4eab1b43f8
Money Can't Buy Dreams [V2],"Watch How They Hate
(feat. P-Hood)","OG Filename: Gunna ft. PH60d - Watch How They Hate
Throwaway from 2016.",3:12,,"May 26, 2024",OG File,CD Quality,https://pillows.su/f/62c6e7ca34bbd8a957ebb8f422249c33
Money Can't Buy Dreams [V2],"Uno Freaky - Turn Up for Real
(feat. P-Hood, Gunna, & Whisper) (prod. Mercy)","OG Filename: Uno Freaky ft. PH60d, Gunna, Whisper - Turn Up for Real
Feature from 2016.",3:31,,"May 26, 2024",OG File,CD Quality,https://pillows.su/f/7f4749f5359f8167cf3bdf9e2a2c1095
"79 OG Files
11 Full
0 Tagged
0 Partials
1 Snippets
3 Unavailable",Drip Season,,,,,,,
Drip Season,"Again
(feat. Strick) (prod. BricksDaMane & Narcos)","OG Filename: GUNNA - AGAIN
Throwaway from 2016.",2:31,,"May 26, 2024",OG File,CD Quality,https://pillows.su/f/aac1856bce69aee7ce724569b912fd08
Drip Season,"Against Me
(prod. Creative Risk)","OG Filename: Gunna-Against Me 
OG file for track 3 on Drip Season, ""Against Me"".",3:36,,"Jun 28, 2024",OG File,CD Quality,https://pillows.su/f/349cfbce99c1fbfdef648bbf1bb9f616
Drip Season,"Boot Up
(feat. Jose Guapo & Losie) (prod. Kel Go Crazy)","OG Filename: Gunna x Guapo x Los - Boot Up
Throwaway from 2016.",3:40,,"May 26, 2024",OG File,CD Quality,https://pillows.su/f/e68579541a27bc409a2b6e9d7aa8e8cc
Drip Season,"⭐ By the Way
(feat. Young Dro) (prod. Wheezy)","OG Filename: Gunna x Dro - By The Way
Throwaway from 2016.",3:22,,"May 26, 2024",OG File,CD Quality,https://pillows.su/f/18ebc4b916b60cb45c251846343c2e7a
Drip Season,"Came to Win
(with HiDoraah)","OG Filename: Dora x Gunna - Came To Win
Throwaway from 2016. Leaked on December 14, 2022, with the OG file surfacing on May 26, 2024.",2:37,,"Dec 14, 2022",OG File,High Quality,https://pillows.su/f/eba1120416b50a079ce533e7ec34658c
Drip Season,"Can't Relate
(prod. Creative Risk)","OG Filename 1: Can't Relate - Gunna
OG Filename 2: Diamond All Over U_Larrabee
OG file for track 6 on Drip Season, ""Can't Relate"".",4:05,,"May 26, 2024",OG File,CD Quality,https://pillows.su/f/a426d730e6dc626e30b4c766b4082653
Drip Season,"Charge [V1]
(prod. DJ K-Dot)","OG Filename: 01 Gunna-Charge
Throwaway from the Drip Season sessions. Previewed on November 17, 2021.",2:12,,"May 26, 2024",OG File,High Quality,https://pillows.su/f/1b919c18d70d60e43ada9c9f82ff0e83
Drip Season,"Charge [V2]
(prod. DJ K-Dot)","OG Filename: Gunna-ChargeNEW
Version of ""Charge"" with an alternate mix. Beat cuts off instead of fading out.",2:09,,"Sep 2, 2023",OG File,CD Quality,https://pillows.su/f/d34b8e70ef954843ec146793845a22ee
Drip Season,"⭐ Chasin'
(prod. Butla Beats)
(Racin' & Chasin')","OG Filename: Gunna - Chasin
Throwaway from the Drip Season sessions. Music video was previewed on January 11, 2017 and October 21, 2019, but it has yet to surface.",3:11,,"May 26, 2024",OG File,CD Quality,https://pillows.su/f/618e4ac8da266b7a4bd097fadb8fcd44
Drip Season,"Cop Me a Foreign [V1]
(prod. BricksDaMane & Narcos)","OG Filename: Cop Me A Foreign
Original version of track 5 on Drip Season, ""Cop Me a Foreign"", with a quieter mix, no Young Thug vocals, and 2:30 of the open and unaltered instrumental. Likely recorded in May or June of 2016.",4:28,,"May 26, 2024",OG File,CD Quality,https://pillows.su/f/04d325e52676cfe0939bd783beb587f4
Drip Season,"Cop Me a Foreign [V2]
(feat. Young Thug) (prod. BricksDaMane & Narcos)","OG Filename: COP ME A FOREIGN- FT. YOUNG THUG
Second version of ""Cop Me a Foreign"". Still missing the filters and breakdowns on Young Thug's verses. Same mixing as V1. Young Thug's 2nd verse ends the song, with a few seconds of extra unheard vocals.",4:29,,"May 26, 2024",OG File,High Quality,https://pillows.su/f/6c76461593931bc5fbc42be83c0fcec0
Drip Season,"Cop Me a Foreign [V3]
(feat. Young Thug) (prod. BricksDaMane & Narcos)","OG Filename: COP ME A FOREIGN- FT. YOUNG THUG bricks mix
OG file for track 5 on Drip Season, ""Cop Me a Foreign"", featuring Young Thug.",5:10,,"May 26, 2024",OG File,CD Quality,https://pillows.su/f/f84307191a68d84be0c5d4189dc2d982
Drip Season,"Cop Me a Foreign (Clean)
(feat. Young Thug) (prod. BricksDaMane & Narcos)","OG Filename: Copy of COP ME A FOREIGN- FT. YOUNG THUG clean
Unreleased clean version of track 5 on Drip Season, ""Cop Me a Foreign"", featuring Young Thug.",5:10,,"May 26, 2024",OG File,CD Quality,https://pillows.su/f/f83d13b579edcaf5abaacd48683444d1
Drip Season,"Don
(prod. Turbo)
(Don Pérignon)","OG Filename: Gunna - Don - Hook
Hook-only demo from 2016.",3:33,,"Oct 22, 2023",OG File,CD Quality,https://pillows.su/f/340a0b2875023b3b0bc1a00a26f0cbdb
Drip Season,"Don't Trust You
(feat. Nechie & Strick) (prod. Cassius Jay)","OG Filename: GUNNA NECHIE STRIKE-DONT TRUST YOU
Throwaway from the Drip Season sessions. Shares an instrumental with Migos - ""Hell of a Life"".",3:28,,"May 26, 2024",OG File,CD Quality,https://pillows.su/f/bc8059410df1e15e357e0ac6edc55513
Drip Season,"⭐ Fully Loaded
(feat. Nechie) (prod. Hitkidd)","OG Filename: Gunna ft. Nechie - Fully Loaded
Throwaway from the Drip Season sessions.",4:05,,"May 26, 2024",OG File,CD Quality,https://pillows.su/f/d5291d683708fdd369c515398dc89426
Drip Season,"⭐ Go Up
(feat. Young Thug) (prod. K. Bangerz)","OG Filename: Gunna x Thug - Go Up
Throwaway from the Drip Season sessions. Leaked on March 24, 2019; OG file surfaced on May 26, 2024.",3:25,,"Mar 24, 2019",OG File,CD Quality,https://pillows.su/f/67a3c56e72c95cdfe9769e68de9ccbda
Drip Season,"Goin In
(prod. Billboard Hitmakers)","OG Filename: Gunna - Going In
OG file for track 10 on Drip Season, ""Goin In"". Recorded in the same session as ""What We On"".",2:39,,"Jan 6, 2026",OG File,High Quality,https://pillows.su/f/2c304189cdf562397753d7de4744be6a
Drip Season,"⭐ Heartless
(prod. BricksDaMane & Narcos)","OG Filename: heartless
Snippet surfaced on November 10, 2025. Leaked on January 6, 2026.",3:38,,"Jan 6, 2026",OG File,CD Quality,https://pillows.su/f/bb76ec1766e25803cc1baee3cebd3450
Drip Season,"How Can I Switch
(feat. Young Trez)","OG Filename: Gunna ft Trez-How Can I Switch
OG file for track 9 on Drip Season, ""How Can I Switch"", featuring Young Trez.",2:40,,"May 26, 2024",OG File,CD Quality,https://pillows.su/f/97b39816f3923281fca59a2ab3c9e572
Drip Season,"If U Want It
(feat. Nechie & Young Thug) (prod. Stoopid Beats)
(Hurricane)","OG Filename: Gunna x Nechie x LJ - If U Want It.wav
Reworked version of track 7 on Drip Season, ""Stay Focused"". The instrumental features a pitched-down version of the main loop from ""Stay Focused"". Has a new hook and new verses in addition to Young Thug ad-libs. Previewed by Gunna on October 3, 2016 alongside ""Stay Focused"". Converted from WAV to M4A by iMessage on October 11, 2016.",3:35,"Oct 11, 2016","Jan 17, 2020",OG File,High Quality,https://pillows.su/f/79b602033a68516168ecc31cb6630282
Drip Season,"Just Copped
(feat. Lil Duke & Nechie) (prod. Wheezy & Beatmonster Marc)","OG Filename: Duke Gunna Nechie Just Copped
Throwaway from 2016. Gunna is only on the hook.",3:00,,"May 26, 2024",OG File,CD Quality,https://pillows.su/f/8c7633c32fe0ae328818578dd3e1917f
Drip Season,"Just for You [V1]
(prod. St. Lou. Hits & Tay Creation)","OG Filename: YUNG GUNNA x ST LOU HITZ x TAY CREATION [ROUGH]
Demo of ""Just for You"" that cuts off after a partial 2nd verse, leaving 3 minutes of open instrumental.",4:25,,"May 26, 2024",OG File,CD Quality,https://pillows.su/f/bb69dda848a5466f8c1fce0ba1de558c
Drip Season,"Just for You [V2]
(prod. St. Lou. Hits & Tay Creation)","OG Filename: Gunna - Just for You
Throwaway from 2016. Previewed on Novermber 17, 2021.",2:17,,"May 26, 2024",OG File,High Quality,https://pillows.su/f/7126be3e51b969c4fd5aab84b2978d6b
Drip Season,"Let 'Em Hate [V1]
(prod. Coolie Beats & X-Men)","OG Filename: LET EM HATE
Version of ""Let 'Em Hate"" with a quieter vocal mix, no autotune, and a longer instrumental outro.",3:28,,"Apr 1, 2024",OG File,CD Quality,https://pillows.su/f/d0c99478733301c67ec7e2d909a8d01b
Drip Season,"Let 'Em Hate [V2]
(prod. Coolie Beats & X-Men)","OG Filename: LET EM HATE 6.2.16
Throwaway dated June 2, 2016.",2:41,"Jun 2, 2016","May 26, 2024",OG File,CD Quality,https://pillows.su/f/5ddfb2444ce7028fa5b65f81452e3058
Drip Season,"⭐ Live
(prod. Wheezy)","OG Filename: Gunna - Live
Throwaway from 2016.",1:45,,"Nov 6, 2023",OG File,High Quality,https://pillows.su/f/7ac446f0f530a44e3f4fd2bdffb344ac
Drip Season,"Money Machine
(prod. The Hipaholics)","OG Filename: GUNNA X MONEY MACHINE
Demo from the Drip Season sessions. Fades out shortly after an unfinished first verse.",1:24,,"May 26, 2024",OG File,CD Quality,https://pillows.su/f/c19f07a13ba8ba852d6c29cdc95b0ad7
Drip Season,"Monster
(feat. Lil Duke) (prod. Billboard Hitmakers)","OG Filename: GUNNA X DUKE-MONSTER 7.3.16
Throwaway from the Drip Season sessions.",3:28,"Jul 3, 2016","May 26, 2024",OG File,CD Quality,https://pillows.su/f/bbb2dab5352983047452a561de484e57
Drip Season,"Move to the North
(feat. Nechie)","OG Filename: Gunna3
Demo from 2016. Ends with 3 minutes of open instrumental.",4:50,,"Aug 9, 2023",OG File,CD Quality,https://pillows.su/f/70eeff8b2d67e6e01dd34eef4f5000ad
Drip Season,"Out the Streets
(feat. Jose Guapo) (prod. Butla Beats)","OG Filename: Gunna x Guapo - Out The Streets
Throwaway from the Drip Season sessions.",3:10,,"Mar 12, 2023",OG File,High Quality,https://pillows.su/f/9f70a4cbf45f093bc7a39506dba63c3a
Drip Season,"Outta Sight Outta Mind
(prod. Butla Beats)","OG Filename: Gunna - Outta Sight Outta Mind
OG file for track 1 on Drip Season, ""Outta Sight Outta Mind"".",3:54,,"Jun 28, 2024",OG File,CD Quality,https://pillows.su/f/fb4f6e160295322382a2edff466488c5
Drip Season,"Park the Car
(prod. Butla Beats)","OG Filename: Gunna 9_9_16 Park The Car
OG file for track 13 on Drip Season 2, ""Park The Car."" Recorded on the same day as ""Shit is Real"" and ""Young Nigga"".",3:48,"Sep 9, 2016","Apr 26, 2024",OG File,CD Quality,https://pillows.su/f/ae8caddcb7d24f9b53a1b54447ae92f0
Drip Season,"Party at Versace [V2]
(feat. St. Laz & Big Leto) (prod. Ricky Racks)",Open verse demo from 2016 that was purchased by Big Leto.,2:54,,"Jan 15, 2021",Full,CD Quality,https://pillows.su/f/7e3f766aafe017c6f36bf5747007968e
Drip Season,"Pullin' Up
(prod. BricksDaMane)
(Ball Like a Pitcher, Stackin' Residuals)","OG Filename: gunna x bricks_1
Throwaway from 2016. Leaked on March 12, 2019; OG file surfaced on June 28, 2024.",3:51,,"Mar 12, 2019",OG File,CD Quality,https://pillows.su/f/744289acdc11b56f95327ac0dad0c08e
Drip Season,"Ran Up a Bag
(feat. Strick)","OG Filename: Ran Up a Bag
Throwaway dated June 28, 2016. Recorded on the same day as ""Solid"".",4:15,"Jun 28, 2016 (9:24 PM)","May 26, 2024",OG File,Low Quality,https://pillows.su/f/31453ef2da5143387aab36363c27af0b
Drip Season,"Reach the Top
(prod. Wheezy)","OG Filename: Gunna - Reach The Top (rough bounce)
Throwaway from the 2016.",3:04,,"Oct 8, 2020",OG File,High Quality,https://pillows.su/f/5c4fdd9ef6b2eaf45ca42c84c4a27e49
Drip Season,"Realest
(feat. Chi Chi)","OG Filename: GUNNA CHECHE-REALEST
Open verse demo from the Drip Season sessions. The 3rd hook is copy/pasted offbeat.",3:20,,"May 26, 2024",OG File,High Quality,https://pillows.su/f/85466f6648261b25b16d9dcf7381e7d0
Drip Season,"Rockstar Status
(prod. Wheezy & TM88)","OG Filename: GUNNA - ROCKSTAR STATUS
OG file for track 4 on Drip Season, ""Rockstar Status"".",2:56,,"May 26, 2024",OG File,CD Quality,https://pillows.su/f/1ea66fb0c9d0ef789d6ae3947989266f
Drip Season,"Say Nothin'
(feat. Nechie) (prod. Blurry Boyz)
(Sayin' Nothin')","OG Filename: Gunna x Nechie - Sayin Nothin
Throwaway from the Drip Season sessions.",3:19,,"May 26, 2024",OG File,CD Quality,https://pillows.su/f/fdc9ab8af18a1aedf82aef784c5963b7
Drip Season,"⭐ See It
(prod. BassGodz & Captain Curt)","OG Filename: Gunna - See It1
Throwaway from 2016.",3:30,,"May 26, 2024",OG File,CD Quality,https://pillows.su/f/3116f0fe30570818399621f860883c04
Drip Season,"Seen a Ghost [V1]
(feat. Duke) (prod. Billboard Hitmakers)","OG Filename: Gunna - Seen a Ghost
Throwaway from 2016. Leaked on November 6, 2020, with the OG file surfacing on May 26, 2024.",2:54,,"May 26, 2024",OG File,High Quality,https://pillows.su/f/e5f771e46a2abe0248fa910f94b6811b
Drip Season,"Seen a Ghost [V2]
(feat. Duke) (prod. Billboard Hitmakers)","OG Filename: GUNNA x DUKE - SEEN A GHOST 6.15.16
Quieter mix of ""Seen a Ghost"" dated June 15, 2016.",2:54,"Jun 15, 2016","Nov 6, 2020",OG File,High Quality,https://pillows.su/f/86fbe7e7b639a6ad756464891855cb59
Drip Season,"⭐ Shit is Real
(prod. Butla Beats)","OG Filename: Gunna 9_9_16 Shit is Real
Open verse demo from 2016. Recorded on the same day as ""Park the Car"" and ""Young Nigga"".",4:11,"Sep 9, 2016","May 26, 2024",OG File,CD Quality,https://pillows.su/f/08c092f1e939ee72e97750bb208b6c5f
Drip Season,"Sins
(prod. Billboard Hitmakers)
(Repent)","OG Filename: Sins
OG Filename 2: Gunna - Repent
Throwaway from 2016.",2:59,,"Oct 8, 2020",OG File,High Quality,https://pillows.su/f/00059357586a3c80f8164199a8c8a932
Drip Season,"Solid
(feat. Lil Duke) (prod. Supreme Dream & Dee Money)","OG Filename: Solid duke
OG file for track 8 on Drip Season, ""Solid"" featuring Lil Duke. Has the same instrumental as Money Man - ""Not 100"". Recorded on the same day as ""Ran Up a Bag"".",3:17,"Jun 28, 2016 (6:34 PM)","May 26, 2024",OG File,Low Quality,https://pillows.su/f/18ef9fbe505cbc45a70372cc712b88d0
Drip Season,"Spoil Her
(feat. HiDoraah) (prod. Wheezy)","OG Filename: Gunna x Dora - Spoil Her
Throwaway from 2016.",3:39,,"Apr 1, 2024",OG File,High Quality,https://pillows.su/f/a7733c12aa7bee1c31c3c034a99fc8a7
Drip Season,"Stay Focused
(feat. Nechie) (prod. Stoopid Beats)
(Focus)","OG Filename: Focus_Gunna-Nechi
OG file for track 7 on Drip Season, ""Stay Focused"", featuring Nechie.",4:18,,"Jan 12, 2024",OG File,CD Quality,https://pillows.su/f/94d7b42879645e2a3d48b03eb9848dba
Drip Season,"Take Off
(feat. Strick) (prod. Murda Beatz)
(Rudolph, Audemar & a Hublot)","OG Filename: Strick and Gunna_song 2
Throwaway from the Drip Season sessions.",1:59,,"May 26, 2024",OG File,CD Quality,https://pillows.su/f/decc174acd7ede9f59a805d2a78d97f0
Drip Season,"Tired of You
(feat. Lil Duke & Chi Chi) (prod. Billboard Hitmakers)","OG Filename: Gunna x Chichi x Duke - Tired of You
Throwaway from 2016. Leaked on September 16, 2021, with the OG file surfacing on May 26, 2024.",4:09,,"Sep 16, 2021",OG File,High Quality,https://pillows.su/f/cdb77c9ff319517a0645d5e386221490
Drip Season,"Tonight [V1]
(prod. Hitkidd & Rambo)","OG Filename: GunnaTonight
Open verse demo of ""Tonight"".",3:30,,"May 26, 2024",OG File,CD Quality,https://pillows.su/f/8fd8ad471bf2cc5c6b35244bb662ef40
Drip Season,"Tonight [V2]
(prod. Hitkidd & Rambo)","OG Filename: Tonight 6.2.16
Throwaway from the Drip Season sessions dated June 2, 2016. Features a shorter intro and longer outro than the open verse version. Snippet surfaced on August 15, 2023.",3:37,"Jun 2, 2016","May 26, 2024",OG File,CD Quality,https://pillows.su/f/fae9234b0c2066e6c3d896b68cc82309
Drip Season,"Young Nigga
(prod. Butla Beats)","OG FIlename 1: Gunna 9_9_16 I Did It
OG Filename 2: Gunna -Young Nigga
OG file for track 2 on Drip Season, ""Young Nigga"". Created in the same session as ""Park the Car"" and ""Shit is Real"".",2:42,"Sep 9, 2016","May 26, 2024",OG File,CD Quality,https://pillows.su/f/0374c396047d3d2dfae9eca8ddbadc16
Drip Season,Slime Boss,"OG Filename: GUNNA GUNNA - Slime Boss (unfinished)
File that leaked is mistakenly a song by another artist.",,,"May 26, 2024",Confirmed,Not Available,Source needed
Drip Season,"CC
(feat. Strick)","OG Filename: STRICK X GUNNA - CC
File that leaked is mistakenly an unrelated solo Strick song.",,,"May 26, 2024",Confirmed,Not Available,Source needed
Drip Season,"Got Me a Check [V1]
(prod. The Hipaholics)","OG Filename: 10.4.16_01
Open verse demo of ""Got Me a Check"" dated October 4, 2016.",4:14,"Oct 4, 2016","May 26, 2024",OG File,CD Quality,https://pillows.su/f/9618625d1f68f19a3ffa3717cbecaf1f
Drip Season,"B-Shot - Got Me a Check [V2]
(feat. Gunna) (prod. The Hipaholics)","OG Filename: GOT ME A CHECK FEAT GUNNY CASANOVA D-BILLY RUFF MIX
Version of ""Got Me a Check"" with a louder mix and a B-Shot verse in place of the open verse. Likely from October 14, 2016. Missing the DJ tags and intro from the released version.",4:05,,"May 26, 2024",OG File,High Quality,https://pillows.su/f/63c27ba8af2b6aa31541082742929761
Drip Season,"HiDoraah - You Ain't Get it Right
(with Dolly White) (feat. Gunna) (prod. Wheezy)","Feature from October 11, 2016. Uses the same instrumental as Winn - ""Believe in Me"".",3:39,,"Jan 7, 2020",Full,High Quality,https://pillows.su/f/d155c538a1c806e2e49e5ceefb08f06b
Drip Season,"Hoodrich Pablo Juan - Fuck Nigga
(feat. Nechie, Gunna & Lil Duke) (prod. Billboard Hitmakers)","OG Filename: Fuck Nigga pablo
OG file for Hoodrich Pablo Juan - ""Fuck Nigga"" featuring Nechie, Gunna, and Lil Duke.",4:10,,"May 26, 2024",OG File,CD Quality,https://pillows.su/f/2e4e2c512bbd887716629df29d09535e
Drip Season,"Kap G - No Love
(feat. Nechie & Gunna)","OG Filename: Kap G x Neechie x Gunna- No Love
Feature from 2016.",4:38,,"May 1, 2024",OG File,CD Quality,https://pillows.su/f/9b4af9a122302c4554fce656dde3c0b4
Drip Season,"Lil Duke - 4'n a Liter
(feat. Gunna) (prod. Wheezy)","OG Filename: Duke - 4_NA_Liter
Feature from the Drip Season sessions. Previewed by Lil Duke on August 4, 2017.",2:52,,"Feb 16, 2024",OG File,CD Quality,https://pillows.su/f/63e26c1496bb1a44b904d01026a592cc
Drip Season,"Lil Duke - Another Level
(feat. Shad da God & Gunna) (prod. Butla Beats)","Feature from the Drip Season sessions. First mentioned in a tweet from Butla on October 29, 2016.",4:59,,"Nov 22, 2022",Full,CD Quality,https://pillows.su/f/fdf9a701a06e220a33ac5eaca472cd35
Drip Season,"Lil Duke - Life That I Chose
(prod. Nard & B)","OG Filename: Dont WonderDone_124nrg
Lil Duke demo with open verses for Gunna and others.",4:12,,"May 26, 2024",OG File,CD Quality,https://pillows.su/f/8d7fddf7097311c48b8f24227794fbaf
Drip Season,"Lil Duke - Gotta Be in You
(feat. Gunna) (prod. Wheezy)","OG Filename: Duke x Gunna - Gotta Be In YouDG
OG file for Lil Duke - ""Gotta Be in You"" featuring Gunna.",2:50,,"May 26, 2024",OG File,High Quality,https://pillows.su/f/40d7ed8684f871b77d33a966409cbf27
Drip Season,"Lil Duke - Next Time
(feat. Gunna) (prod. Nard & B)","OG Filename: Next Time_160_Am
Feature from 2016. Ends with 2 minutes of open instrumental.",5:12,,"Apr 1, 2024",OG File,CD Quality,https://pillows.su/f/9fd0aef90c054c331b2f5f03c7857336
Drip Season,"Lil Duke - Not Average
(feat. Gunna & Casper Bluff) (prod. Billboard Hitmakers)","OG Filename: Duke x Gunna x Casper - Not Average
Feature from 2016.",4:23,,"Apr 2, 2024",OG File,CD Quality,https://pillows.su/f/1e32b1595f9c3e64a1dedf1bef3f611e
Drip Season,"Lil Duke - Understood [V1]
(feat. Gunna) (prod. Billboard Hitmakers)","OG Filename: DUKE GUNNA-UNDERSTOOD
Version of ""Understood"" without Young Thug's intro and outro.",3:30,,"May 26, 2024",OG File,High Quality,https://pillows.su/f/197ebda4a5c150ff5f546e8c019a4207
Drip Season,"Lil Duke - Understood [V2]
(feat. Young Thug & Gunna) (prod. Billboard Hitmakers)","OG Filename: GUNNA DUKE-UNDERSTOOD (1)
OG file for Lil Duke - ""Understood"" featuring Young Thug and Gunna.",3:45,,"Aug 10, 2023",OG File,CD Quality,https://pillows.su/f/00228cf8f9a6898b8ad70161c2766953
Drip Season,"Lil Duke - Win Win Win
(feat. PNF Rocky & Gunna) (prod. Billboard Hitmakers)
(Down and Up)","OG Filename: Duke x Rocky x Gunna - Win Win Win
OG File (Metadata): Down and Up
OG file for Lil Duke - ""Win Win Win"" featuring PNF Rocky and Gunna.",3:27,,"May 26, 2024",OG File,High Quality,https://pillows.su/f/9f13c04f1b86d63b10f1615eee73ad9f
Drip Season,"Shad Da God - Down
(feat. Gunna & Chi Chi) (prod. Wheezy)","OG Filename: Shad Chi Gunna- Down
Feature from the Drip Season sessions.",3:56,,"May 26, 2024",OG File,High Quality,https://pillows.su/f/88312c1002ae7ed2d484cdf37559d37a
Drip Season,"Strick - Private Jet
(feat. Gunna) (prod. Billboard Hitmakers)","OG Filename: KING_STRIK_GUNNA-PRIVATE_JET-1
Feature from 2016.",3:12,,"Aug 9, 2023",OG File,High Quality,https://pillows.su/f/4ecfbcc7d9e513e4a1eb4a7e55343b0e
Drip Season,"Strick - Time
(feat. Gunna)","OG Filename: Strick Gunna Time
Feature from 2016.",2:37,,"May 26, 2024",OG File,CD Quality,https://pillows.su/f/e9be208ec0aef33bf6ba6f16da423e0a
Drip Season,"Strick - Today
(feat. HiDoraah & Gunna)","OG Filename: STRICK GUNNA DORA-TODAY
Feature from the Drip Season sessions.",4:33,,"May 26, 2024",OG File,High Quality,https://pillows.su/f/1169d54ba6c9fe109119bb9fcd931b2d
Drip Season,"Winn - What We On
(feat. Gunna) (prod. Billboard Hitmakers)","OG Filename: what we on
OG file for ""What We On"" by Winn featuring Gunna. Recorded in the same session as ""Goin In"".",3:43,,"Apr 1, 2024",OG File,High Quality,https://pillows.su/f/27d18996105a87fea30745e4a90e5773
Drip Season,"Young Thug - Elbow
(feat. Gunna, Duke, Cheat Code, Losie & MPA Wicced) (prod. Wheezy)
(The People's Choice, YSL Posse Cut)","OG Filename: AUDIO_6084
Previewed by Young Thug in 2016.",4:45,,"Dec 16, 2019",OG File,High Quality,https://pillows.su/f/464cb6ab662e4fabc67d9e41e2fdfc62
Drip Season,"Floyd Mayweather [V1]
(feat. Young Thug) (prod. Billboard Hitmakers, Goose & Wheezy)
(Drip)","Original version of Young Thug's ""Floyd Mayweather"". Goose stated the track was originally Gunna's. Pre-TM88 mixing. Missing Gunna's last verse.",4:32,,"Jun 12, 2020",Full,CD Quality,https://pillows.su/f/525b657587803c08fe898145ee63fa00
Drip Season,"Young Thug - Floyd Mayweather [V2]
(feat. Gunna) (prod. Billboard Hitmakers, Goose & Wheezy)
(Drip)","Second version of ""Floyd Mayweather"", pre-TM88 mixing. Has a slightly quieter mix.",4:33,,"Jun 12, 2020",Full,CD Quality,https://pillows.su/f/f1aca531b95c97a56802eff96fcd5f69
Drip Season,"Young Thug - Floyd Mayweather [V3]
(feat. Gunna) (prod. Billboard Hitmakers, Goose & Wheezy)
(Drip)","Third version of ""Floyd Mayweather"", pre-TM88 mixing. The saw lead, missing from V1 and V2, plays throughout the entire beat.",4:32,,"Jun 25, 2020",Full,CD Quality,https://pillows.su/f/17cbb66f3b407edd933e70f57e084541
Drip Season,"Young Thug - Floyd Mayweather [V4]
(feat. Gunna) (prod. Billboard Hitmakers, Goose & Wheezy)
(Drip)","Similar to V3, but with louder vocals.",4:36,,"Jun 25, 2020",Full,CD Quality,https://pillows.su/f/d8e36ff07df96b50add239a467db8ec1
Drip Season,"Young Thug - Floyd Mayweather [V5]
(feat. Gunna & Gucci Mane) (prod. Billboard Hitmakers, Goose, TM88, Wheezy & Young Thug)
(Drip)","OG Filename: Young Thug x Gunna - Drip - AFT MIX 5_26-01
Fifth version of ""Floyd Mayweather"" including vocals from Gucci Mane. One Gunna verse and some adlibs have been removed. Pre-master mix by Alex Tumay.",4:34,"Aug 16, 2016","Jun 25, 2020",OG File,Lossless,https://pillows.su/f/d19d1416009f0653da2ed9299f6f63c0
Drip Season,"Young Thug - Floyd Mayweather [V6]
(feat. Gunna & Gucci Mane) (prod. Billboard Hitmakers, Goose, TM88, Wheezy & Young Thug)
(Drip)","OG Filename: 02. Floyd Mayweather (feat. Gunna & Gucci Mane)
Similar to V5, but has a louder mix.",4:32,,"Apr 9, 2022",OG File,CD Quality,https://pillows.su/f/9c5046976a25e01a327164814f8d84a2
Drip Season,"Young Thug - Floyd Mayweather [V7]
(feat. Gunna, Travis Scott & Gucci Mane) (prod. Billboard Hitmakers, Goose, TM88, Wheezy & Young Thug)
(Drip)",One of the formerly released versions of Floyd Mayweather. Features Travis Scott. Gunna's verse follows Gucci Mane's.,5:59,,"Aug 16, 2016",OG File,CD Quality,https://pillows.su/f/baadd53a1394c31fee474aa2852391e3
Drip Season,"Young Thug - Get What You Want
(feat. Gunna & Duke) (prod. TM88 & Wheezy)","Previewed multiple times by Gunna, Young Thug and Karlae in 2016.",4:12,,"Jan 11, 2019",Full,High Quality,https://pillows.su/f/05b0f31b029e98ac8cdef7efd1e662b1
Drip Season,"Young Thug - Groupie Luv
(feat. Gunna & Bricc Baby) (prod. TM88 & Wheezy)","OG Filename: OG Filename: Thug x Gunna x Bricc - Groupie Luv.wav
Converted from WAV to M4A by iMessage on August 22, 2016.",3:27,"Aug 22, 2016","Dec 13, 2018",Full,High Quality,https://pillows.su/f/499fbc574f1d57020814dac5a2092ec5
Drip Season,"Young Thug - Hello Hello
(feat. Gunna & Nechie) (prod. Ricky Racks)","OG Filename: Young Thug 9_7_16 Hello Hello
Previewed by Young Thug in 2016.",4:47,"Sep 7, 2016","Jul 16, 2018",OG File,CD Quality,https://pillows.su/f/f8d95cf600aa100012083ad810112eb4
Drip Season,"Young Thug - Nothing for Free [V2]
(feat. Gunna, Duke, Nechie & Trouble) (prod. Ricky Racks)
(Nothing 4 Free)","Nechie and Gunna replaced Trouble's and Yung Ralph's verses, however, Trouble's ad-libs were kept.",3:10,,"Dec 26, 2022",Full,High Quality,https://pillows.su/f/83e05643d51cf5c89292bb9ad026df9c
Drip Season,"Young Thug - Off Vert
(feat. Gunna) (prod. 808 Mafia)
(Off-Vert, Offvert)","OG Filename: LJ x Gunna - Off Vert.wav
Previewed by Young Thug in 2016. Converted from WAV to M4A by iMessage on September 19, 2016.",4:03,"Sep 19, 2016","Dec 11, 2018",OG File,CD Quality,https://pillows.su/f/bdfb7a4bf8fa5456f40947bf19a6af90
Drip Season,"Young Thug - Okay
(feat. Gunna) (prod. TM88)
(OK)","OG Filename: Thug Gunna Okay
Track was previewed multiple times by Young Thug, TM88, and other YSL affiliates in 2016 and 2017. Surfaced on October 8, 2020. OG file surfaced on August 11, 2023.",2:55,,"Oct 8, 2020",OG File,CD Quality,https://pillows.su/f/278e29beb21a5f0a87497bd6e28591de
Drip Season,"Young Thug - Run Into You Girl
(feat. Gunna) (prod. TM88)","OG Filename: Young Thug x Gunna 9_10_16 Run Into You Girl
First previewed by Karlae on December 31, 2016.",6:05,"Sep 10, 2016","May 6, 2019",OG File,CD Quality,https://pillows.su/f/c18b7223055a697a3e991a51a3bdb876
Drip Season,"Young Thug - The Teachers
(feat. Gunna) (prod. Wheezy)
(Black Pantha, Teach 'Em)","OG Filename 1: Thug x gunna - Teach Em
OG Filename 2: LJ x Gunna - The Teachers.wav
Converted from WAV to M4A by iMessage on September 24, 2016.",4:14,"Sep 24, 2016","Apr 26, 2019",OG File,High Quality,https://pillows.su/f/17e38b9b68464ac1cbcc807bc4dd8f20
Drip Season,"⭐ Young Thug - The Plan
(feat. Gunna) (prod. Billboard Hitmakers)
(Perky & Xan)","First previewed on July 11, 2016.",3:15,,"May 7, 2019",Full,High Quality,https://pillows.su/f/3ac80b7f1d3b8c8ca802d65b60f4e8a1
Drip Season,"Young Trez - Can't Turn My Back
(feat. Gunna) (prod. Timmy Da HitMan & Fat Boi)","OG Filename: Gunna x Trez - Can't Turn My Back (1)
OG file for Young Trez - ""Can't Turn My Back"" featuring Gunna.",2:51,,"May 26, 2024",OG File,CD Quality,https://pillows.su/f/c8dcfe10e73ccd7e4fc452c828b3cf6f
Drip Season,"Young Thug - ???
(feat. Gunna)
(I Wish I Could Take it Back)",Era unconfirmed.,,,,Snippet,Low Quality,Link Needed
Drip Season,"Trenxxh Gotti - Ight
(feat. Yak Gotti & Gunna)",Mentioned by @trenxxhgotti on Twitter.,,,,Confirmed,Not Available,https://twitter.com/trenxxhgotti/status/785572443159142401
"91 OG Files
2 Full
0 Tagged
0 Partials
8 Snippets
0 Unavailable",Drip Season 2,,,,,,,
Drip Season 2,"Beat the Case [V1]
(feat. Offset) (prod. Turbo & Yung Jetpacc)","OG Filename: Set Gunna - Beat The Case
Slightly alternate mix of ""Beat the Case"". The third line of Gunna's verse has a different adlib take.",3:26,,"Apr 26, 2024",OG File,CD Quality,https://pillows.su/f/87470a101c39d2b42bf015cc38f45bff
Drip Season 2,"Beat the Case [V2]
(feat. Offset) (prod. Turbo & Yung Jetpacc)","OG Filename: GUNNA X OFFSET - BEAT THE CASE_01
OG file for bonus track 15 on Drip Season 2, ""Beat the Case"" featuring Offset. First previewed on October 27, 2016. First mentioned by Gunna on November 4, 2016.",3:28,,"May 26, 2024",OG File,CD Quality,https://pillows.su/f/65eddb01a89d55b3827455ce67a108fa
Drip Season 2,"Bust Down [V1]
(prod. Metro Boomin & Don Cannon)","OG Filename: Bust Down
Throwaway from 2016. Snippet first leaked on July 12, 2023. Leaked in full on April 1, 2024. Has a crackling noise.",3:38,,"Apr 1, 2024",OG File,CD Quality,https://pillows.su/f/5369176e86986df65af74d2030f2e7d4
Drip Season 2,"Bust Down [V2]
(prod. Metro Boomin & Don Cannon)","OG Filename: Bust Down 2
Version of ""Bust Down"" with a louder instrumental and no crackling. Uses the same instrumental as Curren$y - ""Fed Ex"" without producer tags.",3:38,,"May 26, 2024",OG File,CD Quality,https://pillows.su/f/0136facdbc4cdce091178cc50d01c240
Drip Season 2,"Catch Up [V1]
(prod. Wheezy)","OG Filename: GUNNA- Catch Up
Lyrics indicate this song was recorded between November 17 and November 21, 2016, prior to Gunna performing at the Kansas City stop of Young Thug's HiHorsed tour. Previewed in GunnaHub on December 15, 2023. Leaked as a bonus after a successful $850 groupbuy for ""STICK AND MOVE"" on February 3, 2024.",3:31,,"Feb 3, 2024",OG File,CD Quality,https://pillows.su/f/7c072cd47ddf25b025eb924e54adc634
Drip Season 2,"Catch Up [V2]
(prod. Wheezy & TM88)","OG Filename: Catch_Up_V2
Version of ""Catch Up"" with a louder mix and contributions from TM88, including additional drums and melodies.",3:32,,"Jun 28, 2024",OG File,High Quality,https://pillows.su/f/f2c52d668de48f4071c528b3dee95263
Drip Season 2,"Don't Want the Fame [V1]
(feat. Nechie) (prod. Timmy Da HitMan)","OG Filename: Gunna X Nechie- Dont Want The Fame.R
Throwaway from the Drip Season 2 sessions. Audio is mono; right channel only.",3:19,,"May 26, 2024",OG File,CD Quality,https://pillows.su/f/1601c3775f6d4f4e2b80939b763183b1
Drip Season 2,"Don't Want the Fame [V2]
(feat. Nechie) (prod. Timmy Da HitMan)","OG Filename: DON'T WANT THE FAME (gunna ruff)
Alternate mix of ""Don't Want the Fame"".",3:19,,"Apr 1, 2024",OG File,High Quality,https://pillows.su/f/6ea38824b1d0c60cb2154ab3f41eac97
Drip Season 2,"Jack Out the Box
(prod. Turbo)","OG Filename: jack out the box
OG File (Metadata): Jack Out the Box (TShyne Mix)
Leaked as a bonus in a successful $850 groupbuy for ""STICK AND MOVE"" on February 3, 2024. Recorded in the same session as ""Never Thought"" and ""What I Wanna Do"". Lyrics indicate it was recorded between November 13, 2016 and November 16, 2016.",3:07,,"Feb 3, 2024",OG File,CD Quality,https://pillows.su/f/c8c2632a58aed64581eb78a731f6c55e
Drip Season 2,"Keep it 100
(prod. Butla Beats)
(Long Live Troup)","OG Filename: Gunna Keep It 100 (Fixed VOX)
Throwaway from the Drip Season 2 sessions. First mentioned by Gunna on November 14, 2016.",4:33,"Oct 22, 2016","May 26, 2024",OG File,High Quality,https://pillows.su/f/b219562a5cd7e81895262ecb07cb5a05
Drip Season 2,"⭐ Lead the Blind [V1]
(prod. Young Kros Beats)","OG Filename: Gunna - Lead the Blind
Throwaway from 2016. Lyrics indicate it was recorded after the release of Drip Season. Unofficially released by DJ Fly Guy on December 22, 2017 with a Jay5 verse in place of the second verse. OG file surfaced on May 26, 2024.",3:45,,"Dec 22, 2017",OG File,High Quality,https://pillows.su/f/aa30226bec5a44ebfc5824b9b4102705
Drip Season 2,"Make No Sense
(feat. Lil Duke) (prod. Wheezy & TM88)
(Ain't Got No)","OG Filename: Gunna x Duke - Ain't Got No.wav (1)
OG file for track 8 on Drip Season 2, ""Make No Sense"" featuring Lil Duke.",2:56,,"May 26, 2024",OG File,CD Quality,https://pillows.su/f/37b4137a9f2060af1d001e03dbbe12cd
Drip Season 2,"Money Talking [V1]
(feat. Nechie) (prod. Creative Risk)","OG Filename: Gunna X Neechie - Money Talkin
Version of track 9 on Drip Season 2, ""Money Talking"" featuring Nechie. Has a slightly different mix and is missing some adlibs on Nechie's verse.",4:02,"Oct 22, 2016","Mar 13, 2022",OG File,High Quality,https://pillows.su/f/86edad836e227b49afd1695620819b6b
Drip Season 2,"More Green
(prod. BricksDaMane & Narcos)
(Drip on the Scene, Cannot Redeem)","OG Filename: gunna 2 (1)
Open verse demo from the Drip Season 2 sessions.",4:04,,"Jun 28, 2024",OG File,CD Quality,https://pillows.su/f/8878923d172a6c89b211c667483c057c
Drip Season 2,"Never Thought [V1]
(prod. Turbo)
(Paid the Cost)","OG Filename: paid the cost
Throwaway from 2016. Previewed by Young Thug on November 22, 2016. Recorded in the same session as ""Jack Out the Box"" and ""What I Wanna Do"" between November 13, 2016 and November 16, 2016.",3:12,,"May 26, 2024",OG File,CD Quality,https://pillows.su/f/3d4ae3b6f3bbccc7ef5285d5ecc4fd2e
Drip Season 2,"Never Thought [V2]
(prod. Turbo)","OG Filename: Never Thought (TShyneMix)
Alternate mix of ""Never Thought"" with quieter vocals. Has a slightly longer outro.",3:13,,"Apr 1, 2024",OG File,CD Quality,https://pillows.su/f/e717570083924a0fa904dfafa2b64359
Drip Season 2,"On to Me
(prod. T of Young Gods & Ricky Racks)","OG Filename: On To Me
Released to Gunna's SoundCloud on March 3, 2017, but was later removed. OG file surfaced on June 28, 2024.",2:38,,"Jun 28, 2024",OG File,CD Quality,https://pillows.su/f/c086208318ddaddac6c6a9d2e2b4a0ac
Drip Season 2,"See If You Can Roll
(prod. BricksDaMane, Narcos, & ???)","OG Filename: gunna 1
Open verse demo from the Drip Season 2 sessions. Previewed on November 5, 2016 at the Outta Sight Outta Mind video shoot.",3:34,,"Jun 28, 2024",OG File,CD Quality,https://pillows.su/f/ac9afa56dc8dd7a4515d714328e9bfca
Drip Season 2,"Some More
(prod. Lord Capp)","OG Filename: Gunna - Some More - Ruff
Open verse demo from the Drip Season 2 sessions.",3:19,,"Jun 28, 2024",OG File,CD Quality,https://pillows.su/f/86ea4f658ffa13c755e59facd9625fb3
Drip Season 2,"Trill
(prod. BricksDaMane)","OG Filename: Third Track
Hook-only demo from the Drip Season 2 sessions.",4:07,,"May 26, 2024",OG File,CD Quality,https://pillows.su/f/9cacb68c0ad6c9442758587118066cbb
Drip Season 2,"What I Wanna Do
(prod. Turbo)","OG Filename: what i wanna do
Throwaway from the Drip Season 2 sessions. Recorded in the same session as ""Jack Out the Box"" and ""Never Thought"" between November 13, 2016 and November 16, 2016.",4:05,,"May 26, 2024",OG File,CD Quality,https://pillows.su/f/9f88409ed21df4585780f3687d4b96fb
Drip Season 2,"Wizard of Oz [V1]
(prod. BricksDaMane)","OG Filename: bricks
First version of ""Wizard of Oz"" with a prominent crackling sound and a quieter instrumental. The vocals have a light autotune/phaser effect not heard in other versions.",3:20,,"Dec 30, 2022",OG File,CD Quality,https://pillows.su/f/5525377948f866b7cec88009c90fb7ce
Drip Season 2,"Wizard of Oz [V2]
(prod. BricksDaMane)","OG Filename: Audio_7_06
Louder mix of ""Wizard of Oz"" with crackling removed.",3:20,,"Dec 30, 2022",OG File,CD Quality,https://pillows.su/f/6f4a4bb36cff0c3030ee7c5da60e0ac4
Drip Season 2,"⭐ Wizard of Oz [V3]
(prod. BricksDaMane)","OG Filename: Tracking Template
Throwaway from 2016. Previewed by @nbs.prod on December 7, 2016. Louder mix than V2.",3:20,,"May 26, 2024",OG File,CD Quality,https://pillows.su/f/6399fb67944ab58064cf8523124b9381
Drip Season 2,"Jayvin Ben Frank - On Me
(feat. Gunna) (prod. Lord Capp)","OG Filename: Gunna_X_Ben-On_Me
Throwaway from the Drip Season 2 sessions. Released by Jayvin Ben Frank on September 9, 2019. OG file leaked on May 6, 2024.",3:29,"Oct 21, 2016","May 6, 2024",OG File,Lossless,https://pillows.su/f/1bbe37df94302802cdea70efee06a7ef
Drip Season 2,"Lil Duke - Came From the Bottom
(feat. Gunna) (prod. Wheezy)","OG Filename: Came From the Bottom (1)
Leaked to SoundCloud on June 13, 2018. OG file surfaced on May 26, 2024.",3:07,,"Jun 13, 2018",OG File,CD Quality,https://pillows.su/f/01bcf049b9f954732bc62e5669350b8a
Drip Season 2,"Lil Duke - Used to Starve
(feat. Uiie Popcorn & Gunna) (prod. THE PLAYMAKERS)","OG Filename: BricksInTheChimney BPM 140
Feature from 2016. Gunna is only on the chorus.",3:34,"Dec 2, 2016","May 26, 2024",OG File,Lossless,"https://pillows.su/f/f77ffbc4dc5690a5f149222811328c9a
https://pillows.su/f/af116f174a305c4ac621eec1ab3a1a52"
Drip Season 2,"Nechie - Kid
(feat. Chi Chi & Gunna) (prod. Lord Capp)","OG Filename: Neechi x Gunna x ChiChi
Feature from 2016. First mentioned by Gunna on October 23, 2016.",3:47,"Oct 22, 2016","May 26, 2024",OG File,Lossless,"https://pillows.su/f/88cca625a90a28cba0c19eabf31b323b
https://pillows.su/f/127dc1e4d65867ff5c1198351ef5917c"
Drip Season 2,"A$$ [V1]
(prod. Wheezy & Lord Capp)","OG Filename: Gunna-A$$
Demo version of ""A$$"" with a longer intro, no second verse, and no third hook. Previewed on April 4, 2017.",3:32,,"Apr 26, 2024",OG File,CD Quality,https://pillows.su/f/a0b1db53b54d7135040206ea1de209cb
Drip Season 2,"A$$ [V2]
(prod. Wheezy & Lord Capp)","OG Filename: GUNNA A$$
OG file for track 11 on Drip Season 2, ""A$$.""",3:27,,"Apr 26, 2024",OG File,CD Quality,https://pillows.su/f/d3d9952a2d60c7358b6a87ac1036d507
Drip Season 2,"All My Niggas Gon' Win
(feat. Demon Child) (prod. Ace Bankz)
(Gon' Win)","OG Filename: Gunna x Demon- All My Niggas Gon Win
Recorded in the same session as ""Only 1"". Snippet surfaced on November 5, 2023.",3:54,,"Jun 28, 2024",OG File,CD Quality,https://pillows.su/f/01eb8cf483aa558a037dcb4880c4a434
Drip Season 2,"Belly of the Beast [V1]
(prod. Ro & Smoke)","OG Filename: Gunna-Belly Of The Beast
Rough mix of ""Belly of the Beast"" with quieter vocals and no adlibs. Contains a minor punch-in error in the first verse.",3:26,,"Apr 26, 2024",OG File,CD Quality,https://pillows.su/f/72ba1d81f3d979e84cddabcbf88ba03a
Drip Season 2,"Belly of the Beast [V2]
(prod. Ro & Smoke)","OG Filename: Belly Of The Beast (Final)
OG file for track 2 on Drip Season 2, ""Belly of the Beast"".",3:26,,"Apr 26, 2024",OG File,CD Quality,https://pillows.su/f/ca3a260564905ca7163861a3d12f958f
Drip Season 2,"⭐ Bosses
(prod. Turbo & Zay Bans)","OG Filename: Gunna-Bosses
Throwaway from 2017.",2:36,,"Jun 28, 2024",OG File,CD Quality,https://pillows.su/f/f778540bfeae82a1a0b2f61004b77d54
Drip Season 2,"⭐ Bread Truck
(feat. Young Trez)
(Brinks Truck, Bands Up)","OG Filename: Gunna Trez
Throwaway from 2017. Leaked on September 19, 2023; OG file surfaced on June 28, 2024. Uses the same instrumental as the original version of Isaiah Rashad - ""From the Garden"".",2:49,,"Sep 19, 2023",OG File,CD Quality,https://pillows.su/f/83e53ddb5bf0a04ec231a7c76e2e10c0
Drip Season 2,"Can't See the Hate
(prod. BricksDaMane & Von Haartman)","OG Filename: gunna_
Throwaway from 2017.",3:35,,"Apr 3, 2024",OG File,CD Quality,https://pillows.su/f/22cc77fa5b14644a9c31850b9e5f4f91
Drip Season 2,Chanel Again,"OG Filename: GUNNA-CHANELAGAIN
CDQ snippet surfaced on July 30, 2022. Leaked on June 28, 2024.",3:02,,"Jun 28, 2024",OG File,CD Quality,https://pillows.su/f/48a23498e72508fd2348f7adaf371525
Drip Season 2,"Cherish Your Loyalty [V1]
(prod. Metro Boomin)","OG Filename: Cherish Your Loyalty
Version of ""Cherish Your Loyalty"" with a quieter instrumental and a crackling noise.",2:26,,"May 26, 2024",OG File,CD Quality,https://pillows.su/f/f4ba92bc78a344227e75336f110bedfb
Drip Season 2,"Cherish Your Loyalty [V2]
(prod. Metro Boomin)","OG Filename: Cherish Your Loyalty 2
Throwaway from 2017.",2:26,,"Jun 28, 2024",OG File,CD Quality,https://pillows.su/f/2476169aab8e2c507bde42378e9fe852
Drip Season 2,"Committed
(feat. Lil Duke) (prod. Wheezy)","OG Filename: 01 Committed
Throwaway from 2017.",3:13,,"Dec 25, 2022",OG File,CD Quality,https://pillows.su/f/d3c3b80066703dbbf1ec6b99171a0010
Drip Season 2,"Convos
(feat. Lil Duke & Young Thug) (prod. Navé Monjo)","OG Filename: Convo
OG Filename 2: convos thug
Likely recorded in the same session as ""Fleek"". Initially leaked with the same filename as ""Blue"".",2:46,,"Aug 30, 2023",OG File,CD Quality,https://pillows.su/f/73803f48b96360b14ece548f6dfe6b8b
Drip Season 2,"Fleek
(feat. Young Thug) (prod. Navé Monjo)
(Hundred Racks on My Teeth)","OG Filename: 01 fleek
Previewed by Young Thug in 2017. Likely recorded in the same session as ""Convos"".",3:05,,"Dec 4, 2022",OG File,CD Quality,https://pillows.su/f/ca6607ceb3489444f2aa0243fe998759
Drip Season 2,"⭐ Flintstones
(Fintstones)","OG Filename: Gunna-Fintstones
Previewed on May 5, 2017.",2:49,,"Jun 28, 2024",OG File,CD Quality,https://pillows.su/f/808790604a285f320fd9a46f7ca1d3b2
Drip Season 2,"⭐ Get it Bacc
(prod. Wheezy)
(Get it Back)","OG Filename: Gunna - Get It Bacc
Throwaway from 2017.",2:35,,"Aug 24, 2023",OG File,CD Quality,https://pillows.su/f/8b0b2cccc8a5668ff8221e26b507c96b
Drip Season 2,"Get It If You Want It
(prod. Wheezy, Zaytoven & Cassius Jay)","OG Filename: Get It If You Want It
OG file for track 14 on Drip Season 2, ""Get It If You Want It"".",2:54,,"Apr 26, 2024",OG File,CD Quality,https://pillows.su/f/0ce2fe313828088d468bd581c2e9ab45
Drip Season 2,"Get the Paper
(feat. Shad da God)","OG Filename: Gunna #7
Open verse demo from 2017.",1:53,,"Jun 28, 2024",OG File,CD Quality,https://pillows.su/f/ad0c939343e2df97f63282ad93592bf3
Drip Season 2,"Hard Again
(prod. THE PLAYMAKERS)","OG Filename: Gunna- Hard Again
Throwaway from the Drip Season 2 sessions.",2:35,,"Jun 28, 2024",OG File,CD Quality,https://pillows.su/f/63b6680a20c8b0536767d179853d9c05
Drip Season 2,"Hard Times
(prod. Billboard Hitmakers)","OG Filename: Gunna - Hard Times
Throwaway from 2017.",3:10,,"Aug 24, 2023",OG File,High Quality,https://pillows.su/f/77ea50aa488f71ac152f403350ab3c14
Drip Season 2,"⭐ Heart
(prod. Lil Memphis)","OG Filename: Gunna-Heart
Throwaway from 2017. Ends with 90 seconds of open instrumental.",3:18,,"Jun 28, 2024",OG File,CD Quality,https://pillows.su/f/26591a1387421af661dcb80ccac2a020
Drip Season 2,"Higher Than Me
(prod. Bobby Johnson Beats)","OG Filename: HIGHER THAN ME
Throwaway from the Drip Season 2 sessions.",2:08,,"Jun 28, 2024",OG File,CD Quality,https://pillows.su/f/f98a211b067aadb6a02309f3592f4ee3
Drip Season 2,"Hold it Down
(with Lil Duke) (prod. Lord Capp)","OG Filename: Gunna x Duke-Hold it Down
Throwaway from the Drip Season 2 sessions. Previewed on April 14, 2017.",3:05,,"Jun 28, 2024",OG File,CD Quality,https://pillows.su/f/97c4bcc7f75c68f520db43b8cafce147
Drip Season 2,"⭐ How I'm Feeling
(prod. Wheezy)","OG Filename: Gunna-How Im Feeling
Throwaway from the Drip Season 2 sessions.",3:05,,"Mar 6, 2024",OG File,CD Quality,https://pillows.su/f/82e220029ac3f4e8daceb5dd44ac2c2e
Drip Season 2,"Japan [V1]
(prod. Wheezy)
(Yea)","OG Filename: Gunna - Yea
Original version of track 5 on Drip Season 2, ""Japan"", without Young Thug vocals.",2:49,,"Dec 6, 2022",OG File,CD Quality,https://pillows.su/f/9ef6c30404b4c6ac6b049be05a2f5b79
Drip Season 2,"Japan [V2]
(feat. Young Thug) (prod. Wheezy)
(Yea)","OG Filename: Gunna x Thugga- Yea_
OG file for track 5 on Drip Season 2, ""Japan"".",2:49,,"Dec 6, 2022",OG File,CD Quality,https://pillows.su/f/a0e15c6dce0bd6b9bdac662bb07fa2c9
Drip Season 2,"Long Johns
(feat. Young Trez)","OG Filename: Gunna x Trez- Long Johns
Throwaway from 2017.",2:03,,"May 2, 2024",OG File,CD Quality,https://pillows.su/f/79b50d2ae3d061c6c43e7096bd84f15e
Drip Season 2,"Mayors
(feat. Hoodrich Pablo Juan) (prod. Lord Capp)","OG Filename: Gunna x Pablo-Mayors(CappJesus)
OG file for bonus track 16 on Drip Season 2, ""Mayors"" featuring Hoodrich Pablo Juan.",3:23,,"Jun 28, 2024",OG File,CD Quality,https://pillows.su/f/3959e35d133a6314b583290a34329d4e
Drip Season 2,Money Counter,"OG Filename: Gunna- Money counter
Throwaway from 2017. Ends with 90 seconds of open instrumental.",3:41,,"Jun 28, 2024",OG File,CD Quality,https://pillows.su/f/b14906020910a216ce6ac644ff45ddb5
Drip Season 2,"No Advance [V1]
(prod. Metro Boomin)","OG Filename: no advance
Quieter mix of ""No Advance"" with a prominent crackling sound.",3:45,,"May 26, 2024",OG File,CD Quality,https://pillows.su/f/eafebe59af2fe616c6fef92b1fb97018
Drip Season 2,"No Advance [V2]
(prod. Metro Boomin)","OG Filename: no advance 2
Throwaway from 2017.",3:45,,"Jun 28, 2024",OG File,CD Quality,https://pillows.su/f/c1367744ba14ca7c83ba60e0274647d2
Drip Season 2,"Phase
(prod. Smoke)","OG Filename: Gunna-Phase
OG file for track 1 on Drip Season 2, ""Phase"".",3:51,,"Apr 26, 2024",OG File,CD Quality,https://pillows.su/f/40de213b64b3ae171f382a9bb5650372
Drip Season 2,"Propane
(prod. C4Bombs)","OG Filename: GUNNA SAHBABII
Demo from 2017 with an open verse for SahBabii. Last 4 bars of the first verse are open instrumental.",3:15,,"Jun 28, 2024",OG File,CD Quality,https://pillows.su/f/c88378e9cb8de2e5d65913e268d5502a
Drip Season 2,"Real Life
(prod. Bobby Johnson Beats)","OG Filename: REAL LIFE
Throwaway from 2017. Leaked as a bonus after a successful groupbuy for ""GREY CLOUDS.""",2:25,,"May 20, 2024",OG File,CD Quality,https://pillows.su/f/ca9c156a88a5aed525a8f04eeb87577b
Drip Season 2,Rubbin on Your Body,"OG Filename: Gunna - Rubbin On Your Body
Throwaway from 2017. Previewed on November 24, 2023.",4:25,,"Jun 28, 2024",OG File,CD Quality,https://pillows.su/f/c1af5a5bb279ff49f2aeb74c59b16b45
Drip Season 2,"Run it Up
(prod. TM88)","OG Filename: GUNNA-RUN IT UP
Throwaway from 2017.",2:14,,"Jun 28, 2024",OG File,CD Quality,https://pillows.su/f/a3f372901bcc86d5c78d1ee1721c9bb0
Drip Season 2,"Shopping
(prod. Lord Capp)
(Go Shopping)","OG Filename: Go Shopping 1 1
OG file for track 4 on Drip Season 2, ""Shopping"".",2:42,,"Aug 12, 2023",OG File,CD Quality,https://pillows.su/f/0fe40b9acf9f759ac119d209cfb133b0
Drip Season 2,"Through the Wind
(prod. Metro Boomin)
(Talk to the Wind)","OG Filename: Gunna - Talk to the wind
Throwaway from the Drip Season 2 sessions. Recorded in the same session as ""When I Want To"".",2:16,,"Dec 29, 2023",OG File,CD Quality,https://pillows.su/f/ff9d3d61485207a92bb4fdc2520b5abe
Drip Season 2,"Top
(prod. Narcos & BricksDaMane)","OG Filename: Top Gunna
OG file for track 3 on Drip Season 2, ""Top"".",2:36,,"May 3, 2021",OG File,CD Quality,https://pillows.su/f/57c7040f99a9798e4cda08e66210cdb2
Drip Season 2,"⭐ Veteran
(prod. TM88)","OG Filename: Gunna x Tm song 2
Untitled throwaway from the Drip Season 2 sessions. Snippet leaked on June 25, 2022.",2:44,,"Nov 25, 2022",OG File,CD Quality,https://pillows.su/f/09b1a92468d0f2950a696ef6b2b01297
Drip Season 2,"When I Want To
(prod. THE PLAYMAKERS & Wheezy)
(What I Want To)","OG Filename: Gunna - What i want to
Throwaway from 2017. Recorded in the same session as ""Through the Wind"".",2:34,,"Jun 28, 2024",OG File,CD Quality,https://pillows.su/f/e013df4d1d7deadfcfda339078d7368e
Drip Season 2,"⭐ Win
(prod. THE PLAYMAKERS)","OG Filename: Gunna - Win
Throwaway from the Drip Season 2 sessions. Uses the same synth as ""My Jeans"".",2:06,,"Jun 28, 2024",OG File,CD Quality,https://pillows.su/f/68be0dcfa1e03ae0f5ccc18bf2bd8d71
Drip Season 2,"YSL
(feat. Playboi Carti) (prod. Pi'erre Bourne)","OG Filename: YSL
OG file for track 12 on Drip Season 2, ""YSL"" featuring Playboi Carti.",2:36,,"Oct 16, 2021",OG File,CD Quality,https://pillows.su/f/bc9f76bf8d1f48f6d438651eb2b0c6df
Drip Season 2,"Zone
(prod. Bobby Johnson Beats)","OG Filename: ZONE
Throwaway from 2017.",2:11,,"Jan 15, 2023",OG File,CD Quality,https://pillows.su/f/cbe5aef1c3a9aaf4706952784bbfbd0b
Drip Season 2,"🏆Cop Me a Benz
(prod. Wheezy)","Snippet surfaced on June 15, 2021. Previewed in GunnaHub on June 9, 2026.",,,"Jun 15, 2021",Snippet,High Quality,"https://pillows.su/f/a7779272b50d4459bd99edd489240a98
https://pillows.su/f/0f96b6d5ce457f0c1b741f59e6c6d97c"
Drip Season 2,"Drippin' Everyday
(feat. Lil Duke)","Snippet surfaced in 2024. Another snippet surfaced on November 10, 2025.",,,"Feb 3, 2024",Snippet,High Quality,"https://pillows.su/f/4a0177c441f651016b67d394ca1e3e2a
https://pillows.su/f/6e978ac704f4f625ef834139b9ae96be"
Drip Season 2,Neimans,"Previewed in GunnaHub on June 9, 2026.",,,"Jun 9, 2026",Snippet,CD Quality,https://pillows.su/f/0d4e609ce3a5d56040ad0d5887874c10
Drip Season 2,"Trap Out the Palace
(prod. BricksDaMane & Narcos)",Previewed by Young Thug.,,,,Snippet,Recording,https://mega.nz/file/VB5nAKYA#1DpWsxb97czLpHlA9331n927Kq2nDLKYTZs3I_f2CvM
Drip Season 2,"Demon Child - Only 1
(feat. Gunna) (prod. Ace Bankz)","OG Filename: Gunna X Demon - Only 1
OG file for Demon Child - ""Only 1"" featuring Gunna. Recorded in the same session as ""All My Niggas Gon' Win"".",4:00,,"Jun 28, 2024",OG File,CD Quality,https://pillows.su/f/c06c87758c49796287e18e586900196d
Drip Season 2,"Jose Guapo - Bag [V1]
(feat. Gunna) (prod. TM88)","OG Filename: Gunna X Guap - Bag
Original version of Jose Guapo - ""Bag"" featuring Gunna and Lil Duke. Missing Lil Duke's verse.",2:40,,"Jun 28, 2024",OG File,CD Quality,https://pillows.su/f/6bf0a07221bcc9ca3df45e9dfa0f74f7
Drip Season 2,"Jose Guapo - Bag [V2]
(feat. Gunna & Lil Duke) (prod. TM88)","OG Filename: Guap X Gunna X Duke- Bag
OG file for Jose Guapo - ""Bag"" featuring Gunna and Lil Duke.",4:06,,"Jun 28, 2024",OG File,CD Quality,https://pillows.su/f/342a98588d1b76e6afa8e2e8f8e6dd6e
Drip Season 2,"Maintain [V1]
(prod. Smoke)
(Stay the Same)","OG Filename: Gunna_Maintain (Open Verse)
Open verse demo of ""Maintain"".",2:42,,"May 26, 2024",OG File,High Quality,https://pillows.su/f/a6c26d237f284fff3679c64cbf347ba1
Drip Season 2,"Maintain [V2]
(feat. DrugRixh Hect) (prod. Smoke)
(Stay the Same)","OG Filename: Gunna x Hect-Stay The Same
Version of ""Maintain"" with a feature from DrugRixh Hect and a longer intro. Previewed on April 14, 2017.",2:57,,"Jun 28, 2024",OG File,CD Quality,https://pillows.su/f/d961c5d1e456ad76c42194d3fd0886ef
Drip Season 2,"Lil Duke - 88
(feat. Gunna) (prod. TM88)","OG Filename: Duke x Gunna - 88
Feature from 2017.",3:00,,"Jun 28, 2024",OG File,CD Quality,https://pillows.su/f/dac6e31b90ecd8483edc12aadcea944b
Drip Season 2,"Lil Duke - Average Joe
(feat. Gunna) (prod. Turbo)
(Already Did It)","OG Filename: Duke x Gunna x Turbo Already Did It
Version of No Plug - ""Average Joe"" featuring Lil Duke and Gunna without No Plug's verse.",2:25,,"Jan 3, 2023",OG File,CD Quality,https://pillows.su/f/c026c4d3ac9d0d51b1e6f2a5c43d130a
Drip Season 2,"Lil Duke - Light My Blunt [V1]
(feat. Gunna) (prod. Wheezy)","OG Filename: Duke - Light My Blunt.mp3
Original version of ""Light My Blunt"" by Lil Duke featuring Gunna. Dated January 5, 2017.",3:40,"Jan 5, 2017","May 26, 2024",OG File,Low Quality,https://pillows.su/f/4c16b0e59faa0a092e3e8eb4ca7c7b15
Drip Season 2,"Lil Duke - Starve
(feat. Gunna) (prod. Wheezy)","OG Filename: Duke x Gunna - Starve
OG file for Lil Duke - ""Starve"" featuring Gunna.",2:44,,"Jun 28, 2024",OG File,CD Quality,https://pillows.su/f/f786b5b0b68a631a305ae0530391976c
Drip Season 2,"Lil Jamez - Better Believe
(feat. Gunna) (prod. Spiffy Global)","OG Filename: Gunna x Lil James
Feature from 2017.",3:16,,"Jun 28, 2024",OG File,CD Quality,https://pillows.su/f/58b5e89f4b22ca18a22e2e5d82e9d6e8
Drip Season 2,"Marlo - Bitches
(feat. Gunna)","Feature from 2017. Samples ""Crystalised"" by the xx.",2:51,,"Nov 13, 2025",Full,CD Quality,https://pillows.su/f/b29070237dcd07ce8c2524133aba9a59
Drip Season 2,"Pusha T - Gold [V1]
(feat. The-Dream) (prod. Plain Pat)","OG Filename: Gold_ref 03.18.17
Blobama-era Pusha T throwaway that had his verse reused for ""Feel The Love"". Was originally snipped by a now-defunct sellers site, before leaking on December 20th, 2022 by Waterfalls after the snippet for the Gunna version was posted.",2:57,"Mar 18, 2017","Dec 20, 2022",OG File,CD Quality,https://pillows.su/f/612e71a5c4fe439ea847638ed6534145
Drip Season 2,"Rich Gang - To The Top [V2]
(with Young Thug, Lil Duke & Gunna) (prod. Wheezy)
(Anyweather, Ran The Money Up)","OG Filename: To The Top - Young Thug x Duke x Gunna x Birdman - kbfs mstr3
Version that Birdman was cut off from in the final export. Contains Rich Gang tags.",3:32,,"Aug 30, 2023",OG File,CD Quality,https://pillows.su/f/28dc3edd79e96fd1de93ea82defe69de
Drip Season 2,"Rich Gang - To The Top [V3]
(feat. Gunna, Lil Duke, Young Thug & Birdman)
(Anyweather, Ran The Money Up)","OG Filename: To The Top - Thug - no hook LOUD
Version of ""To the Top"" with an alternate mix and no hooks.",4:48,,"Aug 30, 2023",OG File,CD Quality,https://pillows.su/f/55a03c8d18fa889e9580c6c8a3f7ca1f
Drip Season 2,"Rich Gang - To The Top [V4]
(feat. Gunna, Lil Duke, Young Thug & Birdman)
(Anyweather, Ran The Money Up)","OG Filename: 06 To The Top Thug x Duke x Gunna x Birdman fs HB mix 4 LOUD
Created for Rich Gang reunion in 2017 but was scrapped. Young Thug and Lil Duke recorded in 2016, Gunna and Birdman recorded in 2017. Contains Rich Gang tags. Previewed by London on da Track in 2017. File is dated 2018.",4:48,,"Oct 30, 2022",OG File,CD Quality,https://pillows.su/f/1cee57f88be9d23e6d5cb8b6a47be7cb
Drip Season 2,"SG987 - Pots & Pans [V1]
(prod. Lumi Beats)","OG Filename: Pots & Pans Open Verses 
Hook-only demo of SG987 - Pots & Pans.",4:42,,"May 26, 2024",OG File,CD Quality,https://pillows.su/f/7a3c1c685e56f7ffba51339971dc9763
Drip Season 2,"SG987 - Pots & Pans [V2]
(feat. Gunna) (prod. Lumi Beats)","OG Filename: Gunna - Pots and Pans
Original version of SG987 - ""Pots & Pans"" featuring Gunna. Has a longer outro and an open verse instead of SG987's first verse.",4:43,,"Jun 28, 2024",OG File,CD Quality,https://pillows.su/f/d82e34b0236eb3cb934dd75bc24917e7
Drip Season 2,"Young Thug - Macarena [V1]
(feat. Gunna) (prod. London on da Track)
(Macarana)",Beat was reused for 92 Explorer by Post Malone. Original version previewed by Karlae. Gunna is only featured on the adlibs.,3:52,,"Oct 11, 2017",Full,CD Quality,https://pillows.su/f/3f91c891d475ffab9ff6d65ae14b4cdb
Drip Season 2,"Young Thug - Macarena [V2]
(feat. Gunna) (prod. London on da Track)
(Macarana)","OG Filename: Young Thug - Macarena - Tumay Mix 1_03
Alternate version mixed by Alex Tumay and previewed by Young Thug. Leaked on October 21, 2019. OG file leaked on June 14, 2023. Gunna is only featured on the adlibs.",4:06,,"Oct 21, 2019",OG File,Lossless,https://pillows.su/f/687643892539ef4311a393e2e5c29c0e
Drip Season 2,"Young Thug - Other Speed
(feat. Gunna & Lil Duke) (prod. RA 1HUNNID & Wheezy)","OG Filename: OTHER SPEED
Track was unheard prior to surfacing after a hacker named “masonfuc7” hacked Gunna’s Twitter. OG file leaked on May 26, 2024.",4:05,,"Jun 12, 2018",OG File,CD Quality,https://pillows.su/f/e6f964c34d310d842788be4afb0178f7
Drip Season 2,"Young Thug - Ride For Me
(feat. Gunna) (prod. Wheezy)
(For Me)","OG Filename: YT - Ride For Me_1
First mentioned by Young Thug in January 2017. Previewed by Young Thug on June 19, 2020. The song surfaced after a hacker under the name of “masonfuc7” hacked Gunna’s Twitter.",3:13,,"Oct 5, 2022",OG File,CD Quality,https://pillows.su/f/b249e9a3bce474883653bfe1c65341b3
Drip Season 2,"Lil Duke - Chosen
(feat. Gunna & Chi Chi) (prod. Wheezy)","Snippet surfaced on November 10, 2025.",,,"Nov 10, 2025",Snippet,High Quality,https://pillows.su/f/e1c67fb0ba882fed2ee2b49d8e50733a
Drip Season 2,"Lil Duke - Mink
(feat. Gunna)","Snippet surfaced on November 10, 2025.",,,"Nov 10, 2025",Snippet,High Quality,https://pillows.su/f/b86d261d9377b70db621dea69ff2b24b
Drip Season 2,"Pusha T - Gold [V2]
(feat. Gunna) (prod. Plain Pat)","Version of ""Gold"" which features Gunna instead of The-Dream, but still contains the vocals reused for ""Feel The Love"". Unsure if this came before or after The-Dream's version. Snippet leaked on December 19, 2022.",,,"Dec 19, 2022",Snippet,CD Quality,https://pillows.su/f/10232efe3d7cae8cd1c9d569dce82a5e
Drip Season 2,"??? - Pour Me a 4
(feat. Gunna)","Snippet surfaced on November 10, 2025.",,,"Nov 10, 2025",Snippet,High Quality,https://pillows.su/f/d773d5dffa09477d8870707d078ae935
"13 OG Files
1 Full
0 Tagged
0 Partials
1 Snippets
2 Unavailable",Designer Drip,,,,,,,
Designer Drip,"Back and Forth
(with Hoodrich Pablo Juan) (prod. DY Krazy)","OG Filename: Back n forth pablo
OG file for ""Back and Forth"" featuring Hoodrich Pablo Juan.",2:36,,"Jun 28, 2024",OG File,CD Quality,https://pillows.su/f/ad2be5f14a5261a1cb67562fbdc235d9
Designer Drip,"Backwoods Me
(feat. Pi'erre Bourne) (prod. Cardo)","OG Filename: 01 pablo backwoods me 7-22-17 (Gunna)
Recorded in the same session as Drip, Drip Hoe, and L.A. Plays at Saltmine Studios.",3:31,"Jul 22, 2017","Dec 6, 2022",OG File,CD Quality,https://pillows.su/f/b7697cae5b5a6579581e38723a54be00
Designer Drip,"Foreign
(with Hoodrich Pablo Juan) (feat. DrugRixh Hect) (prod. Ro, CashBoyJosh, & Smoke)","OG Filename: gunna x pablo - foreign
Throwaway from the Designer Drip sessions.",3:29,,"Jun 6, 2024",OG File,CD Quality,https://pillows.su/f/bd594732b6a85aa6e4d26e182b676059
Designer Drip,"I See You
(with Hoodrich Pablo Juan)","OG Filename: Gunna - I See You pablo
Likely intended for Designer Drip.",2:49,,"Jun 28, 2024",OG File,CD Quality,https://pillows.su/f/a8cc341aaafcc5f32387ed488c8a9a77
Designer Drip,"Made Men
(with Hoodrich Pablo Juan) (prod. BasedKash)","OG Filename: PABLO N GUNNA - MADE MEN (RUFF)
First previewed on October 23, 2017.",2:37,,"Dec 6, 2022",OG File,CD Quality,https://pillows.su/f/a98d5f6774e71c77c4b8bb261c4786e7
Designer Drip,"Mind on a Milli
(with Hoodrich Pablo Juan) (prod. Metro Boomin, Pi'erre Bourne, & Wheezy)","OG Filename: Gunna x metro
Original version of ""Mind on a Milli"" with a different mix, no producer tags, and a shorter outro.",2:51,,"Jun 28, 2024",OG File,CD Quality,https://pillows.su/f/03112ff358e3bdc9c1b5c7aaa7e2c76c
Designer Drip,"Money Machine
(with Hoodrich Pablo Juan) (prod. Ro & Smoke)","OG Filename: Money Machine pablo
Throwaway from 2017.",1:54,,"Jun 28, 2024",OG File,CD Quality,https://pillows.su/f/f35a2862bb2db4d504dabab115cccb1e
Designer Drip,"⭐ Outta State
(with Hoodrich Pablo Juan) (prod. Danny Wolf & Dilip)
(Designer Drip, Drip Everyday, LA Plates)","OG Filename: 01 Gunna 2 feat HRP
OG Filename: Gunna 2 pablo
Titled ""Outta State"" by Danny Wolf. Intended for Designer Drip. First previewed on July 16, 2017.",2:21,,"Dec 6, 2022",OG File,CD Quality,https://pillows.su/f/aa0d5fce3b371ab60342859acf8bf603
Designer Drip,"Put This Shit On
(with Hoodrich Pablo Juan)
(Put That Shit On)","OG Filename: Gunna x Pablo- Put That shit On
Throwaway from the Designer Drip sessions. Recorded in May or June of 2017.",2:55,,"Jun 28, 2024",OG File,CD Quality,https://pillows.su/f/1c1fecf68c98543b10254fe31ac56c56
Designer Drip,"Super Thick
(with Hoodrich Pablo Juan) (prod. Turbo)","OG Filename: GUNNA x PABLO- Super Thick (TURBO)
Throwaway from the Designer Drip sessions.",3:25,,"Jun 28, 2024",OG File,CD Quality,https://pillows.su/f/566d3a4284fd7346661a2e58fd1c1c79
Designer Drip,"Trenches
(with Hoodrich Pablo Juan) (feat. Lil Duke) (prod. Mitch Mula)","OG Filename: duke x pablo x gummy__ro
Snippet surfaced in 2022. Another snippet surfaced on January 1, 2026. Last chorus is copy/pasted slightly offbeat.",2:58,,"Mar 3, 2026",Full,High Quality,https://pillows.su/f/4102c4b2d85e4183f9daa5f8701aada1
Designer Drip,"Young Thug - ???
(feat. Gunna, Hoodrich Pablo Juan, & Skippa da Flippa) (prod. Mitch Mula)
(Mind of a Boss, Sub-Zero)","Previewed by Young Jordan, Wheezy, and Hoodrich Pablo Juan in 2017.",,,,Snippet,Recording,"https://mega.nz/file/8VBB1ShS#zu0fjh6mYTMZz3jH9lThNwJKKfPvPxy7_AvyY3JZdag
https://mega.nz/file/sNok0TjL#BWG9We1pAA5qnGZJLoYh1uQd6flceVckL-iDoG3_42g"
Designer Drip,"Hoodrich Pablo Juan - On Fleek
(feat. Gunna & Young Thug)","OG Filename: On Fleek_Mix_2
OG file for ""On Fleek"" by Hoodrich Pablo Juan featuring Young Thug and Gunna.",4:32,,"Feb 8, 2023",OG File,CD Quality,https://pillows.su/f/8bc3ab4bdc643b9e1f3392745a0ad544
Designer Drip,"Hoodrich Pablo Juan - Paid in Full
(feat. Gunna & DrugRixh Hect) (prod. BasedKash)","OG Filename: pablo 2
OG file for Hoodrich Pablo Juan - ""Paid in Full"" featuring Gunna and DrugRixh Hect.",3:01,,"Jun 28, 2024",OG File,CD Quality,https://pillows.su/f/0564fa0fc0400816b181f02a315a0768
Designer Drip,"Hoodrich Pablo Juan - Thinkin'
(prod. Danny Wolf)","OG Filename: Pablo X Gunna X Danny
Demo from the Designer Drip sessions with an open verse for Gunna.",3:33,,"Jun 28, 2024",OG File,CD Quality,https://pillows.su/f/bba692fdc4a0c2d5791415be14e1fa36
Designer Drip,[Unknown Lil Baby Collaborations],@1017_records mentioned a Lil Baby feature on Designer Drip when announcing the mixtape in 2018.,,,,Confirmed,Not Available,
Designer Drip,[Unknown Wheezy Collaborations],"On May 19, 2017, Hoodrich Pablo Juan tweeted ""In the studio w @1GunnaGunna working on DESIGNER DRIP .. @wheezy5th on the track"".",,,,Confirmed,Not Available,https://twitter.com/Hoodrich_Pablo/status/865447498692706304
"40 OG Files
0 Full
1 Tagged
1 Partials
3 Snippets
0 Unavailable",Drip or Drown,,,,,,,
Drip or Drown,"Award
(prod. Wheezy)","OG Filename: 5. Gunna- Award [Prod. By Wheezy]TBO MIX
OG File (Metadata): Award [Prod. By Wheezy]
OG file for track 5 on Drip or Drown, ""Award"".",2:49,,"Feb 4, 2026",OG File,CD Quality,https://pillows.su/f/4779b94ba733452ba0a3d1a180bbcb3a
Drip or Drown,"Chains Choking Me
(with Young Thug) (prod. Wheezy, Bobby Raps, & Charlie Handsome)","OG Filename: Thug Gunna 9_9_17 Chains Chokin Me
OG file for track 12 on Slime Language, ""Chains Choking Me"".",3:01,,"Jun 28, 2024",OG File,CD Quality,https://pillows.su/f/bc5e0d92209d927dba78f5aecfa4f51e
Drip or Drown,"Dead Presidents
(feat. Lil Duke) (prod. Wheezy & Hoodrich Keem)",Leaked tagged by Hoodrich Keem.,3:16,,"May 2, 2018",Tagged,High Quality,https://pillows.su/f/4ebd35b7f8b7d114ea0c5d0a7c584270
Drip or Drown,"Do That Shit [V1]
(prod. Wheezy & TM88)","OG Filename: pint13 weez gunna v1.0 do that shit hook
Hook-only demo from 2017. Snippet surfaced on July 13, 2021.",3:30,,"Mar 3, 2026",OG File,CD Quality,https://pillows.su/f/11eb5818edd0b0faada2d00227ef5683
Drip or Drown,"Dodge the Hate
(prod. Wheezy & Cassius Jay)","OG Filename: Dodge The Hate
OG file for track 7 on Drip or Drown, ""Dodge the Hate"". Has the same file date as ""Hop in the Ghost"".",2:35,"Jun 9, 2017 (7:32 AM)","Feb 12, 2026",OG File,High Quality,https://pillows.su/f/730f4e41a293ad545cdbfcae8f32e465
Drip or Drown,"Don't Give Up
(prod. Wheezy)","OG Filename: Dont_Give_Up.2_Rough_11.3.17
Original version of ""Don't Give Up"" with fewer vocal effects and a slightly different outro.",2:46,"Nov 3, 2017","Apr 1, 2024",OG File,CD Quality,https://pillows.su/f/acf67f821c4eb4e8db94ff013a1f458b
Drip or Drown,"⭐ Drip [V1]
(prod. Wheezy)
(My Turn)","OG Filename: AUDIO_3645
OG File (Metadata): Drip 7-22-17
Recorded in the same session as L.A. Plays, Drip Hoe, and Backwoods Me at Saltmine Studios. Previewed on July 24, 2017.",2:38,"Jul 22, 2017","Mar 26, 2022",OG File,CD Quality,https://pillows.su/f/3e9e6aaf64dc033c90ad61b7f06a17d2
Drip or Drown,"Drip [V2]
(prod. Wheezy)
(My Turn)","OG Filename: My Turn 7-22-17 (Ben1)
Version of ""Drip"" with a different mix. Has a different drum pattern during the first half of the first verse and the second half of the second hook.",2:38,"Jul 22, 2017","Jun 28, 2024",OG File,CD Quality,https://pillows.su/f/da5fb1d766a237f168d260f8ebd10f7b
Drip or Drown,"Drip Hoe
(prod. Wheezy & Pi'erre Bourne)","OG Filename: 01 Wheezy Drip 3rd (Ben)
Open verse demo recorded in the same session as Drip, L.A. Plays, and Backwoods Me at Saltmine Studios.",2:12,,"Dec 29, 2023",OG File,CD Quality,https://pillows.su/f/ce78fc3bcfbbd5875184b32a6776bc82
Drip or Drown,"⭐ Drip is Rare
(prod. Wheezy)
(Trip is Rare)","OG Filename: Trip is Rare rough 11.2.17
Dated November 2, 2017. Leaked as a bonus in a successful $2,000 groupbuy for ""WANNA KNOW WHY"".",2:32,"Nov 2, 2017","Feb 21, 2024",OG File,CD Quality,https://pillows.su/f/864c39b19092ae2e0c065aa01d10594b
Drip or Drown,"Drip or Drown [V1]
(prod. Wheezy)","OG Filename: Song1 Paramount 11.3.17
Early mix of track 2 on Drip or Drown, ""Drip or Drown"". Has quieter vocals.",2:06,"Nov 3, 2017","Aug 12, 2023",OG File,CD Quality,https://pillows.su/f/7bb9e6354572e4801ee2217a96d1b665
Drip or Drown,"Every Dolla [V1]
(prod. Wheezy)","OG Filename: gunna dolla
Open verse demo of ""Every Dolla"" with a quieter mix. Starts with one hook instead of two. There is an extra adlib after the second hook that is not present in the finished version.",2:17,,"Jun 28, 2024",OG File,CD Quality,https://pillows.su/f/50156db562c9a9934b105bde22ba0e5c
Drip or Drown,"Every Dolla [V2]
(prod. Wheezy)","OG Filename: Gunna - Every Dolla
Throwaway from the Drip or Drown sessions.",2:01,,"Dec 24, 2023",OG File,CD Quality,https://pillows.su/f/5105cc38a5cf50cddb22038a5b2531bb
Drip or Drown,"Exotic
(prod. Wheezy)","OG Filename: Gunna - Exotic
Open verse demo from the Drip or Drown sessions.",2:47,,"Oct 20, 2023",OG File,CD Quality,https://pillows.su/f/f1cf2bd856994a3db9dd72fc2e96bb9f
Drip or Drown,"⭐ Good Day
(feat. Young Thug) (prod. Smoke & Wheezy)","OG Filename: Good Day
First previewed by Gunna on May 1, 2021. Unrelated to the other track with the same name.",3:17,,"Dec 6, 2022",OG File,CD Quality,https://pillows.su/f/dd333f82159d0fcb3fce60bd38782774
Drip or Drown,"Healin' the Pain
(prod. Wheezy)","OG Filename: HEALIN THE PAIN
Shares the same instrumental as “OJ Mayo” by UnoTheActivist.",2:44,,"Dec 6, 2022",OG File,CD Quality,https://pillows.su/f/14b2dcda0b81227b30db3d02869e7a54
Drip or Drown,"How it Feels to Be Rich
(prod. Turbo, Wheezy & Rex Kudo)","OG Filename: GUNNA- HOW IT FEELS TO BE RICH(TURBOWHZYREX)
Leaked as a bonus in a successful $900 groupbuy for ""Play Money"" with NAV on March 21, 2024. Features a prominent crackling sound.",2:31,"Sep 18, 2017","Mar 21, 2024",OG File,CD Quality,https://pillows.su/f/a585b83ba423836e5fd46c766bc87062
Drip or Drown,"⭐ I Try
(prod. Wheezy)
(Stay True)","OG Filename: I Try - Ruff 1
Throwaway from the Drip or Drown sessions. Previewed in 2021.",2:50,,"Jan 19, 2023",OG File,CD Quality,https://pillows.su/f/680da0ea4642ef6156f55f139688f52e
Drip or Drown,"Invest
(prod. Wheezy)","OG Filename: INVEST
OG file for track 3 on Drip or Drown, ""Invest"".",3:00,,"Jun 28, 2024",OG File,CD Quality,https://pillows.su/f/017284421981dae2b878e9a07f8d4bc9
Drip or Drown,"L.A. Plays
(prod. Wheezy & Pi'erre Bourne)","OG File (Metadata): untitled 4th 7-23-17 (ben)
 Open verse demo recorded in the same session as Drip, Drip Hoe, and Backwoods Me at Saltmine Studios. Uses the same sample as Offset - ""Dreams"".",2:08,"Jul 23, 2017","Dec 24, 2023",OG File,CD Quality,https://pillows.su/f/3534dc819656dec089b61c95ae04040f
Drip or Drown,"Live Life
(prod. Wheezy)","OG Filename: Gunna - Live Life
Throwaway from the Drip or Drown sessions. First mentioned by Booka on August 13, 2017.",1:48,,"Jun 28, 2024",OG File,CD Quality,https://pillows.su/f/67253a2a7406cfc906ce5deb11be4077
Drip or Drown,"Living Off Faith
(prod. Wheezy & Cassius Jay)
(Money in the Bank)","OG Filename: 01 Living Off Faith
First previewed on June 26, 2017. Likely recorded in the same session as ""Dodge the Hate"" and ""Hop in the Ghost"".",2:32,,"Dec 6, 2022",OG File,CD Quality,https://pillows.su/f/b374de139ce4b011a79430265f400aa3
Drip or Drown,"Lord Knows
(prod. Wheezy)
(Steal My Drippin')","OG Filename: Lord Knows 7-20-17 saltmine_1
Recorded on July 20, 2017. Previewed on October 5, 2017. Originally privatebought, however later surfaced after a successful groupbuy on November 4, 2023.",2:42,"Jul 20, 2017","Nov 4, 2023",OG File,CD Quality,https://pillows.su/f/fe44cd9c0ada1281b79b20822a379b31
Drip or Drown,"⭐ Money Solve
(feat. Young Thug) (prod. Wheezy)
(Money)","OG Filename: money
OG Filename 2: money solve thug
Throwaway from the Drip or Drown sessions.",3:40,,"Jan 10, 2023",OG File,CD Quality,https://pillows.su/f/c69ed7e4106b3b6c0b3aba7ace72ad99
Drip or Drown,"More to Make
(feat. FBG Wookie) (prod. Wheezy)","OG Filename: More to Make
Throwaway from 2017.",2:52,,"Jun 28, 2024",OG File,CD Quality,https://pillows.su/f/44393c3af4027c74da895f45da026d1c
Drip or Drown,"Paid
(prod. Wheezy)","OG Filename: 1. Gunna- Paid [Prod. By Wheezy]TBO MIX
OG File (Metadata): Paid [Prod. By Wheezy]
OG file for track 1 on Drip or Drown, ""Paid"".",2:36,,"Feb 15, 2026",OG File,CD Quality,https://pillows.su/f/948709379424b35c0094bfe592eadaf3
Drip or Drown,"Psychic [V1]
(prod. Wheezy & CuBeatz)","OG Filename: Gunna_PHYSIC
Version of ""Psychic"" with a quieter mix and a slightly different outro.",2:26,,"Jun 28, 2024",OG File,CD Quality,https://pillows.su/f/ab483fbf8cda9ed2a20ace015a1ef64e
Drip or Drown,"Psychic [V2]
(prod. Wheezy & CuBeatz)","OG Filename: Gunna - Psychic_04-01
Throwaway from the Drip or Drown sessions.",2:27,,"Mar 30, 2023",OG File,CD Quality,https://pillows.su/f/cf62c78ca5359d3cd794382bcd4065cd
Drip or Drown,"Racks and a Nina
(prod. Wheezy)","OG Filename: Gunna - racks and a nina
Open verse demo from the Drip or Drown sessions. Leaked on November 17, 2023; OG file surfaced on June 28, 2024.",2:32,,"Nov 17, 2023",OG File,High Quality,https://pillows.su/f/fde9ea897bd9470355ff794c4dd0657f
Drip or Drown,"⭐ Stack Up Some Cash
(prod. Wheezy)","OG Filename: Gunna - Stack Up Some Cash
Throwaway from the Drip or Drown sessions.",2:14,,"Dec 24, 2023",OG File,CD Quality,https://pillows.su/f/02e1f7d1da7bead488dbc67f6a20f480
Drip or Drown,"Stretch
(prod. Rex Kudo & Wheezy)
(New Jetsons)","OG Filename: Rex clock whzy' (open verse)
Open verse demo from the Drip or Drown sessions. Snippet surfaced on June 25, 2023.",3:36,,"Jun 28, 2024",OG File,CD Quality,https://pillows.su/f/51ba69f2b03c1f2bd06c2366be629d32
Drip or Drown,"⭐ Time for This
(prod. Wheezy)","OG Filename: Time for This - Gunna - Ruff 1
Throwaway from the Drip or Drown sessions. Previewed on November 17, 2021.",2:04,,"Jun 28, 2024",OG File,CD Quality,https://pillows.su/f/316d97935d05214b9d8135bb5ef1d02a
Drip or Drown,"Vibes in L.A.
(prod. Wheezy)","OG Filename: Gunna Vibes in LA 06.23.17
Open verse version of ""Vibes in L.A."" without Moneybagg Yo's verse and the 3rd hook.",2:34,"Jun 23, 2017","Jun 28, 2024",OG File,CD Quality,https://pillows.su/f/824edc1dbb3e0012fe69267d50219358
Drip or Drown,"Way [V1]
(prod. Cassius Jay & Wheezy)","OG Filename: Way - Gunna - Ruff 1
First version of ""Way"".",2:53,,"Jun 28, 2024",OG File,CD Quality,https://pillows.su/f/bf845ae506e88b466f60202b13910b42
Drip or Drown,"Way [V2]
(prod. Cassius Jay & Wheezy)","OG Filename: Way - Gunna - Ruff 2
Version of ""Way"" with slightly altered mixing.",2:54,,"Jun 28, 2024",OG File,CD Quality,https://pillows.su/f/b760a119ec09ce1d38b5ca8acb6628fd
Drip or Drown,"⭐ Way [V3]
(prod. Cassius Jay & Wheezy)","OG Filename: Way - Gunna - Final Ruff 
A CDQ snippet was first previewed on November 17, 2021. Leaked on February 14, 2024.",2:53,,"Feb 14, 2024",OG File,CD Quality,https://pillows.su/f/03a3c3272f0309e13749824b2d9e8d69
Drip or Drown,"Fly on a Lear
(prod. Wheezy)","Snippet surfaced on August 1, 2025.",,,"Aug 1, 2025",Snippet,CD Quality,"https://pillows.su/f/7a1be90838dbb94d12bd541be3378a63
https://pillows.su/f/b68babeb15157247c7b59a40ce36f5ba"
Drip or Drown,"Gettin' it In
(prod. Wheezy & TM88)","Previewed in GunnaHub on June 9, 2026.",,,"Jun 9, 2026",Snippet,CD Quality,https://pillows.su/f/c23b988b3f539ef1ec9e4becb59f23a5
Drip or Drown,"🏆 Sippin' This Red
(prod. Wheezy)
(Cold Heart, Chrome Hearts, Chanels On)","First previewed by @streetvision365 on August 26, 2017. A longer recording was posted to YouTube on August 19, 2018.",,,"Aug 26, 2017",Partial,Recording,https://mega.nz/file/hVpggSQI#yQrfZ76z4MU-OWGOwVGOwrngQ-6oFjsaERvuvsx5_ok
Drip or Drown,"Thank God
(prod. Wheezy)","Snippet surfaced on January 21, 2023. Another snippet surfaced on November 10, 2025. Previewed in GunnaHub on January 6, 2026.",,"Jun 8, 2017","Jan 21, 2023",Snippet,High Quality,https://pillows.su/f/89ae5cd546bd0a7f2893cbe8872dd5ce
Drip or Drown,"⭐ Future & Young Thug - Old Thing Back
(feat. Gunna) (prod. Wheezy)","OG Filename: OLD THING BACK
Feature from Future and Young Thug's Super Slimey sessions. Previewed by Gunna on May 7, 2020.",3:35,,"Mar 6, 2023",OG File,CD Quality,https://pillows.su/f/439afd924ec14ce0c96bde67798ddc67
Drip or Drown,"Millie Go Lightly - Candy
(feat. Gunna) (prod. Wheezy)","OG Filename: CANDY
OG file for ""Candy"" by Millie Go Lightly featuring Gunna.",2:52,,"Apr 1, 2024",OG File,CD Quality,https://pillows.su/f/05e894a130a3cd43dfffb8ed82142abe
Drip or Drown,"Shad da God - Thumb Thru [V1]
(feat. Gunna & Lil Duke) (prod. Wheezy)","OG Filename: Thumb Thru It - Ruff 1
Version of ""Thumb Thru It"" with a slightly altered mix.",2:30,,"Jun 28, 2024",OG File,CD Quality,https://pillows.su/f/ce12578f390e7ad0499669e1a060a895
Drip or Drown,"Shad da God - Thumb Thru [V2]
(feat. Gunna & Lil Duke) (prod. Wheezy)","OG Filename: Thumb Thru It - Ruff 2
OG file for Shad da God - ""Thumb Thru It"" featuring Gunna and Lil Duke.",2:30,,"Jun 28, 2024",OG File,CD Quality,https://pillows.su/f/9341ad390cbf50903a27fa5e5b9fcb1f
Drip or Drown,"Young Thug - Back 'n Forth
(feat. Gunna) (prod. Wheezy)
(Back and Forth, Remember Last Time)","OG Filename: Back n Forth
Previewed by Young Thug in 2017.",3:08,,"Nov 13, 2022",OG File,CD Quality,https://pillows.su/f/b4c7524c75e8e8c0907e1d26168bae4e
"5 OG Files
0 Full
0 Tagged
0 Partials
0 Snippets
0 Unavailable",Collaboration with UnoTheActivist,,,,,,,
Collaboration with UnoTheActivist,"Boss
(with UnoTheActivist) (feat. Sosamann)","OG Filename: 11.04.17 Gunna Song 1 - Boss V1.5 2
Open verse demo recorded on November 4, 2017. Previewed by UnoTheActivist in an Instagram live in November 2017.",3:49,"Nov 4, 2017","Feb 23, 2019",OG File,CD Quality,https://pillows.su/f/ce9dc0e2697c07f6719aa5f5a63fe495
Collaboration with UnoTheActivist,"I Can't 4get [V1]
(with UnoTheActivist) (prod. Ghetto Guitar & Turbo)","OG Filename: 11.04.17 GUNNA-I CANT 4GET V1
OG file for ""I Can't 4get"". Dated November 4, 2017.",2:45,"Nov 4, 2017","Oct 25, 2022",OG File,CD Quality,https://pillows.su/f/8714b9c0f87dab1f4f08b0ef2674f9ba
Collaboration with UnoTheActivist,"I Can't 4get [V2]
(with UnoTheActivist) (prod. Ghetto Guitar & Turbo)","OG Filename: 11.04.17 GUNNA-I CANT 4GET V2
Version of ""I Can't 4get"" with a quieter mix.",2:45,"Nov 4, 2017","Jun 28, 2024",OG File,CD Quality,https://pillows.su/f/73b3f67e64378e2beed6420ab1cc8fe1
Collaboration with UnoTheActivist,"Ice Age
(with UnoTheActivist) (prod. Turbo)","OG Filename: GUNNA- ICE AGE x UNOTHEACTAVIS (TURBO)
OG file for ""Ice Age"". Dated November 25, 2017.",2:49,"Nov 25, 2017","Oct 9, 2021",OG File,High Quality,https://pillows.su/f/385923409381adc8ef6e1779946d2c7b
Collaboration with UnoTheActivist,"⭐ Vibes On Vibes
(with UnoTheActivist) (prod. TrellGotWings & Turbo)","OG Filename: GUNNA x UNO- VIBES ON VIBES(TURBOxTRELL)
OG file for ""Vibes On Vibes"". Recorded on November 25, 2017. Originally surfaced on January 14, 2019 prior to releasing on SoundCloud via UnoTheActivist, with the OG file surfacing on July 29, 2022.",3:18,"Nov 25, 2017","Jan 14, 2019",OG File,High Quality,https://pillows.su/f/83fdfb53798ed37b81f2b385ef5f623e
"126 OG Files
17 Full
0 Tagged
0 Partials
6 Snippets
0 Unavailable",Drip Season 3,,,,,,,
Drip Season 3,"24K Gold
(prod. DY Krazy)
(24K)","OG Filename: Gunna- 24K GOLD Prod. By DY
OG File (Metadata): 24K
Leaked on February 20, 2024. OG file surfaced on June 28, 2024. Uses the same synth as ""Same Yung Nigga"". Likely recorded in the same session as ""Climate"", ""Drip Man"", and ""Gang Gang"".",2:30,,"Jun 28, 2024",OG File,High Quality,https://pillows.su/f/c21def49be004b7da870cb38c4e25e1c
Drip Season 3,"Above Us
(prod. Earl on the Beat)
(For Baby)","OG Filename: gunna for baby
Throwaway from 2017. Based on the filenames, the producer, and Gunna's mentions of 4PF in the lyrics, this was likely intended as a reference track for Lil Baby.",3:17,,"Jun 28, 2024",OG File,CD Quality,https://pillows.su/f/60f8f53b9a0c5e15ab5ebc2e8db2dea6
Drip Season 3,"All The Above [V1]
(prod. DY Krazy)","Hook-only demo of ""All The Above.""",2:58,,"Dec 24, 2022",Full,CD Quality,https://pillows.su/f/d29205d30d3eb150d2e67752c748f968
Drip Season 3,"All the Above [V2]
(prod. DY Krazy)","OG Filename: All The Above
Finished version of ""All The Above."" The chorus was later used in “Perfect Timing” by Yung Joc.",2:57,,"Apr 1, 2024",OG File,CD Quality,https://pillows.su/f/f8942da81e773db817347f42e6d1e0ce
Drip Season 3,"Almighty
(feat. Hoodrich Pablo Juan) (prod. Turbo)","OG Filename: GUNNA x PABLO- ALMIGHTY(TURBO)
OG file for track 3 on Drip Season 3, ""Almighty"" featuring Hoodrich Pablo Juan.",2:24,,"Jun 28, 2024",OG File,High Quality,https://pillows.su/f/1311ffafa05bfe1edd54a54fa7b87f83
Drip Season 3,"At the Hotel [V1]
(feat. Young Jordan) (prod. Turbo)","OG Filename: GUNNA x SOICEYJORDAN- AT THE HOTEL(TURBO)
Original version of ""At the Hotel"" only featuring Young Jordan. Likely recorded in the same session as ""Gucci Socks"" and ""Madonna"".",2:46,,"Apr 25, 2024",OG File,High Quality,https://pillows.su/f/1c11349e2c1f91658067ebbe7dd09d75
Drip Season 3,"At the Hotel [V2]
(feat. Lil Uzi Vert & Young Jordan) (prod. Turbo)","OG Filename: Gunna x Uzi At The Hotel - rough
Quieter mix of ""At the Hotel"". Lil Uzi Vert's verse is 3rd rather than 2nd.",3:46,,"Feb 6, 2025",OG File,CD Quality,https://pillows.su/f/91878c35d5c44bbfc5be9cbf3f4dd711
Drip Season 3,"At the Hotel [V3]
(feat. Lil Uzi Vert & Young Jordan) (prod. Turbo)","OG Filename: Gunna x Uzi x SoicyJordan -At The Hotel - rell
OG file for ""At the Hotel"" featuring Lil Uzi Vert and Young Jordan.",3:45,,"Apr 25, 2024",OG File,CD Quality,https://pillows.su/f/a19aacd37f5fc4164458e0fad01c7883
Drip Season 3,"Barry Bonds
(prod. Wheezy)
(Berry Bonds)","OG Filename: GUNNA- BERRY BONDS(WHZY)
First previewed in 2017, then again in 2020.",2:05,"Dec 7, 2017","Dec 17, 2022",OG File,CD Quality,https://pillows.su/f/c166ce590fd19200e047cb03ca09a3b5
Drip Season 3,"Brand New Day
(feat. Shad da God) (prod. Tre Pounds)","OG Filename: GUNNA- Brand New Day Ft. Shad Da God(treepound)
Throwaway from 2017.",2:10,,"Jun 28, 2024",OG File,CD Quality,https://pillows.su/f/75490029d4c5599c1b97f06b57bfe18a
Drip Season 3,"Chips
(prod. Smoke)
(Hella Chips)","OG Filename: 01 Chips
OG Filename 2: Hella Chips
Freestyle from 2017; ends with 90 seconds of open instrumental.",2:56,,"Feb 16, 2024",OG File,CD Quality,https://pillows.su/f/43006e82d76ab07959a29e6d3a15c35c
Drip Season 3,"Climate
(feat. HiDoraah & Dolly White) (prod. BLSSD & Billboard Hitmakers)
(Climax)","OG Filename: GUNNAx DORA x DOLLY- CLIMAX Prod. By BLSSD x Billboard
 Likely recorded in the same session as ""24K Gold"", ""Drip Man"", and ""Gang Gang"".",3:03,,"Jun 28, 2024",OG File,CD Quality,https://pillows.su/f/b5b0bed4b8c8e3609e6aaa3191197054
Drip Season 3,"Cold Heart
(feat. Lil Durk) (prod. Richie Souf)
(Cold Hearted)","OG Filename: Gunna - Cold Heart feat. Lil Durk
Recorded on December 6, 2017 and first previewed by Gunna in an Instagram story in late 2017. A CDQ snippet later surfaced on December 18, 2022. Leaked in full on June 28, 2024.",3:04,"Dec 7, 2017","Jun 28, 2024",OG File,CD Quality,https://pillows.su/f/aba096506d0f03987a7b516666fac750
Drip Season 3,"Consistent
(prod. Metro Boomin & Wheezy)","OG Filename: GUNNA- CONSISTENTWHZYMETRO
Throwaway from the Drip Season 3 sessions.",2:20,"Dec 7, 2017","Aug 25, 2023",OG File,CD Quality,https://pillows.su/f/d7e2343d1b63cdb1316c5068f22efa6c
Drip Season 3,"⭐ Dead Weight
(prod. Richie Souf)","OG Filename: Richie Souf Beat - Dead Weight
OG Filename 2: gunna1
Throwaway from the Drip Season 3 sessions.",2:01,,"Jan 10, 2023",OG File,CD Quality,https://pillows.su/f/c851c0823982c2198cf442ad5b418ddc
Drip Season 3,"Did Me Wrong [V1]
(prod. Richie Souf)","OG Filename: Did Me Wrong
Version of ""Did Me Wrong"" without Young Thug.",3:01,,"Jun 28, 2024",OG File,CD Quality,https://pillows.su/f/caf60226bf08f9e379fd6b25278e2c7d
Drip Season 3,"Did Me Wrong [V2]
(feat. Young Thug) (prod. Richie Souf)","OG Filename: 01 Did Me Wrong ft Thug
Throwaway from the Drip Season 3 sessions.",4:01,,"Dec 6, 2022",OG File,CD Quality,https://pillows.su/f/cbb184d567220717843e48abcd6e6eeb
Drip Season 3,"Don't Owe You
(prod. Metro Boomin)","OG Filename: Gunna - Dont owe you
Throwaway from the Drip Season 3 sessions.",2:30,,"Aug 2, 2023",OG File,CD Quality,https://pillows.su/f/b0cf0c93e3d2c99bd86e010888f0a980
Drip Season 3,"⭐ Double it Up
(feat. Shad da God) (prod. Wheezy & DY Krazy)
(Playing it Up)","OG Filename: Gunna - Playing it up
Throwaway from 2017. Shares some lyrics with the 2nd verse of ""No Fasad"".",2:05,,"Jun 28, 2024",OG File,CD Quality,https://pillows.su/f/765b08418cda4aad709f757d08bc3d25
Drip Season 3,"Dreamin' [V1]
(prod. C4Bombs, B-Rackz, Dun Deal, & Y3)","OG Filename: Gunna x C4 x Brackz x DunDeal
Version of ""Dreamin"" with quieter vocals and no autotune.",3:55,,"Jun 28, 2024",OG File,CD Quality,https://pillows.su/f/c080831726382b4f66d172ddc435001e
Drip Season 3,"⭐ Dreamin' [V2]
(prod. C4Bombs, B-Rackz, Dun Deal, & Y3)","OG Filename: Gunna - Dreamin
Throwaway from the Drip Season 3 sessions.",3:55,,"Apr 17, 2019",OG File,CD Quality,https://pillows.su/f/8cde239567cb7102c46ee5f6cf4506c9
Drip Season 3,"Dreamin' [V3]
(prod. C4Bombs, B-Rackz, Dun Deal, & Y3)","Version of ""Dreamin"" with a louder mix and additional C4Bombs tags in the intro. Has a shorter outro with a Y3 tag and a C4Bombs tag. Privately uploaded to C4Bombs' SoundCloud.",3:34,,"Feb 18, 2026",Full,High Quality,https://pillows.su/f/123f6cbb0bdeef4627f21bd7fc0c7822
Drip Season 3,"⭐ Drip Man
(prod. Smoke)
(Investing, I'ma Drip)","OG Filename: Gunna- DRIP MAN Prod. By SMOKE
Previewed on September 9, 2017. Leaked on February 4, 2024; OG file surfaced on June 28, 2024. Likely recorded in the same session as ""24K Gold"", ""Climate"", and ""Gang Gang"".",3:21,,"Feb 4, 2024",OG File,High Quality,https://pillows.su/f/6ffc58a96dfa798f6ba76b65d32bb14e
Drip Season 3,"Drippin'
(prod. Richie Souf)","OG Filename: Gunna - Drippin - 8.27.17
Version of track 2 on Drip Season 3, ""Drippin"", with quieter vocals, no autotune, a shorter outro, and reverb on one of the lines in the second verse. Dated August 27, 2017.",2:37,"Aug 27, 2017","Apr 26, 2024",OG File,CD Quality,https://pillows.su/f/07341fbccd9e444d5f30f02667eb1b26
Drip Season 3,"Drippy Drippy
(feat. Lil Durk) (prod. Richie Souf)","OG Filename: Gunna x Durk - Drippy Drippy
Throwaway from 2017. Leaked on September 11, 2024, OG file leaked next day.",2:55,,"Sep 12, 2024",OG File,CD Quality,https://pillows.su/f/9096f672e39cc46cc9d0a0fee9fddd29
Drip Season 3,"Elevator [V1]
(prod. Smoke)
(Common Denominator, Panamera)","OG Filename: Gunna 01 Elevator
First previewed on July 9, 2017. Likely recorded in the same session as ""Good Day"".",2:16,,"Dec 6, 2022",OG File,CD Quality,https://pillows.su/f/61759119ff82f16fa26a6f5d18079d09
Drip Season 3,"Elevator [V2]
(prod. Smoke)
(Common Denominator, Panamera)","OG Filename: Gunna - Elevators
Louder mix of ""Elevator"".",2:16,,"Jun 28, 2024",OG File,CD Quality,https://pillows.su/f/900c67058eb8c195d3a78ffe02d68f24
Drip Season 3,"Fall Back
(prod. DY Krazy)",Throwaway from the Drip Season 3 sessions.,3:16,,"Aug 14, 2020",Full,CD Quality,https://pillows.su/f/07a991ee26b565d02913876a565f1b0c
Drip Season 3,"Fashion God
(prod. BricksDaMane & Narquise)
(Unleash My Bars)","OG Filename: gunna
Open verse demo from the Drip Season 3 sessions. Previewed on December 2, 2017.",3:40,,"Apr 26, 2024",OG File,CD Quality,https://pillows.su/f/a360b94bce3973f6c64b044eaf6ffabd
Drip Season 3,"Finally Paid
(feat. Lil Duke) (prod. Metro Boomin)","OG Filename: GUNNA- Finally Paid x DUKE(METRO)
Recorded on December 18, 2017 and later seen in Gunna’s music files. Recorded in the same sessions as “Spending Addiction” and “Sections”. A CDQ snippet later surfaced on December 26, 2023. Leaked on February 15, 2024.",2:45,"Dec 18, 2017","Feb 15, 2024",OG File,CD Quality,https://pillows.su/f/0eae73745793abd6901f4a590c81bbf6
Drip Season 3,"Flee
(prod. Ro & Smoke)","OG Filename: Flee - Gunna - Ruff 1
Previewed on September 9, 2017.",2:20,,"Jun 28, 2024",OG File,CD Quality,https://pillows.su/f/e6d86b128dc9214441294db51ce84e91
Drip Season 3,"Fly Like a Pelican [V1]
(prod. Richie Souf)
(Pelican)","OG Filename: GUNNA - FLY PELICAN
Open verse version of ""Fly Like a Pelican"". Verse 1 only has two lines; the first line was cut from other versions. Features a different vocal take with no autotune. Missing the ""I just told Richie we rich"" tag.",3:02,,"Jun 28, 2024",OG File,CD Quality,https://pillows.su/f/333149f3d45d1df91c9d4a207eddab25
Drip Season 3,"⭐ Gang Gang
(prod. Turbo)
(Ice in My Chain)","OG Filename: Gunna- GANG GANG Prod. By Turbo
Previewed by Turbo on December 12, 2019. Likely recorded in the same session as ""24K Gold"", ""Climate"", and ""Drip Man"".",2:27,,"Dec 6, 2022",OG File,High Quality,https://pillows.su/f/425b0774c8af48b030ac7a4092b79eac
Drip Season 3,"Get it Up
(with Shad da God) (prod. Turbo)","OG Filename: GUNNA x SHAD- GET IT UP(TURBO)
Throwaway from 2017. Previewed by Shad da God.",2:23,,"Jun 28, 2024",OG File,CD Quality,https://pillows.su/f/fcfeb9e45f11c0936c0c0fe52e4b2a3b
Drip Season 3,"Good Day
(prod. C4Bombs & Y3)
(GoodDay)","OG Filename: 01 GoodDay ss
 Unrelated to track with same name featuring Young Thug.",1:58,,"Dec 10, 2022",OG File,CD Quality,https://pillows.su/f/ea5cdf2a8ad839213e69c220ae17b927
Drip Season 3,"Grind
(prod. C4Bombs & Y3)","Likely recorded in the same session as ""Petty"". CDQ snippet surfaced on October 19, 2023. Privately uploaded to C4Bombs' SoundCloud.",2:19,,"Nov 29, 2024",Full,High Quality,https://pillows.su/f/7210ef1dff5a8a93c0a0ca5f4d661d21
Drip Season 3,"Helluva Price [V1]
(prod. Metro Boomin)","OG Filename: GUNNA- HELLUVA PRICE (METRO)
Original version of ""Helluva Price"" with an alternate mix; the outro is shorter and the intro does not fade in. Has some instrumental differences and an additional producer tag. First previewed on July 12, 2017.",2:25,,"Jun 28, 2024",OG File,CD Quality,https://pillows.su/f/860b1ee4d62faa597240c28cc44841fa
Drip Season 3,"Heterosexual
(prod. Tre Pounds)","OG Filename: Gunna - Heterosexual Bounce 1
Throwaway from 2017.",2:36,,"Mar 1, 2024",OG File,CD Quality,https://pillows.su/f/822f7d1e944987d355ba0039b02d7239
Drip Season 3,"Hit the Pedal
(prod. Southside)","OG Filename: pint12 gunna v1.5
Throwaway from 2017. OG file surfaced on January 23, 2026 with metadata modified.",2:50,,"Nov 14, 2019",OG File,High Quality,https://pillows.su/f/7130f372e9cf494c341a09fefdf14028
Drip Season 3,"⭐ Hop in the Ghost
(prod. ISM)
(Old Habits)","OG Filename: Hop In The Ghost
Has the same file date as ""Dodge the Hate"". Previewed in 2017. Intended for a $1200 groupbuy on March 5, 2024, but was cancelled. Leaked after a successful $600 groupbuy on January 1, 2025.",2:59,"Jun 9, 2017 (7:32 AM)","Jan 1, 2025",OG File,Low Quality,https://pillows.su/f/3d8419c53e59d36a96acb94d81865262
Drip Season 3,"I Did
(prod. Prezzley P. & Mattazik Muzik)","OG Filename: Gunna x 48 Hrz
Contains an open verse.",3:23,,"Jun 20, 2024",OG File,High Quality,https://pillows.su/f/e4514322d3c9f3fe7c32f743f310f027
Drip Season 3,"I Got It
(prod. Richie Souf)","OG Filename: GUNNA- I GOT IT (RICHIESOUF)
Throwaway from the Drip Season 3 sessions.",3:02,,"Dec 24, 2023",OG File,High Quality,https://pillows.su/f/f53656ca1d23ac385af95bae7804a207
Drip Season 3,"⭐ I Know
(prod. Richie Souf)","OG Filename: GUNNA-I KNOW
Throwaway from the Drip Season 3 sessions. Previewed on March 26, 2024.",2:56,,"Jun 28, 2024",OG File,CD Quality,https://pillows.su/f/63d2332810e8ca73c3018628ee39e2b0
Drip Season 3,"I'm Back [V1]
(feat. Young Jordan) (prod. Lord Capp)","OG Filename: Gunna x Jigga Man 10 5 17
Open verse version of ""I'm Back"" without JBan$' verse.",2:35,"Oct 5, 2017","Jun 28, 2024",OG File,CD Quality,https://pillows.su/f/fc18566399b953592e4c216d46f681b3
Drip Season 3,"I'm Back [V2]
(feat. Young Jordan & JBan$) (prod. Lord Capp)",Throwaway from 2017.,2:35,,"Dec 29, 2018",Full,CD Quality,https://pillows.su/f/6f141f7f7e2b821e71487caf335dbae7
Drip Season 3,"Jealousy
(feat. Lil Duke) (prod. Turbo)","OG Filename: 01 Duke & Gunna paramount
Throwaway from 2017. Was up for sale for $250 along with its session before being leaked.",2:31,,"Feb 16, 2024",OG File,CD Quality,https://pillows.su/f/c6ded4422ba907b478edba00f9ba5237
Drip Season 3,"King Kong
(feat. Young Thug) (prod. Richie Souf)","OG Filename: King Kong
Original version of ""King Kong"" with an alternate quieter mix and a longer outro.",2:47,,"Jan 12, 2024",OG File,CD Quality,https://pillows.su/f/af38a412f07002fa1ee8dc2ab9e9eb19
Drip Season 3,"⭐ Kobe
(prod. Turbo)","OG Filename: GUNNA - KOBE(TURBO)
Recorded on November 20, 2017. Track was unheard prior to a CDQ snippet surfacing on March 23, 2022.",2:18,"Nov 20, 2017","Jul 21, 2022",Full,High Quality,https://pillows.su/f/a17bd884434eaeaa1dab2ad690adfca1
Drip Season 3,"Laced
(prod. Ro & Smoke)","OG Filename: 2017 Laced
Throwaway from the Drip or Drown sessions. Previewed in 2017.",2:25,"Jul 1, 2017","Jul 4, 2023",OG File,Lossless,https://pillows.su/f/3f05cc2e35fbff7c59ed2c92567fc191
Drip Season 3,"Lies About You
(feat. Lil Durk) (prod. Richie Souf)
(Lies About U)","OG Filename: Gunna x Durk - Lies About U
Original version of ""Lies About You"" with an alternate quieter mix and a longer outro.",3:10,,"Nov 20, 2023",OG File,CD Quality,https://pillows.su/f/e0370e9e4848ecc468b64d8fe2c2c339
Drip Season 3,"⭐ Live it Up
(feat. Lil Durk) (prod. Richie Souf)","OG Filename: Durk x Gunna - Live It Up [Richie_Souf]
Previewed by Gunna.",3:18,,"Jun 28, 2024",OG File,CD Quality,https://pillows.su/f/295053c43168b05582836134e92d414e
Drip Season 3,"Look
(prod. DY Krazy)
(Play With Them Bands)","OG Filename: GUNNA - Look
Previewed on August 25, 2017.",2:13,,"Dec 6, 2022",OG File,CD Quality,https://pillows.su/f/7c37e563bcdc34d0120951d7d5857ce0
Drip Season 3,"Madonna [V1]
(prod. Turbo)
(Madona)","OG Filename: GUNNA- MADONA(OPEN VERSE)
Open verse demo from the Drip Season 3 sessions.",1:50,,"Jun 28, 2024",OG File,CD Quality,https://pillows.su/f/e8cffbd4fcf805057010a442d856b6c3
Drip Season 3,"Young Jordan - Madonna [V2]
(feat. Gunna) (prod. Turbo)
(Madona)","OG Filename: GUNNA- MADONAFT SOICEYJORDANT(TURBO)
OG file for Young Jordan - ""Madonna"" featuring Gunna. Likely recorded in the same session as ""Gucci Socks"" and ""At the Hotel"".",2:06,,"Dec 6, 2022",OG File,High Quality,https://pillows.su/f/9bf96740f847da4f8c2264712455825e
Drip Season 3,"Make Her Proud
(prod. Richie Souf)","OG Filename: GUNNA- MAKE HER PROUD[RICHIE SOUF]
Previewed in 2017. Surfaced as a CDQ snippet on November 10, 2023. Leaked in full on June 28, 2024.",2:54,,"Jun 28, 2024",OG File,CD Quality,https://pillows.su/f/6a2d688380d1208c1eef447f53126ec6
Drip Season 3,"Make 'Em Feel It
(prod. Wheezy)","OG Filename: GUNNA - MAKE EM FEEL IT
Unfinished demo from 2017.",3:14,,"Jun 28, 2024",OG File,CD Quality,https://pillows.su/f/fc0ab84b0b5bb229fabf1b68c849982a
Drip Season 3,"Marc Jacobs
(prod. THE PLAYMAKERS)
(Tomb Raider)","OG Filename: GUNNA_MARC JACOBS
A CDQ snippet was previewed on April 16, 2023. Leaked on June 28, 2024.",2:12,,"Jun 28, 2024",OG File,CD Quality,https://pillows.su/f/515abfe9bb9552240450065767c55abc
Drip Season 3,"Mistress
(prod. Beat Dilla)","OG Filename: Mistress
Original version of ""Mistress"" with a quieter mix. Ends with a sudden cutoff.",2:49,,"Jun 28, 2024",OG File,CD Quality,https://pillows.su/f/db821a8034c1cf5c361ad881f7b98143
Drip Season 3,"Molly Tan
(prod. DY Krazy)","OG Filename: GUNNA-MollyTan
Previewed on March 26, 2024. Ends with 40 seconds of silence.",3:22,,"Jun 28, 2024",OG File,High Quality,https://pillows.su/f/a8f8140cfa23ef00548e920df0cc49ed
Drip Season 3,"Money Talks
(No Side)","OG Filename: GUNNA - MONEY TALKS
Open verse demo from 2017. Cut version leaked on September 29, 2023, with the OG file surfacing on June 28, 2024.",3:18,,"Sep 29, 2023",OG File,CD Quality,https://pillows.su/f/7cba11c837c54fbe1667d3f9aacdf3cc
Drip Season 3,"My Peoples
(prod. Richie Souf)","OG Filename: Gunna - My Peoples
Hook-only demo from 2017.",3:21,,"Jun 28, 2024",OG File,CD Quality,https://pillows.su/f/6c51eccfb8bbbad3eb44627e37d92305
Drip Season 3,"My Soul [V1]
(prod. London on da Track & Metro Boomin)","OG Filename: my soul
Original version of ""My Soul"" with an alternate mix, no producer tags, and a longer outro. Missing the sound effect at 1:33. Features a prominent crackling sound.",3:03,,"Jun 28, 2024",OG File,CD Quality,https://pillows.su/f/52024b44a5ce14ec40828aaf48afbc9f
Drip Season 3,"My Soul [V2]
(prod. London on da Track & Metro Boomin)","OG Filename: my soul 20
Same as V1 but has a louder mix with no crackling and contains the sound effect.",3:03,,"Jun 28, 2024",OG File,CD Quality,https://pillows.su/f/656bcde0305a7eca2eedbeb21188bc64
Drip Season 3,"No Fasad
(prod. DY Krazy & Southside)
(No Facade)","OG Filename: No Fasad
Original version of DY Krazy's ""No Fasad"", featuring another Gunna verse that was cut from the released version. The second verse shares some lyrics with ""Double it Up"", which is possibly why it was removed. Leaked with metadata missing on October 12, 2022; OG file surfaced on January 27, 2026.",2:41,,"Oct 12, 2022",OG File,CD Quality,https://pillows.su/f/7da508c9c908b0ce5ca5048f75a07ec0
Drip Season 3,"No Joke [V1]
(prod. Metro Boomin)","OG Filename: GUNNA- NO JOKE R1
Version of track 10 on Drip Season 3, ""No Joke"", with a longer intro. Features a rougher mix with fewer vocal effects and quieter adlibs.",3:40,,"Feb 16, 2026",OG File,CD Quality,https://pillows.su/f/5b52648127d3a9fa39dcb17a53eadbd1
Drip Season 3,"No Tomorrow
(prod. Wheezy & Metro Boomin)","OG Filename: GUNNA- NO TOMORROW(WHZYMETRO)
Recorded on December 16, 2017 and later seen in Gunna’s music files.",3:12,"Dec 16, 2017","Jun 28, 2024",OG File,CD Quality,https://pillows.su/f/661273f89bbcc103a582131e65701adf
Drip Season 3,"Now We On [V1]
(feat. ???) (prod. Metro Boomin)","OG Filename: Gunna x Metro 2
Quieter mix of ""Now We On"".",3:05,,"Jun 28, 2024",OG File,CD Quality,https://pillows.su/f/90fa2b5eae779251a64424b4d9a51549
Drip Season 3,"⭐ Now We On [V2]
(feat. ???) (prod. Metro Boomin)","OG Filename: 01 Gunna- Now We On METRO
Previewed in GunnaHub on December 23, 2023. Leaked on February 16, 2024. Contains additional vocals from an unknown singer.",3:05,,"Feb 16, 2024",OG File,CD Quality,https://pillows.su/f/5d33cd9e8d629931fd30e476f84fed67
Drip Season 3,"Oh Okay [V4]
(feat. Young Thug & Lil Baby) (prod. Turbo, BELDONDIDTHAT, & DJ Bangout)
(Oh Ok)","OG Filename: Gunna - Oh Ok _04
Rough mix of track 17 on Drip Season 3 (Deluxe), ""Oh Okay"" featuring Young Thug & Lil Baby. Has louder vocals and adlibs. Vocal mix has fewer low frequencies and more high frequencies. Mixed by MixedByGiandre.",3:22,,"Jan 27, 2026",OG File,CD Quality,https://pillows.su/f/38f75c012492bdc25ccb41c413ba4e07
Drip Season 3,"Oh Okay [V5]
(feat. Young Thug & Lil Baby) (prod. Turbo, BELDONDIDTHAT, & DJ Bangout)
(Oh Ok)","OG Filename: Gunna - Oh Ok _05-01
Rough mix of track 17 on Drip Season 3 (Deluxe), ""Oh Okay"" featuring Young Thug & Lil Baby. Similar to V4.",3:22,,"Jan 27, 2026",OG File,CD Quality,https://pillows.su/f/22e424feeac7ea58bef50ed3a8879575
Drip Season 3,"Money on My Mind [V1]
(prod. C4Bombs, B-Rackz, & Y3)
(New Coupe, On My Mind)","OG Filename: metro 3
Throwaway from 2017. Has a shorter outro than the other versions; missing Y3's tag in the outro and has B-Rackz' tag in the intro. There are 4 bars of open instrumental at the end of each verse. Tagged version surfaced on February 11, 2019, with the OG file leaking on December 31, 2022.",3:32,,"Feb 11, 2019",OG File,CD Quality,https://pillows.su/f/0264ce01decb474cdea2005b94ceb56c
Drip Season 3,"Money on My Mind [V2]
(prod. C4Bombs, B-Rackz, & Y3)
(New Coupe, On My Mind)","Louder mix of ""Money on My Mind"". B-Rackz' tag is removed; the outro is longer and contains Y3's tag. Beat structure is slightly different from V1. Privately uploaded to C4Bombs' SoundCloud.",3:56,,"Feb 18, 2026",Full,High Quality,https://pillows.su/f/002d01f01ecdb78cc1ba1ef027f8d7fe
Drip Season 3,"Money on My Mind [V3]
(prod. C4Bombs, B-Rackz, & Y3)
(New Coupe, On My Mind)","Final version of ""Money on My Mind"" with a much quieter mix. The open verses are shortened; they also have extra C4Bombs tags and Gunna adlibs pasted from the intro. Privately uploaded to C4Bombs' SoundCloud.",3:41,,"Feb 18, 2026",Full,High Quality,https://pillows.su/f/044c496cc5b83ab7d4a80bbba32bd7e0
Drip Season 3,"On My Own
(prod. Richie Souf)
(28 Grams A Zip)","OG Filename: GUNNA - ON MY OWN
Surfaced after a successful groupbuy on November 4, 2023.",3:03,,"Nov 4, 2023",OG File,CD Quality,https://pillows.su/f/2ac958b34b2e7408ae9621d1b1b1cd87
Drip Season 3,"Order
(prod. TM88 & Southside)","OG Filename: pint2 gunna v1.5
Early mix of ""Order"" with TM88 and Southside.",3:31,,"Jun 28, 2024",OG File,CD Quality,https://pillows.su/f/30f10650f879c69de377fd3cd158d3a8
Drip Season 3,"Pop Tags [V1]
(prod. C4Bombs & Y3)",Open verse demo from the Drip Season 3 sessions. Missing metadata.,2:38,,"Jan 13, 2020",OG File,CD Quality,https://pillows.su/f/0773dc053b984e685f6b35890897fccd
Drip Season 3,"Pop Tags [V2]
(prod. C4Bombs & Y3)","Version of ""Pop Tags"" with fewer tags in the intro, no open verse, and a different outro with a Y3 tag. Privately uploaded to C4Bombs' SoundCloud.",1:51,,"Feb 18, 2026",Full,High Quality,https://pillows.su/f/6bf36d9d20b65a52641848af936ec8c9
Drip Season 3,"⭐ Revenge
(prod. Beat Dilla)","OG Filename: Revenge
Leaked as a bonus after a successful $2,000 groupbuy for ""WANNA KNOW WHY"".",2:43,,"Feb 21, 2024",OG File,CD Quality,https://pillows.su/f/8950e48361677d17e6f4329a2e2db18e
Drip Season 3,"Rich Bitch
(prod. Richie Souf)
(Presidents)","OG Filename: Gunna - Rich Bitch
OG File (Metadata): Gunna - Presidents
OG file for ""Rich Bitch"".",3:18,,"Jun 28, 2024",OG File,CD Quality,https://pillows.su/f/54a05df6d3e7d3cb27ba005683b1bf81
Drip Season 3,"Ride for the Cause
(prod. DY Krazy)","OG Filename: RIDE FOR THE CAUSE
Previewed in 2017.",1:56,,"Dec 24, 2023",OG File,CD Quality,https://pillows.su/f/85b9c65914dc7aec04cb2a074430fe30
Drip Season 3,"Safe House [V1]
(feat. Lil Yachty) (prod. Turbo)","OG Filename: GUNNA- SAFE HOUSE x YATCHY(TURBO)
Version of Lil Yachty - ""Safe House"" with a 3rd chorus and no slowdown. Title implies the song originally belonged to Gunna. Recorded on December 21, 2017.",3:00,,"May 18, 2026",OG File,CD Quality,https://pillows.su/f/483d9141e8df24c30bcedbb3014c0144
Drip Season 3,"⭐ Scared Straight
(prod. Metro Boomin & Chopsquad DJ)","OG Filename: scared straight
Throwaway from the Drip Season 3 sessions. Shares an instrumental with Offset - ""Solitaire"" and Ballout - ""Bank""; only the latter has Chopsquad DJ's tag.",3:26,,"Jun 28, 2024",OG File,CD Quality,https://pillows.su/f/318909e3acf5e39a92fe2768a27b1407
Drip Season 3,"⭐ Shine Bright
(prod. Richie Souf)","OG Filename: Shine Bright
Throwaway from the Drip Season 3 sessions.",2:56,,"Dec 24, 2023",OG File,CD Quality,https://pillows.su/f/7dc0dc2b293f33460071fee85149493c
Drip Season 3,"Spending Addiction [V1]
(prod. Turbo & Kacey Khaliel)","OG Filename: GUNNA- SPENDING ADDICTION(TURBOxPB)
Version of track 11 on Drip Season 3, ""Spending Addiction"", with Turbo's producer tag and a slightly different mix.",3:12,,"Feb 16, 2026",OG File,CD Quality,https://pillows.su/f/355e1d3c08e0210dc4b4561d3e5ea1a9
Drip Season 3,"Stoner
(feat. Lil Durk) (prod. THE PLAYMAKERS)
(Fast Life)","OG Filename: Gunna Feat. Durk - Stoner
Throwaway from the Drip Season 3 sessions.",2:45,,"Dec 18, 2022",OG File,CD Quality,https://pillows.su/f/a44fc957f30ef24307a2f38f04ecaeba
Drip Season 3,"⭐ Sunfall
(feat. Lil Baby) (prod. Richie Souf)","OG Filename: 01 Sunfall
Throwaway from the Drip Season 3 sessions.",2:50,,"Dec 6, 2022",OG File,CD Quality,https://pillows.su/f/20924deb4b260f4c6081a7ec9ab42504
Drip Season 3,"⭐ Take Care Ya People
(prod. Lord Capp)","OG Filename: GUNNA- take care ya people(CAP JESUS)
Throwaway from 2017; previewed in 2018. This song and ""Watchin' Me"" are the only solo Gunna songs with three verses.",2:47,,"Jun 28, 2024",OG File,CD Quality,https://pillows.su/f/42f61e36613a1363eeb92969260f7666
Drip Season 3,"Til The End
(prod. Danny Wolf & Diiip)","OG Filename: Gunna Til The End
Leaked as a bonus for the ""high"" (backseat) groupbuy on January 14, 2024. Uses an alternate version of the instrumental for Yeat - ""MadMan"".",2:31,,"Jan 14, 2024",OG File,CD Quality,https://pillows.su/f/ad5ba8579e9e7cffb8b679748e818b8f
Drip Season 3,"These Bands
(prod. Metro Boomin & Chopsquad DJ)
(Stack These Bands)","OG Filename: gunna
OG Filename 2: THESE BANDS
Throwaway from the Drip Season 3 sessions. Uses the same beat as Rae Sremmurd - ""T'd Up"", but without Mike WiLL Made-It's contributions. Previewed on September 30, 2017.",2:12,,"Apr 3, 2024",OG File,CD Quality,https://pillows.su/f/cac57282880256036e094b7d1d927282
Drip Season 3,"Toast Up
(prod. Wheezy & Bobby Raps)","OG Filename: Gunna - Toast Up
Rougher mix of ""Toast Up"" with less autotune. First mentioned by Booka on August 29, 2017.",3:50,,"Apr 1, 2022",OG File,CD Quality,https://pillows.su/f/ccb76a14e2147d8abf3fb8fc37532c86
Drip Season 3,"⭐ Trade Places
(prod. Richie Souf)","OG Filename: Gunna - Trade Places
Throwaway from 2017.",3:00,,"Jun 28, 2024",OG File,CD Quality,https://pillows.su/f/3b0ad360b82a855b1731397af3751faf
Drip Season 3,"⭐ Thot
(prod. Richie Souf)","OG Filename: 01 THOT
Throwaway from the Drip Season 3 sessions.",2:53,,"Nov 5, 2023",OG File,CD Quality,https://pillows.su/f/dde6736143096cc87226e42633fbdc62
Drip Season 3,"Unpredictable
(prod. DY Krazy)","OG Filename: GUNNA- UNPREDICTABLE(DY)
Previewed in GunnaHub on February 6, 2024. Another snippet surfaced on February 14, 2024. OG file, but date is modified.",2:54,"Jul 17, 2019","Feb 14, 2024",OG File,High Quality,https://pillows.su/f/50e5e1cdb9d46c183d28174610fa6e00
Drip Season 3,"⭐ Valentino
(feat. Lil Uzi Vert) (prod. Metro Boomin)","OG Filename: Boominati x Westlake Studio A x 06.25.17
Recorded on June 25, 2017. First previewed on July 6, 2017; previewed again on October 14, 2017. Ends with 2 minutes of open instrumental. Recorded in the same session as Young Thug - ""What's the Move"", ""Back"", and ""Baguettes"", all featuring Lil Uzi Vert.",4:38,"Jun 25, 2017","Oct 9, 2022",OG File,CD Quality,https://pillows.su/f/9848599858499778d5611a49805d06be
Drip Season 3,"Wave
(prod. Tre Pounds)","OG Filename: Wave
Throwaway from 2017. Snippet surfaced in GunnaHub on April 16, 2023.",2:40,,"Feb 16, 2024",OG File,CD Quality,https://pillows.su/f/86aa13cfd96b21a431c7d3e20e97ea6f
Drip Season 3,"You Can't Say [V1]
(feat. Young Jordan) (prod. C4Bombs & Y3)","OG Filename: You Can't Say
Throwaway from 2017.",2:34,,"Aug 12, 2023",OG File,CD Quality,https://pillows.su/f/88f45ec7a33806a775710c73f55c3f6b
Drip Season 3,"Lorine Chia - You Can't Say [V2]
(feat. Gunna) (prod. C4Bombs & Y3)
(Can't Say, Shine)","Version of ""You Can't Say"" with a Lorine Chia verse and backing vocals. Track was released by Lorine Chia off-streaming but was removed shortly after and considered lost prior to resurfacing.",2:36,,"Aug 14, 2018",Full,High Quality,https://pillows.su/f/fa45fc28dcc2093aa522d8c1b82d9142
Drip Season 3,"???
(prod. Rozey Beats)
(Lifetime, No Love, Real One)","OG Filename: 01 1161 (Rozey Beatz) 7-21-17 (open)
Recorded on July 21, 2017. First previewed on July 24, 2017. Contains an open verse.",3:14,"Jul 21, 2017","Dec 6, 2022",OG File,CD Quality,https://pillows.su/f/ef5456c7dc947d68dbb22b029eb9733e
Drip Season 3,Bezel,"Snippet surfaced in 2024. Another snippet surfaced on November 10, 2025.",,,"Feb 3, 2024",Snippet,High Quality,"https://pillows.su/f/0d37386cb0dd46d137a01d8e5df8f399
https://pillows.su/f/46016053bfa9bf20ffc091dd204c2481"
Drip Season 3,"???
(feat. Lil Uzi Vert) (prod. Cassius Jay & Wheezy)
(My Partner)","Previewed by Gunna on July 5, 2017 at Means Street Atlanta.",,,,Snippet,Low Quality,Link Needed
Drip Season 3,"Cheat Code - Pot Talk [V1]
(feat. RaisedReal Jett) (prod. Mattazik Muzik)","OG Filename: Jett x Cheatcode x Gunna
Version of ""Pot Talk"" with an open verse in place of Gunna's verse.",4:26,,"Jul 27, 2025",OG File,High Quality,https://pillows.su/f/cbc418e3a60d58a3e8618f68951d6ed0
Drip Season 3,"Cheat Code - Pot Talk [V2]
(feat. RaisedReal Jett) (prod. Mattazik Muzik)","OG Filename: Jett x Cheatcode x Gunna (Without OV)
OG Filename 2: RaisedReal Jett x Cheat Code x pot talk
Similar to V1, but with no open verse.",3:16,,"Jul 27, 2025",OG File,High Quality,https://pillows.su/f/9c92425168e5c27d6f4508d65aaa1062
Drip Season 3,"Cheat Code - Pot Talk [V3]
(feat. RaisedReal Jett & Gunna) (prod. Mattazik Muzik)","OG Filename: Jett x Cheatcode x Gunna
Feature from 2017. Previewed in GunnaHub in 2023.",4:11,"Nov 16, 2017","Jul 27, 2025",OG File,Lossless,https://pillows.su/f/9f93f5846c8fbbc819f944b519ee3986
Drip Season 3,"Kap G - Marvelous Day [V1]
(feat. Gunna & Lil Uzi Vert) (prod. Spiffy Global & Squat Beats)","OG Filename: Kap-GMarvellous-Day_1
OG file for ""Marvelous Day"" by Kap G.",3:44,,"Oct 10, 2022",OG File,Lossless,https://pillows.su/f/6a00bf40354d44d9abc512fc37fc3a51
Drip Season 3,"Kay Bandz - Maintain [V3]
(feat. Gunna) (prod. Smoke)
(Stay the Same)","OG Filename: 07-10 Maintain (Gunna Gunna)
Version of Kay Bandz - ""Maintain"" that retains the cut outro from earlier versions. Dated July 10, 2017. Mix is quieter than V1 and V2.",2:42,"Jul 10, 2017","May 26, 2024",OG File,CD Quality,https://pillows.su/f/a5f2ba2cbd452c231b1828fe7a34dd4f
Drip Season 3,"Lil Baby - Money Forever
(feat. Gunna) (prod. Quay Global)","OG Filename: money forever baby
Original version of Lil Baby - ""Money Forever"", featuring Gunna. Gunna has unheard adlibs on the second chorus. Ends with an abrupt fadeout followed by 30 seconds of silence followed by 1 minute of the instrumental.",4:34,,"Jun 28, 2024",OG File,CD Quality,https://pillows.su/f/3fca8107e4d075fb62ec0fe51dfd4e2e
Drip Season 3,"Lil Booda - Keep It Real
(feat. Gunna)","OG Filename: Lil Booda - Keep It Real Feat. YSL Gunna
OG file for Lil Booda - ""Keep it Real"" featuring Gunna.",4:47,,"Oct 25, 2022",OG File,CD Quality,https://pillows.su/f/028565931a9a45739ff1c8e8b0162b57
Drip Season 3,"Lil Duke - If I Wanted To
(feat. Gunna) (prod. Young Kelz & B-Rackz)","OG Filename: Gunna duke 2
OG file for Lil Duke - ""If I Wanted To"" featuring Gunna.",2:55,,"Apr 1, 2024",OG File,CD Quality,https://pillows.su/f/6ef349427b0d94775a9a5e68b51cf420
Drip Season 3,"Petty [V1]
(prod. C4Bombs, B-Rackz, & Y3)","Version of ""Petty"" with a partial reference for a second Gunna verse and a different instrumental. Has different producer tags in the intro. Privately uploaded to C4Bombs' SoundCloud.",3:06,,"Feb 18, 2026",Full,High Quality,https://pillows.su/f/5a287a58979b372df998a83b64a33163
Drip Season 3,"Lil Duke - Petty [V2]
(feat. Gunna) (prod. C4Bombs, B-Rackz, & Y3)","OG Filename: Gunna Duke
OG file for Lil Duke - ""Petty"" featuring Gunna. First previewed on October 1, 2017.",2:58,,"Aug 7, 2022",OG File,CD Quality,https://pillows.su/f/ef995eccaa03c57ea9862b8c631f3af1
Drip Season 3,"Lil Durk - Gang 4 Ever
(feat. Gunna) (prod. Young Chop)","OG Filename: 01 Durk x Gunna - Gang 4 Ever
Throwaway from 2017.",2:44,,"Dec 6, 2022",OG File,CD Quality,https://pillows.su/f/2b2cde653b2279dbc6b1a05030d36c6a
Drip Season 3,"Lil Durk - Let 'Em Talk
(feat. Gunna) (prod. Young Chop)","OG Filename: Gunna x Durk - Letem Talk
Feature from the Drip Season 3 sessions.",3:00,,"Dec 6, 2022",OG File,CD Quality,https://pillows.su/f/9ea09bc6c0a99f4f3dc04a225315364a
Drip Season 3,"Lil Durk - Touchdown
(feat. Gunna) (prod. Sonic)","OG Filename: Durk x Gunna - Touchdown_2
Throwaway from 2017.",2:49,,"Dec 6, 2022",OG File,CD Quality,https://pillows.su/f/0296d2a5aae9cc10695478065edcbfe8
Drip Season 3,"Metro Boomin - Lesbian [V1]
(feat. Gunna & Young Thug) (prod. Metro Boomin)","OG Filename: Carlos x Weslake Studio A x 06.25.17
Original version of ""Lesbian"" by Metro Boomin. Features a much rougher mix, some alternate vocals from both Thug and Gunna, and an overall more barebone instrumental. Recorded on June 25, 2017.",3:58,"Jun 25, 2017","Dec 10, 2022",OG File,CD Quality,https://pillows.su/f/01e43dd377e9f41f6724a859480badaf
Drip Season 3,"MadeInTYO - Figure it Out [V1]
(feat. Gunna) (prod. ITHINKWEGOTIT & K SWISHA)
(Juve Flow)","OG Filename: Juve_Flow_Madeintyo
Version of MadeInTYO - ""Figure It Out"" with an open verse instead of a Gunna verse.",3:30,,"Apr 1, 2024",OG File,CD Quality,https://pillows.su/f/f9595294165fd4d8f77961e686d2b5ec
Drip Season 3,"MadeInTYO - Figure it Out [V2]
(feat. Gunna) (prod. ITHINKWEGOTIT & K SWISHA)
(Juve Flow)","OG Filename: Juve Gunna Madeintyo
Original version of ""Figure It Out"" by MadeInTYO featuring Gunna.",3:31,,"Jun 28, 2024",OG File,CD Quality,https://pillows.su/f/a8d5027a90043ccd3db777226e852098
Drip Season 3,"Moneybagg Yo - Wat U On [V1]
(feat. Gunna) (prod. C4)","OG Filename: Gunna x MoneyBagg Yo
Original version of Moneybagg Yo - ""Wat U On"" featuring Gunna. Features an alternate Moneybagg Yo chorus and an alternate beat. Gunna's 1st verse was split into his hook, 1st verse, and 2nd verse on the released version. The 2nd verse is open.",3:33,,"Jun 28, 2024",OG File,CD Quality,https://pillows.su/f/79e421ed847ad5f0b65f620cbf05632b
Drip Season 3,"Moneybagg Yo - Wat U On [V2]
(feat. Gunna) (prod. C4)","OG Filename: Gunna - What You On_
Same as V1 but Gunna's vocals are louder and the song ends abruptly at 2:05.",2:05,,"Jun 28, 2024",OG File,CD Quality,https://pillows.su/f/d851170c9c2dcce1b9640689c46750be
Drip Season 3,"Moneybagg Yo - Wat U On [V3]
(feat. Gunna) (prod. C4)","OG Filename: _Copy of Gunna x MoneyBaggYo x C4 - 3
Gunna's verse is split into his hook, his first verse, and his second verse, like in the released version. Moneybagg Yo has 3 verses; the first and third are unheard, but the 2nd has some lines that were rerecorded for his chorus and second verse in the released version. Same beat as V1.",3:33,,"Jun 28, 2024",OG File,CD Quality,https://pillows.su/f/113412a01b20cdb9b90a8f4db68ed6ef
Drip Season 3,"⭐ Playboi Carti - Monday Through Sunday
(feat. Gunna) (prod. Forza & Oogie Mane)
(Sunny)","OG Filename: Carti Gunna Oogie Monday through Sunday
Teased in December 2017. Mentioned by Forza on Twitter when he was still with WOD. Surfaced on August 22, 2019, with the OG file surfacing on October 3, 2022.",3:44,,"Oct 3, 2022",OG File,High Quality,https://pillows.su/f/8d6a74268ccb7053e4dc9affe7d72685
Drip Season 3,"Wuapo - I Just Wanna
(feat. Gunna) (prod. BeatPluggTwo & RK Sapp)","OG Filename: gunna feat ijst wanna
Feature dated August 5, 2017.",2:28,"Aug 5, 2017","Apr 1, 2024",OG File,CD Quality,https://pillows.su/f/d89d80a43da5477db400539eafe3907c
Drip Season 3,"Young Jordan - Gucci Socks
(feat. Gunna) (prod. Turbo)","OG Filename: GUNNA- GUCCI SOCKS x SOICEYJORDAN(TURBO)
OG File for Young Jordan - ""Gucci Socks"", featuring Gunna. Likely recorded in the same session as ""Madonna"" and ""At the Hotel""",2:55,,"May 26, 2024",OG File,High Quality,https://pillows.su/f/a8ea2c6221bf76c0c7862bf46df0ac42
Drip Season 3,"??? - Cash Route [V1]
(Crash)","OG Filename: cash route1
Version of ""Cash Route"" without Gunna's verse. Has a louder mix with no crackling.",2:20,,"Jun 28, 2024",OG File,High Quality,https://pillows.su/f/39c7465b644b2c177e5629067479c5b2
Drip Season 3,"??? - Cash Route [V2]
(feat. Gunna)
(Crash)","OG Filename: CRASH FT GUNNA
Feature from 2017. Has a prominent crackling noise.",2:20,,"Jun 28, 2024",OG File,CD Quality,https://pillows.su/f/93dc36f60c03dd5724a400dd05bfd732
Drip Season 3,"??? - Cut Out the Middle
(feat. Gunna) (prod. Prezzley P. & M16)","Previewed on October 27, 2017.",3:30,,"May 26, 2025",Full,High Quality,https://pillows.su/f/e1d952f8c1a10b9290407bc0227349fd
Drip Season 3,"Yung Mal - War
(feat. Gunna) (prod. Turbo & MXV)","OG Filename: GUNNA x MAL- WAR(TURBO)
OG file for Yung Mal - ""War"", featuring Gunna.",3:20,,"Jun 28, 2024",OG File,High Quality,https://pillows.su/f/9fbe7c2d410f49eefd9f8ac5c3ca5fef
Drip Season 3,"Young Thug - Beijing
(feat. Gunna) (prod. Murda Beatz & G. Ry)
(France)","OG Filename: Thug Gunna 9_9_17 Beijing
Recorded on September 9, 2017. Instrumental was reused 6 days later for ""Plain Jane Cuban Links"" by Future, Young Thug, and Quavo, no Gunna.",2:57,"Sep 9, 2017","Sep 25, 2023",OG File,CD Quality,https://pillows.su/f/c2ae150724a6544e15428cdaf5c1f1b1
Drip Season 3,"Young Thug - Call Me When You Need Me
(feat. Gunna) (prod. BricksDaMane & Narcos)
(Hold On, Pleading)","OG Filename: AUDIO_1812
OG File (Metadata): Call Me When You Need Me 6.4.17
Recorded on June 4, 2017. Previewed by Young Thug in 2017. Surfaced on May 26, 2023, with the OG file surfacing on June 16, 2023.",2:30,"Jun 4, 2017","Jun 16, 2023",OG File,CD Quality,https://pillows.su/f/3d591743f0cd29908385c144aea94ec5
Drip Season 3,"Young Thug - Rastafari
(feat. Gunna) (prod. Rex Kudo)","OG Filename: RASTAFARI X THUG X REX SHAAN RUFF - 6-26-17 01
Recorded on June 26, 2017.",4:10,"Jun 26, 2017","Mar 1, 2023",OG File,CD Quality,https://pillows.su/f/794bd62297210762950d72b5b892ca32
Drip Season 3,"Young Thug - Teamwork
(feat. Gunna) (prod. ATL Jacob)
(I Can't Believe)","OG Filename: Thug x Gunna - Teamwork_1
First previewed on June 15, 2017 when Gunna was in the studio.",3:13,,"Jan 5, 2024",OG File,CD Quality,https://pillows.su/f/91c4d07758d1bd9fd09fcfecbaf620cd
Drip Season 3,"Young Thug - Vibes
(feat. Gunna) (prod. Cassius Jay)
(Call Up Some Vibes)","OG Filename: YT_Vibes ft. Gunna_Rough Mix
Open verse demo with the same instrumental as “Best Friends” by PARTYNEXTDOOR. Instrumental previewed on June 15, 2017. Later previewed by @propkers22 on Instagram live.",4:33,,"Oct 30, 2022",OG File,CD Quality,https://pillows.su/f/5be4fac919ed1e493900804828e3b762
Drip Season 3,"Lil Baby - ???
(feat. Gunna) (prod. Richie Souf)
(Never Going Broke)","Feature from the Drip Season 3 sessions. Previewed by Gunna in 2017. Listed for sale for $2,000 in January of 2026. Likely recorded in the same session as ""Sunfall"".",,,,Snippet,Low Quality,"https://mega.nz/file/4dYUnLyY#dL4rkVcUuh8xsizwzva2GbZmusU6Rp61gCtwXjPY33c
https://mega.nz/file/ocBAzQoT#fjNUyEaIIcXGzgS-Yr8HLtdbSjSN31AQqj0oMYUTWno"
Drip Season 3,"Lil Yachty - We Outta Here!
(feat. Gunna) (prod. CHASETHEMONEY)
(If I Want To)","Version of Lil Yachty - ""We Outta Here!"" with a Gunna verse instead of Young Nudy.",,,"Oct 3, 2022",Snippet,High Quality,"https://pillows.su/f/e8888e14dd3f5de1f54ad6af6ff9e045
https://pillows.su/f/1b7fc2263ec0ce95e9c3961c65d54a5f"
Drip Season 3,"Uiie Popcorn - Never Had Shit
(feat. Gunna)
(Get Rich)","Snippet surfaced on November 10, 2025.",,,"Nov 10, 2025",Snippet,High Quality,https://pillows.su/f/7ed52934ec1daed49065b429912f1137
Drip Season 3,"⭐ Life of a Boss
(prod. Richie Souf & Turbo)","OG Filename: GUNNA- LIFE OF A BOSS(TURBORICHIE)
Previewed by Wheezy in 2018.",2:04,,"Dec 17, 2022",OG File,CD Quality,https://pillows.su/f/62a715cba84297b5262e70289c5a1342
Drip Season 3,"Mars
(prod. Turbo)","OG Filename: MARS (TURBO)
OG Filename 2: GUNNA- MARS(TURBO)
Throwaway from 2018. Snippet surfaced in 2023. Previewed in GunnaHub on January 9, 2026.",2:28,,"Mar 3, 2026",OG File,CD Quality,https://pillows.su/f/702de60089991818244ce5f92c906b3f
Drip Season 3,"⭐ Martian
(prod. StoopidXool)","OG Filename: GUNNA MARTIAN KK1
Leaked by the producer StoopidXool, with the OG file surfacing on February 11, 2021.",2:03,,"Feb 11, 2021",OG File,High Quality,https://pillows.su/f/0004afb3962d60735050b10c3bc09184
Drip Season 3,"Mr. T (Clean)
(prod. Metro Boomin & Doughboy Beatz)","Era unconfirmed. A tagged clean edit played in full on The Weeknd's MEMENTO MORI radio on April 27, 2019.",2:51,,"Apr 27, 2019",Full,High Quality,https://pillows.su/f/0d9e9f9d4bd4f750e6961aaaeaa38b00
Drip Season 3,"Picasso [V1]
(prod. Honorable C-Note)
(Picaso)","OG Filename: GUNNA- PICASO C NOTE
Hook-only demo of ""Picasso"" by Leeky Bands featuring Gunna.",3:12,,"Aug 12, 2023",OG File,CD Quality,https://pillows.su/f/1935b393b8b93e5fe9662f1929d2f9b5
Drip Season 3,"Spending Addiction [V4]
(prod. Turbo & Khacey Khaliel)","Lossless file for track 11 on Drip Season 3, ""Spending Addiction"". Missing metadata.",3:06,,"Jun 3, 2021",OG File,Lossless,https://pillows.su/f/d7da462907ea28e28328cb0e2d217332
Drip Season 3,"Top Off
(prod. Richie Souf)","OG Filename: Top Off_MixedbyGiandre ref
Alternate mix of track 4 on Drip Season 3, ""Top Off"", with more reverb and high frequencies in the vocals. Has a low pass filter on the second verse.",3:18,,"Feb 12, 2026",OG File,CD Quality,https://pillows.su/f/e0b129fdd7cf1a201aa29bef4dd66759
Drip Season 3,"We the One
(prod. Cassius Jay)","OG Filename: we the one
Throwaway from the Drip Season 3 sessions.",2:54,,"Oct 18, 2023",OG File,High Quality,https://pillows.su/f/ecefc29756254f63d978e8ff8eb859ef
Drip Season 3,"Money Don't Change You (Remix)
(feat. Future) (prod. DY Krazy)",Version of Money Don't Change You with a Future verse.,,,"Sep 7, 2025",Snippet,High Quality,"https://pillows.su/f/120b2cea1d75be49ef2174d425f6ce9e
https://mega.nz/file/ZFARibxK#iocBbfHBnzQr32b6mkTUP-G_gkgQyLQngpJrGiBfdgA"
Drip Season 3,"Hoodrich Pablo Juan - Just Vibe
(feat. Gunna) (prod. Danny Wolf & Hanzo)","Version of ""Just Vibe"" that released on Hoodwolf 2. Removed from streaming on May 3, 2019 after a version with a new instrumental was released to BLO: The Movie.",3:00,,"Jul 19, 2018",Full,High Quality,https://pillows.su/f/1e463b71218d5c910319e18de9044b49
Drip Season 3,"Kap G - Want My M's [V1]
(ref. Gunna) (feat. Playboi Carti) (prod. Priority Beats, Detrakz, StevieNickXX & Squat Beats)
(M's)","Demo version of ""Want My M's"" with vocals from Kap G, Gunna and Playboi Carti. Initially leaked as an edit without Kap G on December 31, 2018.",3:38,,"Aug 29, 2019",Full,CD Quality,https://pillows.su/f/c965d204b75a199a4c23ac24acc7f7f4
Drip Season 3,"Kap G - Want My M's [V2]
(ref. Gunna) (feat. Lil Durk) (prod. Priority Beats, Detrakz, StevieNickXX & Squat Beats)
(M's)","Alternate version of ""Want My M's"" with Lil Durk verse in place of Playboi Carti. Gunna's chorus is repeated.",3:54,,"Jun 15, 2022",Full,CD Quality,https://pillows.su/f/38cb666cf8aef595554a3b77e452dedf
Drip Season 3,"Ski Mask the Slump God - COOLEST MONKEY IN THE JUNGLE
(feat. SahBabii) (prod. CuBeatz, Murda Beatz & Wallis)
(Coolest Monkey)","OG Filename: Ski mask SahBabii
Unfinished open verse version intended for Gunna. It is unknown if Gunna ever recorded a verse or not. Recorded on January 25, 2018, teased on March 12, 2018.",,"Jan 25, 2018","Dec 21, 2022",OG File,Lossless,https://pillows.su/f/dcd1773623ff110f2ae472f40d90e7e6
Drip Season 3,"⭐ Young Thug - Real Spit
(feat. Gunna) (prod. DY Krazy & Tarentino)
(Persona, Fall In Love, Show You)","OG Filename: REAL SPIT X GUNNA PROD. DY
Recorded on January 2, 2018. First previewed on February 7, 2018. A CDQ snippet surfaced on January 7, 2024. A $1200 groupbuy for the track began on January 9, 2024 but was cancelled, before eventually leaking in full on April 17, 2024.",3:34,"Jan 2, 2018","Apr 17, 2024",OG File,Lossless,https://pillows.su/f/55227d164711566da56e6c5e2e31b3d8
Drip Season 3,"Yung Bans - Easter Pink
(feat. Gunna) (prod. Cassius Jay)","Original version of ""Easter Pink"".",,,"Jun 23, 2018",Full,High Quality,Link Needed
"11 OG Files
0 Full
0 Tagged
0 Partials
0 Snippets
0 Unavailable",Drip Harder,,,,,,,
Drip Harder,"Drip Too Hard [V1]
(with Lil Baby) (prod. Turbo)
(Bad Little Bitch)","OG Filename: Lil Baby X Gunna- Bad Little Bitch (Mix)
Version of track 12 on Drip Harder, ""Drip Too Hard"", with an alternate vocal mix that has louder adlibs and more autotune on Gunna's verse. Turbo's tag plays earlier. Surfaced as a bonus in a successful $1,500 groupbuy for ""Practice What You Preach"".",2:25,,"May 5, 2026",OG File,CD Quality,https://pillows.su/f/a05ef18288ba76e7ee5604167990a2b7
Drip Harder,"Drip Too Hard [V2]
(with Lil Baby) (prod. Turbo)
(Bad Little Bitch)","OG Filename: Lil Baby X Gunna- Bad Little Bitch (Mix) 2
Second mix of ""Drip Too Hard"". Similar to V1, but vocals are slightly quieter. Surfaced as a bonus in a successful $1,500 groupbuy for ""Practice What You Preach"".",2:25,,"May 5, 2026",OG File,CD Quality,https://pillows.su/f/f1df5f7bf03e5a77c2c471d0c170bd6d
Drip Harder,"Drip Too Hard [V3]
(with Lil Baby) (prod. Turbo)
(Bad Little Bitch)","OG Filename: Lil Baby X Gunna- Bad Little Bitch (Mix) 3
Third mix of ""Drip Too Hard"". Has no autotune. Surfaced as a bonus in a successful $1,500 groupbuy for ""Practice What You Preach"".",2:26,,"May 5, 2026",OG File,CD Quality,https://pillows.su/f/6ebd19bec06de4b9ee45d9b62b55d7c5
Drip Harder,"Drip Too Hard [V4]
(with Lil Baby) (prod. Turbo)
(Bad Little Bitch)","OG Filename: Lil Baby X Gunna- Bad Little Bitch (Mix) 4
Fourth mix of ""Drip Too Hard"". Similar to V3, but quieter. Surfaced as a bonus in a successful $1,500 groupbuy for ""Practice What You Preach"".",2:26,,"May 5, 2026",OG File,CD Quality,https://pillows.su/f/9506dce1a6473a6c3465e84acff1c2c2
Drip Harder,"Seals Pills
(with Lil Baby) (prod. Yung Jetpacc)
(Seal and Pills)","OG Filename: GUNNA x LIL BABY- SEAL AND PILLS
Alternate mix of track 8 on Drip Harder, ""Seals Pills""",2:57,,"Jan 16, 2026",OG File,CD Quality,https://pillows.su/f/91229dac1afc11f670fb54f0f6eb88d5
Drip Harder,"Sold Out Dates [V1]
(feat. Lil Baby) (prod. Ghetto Guitar & Turbo)","OG Filename: AUDIO_1566
OG file for Gunna's single ""Sold Out Dates"" featuring Lil Baby.",2:46,,"Jun 13, 2023",OG File,CD Quality,https://pillows.su/f/a0bb115a15cc6a9afe0b0e74d843946c
Drip Harder,"Wait for It
(with Lil Baby) (prod. Dun Deal & Earl on the Beat)","OG Filename: GUNNA X LIL BABY - WAIT FOR IT
Throwaway from the Drip Harder sessions.",3:03,,"Jul 17, 2023",OG File,CD Quality,https://pillows.su/f/0bc32053b2ef12c8d5651c90eeccb60f
Drip Harder,"World is Yours
(prod. Wheezy & CuBeatz)","OG Filename: GUNNA- WORLD IS YOURS(WHZY)
Rough mix of track 5 on Drip Harder, ""World is Yours"". Vocals and melodies are quieter.",2:37,,"Jan 27, 2026",OG File,CD Quality,https://pillows.su/f/ca007aaefb7140732bf1ae573b37d548
Drip Harder,"Lil Baby - Life Goes On
(feat. Lil Uzi Vert & Gunna) (prod. Quay Global)","OG Filename: Lil Baby Uzi Life Goes On
Early version of Lil Baby - ""Life Goes On"" with additional Lil Baby vocals in the intro and a different outro with no Gunna vocals. Adlibs are louder and there are some additional adlibs. Has a rougher vocal mix.",4:09,,"Jan 27, 2026",OG File,CD Quality,https://pillows.su/f/dfba737f04b97472e943f0db6c7900ae
Drip Harder,"Lil Baby - Throwing Shade [V1]
(feat. Gunna) (prod. Quay Global)","OG Filename: GUNNA X LIL BABY X THROWING SHADE
Version of Lil Baby - ""Throwing Shade"" with a rough mix and no Lil Baby adlibs. Contains extra open hi-hats. Gunna has additional adlibs before his verse. Lil Baby's verse has alternate vocal takes, some of which overlap with other vocals.",3:15,,"Feb 16, 2026",OG File,High Quality,https://pillows.su/f/7ff707fc4be421843fcfe9968b0f2704
Drip Harder,"Lil Baby - Throwing Shade [V2]
(feat. Gunna) (prod. Quay Global)","OG Filename: Lil Baby x Gunna - Throwing Shade
Similar to the final version, but has a different vocal mix with no reverb and the beginning of the 3rd chorus is different. Retains the extra open hi-hats from V1. Contains more silence in the outro.",3:17,,"Feb 16, 2026",OG File,CD Quality,https://pillows.su/f/7ff707fc4be421843fcfe9968b0f2704
"111 OG Files
29 Full
4 Tagged
0 Partials
13 Snippets
2 Unavailable",Drip or Drown 2,,,,,,,
Drip or Drown 2,"⭐ .223
(feat. Lil Uzi Vert) (prod. Wheezy)
(.223 Drip)","OG Filename: GUNNA x UZi x WHEEZY - SHAANRUFF - 4-29-18
Recorded on April 29, 2018.",2:47,"Apr 29, 2018","Feb 11, 2021",OG File,CD Quality,https://pillows.su/f/d57d64339172744db9d29ad77a0922a1
Drip or Drown 2,"⭐ 70K
(prod. Taurus & Turbo)
(Comin' Up, Ain't No Joke)","OG Filename: gunna - comin up v1.2 TAURUSNTURBO
OG File (Metadata): GUNNA- 70 K (TARUS TURBO)
Throwaway from the Drip or Drown 2 sessions. Previewed by Gunna on September 30, 2020.",3:15,,"Aug 4, 2022",OG File,CD Quality,https://pillows.su/f/8afbba5abf5b2355fe490656c67d3e81
Drip or Drown 2,"All Lanes
(feat. Spodee) (prod. Turbo)","OG Filename: GUNNA- ALL LANES FT SPODEE(TURBO
Throwaway from the Drip or Drown 2 sessions. Previewed in 2019. Surfaced with metadata modified on October 18, 2023; OG file surfaced on February 16, 2026.",2:36,,"Oct 18, 2023",OG File,CD Quality,https://pillows.su/f/d83d05366b79c276384f240d5ff59324
Drip or Drown 2,"Amazing
(prod. Turbo & 88Waves)
(Locations)","OG Filename: GUNNA- AMAZING TURBOx88WAVES
Throwaway from the Drip or Drown 2 sessions.",2:18,,"Sep 9, 2023",OG File,High Quality,https://pillows.su/f/f65351e577bdfb9cee25cdec9949ed51
Drip or Drown 2,"Baby Birkin
(prod. Wheezy & B-Rackz)
(Baby Berkin)","OG Filename: GUNNA- BABY BERKIN( WHZY)
Version of track 9 on Drip or Drown 2, ""Baby Birkin"", with an alternate mix and a different outro.",3:07,,"Feb 18, 2026",OG File,CD Quality,https://pillows.su/f/809d341676d25a7130a3191c185721b3
Drip or Drown 2,"Big Shot [V1]
(prod. Turbo & Ghetto Guitar)","OG Filename: GUNNA- BIG SHOT (TURBO)
Rough mix of track 12 on Drip or Drown 2, ""Big Shot"", with a different outro. Previewed on July 12, 2018.",2:57,,"Feb 18, 2026",OG File,High Quality,https://pillows.su/f/b3b6b7375220e9fe1fec62acfe9f5b57
Drip or Drown 2,"Big Shot [V1] (Tagged)
(prod. Turbo & Ghetto Guitar)","OG Filename: GUNNA- BIG SHOT (WATERMAKED)
Similar to V1, but tagged for clearance.",2:58,,"May 3, 2026",Tagged,CD Quality,https://pillows.su/f/43db0a36c9130886e565c5d55429e7b4
Drip or Drown 2,"⭐ Blessings
(prod. Wheezy)
(Chanel Runners)","OG Filename: GUNNA- BLESSINGS (WHZY)
Previewed in 2018.",2:24,,"Mar 30, 2023",OG File,CD Quality,https://pillows.su/f/e8729289b3e70593d788ae65aab8f0d5
Drip or Drown 2,"Block Beater
(prod. Turbo)
(Block Beater Beat, Nobody Safe)","OG Filename: GUNNA- BLOCK BEATER BEAT
Snippet previewed on October 3, 2022.",2:14,,"Mar 30, 2023",OG File,CD Quality,https://pillows.su/f/c7fb04541afbc0645e843261fbe5fa34
Drip or Drown 2,"Came From Nothin'
(prod. Wheezy & B-Rackz)
(Skirts, Yes Indeed)","OG Filename: SKIRTS - SHAANRUFF - 2-19-18
OG File (Metadata): Came From Nothin - SHAANRUFF - 2-19-18
Uses a slower version of the instrumental for Lil Baby -""Yes Indeed"". In an interview with Genius, Wheezy states that the beat originally was Gunna's. Recorded on February 19, 2018. First previewed on May 26, 2018.",2:03,"Feb 19, 2018","Oct 31, 2022",OG File,CD Quality,https://pillows.su/f/2b9e11a86026d34916aca467181c5072
Drip or Drown 2,"Can't Leave Without It [V1]
(feat. 21 Savage & Lil Baby) (prod. Wheezy & CuBeatz)","OG Filename: GUNNA X BABY X 21- CANT LEAVE WITHOUT IT
Version of 21 Savage - ""Can't Leave Without It"" with a longer Gunna verse. Title implies the song originally belonged to Gunna. Gunna's verse is the last, and is separate from Lil Baby's. Previewed in 2018. Snippet surfaced in GunnaHub in 2024. Leaked as a bonus in a successful $600 groupbuy for ""Spit Propane"".",4:12,,"May 6, 2026",OG File,CD Quality,https://pillows.su/f/fcc37d749a9791f65aa571c4f5c0c7c5
Drip or Drown 2,"Cash War
(prod. Wheezy)
(Cash Ward)","OG Filename: CashWard Rough RefSC
Original version of track 4 on Drip or Drown 2, ""Cash War"", with an alternate mix and a shorter outro.",3:11,,"Aug 12, 2023",OG File,CD Quality,https://pillows.su/f/ac0ffc6c413d97dbde90ea07a14e9e50
Drip or Drown 2,"⭐ Choppa Pillow
(prod. Wheezy, CVRE, & Ging)","OG Filename: 01 GUNNA- Choppa Pillow(WHZY)
Throwaway from the Slime Language sessions. Was considered for release on WUNNA as seen in the documentary footage. Leaked after a successful $1,500 groupbuy on January 15, 2025. Uses the same instrumental as Juice WRLD - Personification.",2:59,,"Jan 15, 2025",OG File,CD Quality,https://pillows.su/f/26a03d71422c56ae29545fe228426af3
Drip or Drown 2,"Codeine Flow
(prod. Wheezy)","OG Filename: untitled 4th 12-17-18
Dated December 17, 2018. Contains an open verse.",2:45,"Dec 17, 2018","Nov 29, 2024",OG File,CD Quality,https://pillows.su/f/f4c48b5d3070937e8fd36b164497f6a4
Drip or Drown 2,"Concierge
(prod. Turbo)","OG Filename: GUNNA- CONCIERGE (TURBO)
Throwaway from 2018. Mentioned by Turbo on May 3, 2018. Previewed by Gunna on May 20, 2018. Was considered for release on DS4EVER.",2:32,,"Jan 4, 2023",OG File,CD Quality,https://pillows.su/f/086e6c610976042c846e6f96a5ce413a
Drip or Drown 2,"Destined
(prod. Turbo)
(No Direction)","OG Filename: GUNNA - DESTINED (TURBO)
First previewed in NDOH Day in Life series. Leaked degraded under the title ""No Direction"" on September 21, 2023; OG file surfaced on January 27, 2026.",2:23,,"Sep 21, 2023",OG File,CD Quality,https://pillows.su/f/4ebf326b1462323a396121d3b210176b
Drip or Drown 2,"⭐ Eagles Landing
(prod. Wheezy)","OG Filename: GUNNA- EAGLES LANDING(WHZY)
Throwaway from 2018.",2:06,,"Jul 11, 2024",OG File,CD Quality,https://pillows.su/f/11a3e1cc0a96cbbbe9b2fe5a69a80db5
Drip or Drown 2,"⭐ Exotic
(prod. Turbo & Wheezy)
(Creek View)","OG Filename: GUNNA- EXOTIC (TURBOWHZY)
Throwaway from the Drip or Drown 2 sessions.",2:17,,"Jan 29, 2023",OG File,CD Quality,https://pillows.su/f/10b0827ebe373e3f4fb53ea7af7e0ece
Drip or Drown 2,"Florida Water [V2]
(feat. Moneybagg Yo) (prod. Turbo)","OG Filename: Florida Water -w- bagg
Version of ""Florida Water"" with a Moneybagg Yo verse in place of Gunna's 2nd verse. The song was later sold / given away to FN Meka and released in August 2022. Dated and previewed on September 30, 2018.",3:19,,"Aug 31, 2022",OG File,High Quality,https://pillows.su/f/264a394d35bd09b0ee4f850d2f998831
Drip or Drown 2,"⭐ For Fun
(prod. Turbo)","OG Filename: GUNNA- FOR FUN (TURBO)
Throwaway from the Drip or Drown 2 sessions. Was considered for release on WUNNA.",3:03,,"Feb 2, 2023",OG File,CD Quality,https://pillows.su/f/35da8d33e6028d887fe92e2bd9841e2a
Drip or Drown 2,"God Can See
(prod. Turbo)","OG Filename: GUNNA_02_REFSC
Recorded in the same session as ""Wit It"". Leaked with metadata modified on September 19, 2023; OG file surfaced on February 16, 2026.",2:37,,"Sep 19, 2023",OG File,CD Quality,https://pillows.su/f/a7e0064834286e7782f0fee4577e826d
Drip or Drown 2,"⭐ Graces
(prod. Turbo & Aviator Keyyz)
(Harley, Real Ones)","OG Filename: GUNNA- GRACES (TURBOKEYZ)
Previewed by Gunna in 2018 and by Lil Keed in 2019. Leaked on January 24, 2025 after a successful $1,500 groupbuy.",3:12,,"Jan 24, 2025",OG File,CD Quality,https://pillows.su/f/bda493351c431f5d202816e6fbc2b40a
Drip or Drown 2,"Grind Don't Stop
(feat. NAV) (prod. Money Musik & Jordan Bacchus)
(No Way)","OG Filaname: GRIND DON-T STOP -GUNNA & NAV
Previewed by NDOH on November 11, 2018. Previewed by Gunna on February 8, 2019. Ends with 1 minute of silence.",3:50,,"Sep 10, 2022",OG File,CD Quality,https://pillows.su/f/e75fa10393ab5e4614ec75d78acfe068
Drip or Drown 2,"⭐ Heartless
(prod. Turbo)","OG Filename: GUNNA- HEARTLESS(TURBO)
Previewed by Gunna in 2018. Previewed in GunnaHub in 2024. Surfaced after a private-buy-to-leak on March 4, 2026.",2:17,,"Mar 4, 2026",OG File,CD Quality,https://pillows.su/f/e9db08c2f97dc7e805ceff4e65ad8fbb
Drip or Drown 2,"History
(prod. Turbo & B-Rackz)","OG Filename: GUNNA- HISTORY (TURBOx RACKZ)
Throwaway from 2018.",3:11,,"Nov 29, 2024",OG File,CD Quality,https://pillows.su/f/383cdececac463fa7fb184595b3cdf5d
Drip or Drown 2,"Hocus Pocus [V1]
(feat. Lil Keed) (prod. Aviator Keyyz & Turbo)
(Frozen Ocean)","OG Filename: Hocus Pocus 08 eq 03-20
Original version of ""Hocus Pocus"" found within a Lil Keed MEGA leak. Recorded on June 7, 2018.",,"Jun 7, 2018","Apr 21, 2022",OG File,Lossless,https://pillows.su/f/6991e4bca59bff56416ad394fee90d5d
Drip or Drown 2,"Hold Your Head
(prod. Turbo)","OG Filename: GUNNA- HOLD YA HEAD(TURBO)
Throwaway from 2018. Previewed on March 27, 2024.",1:55,,"Jul 14, 2024",OG File,CD Quality,https://pillows.su/f/df5bdbce4541e89339a524eea1eafb60
Drip or Drown 2,Honored,"Mentioned by Gunna in 2018. First surfaced as a CDQ snippet on April 18, 2022. Leaked in full on July 21, 2022. Leaked file is degraded.",2:10,,"Jul 21, 2022",Full,CD Quality,https://pillows.su/f/717e8b221fe570db28d6066462a2f83a
Drip or Drown 2,"I Know What You Want
(prod. Turbo & Aviator Keyyz)
(I Know You Want)","OG Filename: GUNNA- I KNOW YOU WANT(TURBOKEYZ)
Throwaway from the Drip or Drown 2 sessions.",2:41,,"Jan 27, 2025",OG File,CD Quality,https://pillows.su/f/2c9a39c06ede42e7656211a717166bda
Drip or Drown 2,"I'll Explain
(prod. Turbo)
(Too Fast)","OG Filename: GUNNA- ILL EXPLAIN(TURBO)
Throwaway from the Drip or Drown 2 sessions.",3:05,,"Dec 30, 2022",OG File,CD Quality,https://pillows.su/f/42ba688594e09d4e180e74f864df10b0
Drip or Drown 2,"Idk Why
(prod. Wheezy)","OG Filename: GUNNA - IDK WHY
Rough mix of track 7 on Drip or Drown 2, ""Idk Why"", with no vocals in the outro. Recorded at Crosby Recording Studios and engineered by Bainz.",3:19,,"Feb 18, 2026",OG File,CD Quality,https://pillows.su/f/273fa32e964d28a6e5caefb636e2b704
Drip or Drown 2,"Keep it Real
(prod. Wheezy)","OG Filename: GUNNA- KEEP IT REAL(WHZY)
Previewed in 2018. Leaked as a bonus in a successful groupbuy for ""6 SPEED"" on December 28, 2024.",2:52,,"Dec 28, 2024",OG File,CD Quality,https://pillows.su/f/7c435370437835e89a0577b905b25487
Drip or Drown 2,"Life Change
(prod. June the Genius)","OG Filename: LIFE CHANGE GUNNA
Throwaway from the Drip or Drown 2 sessions.",2:54,,"May 26, 2022",OG File,CD Quality,https://pillows.su/f/a65772216e5ed6d46716eb2ad01c2a1a
Drip or Drown 2,"⭐ Life Line
(prod. Wheezy)
(Lifeline, No Misery)","OG Filename: GUNNA- LIFE LINE(WHZY)
Previewed by Gunna. Surfaced on March 1, 2023, with OG file surfacing on August 11, 2023.",3:07,,"Aug 11, 2023",OG File,CD Quality,https://pillows.su/f/6b17cc8406669ae2a63cc5674bdd9c91
Drip or Drown 2,"Location
(prod. Turbo)","OG Filename: GUNNA - LOCATION (TURBO)
Previewed by Gunna in 2018.",2:28,,"Apr 3, 2024",OG File,CD Quality,https://pillows.su/f/d99cb60b3b5b5e384ed818275e6e664b
Drip or Drown 2,"Play Money
(feat. NAV) (prod. Turbo & Wheezy)","OG Filename: PLAY_MONEY_PROD._TURBO_x_WHZY
A CDQ snippet surfaced in December of 2022. Another CDQ snippet surfaced on February 18, 2024. Another CDQ snippet surfaced on March 2, 2024. Leaked after a successful $900 groupbuy on March 22nd, 2022.",3:12,,"Mar 22, 2024",OG File,CD Quality,https://pillows.su/f/bfe9f714ac31b84d34e43467117c925b
Drip or Drown 2,"⭐ My Woes
(prod. Turbo)
(Bad to the Bone)","OG Filename: GUNNA - MY WOES
Previewed in 2018. Leaked with metadata modified on October 20, 2023; OG file surfaced on February 16, 2026.",3:00,,"Oct 20, 2023",OG File,CD Quality,https://pillows.su/f/cc13b63376fd46683a1ab7a0fdecbe20
Drip or Drown 2,"⭐ Need a Lend
(prod. Turbo)","OG Filename: GUNNA- NEED A LEND(TURBO)
Throwaway from the Drip or Drown 2 sessions. Leaked after a successful groupbuy on January 8, 2025.",3:00,,"Jan 8, 2025",OG File,CD Quality,https://pillows.su/f/fcd9919f026aed2c4bef8ff5ffb6ab97
Drip or Drown 2,"Nascar [V1]
(prod. Hendrix Smoke)","OG Filename: NASCAR (ROCKSTAR)
Throwaway from 2018. Vocals from this song's session were sent to Kid Angel and Smokepurpp, among others.",2:24,,"Jun 3, 2026",OG File,High Quality,https://pillows.su/f/8448501c600022caf4834ba091e529d1
Drip or Drown 2,"⭐ No Game
(prod. Wheezy)","OG Filename: Gunna - No Game
OG Filename 2: GUNNA - NO GAME
Previewed in 2018. Samples ""Mood"" by Little People, which is also sampled in Lil Baby - ""Rider"".",2:47,,"Jan 30, 2024",OG File,CD Quality,https://pillows.su/f/d43a4f7891092136a3f4868715432570
Drip or Drown 2,"On a Mountain
(prod. Turbo & Tba)
(On a Moutain)","OG Filename: GUNNA- ON A MOUTAIN (TURBO)
Rough mix of track 13 on Drip or Drown 2, ""On a Mountain"".",2:55,,"Feb 18, 2026",OG File,CD Quality,https://pillows.su/f/de501f1c60412fea0dd3e9d732444d8a
Drip or Drown 2,"⭐ On a Plane [V2]
(feat. Juice WRLD) (prod. Turbo)","OG Filename: GUNNA- ON A PLANE x JUICE WORLD (TURBO)
Gunna recorded on August 21, 2018 and Juice WRLD recorded on August 23, 2018. First previewed on August 24, 2018.",2:35,"Aug 23, 2018","Jun 19, 2022",OG File,CD Quality,https://pillows.su/f/b948ed93be4b1ecc7571d9d4bda6faf7
Drip or Drown 2,"⭐ On GP
(prod. DY Krazy)","OG Filename: GUNNA - On GP
OG Filename 2: GUNNA- ON GP (DY)
Previewed in 2018. A CDQ snippet surfaced on December 18, 2022.",3:05,,"Jan 19, 2025",OG File,CD Quality,https://pillows.su/f/9686d8bfdf0e238cb826cdd9eee811b8
Drip or Drown 2,"One Call [V1]
(prod. Turbo, Ghetto Guitar, & Yung Jetpacc)","OG Filename: GUNNA- ONE CALL (TURBO)
Rough mix of track 3 on Drip or Drown 2, ""One Call"", with a different outro. Recorded at 5 Star Productions in Atlanta.",3:15,,"Feb 18, 2026",OG File,CD Quality,https://pillows.su/f/6def98ac2cdc964133b1f7edf8e0247a
Drip or Drown 2,"One Call [V1] (Tagged)
(prod. Turbo & Ghetto Guitar)","OG Filename: GUNNA- ONE CALL(WATERMAKED)
Same as V1, but tagged for clearance.",3:16,,"May 3, 2026",Tagged,CD Quality,https://pillows.su/f/8fe4639d0aec4059bb42beadb61adad6
Drip or Drown 2,"Only God Can Judge Me
(prod. Louis Bell)","OG Filename: Gunna - Only God Can Judge Me
Throwaway from 2018.",2:51,,"Oct 19, 2020",OG File,CD Quality,https://pillows.su/f/3e74af96990e28b820b3ec0d2e32eaeb
Drip or Drown 2,"Faygo Creme
(feat. Drake) (prod. Wheezy, Aviator Keyyz, & CuBeatz)
(Playing with Racks)","OG Filename: GUNNA Faygo Creme Ref 1
Open verse demo from 2018. The beat and Drake verse were later used in Quavo - ""FLIP THE SWITCH"". An edit entitled ""Playing with Racks"" with the open verses removed leaked as a bonus in a successful $1,500 groupbuy for ""Choppa Pillow"".",3:33,,"Jan 15, 2025",OG File,CD Quality,https://pillows.su/f/d8bf4daea7266aa42c285a6ccabea1e8
Drip or Drown 2,"Pink Sprite
(prod. Turbo & Ghetto Guitar)","OG Filename: GUNNA- 05.06.18WLAKE
Recorded on May 6, 2018. Previewed by NDOH on June 22, 2018.",2:46,"May 6, 2018","Aug 31, 2022",OG File,CD Quality,https://pillows.su/f/c9e4f247cfbe1a027d46d3a19353b9be
Drip or Drown 2,"⭐ Practice What You Preach
(prod. Turbo & Wheezy)
(Relay That)","OG Filename: GUNNA-PRACTICE WHAT YOU PREACH (TURBOWHZY)
Mentioned by Turbo on September 1, 2018. Previewed by NDOH on April 7, 2018. Previewed in GunnaHub on December 28, 2024. Leaked on May 5, 2026 after a successful $1,500 groupbuy.",3:12,,"May 5, 2026",Full,High Quality,https://pillows.su/f/5b50e3767cce330f8c142a945876b5da
Drip or Drown 2,"Puerto Rico [V1]
(prod. Carnage)","OG Filename: Open Verse Puerto Rico
Open verse version of ""Puerto Rico"". Some parts of the instrumental were cut from other versions.",3:24,,"Mar 15, 2024",OG File,CD Quality,https://pillows.su/f/a327202c8288d9a44058cb750864fa20
Drip or Drown 2,"Puerto Rico [V2]
(prod. Carnage)","OG Filename: Carnage X Gunna - Puerto Rico
Version of ""Puerto Rico"" with the open verses cut and a different outro.",2:25,,"Mar 15, 2024",OG File,CD Quality,https://pillows.su/f/de4423edddc371c3dd14c97412d55f5d
Drip or Drown 2,"Puerto Rico [V3]
(prod. Carnage)","OG Filename: Carnage X Gunna - Puerto Rico 2
Version of ""Puerto Rico"". Outro has different instrumentation, only one chorus, and contains a phone call. Adlibs are louder. First chorus contains some alternate adlibs and one adlib was altered in the verse.",2:29,,"Mar 15, 2024",OG File,CD Quality,https://pillows.su/f/b0b7fbe26a47a044e5de0ac150b612e0
Drip or Drown 2,"Puerto Rico [V4]
(prod. Carnage)","OG Filename: Carnage X Gunna - Puerto Rico FINAL MASTER
Version of ""Puerto Rico"" with extra adlibs on the final chorus. Additional synths are present in the first chorus. The V3 outro was scrapped for one similar to V2. The instrumental ends earlier than V5.",2:29,,"Mar 15, 2024",OG File,CD Quality,https://pillows.su/f/5b77ade08dcb16751ca39922a37bffad
Drip or Drown 2,"Puerto Rico [V5]
(prod. Carnage)","OG Filename: Carnage X Gunna - Puerto Rico FINAL V2
Throwaway previewed by Carnage in 2019.",2:29,,"Mar 15, 2024",OG File,CD Quality,https://pillows.su/f/a99db73c1bd17bc1115ea642c8177bea
Drip or Drown 2,"Rich
(feat. Jefe D-Boy) (prod. Turbo)","OG Filename: gunna x jefe
Throwaway from the Drip or Drown 2 sessions. Previewed by Jefe D-Boy in 2018, and a CDQ snippet surfaced on December 13, 2022. Was intended for a $300 groupbuy on November 10, 2025 before leaking.",2:45,,"Nov 10, 2025",OG File,High Quality,https://pillows.su/f/9ec3586e10a59864d9685bccfe5408a9
Drip or Drown 2,"Rockstar
(prod. Zay Bans)","OG Filename: GUNNA- ROCKSTAR (ZAYBANDS)
Throwaway from 2018.",3:00,,"Aug 6, 2024",OG File,CD Quality,https://pillows.su/f/e2a281f34e51853a569952fb38e827a8
Drip or Drown 2,"Still Drippin'
(prod. Wheezy)","OG Filename: STILL DRIPPIN - SHAANRUFF - 2-18-18
Throwaway from 2018. Surfaced on June 20, 2024 with the metadata modified under the filename ""GUNNA- STILL DRIPPIN (WHZY)"". File surfaced with metadata intact on February 4, 2026.",3:44,"Feb 18, 2018","Jun 20, 2024",OG File,CD Quality,https://pillows.su/f/990f7c161bb3849521f9a53934194449
Drip or Drown 2,"Store
(prod. Aviator Keyyz)
(Closing Up The Store)","OG Filename: GUNNA - KEYYZ
Throwaway from 2018.",2:48,,"May 1, 2024",OG File,CD Quality,https://pillows.su/f/9051375f81f6c71925c0952004661d82
Drip or Drown 2,"Speed it Up
(prod. Turbo)","OG Filename: GUNNA- SPEED IT UP(TURBO)
Rough mix of track 10 on Drip or Drown 2, ""Speed it Up"", with a slightly different outro.",3:02,,"Feb 18, 2026",OG File,CD Quality,https://pillows.su/f/366b98c1a865eede56d5d073b2527a56
Drip or Drown 2,"⭐ Supposed To [V1]
(prod. Diplo)
(Leech, Receipts)","OG Filename: Supposed To - Ref 10.31.18
Recorded on October 31, 2018. Surfaced on June 29, 2020, with OG file surfacing on December 19, 2022. Later released by Diplo as ""Receipts"" with a different instrumental.",2:43,"Oct 31, 2018","Dec 19, 2022",OG File,CD Quality,https://pillows.su/f/44a066caf8489d6e32941be7d5bd1448
Drip or Drown 2,"Switchin Sides
(prod. Louis Bell)","OG Filename: Gunna - Switchin Sides (LB Mix 1) [demo]
Demo from 2018.",2:45,,"Oct 15, 2020",OG File,CD Quality,https://pillows.su/f/521816b902ad790ccce52b2895b50764
Drip or Drown 2,"Testimony
(prod. Turbo & Hey McNab)
(My Testimony)","OG Filename: GUNNA- TESTIMONY (TURBO MCNAB) 
Leaked after a successful groupbuy on June 5, 2024.",2:47,,"Jun 5, 2024",OG File,CD Quality,https://pillows.su/f/5b98d16f6283573bc0caaf0f693cf3b7
Drip or Drown 2,"This Far
(prod. Wheezy)","OG Filename: This Far wheezy
Throwaway from the Drip or Drown 2 sessions.",3:48,,"Jan 5, 2023",OG File,CD Quality,https://pillows.su/f/8ff8c5d3543714837a35afe9a76d466a
Drip or Drown 2,"⭐ Took Risk
(prod. London on da Track)
(Been Scarred)","OG Filename: Took Risk
OG Filename 2: GUNNA- BEEN SCARRED(LONDON)
Throwaway from the Drip or Drown 2 sessions.",2:53,,"Jan 24, 2024",OG File,CD Quality,https://pillows.su/f/4c20946d05667a160248c713fb870637
Drip or Drown 2,"Two Tone Patek
(feat. Bleezy CYD) (prod. Turbo)","OG Filename: Gunna Feat. Bleezy V2
Open verse demo from 2018. Turbo previewed the instrumental in an Instagram live around 2018. A session of the song that showed Gunna recording the hook was also previewed in “Day in the Life Exclusive Ep 3: Gunna, Lil Baby, Wheezy, Turbo” on Youtube. A CDQ of the snippet surfaced on September 30, 2024. A cut version leaked on November 29, 2024. OG file surfaced on June 16, 2025.",3:10,,"Nov 29, 2024",OG File,CD Quality,https://pillows.su/f/a04871f4e85f27b02b05ab1967410041
Drip or Drown 2,"Uh Huh
(prod. Richie Souf)
(Coupe, VVS)","OG Filename: GUNNA_UH_HUH_KK1
First previewed on July 12, 2018.",3:01,,"Aug 2, 2023",OG File,High Quality,https://pillows.su/f/ecb2b595647b04b937459f5f260b34c9
Drip or Drown 2,"We Made It [V1]
(prod. Metro Boomin)
(Made It)","OG Filename: MADE IT_ROUGH_02.17.18
Quieter mix of ""We Made It"".",1:55,"Feb 17, 2018","Jan 11, 2025",OG File,CD Quality,https://pillows.su/f/6d4186510b75395308cd8fa1401b90b2
Drip or Drown 2,"We Made It [V2]
(prod. Metro Boomin)
(Made It)","OG Filename: GUNNA - WE MADE IT Prod. Metro
Previewed in 2018. Leaked as a bonus in a successful groupbuy for ""Need a Lend"".",1:55,,"Jan 9, 2025",OG File,CD Quality,https://pillows.su/f/1e185f41cd26d4b4b578ff27c56b647f
Drip or Drown 2,"We're Not the Same
(prod. Turbo)
(Were Not the Same)","OG Filename: Gunna - Were Not The Same Prod. Turbo
Previewed sometime in 2018. A CDQ snippet of the song would surface on June 12, 2023. Another CDQ snippet would surface on March 2, 2024. Leaked on March 15, 2024.",2:47,,"Mar 15, 2024",OG File,CD Quality,https://pillows.su/f/c9ae1256ddfe3a78fc7c86ba0a9130ea
Drip or Drown 2,"What is Cómo Se Llamo
(with Lil Uzi Vert) (prod. Turbo)
(What is Como Se)","OG Filename: GUNNA X VERT- WHAT IS COMO SE
Throwaway from the Drip or Drown 2 sessions. Leaked from an UziHub seller after a $1,000 groupbuy.",2:55,,"Jan 30, 2025",OG File,CD Quality,https://pillows.su/f/f6e5f28bae26b74ef25585194f08748a
Drip or Drown 2,"Who You Foolin [V1]
(prod. Wheezy)
(Who U Foolin)","OG Filename: GUNNA- WHO U FOOLIN(WHZY)
OG File (Metadata): GUNNA- 06.13.18(WHZY)
Rough mix of track 16 on Drip or Drown 2, ""Who You Foolin"", with a different intro.",2:32,"Jun 13, 2018","Feb 18, 2026",OG File,CD Quality,https://pillows.su/f/96d20a814631d91d1c7dd8b1beeac8ad
Drip or Drown 2,"Wit It
(prod. Wheezy)","OG Filename: GUNNA 03 REFSC
Original version of track 1 on Drip or Drown 2, ""Wit It"", with an alternate mix. Likely the version that was previewed on March 16, 2018. Recorded in the same session as ""God Can See"".",2:15,,"Aug 12, 2023",OG File,CD Quality,https://pillows.su/f/95cb3ae30b38a9a2d903cfbc893061f8
Drip or Drown 2,Add It Up,Throwaway from the Drip or Drown 2 sessions.,,,,Snippet,Low Quality,Link Needed
Drip or Drown 2,"Derek Fisher
(prod. Turbo & TRellGotWings)","Version of ""Derek Fisher"" with a 2nd Gunna verse. Previewed by Gunna in 2018.",,,,Snippet,Recording,https://mega.nz/file/gJYQ1YqQ#q2JGwGiTOGUc0g_1x93xmQBSv81LqgZQGaYboognwzw
Drip or Drown 2,"Florida Water [V1]
(prod. Turbo)","Solo Gunna version of ""Florida Water"" with 2 verses. Previewed by Wheezy.",,,,Snippet,Recording,https://mega.nz/file/cchwhQTA#ssEn0_TBl6caVAH9DBWOiACQEbQOPo4hXV3iKqCz8ZE
Drip or Drown 2,"Like Floyd
(feat. Young Thug) (prod. Wheezy)
(My Boys)","OG Filename: LIKE FLOYD - GUNNA x THUG Prod. WHEEZY
Previewed by Gunna and Wheezy in 2018.",,,,Snippet,Recording,Link Needed
Drip or Drown 2,"Prepared
(prod. Turbo)
(Isolated)","OG Filename: GUNNA- PREPARED (TURBO)
Previewed by @itsteezy6itch_ in 2019. Previewed in GunnaHub on May 1, 2026.",,,"May 1, 2026",Snippet,High Quality,https://pillows.su/f/efb713a0f4a0a0859ce22ac05d07e332
Drip or Drown 2,"Slime Melody
(feat. Young Thug) (prod. Wheezy)
(Slime Melon)","Throwaway from the Drip or Drown 2 sessions. Contains crackling. Was slated for a $750 groupbuy on November 10, 2025, but cancelled due to low participation.",,,"Nov 17, 2024",Snippet,High Quality,"https://pillows.su/f/bcc0bc7c67b84f96e983c09dcad0819f
https://pillows.su/f/da3ed7c73df1edfa6e494a63f84f198d"
Drip or Drown 2,"Spit on a Bitch
(prod. London on da Track)",Throwaway from 2018.,,,"Mar 5, 2022",Snippet,High Quality,https://pillows.su/f/4b4992b85fbcbb796dc55d3dcc178bd7
Drip or Drown 2,"Future - Bad Timing
(feat. Gunna) (prod. Turbo)","Previewed by Gunna in 2022. Snippet surfaced on December 15, 2025. Gunna's verse is only eight bars long.",,,"Dec 15, 2025",Snippet,High Quality,https://pillows.su/f/da1799f650d5200c8747bb4b8c3c3007
Drip or Drown 2,"???
(prod. Wheezy)
(Real Queen, Rental Queen)",First previewed sometime in 2018 and again by Wheezy in 2019. Era unconfirmed.,,,,Snippet,Recording,Link Needed
Drip or Drown 2,"???
(prod. Wheezy)
(Grind, Diploma)",Previewed in 2019.,,,,Snippet,Recording,https://mega.nz/file/xcBQGIgS#a1AyEstDjGJX6GitvzPC0810i-3ebwhoND0Xr46w8YA
Drip or Drown 2,"A Boogie wit da Hoodie - Again
(feat. Gunna) (prod. Ayo The Producer, KEYZBABY & Hitmaka)","OG Filename: Gunna x Boogie again
Open verse demo recorded on November 19, 2018.",3:18,"Nov 19, 2018","Dec 24, 2021",OG File,CD Quality,https://pillows.su/f/383599088c87c0e16ae7be03c6b2b3c8
Drip or Drown 2,"Casanova - So Drippy [V1]
(feat. Gunna & Young Thug) (prod. BELDONDIDTHAT, Top Quality, & NewDripLegxnd)","OG Filename: 01 CASSANOVA  FT GUNNA (THUG AADL
Version of Casanova - ""So Drippy"" with a quieter mix and a slightly different song structure.",3:39,,"Mar 14, 2026",OG File,CD Quality,https://pillows.su/f/de4264dbee3f46bd78600adf65969afc
Drip or Drown 2,"Casanova - So Drippy [V2] (Tagged)
(feat. Gunna & Young Thug) (prod. BELDONDIDTHAT, Top Quality, & NewDripLegxnd)","OG Filename: Casanova - So Drippy feat. Gunna (BGV from Young Thug) VS
Version of Casanova - ""So Drippy"" sent for clearance. Similar to V1, but has Roc Nation tags.",4:33,,"Mar 14, 2026",Tagged,High Quality,https://pillows.su/f/032474820429a8a401ef478a7d25faca
Drip or Drown 2,"Data Luv - Rude
(feat. Gunna)",Open verse demo from 2018. Leaked to SoundCloud by Data Luv.,3:00,,"Jun 27, 2025",Full,CD Quality,https://pillows.su/f/a8d84dd38110d4b55a2538b1584f9b20
Drip or Drown 2,"Draco - Road it Alone
(feat. Gunna)",Feature from 2018.,3:01,,"Aug 28, 2018",OG File,High Quality,https://pillows.su/f/5b9441616948233fcb043fc4c9bf829b
Drip or Drown 2,"Fetty Wap - Spaceship
(feat. Gunna & Rich the Kid)","Snippet surfaced on October 13, 2025.",2:56,,"Mar 13, 2026",Full,Low Quality,https://pillows.su/f/a441e966043473c9854c5d320ba85cf7
Drip or Drown 2,"G Herbo - Big Body Whips
(feat. Gunna) (prod. Wheezy)
(Trained To Kill)","Original version of ""Trained To Kill"" with an alternate instrumental and mixing. Track surfaced prior to being released by G Herbo.",3:42,,"Dec 10, 2018",Full,High Quality,https://pillows.su/f/187230d6d9d63ef015eb43574b3fe01c
Drip or Drown 2,"Internet Money - Lemonade [V1]
(with Don Toliver) (prod. Pharaoh Vice, E-Trou, Alec Wigdahl, Nick Mira & Taz Taylor)","Original version of ""Lemonade"". Song was written on October 7, 2017, and Don Toliver recorded in 2018.",2:58,,"Jun 24, 2020",Full,CD Quality,https://pillows.su/f/2899596afc6075f95fe428a803ad194a
Drip or Drown 2,"Jeremih - Lights On [V1]
(prod. Mally Mall)","OG Filename: Lights On Jeremih Hook
Original open verse version of ""Lights On.""",3:03,,"Feb 21, 2022",OG File,CD Quality,https://pillows.su/f/53793930fdcd2003bbcda1321c66fce3
Drip or Drown 2,"Cuban Doll - Lights On
(feat. Jeremih) (prod. Mally Mall)","Cuban Doll demo of ""Lights On."" Listed for sale on July 3, 2021.",,,"Jul 3, 2021",Snippet,High Quality,https://pillows.su/f/9b5d0fb9926040f596cafc0990149548
Drip or Drown 2,"Juice WRLD - Ain't Livin Right [V2]
(feat. Gunna) (prod. Nikko Bunkin & TrellGotWings)","OG Filename: Aint livin Right w Juice n Gunna_02
Earlier mix that was engineered by Eric Manco. Missing metadata. First previewed during a No Jumper vlog.",3:36,,"May 1, 2023",Full,CD Quality,https://pillows.su/f/99fda84dd6bb22e6e84ec020828a2361
Drip or Drown 2,"Juice WRLD - GTA [V1]
(prod. Dez Wright, Gezin & TM88)","OG Filename: Juice WRLD - GTA v 1.4 JUUL MANGO 5 TM GZ
Original solo Juice WRLD version of ""GTA"". Recorded on June 6, 2018.",3:10,"Jun 6, 2018","May 23, 2019",OG File,CD Quality,https://pillows.su/f/11c45c9a5d1bcda6978eed73289f9a01
Drip or Drown 2,"Juice WRLD - GTA [V2]
(feat. Gunna) (prod. Dez Wright, Gezin & TM88)","OG Filename: GUNNA X JUICE GTA TURBO REF 1
Completed version of ""GTA"" by Juice WRLD. Gunna recorded his vocals on August 8, 2018. First previewed on January 18, 2023.",3:10,"Aug 8, 2018","Jan 30, 2023",OG File,CD Quality,https://pillows.su/f/f986e7f655ca136bc54a03553420197e
Drip or Drown 2,"Kay Bandz - Bless
(feat. Gunna) (prod. Turbo)","OG Filename: 05-15 Gunna NEW2
Original version of Kay Bandz - ""Bless"", featuring Gunna, with an alternate mix and no Gunna verse.",2:37,"May 15, 2018","May 26, 2024",OG File,CD Quality,https://pillows.su/f/a289ace13fbfc1237f660e57d8fc2dba
Drip or Drown 2,"Kid Angel - Rockstar [V2]
(feat. Gunna)
(Nascar)","OG Filename: kid angel gunna rockstar
Version of ""Nascar"" with only Gunna's verse; has a different instrumental.",3:12,,"Dec 14, 2022",OG File,High Quality,https://pillows.su/f/e00a3240873492e0e265dfa86818c84f
Drip or Drown 2,"King Gotit - Kodak Dat
(feat. Gunna) (prod. rocktee)","OG Filename: 03 Kodak Dat (Feat. Gunna)(Dirty) 2
OG file for ""Kodak Dat"" by King Gotit.",3:26,,"Jul 31, 2024",OG File,High Quality,https:/pillows.su/f/15a107f2f3410026222451ea3c59863b
Drip or Drown 2,"Lil Durk - Don’t Talk To Me (Remix) [V1]
(feat. Gunna & Juice WRLD) (prod. Wheezy & Chopsquad DJ)","OG Filename: Lil Durk x Gunna x Juiceworld - Dont Talk To Me_1
OG file for the remix to ""Don't Talk To Me"", with vocals from Juice WRLD.",4:02,,"Sep 21, 2022",OG File,CD Quality,https://pillows.su/f/0f3e85d0d52642e6b8921602ec8a4791
Drip or Drown 2,"Lil Keed - From The Heart
(feat. Gunna) (prod. Supah Mario)","OG Filename: From_the_heart_feat._gummy__ro
Feature from 2018.",2:37,,"Nov 24, 2019",OG File,CD Quality,https://pillows.su/f/f93afb2102f5f3fd6c081d82c52fd6e3
Drip or Drown 2,"Lil Skies - Stuck in Sadness
(feat. Gunna) (prod. Dru Armada & Based1)
(Stop the Madness)","OG Filename: Stuck in sadnessâ€”Master12â€”
Original version of ""Stop the Madness"" by Lil Skies.",4:14,,"Feb 14, 2022",OG File,CD Quality,https://pillows.su/f/a1266af861090bf7a1320bb47c91f280
Drip or Drown 2,"Mac Miller - ??? 
(feat. Young Thug & Gunna)","Confirmed in a tweet by Q on November 18, 2018.",,,"Nov 18, 2018",Confirmed,Not Available,Source needed
Drip or Drown 2,"NAV - Eat [V1]
(feat. Gunna) (prod. Turbo & The Martianz)","OG Filename: GUNNA x NAV- EAT(TURBO)
Rough mix of NAV - ""Eat"" featuring Gunna.",3:20,,"Feb 15, 2026",OG File,CD Quality,https://pillows.su/f/853065b4e645c5cb02ad4a416a8f1ff0
Drip or Drown 2,"Metro Boomin - Space Cadet [V1]
(feat. Gunna & Travis Scott) (prod. Metro Boomin, Allen Ritter & Wheezy)","Original version of Metro Boomin's ""Space Cadet"" with a rougher mix and extra vocals from Travis Scott over the outro.",3:16,,"Jun 24, 2020",Full,CD Quality,https://pillows.su/f/ad9a651ac93bb7b802cdd6303a577ea9
Drip or Drown 2,"Playboi Carti - No Time [V3]
(feat. Gunna) (prod. Don Cannon & ​Ineza Beats)","OG Filename: No Time f Gunna DC Main Mix-V3
OG file for ""No Time"" by Playboi Carti. This version is dated October 12, 2018. Resurfaced on November 29, 2022.",3:26,"Oct 12, 2018","Nov 29, 2022",OG File,High Quality,https://pillows.su/f/777d13bea88518f2f6824a26cdd1ca44
Drip or Drown 2,"Reese LaFlare - Drip Like That
(feat. Gunna) (prod. Al B. Smoove)","OG Filename: ReeseLaFlare- Drip Like That GUNNA
Version of Reese LaFlare - ""Drip Like That"" featuring Gunna; has an alternate mix and a different song structure.",2:43,,"Feb 15, 2026",OG File,CD Quality,https://pillows.su/f/c9dac1477efa53f00d94d97cbea80d08
Drip or Drown 2,"Shad da God - True
(feat. Gunna) (prod. Wheezy)","OG Filename: TRUE Prod Wheezy
OG file for Shad da God - ""True"" featuring Gunna.",2:57,,"Aug 3, 2022",OG File,High Quality,https://pillows.su/f/8a27c367259ab6e738efd0eef8ac7aa8
Drip or Drown 2,"Shy Glizzy - Do You Understand? [V1]
(feat. Gunna) (prod. Turbo)","OG Filename: Gunna - ShyGlizzy - DoYouUnderstand
Version of Shy Glizzy - ""Do You Understand?"" with no Tory Lanez verse.",3:15,,"Feb 12, 2026",OG File,High Quality,https://pillows.su/f/7bf3d46be08123634ca1e2f292c91b18
Drip or Drown 2,"Sosamann - Drip Nation [V1]
(feat. Gunna) (prod. Iceman Chamberlain)",Leak mix with shorter run time.,3:01,,"May 28, 2020",Full,High Quality,https://pillows.su/f/105d29022476264167bbd5dcc06fde46
Drip or Drown 2,"Swae Lee - Comes with Percs
(feat. Gunna) (prod. Mally Mall & Scott Storch)",Feature from 2018.,3:06,,"Jul 26, 2019",Full,High Quality,https://pillows.su/f/64375f5a7ba917af5a0dc602bf079a56
Drip or Drown 2,"Trae Tha Truth - Fly Like a Pelican [V2]
(with Gunna & Young Thug) (prod. Richie Souf)
(Pelican)","OG Filename: Trae Tha Truth feat. Gunna & Young Thug - Fly Like A Pelican
Intended for Trae Tha Truth's project Static from 2018 which was going to include Young Thug and Gunna, which was scrapped. Dated December 3, 2018. Leaked on June 6, 2019. OG file leaked on June 14, 2023.",4:03,"Dec 3, 2018","Jun 6, 2019",OG File,High Quality,https://pillows.su/f/f22f49000e233bdd561d8d1aa425f4a4
Drip or Drown 2,"Travis Scott - ZOOM
(feat. Gunna) (prod. Wheezy & Turbo)",Throwaway previewed on .WAV Radio after the release of Travis Scott's ASTROWORLD. Likely from Travis' Hawaii sessions. Gunna was not credited and the title was in all caps like all the tracks on the album. A higher quality rip from the radio later surfaced; the OG file has not surfaced.,,,"Aug 4, 2018",Full,High Quality,https://pillows.su/f/9186b10650f15236a7fbd5d8202d23da
Drip or Drown 2,"Trouble - Designer
(feat. Gunna) (prod. C4Bombs & Y3)",Feature from the Drip or Drown 2 sessions. Privately uploaded to C4Bombs' SoundCloud.,2:43,,"May 4, 2019",Full,CD Quality,https://pillows.su/f/fb667857b3d9cdf9912e0c0aec2789a4
Drip or Drown 2,"Young Thug - Alpha Omega [V1]
(feat. Gunna & Lil Duke)","OG Filename: THUG GUNNA DUKE
Slightly quieter version of ""Alpha Omega"".",2:25,,"Mar 4, 2026",OG File,CD Quality,https://pillows.su/f/e214b9f85880280e9f5a2405f770901b
Drip or Drown 2,"Young Thug - Alpha Omega [V2]
(feat. Gunna & Lil Duke)","OG Filename: SLATT X GUNNA X DUKE X ALPHA OMEGA
Feature from the Slime Language sessions. Previewed in GunnaHub on July 12, 2025.",2:25,,"Mar 3, 2026",OG File,CD Quality,https://pillows.su/f/0cd2663b66e41096fb83af7ec8ad068b
Drip or Drown 2,"⭐ Young Thug - Blue 
(feat. Gunna & Lil Duke) (prod. CaspaCross)
(Blues)","OG Filename: SLATT X GUNNA X DUKE X BLUE
Previewed by Young Thug and NDOH. Listed for sale on August 22, 2024. Leaked in full on November 29, 2024",3:34,,"Nov 29, 2024",OG File,CD Quality,https://pillows.su/f/bed17763c6b5f7ce31736ead4692fab2
Drip or Drown 2,"Young Thug - Chanel (Go Get It) [V1]
(with Young Stoner Life) (feat. Gunna) (prod. Psymun, Wheezy & SinGrinch)","Version of ""Chanel (Go Get It)"" with only vocals from Young Thug and Gunna.",,,"Jul 1, 2019",Full,CD Quality,https://pillows.su/f/374760423d2dd31cb065f8d3154a5cc3
Drip or Drown 2,"Young Thug - Chanel (Go Get It) [V2]
(with Young Stoner Life) (feat. Gunna & Lil Uzi Vert) (prod. Psymun, Wheezy & SinGrinch)","Version of ""Chanel (Go Get It)"" with vocals from Young Thug, Gunna and Lil Uzi Vert. Features an alternate mix.",3:25,,"Nov 6, 2018",Full,High Quality,https://pillows.su/f/9b86ee46f7dbf280900b078f74a4ed3e
Drip or Drown 2,"Young Thug - Chanel (Go Get It) [V3]
(with Young Stoner Life) (feat. Gunna, Lil Uzi Vert & Lil Baby) (prod. Psymun, Wheezy & SinGrinch)","OG Filename: Young Thug ft Lil Baby x Gunna x Uzi - Chanel Go Get It - _01
Version of ""Chanel (Go Get It)"" with vocals from Young Thug, Gunna, Lil Uzi Vert and Lil Baby. Features an alternate mix from September 24, 2018, the day On the Rvn dropped, suggesting it may have been in contention to be updated on Slime Language in the same manner On the Rvn was updated with Offset features, however this did not happen.",,"Sep 24, 2018","Jun 25, 2020",OG File,CD Quality,https://pillows.su/f/03076d75abec07fe59edb841631328d0
Drip or Drown 2,"Young Thug - Chanel (Go Get It) [V4]
(with Young Stoner Life) (feat. Lil Baby & Gunna) (prod. Psymun, Wheezy & SinGrinch)","OG Filename: Chanel Go Get It ft LiL Baby
Version of ""Chanel (Go Get It) with vocals from Lil Baby and Gunna. Has a different mix and Lil Baby's verse comes before Gunna's.",3:27,,"Feb 16, 2026",OG File,CD Quality,https://pillows.su/f/37e156dc71535af29c12df9796090d67
Drip or Drown 2,"Young Thug - Love
(feat. Gunna) (prod. Chophouze)
(Barbie)",Track was previewed in 2018 via Tony Gray.,,,"Aug 8, 2018",Full,High Quality,https://pillows.su/f/6024e43c5ceaff42a1bd2ea09766c574
Drip or Drown 2,"Young Thug - Mellow [V1]
(feat. Gunna & Lil Baby)","First version of ""Mellow"".",3:43,,"Aug 22, 2019",Full,CD Quality,https://pillows.su/f/a695456cd248f981346464205eebb673
Drip or Drown 2,"Young Thug - Mellow [V2]
(feat. Gunna, 6LACK & Lil Baby)","Alternate version featuring 6LACK. Gunna's verse was rearranged to go back and fourth with 6LACK. The song was likely recorded in 2018 during sessions for Slime Language, with 6LACK’s contributions being added during recording sessions for On The Rvn.",3:44,,"Aug 22, 2019",Full,High Quality,https://pillows.su/f/8dd6edbb700f1ff16f9bc49a60eae5d2
Drip or Drown 2,"Young Thug - Prosthetic Leg [V1]
(feat. Gunna & YSL Mondo) (prod. 30 Roc & Mike WiLL Made-It)
(God's Child)","OG Filename: PROSTETIC LEG ROUGH BOUNCE 2_9
Original version with vocals from Gunna. Recorded on February 9, 2018. First previewed on July 18, 2020.",2:59,"Feb 9, 2018","Dec 6, 2022",OG File,CD Quality,https://pillows.su/f/3ca3f782327e0a18f0584cef2a936803
Drip or Drown 2,"Young Thug - Prosthetic Leg [V2]
(feat. Unfoonk & YSL Mondo) (prod. 30 Roc & Mike WiLL Made-It)
(God's Child)","OG Filename: PROSTECTIC LEG - WITH UNFOONK VS 
Alternate version of ""Prosthetic Leg"" featuring Young Thug's brother Unfoonk in place of Gunna. Possibly intended for Slime Language 2.",2:59,,"Dec 7, 2022",OG File,CD Quality,https://pillows.su/f/19fd5e24d870500db21aa7fe91cb9bc3
Drip or Drown 2,"Young Thug - Rose Gold
(feat. Gunna & Lil Duke) (prod. Aviator Keyyz)
(Top Of My Shoes, Everybody Love That)","OG Filename: Rose Gold
Feature from the Slime Language sessions. Previewed by Gunna on August 3, 2018. Later previewed by Lil Duke.",2:42,,"Feb 6, 2025",OG File,CD Quality,https://pillows.su/f/dcd1773623ff110f2ae472f40d90e7e6
Drip or Drown 2,"YoungBoy Never Broke Again - All My Hoes
(feat. Gunna & Young Thug) (prod. Wheezy)
(Patek Phillipe On Your Head)",Track was unheard prior to a snippet surfacing in 2019 via @Privatefriend.,3:46,,"Apr 16, 2021",Full,High Quality,https://pillows.su/f/b39c575e489538fe2155e94f40334613
Drip or Drown 2,"??? - Already
(feat. ??? & Gunna)",Track was unheard prior to a snippet surfacing in 2019 via @Privatefriend.,2:51,,"Dec 24, 2022",OG File,High Quality,https://pillows.su/f/90b525133572a424c557a89adbe2b8c9
Drip or Drown 2,"Young Thug - ???
(feat. Gunna) (prod. Wheezy)
(40)",Previewed multiple times. Era unconfirmed.,,,,Snippet,Low Quality,Link Needed
Drip or Drown 2,"Travis Scott - YOSEMITE [V1]
(feat. Gunna & NAV) (prod. June James, Turbo & RamyOnTheBeat)","Possible early version of the track. NAV confirmed in an interview with Genius that he had originally recorded more vocals, but whether they were used in an early version or not is unknown.",,,,Rumored,Not Available,N/A
Drip or Drown 2,"⭐ 6 Speed
(prod. Metro Boomin)
(Six Speed, Clean)","OG Filename: 6 speed
Recorded on February 10, 2019. First previewed by Gunna in an Instagram story on March 15, 2019. The song was on WUNNA at one point but was cut from the album. A CDQ snippet of the song surfaced on February 15, 2023. Another CDQ snippet surfaced on February 22, 2024, and the song was slated for a groupbuy on February 23, 2024 but cancelled due to issues with the seller. Leaked in full after a successful groupbuy on December 28, 2024.",2:44,,"Dec 28, 2024",OG File,CD Quality,https://pillows.su/f/d703a5dc469a6f370d57294ac311379c
Drip or Drown 2,"All in It [V1]
(prod. Turbo & Wheezy)","OG Filename: 01 TWO14
Open verse demo of ""All in It"" with a louder vocal mix.",2:23,"Feb 14, 2019","Jan 28, 2023",OG File,CD Quality,https://pillows.su/f/110e9fd2150434a553bc6f3a9184a23a
Drip or Drown 2,"All in It [V2]
(prod. Turbo & Wheezy)","OG Filename: Gunna 2-14-19
Throwaway from 2019. Previewed by Gunna on June 16, 2020.",2:23,"Feb 14, 2019","Feb 7, 2023",OG File,High Quality,https://pillows.su/f/93f9d143ad5a45160cd15ecfa2ad50c4
Drip or Drown 2,"Fuck the Pigs
(feat. Lil Keed) (prod. Rok & Kay9ine)","First previewed by NDOH on April 24, 2019. Ends with 2 minutes of open instrumental. Leaked on April 20, 2020; OG file surfaced on April 30, 2026.",3:54,,"Apr 20, 2020",OG File,CD Quality,https://pillows.su/f/5a1f4fd3ba971ee32fe25505af906b70
Drip or Drown 2,"⭐ Hocus Pocus [V2]
(feat. Young Thug & Lil Keed) (prod. Aviator Keyyz & Turbo)
(Frozen Ocean)","Alternate version of ""Hocus Pocus"" with Young Thug.",4:00,,"Dec 16, 2019",Full,CD Quality,https://pillows.su/f/ef3cf6ea91a01cf62a501b5cf8613cca
Drip or Drown 2,"I Did It
(prod. THE PLAYMAKERS)",Throwaway from the Drip or Drown 2 sessions.,3:01,,"Mar 29, 2021",Full,CD Quality,https://pillows.su/f/daebab310a75e89e4fe63e9ad5faa003
Drip or Drown 2,"⭐ I Want In
(prod. Turbo)","OG Filename: GUNNA- I WANT IN (OPEN)
Open verse demo from 2019. Leaked after a successful groupbuy on November 13, 2024.",3:12,,"Nov 13, 2024",OG File,CD Quality,https://pillows.su/f/689b5de20644bfdbf66330924e65ad24
Drip or Drown 2,"Nascar [V3]
(feat. Smokepurpp) (prod. London on da Track)
(Rockstar)","Version of ""Nascar"" with a different instrumental and a Smokepurpp verse in place of Gunna's verse. There are some additional Gunna vocals not present in V1.",2:24,,"Jun 4, 2020",Full,CD Quality,https://pillows.su/f/7ea8bcbf4d8ed658771b562721a9d986
Drip or Drown 2,"New Wave
(prod. Wheezy)","OG Filename: GUNNA- NEW WAVE (WHEEZY) JP1 1
Throwaway from the Drip or Drown 2 sessions. Previewed on January 25, 2023.",2:07,,"Jan 27, 2025",OG File,CD Quality,https://pillows.su/f/a9790f1e5d0ccdba274d54a12d2a3fc6
Drip or Drown 2,"Off The Lot
(feat. Lil Gotit & BSlime) (prod. Turbo)","OG Filename: Off The Lot.dubrough
Throwaway from the Drip or Drown 2 sessions.",3:06,,"Oct 27, 2022",OG File,CD Quality,https://pillows.su/f/5fa181449daa3df5b21793c4de7e97d3
Drip or Drown 2,"⭐ Perfect Timing
(prod. Turbo & Yung Jetpacc)","OG Filename: GUNNA- PERFECT TIMING (TURBOJET)
Throwaway from 2019.",3:13,,"Nov 29, 2024",OG File,CD Quality,https://pillows.su/f/befb41b5c78dfe31d74304387b88bda4
Drip or Drown 2,"Proud Family
(prod. Turbo)
(Dying Bread)","OG Filename: GUNNA- PROUD FAMILY(OPEN VERSE)
Open verse demo from 2019.",2:58,,"Mar 28, 2022",OG File,CD Quality,https://pillows.su/f/95cdcd25f5bf7d64b11fd33d2dc6f49b
Drip or Drown 2,"Reconsider
(prod. London on da Track)",Throwaway from the Drip or Drown 2 sessions.,3:17,,"Oct 12, 2019",Full,CD Quality,https://pillows.su/f/5c340276448d2e4444dc2ade8f187ac0
Drip or Drown 2,"Richard Millie Plain [V1] (Tagged)
(prod. Turbo & Ghetto Guitar)","OG Filename: GUNNA- RICHARD MILLIE PLAIN WATERMARK
Rough mix of track 5 on Drip or Drown 2, ""Richard Millie Plain"". Tagged for clearance.",3:20,,"May 3, 2026",Tagged,CD Quality,https://pillows.su/f/f9e248979386cf3722e7c7e38c201c0a
Drip or Drown 2,"⭐ To the Moon
(prod. Turbo)
(Pain)","OG Filename: GUNNA- TOO THE MOONTURBO 2
Throwaway from 2019. Previewed by Gunna.",3:04,,"Mar 1, 2023",OG File,CD Quality,https://pillows.su/f/e7fe145bb18540c1f435f7e86acb140d
Drip or Drown 2,"Trap Paradise
(prod. Turbo)","OG Filename: Trap Paradise (02.11.2019)
Dated February 11, 2019. Previewed in GunnaHub on February 4, 2024. Another snippet surfaced on February 14, 2024. Leaked in full on May 16, 2024.",3:11,"Feb 11, 2019","May 16, 2024",OG File,CD Quality,https://pillows.su/f/7ca7352c1f8fa512216ada3b1a2bd7f5
Drip or Drown 2,"???
(prod. Turbo)
(3 Million, Kanye)",First previewed sometime early 2019. Era unconfirmed.,,,,Snippet,Low Quality,Link Needed
Drip or Drown 2,"G 5aby - Party
(feat. Gunna)",Era unconfirmed.,,,"Jan 31, 2024",Full,High Quality,https://pillows.su/f/7f244e5d0ad21c482b72f05ef0b63a9ff
Drip or Drown 2,"Lil Gotit - No Help
(feat. Gunna) (prod. Lifted & Lukrative)
(Tell)","Track was intended to release on Lil Gotit's self-titled album ""GOTIT""  prior to surfacing and the project being scrapped.",3:41,,"Oct 23, 2020",Full,CD Quality,https://pillows.su/f/277f574f57359de289ba53f0908579de
Drip or Drown 2,"Lil Keed - High End
(feat. Gunna) (prod. Wheezy)","OG Filename: GUNNA X KEED - HIGH END WHEEZY
OG Filename 2: GUNNA X KEED - HIGH END (PROD WHEEZY) JP1
Surfaced on November 6, 2020.",2:57,,"Nov 6, 2020",OG File,CD Quality,https://pillows.su/f/ec1e6f7d9bff07f83b1547a3dbd5e32b
Drip or Drown 2,"Lil Keed - Keed Talk to 'Em
(feat. Gunna) (prod. Wheezy)
(Trap Out the Trackhawk)","OG Filename: Keed Talk To Em - Track 7 - Gunna
Previewed in GunnaHub on February 12, 2026. File veracity unconfirmed.",3:00,"Jan 2, 2019","Jun 5, 2026",OG File,Lossless,https://pillows.su/f/8bb386d857e894981f3d05151fbffa3e
Drip or Drown 2,"NAV - Hold Your Breath [V1]
(prod. Khemasis & Mixx)","OG Filename: Hold Your Breath-NAV
Version of NAV - ""Hold Your Breath"" with an open verse in place of Gunna's verse. Missing some adlibs. Audio is mono.",2:51,,"Feb 12, 2026",OG File,CD Quality,https://pillows.su/f/320ece89edbeb4650aa31a210ecd7cb5
Drip or Drown 2,"Offset - Run to the Money
(feat. Gunna) (prod. Southside)","OG Filename: Offset x Gunna - Run To The Money v1.1
Surfaced on July 2, 2020.",2:01,,"Jul 2, 2020",Full,High Quality,https://pillows.su/f/db2e588fad807986cffa790da2973650
Drip or Drown 2,"Shad da God - Murder Me [V1]
(feat. Gunna) (prod. Turbo)","Original version of ""Murder Me"" by Shad da God with a rougher mix and more autotune.",2:46,,"Jan 15, 2020",Full,CD Quality,https://pillows.su/f/6cd9ef3cf2d1a9dfce7aa4d42a19d2b6
Drip or Drown 2,"Shad da God - Murder Me [V2]
(feat. Gunna) (prod. Turbo)","Version of Shad da God - ""Murder Me"" with 2 Gunna verses. Shad da God's verse is 3rd instead of 1st.",3:33,,"Mar 6, 2022",Full,CD Quality,https://pillows.su/f/5e9a62b7f4c047aba2fe99bb8b23b4fb
Drip or Drown 2,"Smokepurpp - Bless Yo Drip
(feat. Gunna) (prod. Smokepurpp, Tony Seltzer & A Lau)
(Baguettes)","Original version of ""Bless Yo Drip"" by Smokepurpp with slighlty different instrumental & mixing.",,,"Feb 18, 2019",Full,High Quality,Link Needed
Drip or Drown 2,"Smooky MarGielaa - On Tour
(feat. Gunna) (prod. Take a Daytrip)","Surfaced on November 7, 2020.",3:43,,"Nov 7, 2020",Full,High Quality,https://pillows.su/f/ccd9eb1c81736f5c7bf1495516d8053b
Drip or Drown 2,"Tory Lanez - Forever (Remix) [V2]
(feat. Gunna) (prod. Cassius Jay & Beezo)
(My Dawg)","OG Filename: GUNNA-_TORY_LANZE_MY_DAWG
Version of Tory Lanez - ""Forever (Remix)"" with a quieter mix.",2:54,,"Nov 25, 2025",OG File,CD Quality,https://pillows.su/f/03307ede210d6a7b8cf9129334e406de
Drip or Drown 2,"Tory Lanez - Forever (Remix) [V3]
(feat. Gunna) (prod. Cassius Jay & Beezo)
(My Dawg)","OG Filename: TORY - FOREVER (GUNNA VRS)
Version of Tory Lanez - ""Forever"" with a Gunna verse in place of the 2nd verse. Previewed by Tory Lanez in 2019.",2:52,,"Nov 25, 2025",OG File,CD Quality,https://pillows.su/f/778e84567d1d6c7df68202d4e71ae548
"2 OG Files
2 Full
0 Tagged
0 Partials
5 Snippets
2 Unavailable",Collaboration with Young Thug,,,,,,,
Collaboration with Young Thug,"3 Headed Snake [V1]
(with Young Thug) (prod. Wheezy & Turbo)","3 Headed Snake was originally intended for Young Thug and Gunna's collaborative project, however Gunna ended up putting it on Drip or Drown 2.",,,"Feb 25, 2019",Confirmed,Not Available,https://youtu.be/9ko5rVp2lYw?si=1lUyssVfVcTMXMtU
Collaboration with Young Thug,"Cray Cray
(with Young Thug)","OG Filename: CRAY CRAY  X GUNNA - Prod ...
Previewed by Young Thug on January 4, 2019.",,,"Jan 4, 2019",Snippet,Recording,https://pillows.su/f/95086244f8bb032dd0cca6df0c62af25
Collaboration with Young Thug,"Makeup On A Plane
(with Young Thug) (prod. Wheezy)
(Make Up On A Plane, Lifestyle)","OG Filename: THUG x GUNNA x WHEEZY - MAKEUP ON A PLANE
Has 15 seconds of Gunna vocals. Listed for sale in 2023. Leaked in full on September 4, 2024.",3:02,,"Sep 3, 2024",OG File,CD Quality,https://pillows.su/f/66396fdf99471bc637d68e82f074b122
Collaboration with Young Thug,"Stars In The Day
(with Young Thug) (prod. Wheezy, Morgan O’Connor & Frankie Bash)","First previewed by Young Thug in an Instagram story on January 26, 2019.",,,"Jan 27, 2019",Snippet,Low Quality,Link Needed
Collaboration with Young Thug,"Your Generosity
(with Young Thug)","Previewed by Gunna in 2018, leaked via Music Mafia.",2:59,,"Jun 16, 2019",Full,CD Quality,https://pillows.su/f/bc663ee22ceae164ce95d37b3b99908c
Collaboration with Young Thug,"Kid Rootz - STUDIO
(feat, Young Thug & Gunna) (prod. boyband & DT)","OG Filename: Gunna__Young_Thug__Kid_Rootz_-_Studio
OG file for ""STUDIO"" by Kid Rootz.",,,"Feb 20, 2021",OG File,CD Quality,https://pillows.su/f/fc2ec5f1df6b528c4284b585a3f34435
Collaboration with Young Thug,"Young Thug - Big Boody Bitch [V1]
(prod. Pi'erre Bourne)
(River)","Earlier version of Big Boody Bitch with an open verse, likely meant for Gunna. This version was likely the version rebounced in 2023.",,,,Confirmed,Not Available,N/A
Collaboration with Young Thug,"🏆 Big Boody Bitch [V2]
(with Young Thug) (prod. Pi'erre Bourne)
(RIVER, Champagne Shower)","Recorded on and previewed by Young Thug on February 8, 2019. Young Thug's vocals were taken from this song and given to Kanye West and Ty Dolla $ign for ""RIVER"" on their collaborative project VULTURES 2.",,"Feb 8, 2019","Feb 8, 2019",Snippet,Recording,"https://pillows.su/f/0ab35455ab9436e1488034098e6bcf94
https://pillows.su/f/aedcfc9a67c200effe2d4c8b2050bdc9
https://pillows.su/f/fb4b1ff75938bbea77643c0f3405bc66"
Collaboration with Young Thug,"Young Thug - Diamonds [V1]
(feat. Gunna) (prod. Pi’erre Bourne)","Original version of track 1 on So Much Fun (Deluxe), ""Diamonds"" featuring Gunna. Previewed by Young Thug on January 15, 2019.",,,"Jan 15, 2019",Snippet,Recording,Link Needed
Collaboration with Young Thug,"Young Thug - Woah Woah [V1]
(prod. Mustard)","Original version of DJ Mustard's ""Woah Woah"", previewed by Young Thug in August of 2018. Unknown if Gunna is featured on this version.",,,,Snippet,Recording,Link Needed
Collaboration with Young Thug,"Yung Bans - Hold Up
(feat. Gunna & Young Thug) (prod. Wheezy)","Original version of ""Hold Up"" by Yung Bans with alternate mixing.",,,"Mar 26, 2019",Full,High Quality,https://pillows.su/f/8dac9f62bc77d3e754de180071509d5c
"210 OG Files
25 Full
0 Tagged
1 Partials
65 Snippets
9 Unavailable",WUNNA,,,,,,,
WUNNA,"⭐ 5 IN THE MORNING
(prod. Metro Boomin)
(5 AM, MAKE A WAY)","OG Filename: ES GUNNA ERS 10 R1
Previewed in GunnaHub on January 27, 2024. A low quality snippet and another CDQ snippet surfaced on February 1, 2024. Leaked on January 23, 2025.",2:53,,"Jan 23, 2025",OG File,CD Quality,https://pillows.su/f/ac601dc3d414e26469714e45435d5e87
WUNNA,"ADDICT
(feat. Roddy Ricch)","OG Filename: Gunna x Roddy_Aug19_2019
Unheard prior to a snippet surfacing November 1, 2021. Recorded in LA on August 19, 2019.",2:13,"Aug 19, 2019","Dec 4, 2021",OG File,CD Quality,https://pillows.su/f/5d55cb1fb9abae2d5d1809aad9199c7f
WUNNA,"ASHES 2 DUST
(prod. Turbo)","OG Filename: GUNNA- ASHES 2 DUST(OPEN VERSE)
Open verse demo dated September 1, 2019.",4:26,"Sep 1, 2019","Jul 11, 2024",OG File,High Quality,https://pillows.su/f/d4ae46f40c9194b9074ff61181544e9b
WUNNA,"ASTROLOGY
(prod. ALEO)","OG Filename: GUNNA - ASTROLOGY (ALEO)
Open verse demo from the WUNNA sessions. Leaked after a successful $500 groupbuy.",3:38,,"Jan 26, 2025",OG File,CD Quality,https://pillows.su/f/0a48d3ad1b9ccbe0858103d295e2e184
WUNNA,"BACK STAB
(prod. Turbo)
(MONEY HUNGRY, HELLA FADED)","OG Filename: GUNNA - BACK STAB
OG File (Metadata): BACK STAB Prod. Turbo
First previewed on October 18, 2019. Intended for WUNNA.",2:26,,"Dec 6, 2022",OG File,CD Quality,https://pillows.su/f/c45ca815fda111bd59b4bea9938ab63a
WUNNA,"BENTLEY CONTINENTAL
(prod. Wheezy)",Throwaway from 2019.,2:19,,"Jul 11, 2024",Full,CD Quality,https://pillows.su/f/5dbe40f4d4c9de6c3feaf0b21bb0daeb
WUNNA,"⭐ BIG BODY
(prod. Aviator Keyyz & Turbo)
(OUU)","OG Filename: Gunna - Big Body Prod Turbo x Keyyz - Mix 1.wav
Previewed in the WUNNA documentary and was originally intended to release on the album. Converted from WAV to M4A by iMessage on November 21, 2019.",2:19,"Nov 21, 2019","Dec 23, 2022",OG File,High Quality,https://pillows.su/f/92792eb3a140b01a68293c7e65b6dee7
WUNNA,"BLINDFOLD [V3]
(feat. Lil Baby) (prod. Wheezy)","OG Filename: GUNNA - BLINDFOLD feat Lil Baby
Rough mix of track 9 on WUNNA, ""BLINDFOLD"", with no Wheezy tag.",2:34,,"May 3, 2026",OG File,CD Quality,https://pillows.su/f/2a50a9d67ea1e2d06cbf6ed827f532a7
WUNNA,"BLUE DIAMONDS
(prod. Turbo & T-Minus)","OG Filename: GUNNA- BLUE DIAMONDS (TURBOTMINUS)
Dated September 22, 2019. Contains an open verse.",3:24,"Sep 22, 2019","Nov 29, 2024",OG File,High Quality,https://pillows.su/f/ee521715ac525df4fecbe7360df0f383
WUNNA,"BLUE HUNNITS [V1]
(prod. Wheezy)
(NO STYLIST)","Solo version, previewed by Wheezy on May 8, 2019.",,,"May 8, 2019",Snippet,Low Quality,Link Needed
WUNNA,"BLUE HUNNITS [V2]
(feat. Yak Gotti) (prod. Wheezy)
(NO STYLIST)","OG Filename: GUNNA BLUE HUNNITS YAK VERSE
Alternate version with Yak Gotti. Gunna recorded in 2018.",3:03,,"Oct 30, 2022",OG File,CD Quality,https://pillows.su/f/720bf4d1a9db6a64878fdd09265b78cf
WUNNA,"CAN'T RELATE
(prod. Wheezy)
(I SUPPOSE)","OG Filename: Gunna - Cant Relate
Previewed shortly after Drip or Drown 2 released.",2:06,,"Dec 23, 2022",OG File,High Quality,https://pillows.su/f/9cc7d02ff6f5b107c4c25b71fb0c200f
WUNNA,"⭐ CHOPPA SING [V1]
(prod. Turbo & Hitmaka)
(CHOPA SING, CODEINE LEMONADE)","OG Filename: CHOPPA SING Prod. Turbo
OG File (Metadata): CHOPA SING Prod. Turbo
Originally intended to release on WUNNA. First previewed on September 6, 2019.",2:06,,"Dec 6, 2022",OG File,CD Quality,https://pillows.su/f/e01eb1f3687971b27f5a6b2ee73a1744
WUNNA,"CHOPPA SING [V3]
(prod. Turbo & Hitmaka)
(CHOPA SING, CODEINE LEMONADE)","OG Filename: Gunna - Choppa Sing - Prod Turbo - Mix 3.wav
Version of ""Choppa Sing"" with a different intro and an alternate mix. Converted from WAV to M4A by iMessage on December 16, 2019.",2:01,"Dec 16, 2019","Jan 23, 2026",OG File,Low Quality,https://pillows.su/f/87ddf0285a0d1515d8f36988776fd83d
WUNNA,"CLIMATE CHANGES
(feat. NAV) (prod. Metro Boomin & Wheezy)","OG Filename: ES METRO NAV GUNNA 1 R1
Previewed by Young Thug on September 30, 2019.",3:09,,"Dec 20, 2022",OG File,CD Quality,https://pillows.su/f/89bc157782b2af8c60aee0de475b08e3
WUNNA,"⭐ COBRA BITE
(feat. Roddy Ricch) (prod. Taurus)
(WISH)","OG Filename: 01 COBRA BITE Prod. Taurus Feat R
Originally intended to release on WUNNA. First previewed on September 19, 2019.",2:31,,"Dec 25, 2022",OG File,CD Quality,https://pillows.su/f/c2322d58d35ed505b637d2dfc81c0cb5
WUNNA,"DIE TONIGHT
(prod. Aviator Keyyz)","OG Filename: Gunna - Die Tonight Prod. Keyyz
Snippet shared by Gunna Hub on January 8, 2024. Leaked on November 29, 2024.",2:28,,"Nov 29, 2024",OG File,CD Quality,https://pillows.su/f/b680c48e127613be20d3888bb0e217fb
WUNNA,"DO BETTER [V1]
(prod. Psymun, Jasper Harris & Wheezy)","OG Filename: 15. Gunna - Do Better - Mix 1
Rough mix of track 15 on WUNNA, ""DO BETTER"". Has no Wheezy tag.",2:32,,"May 3, 2026",OG File,CD Quality,https://pillows.su/f/453a589b47202bc9e85ba4c82eae338c
WUNNA,"DO BETTER [V5]
(prod. Psymun, Jasper Harris & Wheezy)",Alternate version mixed by Jasper Harris.,,,"Jun 10, 2020",Full,Lossless,Link Needed
WUNNA,"DON'T PLAY AROUND [V1]
(prod. Aviator Keyyz & Outtatown)","OG Filename: GUNNA - DON'T PLAY AROUND
Rougher mix of track 16 on WUNNA, ""DON'T PLAY AROUND"". Has some different ad-libs and extra producer tags. Has no outro.",2:58,,"Jan 23, 2026",OG File,CD Quality,https://pillows.su/f/3b5c44df1032cc4573b197bc8b6e9c2b
WUNNA,"DON'T PLAY AROUND [V2]
(feat. Roddy Ricch) (prod. Aviator Keyyz & Outtatown)","OG Filename: GUNNA - DONT PLAY AROUND feat_Roddy
Version of ""DON'T PLAY AROUND"" with a scrapped Roddy Ricch verse. Same mix as V1; still has no outro.",2:58,,"Feb 4, 2024",OG File,CD Quality,https://pillows.su/f/56d718ec4460a0791d5d48ab6c218243
WUNNA,"DON'T PLAY AROUND [V3]
(prod. Aviator Keyyz & Outtatown)","OG Filename: 14. Gunna - Dont Play Around - Prod Keyyz - Mix 1_3.wav
Slightly alternate mix of track 16 on WUNNA, ""DON'T PLAY AROUND"". Converted from WAV to M4A by iMessage on November 28, 2019.",3:10,"Nov 28, 2019","May 3, 2026",OG File,Low Quality,https://pillows.su/f/16a70aa8ba1ad72584527d11b15e9ea0
WUNNA,"DRIVE ME CRAZY
(prod. Turbo)","OG Filename: GUNNA- DRIVE ME CRAZY(TURBO)
Previewed in GunnaHub on January 20, 2024. Leaked on March 7, 2024.",2:35,,"Mar 7, 2024",OG File,CD Quality,https://pillows.su/f/8675233957389b694000259768590021
WUNNA,"⭐ END OF THE DAY
(prod. Turbo)","OG Filename: END OF THE DAY. Prod. Turbo
OG File (Metadata): End Of The Day. Prod. Turbo
Snippet surfaced on March 24, 2026. Another snippet was posted on May 1, 2026. Leaked on May 12, 2026 after a successful $800 private-buy-to-leak.",2:16,,"May 12, 2026",OG File,CD Quality,https://pillows.su/f/ed6c8e6428fc4926e82f5bdef7b1c5f4
WUNNA,"ENJOY MYSELF
(prod. ALEO)
(CHAMP, CHAMPION)","OG FIlename: GUNNA - ENJOY MYSELF
First previewed on December 10, 2019. Likely intended to release on WUNNA due to being previewed in the documentary. Leaked on January 28, 2021; OG file surfaced on May 3, 2026. Metadata possibly modified.",3:12,,"Jan 28, 2021",OG File,CD Quality,https://pillows.su/f/3312c6ee8e35d3bef73d3e1d550f92df
WUNNA,EX DRUG DEALER,"OG Filename: GUNNA- EX DRUG DEALER(OPEN VERSE)
Open verse demo from the WUNNA sessions.",2:52,,"Aug 12, 2023",OG File,CD Quality,https://pillows.su/f/679b7862688f513deb2fbad94a4080f3
WUNNA,"FAR [V5]
(feat. Young Thug) (prod. Turbo)","OG Filename: 16. Gunna ft Young Thug - Far - Prod Turbo - Mix 1.wav.m4a
Slightly quieter mix of track 18 on WUNNA, ""FAR"" featuring Young Thug. Converted from WAV to M4A by iMessage on November 28, 2019.",2:59,"Nov 28, 2019","Jul 26, 2026",OG File,Low Quality,https://pillows.su/f/47813df6ee796756dee6b27752609107
WUNNA,"FROM THE START
(feat. NAV) (prod. Metro Boomin)","OG Filename: metrogunnanav1
Throwaway from 2019. Ends with 2 minutes of open instrumental.",3:53,,"May 26, 2025",OG File,CD Quality,https://pillows.su/f/900a09332a8994fa4488bb78282d43be
WUNNA,"GOD BABY
(prod. Wheezy)
(REALLY GOING DOWN, DON'T WASTE TIME)","OG Filename: GUNNA - GOD BABY PROD. WHEEZY
OG Filename 2: GUNNA - GOD BABY
First previewed on November 18, 2019.",2:03,,"Oct 30, 2022",OG File,CD Quality,https://pillows.su/f/2e9603d89a9bde30222c1f2c539c83c2
WUNNA,"GORILLAS
(prod. Turbo)
(G, GORILLAZ)","OG Filename: G
Throwaway from 2019.",2:34,,"Sep 9, 2024",OG File,CD Quality,https://pillows.su/f/16bfe40a0cbdd5cbeeef16af78e33aa2
WUNNA,"GOTTA BE GEEKED
(prod. Wheezy, Turbo & T-Minus)","First previewed by Gunna in an Instagram story on August 26, 2019.",,,"Aug 26, 2019",Snippet,Low Quality,Link Needed
WUNNA,"⭐ HAVIN
(prod. Wheezy)
(CARTIER)","First previewed on June 24, 2019. Surfaced on October 14, 2020. Fake OG file surfaced on February 23rd, 2021.",,,"Oct 14, 2020",Full,High Quality,https://pillows.su/f/c5770e82df77bab56a2ccf6f377c84db
WUNNA,"HELLCAT
(prod. Taurus)",Previewed in 2019.,,,,Snippet,Low Quality,Link Needed
WUNNA,"HIGH PROFILE [V1]
(feat. Lil Gotit) (prod. 10Fifty, Danny Wolf & FRAXILLE)","OG Filename: HIGH PROFILE x GOTIT Prod. 1050
Original version with slight differences; previewed on February 16, 2020. Track was originally Gunna's before being given to Danny Wolf to release.",2:21,,"Oct 19, 2020",OG File,CD Quality,https://pillows.su/f/86ccb3ebe2f56b6556ad9aac5fbb5175
WUNNA,"HOP OUT THE BENTLEY
(feat. Shad da God) (prod. Aviator Keyyz)
(At the Top)","OG Filename: HOP OUT THE BENTLEY - SHAD x GUNNA Prod. KEYYZ
First previewed by Gunna in an Instagram story on January 3, 2020. A CDQ snippet of the song surfaced on January 10, 2024. Leaked on March 11, 2024.",2:13,,"Mar 11, 2023",OG File,CD Quality,https://pillows.su/f/0ea3f2048628984a0784ffe1da0e72c5
WUNNA,"I WANT HER [V1]
(prod. Turbo)
(CHANGE LANES)","OG Filename: I WANT HER OPEN VERSE
Hook-only demo from the WUNNA sessions. Gunna later previewed a finished version in August 2019.",2:44,,"Mar 1, 2023",OG File,CD Quality,https://pillows.su/f/8edc28e0f892168e223f9ca7639e8715
WUNNA,"IN THE BACK SEAT
(feat. Roddy Ricch) (prod. Cassius Jay & Herothaproducer)","OG Filename: 01 In The Back Seat 4.22.19
Previewed in GunnaHub on February 4, 2024. Leaked in full on July 11, 2024. OG file surfaced on January 8, 2026.",3:10,"Apr 22, 2019","Jul 11, 2024",OG File,CD Quality,https://pillows.su/f/a89471d8f705e5f3204ee7d8a63ac24e
WUNNA,"LIKE A PIMP
(feat. Roddy Ricch) (prod. Wheezy)
(100 SHOOTERS)","OG Filename: Gunna x Roddy x Wheezy - Like a Pimp
Recorded in LA, and first previewed on July 28, 2019.",2:42,,"Dec 31, 2022",OG File,CD Quality,https://pillows.su/f/a5d34793374e8f3939c8eeed023dec5e
WUNNA,"⭐ LOYAL
(prod. Metro Boomin)","OG Filename: GUNNA-_LOYAL_METRO.R
OG File (Metadata): GUNNA- LOYAL (METRO)
Previewed in 2021. Previewed in GunnaHub on May 1, 2025. Leaked on January 20, 2026 after a successful $600 groupbuy. Audio is mono; right channel only.",2:25,,"Jan 20, 2026",OG File,CD Quality,https://pillows.su/f/ae67106c2e767a032f3c25f79ad3c0b5
WUNNA,"LUKE WARM
(prod. ALEO & Turbo)
(FUEGO)","OG Filename: GUNNA - LUKE WARM (ALEO)
Open verse demo previewed on October 7, 2019.",2:59,,"Sep 12, 2023",OG File,CD Quality,https://pillows.su/f/aee5c78d3af1c83a2b86ec56df63336d
WUNNA,"M IN THE BACK
(prod. AJ Stay Workin & Mattazik Muzik)","OG Filename: M IN THE BACK prod Aj x Matt
Surfaced within the AJ vault.",2:37,,"Dec 6, 2022",OG File,CD Quality,https://pillows.su/f/25b63a5ed463218741f4ce301219d076
WUNNA,"MAJOR STATUS
(feat. Lil Keed) (prod. Metro Boomin & Kid Hazel)
(INTERCONTINENTAL)","OG Filename: Major Status - Gunna x Lil Skeed_4.24.19
Recorded on April 24, 2019 and first previewed by Gunna in an Instagram story on April 30, 2019. A CDQ snippet surfaced on December 24, 2023. Considered for a $750 groupbuy on January 21, 2024. Leaked on January 29, 2024. OG file leaked on January 2, 2025. Ends with 2 minutes of open instrumental. Recorded in the same session as ""Mac 11"".",4:00,"Apr 24, 2019","Jan 29, 2024",OG File,CD Quality,https://pillows.su/f/ca097c79a12a74bb8f9c4d2720ae8ad1
WUNNA,"MELODIES
(prod. Turbo)","OG Filename: Gunna - Melodies
Non-verbal demo from 2019. Leaked on January 13, 2025.",2:03,,"Jan 13, 2025",OG File,CD Quality,https://pillows.su/f/9d446ccac7206e7aad48b7854a59e322
WUNNA,"MISTLETOE
(prod. Wheezy)
(READY TO BLOW)",Previewed a few times in 2019.,,,,Snippet,Low Quality,LInk needed
WUNNA,"MONEY ON THE FLOOR
(prod. Wheezy)","OG Filename: Gunna x Wheezy - Money on The Floor (Aleo)
Hook-only demo from 2019. Uses the same beat as Lil Gotit - ""Son of Gunna"".",3:08,,"Jan 14, 2025",OG File,CD Quality,https://pillows.su/f/bd40d16e3fdc40402447dedc2b44f3e8
WUNNA,"MOOD
(prod. Supah Mario)
(MILLIONS, MY MOOD)","OG Filename: GUNNA X MOOD
Previewed multiple times in 2019. Intended for WUNNA.",2:55,,"Dec 26, 2022",OG File,CD Quality,https://pillows.su/f/06277f5d4a1aed86ff1bbce52ddae4a5
WUNNA,"MOSHPIT PROJECTS [V2.2]
(prod. The Neptunes & Wheezy)","OG Filename: Gunna Moshpit Projects 2.2 Conway 8.13.19
Recorded in the same session as ""WAY UP"", ""UP TO THE CEILING"", and ""RIHANNA WATCHIN' ME"" on August 13, 2019. OG file surfaced on August 12th, 2023. Used the same instrumental as Moneybagg Yo - Projects.",3:04,"Aug 13, 2019","Aug 12, 2023",OG File,CD Quality,https://pillows.su/f/a0d2ee7b18e62232b7cbea2bd5e23122
WUNNA,"MY LAST
(prod. AJ Stay Workin)
(LAST)","OG Filename: GUNNA - MY LAST
Contains an open verse. Surfaced in AJ vault.",2:52,,"Dec 6, 2022",OG File,CD Quality,https://pillows.su/f/e0c2b9e87eb6642ed8c0b52f99574ab2
WUNNA,"MY OWN SOUND
(prod. Wheezy)","OG Filename: 01 GUNNA - MY OWN SOUND
Throwaway from the WUNNA sessions.",2:33,,"Jan 5, 2023",OG File,CD Quality,https://pillows.su/f/a2d0bdceb96c22e2c4cca4845c419de9
WUNNA,"NO COMPARING
(prod. Metro Boomin)","Leaked as a bonus in a successful $850 groupbuy for ""STICK AND MOVE"". Contains an open verse.",1:52,,"Feb 3, 2024",Full,CD Quality,https://pillows.su/f/0b234b87eed22dbdbb1014271f382281
WUNNA,"⭐ NOBODY
(prod. Turbo)","OG Filename: GUNNA- NOBODY
Surfaced on December 29th, 2022. OG file surfaced on January 5th, 2023, but missing metadata.",3:11,,"Jan 5, 2023",OG File,CD Quality,https://pillows.su/f/dc0e9fd0b91c3252232c7caf6a60910e
WUNNA,"NOT MY DAWG [V1]
(prod. Wheezy)
(BEEN HAD STYLE)","OG Filename: 01 GUNNA 3 OCT 21 2
Open verse demo recorded on October 21, 2019. Previewed by Gunna on October 23, 2019.",3:12,"Oct 21, 2019","Jan 27, 2023",OG File,CD Quality,https://pillows.su/f/d0e3bf6ba32295dc1147b61ac3ff7a27
WUNNA,"NOT MY DAWG [V2]
(feat. NAV) (prod. Wheezy)
(BEEN HAD STYLE)","OG Filename: NAVxGUNNA 01
OG Filename 2: NAV x GUNNA - NOT MY DAWG
Version of ""Not My Dawg"" with a NAV verse.",3:12,,"Oct 27, 2025",OG File,CD Quality,https://pillows.su/f/52ecbd8b51c6494455072ad29b0a574e
WUNNA,"NUMBER 1
(feat. Young Thug) (prod. London on da Track)
(#1, 1, NUMBER ONE, GUNNA, TELLIN)","OG Filename: 01 GUNNA - 1
OG File (Metadata): GUNNA - #1
Uses same instrumental as Derez De'Shon - ""Yea Yea"" featuring A Boogie Wit da Hoodie. Ends with a minute of silence.",4:08,,"Oct 18, 2023",OG File,CD Quality,https://pillows.su/f/c3bce2bff6cc5f066e24c129adec432a
WUNNA,"ONE WATCH [V1]
(feat. Young Thug) (prod. Pi'erre Bourne)","OG Filename: ONE WATCH x GUNNA Prod. Pierre
OG File (Metadata): ONE WATCH Prod. Pierre
Rough mix of track 8 on WUNNA (Deluxe), ""ONE WATCH"" featuring Young Thug. Has quieter vocals. Gunna's verse has one additional ad-lib. Missing one ad-lib in the intro.",3:55,,"Jan 23, 2026",OG File,High Quality,https://pillows.su/f/2e2f0b36c1f8597f9d799b56246b6121
WUNNA,"PANORAMIC
(prod. Murda Beatz)","OG Filename: 01 GUNNA x MURDA BEATZ - PANORAMI
An unreleased video of Gunna playing the song from 2020 surfaced on December 23, 2022. A CDQ snippet of the song surfaced on February 8, 2023. The song eventually leaked on March 1, 2023.",1:44,,"Mar 1, 2023",OG File,CD Quality,https://pillows.su/f/1fb69356cc91cba8b8a652446c5c83b1
WUNNA,"PARIS
(prod. Turbo)
(R KELLY STAIN)","OG Filename: Paris Prod. Turbo
Previewed in GunnaHub on December 13, 2023. Considered for a $600 groupbuy on January 21, 2024, and was being run but got cancelled and leaked for free on January 29, 2024.",2:57,,"Jan 29, 2023",OG File,CD Quality,https://pillows.su/f/5ee2e2dbcb2f9a30aed294e3cfb79f92
WUNNA,"PLAY WITH ME
(prod. Wheezy)","OG Filename: GUNNA- PLAY WITH ME PROD. WHEEZY JP1
Throwaway from the WUNNA sessions.",2:19,,"Dec 14, 2022",OG File,CD Quality,https://pillows.su/f/538cc9c3ae08148a38c5a1845f466649
WUNNA,"POCKET WATCHIN
(prod. Turbo)
(BRUCE WAYNE)","OG Filename: GUNNA- POCKET WATCHIN (TURBO)
Intended for WUNNA.",2:30,,"Sep 8, 2022",OG File,CD Quality,https://pillows.su/f/4101122de7c5fa0bbaca0bc156496ab1
WUNNA,"COCO CRAZY [V1]
(feat. T-Shyne) (prod. Wheezy & star boy)
(PROOF)","OG Filename: T SHYNE x GUNNA - PROOF (STAR)
Demo version of ""COCO CRAZY"" with no Lil Keed verse.",1:55,,"Sep 4, 2023",OG File,CD Quality,https://pillows.su/f/0bb4860738c646cda12a7cbdc553ea84
WUNNA,"RACKS IN A SAFE
(feat. Young Thug) (prod. London on da Track)","OG Filename: GUNNA - RACKS IN A SAFE x THUG Prod. LONDON 2
First revealed by Young Thug in 2019 when he posted a photo of many song files on his computer. There was never an actual snippet of the song until a CDQ snippet surfaced on November 13, 2022. The song leaked in full on January 9, 2023.",2:59,,"Jan 9, 2023",OG File,CD Quality,https://pillows.su/f/a701364247af1e301951cbf7acb19c12
WUNNA,"REAL ONE
(prod. Turbo)
(I'M IN CALI)","OG Filename: GUNNA- REAL ONE (TURBO)
Throwaway from the WUNNA sessions. Previewed on August 30, 2019. Ends with 1 minute of silence.",3:45,"Aug 30, 2019","Dec 25, 2022",OG File,Low Quality,https://pillows.su/f/ce4d4cb613bdb168d3c0f722431f8c53
WUNNA,"RIHANNA WATCHIN' ME
(prod. Pharrell)","OG Filename: Gunna Rih Watchin Me 2.3 Conway 8.13.19
Leaked on December 19, 2024. OG file surfaced on June 10, 2025. Recorded in the same session as ""MOSHPIT PROJECTS"", ""WAY UP"", and ""UP TO THE CEILING"". This song and ""Take Care Ya People"" are the only Gunna songs with 3 verses.",4:12,"Aug 13, 2019","Dec 19, 2024",OG File,CD Quality,https://imgur.gg/f/wylfDbi
WUNNA,"ROCKSTAR BIKERS & CHAINS [V1]
(prod. Wheezy)","OG Filename: GUNNA - ROCKSTAR BIKERS & CHAINS
OG Filename 2: GUNNA - ROCKSTAR, BIKERS & CHAINS
Rough mix of track 10 on WUNNA, ""ROCKSTAR BIKERS & CHAINS"". Has no producer tag.",2:11,,"Apr 27, 2026",OG File,CD Quality,https://pillows.su/f/5551065adb3702c9468d28a787c6dc32
WUNNA,"RULE NUMBER 1 [V1]
(prod. Aviator Keyyz)","OG Filename: RULE NUMBER 1 - GUNNA Prod Keyyz 3
Open verse demo from 2019.",3:10,,"Jul 11, 2024",OG File,CD Quality,https://pillows.su/f/7255123e9a24208d1ba26b94412da406
WUNNA,"RULE NUMBER 1 [V2]
(feat. Lil Duke) (prod. Aviator Keyyz)","OG Filename: RULE NUMBER 1 - GUNNA x DUKE Prod Keyyz 4
Features a Lil Duke verse in place of the open verse. Leaked as a bonus in a successful $1,500 groupbuy for ""Choppa Pillow"".",3:10,,"Jan 14, 2025",OG File,CD Quality,https://pillows.su/f/c0189d5d9aa921de5e4a141250b49cb9
WUNNA,"SELL HIS SOUL
(prod. Taurus)
(SALE HIS SOUL)","OG Filename: GUNNA- SALE HIS SOUL(TARUS)
Throwaway from the WUNNA sessions.",1:48,,"May 26, 2022",OG File,CD Quality,https://pillows.su/f/067b5d1ba0c7d6112f50462a18864e8e
WUNNA,"SHOULDA BOUGHT A SUITE
(prod. The Neptunes)","OG Filename: GUNNA- SHOULDA BOUGHT A SUITE
Throwaway from the WUNNA sessions.",2:52,,"Mar 1, 2023",OG File,CD Quality,https://pillows.su/f/6c15520a1228fb028a1a117b2e256979
WUNNA,"SKYBOX [V1]
(prod. Taurus)
(GETTING HIGH)","OG Filename: GETTING HIGH Prod. Taurus - Flo
Rough mix of track 7 on WUNNA, ""SKYBOX"", with a much quieter instrumental.",2:57,"Nov 25, 2019","May 3, 2026",OG File,Low Quality,https://pillows.su/f/54c497dd1b331c53737696ab35bb8dee
WUNNA,"SKYBOX [V7]
(prod. Taurus)
(GETTING HIGH)","OG Filename: GETTING HIGH MIX 7
OG file for track 7 on WUNNA, ""SKYBOX"". Recorded on December 10, 2019.",2:57,,"Jan 16, 2025",OG File,CD Quality,https://pillows.su/f/a230882e9b3d14cb911f9bba8ea0f370
WUNNA,"SPEED RACING
(prod. Turbo & Seth the Chef)","OG Filename: 01 SPEED RACING Prod. Turbo
Throwaway from 2019. Surfaced after a successful $800 groupbuy.",1:47,,"May 29, 2025",OG File,CD Quality,https://pillows.su/f/7e3374e013c276662d11d95278967a76
WUNNA,"SPIN 'EM AGAIN
(prod. Turbo)","OG Filename: SPIN EM AGAIN Prod. Turbo UNFINISHED
OG File (Metadata): SPIN EM AGAIN Prod. Turbo
Cut demo previewed in GunnaHub on November 10, 2025. Leaked on January 13, 2025 after a successful $500 groupbuy.",2:04,,"Jan 13, 2026",OG File,CD Quality,https://pillows.su/f/12589d28fa3921e1194b7452769ba1d7
WUNNA,"STAY TRUE
(prod. Turbo)","OG Filename: STAY TRUE Prod. Turbo
Throwaway from 2019.",2:40,,"Nov 29, 2024",OG File,CD Quality,https://pillows.su/f/bf746fdd2fc0d4fd86d60a305e72d47e
WUNNA,"STICKIN TO THE CODE
(prod. Turbo, Go Grizzly & Murda Beatz)
(THE CODE)","OG Filename: WUNNA- Stickin To The Code (TURBO)
OG File (Metadata): Stickin To The Code Palms
First previewed on September 22, 2019.",3:44,,"Sep 6, 2022",OG File,CD Quality,https://pillows.su/f/08ac89935e8f2abcc3c4a83b81d1a2d2
WUNNA,"STRUGGLE [V1]
(feat. Lil Baby) (prod. Wheezy)","OG Filename: GUNNA X LIL BABY - STRUGGLE (ALEO)
Original version of ""STRUGGLE"" recorded in 2019; has no Marlo verse and no beat stops. Has a different outro with a 3rd Gunna chorus. Has an alternate mix with louder vocals and a quieter instrumental.",3:05,,"Mar 6, 2026",OG File,CD Quality,https://pillows.su/f/ad131229f0b6b6aa1d058f0cbd04571a
WUNNA,"STUFF CRUST
(prod. Turbo)
(WUNNA)","OG Filename: GUNNA- STUFF CRUST(TURBO)
Misconceived to be the original version of the track ""WUNNA"".",2:31,,"Jan 4, 2023",OG File,CD Quality,https://pillows.su/f/02a58ed8ad006d085dcf27fbed17e95a
WUNNA,"SUN CAME OUT
(prod. Taurus)","OG Filename: SUN CAME OUT Prod. Taurus
Rough mix of track 10 on WUNNA (Deluxe), ""SUN CAME OUT"". Has a different outro.",2:16,,"Jan 23, 2026",OG File,CD Quality,https://pillows.su/f/fb9642b439c28dbcc7a2c2ae1715b641
WUNNA,"SUNDAY
(feat. Meek Mill) (prod. AJ Stay Workin & Turbo)
(LION)","Previewed in the WUNNA trailer. An edit with Gunna and Meek Mill's verses swapped leaked on March 8, 2022. The version with the original verse arrangement leaked on December 27, 2024.",3:01,,"Dec 27, 2024",Full,CD Quality,https://pillows.su/f/b5d3ef027af7c4e011ecc8955a536f5e
WUNNA,"TOP FLOOR [V1]
(feat. Travis Scott) (prod. Turbo & Wheezy)","OG Filename: Top Floor - Travis x Gunna 08 19 19
Version of track 15 on WUNNA, ""TOP FLOOR"" featuring Travis Scott, with a rougher mix, a different outro, no Travis Scott verse, and alternate takes/lyrics in the intro and chorus.",2:07,"Aug 19, 2019","Jan 23, 2026",OG File,CD Quality,https://pillows.su/f/4ce3b588efed1b7059b469b9bcee65f2
WUNNA,"⭐ UP TO THE CEILING
(prod. The Neptunes)","OG Filename: Gunna Up To The Ceiling 1.2 Conway 8.14.19
Recorded in the same session as ""MOSHPIT PROJECTS"" and ""WAY UP"" on August 14, 2019. First previewed sometime in 2019. A CDQ snippet of the song surfaced sometime in December of 2022. Previewed again in GunnaHub on January 8, 2024. Leaked on January 20, 2024.",3:16,"Aug 14, 2019","Jan 20, 2024",OG File,CD Quality,https://pillows.su/f/b979ca247da84bf3d9809ee6dda9666d
WUNNA,"⭐ WANNA KNOW WHY
(prod. Aviator Keyyz)
(PAPER ROUTE)","OG Filename: 01 WANNA KNOW WHY Prod. Keyyz 1
Previewed by Gunna. CDQ snippets surfaced in Gunna Hub on October 24, 2023. Leaked after a successful $2,000 groupbuy on February 21, 2024.",2:40,,"Feb 21, 2024",OG File,CD Quality,https://pillows.su/f/ee4cfca1575b5ae8c76a4673ab7cb647
WUNNA,"WAY UP [V1]
(prod. The Neptunes & Wheezy)","OG Filename: Gunna Way Up 1.0 Conway 8.13.19
First mix of ""WAY UP"". Missing the electric guitar lead in some sections. Has a slightly longer intro. Vocals have less reverb. Second and third choruses have no adlibs.",3:05,"Aug 13, 2019","Jan 23, 2026",OG File,CD Quality,https://pillows.su/f/ad4357cf5e9235dd662edc5d31f7f25e
WUNNA,"WAY UP [V2.3]
(prod. The Neptunes & Wheezy)","OG Filename: Gunna Way Up 2.3 Conway 8.13.19
Slightly alternate mix of ""WAY UP"" with louder vocals and quieter adlibs. Retains the extra second of the intro from V1.",3:05,"Aug 13, 2019","Jan 23, 2026",OG File,CD Quality,https://pillows.su/f/df45650fd88835b29e00c0e7ac29280c
WUNNA,"WAY UP [V2.5]
(prod. The Neptunes & Wheezy)","OG Filename: Gunna Way Up 2.5 Conway 8.13.19
Open verse demo from the same session as ""MOSHPIT PROJECTS"", ""UP TO THE CEILING"", and ""RIHANNA WATCHIN' ME"". Leaked on August 13, 2019.",3:04,"Aug 13, 2019","Sep 30, 2023",OG File,High Quality,https://pillows.su/f/9ef1fcbab66e99936af5cba7d25c0a09
WUNNA,"WORTH IT
(feat. Roddy Ricch) (prod. Wheezy)
(PERFECT GIRL)","OG Filename: Gunna - Worth It ft. Roddy Ricch
Originally intended to release on WUNNA. Recorded in LA on August 19, 2019.",2:53,"Aug 19, 2019","Dec 23, 2022",OG File,CD Quality,https://pillows.su/f/28af09f1ae53baea039440af99f6bac0
WUNNA,"WUNNA [V1]
(prod. Turbo)","OG Filename: 01 WUNNA Prod. Turbo
Rough mix of ""WUNNA"" with an alternate intro and a full outro. The synth in the background is louder.",2:48,,"May 3, 2026",OG File,CD Quality,https://pillows.su/f/f5e59e8947d2a34b9ad2523db9cc3348
WUNNA,"🏆 FAR FROM FINISHED
(prod. Metro Boomin)","Previewed several times by Jake Rarri in 2019. Seen on an early tracklist for Metro Boomin's ""Heroes & Villains"". Previewed in GunnaHub on May 1, 2026.",,,"May 1, 2026",Snippet,High Quality,https://pillows.su/f/7780f47e0022ec72708e802ad4887c4a
WUNNA,FUCKING A ROCKSTAR,"Previewed in GunnaHub on January 24, 2026.",,,"Jan 24, 2026",Snippet,High Quality,https://pillows.su/f/3c63ec21d45502191ada9ca8bc03d805
WUNNA,"PROTECT THE BRAND
(feat. Terry Tesla) (prod. DJ Cash)","Previewed in GunnaHub on January 12, 2025.",,,"Jan 12, 2025",Snippet,High Quality,https://pillows.su/f/e441af761e0b6dabdb013f822dc202ad
WUNNA,"UH HUH
(prod. BandPlay)","Previewed in GunnaHub on January 24, 2026.",,,"Jan 24, 2026",Snippet,High Quality,https://pillows.su/f/600e835f417f585945b77a5428492d25
WUNNA,"???
(BROADWAY)","First previewed by Gunna in an Instagram story on October 1, 2019.",,,"Oct 1, 2019",Snippet,Low Quality,LInk needed
WUNNA,"???
(prod. Wheezy)
(CTS)","First previewed by Gunna in an Instagram story on November 7, 2019.",,,"Nov 7, 2019",Snippet,Low Quality,LInk needed
WUNNA,"???
(FOOT ON THE PEDAL)","First previewed by Gunna on December 22, 2019.",,,"Dec 22, 2019",Snippet,Low Quality,LInk needed
WUNNA,"???
(prod. Wheezy)
(GRIND)","First previewed by Gunna in an Instagram story on September 26, 2019.",,,"Sep 26, 2019",Snippet,Low Quality,LInk needed
WUNNA,"???
(prod. Turbo)
(GRIND EVERYDAY)","First previewed by Gunna in an Instagram story on April 13, 2019.",,,"Apr 13, 2019",Snippet,Low Quality,LInk needed
WUNNA,"???
(prod. Taurus)
(LIFE IS AMAZING)",9,,,"Oct 27, 2019",Snippet,Low Quality,LInk needed
WUNNA,"???
(MAN IN THE MIRROR)",https://www.instagram.com/p/Chfbhqcunj7/?igsh=dHdjdHVwcHU4aTN6,,,,Snippet,Low Quality,LInk needed
WUNNA,"???
(MOOD)",https://www.instagram.com/p/ChIbq4LpncK/?igsh=MTY3MWdvaTIzYjhqeQ==,,,,Snippet,Low Quality,LInk needed
WUNNA,"???
(prod. Turbo & Wheezy)
(MORE DEPOSITS)",First previewed sometime in early 2019.,,,,Snippet,Low Quality,LInk needed
WUNNA,"???
(prod. Turbo & Wheezy)
(OUTER SPACE)",Previewed sometime in 2019.,,,,Snippet,Low Quality,LInk needed
WUNNA,"???
(prod. Turbo)
(WRIST)",https://www.instagram.com/p/ChPeQpmOZdJ/?igsh=MWx0a21jZThqczBodA==,,,,Snippet,Low Quality,LInk needed
WUNNA,"???
(feat. Young Thug) (prod. Wheezy & Turbo)",https://www.instagram.com/p/ChdQ0AUpd88/?igsh=MTJhOXdhdHFjZmtybw==,,,,Snippet,Low Quality,LInk needed
WUNNA,"24Heavy - Big League
(feat. Gunna)","OG Filename: 24 HEAVY - BIG LEAGUE x GUNNA
Gunna feature from 2019.",,,"Feb 16, 2024",OG File,CD Quality,https://pillows.su/f/3a4dd0eb6eaf202cb1a6bd28be96a4e0
WUNNA,"A$AP Ferg - Hummer Limo [V2]
(feat. Gunna) (prod. Timbaland, Angel López & Federico Vindver)",Original version with Gunna.,2:33,,"Nov 26, 2020",Full,CD Quality,https://pillows.su/f/918235d8e60cc5289c661257e3d60cca
WUNNA,"Ben Kickz - No Parental Advice
(feat. Gunna) (prod. CashMoneyAP)","OG Filename: 01 ben gunna 3
Surfaced on December 19, 2022.",1:33,,"Dec 19, 2022",OG File,CD Quality,https://pillows.su/f/869dac097e6af68fefc7de14d0b9479c
WUNNA,"BH - Still Thuggin [V2]
(feat. Gunna) (prod. Wheezy)","OG Filename: 01 BH - STILL THUGGIN x GUNNA Pro 2
Recorded in 2019 and first previewed in early 2020.",2:43,,"May 19, 2023",OG File,CD Quality,https://pillows.su/f/b800f96af8cf8c63be7ac9e4073517a4
WUNNA,"Casanova - So Drippy [V3]
(feat. Gunna & Young Thug) (prod. BELDONDIDTHAT, Top Quality, & NewDripLegxnd)
(Drippy)","OG Filename: DRIPPY (MAIN) SING MASTER
OG Filename 2: 04 So Drippy feat. Gunna & Young Thug (MAIN) SING MASTER
Master file for Casanova - ""So Drippy"" featuring Gunna & Young Thug.",3:23,,"Mar 14, 2026",OG File,Lossless,https://pillows.su/f/4ac20a2fef2eba2e172dc32a0b8670d2
WUNNA,"Davido - Big Picture [V1]
(feat. Gunna) (prod. Bongo ByTheWay & Ray Keys)
(Picture Perfect)","OG Filename: GUNNA X DABIVO - PICTURE PERFCT (ALEO)
Version of Davido - ""Big Picture"" with only Gunna featured. CDQ snippet surfaced in 2024.",2:45,,"Jan 23, 2026",OG File,CD Quality,https://pillows.su/f/94f11530a7367a2f04654bb1318abb50
WUNNA,"⭐ Future - All My Bitch Rockin
(with Gunna) (prod. D. Hill)
(Vintage Celine)","OG Filename: All My Bitch Rockin (vintage celine) w Gunna
Dated June 9, 2019. First previewed by Future on July 30, 2019. The song was previewed again by Gunna on March 7, 2021. Leaked on November 27, 2023. OG file leaked next day.",2:13,"Jun 9, 2019","Nov 28, 2023",OG File,Lossless,https://pillows.su/f/58b5ebebe56d08df7211b45303ab3bed
WUNNA,"JACKBOYS - TOP FLOOR [V2]
(with Gunna & Travis Scott) (prod. Turbo & Wheezy)","Travis Scott and his DJ, Chase B, previewed “TOP FLOOR” in an Instagram live on December 26, 2019. It’s unknown if this was originally Travis’ song, but the live stream in which it was teased occurred a day before Travis and his record label, Cactus Jack, released their compilation project, JACKBOYS, in which it could have been originally intended for. Travis only debuted his verse and chorus.",,,,Rumored,Not Available,N/A
WUNNA,"Juice WRLD - On The Run [V1.2]
(prod. Gezin, Max Lord & Strapazoot)
(Blood On My Jeans)","OG Filename: Juice Wrld - on the run v1.2 xr 11 GZ
Contains extra instrumental and rougher mix. Recorded on July 14, 2019. First previewed on July 17, 2019. Surfaced on April 28, 2022.",4:19,"Jul 14, 2019","Apr 28, 2022",OG File,Lossless,https://pillows.su/f/78e4b7e9ca5d5ad72116564bf0ad6ab8
WUNNA,"Juice WRLD - On The Run [V2.1]
(prod. Gezin, Max Lord & Strapazoot)
(Blood On My Jeans)","OG Filename: Juice Wrld - on the run v2.1 (xr 11 GZ)
Alternate version with an open verse and different mixing. Recorded on July 14, 2019, created on July 24, 2019. Surfaced on April 28, 2022.",,"Jul 24, 2019","Apr 28, 2022",OG File,CD Quality,https://pillows.su/f/0231503d2f354aeb83d29f4ad0b93690
WUNNA,"Juice WRLD - On The Run [V2.2]
(prod. Gezin, Max Lord & Strapazoot)
(Blood On My Jeans)","OG Filename: Juice Wrld - on the run v2.2 (xr 11 GZ)
Very similar to V2.1 with slightly different mix. Recorded on July 14, 2019, created on July 24, 2019. Surfaced on April 28, 2022.",,"Jul 24, 2019","Apr 28, 2022",OG File,CD Quality,https://pillows.su/f/7b054f273e90451e88159ee5562ad211
WUNNA,"Juice WRLD - Scarface [V1]
(prod. ATL Jacob, Rex Kudo, Southside & TrePounds)
(London, Overlapse)",Rumored original version with an open verse rather than Gunna vocals.,,,,Rumored,Not Available,N/A
WUNNA,"Juice WRLD - Scarface [V2]
(feat. Gunna) (prod. ATL Jacob, Rex Kudo, Southside & TrePounds)
(London, Overlapse)","OG Filename: SCARFACE - JWRLD x GUNNA - SHAANRUF
Juice WRLD's vocals were recorded in London. Surfaced on November 23, 2020. OG file surfaced on November 15, 2022.",2:59,,"Nov 15, 2022",OG File,CD Quality,https://pillows.su/f/dc9b1086c8074e5fd345c34fc030ac39
WUNNA,"Lil Baby - Heatin Up
(feat. Gunna) (prod. Quay Global)","OG Filename: HEATING UP MAIN_MIX
Rougher mix of Lil Baby - ""Heatin Up"" featuring Gunna. Has a slightly shorter outro.",2:55,,"Oct 2, 2025",OG File,CD Quality,https://pillows.su/f/60811ab034ee12169308366b0ffdcaff
WUNNA,"Lil Duke - Admit It
(feat. Gunna) (prod. DJ Cash)","OG Filename: DUKE - ADMIT IT x GUNNA
Feature from the WUNNA sessions.",3:11,,"Dec 24, 2023",OG File,CD Quality,https://pillows.su/f/0b77e69ed3c2922bd0ce5002330e9add
WUNNA,"Lil Gotit - Drip Day N Night [V1]
(feat. Gunna & Lil Keed) (prod. 10Fifty)","OG Filename: DRIP DAY N NIGHT (GOTIT GONNA KEED) (prod. 10fifty x
Early mix of Lil Gotit - ""Drip Day N Night"" featuring Gunna and Lil Keed. Has no contributions from Star Boy.",,,"Dec 11, 2019",OG File,CD Quality,https://pillows.su/f/0b6ac14c34947f973362d7e0f18629fd
WUNNA,"Lil Gotit - Motto (Remix)
(feat. Gunna) (prod. Turbo)","Surfaced on April 23, 2020. Remix of the 2017 Gunna and Hoodrich Pablo Juan song of the same name. Lil Gotit recorded in 2019.",3:45,,"Apr 23, 2020",Full,CD Quality,https://pillows.su/f/a4010084bf632d9d92779c0a08387d8d
WUNNA,"Lil Keed - Mac 11
(feat. Gunna)
(Mack 11)","OG Filename: 01 Mack 11 - Gunna X Lil Keed 4.24.19
Surfaced on May 9, 2020. 2nd verse is open. Recorded in the same session as ""MAJOR STATUS"".",3:34,,"May 9, 2020",OG File,CD Quality,https://pillows.su/f/110486aab590cb73fec8e35832d9286f
WUNNA,"Marlo - My Hood
(feat. Gunna) (prod. Turbo)
(My Hood to Your Hood)","OG Filename: MY HOOD TO YOUR HOOD x Lil MARLO
Slightly different mix of Marlo - ""My Hood"".",2:48,,"Mar 8, 2026",OG File,CD Quality,https://pillows.su/f/c8dd014ef23bec362f8d35d5455ac9af
WUNNA,"Quality Control - Pink Toes [V1]
(with Offset) (feat. Gunna & Lil Uzi Vert) (prod. CuBeatz, Southside & Metro Boomin)","Version of ""Pink Toes"" with Lil Uzi Vert instead of DaBaby.",,,"Jul 26, 2019",Full,CD Quality,https://pillows.su/f/d7a95f82e5fa2dcf414f584e1697384b
WUNNA,"Roddy Ricch - Chill
(feat. Gunna) (prod. D-Roc & Figurez Made It)","OG Filename: RODDY RICH X GUNNA X CHILL
Feature recorded during the WUNNA sessions.",4:00,,"Dec 31, 2022",OG File,CD Quality,https://pillows.su/f/a9c8d080e3340db94002050bc39d022d
WUNNA,Roddy Ricch - On Sight [V1],"Open verse demo of ""On Sight"".",2:04,,"May 3, 2023",Full,CD Quality,https://pillows.su/f/bcdcfcb65ee3d0e88f6c1002e83cd385
WUNNA,"Roddy Ricch - On Sight [V2]
(feat. Gunna)","OG Filename: GUNNA x RODDY- ON SIGHT
Feature from the WUNNA sessions.",2:12,,"Dec 6, 2022",OG File,CD Quality,https://pillows.su/f/fcb95e0a6a3ab6ac9fc4f37c64669cba
WUNNA,"Roddy Ricch - Go Up [V1]
(feat. Gunna) (prod. Narquise)","OG Filename: RODDY X GUNNA - GO UP (MONEYMUSIK)(1)
Version of Roddy Ricch - ""Go Up"" with a Gunna verse instead of Rich the Kid.",3:02,,"Mar 3, 2026",OG File,CD Quality,https://pillows.su/f/a8b28ba9aa8fdb78dc33a47e996fdffe
WUNNA,"Young Thug - Crazy
(feat. Gunna) (prod. Mattazik Muzik & Al'Geno)","OG Filename: CRAZY - THUG x GUNNA - Prod MATTAZIK
Recorded in January of 2019. Filename previewed by Young Thug while previewing on August 18, 2019. Listed for sale and as a groupbuy option for $800 in GunnaHub on August 14, 2024: ""Gunna x Thug - Crazy prod Algeno X Mattazik 4 min (2019)."" Leaked on November 29, 2024",3:45,,"Nov 29, 2024",OG File,CD Quality,https://pillows.su/f/5049dce144b04c08222502d12ee7d59c
WUNNA,"Young Thug - Can't Keep It Up [V1]
(feat. Gunna) (prod. Goose)
(Counting Man, Pussy Pink)","OG Filename: CANT KEEP IT UP x GUNNA x GOOSE
First previewed by Young Thug on March 26, 2019. Over three years later on November 15, 2022 a CDQ snippet of the song would surface. Leaked after a successful $1200 groupbuy on November 17, 2022.",3:30,,"Nov 17, 2022",OG File,CD Quality,https://pillows.su/f/203b8b252668319214874dae92450a4d
WUNNA,"Young Thug - Diamonds [V2]
(feat. Gunna) (prod. Pi’erre Bourne)","OG Filename: Diamonds Feat. Gunna (Dirty)
OG File (Metadata): Diamonds Ft. Gunna_eq 12-13
OG file for track 1 on So Much Fun (Deluxe), ""Diamonds"" featuring Gunna.",3:31,"Dec 16, 2019","Apr 9, 2022",OG File,Lossless,"https://pillows.su/f/b9edb49a3864bcfcd1e6dcdd6ee2335a
https://pillows.su/f/f7aabc8dceeaacae6b54868e7ab8b738"
WUNNA,"Young Thug - For Real
(feat. Gunna) (prod. Aviator Keyyz)
(Truth Be Told, Sauce Me)","OG Filename: 01 FOR REAL x GUNNA Prod. KEYYZ 2
Open verse demo from 2019. First previewed by Gunna on March 19, 2019.",3:11,,"Feb 9, 2023",OG File,CD Quality,https://pillows.su/f/0045dbfbdbf030a382087217a1f0bfd9
WUNNA,"Young Thug - Hot [V1]
(feat. Gunna) (prod. Wheezy)","OG Filename: GUNNA x THUG - HOT (wheezy)
Rougher mix of Young Thug - ""Hot"" featuring Gunna. Contains additional producer tags. The breakdown at the beginning of Young Thug's verse is different.",3:12,,"Jan 23, 2026",OG File,CD Quality,https://pillows.su/f/c1d01f8da5fc396e68119184c6339d54
WUNNA,"Young Thug - Hot [V2]
(feat. Gunna) (prod. Wheezy)","OG Filename: 04_Hot (feat Gunna)_Trackout - EDIT.5_eq 08-14
Originally-released version of track 4 on So Much Fun, ""Hot"" featuring Gunna, before being updated on August 20, 2019. OG file leaked on April 9, 2022.",3:13,"Aug 9, 2019","Apr 9, 2022",OG File,Lossless,https://pillows.su/f/5a09623b729a889f28225077401d3151
WUNNA,"Young Thug - Hot (Remix) [V1]
(feat. Gunna & Travis Scott) (prod. Wheezy)","OG Filename: HOT REMIX
Demo of the ""Hot"" remix with an open verse in place of Young Thug's verse. Recorded September 21, 2019. Leaked 3 days before the official release. OG file surfaced on May 24, 2021.",3:14,"Sep 21, 2019","May 24, 2021",OG File,CD Quality,https://pillows.su/f/78a16eef668a910e284464a0c6504515
WUNNA,"Young Thug - Hot (Remix) [V2]
(feat. Gunna & Travis Scott) (prod. Wheezy)","OG Filename: Hot Remix feat. Travis Scott
OG File (Metadata): HOT RMX 7C2_eq 10-10
OG file for the single version of track 5 on So Much Fun (Deluxe), ""Hot (Remix)"" featuring Gunna and Travis Scott.",4:40,"Aug 19, 2019","Apr 9, 2022",OG File,Lossless,https://pillows.su/f/80afcbc0fd767efb1ac3c638b33ad013
WUNNA,"Young Thug - Peephole
(feat. Gunna & Quavo) (prod. Pi'erre Bourne)","OG Filename: THUG x GUNNA x QUAVO - PEEPHOLE (BAINZRUFF)
Shares an instrumental with ""V. Westwood"" by Playboi Carti. Leaked on December 6, 2022. OG file surfaced on January 12, 2023.",4:07,,"Dec 6, 2022",OG File,CD Quality,https://pillows.su/f/be662bd77ae6e4f744f4c6fa0744b657
WUNNA,"⭐ Young Thug - Picture Perfect
(feat. Gunna) (prod. Pi'erre Bourne)
(Chanel Queen)","OG Filename: PICTURE PERFECT x GUNNA Prod. PIERRE
First previewed by Young Thug in an Instagram live on March 24, 2019. Previewed by Booka on May 7, 2020. CDQ snippet surfaced in 2025; another snippet surfaced on March 13, 2026. Was slated for a $5,000 groupbuy on March 14, 2026, but leaked.",2:44,,"Mar 14, 2026",Full,CD Quality,https://pillows.su/f/46ba362d5886fc837d1afd419ed33a2b
WUNNA,"Young Thug - Recess
(feat. Gunna) (prod. Wheezy)
(Paranoid)","OG Filename: THUG X GUNNA X WHEEZY - RECESS
First previewed by Young Thug on August 12, 2019. A CDQ snippet of the song surfaced on August 30, 2022. The song eventually leaked on September 2, 2022.",2:11,,"Sep 2, 2022",OG File,CD Quality,https://pillows.su/f/d893915135a598699525c6e05d985d31
WUNNA,"Young Thug - Slime My Nigga
(feat. Gunna) (prod. Turbo)
(Ain't No Reason)","OG Filename: SLIME  MY NIGGA THUG X GUNNA prod Wheezy
File is dated September 28, 2019. Previewed by Karlae on December 26, 2019. Leaked file is a 24 kbps m4a.",3:57,"Sep 28, 2019","Oct 18, 2023",OG File,Low Quality,https://pillows.su/f/5b6466d86652ca825876539dd662f26a
WUNNA,"Young Thug - Surf [V1]
(feat. Gunna) (prod. Pi'erre Bourne)","OG Filename: THUG X GUNNA - SURF - BAINZRUFF
Rougher mix of track 6 on So Much Fun,""Surf"" featuring Gunna, with louder vocals. First previewed by Young Thug on February 9, 2019.",3:03,,"Jan 23, 2026",OG File,CD Quality,https://pillows.su/f/7d56a6c16f0a9f91b54b2fc38375af35
WUNNA,"Young Thug - Surf [V2]
(feat. Gunna) (prod. Pi'erre Bourne)","OG Filename: 06_Surf (feat Gunna)_eq 08-14
Originally-released version of track 6 on So Much Fun, ""Surf"" featuring Gunna, before being updated on August 20, 2019. OG file leaked on April 9, 2022.",3:04,"Aug 9, 2019","Apr 9, 2022",OG File,Lossless,https://pillows.su/f/e40448dd050a7405aefd7253da350c92
WUNNA,"🏆 Young Thug - Berettas
(feat. Gunna) (prod. Pi'erre Bourne)","First previewed by Lil Keed and Lil Gotit on their Instagram stories on August 24, 2021. Samples LaLah Hathaway’s “I’m Coming Back”, which Pi'erre Bourne also also sampled in another song he produced called “No Clue” by Young Nudy. Pi'erre previewed the instrumental in an Instagram live in early 2019.",,,"Aug 24, 2021",Snippet,Low Quality,Link Needed
WUNNA,"Young Thug - Big Slimes [V1]
(feat. Gunna & Lil Duke) (prod. 254Bodi, Casey Moon, Eli Brown & Turbo)","Original version of track 6 on Slime & B by Young Thug and Chris Brown, ""Big Slimes"", before Chris Brown hopped on. First previewed by Lil Duke on December 21, 2019.",,,"Jan 15, 2020",Snippet,Low Quality,Link Needed
WUNNA,"Young Thug - Distracted By Rats
(feat. Lil Keed & Gunna) (prod. Pi'erre Bourne)","Firsy previewed by Young Thug on March 18, 2019.",,,"Mar 18, 2019",Snippet,Low Quality,Link Needed
WUNNA,"Young Thug - Hot [V1]
(feat. Gunna) (prod. Wheezy)","Original version of track 4 on So Much Fun, ""Hot"" featuring Gunna. First previewed by Young Thug on June 12, 2019.",,,"Jun 12, 2019",Snippet,Recording,Link Needed
WUNNA,"🏆 Young Thug - Rose Gold Hublot
(feat. Gunna) (prod. Aviator Keyyz)
(Cinderella)","OG Filename: THUG x WHEEZY - ROSE GOLD ...
First previewed by Gunna on April 21, 2019. Filename previewed by Young Thug while previewing ""Jewel Baby"" in an Instagram story on August 18, 2019.",,,"Nov 28, 2021",Snippet,Recording,https://pillows.su/f/c2c0b8808bdd7416dd4f9bb2e4f3cbbc
WUNNA,"Young Thug - ???
(feat. Gunna) (prod. Wheezy)
(Kill It With Violence)",Previewed a few times throughout 2019.,,,,Snippet,Low Quality,Link Needed
WUNNA,"Young Thug - ???
(feat. Gunna) (prod. Wheezy)
(Right On Her Back)","Previewed by Jake Rarri, Wheezy and Lil Duke on December 3, 2019.",,,"Dec 3, 2019",Snippet,Low Quality,Link Needed
WUNNA,"Young Thug - ???
(feat. Gunna) (prod. Pi'erre Bourne)
(Stone Cold Killer)","First previewed by Karlae on July 8, 2019.",,,"Jul 8, 2019",Snippet,Low Quality,Link Needed
WUNNA,"Young Thug - ???
(feat. Gunna)
(This Is What You Call Love, Her Pussy Is A Drug)","Previewed by Slimelife Shawty on December 4, 2019, who was mistakenly thought to be the feature on the track, before later found to be Gunna.",,,"Dec 4, 2019",Snippet,Low Quality,Link Needed
WUNNA,"Young Thug - ???
(feat. Rich The Kid & Gunna) (prod. Pi'erre Bourne)
(When I Slide, Old Lady)","First previewed by Rich The Kid on August 8, 2019.",,,"Oct 25, 2022",Snippet,Low Quality,Link Needed
WUNNA,"???
(feat. Gunna)
(Yeah)","Previewed by Young Thug on tour in Europe on July 2, 2019.",,,"Jul 2, 2019",Snippet,Low Quality,Link Needed
WUNNA,"Young Thug - ???
(feat. Gunna) (prod. Pi'erre Bourne)",https://www.instagram.com/p/ChVzJ0vMiIa/?igsh=dmYxMnlwb2N2emJl,,,,Snippet,Low Quality,Link Needed
WUNNA,"Young Thug - ???
(feat. Gunna)",https://www.instagram.com/p/Chf0-HlpOgR/?igsh=MXF5MDIyeTBhdWVpeQ==,,,,Snippet,Low Quality,Link Needed
WUNNA,"200 FOR LUNCH [V1]
(feat. Lil Uzi Vert) (prod. Taurus)","OG Filename: 200 FOR LUNCH Prod. Taurus
Version of ""200 FOR LUNCH"" featuring Lil Uzi Vert. A snippet was first previewed on August 26, 2022. Surfaced degraded and cut on November 14, 2023. Full version leaked on November 16, with the OG file surfacing later with metadata modified. OG file with metadata intact surfaced on January 23, 2026.",2:37,,"Nov 14, 2023",OG File,CD Quality,https://pillows.su/f/3496ededfdbfb0dabb86d20d828c0a25
WUNNA,"⭐ ALREADY KNOW
(prod. Turbo)
(MILLION DOLLAR RACE)","OG Filename: ALREADY KNOW Prod. Turbo
Previewed by Gunna on February 22, 2020.",2:38,,"Feb 2, 2023",OG File,CD Quality,https://pillows.su/f/edbe857b4095b0d9434e19e4e87b5821
WUNNA,"ANYTIME
(prod. Taurus)","OG Filename: ANYTIME Prod Taurus
Previewed in GunnaHub on January 27, 2024. Another CDQ snippet surfaced on February 22, 2024. Leaked on March 11, 2024.",3:19,,"Mar 11, 2024",OG File,CD Quality,https://pillows.su/f/0e8e65f8f1574fb81bffcd3c82fa3fbd
WUNNA,"BAD BITCH [V2]
(feat. Nechie) (prod. Hey McNab & Kenny Stuntin)
(HOTTIE, LAMBORGHINI BOYZ)","OG Filename: (aj mix) BAD BITCH x SSN Prod. Kenny x MacNab 2
First previewed on April 13, 2020.",3:06,,"Sep 13, 2022",OG File,CD Quality,https://pillows.su/f/f2211c03fa8aad926ea552ad88a33346
WUNNA,"BENTLEY COUPE
(prod. DJ Durel)","OG Filename: Dj Durel - Bentley Coupe Gunna
OG File (Metadata): GUNNA_BENTLEY COUPE_REF_02.13.20_DEXEDIT
Recorded the same day as ""CAN'T SLEEP"" on February 13, 2020.",1:56,"Feb 13, 2020","Jan 20, 2024",OG File,CD Quality,https://pillows.su/f/561dee0a5743cc0d88110177730a75a6
WUNNA,"BIG SHARKS
(feat. Shady Babies) (prod. Timmy Da HitMan)","OG Filename: BIG SHARKS x Shady Babies Prod. TimmyDaHitMan
Throwaway from the WUNNA sessions.",3:36,,"Jun 28, 2023",OG File,CD Quality,https://pillows.su/f/73983963e8e9159e2b6bc7ab846ac35d
WUNNA,"BLESSED NOT STRESSED
(prod. Turbo)","First previewed on December 14, 2022. A CDQ snippet of the song surfaced on April 22, 2023. Another CDQ snippet surfaced on January 8, 2024. Leaked in full after a successful groupbuy on August 21, 2024.",2:24,,"Aug 21, 2024",Full,CD Quality,https://pillows.su/f/de4a0363de9b7906b673a54379d0ad6e
WUNNA,"BREAK HER BACK
(prod. Taurus)","OG Filename: BREAK HER BACK Prod. Taurus
Throwaway from the WUNNA sessions.",3:02,,"Sep 9, 2023",OG File,CD Quality,https://pillows.su/f/70c6a5ea364f36d96bf3f188f62f1ccc
WUNNA,"CAN'T SLEEP
(prod. DJ Durel)","OG Filename: GUNNA_CANT SLEEP_02.13.20_REF_DEXEDIT
Recorded the same day as ""BENTLEY COUPE"" on February 13, 2020. Ends with 2 minutes of open instrumental.",3:32,"Feb 13, 2020","Jan 20, 2024",OG File,CD Quality,https://pillows.su/f/28044ba30662e3cd64b90765100ece17
WUNNA,"CASH ON ME
(prod. Turbo & Kenny Stuntin)","OG Filename: GUNNA- CASH ON ME(OPEN ME UP)-1
Open verse demo from 2020.",2:36,,"Nov 29, 2024",OG File,CD Quality,https://pillows.su/f/3df2c8c087e6ff2f8ca08ea485cd1d24
WUNNA,"CLIMATE CHANGE
(feat. Shady Babies) (prod. Turbo)","OG Filename: CHANGE CLIMATE - GUNNA X SHADYBABYS turbo
Previewed in GunnaHub on December 28, 2023.",2:10,,"Jan 20, 2024",OG File,CD Quality,https://pillows.su/f/5ab05432f248a933e9995c62e3cb3cdd
WUNNA,"COCO CRAZY [V3]
(feat. T-Shyne & Lil Keed) (prod. Wheezy & star boy)
(PROOF)","OG Filename: T Shyne x Gunna x Keed - Coco Crazy M3
Version of ""Coco Crazy"" with an additional Lil Keed verse. Bounced/exported on May 18, 2020.",2:57,"May 18, 2020","Sep 12, 2023",OG File,Lossless,https://pillows.su/f/cf7d7ddcd5dfc923b539bf529ee9b0b1
WUNNA,"COUNT UP [V1]
(prod. Turbo)","OG Filename: COUNT UP Prod TURBO (Open Vrs)
Open verse demo version of ""COUNT UP"".",3:00,,"Oct 31, 2022",OG File,CD Quality,https://pillows.su/f/da529417ad8b7931af4fc7b61f23e98d
WUNNA,"COUNT UP [V2]
(feat. Yak Gotti) (prod. Turbo)","OG Filename: GUNNA FT YAK GOTTI X COUNT UP PROD BY TURBO
OG File (Metadata): COUNT UP PROD BY TURBO
First previewed by Yak Gotti on Instagram live sometime in summer of 2020.",2:59,,"Mar 8, 2026",OG File,CD Quality,https://pillows.su/f/33d219660ab6fd1fd6bf4db308978cae
WUNNA,"CURRENCIES
(prod. Aviator Keyyz & Wheezy)
(OVERSEAS)","OG Filename: CURRENCIES Prod. Keyyz x Wheezy
Previewed in GunnaHub on April 22, 2023 and again in low quality on January 19, 2024. Leaked on February 26, 2024.",1:51,,"Feb 26, 2024",OG File,CD Quality,https://pillows.su/f/19e071753688b470359bc98cceca7a9e
WUNNA,"CUT MY TIES [V2]
(prod. Turbo)","OG Filename: CUT MY TIES Prod TURBO 2
Slightly alternate mix of ""Cut My Ties"" with a longer outro. The beginning of the 2nd verse is different.",2:15,,"Jan 23, 2026",OG File,CD Quality,https://pillows.su/f/e86cf45b84d6ecbd4aa75b2d1ed2c5c8
WUNNA,"CUT MY TIES [V3]
(prod. Turbo)","OG Filename: CUT MY TIES NEW_1
Surfaced after a successful $700 groupbuy.",2:11,,"Dec 28, 2023",OG File,CD Quality,https://pillows.su/f/824ef7c1fcc448d7bf2877c84f565590
WUNNA,"DOLLAZ ON MY HEAD [V2]
(feat. Young Thug) (prod. Mike WiLL Made-It & Myles Harris)
(PULL UP WIT A STICK)","OG Filename: 05_Dollaz On My Head feat. Young Thug_05-16_44k-24b
Alternate version of ""DOLLAZ ON MY HEAD"" missing producer tag. Dated May 16, 2020. Surfaced in the Gunna master folder under DNU.",3:18,"May 15, 2020","Apr 21, 2022",OG File,Lossless,https://pillows.su/f/23a633f2cd43b70ae943c74ff36c2e53
WUNNA,"DOLLAZ ON MY HEAD [V3]
(feat. Young Thug) (prod. Mike WiLL Made-It & Myles Harris)
(PULL UP WIT A STICK)","OG Filename: 05_Dollaz On My Head feat. Young Thug_clean_05-18_44k-24b
Alternate version of ""DOLLAZ ON MY HEAD"" with a slightly different clean mix. Dated May 15, 2020. Surfaced in the Gunna master folder under DNU.",3:18,"May 15, 2020","Apr 21, 2022",OG File,Lossless,https://pillows.su/f/3985d9079b9aa965683cc162c5f5011b
WUNNA,"DOLLAZ ON MY HEAD [V4]
(feat. Young Thug) (prod. Mike WiLL Made-It & Myles Harris)
(PULL UP WIT A STICK)","OG Filename: Gunna feat. Young Thug _Dollaz On My Head_ (Dirty)
Alternate version of ""DOLLAZ ON MY HEAD."" Dated May 23, 2020. Surfaced in the Gunna master folder under DNU.",3:18,"May 18, 2020","Apr 21, 2022",OG File,Lossless,https://pillows.su/f/15c4242ac402eb7e31d8211886629e4e
WUNNA,"⭐ DOLO [V1]
(prod. Wheezy)","OG FIlename: 01 GUNNA - DOLO 1
Open verse demo from the WUNNA sessions.",3:05,,"Jan 4, 2023",OG File,CD Quality,https://pillows.su/f/b8e4bf62f732f9f533af35973c580e2a
WUNNA,"DON'T KNOW WHAT TO TELL EM
(prod. Taurus & Wheezy)","OG FIlename: Gunna - Dont Know What To Tell Em Prod. Taurus
A CDQ snippet surfaced on April 22, 2023. Previewed again in GunnaHub on January 19, 2024. Leaked on January 19, 2025.",2:29,,"Jan 19, 2025",OG File,CD Quality,https://pillows.su/f/a1a7f5ecd25f096cc13db9969805999a
WUNNA,"ENVY
(feat. Ty Dolla $ign) (prod. London on da Track)",Throwaway from the WUNNA sessions.,2:01,,"Jan 27, 2021",Full,CD Quality,https://pillows.su/f/62fd86e784fd3c82794d4a19b3387580
WUNNA,"EVERYBODY ATE
(prod. Taurus & Aviator Keyyz)","OG Filename: 01 EVERYBODY ATE Prod. Taurus x Keyzz
Leaked on October 3, 2023 with fake Wheezy tags. OG file leaked on March 7, 2024.",2:51,,"Oct 3, 2023",OG File,CD Quality,https://pillows.su/f/f4414f3b9d3ca0c1039d185fb50ee49a
WUNNA,"FEEL
(prod. DY Krazy & JTK)","OG Filename: 01 FEEL Prod. DY 3
First previewed by Gunna in an Instagram story on March 10, 2020.",3:33,,"Mar 5, 2023",OG File,CD Quality,https://pillows.su/f/17809a659617199b104500fcef98545d
WUNNA,"FIGURE IT OUT
(prod. Taurus & Turbo)","OG Filename: FIGURE IT OUT Prod Taurus
Contains an open verse. Leaked on March 31, 2024. OG file leaked next day.",2:37,,"Apr 1, 2024",OG File,CD Quality,https://pillows.su/f/753e5d848ba6e5a74e6ef8616ecedde6
WUNNA,"⭐ FLOW
(prod. Aviator Keyyz & Turbo)","OG Filename: Gunna - Flow Prod. Aviator x Turbo
Previewed in GunnaHub on April 23, 2023. Leaked on March 3, 2024.",2:46,,"Mar 3, 2024",OG File,CD Quality,https://pillows.su/f/3a2f43d231991830ab01ab33d739e83b
WUNNA,"⭐ FOR ME
(prod. Turbo)
(EVER THOUGHT, TALKIN' 'BOUT)","OG Filename: FOR ME Prod. Turbo
Previewed by Gunna on June 22, 2020. Another unreleased Gunna snippet surfaced on December 24, 2022. A CDQ snippet of the song surfaced on January 25, 2023. Leaked on June 28, 2023.",3:11,,"Jun 28, 2023",OG File,CD Quality,https://pillows.su/f/20061a4403b5f12762f73a7a44273bcd
WUNNA,"GOT A KICK
(feat. T-Shyne) (prod. star boy)",Listed for sale by Waterfalls. Era unconfirmed.,2:13,,"Dec 23, 2025",Full,CD Quality,https://pillows.su/f/f833a79c4b22c2dce385a091d3987a5e
WUNNA,"GREY CLOUDS
(prod. Aviator Keyyz)","OG Filename: GREY CLOUDS Prod. Aviator
Throwaway from 2020. Leaked after a successful groupbuy.",3:13,,"May 20, 2024",OG File,CD Quality,https://pillows.su/f/357980f85156dbe1ef843ea40c462881
WUNNA,"HAVIN
(prod. Aviator Keyyz)","OG Filename: HAVIN Prod. Aviator (Unfinfished)
Unfinished demo from 2020. Leaked after a successful $450 groupbuy on August 26, 2024. Likely uses the same synth as ""Gunna Where da Work"".",1:48,,"Aug 26, 2024",OG File,CD Quality,https://pillows.su/f/c0a0e3fa5503e419f8c8b38c2c70b577
WUNNA,"⭐ HER LOVE DANGEROUS
(prod. Taurus)","OG Filename: HER LOVE DANGEROUS Prod. Taurus
Previewed in Gunna Hub on January 14, 2024. Another snippet surfaced on February 14, 2024. Was considered as a bonus in a $2,000 groupbuy for ""WANNA KNOW WHY"". Leaked after a successful groupbuy on May 10, 2024.",3:18,,"May 10, 2024",OG File,CD Quality,https://pillows.su/f/a7eda2a35c40ebb2eaa433ad81e1734c
WUNNA,"HOP OUT
(feat. Shady Babies) (prod. Wheezy, Frankie Bash & Bak)","OG Filename: HOP OUT x Shady babies Prod Wheezy
Previewed in 2020.",2:21,,"Jul 11, 2024",OG File,CD Quality,https://pillows.su/f/e6e9e59f50bf8c4923f851cd81b70781
WUNNA,HOT SPOT,Previewed in 2020.,,,,Snippet,Low Quality,Link Needed
WUNNA,"HUNNID BANDZ
(feat. Lil Keed) (prod. Rok)","OG Filename: HUNNID BANDZ X KEED
Throwaway from the WUNNA sessions.",2:50,,"Jan 11, 2024",OG File,CD Quality,https://pillows.su/f/23a4ca405f76ba06d0271c9a4dfa18a3
WUNNA,"I TOLD YA
(feat. Terry Tesla) (prod. DJ Cash)
(SPENT ME A QUARTER)","OG Filename: GUNNA X TESLA - I TOLD YA djcash
Previewed.",2:24,,"Jan 20, 2024",OG File,CD Quality,https://pillows.su/f/5f95f9c86ebb2a4321b3313f47092386
WUNNA,"KEEP MY DISTANCE
(prod. Wheezy)","Alternate mix of ""Keep My Distance"".",1:38,,"Jan 28, 2021",Full,High Quality,https://pillows.su/f/cc0abc1c936d60ebcd11c9a1e49a537f
WUNNA,"LINE IT UP
(feat. Terry Tesla) (prod. Kenny Stuntin & Hazed Wolf)","OG Filename: LINE IT UP Gunna x Tesla Prod. Kenny
Dated March 8, 2020. A higher bitrate file leaked on December 24, 2024.",2:19,"Mar 8, 2020","Nov 29, 2024",OG File,High Quality,https://pillows.su/f/505fdf0a02c3bf9773bb39a550b904f7
WUNNA,"M.I.A [V2]
(prod. Turbo)
(MIA, SOLDIER)","OG Filename: M.I.A - Prod. Turbo 2
Throwaway from the WUNNA sessions. Features background vocals from Turbo.",3:12,,"Feb 23, 2023",OG File,CD Quality,https://pillows.su/f/30fcf3eae993935e61c3ce1c722a6d8a
WUNNA,"⭐ M.I.A [V3]
(prod. Turbo)
(MIA, SOLDIER)","OG Filename: M.I.A - Prod. Turbo 3
Alternate mix of ""M.I.A."" with an additional producer tag.",3:12,"Jan 15, 2020","Jul 26, 2026",OG File,Lossless,https://pillows.su/f/184ef00cdb5ee7753ba849c9c505a475
WUNNA,"MADE IT OUT
(prod. Turbo)","OG Filename: MADE IT OUT Prod. Turbo
Open verse demo from the WUNNA sessions. Was considered for a groupbuy with ""this summer"" on March 16, 2025.",2:59,,"Aug 3, 2025",OG File,CD Quality,https://pillows.su/f/67514a0856ed1c1591c3259f79e0779f
WUNNA,"MADNESS
(prod. Turbo)
(MAD MAX)","OG Filename: GUNNA- MADNESS - OPEN VERSE
Open verse demo from the WUNNA sessions.",2:16,,"Aug 31, 2021",OG File,CD Quality,https://pillows.su/f/4523b2de23e703c6205e7f8af39a4c56
WUNNA,"⭐ MAKE IT LOOK EASY
(prod. Wheezy)","OG Filename: MAKE IT LOOK EASY Prod Wheezy
Previewed in Gunna Hub on January 13 and 14, 2024. Leaked after a successful groupbuy on February 8, 2024.",2:16,,"Feb 8, 2024",OG File,CD Quality,https://pillows.su/f/9167655bfdb5259607bf3b30cf80c0a2
WUNNA,"MAKE IT STRETCH
(prod. Kenny Stuntin & Hey McNab)
(COLLEGE BITCH)","OG Filename: Gunna - MAKE IT STRETCH Prod. Kenny x McNab
Open verse demo from 2020. Leaked after a successful $500 groupbuy on January 25, 2025.",2:55,,"Jan 25, 2025",OG File,CD Quality,https://pillows.su/f/1983b3f16ff906da205fd28e9906b838
WUNNA,"⭐ MORE ROOM TO GROW
(prod. Turbo & Yung Talent)","OG Filename: MORE ROOM TO GROW Prod. Turbo 2
Unheard prior to a snippet surfacing September 7, 2022. Uses the same instrumental as “Moment of Clarity” by Future & Lil Uzi Vert.",3:24,,"Oct 31, 2022",OG File,CD Quality,https://pillows.su/f/6a50481d9c866850a99e1750d9273c8a
WUNNA,"MOTW [V11]
(prod. Wheezy & Outtatown)","Lossless file for track 3 on WUNNA, ""MOTW"". Missing filename.",2:32,"May 15, 2020","May 31, 2020",OG File,Lossless,https://pillows.su/f/ca67f9dd8413b28d1a3f2b1d1aef8ae9
WUNNA,"MULTI
(prod. Aviator Keyyz)
(MUILTI)","OG Filename: MUILTI Prod. Aviator
Contains an open verse. Previewed in GunnaHub on January 21, 2020, and was considered for a $600 groupbuy. Leaked in full on March 17, 2024.",3:12,,"Mar 17, 2024",OG File,CD Quality,https://pillows.su/f/69e0612ddc3a9801e1054e6fd7c2eacf
WUNNA,"MY CRAZY LIFE
(prod. Kenny Stuntin)
(NIPSEY)","OG Filename: MY CRAZY LIFE Prod. Kenny
Throwaway from the WUNNA sessions.",2:52,,"Feb 14, 2024",OG File,CD Quality,https://pillows.su/f/1e30f707bea40fb22877214a71e87c8a
WUNNA,"MY WRIST
(WRIST)","First previewed by Gunna in an Instagram story on January 7, 2020.",,,"Jan 7, 2020",Snippet,Low Quality,Link Needed
WUNNA,"NASTY GIRL [V1]
(prod. Wheezy & Thank You Fizzle)","OG Filename: 11. NASTY GIRL MIX 1
Rough mix of the first half of track 12 on WUNNA, ""NASTY GIRL / ON CAMERA"", with additional adlibs and no outro.",2:09,"Jan 26, 2020","May 3, 2026",OG File,Low Quality,https://pillows.su/f/9a18f520fb76caf02c939678240d6825
WUNNA,"NASTY GIRL / ON CAMERA
(prod. Wheezy, Taurus, & Thank You Fizzle)","OG Filename: NASTY GIRL ON CAMERA Shorter Blend
Rougher mix of track 12 on WUNNA, ""NASTY GIRL / ON CAMERA"", with a slightly different transition and a slightly shorter outro.",3:49,,"Jan 23, 2026",OG File,CD Quality,https://pillows.su/f/ccbc623daef8c0b76ac87cdd67d00d13
WUNNA,"⭐ NO SLEEP
(prod. Turbo)","OG Filename: NO SLEEP Prod. Turbo
Throwaway from the WUNNA sessions. Contains Turbo background vocals. Instrumental previewed by Turbo on April 25, 2020.",3:01,,"Jan 9, 2023",OG File,CD Quality,https://pillows.su/f/a3237e86985f3036cd074623bbf2b474
WUNNA,"OFF THE PORCH
(feat. Nechie)","Throwaway from 2020. A groupbuy was opened on November 23, 2024, but the song was forceleaked. Version that leaked is edited to fade out in the last hook.",2:11,,"Nov 29, 2024",Full,CD Quality,https://pillows.su/f/00e022f63a00d7e2dcc6943d462baef5
WUNNA,"ON CAMERA [V3]
(prod. Taurus)
(CAMERA)","OG Filename: CAMERA MIX 3
Rough mix of the second half of track 12 on WUNNA, ""NASTY GIRL / ON CAMERA"". Has a shorter intro with additional adlibs. Samples Duett - ""Seychelles"".",1:23,"Jan 9, 2020","May 3, 2026",OG File,High Quality,https://pillows.su/f/faf004a9be88cb76989766a0f9f8bd8f
WUNNA,"ONE WATCH [V2]
(feat. Young Thug) (prod. Pi'erre Bourne)","OG Filename: One Watch_Gunna x Thug_M9_REF_48.32
OG file for track 8 on WUNNA (Deluxe), ""ONE WATCH"" featuring Young Thug.",3:55,,"Jan 23, 2026",OG File,CD Quality,https://pillows.su/f/3df40057fc6d9c8349efde3bbc0ddd50
WUNNA,"ORDER
(feat. Shady Babies) (prod. Wheezy)
(ORDER 25, FAMILY STRAIGHT)","OG Filename: ORDER 25 x Shady Babies Prod. Wheezy 2
Previewed in GunnaHub on December 26, 2023. Leaked on March 11, 2024.",3:27,,"Mar 11, 2024",OG File,CD Quality,https://pillows.su/f/b1fe31afff55b26850e493637d207870
WUNNA,"PAIN KILLERS
(prod. Aviator Keyyz)
(MORPHINE)","OG Filename: 01 PAIN KILLERS (Morphine) Prod.
Leaked after a successful groupbuy on June 5, 2024.",2:06,,"Jun 5, 2024",OG File,CD Quality,https://pillows.su/f/db38463b6ff6e37bf5d06385381743c2
WUNNA,"PLAY OUR POSITION
(prod. Taurus)","OG Filename: PLAY OUR POSITION Prod Taurus
Throwaway from 2020.",2:35,,"Nov 29, 2024",OG File,CD Quality,https://pillows.su/f/7d1a2dc181f85d901e9d1a5c903c273a
WUNNA,"PRAY FOR US
(prod. Wheezy)","OG Filename: PRAY FOR US Prod Wheezy (Open Vrs)
Open verse demo from the WUNNA sessions.",3:03,,"Jan 20, 2024",OG File,CD Quality,https://pillows.su/f/69e3b5cf7fa96ee496add42a24507ec2
WUNNA,"PRICEY
(prod. Taurus)","OG Filename: PRICEY Prod. Taurus
Previewed in GunnaHub on January 18, 2024. Leaked on February 14, 2024.",2:33,,"Feb 14, 2024",OG File,CD Quality,https://pillows.su/f/a78af0570848b5d78e91567d40b86bd1
WUNNA,"PUSSY LIPS [V2]
(prod. Turbo)","OG Filename: 01 PUSSY LIPS Prod. Turbo 2
Throwaway from the WUNNA sessions. First previewed on April 12, 2020. Intro is sampled from a Lil Boosie Instagram Live video.",3:14,,"Nov 19, 2022",OG File,CD Quality,https://pillows.su/f/8898c78b282adf7921550f23cecf85f9
WUNNA,"QUARANTINE CLEAN [V1]
(with Young Thug & Turbo) (prod. Turbo)","OG Filename: QUARANTINE CLEAN x THUG Prod TURBO
Slightly alternate mix of the single ""Quarantine Clean"" with Young Thug and Turbo. Has some adlib differences.",3:38,,"Jan 23, 2026",OG File,CD Quality,https://pillows.su/f/4a948b32117151a16f3e57ad0e897b90
WUNNA,"REAL NIGGAS ONLY
(prod. Turbo)
(OPEN SOME DOORS)","OG Filename: 01 REAL NIGGAS ONLY
Throwaway from the WUNNA sessions.",2:09,,"Mar 30, 2023",OG File,CD Quality,https://pillows.su/f/e29c616c43c141f408bd8d304de245f4
WUNNA,"RICH PERSONA
(prod. Blanco & Wheezy)","OG Filename: RICH PERSONA Prod. Wheezy
Throwaway from the WUNNA sessions.",2:27,,"Feb 9, 2023",OG File,CD Quality,https://pillows.su/f/190ade27cb7d93330d2659607ec6718b
WUNNA,"RIDING FOREIGNS
(prod. DJ Cash)
(TOP 3)","OG Filename: RIDING FOREIGNS Prod DJ CASH
Open verse demo from the WUNNA sessions.",2:30,,"Jan 20, 2024",OG File,CD Quality,https://pillows.su/f/9f871e66608805ea6970bcf0c00f494a
WUNNA,"⭐ RISK REWARD
(prod. Taurus)
(VOICE IN THE CHOIR)","OG Filename: RISK REWARD Prod. Taurus
First previewed on April 22, 2020.",3:47,,"Dec 23, 2022",OG File,CD Quality,https://pillows.su/f/93aa809ec91543708bfe75686dbf8852
WUNNA,"SANCTUARY
(feat. French Montana)","Interpolates ""Sanctuary"" by French Montana.",4:24,,"Jul 12, 2021",Full,CD Quality,https://pillows.su/f/e1d801b2065db08943e898d7a040c211
WUNNA,"SAND TO THE BEACH
(prod. CC on the Track)
(SEX ON THE BEACH)","OG Filename: SAND TO THE BEACH Prod. LIL CC
A CDQ snippet surfaced on January 25, 2023. Previewed in GunnaHub again on January 2, 2024. Leaked on January 20, 2024.",2:02,,"Jan 20, 2024",OG File,CD Quality,https://pillows.su/f/29752829fc4b04c6e27a6d520ca87b84
WUNNA,"⭐ SOLID
(feat. Yak Gotti) (prod. Cicero & AJ Stay Workin)
(MOMENT OF SILENCE)","OG Filename: SOLID x Yak Prod. AJ
First previewed on February 11, 2020.",3:25,"Feb 9, 2020","Nov 25, 2022",OG File,Lossless,https://pillows.su/f/f91cfd6c3b22e057458949709b70e7bb
WUNNA,"STACKIN IT [V1]
(feat. Nechie) (prod. Turbo & Wheezy)","OG Filename: STACKIN IT GUNNA X NECHIE Speed Up
Rough mix of ""Stackin' It"". Seen on an early tracklist for WUNNA before being given to Nechie in exchange for ADDYS.",3:36,,"Dec 28, 2020",OG File,CD Quality,https://pillows.su/f/33b63430f498833efdeae9bd7ffefebf
WUNNA,"⭐ STARTED A LANE
(prod. Kenny Stuntin, Hey McNab & Mattazik Muzik)
(LOOSEN THE SCREWS)","OG Filename: STARTED A LANE Prod. Kenny x McNab x Matt
Previewed by Gunna on March 24, 2020.",3:33,,"Mar 28, 2022",OG File,CD Quality,https://pillows.su/f/2e642b94f7c6847b022cd20c980379fd
WUNNA,"STICK AND MOVE
(prod. Aviator Keyyz)
(MOVE)","OG Filename: STICK AND MOVE Prod. Aviator
Leaked after a successful $850 groupbuy.",3:53,,"Feb 3, 2024",OG File,CD Quality,https://pillows.su/f/2f0e58916a9245f892156f919d31d4c2
WUNNA,"STRUGGLE [V2]
(feat. Lil Baby & Marlo) (prod. Wheezy)","OG Filename: GUNNA X LIL BABY X LIL MARLO - STRUGGLE
Throwaway from the WUNNA sessions.",3:35,,"Oct 15, 2020",OG File,CD Quality,https://pillows.su/f/b35b2cec4dfa3892ce96d706b77098c2
WUNNA,"SWITCH PLACES
(prod. DY Krazy)","OG Filename: SWITCH PLACES Prod. DY
Previewed in GunnaHub on January 23, 2024. Privatebought for $900 on August 18, 2024, but leaked in full later that day. OG file leaked next day.",2:20,,"Aug 19, 2024",OG File,High Quality,https://pillows.su/f/06764cf78d78a138cd9aadda3b24d3bf
WUNNA,"⭐ THAT BOY
(prod. Turbo)
(Boys)","OG Filename: THAT BOY Prod Turbo 1
Shares the same sample as ""I See Everything"" by Juice WRLD.",2:21,,"Jan 27, 2023",OG File,CD Quality,https://pillows.su/f/5038ff410f2a0ede3094580a5cd3b386
WUNNA,"THEY COPY THE GOAT [V1]
(feat. Nefew) (prod. Timmy Da HitMan)","OG Filename: THEY COPY THE GOAT Prod, Timmydahitman
Version of ""THEY COPY THE GOAT"" with extra open verse after Nefew's verse.",3:35,,"Mar 3, 2026",OG File,High Quality,https://pillows.su/f/8a7bb657e5dc816a7741b41502b0c482
WUNNA,"THEY COPY THE GOAT [V2]
(feat. Nefew) (prod. Timmy Da HitMan)","OG Filename: THEY COPY THE GOAT Prod, Timmydahitman 2 (no open 2)
Previewed in GunnaHub on January 30, 2024.",3:12,,"Mar 3, 2026",OG File,High Quality,https://pillows.su/f/5b30cf57916c064269b759dbf705c7a1
WUNNA,"TO THE DOCKS [V1]
(prod. Turbo)
(REAPER)","OG Filename: TO THE DOCKS Prod. Turbo
Open verse demo from 2020. Previewed on January 30, 2020.",2:31,,"Feb 23, 2023",OG File,CD Quality,https://pillows.su/f/540a032368bb46aeb74f649f4e10f17a
WUNNA,"TRUST YOURSELF
(prod. Wheezy)
(DRIP PROFESSOR)","OG Filename: Gunna - Trust Yourself
Recorded on March 4, 2020.",2:28,,"Feb 18, 2023",OG File,CD Quality,https://pillows.su/f/26dcffe84fc3dfe4f18ae157523d683b
WUNNA,"UPGRADE
(feat. Young Thug) (prod. Wheezy)
(SAGE)","OG Filename: GUNNA x THUG - UPGRADE prod Wheezy
Throwaway from the WUNNA sessions.",1:54,,"Sep 3, 2023",OG File,CD Quality,https://pillows.su/f/53f33134abdd45660161b7c336500573
WUNNA,"⭐ WATCH HOW THEY HATE [V2]
(prod. Hey McNab & Kenny Stuntin)","OG Filename: WATCH HOW THEY HATE Prod Kenny x McNab 2
Previewed by @t_spooney. First previewed by Gunna on March 18, 2020.",3:18,,"Sep 8, 2022",OG File,CD Quality,https://pillows.su/f/81341a49ca2a1833b8a356fad72e609a
WUNNA,"WENT TO THE BANK
(prod. Kenny Stuntin & Hazed Wolf)
(WENT TO THE BACK)","OG Filename: WENT TO THE BACK Prod. kenny
OG File (Metadata): WENT TO THE BACK PROD Kenny
Throwaway from the WUNNA sessions.",3:04,,"Jan 20, 2024",OG File,CD Quality,https://pillows.su/f/543b656feb13959e7d2705d8025e42fe
WUNNA,"WHEN YOU MAKE IT OUT
(WHEN YOU MAKE IT)","OG Filename: Gunna - When you make it
OG File (Metadata): When You Make It Out
A CDQ snippet surfaced on February 8, 2023 and another CDQ snippet surfaced on March 2, 2024. Leaked in full after a successful groupbuy on November 13, 2024.",2:41,,"Nov 13, 2024",OG File,CD Quality,https://pillows.su/f/d2f4d72117272c3b74187d998c861cf8
WUNNA,"WHIP IT
(feat. Young Thug) (prod. Wheezy, Frankie Bash & Bakbeats)
(WHIPPET)","OG Filename: Gunna x Thug - Whip It Wheezy
Wheezy previewed the beat in an Instagram live in April 2020. Gunna later previewed it again in June as a finished track.",3:39,,"Oct 15, 2022",OG File,CD Quality,https://pillows.su/f/3cdbc0bee224e892bf0cfc6f01215317
WUNNA,"WHO GOT MY BACK
(prod. Taurus & Turbo)","OG Filename: WHO GOT MY BACK Prod. TAURUS x TURBO
Previewed by Gunna sometime in 2020. Previewed in GunnaHub on January 27, 2024. Another snippet surfaced on February 14, 2024 and on March 2, 2024. Leaked in full on May 15, 2024.",2:57,,"May 15, 2024",OG File,CD Quality,https://pillows.su/f/4995bd83cf5345e5350dce1ed8f8e6a4
WUNNA,"WIN THE RACE
(prod. Turbo)","OG Filename: WIN THE RACE Prod. Turbo (Open Vrs)
Previewed by @jakerarri on January 20, 2021. Contains an open verse.",2:42,,"Jan 20, 2024",OG File,CD Quality,https://pillows.su/f/cbb2b61ecafd50e49166b5ca57a0e198
WUNNA,"WUNNA [V2]
(prod. Turbo)","OG Filename: WUNNA_MAIN
Version of the track ""WUNNA"" with an alternate intro and outro.",,,"May 14, 2020",OG File,CD Quality,Link Needed
WUNNA,"WUNNA [V3]
(prod. Turbo)","OG Filename: WUNNA (MAIN) SING MASTER
Version of ""WUNNA"" that retains the alternate intro; surfaced in the Gunna master folder under DNU.",2:38,,"Apr 21, 2022",OG File,Lossless,https://pillows.su/f/18446938514ea89988dae716c15350ab
WUNNA,"⭐ YOUNG NIGGAS WANNA BALL
(prod. DY Krazy)
(JOHN WALL)","OG Filename: YOUNG NIGGAS WANNA BALL prod. DY
First previewed by Gunna in an Instagram story on March 22, 2020. A CDQ snippet of the song surfaced on January 25, 2023. Low quality snippets of the song surfaced on February 11, March 1 and March 19 of 2023. The song eventually leaked on September 22, 2023",3:20,,"Sep 22, 2023",OG File,CD Quality,https://pillows.su/f/531316a101b0b27fa68377c384d6c924
WUNNA,"CONDONE IT
(feat. Shady Babies)","Previewed in GunnaHub on January 12, 2024.",,,"Jan 12, 2024",Snippet,High Quality,https://pillows.su/f/c77b13c909c6372f7e720dda47263cd4
WUNNA,"I JUST [V1]
(prod. AJ Stay Workin)
(PLAYBOY BUNNY, ODELL BECKHAM)","First previewed on January 18, 2020.",,,"Jan 18, 2020",Snippet,Low Quality,Link Needed
WUNNA,"NO PLANS
(prod. Metro Boomin)","Previewed in GunnaHub on January 24, 2026.",,,"Jan 24, 2026",Snippet,High Quality,https://pillows.su/f/d72ab5a7267d6a1fbf4170f0d686d91e
WUNNA,"???
(BADDIE BADDIE)",Previewed.,,,"Nov 25, 2021",Snippet,Low Quality,Link Needed
WUNNA,"???
(prod. Turbo)
(BARBIE DOLL, 60 FLOORS)",Throwaway from the WUNNA sessions.,,,,Snippet,Low Quality,Link Needed
WUNNA,"???
(prod. Taurus)
(BONKERS)",Previewed by @booka_loc in an Instagram live.,,,,Snippet,Low Quality,Link Needed
WUNNA,"???
(prod. Wheezy & Turbo)
(BIRDS IN THE TRAP)","First previewed by Gunna in an Instagram story on February 20, 2020. Previewed again by Young Thug in an Instagram story on February 9, 2021, and another snippet was previewed on May 31st.",,,"May 31, 2022",Snippet,Low Quality,Link Needed
WUNNA,"???
(prod. Turbo)
(DEAD BODIES)","First previewed on November 17, 2020.",,,"Nov 17, 2020",Snippet,Low Quality,Link Needed
WUNNA,"???
(DRUGS IN MY BODY)",First previewed sometime in 2020.,,,,Snippet,Low Quality,Link Needed
WUNNA,"???
(prod. Wheezy)
(EXOTIC PLUG)",First previewed sometime in 2020.,,,,Snippet,Low Quality,Link Needed
WUNNA,"???
(feat. Shady Babies) (prod. Taurus)
(FEEL LIKE MAGIC)",Previewed several times.,,,,Snippet,Low Quality,Link Needed
WUNNA,"???
(GET IT, I GOT IT)",https://www.instagram.com/p/Cjon2hBsNdC/?igsh=MWQzN2tkaGZtOTFwaA==,,,,Snippet,Low Quality,Link Needed
WUNNA,"???
(HOT STOP)",Previewed by @booka_loc in an Instagram live.,,,,Snippet,Low Quality,Link Needed
WUNNA,"???
(prod. Wheezy)
(IMPORTANT)","First previewed on January 26, 2020.",,,"Jan 26, 2020",Snippet,Low Quality,Link Needed
WUNNA,"???
(prod. Taurus)
(PULL UP N RARRI)",First previewed sometime in 2020.,,,,Snippet,Low Quality,Link Needed
WUNNA,"???
(prod. DJ Cash)
(RAN IT UP)","First previewed on September 26, 2020.",,,,Snippet,Low Quality,Link Needed
WUNNA,"???
(prod. Wheezy)
(SEE THROUGH SHIRT)",Previewed several times.,,,,Snippet,Low Quality,Link Needed
WUNNA,"???
(SUB ZERO)","First previewed by Gunna in an Instagram story on November 10, 2020.",,,"Nov 10, 2020",Snippet,Low Quality,Link Needed
WUNNA,"???
(feat. Lil Uzi Vert)",Throwaway from the WUNNA sessions.,,,"Jul 20, 2020",Snippet,High Quality,Link Needed
WUNNA,"???
(feat. Roddy Ricch)","Previewed. Another snippet surfaced on February 14, 2024.",,,"Feb 14, 2024",Snippet,High Quality,Link Needed
WUNNA,"???
(prod. Turbo)",https://www.instagram.com/p/CiBKnubBj-S/?igsh=YmlreHl3MjFtdWdu,,,,Snippet,Low Quality,Link Needed
WUNNA,"Belly - Razor [V1]
(feat. Gunna & PnB Rock) (prod. The ANMLS, Money Musik, DAVID x ELI, DannyBoyStyles & Oracles)","Original version of ""Razor"" by Belly.",,,"Nov 8, 2020",Full,High Quality,Link Needed
WUNNA,"Internet Money - His & Hers [V1]
(with Don Toliver) (feat. Gunna) (prod. Cxdy, Nick Mira, Taz Taylor, Pharaoh Vice & Alec Wigdahl)
(Birkin)",Different pitch than released version. Taz said there are hundreds of versions and the released song was never going to sound like this.,2:48,,"Feb 27, 2021",Full,CD Quality,https://pillows.su/f/e78353c46c2baeccc26c957651a317e9
WUNNA,"Internet Money - His & Hers [V2]
(with Don Toliver) (feat. Gunna) (prod. Cxdy, Nick Mira, Taz Taylor, Pharaoh Vice & Alec Wigdahl)
(Birkin)","OG Filename: Don Toliver x Gunna - His & Hers
Version of ""His & Hers"" containing an open verse for Lil Uzi Vert.",3:55,,"Jul 15, 2022",OG File,CD Quality,https://pillows.su/f/1f8253dbdaeb31e2f948c7b98e791c01
WUNNA,"Internet Money - His & Hers [V3]
(with Don Toliver & Lil Uzi Vert) (feat. Gunna) (prod. Cxdy, Nick Mira, Taz Taylor, Pharaoh Vice & Alec Wigdahl)
(Birkin)",Alternate leak mix including vocals from Lil Uzi Vert.,3:41,,"May 11, 2021",Full,CD Quality,https://pillows.su/f/7e455560c12b599a548c0502d3d79492
WUNNA,"Internet Money - His & Hers [Unknown V1]
(with Don Toliver) (feat. Gunna)","OG Filename: HIS N HERS ref
Filename previewed by Taz Taylor in an Instagram story on May 19, 2021. Information about this version is unknown.",2:15,,"May 19, 2021",Confirmed,Not Available,N/A
WUNNA,"Internet Money - His & Hers [Unknown V2]
(with Don Toliver & Lil Uzi Vert) (feat. Gunna)","OG Filename: his and hers - bass session remixed
Filename previewed by Taz Taylor in an Instagram story on May 19, 2021. Information about this version is unknown.",2:38,,"May 19, 2021",Confirmed,Not Available,N/A
WUNNA,"Internet Money - His & Hers [Unknown V3]
(with Don Toliver & Lil Uzi Vert) (feat. Gunna)","OG Filename: Internet Money - His & Hers MASTER 7
Filename previewed by Taz Taylor in an Instagram story on May 19, 2021. Information about this version is unknown.",3:43,,"May 19, 2021",Confirmed,Not Available,N/A
WUNNA,"Internet Money - His & Hers [Unknown V4]
(with Don Toliver & Lil Uzi Vert) (feat. Gunna)","OG Filename: litegreen_his n hers_135bpm - NM_PV 1
Filename previewed by Taz Taylor in an Instagram story on May 19, 2021. Information about this version is unknown.",3:49,,"May 19, 2021",Confirmed,Not Available,N/A
WUNNA,"Internet Money - His & Hers [Unknown V5]
(with Don Toliver) (feat. Gunna)","OG Filename: HIS & HERS Bounce 2
Filename previewed by Taz Taylor in an Instagram story on May 19, 2021. Information about this version is unknown.",2:08,,"May 19, 2021",Confirmed,Not Available,N/A
WUNNA,"Internet Money - His & Hers [Unknown V6]
(with Don Toliver) (feat. Gunna)","OG Filename: DT-HIS & HERS-...
Filename previewed by Taz Taylor in an Instagram story on May 19, 2021. Information about this version is unknown.",,,"May 19, 2021",Confirmed,Not Available,N/A
WUNNA,"Internet Money - Lemonade [V2]
(with Gunna & Don Toliver) (feat. NAV) (prod. Pharaoh Vice, E-Trou, Alec Wigdahl, Nick Mira & Taz Taylor)","Includes a verse from Don Toliver, and NAV and Gunna's verses are rearranged.",4:10,,"Jul 15, 2020",Full,CD Quality,https://pillows.su/f/e4efc5f04ba58de73b3f3f59c32fe462
WUNNA,"Internet Money - Lemonade [Coachella Version]
(with Don Toliver) (feat. Roddy Ricch) (prod. Pharaoh Vice, E-Trou, Alec Wigdahl, Nick Mira & Taz Taylor)",Version intended for Coachella perfomances.,,,"May 6, 2022",Full,CD Quality,Link Needed
WUNNA,"Jeremih - Lights On [V3]
(feat. Gunna) (prod. Mally Mall)","OG Filename: Lights On Gunna x Jeremih_Open Verse
Version of ""Lights On"" featuring Gunna and an open verse.",3:05,,"Nov 13, 2024",OG File,CD Quality,https://pillows.su/f/34005ee6aac85df6884839cab15a319e
WUNNA,"Jeremih - Lights On [V4]
(feat. Gunna & G-Eazy) (prod. Mally Mall)","OG Filename: Gunna x G Easy x Jeremiah Lights on
Version of ""Lights On"" featuring Gunna and G-Eazy.",2:31,,"Nov 13, 2024",OG File,CD Quality,https://pillows.su/f/717ec198d09055c8f5045a5b806707ad
WUNNA,"Juice WRLD - On The Run [V2]
(feat. Gunna) (prod. Gezin, Max Lord & Strapazoot)
(Blood On My Jeans)","OG Filename: JUICE WRLD - ON THE RUN x GUNNA-1 2
Original version of ""Blood on My Jeans"" mixed by Flo in Atlanta and eventually sent to Max Lord. Juice WRLD recorded his vocals on July 14, 2019, and Gunna recorded his vocals on April 26, 2020.",3:47,"Apr 26, 2020","Jul 7, 2020",OG File,CD Quality,https://pillows.su/f/43b6a1b46930d6040870dd86397b30e7
WUNNA,"Juice WRLD - On The Run [V3]
(feat. Gunna) (prod. Gezin, Max Lord & Strapazoot)
(Blood On My Jeans)","OG Filename: Juice Wrld - on the run v3.0 Gunna (xr 11 GZ)
Final mixed version with vocals from Gunna which would end up being cut from the released version of the track due to Pete not being a fan of Gunna. Dated May 25, 2020. Surfaced on July 7, 2020. OG file surfaced on April 25, 2022.",3:48,"May 25, 2020","Apr 25, 2022",OG File,Lossless,https://pillows.su/f/b9b8e92765f543d3732b41a472d38026
WUNNA,"Karlae - Jimmy Choo [V1]
(feat. Gunna & Young Thug) (prod. Flaw Da God, Marcus Dash & Stephon)","Original version of ""Jimmy Choo"" by Karlae.",3:28,,"May 6, 2020",Full,CD Quality,https://pillows.su/f/d5fd268b277731652d2af8d5b4b3a407
WUNNA,"Kehlani - Tap Dance
(feat. Gunna)","OG Filename: Kehlani x Gunna - Tap Dance
Previewed in GunnaHub on November 8, 2025.",2:52,,"Mar 3, 2026",OG File,CD Quality,https://pillows.su/f/ce34272f3d11f5fba4fc162f593b48f5
WUNNA,"Lil Keed - Slatt Luv
(feat. Gunna) (prod. Rok)","OG Filename: slatt luv- gunna x keed
Feature from the WUNNA sessions.",3:04,,"Dec 24, 2023",OG File,CD Quality,https://pillows.su/f/103a09342480cd50d883a18307adb8e1
WUNNA,"Lil Uzi Vert - Heavy
(prod. Brandon Finessin & Outtatown)","OG Filename: Heavy (Brandon x outtatown) Ruff
Lil Uzi Vert throwaway with an open verse for Gunna.",2:58,,"Oct 21, 2022",OG File,CD Quality,https://pillows.su/f/e21e73b91261b6c26d30d998a11a815d
WUNNA,"Lil Uzi Vert - Strawberry Peels [V1]
(feat. Gunna & Young Thug) (prod. Wheezy)","OG Filename: Dim Da Fn Lights Pro Mix V1
Original version of ""Strawberry Peels"". Samples Blacout - ""Dim da Lights"". Recorded on March 11, 2020.",1:56,"Mar 11, 2020","Dec 18, 2022",OG File,CD Quality,https://pillows.su/f/6df8b0e3ab52eab8e0b07cc1c3cbf077
WUNNA,"Nechie - Buckhurst & Cedar [V2]
(feat. Gunna) (prod. AJ Stay Workin & Taurus)
(Took a Shot)","OG Filename: BUCKHURTS & CEDAR SSN x Gunna Prod. Taurus 2
OG File (Metadata): BUCKHURTS & CEDAR 2
Previewed by Gunna.",3:44,,"Oct 27, 2022",OG File,CD Quality,https://pillows.su/f/f84343ea85db4ce9697b3dc0df92b2f9
WUNNA,"Pop Smoke - Dior (Remix) [V1]
(feat. Gunna) (prod. 808 Melo)","OG Filename: POP SMOKE - DIOR x GUNNA
Rough mix of Pop Smoke - ""Dior (Remix)"" featuring Gunna. The second chorus is longer. Gunna's vocals are louder.",4:03,,"Jan 23, 2026",OG File,CD Quality,https://pillows.su/f/55ef7baf3ac0c93e2f9443791971cc90
WUNNA,"Pop Smoke - Paranoia [V2]
(feat. Gunna) (prod. The Elements & 808 Melo)","Song was sent to Gunna to record on. A snippet surfaced on June 16, 2020 before being leaked on June 24, 2020. This version has an alternate instrumental.",2:53,,"Jun 24, 2020",Full,High Quality,https://pillows.su/f/7be51ff46bc7318dd717e39450c168d8
WUNNA,"Pop Smoke - Paranoia [V3]
(feat. Gunna)
(Paranoid)","OG Filename: Pop Smoke - PARANOID x Gunna
Only contains Pop Smoke's chorus and Gunna's verse. Unconfirmed version order.",1:49,,"Jan 23, 2026",OG File,CD Quality,https://pillows.su/f/83f0003bc7c03dc44f7fa4c497924b49
WUNNA,"Pop Smoke - Paranoia [V4]
(feat. Gunna) (prod. The Elements & 808 Melo)","OG Filename: paranoia Ref 1
Another version of ""Paranoia."" Unconfirmed version order.",2:54,,,OG File,High Quality,https://pillows.su/f/54ff6ba9a0e9d78598073c766bf02d8d
WUNNA,"Pop Smoke - Paranoia [V6]
(feat. Gunna) (prod. The Elements & 808 Melo)","OG Filename: Paranoia POPGUNNA
Another version of ""Paranoia."" Unconfirmed version order.",3:11,,"Jun 24, 2020",OG File,High Quality,https://pillows.su/f/60e4a0a9fe6ab7d0b3837176447da73c
WUNNA,"Pop Smoke - Paranoia [V7]
(feat. Gunna) (prod. The Elements & 808 Melo)","Another version of ""Paranoia."" Unconfirmed version order.",,,"May 12, 2024",Full,CD Quality,https://pillows.su/f/d501437ffaea74aecc06ec753f0ec88b
WUNNA,"Pop Smoke - Paranoia [V8]
(feat. Gunna & Pusha T) (prod. The Elements & 808 Melo)","Pusha T revealed during the controversy of his verse that he was the one who asked for Steven Victor to reach out to Young Thug for his feature, so there is a version with just Pusha and Gunna.",,,,Confirmed,Not Available,N/A
WUNNA,"Shady Babies - Big Ballin'
(feat. Gunna) (prod. Taurus)","OG Filename: 01 BIG BALLIN x Gunna Prod Taurus
Previewed in GunnaHub in 2024. Another snippet surfaced on November 11, 2025. Initially surfaced cut, with the OG file surfacing later in the day.",3:45,,"Dec 25, 2025",OG File,CD Quality,https://pillows.su/f/beb3608b89f4ab71c352feb03654f3e4
WUNNA,"Slimelife Shawty - Know 'Bout It
(feat. Gunna) (prod. 10fifty)","OG Filename: SLIMELIFE SHAWTY - KNOW BOUT IT x GUNNA
Listed for sale by UnreleasedSounds on July 30, 2023.",3:09,,"Feb 17, 2024",OG File,CD Quality,https://pillows.su/f/83eed3ba3022966843b3acfe1891dca7
WUNNA,"Ty Dolla $ign - Mood Swings
(feat. Gunna) (prod. BEATSAINTFREE JG, ​damn james!, Bluey Sport & William Van Zandt)","Surfaced on November 3, 2022.",2:14,,"Nov 3, 2022",Full,CD Quality,https://pillows.su/f/d80e80779b455441f45ce67d35205858
WUNNA,"Ty Dolla $ign - Some' Ain't Right
(feat. Ant Clemons & Gunna) (prod. 808 Mafia)
(Something Ain't Right)","OG Filename: 01 TY - SUM AINT RIGHT Ft GUNNA
Listed for sale by UnreleasedSounds on December 26, 2023.",3:44,,"Apr 3, 2026",OG File,CD Quality,https://pillows.su/f/93f3cbc6274749dc501a91234fbfc929
WUNNA,"Yak Gotti - Anybody [V2]
(feat. Gunna & YSL Yayo) (prod. Taurus)","OG Filename: YAK - ANYBODY x Gunna x SL Yayo Prod. Taurus 
Alternate version with YSL Yayo. The original version without Yayo was previewed March 2020 via Yak Gotti. Surfaced on August 31, 2021. OG file surfaced on December 19, 2022.",3:17,,"Dec 19, 2022",OG File,CD Quality,https://pillows.su/f/f505d9ed3a846ac43d3c037aa5d082ff
WUNNA,"Young Thug - Attached
(feat. Gunna) (prod. Wheezy & Rip)
(Can't Catch Me, Vibe)","OG Filename: ATTACHED - THUG x GUNNA Prod. Wheezy
First previewed by Wheezy on May 23, 2020, then previewed again twice by @lamontaston3x on June 12, 2020. The song would be previewed again on July 13 and 14 of 2020. Almost two years later a CDQ snippet of the song would surface on July 11, 2022. The track eventually leaked on October 15, 2022. OG file surfaced on January 5, 2023.",3:17,,"Oct 15, 2022",OG File,CD Quality,https://pillows.su/f/8d4e0161ed514bf773fed9897c1a6c88
WUNNA,"Young Thug - Sex God
(feat. Gunna) (prod. ATL Jacob)
(SEX)","OG Filename: THUG x GUNNA - SEX GOD (Prod atljacob)
Feature from the WUNNA sessions.",2:41,,"Dec 6, 2022",OG File,CD Quality,https://pillows.su/f/0678dd9f150655f0ec87502d1f20e40c
WUNNA,"Young Thug - Willibee
(feat. Gunna) (prod. Wheezy)
(Willie B)","OG Filename: Thug x Gunna - Willibee (prod wheezy)
Surfaced on October 18, 2023.",2:49,,"Oct 18, 2023",OG File,CD Quality,https://pillows.su/f/3b88535a79faadc1ae78f35c05db2b34
WUNNA,"Internet Money - His & Hers [EDM Remix]
(with Don Toliver & Lil Uzi Vert) (feat. Gunna)",First previewed by one of the producers on Discord in 2021.,,,,Snippet,High Quality,Link Needed
WUNNA,"Internet Money - His & Hers [Mike Dean Version]
(with Don Toliver & Lil Uzi Vert) (feat. Gunna) (prod. Cxdy, Nick Mira, Mike Dean, Taz Taylor, Pharaoh Vice & Alec Wigdahl)","OG Filename: HIS & HERS MIKE DEAN MIX 3
Filename previewed by Taz Taylor in an Instagram story on May 19, 2021.",4:17,,"May 19, 2021",Snippet,Low Quality,"https://pillows.su/f/7ece4a96230f4ec23ec933e03d6a259c
https://pillows.su/f/6e97879932b55578312a9157aed05773"
WUNNA,"Internet Money - His & Hers [Pop Version]
(with Don Toliver & Lil Uzi Vert) (feat. Gunna)","First previewed by Cole Bennett in an interview on December 2, 2021.",,,"Dec 2, 2021",Snippet,Low Quality,Link Needed
WUNNA,"Internet Money - His & Hers [Sandbox Version]
(with Don Toliver & Lil Uzi Vert) (feat. Gunna)","OG Filename: sandbox His_N_Hers 135Bpm
First previewed by Taz Taylor on May 19, 2021 on Instagram.",5:19,,"May 19, 2021",Snippet,High Quality,https://pillows.su/f/0ade2690ce48b2d2836b99f5bbd17658
WUNNA,"NAV - Turks
(with Gunna) (feat. Travis Scott) (prod. Wheezy)","Early version previewed at a Grammy's pre-party. Gunna and Travis' verses are flipped, and it presumably has an early mix. Pretty much played in full, minus the intro and outro.",,,,Partial,Low Quality,Link Needed
WUNNA,"Pop Smoke - Paranoia [V3]
(feat. Gunna) (prod. The Elements & 808 Melo)","Early version of ""Paranoia,"" previewed by Gunna in an Instagram live on April 22, 2020 containing a different instrumental.",,,"Apr 22, 2020",Snippet,Recording,https://pillows.su/f/02a699a66b4ee6c36945b1682aa5ee46
WUNNA,"Pop Smoke - Paranoia [V5]
(feat. Gunna)","Another version of ""Paranoia."" Unconfirmed version order.",,,,Snippet,CD Quality,https://pillows.su/f/aeb04d79962cd831238378014bf45ae4
WUNNA,"Shady Babies - ???
(feat. Gunna) (prod. Wheezy)
(Check)",Previewed several times.,,,,Snippet,Low Quality,Link Needed
WUNNA,"Young Thug - ???
(feat. Gunna) (prod. Wheezy)
(Hi-Tech)","First previewed on July 9, 2020.",,,"Jul 9, 2020",Snippet,Low Quality,Link Needed
WUNNA,"Young Thug - ???
(feat. Gunna) (prod. Wheezy)
(Love Me Long Time)",Previewed.,,,,Snippet,Low Quality,Link Needed
"5 OG Files
1 Full
0 Tagged
0 Partials
0 Snippets
1 Unavailable",WUNNA (Deluxe),,,,,,,
WUNNA (Deluxe),"LA VIBE
(prod. Kenny Stuntin)
(CALIFORNIA, TELEVISED)","OG Filename: LA VIBE Prod. Kenny
Open verse demo previewed by Gunna on June 25, 2020.",3:12,,"Nov 25, 2022",OG File,CD Quality,https://pillows.su/f/65a7ba40d25a8c7ec8db71f6610cc7b7
WUNNA (Deluxe),"LIFE IS CRAZY
(prod. Taurus & Turbo)
(NOT A GAME)","OG Filename: GUNNA - LIFE IS CRAZY
First previewed by Gunna on July 30, 2020.",2:23,,"Sep 6, 2022",OG File,CD Quality,https://pillows.su/f/b8718d62ecafd489639266d4c3c57629
WUNNA (Deluxe),"RELENTLESS [V5]
(feat. Lil Uzi Vert) (prod. OZ, Nik D & Wheezy)","OG Filename: GUNNA - RELENTLESS - BAINZ MIX 5
OG file for WUNNA (Deluxe) track, ""RELENTLESS"". First previewed on March 12, 2020. This version is dated July 13, 2020.",2:48,"Jul 13, 2020","Jan 12, 2023",OG File,CD Quality,https://pillows.su/f/27648438484312d499daad48ae8c0aaf
WUNNA (Deluxe),"Pop Smoke - Paranoia [V9]
(feat. Young Thug, Gunna & Pusha T) (prod. 808 Melo, Crishan & The Elements)","Leaked soon after Shoot For The Stars Aim For The Moon by Pop Smoke released. Originally meant to be released on the album as it was included on a tracklist that Steven Victor posted (track 5), but the song was taken off last minute. Song was dubbed to appear on the deluxe, however drama around his verse dissing Drake on a posthumous album caused Push to voluntarily request it be removed with the song dropping with solely the Gunna and Young Thug features.",4:10,,"Jul 3, 2020",Full,CD Quality,https://pillows.su/f/dc1cf2c01cbce65f8fb9c9792f03c2f5
WUNNA (Deluxe),"Pop Smoke - Paranoia [V10]
(feat. Gunna & Young Thug) (prod. The Elements & 808 Melo)","On July 7, 2020, Young Thug and Pusha T had a fight on social media due to Pusha T dissing Drake on his verse on ""Paranoia."" Pusha T would ask for his verse to be removed from the song on this day and would not appear on the final version of the song.",,,,Confirmed,Not Available,N/A
WUNNA (Deluxe),"Young Thug - Fancy MFER
(feat. Gunna) (prod. Wheezy)
(Fancy Motherfucker)","OG Filename: Fancy MFER
Recorded and first previewed on July 9, 2020. A CDQ snippet of the song surfaced at a unknown time in 2023. Surfaced in full on December 30, 2023.",2:40,"Jul 9, 2020","Dec 30, 2023",OG File,CD Quality,https://pillows.su/f/4aa0351da738a791d4efa0b1fa2f639f
WUNNA (Deluxe),"Young Thug - I Think U Love Me Not
(feat. Gunna) (prod. London on da Track & Wheezy)
(I Think, Thief In The Night, For The Vibes)","OG Filename: THUG x GUNNA - I THINK U LOVE ME NOT PRO. WHEEZY
Dated July 12, 2020. First previewed by Young Thug on July 15, 2020.",2:20,"Jul 12, 2020","Aug 30, 2022",OG File,Lossless,https://pillows.su/f/648e58a6c7afc4953d11832f9db38850
"0 OG Files
0 Full
0 Tagged
0 Partials
1 Snippets
2 Unavailable",SUPER SLIMEY: SURFER EDITION,,,,,,,
Super Slimey: Surfer Edition,"Young Thug & Future - Jewel Baby [V1]
(prod. Wheezy & Turbo)","Version of ""Jewel Baby"" with only the original Super Slimey duo, Young Thug and Future. Existence of this version was shown in the background while Young Thug previewed another version with additional Gunna and Lil Baby inclusions.",,,"Aug 18, 2019",Confirmed,Not Available,N/A
Super Slimey: Surfer Edition,"Young Thug, Future, Gunna & Lil Baby - Jewel Baby [V2]
(prod. Wheezy & Turbo)","OG Filename: THUG  x FUTURE X GUNNA X LILBABY- JEWEL BABY 
Version of ""Jewel Baby"" including Gunna and Lil Baby. First previewed by Young Thug in an Instagram story on August 18, 2019, teasing Super Slimey 2.",3:27,,"Aug 18, 2019",Snippet,Low Quality,"https://pillows.su/f/b6ca35da40060423406ee9fa56096558
https://pillows.su/f/8e480e9f37bf2c174ea0f109c8b1325b
https://pillows.su/f/92da3940e648669abd0d232ad02a7787"
Super Slimey: Surfer Edition,"Unknown [Future, Young Thug & Lil Baby Collaborations]","In an interview with Billboard after the release of WUNNA, Gunna was asked about Super Slimey 2, in which he responded ""We were just talking about it. We got a few records with all four of us and it’s going to be Super Slimey: Surfer Edition, not Super Slimey 2 — because that’s like a Drip Harder thing with me and Baby, while Super Slimey is Future and Thug with the legacy they’re building.  So we’re doing the Surfer Edition to put the OG’s with the young g’s.""",,,"May 22, 2020",Confirmed,Not Available,https://www.billboard.com/music/rb-hip-hop/gunna-wunna-album-interview-9377936/
"0 OG Files
0 Full
0 Tagged
0 Partials
0 Snippets
0 Unavailable",Drip Harder 2,,,,,,,
Drip Harder 2,Unknown [Lil Baby Collaborations],"In an interview with Billboard after the release of WUNNA, Gunna mentioned he was working on Drip Harder 2, where he said ""The process is the process, we’re both busy, so it’s like how we did the last album. It’s been kind of better because we’ve been on quarantine time locking in, but we don’t have a set time for it to be released.""",,,"May 22, 2020",Confirmed,Not Available,N/A
"26 OG Files
2 Full
0 Tagged
0 Partials
7 Snippets
1 Unavailable",Slime Language 2,,,,,,,
Slime Language 2,"Purified
(feat. Young Thug) (prod. Turbo)
(Recognize)","OG Filename: 01 PURIFIED x THUG Prod. TURBO_1
First previewed on September 18, 2020.",2:59,,"Jun 9, 2023",OG File,CD Quality,https://pillows.su/f/cae41aef2e343a91f13a114728e3d1c4
Slime Language 2,"Drake - Solid [V1]
(feat. Gunna & Young Thug) (prod. Wheezy, OZ, Foreign Teck & Elyas)","""Solid"" was originally meant for Certified Lover Boy according to Gunna. The track later released on Slime Language 2.",3:35,,,Confirmed,Not Available,N/A
Slime Language 2,"Lil Gotit - Work Out [V1]
(prod. DMC Global & EVRGRN)","OG Filename: Work out - OPEN
Original version with an open verse instead of Gunna.",2:59,,"Sep 12, 2022",OG File,CD Quality,https://pillows.su/f/7f4082846a394a0ce3e3eec5ba977210
Slime Language 2,"Lil Gotit - Work Out [V2]
(feat. Lil Keed) (prod. DMC Global & EVRGRN)","OG Filename: Work out ft KEED
Alternate version with Lil Keed instead of Gunna.",2:59,,"Sep 21, 2021",OG File,CD Quality,https://pillows.su/f/ac5b67d8696ce5ea459c751cb0dd9ff3
Slime Language 2,"Unfoonk - Suffering
(feat. Gunna) (prod. AJ Stay Workin)","OG Filename: Gunna x UnkFoonk - Suffering
Surfaced in AJ Vault.",3:22,,"Dec 6, 2022",OG File,CD Quality,https://pillows.su/f/6ffb76046a5c814ab17d8b161102e71f
Slime Language 2,"Unfoonk - Take A Trip [V1]
(feat. Future) (prod. AJ Stay Workin)","OG Filename: TAKE A TRIP ft FUTURE unfoonk (prod aj stay workin) aug 24 mix
OG File (Metadata): unfoonk ft future TAKE A TRIP
Original version featuring only Future. Recorded on August 24, 2020. Surfaced in AJ Vault.",3:34,,"Dec 6, 2022",OG File,CD Quality,https://pillows.su/f/d5e8227979c1a0cb6709d60f795c315d
Slime Language 2,"Unfoonk - Take a Trip [V2]
(feat. Gunna) (prod. AJ Stay Workin)","OG Filename: TAKE A TRIP ft GUNNA
Alternate version featuring only Gunna. Surfaced in AJ Vault.",4:33,,"Dec 6, 2022",OG File,CD Quality,https://pillows.su/f/2912d3e311c41106db198a6dff48292c
Slime Language 2,"Unfoonk - Take a Trip [V3]
(feat. Gunna & Future) (prod. AJ Stay Workin)","OG Filename: TAKE A TRIP UNFOONK GUNNA PLUTO (rough mix) .4
Alternate version with both features. Surfaced in AJ Vault.",3:24,,"Dec 6, 2022",OG File,CD Quality,https://pillows.su/f/1cfb691fddbc82e459b4d812740c382f
Slime Language 2,"Unfoonk - Take a Trip [V4]
(feat. Gunna & Future) (prod. AJ Stay Workin)","OG Filename: TAKE A TRIP UNFOONK GUNNA PLUTO (rough mix) 12
Alternate version with different mixing. Surfaced in AJ Vault.",3:28,,"Dec 6, 2022",OG File,CD Quality,https://pillows.su/f/7c876a38b32e2dc95b5fd829f9f96bfa
Slime Language 2,"Young Stoner Life - Diamonds Dancing [V1]
(with Young Thug & Gunna) (prod. Turbo)
(Chickened Out, Creamy Cookie)","Original version of Slime Language 2 track ""Diamonds Dancing"" without Travis Scott. Put up for sale in 2021.",,,,Snippet,Low Quality,Link Needed
Slime Language 2,"Young Stoner Life - Slatty [V1]
(with Young Thug) (feat. Lil Duke & Yak Gotti) (prod. Southside)",Original version with different mixing and no Gunna vocals. First previewed via Young Lord aka A$AP Bari.,,,"Jan 27, 2021",Full,High Quality,Link Needed
Slime Language 2,"Young Thug - I Went From
(feat. Gunna) (prod. Turbo)
(Seal The Deal)","OG Filename: THUG x GUNNA - I WENT FROM (PROD TURBO)
Listed for sale in 2022. Leaked November 29, 2024.",3:06,,"Nov 29, 2024",OG File,CD Quality,https://pillows.su/f/a9c3935ca8ba166219e55cc34f0d934c
Slime Language 2,"Young Thug - Slimey Says
(feat. Gunna & Dash Gwoppo)
(Slimeball)","OG Filename: SLIMEY SAYS - THUGH x GUNNA x D GWOPPO
Throwaway from the Slime Language 2 sessions.",3:28,,"Mar 1, 2023",OG File,CD Quality,https://pillows.su/f/26d0c99736aeab1e76cca26764a3c6f4
Slime Language 2,"Young Thug - Tom Ford Again
(feat. Gunna) (prod. Kid Hazel & Westen Weiss)
(Again, Blue Lens)","OG Filename: THUG x GUNNA - TOM FORD AGAIN prod kidhazel
First previewed by Gunna. Recorded on July 25, 2020.",3:24,,"Dec 3, 2022",OG File,CD Quality,https://pillows.su/f/47d47ebcb2124b04480ae8df19614ffd
Slime Language 2,"Young Thug - Yves Slatt Laurent
(ref. Drake)","OG Filename: Yves Slatt Laurent Noel Ref 1
A Drake reference track for Young Thug. Gunna was allegedly originally supposed to be on the song. The song leaked on July 4, 2023, and on October 23, 2023, Drake sparked rumors of this song’s potential release, uploading a video of a DJ playing it to his Instagram story.",2:46,,"Jul 4, 2023",OG File,CD Quality,https://pillows.su/f/c0344e005afc140506c76a7f5d85942b
Slime Language 2,"⭐ Drown a Fish
(feat. Lil Keed) (prod. Turbo)","OG Filename: DROWN A FISH x KEED Prod TURBO
Throwaway from the Slime Language 2 sessions.",1:46,,"Jan 16, 2025",OG File,CD Quality,https://pillows.su/f/dd8c264c002bd93d5114f91c5134f103
Slime Language 2,"BSlime - Little Haiti
(feat. Gunna) (prod. AJ Stay Workin)","OG Filename: LITTLE HAITI - BSLIME x GUNNA - SHAANRUF 2.26.21
Recorded on February 26, 2021.",3:16,"Feb 26, 2021","Oct 31, 2022",OG File,CD Quality,https://pillows.su/f/6f2988d740e4f6822956aafdeb6a6236
Slime Language 2,"Lil Keed - On It
(feat. Gunna) (prod. Wheezy)","OG Filename: KEED - ON IT x GUNNA Prod WHEEZY
Surfaced on March 24, 2023.",3:09,,"Mar 24, 2023",OG File,CD Quality,https://pillows.su/f/f9b59ad095cd358bedbeb05b362926c2
Slime Language 2,"Unfoonk - Take a Trip [V5]
(feat. Gunna & Future) (prod. AJ Stay Workin)","OG Filename: TAKE A TRIP (AJ MIX 2021 APR)
Final version, dated April 2021. Surfaced in AJ Vault.",3:24,,"Dec 6, 2022",OG File,CD Quality,https://pillows.su/f/27fae0493bf7de48c73102d25e088b50
Slime Language 2,"Young Stoner Life - Came And Saw [V1]
(with Young Thug) (feat. Rowdy Rebel) (prod. Wheezy)
(No Pressure)",Previewed by Rowdy Rebel in 2021. A later version was officially released on Slime Language 2 and featuring a shorter verse from Young Thug. The song does not include Gunna.,,,,Snippet,Low Quality,Link Needed
Slime Language 2,"Young Stoner Life - Explosion [V1]
(with Gunna) (feat. Yak Gotti) (prod. Turbo)","OG Filename: EXPLOSION x YAK Prod TURBO
Original version with a full Gunna verse. Considered for a $200 groupbuy on January 2, 2024. Leaked on January 19, 2024.",2:36,,"Jan 19, 2024",OG File,CD Quality,https://pillows.su/f/936fa751fb283f4db229c9bc4819db6f
Slime Language 2,"Young Stoner Life - Explosion [V2]
(with Gunna) (feat. Yak Gotti & FN DaDealer) (prod. Turbo)","OG Filename: FN GUNNA YAK _1
Another version of ""Explosion"" on Slime Language 2. Surfaced in AJ Vault.",2:36,,"Dec 6, 2022",OG File,CD Quality,https://pillows.su/f/2484986969d185a499a61950a2a2d776
Slime Language 2,"Young Stoner Life - Ski [V1]
(with Young Thug & Gunna) (prod. Wheezy, Outtatown & BabyWave)
(Fuckin' with Gunna)","OG Filename: FUCKIN WITH GUNNA x GUNNA Prod Wheezy
Original version of ""Ski"", originally titled ""Fuckin With Gunna"", with alternate mixing. First previewed by @o5eandriveslim.",2:32,,"Apr 10, 2021",OG File,CD Quality,https://pillows.su/f/c430505c485680d99bb2f4bcb330a554
Slime Language 2,"Young Stoner Life - Murder
(with Young Thug) (feat. Reese Laflare & A$AP Ferg)","Reese Laflare mentioned in an interview that the track, which does not include Gunna, was going to be on Slime Language 2. Few days before the album dropped, Reese took to Twitter that the song was going to be saved for later. Reese was edited off of the album artwork as well.",,,,Snippet,Low Quality,Link Needed
Slime Language 2,"Young Stoner Life - That Go! [V1]
(with Young Thug) (feat. T-Shyne & Cdot Honcho) (prod. Nick Papz & Yung Talent)","Original version of ""That Go!"" before Cdot Honcho was replaced by Meek Mill. Does not include Gunna. Put up for sale in 2021.",,,,Snippet,High Quality,Link Needed
Slime Language 2,"Young Thug - Ahh Baby
(feat. Gunna) (prod. Turbo)",Throwaway from the Slime Language sessions.,3:00,,"Mar 30, 2023",Full,CD Quality,https://pillows.su/f/46307a4a898b3c9a405eee1bf1a29d3e
Slime Language 2,"Young Thug - Cheat On My Bitch [V1]
(feat. Gunna) (prod. Turbo & LosAddos)
(Real Deal, The Biggest)","OG FIlename: CHEAT ON MY BITCH - THUG x GUNNA - TURBO SSRUF 3.1.21 01
Recorded on March 1, 2021 and first previewed twice by Young Thug on March 26, 2021. Turbo played the instrumental on Instagram live that same day. Previewed again by @_1slug on June 15, 2021. A CDQ snippet surfaced on September 3, 2022. Leaked after a successful $1200 groupbuy on September 5, 2022.",2:56,"Mar 1, 2021","Sep 5, 2022",OG File,CD Quality,https://pillows.su/f/fbfcded4f72d6f6a78e068aa1a3d902a
Slime Language 2,"Young Thug - Eulogy
(feat. Gunna) (prod. Super Sound)","OG Filename: EULOGY  - Thug x Gunna  - Super Sound 1.10.21
Recorded on January 10, 2021.",2:02,"Jan 10, 2021","Sep 13, 2022",OG File,CD Quality,https://pillows.su/f/bbcf8ae0506cacb6a5cdd85fa277912c
Slime Language 2,"Young Thug - God's Sight
(feat. Gunna) (prod. Wheezy)
(Best of Me, Vader)","OG Filename: THUG x GUNNA - GODs SIGHT prod wheezy
First previewed by Gunna. Recorded on January 7, 2021.",2:57,"Jan 7, 2021","Aug 24, 2022",OG File,CD Quality,https://pillows.su/f/071a43ee6b3116df530f3b533e5a89b3
Slime Language 2,"Young Thug - Overload
(feat. Gunna, Lil Keed & CEO Trayle) (prod. Wheezy)
(Lil Bitty Bitch, Overloud)","OG Filename: OVERLOAD - THUG x GUNNA x KEED x CEO TRAYLE
First previewed by Gunna on March 21, 2021.",3:36,,"Oct 8, 2022",OG File,CD Quality,https://pillows.su/f/09bd782ac1a24c3f52c38e75a3b79609
Slime Language 2,"Young Thug - Player's Ball
(feat. Gunna) (prod. Turbo)
(Ain't Got No Back)","OG FIlename: PLAYERS BALL - THUG x GUNNA Prod Turbo
First previewed by Young Thug on February 14, 2021. A CDQ snippet of the song surfaced on December 24, 2022.",3:30,,"Dec 28, 2022",OG File,CD Quality,https://pillows.su/f/f79468e08751237c8ae9ad53768f5016
Slime Language 2,"Young Thug - Steady Ballin'
(feat. Gunna) (prod. Turbo)","OG Filename: THUG x GUNNA - STEADY BALLIN
OG File (Metadata): THUG x GUNNA - STEADY BALLIN P
Feature from 2021. Snippet previewed in GunnaHub on January 9, 2024.",3:07,,"Nov 29, 2024",OG File,CD Quality,https://pillows.su/f/1bd1bbd3cacd3f3a395348cec5ffa607
Slime Language 2,"Young Thug - Vibing
(feat. Gunna) (prod. Wheezy)
(South Atlanta)","OG Filename: VIBING - THUG x GUNNA
First previewed via @o5eandriveslim.The beat and Young Thug's chorus were later repurposed for Playboi Carti - ""WE NEED ALL DA VIBES"".",2:40,,"Aug 30, 2022",OG File,CD Quality,https://pillows.su/f/201e223bfe935fbe57ad9eeab6ec476f
Slime Language 2,"Young Thug - Love Bae (Remix)
(feat. Gunna) (prod. Wheezy)","Previewed in GunnaHub on January 12, 2024.",,,"Jan 12, 2024",Snippet,High Quality,"https://pillows.su/f/143b54d81bac7893a0b0037db24f4367
https://pillows.su/f/148817de2abd25777a17f84565ed45ca"
Slime Language 2,"Young Thug - Top Golf
(feat. Gunna) (prod. Turbo)","Played over the phone to Young Thug in 2022. Snippet surfaced on December 15, 2025.",,,"Dec 15, 2025",Snippet,High Quality,https://pillows.su/f/a64079b18e1d17a7a3065926914dd6ef
Slime Language 2,"Young Thug - ???
(feat. Gunna) (prod. Wheezy)
(Swear To God, Pop It Den)","First previewed by @akbar__v on March 30, 2021.",,,,Snippet,Low Quality,Link Needed
"168 OG Files
18 Full
0 Tagged
0 Partials
11 Snippets
2 Unavailable",DS4EVER,,,,,,,
DS4EVER,"2021
(prod. Aviator Keyyz)","OG Filename: GUNNA- 2021 (KEYZZ) JP1
Throwaway from 2020.",2:25,,"Nov 29, 2024",OG File,CD Quality,https://pillows.su/f/85d2bc267591977c5c33b81c251ce14a
DS4EVER,"⭐ blind mice
(prod. Wheezy)","OG Filename: GUNNA - BLIND MICE prod Wheezy
Recorded on December 13, 2020. Leaked after a successful $550 groupbuy.",1:40,"Dec 13, 2020","Jul 14, 2023",OG File,Lossless,https://pillows.su/f/c6b91d57850e00fec02d057d9188612a
DS4EVER,"bustin rhymes
(prod. Taurus)
(Double Dip)","OG Filename: BUSTIN RHYMES Prod. Taurus
Originally considered to release on DS4EVER, indicated by early tracklists.",3:04,,"Jul 17, 2022",OG File,CD Quality,https://pillows.su/f/2390333323d90a3851831dd94eabdd4a
DS4EVER,"⭐ clear out your mind
(prod. Young Twix)
(clear your mind)","OG Filename: CLEAR YOUR MIND Prod. TWIX (Op Vrs)
Open verse demo from the Drip Season 4 sessions.",3:44,,"Apr 2, 2023",OG File,High Quality,https://pillows.su/f/0163dfdfe01f8ca5421803125308c2df
DS4EVER,"coming back strong
(prod. Scott Storch)","OG Filename: GUNNA x SCOTT - 8.31.20
Dated August 31, 2020. Leaked after a successful groupbuy.",2:12,"Aug 31, 2020","Nov 23, 2024",OG File,CD Quality,https://pillows.su/f/47564c192614cfb3bb1246da51405603
DS4EVER,"consequence
(prod. Wheezy)
(barbie doll, ain't nobody stopping)","Throwaway from 2020. Leaked as a bonus in a successful groupbuy for ""Need a Lend"".",2:12,,"Jan 9, 2025",Full,CD Quality,https://pillows.su/f/156b731253424601081123648c4900ea
DS4EVER,"elite boss
(prod. Kenny Stuntin & Louis Oblin)
(chrome cross)","OG Filename: ELITE BOSS Prod  Kenny
First previewed on August 7, 2020. Contains an open verse.",2:47,,"Aug 31, 2022",OG File,CD Quality,https://pillows.su/f/e9555024e4fe9ea36503b7bc56bbb743
DS4EVER,"flooded [V1]
(prod. Young Twix)","OG Filename: FLOODED Prod TWIX (New)
Version of track 15 on DS4EVER, ""flooded"", with an alternate mix and no producer tag.",2:32,,"Sep 23, 2022",OG File,CD Quality,https://pillows.su/f/bef5815eaa2a2d388a32c4e90f374e42
DS4EVER,"f.t.f.
(feat. Terry Tesla & DaBaby) (prod. Wheezy)
(feds)","OG Filename: 01 FEDS FT DA BABY
OG file for ""FTF"" by Terry Tesla. The track originally almost made it to DS4EVER as it was seen on a tracklist on a whiteboard in early 2021.",2:42,,"Dec 19, 2022",OG File,CD Quality,https://pillows.su/f/9d24f284df64019dbfbfb25dee62fd4b
DS4EVER,"game is taught [V1]
(prod. Kenny Stuntin & Louis Oblin)
(took some losses)","OG Filename: GUNNA- GAME IS TAUGHT(KENNYSTUNTTIN)
Open verse demo of ""Game is Taught"". Previewed on August 5, 2020.",3:09,,"Jan 10, 2023",OG File,CD Quality,https://pillows.su/f/fd4f8c4258659913fa91be437530bae6
DS4EVER,"girl in the mercedes
(prod. Kenny Stuntin, Louis Oblin, Yung Jetpacc & ​junojojo)
(drug patient, take your time)","OG Filename: DRUG PATIENT Prod  Kenny x Jet
OG File (Metadata): GIRL IN THE MERCEDES Prod Kenn
Previewed in 2020.",2:57,,"Jan 4, 2023",OG File,CD Quality,https://pillows.su/f/b47e51db58de836f2f35be21f18aedcf
DS4EVER,"goin goin
(prod. Wheezy)","OG Filename: 01 GUNNA - GOIN GOIN
Throwaway from the Drip Season 4 sessions.",4:02,,"Dec 23, 2022",OG File,CD Quality,https://pillows.su/f/d86c7e695a472c50b1756bb0ad76a5a5
DS4EVER,"hoe lobby
(prod. Pro Logic)
(Tsunami)","OG Filename: Hoe LobbyNov 18  (Pro Logic)
Recorded on November 18, 2020.",2:17,"Nov 18, 2020","Jan 16, 2023",OG File,CD Quality,https://pillows.su/f/8aa1120d337050423fb83d9aa3ea4688
DS4EVER,"i don't switch
(prod. Taurus & Aviator Keyyz)","OG Filename: I DONT SWITCH Prod. Taurus x Aviator Keyyz
Recorded in 2020 and first previewed on October 23, 2021. A CDQ snippet of the song surfaced on February 23, 2024. Another CDQ snippet surfaced on February 24, 2024. Leaked in full on March 17, 2024.",2:58,,"Mar 17, 2024",OG File,CD Quality,https://pillows.su/f/d3f44a339901fa0ba7308243fb8d7ac9
DS4EVER,"idk that bitch [V1]
(feat. G Herbo) (prod. Turbo, Taurus, & Alex Lustig)","OG Filename: IDK THAT BITCH X G-HERBO Prod TAURUS x TURBO
Rough mix of track 13 on DS4EVER, ""idk that bitch"". Previewed by @jakerarri on October 14, 2020.",3:30,,"Apr 25, 2026",OG File,CD Quality,https://pillows.su/f/46a065531540bbf5d5ca549759765277
DS4EVER,"⭐ kit on a caddy
(prod. Turbo)","OG Filename: GUNNA- KIT ON A CADDY (TURBO)
First previewed on November 16, 2020.",3:39,,"Dec 23, 2022",OG File,CD Quality,https://pillows.su/f/b6bcba2e6e2baaecf741bc006a18c6b1
DS4EVER,"look how [V1]
(prod. Bobby Raps)
(millionaire man)","OG Filename: LOOK HOW prod BOBBYRAPS (Unfinished) 1
Open verse demo previewed on September 1, 2020.",2:24,,"Feb 7, 2023",OG File,CD Quality,https://pillows.su/f/fdd092caa55089bfe0b00e025a8d0332
DS4EVER,"mop [V1]
(feat. Young Thug) (prod. Dez Wright & Wheezy)
(spider web spud)","OG Filename: Thug x Gunna - MOP wheezy
Original unmastered version of track 4 on DS4EVER, ""mop"". First previewed late 2020.",3:03,,"Sep 23, 2022",OG File,CD Quality,https://pillows.su/f/967bec4983a4f7ce51f267bf4f062abd
DS4EVER,"pass around
(prod. THE PLAYMAKERS)","OG Filename: PASS AROUND Prod. Turbo (Open Vrs)
First previewed on September 20, 2020. Contains an open verse.",3:03,,"Dec 23, 2022",OG File,CD Quality,https://pillows.su/f/adda013e5840d5bca94e01f3ed02d60c
DS4EVER,"play to win
(prod. Aviator Keyyz)","OG Filename: PLAY TO WIN Prod Keyzz (Unfinished)
Unfinished demo from the Drip Season 4 sessions.",1:44,,"Sep 12, 2023",OG File,CD Quality,https://pillows.su/f/95003e1ff6fb5e9182abd366b610c87b
DS4EVER,"pretty much
(prod. Turbo)","OG Filename: PRETTY MUCH Prod Turbo. (Unfinished)
Demo from 2020.",1:06,,"May 2, 2025",OG File,CD Quality,https://pillows.su/f/d72c06653b2b37f782d8d9f1f0ac344a
DS4EVER,"life get hard
(prod. DY Krazy)","OG Filename: LIFE GET HARD Prod. DY
Intended for DS4EVER. Leaked after a successful groupbuy on August 31, 2024.",2:43,,"Aug 31, 2024",OG File,CD Quality,https://pillows.su/f/fcea2a3c4053fe7bc966bc3d84ceabbe
DS4EVER,"live off the cap
(feat. Nechie) (prod. Wheezy)
(life off the cap)","OG Filename: LIFE OFF THE CAP  x SSN Prod WHEEZY
OG Filename 2: Life Off The Cap feat. Nechie Prod. Wheezy
Throwaway from the Drip Season 4 sessions. Lossless file surfaced on July 26, 2026.",2:20,"Nov 29, 2020","Nov 23, 2023",OG File,Lossless,"https://pillows.su/f/1c58f0fa663011813c3fb6b6cb2abdbe
https://pillows.su/f/95d6b050d7f1930ff0615b5cf9d0fd91"
DS4EVER,"no kizzy
(prod. Marshmello)","OG Filename: gunna mello v3.m4a
Untitled demo dated September 23, 2020.",2:39,"Sep 23, 2020","Jan 18, 2023",OG File,Low Quality,https://pillows.su/f/1c54b1a7d5b1a9e88e1ee7369caf84b2
DS4EVER,"right
(feat. Young Thug) (prod. Wheezy)
(living with no regrets, living without no regrets)","OG Filename: RIGHT - GUNNA X THUG Prod. WHEEZY
First previewed by Young Thug on October 26, 2020. Contains an open verse. A CDQ snippet of the song surfaced sometime in late 2022 or January 2023. The song was previewed again on February 5, 2024. The song leaked on February 14, 2024.",2:57,,"Feb 14, 2024",OG File,CD Quality,https://pillows.su/f/d5b9814e54bcea60835f8151d0a904f5
DS4EVER,"⭐ we some tough shottas [V1]
(prod. Wheezy)
(nipsey, spider my hoodie)","OG Filename: Gunna - We Some Tough Shottas 1
First previewed by Gunna. Contains an open verse.",2:55,,"Dec 26, 2022",OG File,CD Quality,https://pillows.su/f/dddb4397e8c194590bdca996641267b7
DS4EVER,"young and single
(prod. Taurus)","OG Filename: YOUNG AND SINGLE Prod Taurus (Unfinfished)
Open verse demo from 2020. Leaked alongside ""don't go"" after a $900 groupbuy. Previewed on February 22, 2024, June 28, 2024, and August 5, 2024.",2:48,,"Feb 16, 2025",OG File,CD Quality,https://pillows.su/f/47217fd3c05c06ce2e630aef07ae9f9e
DS4EVER,"give back to the people
(prod. Scott Storch)","OG Filename: GIVE BACK TO THE PEOPLE Prod. Scott UNFINISHED
Cut demo previewed in GunnaHub on November 10, 2025. Surfaced on February 2, 2026 after a successful $600 groupbuy. Possibly recorded in the same session as ""coming back strong"".",2:00,,"Feb 2, 2026",OG File,CD Quality,https://pillows.su/f/bd3a5c4f393e5b7b0b9dd8a3e7f135c0
DS4EVER,"21 Savage - Emergency [V1]
(feat. Gunna) (prod. Turbo & Taurus)
(It's an Emergency)","OG Filename: ITS AN EMERGENCY
Rough mix of ""21 Savage - Emergency"" with no Young Thug. Missing some synths in the instrumental.",2:07,,"Mar 8, 2026",OG File,CD Quality,https://pillows.su/f/6fb5a487a50d7aeedf39a7a4c77d84ac
DS4EVER,"⭐ Future - Chrome Heart Cross
(feat. Gunna) (prod. Wheezy)
(Birkin Bags & G Wagons, Chrome Heart Goggles)","OG Filename: chromeheart cross- w gunna
Dated December 31, 2020. Previewed by Gunna on December 9, 2020.",2:32,"Dec 31, 2020","May 23, 2023",OG File,High Quality,https://pillows.su/f/233276d2d36d712031e712a389b72bec
DS4EVER,"Future - Daytona
(feat. Gunna) (prod. ATL Jacob)","OG Filename: daytona- w gunna_1
Surfaced on August 18, 2023.",3:24,"Nov 30, 2020","Aug 18, 2023",OG File,Lossless,https://pillows.su/f/675670268fd101b1056c17c1e78a9700
DS4EVER,"Kash Doll - Bad Bitch [V3]
(feat. Gunna) (prod. Hey McNab & Kenny Stuntin)","OG Filename: Kash Doll ft Gunna - Bad Bitch_11.13.20 Demo
Version of ""Bad Bitch"" with 2 Kash Doll verses in place of Gunna and Nechie's verses.",3:06,,"Mar 20, 2024",OG File,CD Quality,https://pillows.su/f/33c24566f9fbc48a6e3c31457db6cc52
DS4EVER,"NAV - Young Wheezy [V1]
(feat. Gunna & Travis Scott) (prod. Wheezy)","OG Filename: Nav x Gunna - Young Wheezy MP3 9.18.20
Rough mix of NAV - ""Young Wheezy"" featuring Gunna; has fewer vocal effects.",2:32,"Sep 18, 2020","Jan 23, 2026",OG File,CD Quality,https://pillows.su/f/857c79e86fef115cfce65b287f36633c
DS4EVER,"Quavo - Chocolate [V1]
(feat. Young Thug & Gunna) (prod. DJ Durel & Rott)
(Chotolate)","OG Filename: QUAVO x THUG x GUNNA - CHOTOLATE (Durel)
Rough mix of ""Chocolate"" with a full Quavo verse instead of Takeoff's verse.",3:28,,"May 17, 2026",OG File,CD Quality,https://pillows.su/f/abe83e6460fa4325f13a16e23d287974
DS4EVER,"Young Scooter - Magic City Monday [V1]
(feat. Future)
(Magic City Mondays)","OG Filename: Magic City Mondays- scooter x future
Version of ""Magic City Monday"" before Gunna hopped on.",2:08,,"Aug 16, 2023",OG File,Lossless,Link Needed
DS4EVER,"Ludacris - ???
(feat. Gunna)","Previewed in GunnaHub on January 16, 2025.",,,"Jan 16, 2025",Snippet,High Quality,https://pillows.su/f/47519131b998ace1fe683b700370607c
DS4EVER,"15 minutes
(feat. CEO Trayle) (prod. Taurus)
(fifteen minutes, r.i.p. chrome)","OG Filename: 15 MINUTES X TRAYLE Prod. TAURUS
Previewed in GunnaHub on January 27, 2024 and again on February 20, 2024. Leaked as a bonus after a successful $2,000 groupbuy for ""WANNA KNOW WHY"".",2:09,,"Feb 21, 2024",OG File,CD Quality,https://pillows.su/f/f691e98b25751bbd7d3bc8e1a77f59ed
DS4EVER,"⭐ accommodated [V1]
(prod. Wheezy)","OG Filename: ACCOMODATED Prod WHEEZY
Originally intended to release on DS4EVER. First previewed on June 3, 2021.",2:21,,"Sep 23, 2022",OG File,CD Quality,https://pillows.su/f/985e4a8b850eff6981b48db808b55df1
DS4EVER,"accommodated [V2]
(prod. Wheezy)","OG Filename: 14. ACCOMODATED_01
Version of ""accomodated"" from the October 8, 2021 version of DS4EVER.",2:35,"Oct 8, 2021","May 9, 2024",OG File,Lossless,https://pillows.su/f/e619b74fc0f1bab4c657e0c113a033ee
DS4EVER,"after us
(prod. Wheezy & Taurus)
(worst day, cold killer, cold killing)","OG Filename: AFTER US Prod WHEZY (Op Vrs)
Throwaway from the DS4EVER sessions. Shares an instrumental with Future - ""Worst Day"". Initially surfaced with a Future verse from ""Worst Day"" edited onto the song, under the title ""cold killer"".",2:53,,"Mar 27, 2026",OG File,CD Quality,https://pillows.su/f/488bc819b252ae3740b2db773d82cfd7
DS4EVER,"alotta cake [V1]
(prod. Metro Boomin & Chris Townsend)","OG Filename: ALOTTA CAKE Prod. METRO
Rough mix of track 8 on DS4EVER, ""alotta cake"". Has some adlib differences.",3:11,,"Jan 23, 2026",OG File,CD Quality,https://pillows.su/f/3cfc68b6b71b471401fd6c0e9134a24b
DS4EVER,"alotta cake [V3]
(prod. Metro Boomin & Chris Townsend)","OG Filename: ALOTTA CAKE MIX 3
Original unmastered version of DS4EVER track ""alotta cake"". Dated July 20, 2021. Retains some adlib differences from V1.",3:14,"Jul 20, 2021","Sep 23, 2022",OG File,CD Quality,https://pillows.su/f/37bad1261232834cb67535e21c29b71e
DS4EVER,"alotta cake [V4]
(prod. Metro Boomin & Chris Townsend)","OG Filename: 11. ALOTTA CAKE_01
Version of ""alotta cake"" dated October 8, 2021.",3:13,"Oct 8, 2021","May 9, 2024",OG File,Lossless,https://pillows.su/f/de01d7ce7c2e79c1315e44eafb12e47b
DS4EVER,"all the money [V1]
(with Metro Boomin) (prod. Metro Boomin & DAVID x ELI)","Release ready version that was supposed to release on DS4EVER (Deluxe) prior to being given to Metro. Originally track 2 on DRIP SEASON 4EVER. Dated April 4, 2021.",2:51,"Apr 4, 2021","Jan 11, 2022",Full,CD Quality,https://pillows.su/f/b013e63c3f7d2284be0778522d3db789
DS4EVER,"all the money [V2]
(prod. Metro Boomin & DAVID x ELI)","OG Filename: 02. ALL THE MONEY_01
Original version of ""All The Money"" dated October 8, 2021 that was track 2 on the original tracklist of DS4EVER.",2:55,"Oct 8, 2021","May 9, 2024",OG File,Lossless,https://pillows.su/f/0eadc8f0882c6f476b09aa21a0838d70
DS4EVER,"bachelor [V1]
(prod. Turbo)
(think about me)","OG Filename: GUNNA- THINK ABOUT ME (TURBO)
OG Filename 2: GUNNA- THINK ABOUT ME TURBO 2
Open verse demo of ""Bachelor"" with a rougher mix. First previewed by Gunna on February 23, 2021. Samples ""Do You Ever"" by James Blake.",3:01,,"Aug 1, 2023",OG File,CD Quality,https://pillows.su/f/807d3e7d1440d9e6e31cd58122f8aa4e
DS4EVER,"back to the store
(feat. Yung Bleu) (prod. THE PLAYMAKERS)
(back to store)","OG Filename: BACK TO THE STORE X YUNG BLEU Prod PLAYMAKERS 2
First surfaced as a CDQ snippet on April 28, 2023. Considered for a $600 groupbuy on January 2, 2024, then again for $500 on January 21, 2024. Leaked on March 1, 2024.",2:57,,"Mar 1, 2024",OG File,CD Quality,https://pillows.su/f/c19418beffa6a43ffe570b0dcc7be55a
DS4EVER,"⭐ bank don't close
(prod. Turbo)
(no question)","OG Filename: BANK DONT CLOSE prod TURBO 2
Originally intended to release on DS4EVER. First previewed by Gunna on May 28, 2021.",2:26,,"Sep 23, 2022",OG File,CD Quality,https://pillows.su/f/608db977ae6faa88a10f81a581c860f9
DS4EVER,"banking on me [V1]
(prod. Metro Boomin & Peter Lee Johnson)
(on me, banking, get tired of you)","Original unmastered version of ""Banking On Me"".",,,"Jan 11, 2022",Full,High Quality,Link Needed
DS4EVER,"banking on me [V1.5]
(with Metro Boomin) (prod. Metro Boomin & Peter Lee Johnson)
(on me, banking, get tired of you)","OG Filename: Gunna On Me Metro Mix v1.5
Version of ""Banking On Me"" that seemingly was intended to be released via Metro Boomin. Encoded as an mp4. Has a shortened intro and ends with 30 seconds of silence.",3:34,"Jan 15, 2021","Dec 30, 2022",OG File,High Quality,https://imgur.gg/f/7F8k2m7
DS4EVER,"banking on me [V3]
(with Metro Boomin) (prod. Metro Boomin & Peter Lee Johnson)
(on me, banking, get tired of you)","OG Filename: get tired of you_Main V3
Third mix of ""banking on me"". Has no bass guitar.",3:20,,"May 3, 2026",OG File,CD Quality,https://pillows.su/f/7432b076b23aa159546fd7e42aa25156
DS4EVER,"body different
(feat. Yak Gotti & CEO Trayle) (prod. Turbo)","OG Filename: BODY DIFFERENT x YAK x TRAYLE Prod Turbo
Throwaway from the DS4EVER sessions.",3:22,,"Sep 12, 2023",OG File,CD Quality,https://pillows.su/f/e4ddcdd7056ac8938dc0ecabc9a5d779
DS4EVER,"born to hate
(prod. Kenny Stuntin & Turbo)","OG Filename: BORN TO HATE Prod KENNYx TURBO 1
Surfaced after a successful groupbuy on December 9, 2023.",3:02,,"Dec 9, 2023",OG File,CD Quality,https://pillows.su/f/af4acc18ee8725cf44b346743cc278e8
DS4EVER,"bury my pain [V1]
(feat. Lil Keed) (prod. Taurus)
(drowning my pain)","First demo version of ""bury my pain"".",3:14,,"May 14, 2022",Full,CD Quality,https://pillows.su/f/9d5ec5e9edab2293a20f34bc4bae232e
DS4EVER,"can't beat us
(prod. Kenny Stuntin)
(family strong, don't talk much)","OG Filename: CANT BEAT US Prod KENNY
First previewed on July 26, 2023. Two CDQ snippets surfaced on February 24, 2024. Leaked in full on March 7, 2024.",3:35,,"Mar 7, 2024",OG File,CD Quality,https://pillows.su/f/78f8f44b7e294e86df08f93c654f501d
DS4EVER,"casamigo shots
(prod. Taurus)","OG Filename: CASAMIGO SHOTS Prod TAURUS
Throwaway from 2021.",2:04,,"Nov 29, 2024",OG File,CD Quality,https://pillows.su/f/7b09be4b567b1d399361c04b7b523446
DS4EVER,"changing the climate
(prod. Taurus)","OG Filename: CHANGING THE CLIMATE Prod Taurus (Op Vrs)
Open verse demo from the DS4EVER sessions. Leaked after a successful $650 groupbuy.",2:44,,"Mar 3, 2025",OG File,CD Quality,https://pillows.su/f/e4ba5745688811e86ff85a0a739722de
DS4EVER,"die alone [V1]
(with Chris Brown) (feat. BLEU) (prod. LNKmusic, Ambezza & DJ Cash)","OG Filename: DIE ALONE Prod. DJ CASH
Original version of DS4EVER track ""die alone"".",4:00,,"Sep 23, 2022",OG File,CD Quality,https://pillows.su/f/4b69097ebe8d0e4e03c96cf64247db14
DS4EVER,"die alone [V2]
(prod. LNKmusic, Ambezza & DJ Cash)","OG Filename: DIE ALONE Only Gunna Vrs
Version of ""die alone"" exported with only Gunna's vocals. Has no autotune, adlibs, or background vocals.",2:10,,"May 3, 2026",OG File,CD Quality,https://pillows.su/f/74afbbc18e155e81c3ca64d044166c18
DS4EVER,"die alone [V3]
(with Chris Brown) (feat. BLEU) (prod. LNKmusic, Ambezza & DJ Cash)","OG Filename: 15. DIE ALONE w Transitions
Version of ""die alone"" dated October 8, 2021.",4:07,"Oct 8, 2021","May 9, 2024",OG File,Lossless,https://pillows.su/f/3e34f8e8ce5b2a3dfb510cf61291c114
DS4EVER,"⭐ different mind state
(prod. Wheezy)","OG Filename: 01 DIFFERENT MIND STATE Prod WHEEZY
Leaked after a successful groupbuy on November 28, 2023.",2:38,,"Nov 28, 2023",OG File,CD Quality,https://pillows.su/f/512a02509a498bba88682e7617e9a2d1
DS4EVER,"don't do that
(prod. DJ Cash)
(do that, payed)","OG Filename: DONT DO THAT Prod. DJ CASH
OG File (Metadata): DO THAT Prod. DJ CASH
Open verse demo from 2021. First previewed by DJ Cash then again by Gunna.",3:44,,"Dec 26, 2022",OG File,CD Quality,https://pillows.su/f/afb985d5823710efcda040b9cc75bc47
DS4EVER,"don't go
(prod. Taurus)","OG Filename: DONT GO Prod. TAURUS (Unfinished)
Throwaway from 2021. Leaked alongside ""young and single"" after a $900 groupbuy.",1:36,,"Feb 16, 2025",OG File,CD Quality,https://pillows.su/f/f6d38c46fc6d5a6d55c28c43e5310301
DS4EVER,"⭐ don't gotta flex
(feat. Guap Tarantino) (prod. Wheezy)
(monopoly)","OG Filename: DONT GOTTA FLEX x GUAP Prod WHEEZY (GUNNA)
Leaked on November 25, 2022. OG file surfaced on December 25th, 2022.",2:31,,"Nov 25, 2022",OG File,CD Quality,https://pillows.su/f/f5284367eeb48691e4303dd3715edd10
DS4EVER,"dying for nothing
(prod. Taurus)","OG Filename: DYING FOR NOTHING Prod TAURUS
Previewed in Gunna Hub on January 14, 2024. Another snippet surfaced on February 14, 2024. Leaked in full on June 20, 2024.",2:59,,"Jun 20, 2024",OG File,CD Quality,https://pillows.su/f/5879427fae82429000ad8a387d218584
DS4EVER,"empire [V1]
(prod. Charlie Handsome)
(so far ahead > empire)","OG FIlename: EMPIRE Prod CHARLIE HANSON
Rough mix of the second half of track 18 on DS4EVER, ""so far ahead > empire"".",2:41,,"Apr 27, 2026",OG File,CD Quality,https://pillows.su/f/2e22f62f5e090c8319120c94d17d6899
DS4EVER,"flooded [V8]
(prod. Young Twix)","OG Filename: FLOODED MIX 8
Eighth mix of track 15 on DS4EVER, ""flooded"". Still missing producer tag; has a louder mix than V1.",2:31,"Sep 29, 2021","May 3, 2026",OG File,High Quality,https://pillows.su/f/f3c59e0f005096fdd021a50b346c6416
DS4EVER,"flooded [V12]
(prod. Young Twix)","OG Filename: 10. FLOODED_01
Version of ""flooded"" dated October 8, 2021.",2:33,"Oct 8, 2021","May 9, 2024",OG File,Lossless,https://pillows.su/f/6ebbabab39218f0a8f9f8ac04f463e85
DS4EVER,"money all in [V1]
(prod. Rvssian)
(fresh out the can)","OG Filename: MONEY ALL IN x GUNNA
Version of ""money all in"", also known as ""fresh out the can"", without Offset's verse. Dated 2021. Has a slightly different mix.",1:21,,"Mar 8, 2026",OG File,CD Quality,https://pillows.su/f/d6a065830d5ae2df95421f2c004acf49
DS4EVER,"⭐ money all in [V2]
(prod. Rvssian)
(fresh out the can)","OG Filename: (untitled) feat. Offset & Rvss
Initially presumed to be 2023 due to Gunna's lyrics. Gunna claimed on Instagram that the song was made in 2018. Surfaced after a successful $600 groupbuy on November 6, 2023.",2:17,,"Nov 6, 2023",OG File,CD Quality,https://pillows.su/f/8added5469d4a6fa537deacee9bb921f
DS4EVER,"friday [V1]
(prod. Taurus)","OG Filename: FRIDAY - GUNNA Prod Taurus
Open verse demo from the DS4EVER sessions. Snippet surfaced on July 26, 2022.",2:45,,"Nov 26, 2022",OG File,CD Quality,https://pillows.su/f/24d5b2fcbd346d86a97cb89e9d7cd15a
DS4EVER,"game is taught [V2]
(feat. T.I.) (prod. Kenny Stuntin & Louis Oblin)
(took some losses)","OG Filename: GUNNA- GAME IS TAUGHT X TI
Throwaway from 2020 with a T.I. feature recorded in 2021.",3:09,,"Aug 11, 2025",OG File,CD Quality,https://pillows.su/f/c7e60c5d08dee75b8d42ac1e51584a28
DS4EVER,"got you fasho
(prod. Taurus)
(let it go)","OG Filename: GOT YOU FOSHO Prod TAURUS
First previewed on June 30, 2021.",2:37,,"Sep 23, 2022",OG File,CD Quality,https://pillows.su/f/59e770c6ac5bdb220377a0cdf6dd385a
DS4EVER,"gotta be
(prod. Taurus)","OG Filename: GOTTA BE Prod TURUS
OG File (Metadata): FLO TEMP SSS
Throwaway from the DS4EVER sessions.",1:53,,"Jan 6, 2024",OG File,CD Quality,https://pillows.su/f/903a477fa4bcdad75ecd35769ae0ae6a
DS4EVER,"high
(prod. Turbo & Kenny Stuntin)
(backseat, sky high)","OG Filename: HIGH Prod. KENNY
OG File (Metadata): HIGH PROD KENNY
Previewed. Leaked after a successful $750 groupbuy on January 14, 2024.",2:17,,"Jan 14, 2023",OG File,CD Quality,https://pillows.su/f/92af35d3bdead1bdd93691b00864ee37
DS4EVER,"i lead, they follow
(prod. Wheezy)
(i lead they follow, cabo)","OG Filename: I LEAD THEY FOLLOW Prod WHEEZY (Unfinished)
Open verse demo from the DS4EVER sessions. First previewed on March 8, 2021.",2:09,,"Sep 13, 2022",OG File,CD Quality,https://pillows.su/f/48c698b4e2618d92d2d9a92f44580fbb
DS4EVER,"i love her like
(prod. Turbo)",Throwaway from the DS4EVER sessions.,2:28,,"Mar 8, 2022",Full,CD Quality,https://pillows.su/f/f2d4f1dd5fb5f52526cbb8ecec87d7fe
DS4EVER,"i'm home
(prod. Turbo)","OG Filename: IM HOME Prod Turbo
First surfaced as a CDQ snippet on February 25, 2022. Previewed again in GunnaHub on January 15, 2024. Leaked on February 14, 2024.",3:28,,"Feb 14, 2024",OG File,CD Quality,https://pillows.su/f/6c99c01bde863031c82cf52dc72507fe
DS4EVER,"it's nothing
(prod. Turbo)
(end of discussion)","OG Filename: ITS NOTHING Prod TURBO (Open Verse)
First previewed by Gunna in an Instagram story on August 27, 2021. A CDQ snippet of the song surfaced on December 25, 2022. Leaked after a successful groupbuy on January 16, 2024.",3:12,,"Jan 16, 2024",OG File,CD Quality,https://pillows.su/f/0f3e5e1620d736734a8d452e7bd42c33
DS4EVER,"jet to montego bay
(prod. Taurus)","OG Filename: JET TO MONTEGO BAY (Hook)
Hook-only demo from 2021. Uses the same beat as the 2nd half of ""Stupid/Asking"" by Young Thug. Leaked as a bonus in a successful $1,500 groupbuy for ""Choppa Pillow"".",3:17,,"Jan 14, 2025",OG File,CD Quality,https://pillows.su/f/916585de187270d155c0d14dfbd55014
DS4EVER,"⭐ jumpback
(feat. Young Thug) (prod. Wheezy)
(jump back, snakes in the grass, rules of the game)","OG Filename: JUMPBACK - GUNNA X THUG PROD WHEEZY
Originally intended to release on DS4EVER. Previewed by @lilfred_slatt on June 23, 2021 during Lil Duke's birthday celebration.",2:01,,"Sep 23, 2022",OG File,CD Quality,https://pillows.su/f/0b681d0d156c5517f8aa61717f94dd92
DS4EVER,"left her in last year
(prod. DJ Cash)
(keeping it wavy)","OG Filename: LEFT HER IN LAST YEAR Prod DJ CASH
Recorded on January 7, 2021.",2:05,"Jan 7, 2021","Dec 25, 2022",OG File,CD Quality,https://pillows.su/f/76e4e5d6978e4710b07e517778b39955
DS4EVER,"let me know
(prod. Turbo)","OG Filename: LET_ME_KNOW_Prod_TURBO
Surfaced with a tag in the outro after an $800 groupbuy. OG file leaked the next day.",3:22,,"Jul 11, 2025",OG File,CD Quality,https://pillows.su/f/c861bb46be4f3692904698fbf3e3539b
DS4EVER,"life of sin [V1]
(prod. Dez Wright & Wheezy)
(life a scene)","OG Filename: 03. LIFE A SCENE Prod WHEEZY-1
Open verse version of ""life of sin"".",2:52,,"May 3, 2026",OG File,CD Quality,https://pillows.su/f/e7ac8550597ac3353def0c7474789008
DS4EVER,"life of sin [V2]
(prod. Dez Wright & Wheezy)
(life a scene)","OG Filename: LIFE A SCENE Single Vrs
Version of ""life of sin"" with no Nechie verse.",1:50,,"May 3, 2026",OG File,CD Quality,https://pillows.su/f/ec8acac7cd537598e8585cac279a5c07
DS4EVER,"life of sin [V3]
(prod. Dez Wright & Wheezy)
(life a scene)","OG Filename: 03. LIFE OF SIN_01
Open verse version of ""life of sin"" dated October 8, 2021. Has a quieter mix.",2:52,"Oct 8, 2021","May 9, 2024",OG File,Lossless,https://pillows.su/f/b6175915f07b014b68cb6808ccd9a83e
DS4EVER,"life of sin [V4]
(feat. Nechie) (prod. Dez Wright & Wheezy)
(life a scene)","OG Filename: LIFE A SCENE GUNNA X NECHIE  2
Original version of DS4EVER track, ""life of sin"". Has a slightly louder mix.",2:52,,"Dec 6, 2022",OG File,CD Quality,https://pillows.su/f/0d222801107320a00489273caca96fb6
DS4EVER,"livin wild [V1]
(prod. Turbo & Hey McNab)
(why me baby)","OG Filename: WHY ME BABY Prod. TURBO 
Original version of DS4EVER track, ""livin wild"". Has a longer outro. The bass guitar is missing.",2:34,,"Sep 23, 2022",OG File,CD Quality,https://pillows.su/f/01d3a715d347f2d41c0e355fead8e08b
DS4EVER,"livin wild [V2]
(prod. Turbo & Hey McNab)
(why me baby)","OG Filename: 13. WHY ME BABY_01
Version of ""livin wild"" dated October 8, 2021. The bass guitar plays throughout the entire song.",2:35,"Oct 8, 2021","May 9, 2024",OG File,Lossless,https://pillows.su/f/6265301c56be175b688c09df0dc37ee1
DS4EVER,"livin wild [V6.5]
(prod. Turbo & Hey McNab)
(why me baby)","OG Filename: WHY ME BABY MIX 6.5
Version of ""livin wild"" dated October 21, 2021. Has an alternate outro with the bass guitar mixed louder. The intro contains Turbo's tag.",2:35,"Oct 21, 2021","May 3, 2026",OG File,High Quality,https://pillows.su/f/4fd09f653553affc5a109dc87d1880ae
DS4EVER,"look at it
(prod. Taurus)","OG FIlename: LOOK AT IT Prod. Taurus (Op Vrs)
Open verse demo from the DS4Ever sessions.",3:47,,"Jan 16, 2025",OG File,CD Quality,https://pillows.su/f/cfb6f097ddf0490728a3c896ab16cfca
DS4EVER,"love all y'all
(prod. Wheezy)
(penthouse in the hills, life, beliefs)","OG Filename: LOVE ALL YALL Prod WHEEZY
First previewed by Gunna in an Instagram story on September 22, 2021. Previewed several times in December of 2022. Initially purported to be produced by Taurus. CDQ snippet surfaced on April 28, 2026. Another snippet surfaced on May 18, 2026. Was slated for a $1,000 groupbuy on May 19, 2026, but failed due to lack of participation. Previewed by Booka on June 1, 2026. Leaked alongside ""margiela steppers"" on June 24, 2026 after a successful $1,200 groupbuy.",2:49,,"Jun 24, 2026",OG File,CD Quality,https://pillows.su/f/3f73fdb5034cbe4ac0f8ac0dede69315
DS4EVER,"murakami
(prod. Hey McNab & Grayson Beats)
(mary cummin, studio junkie)","OG FIlename: MARY CUMMIN Prod MCNAB (Op Vrs)
First previewed by Gunna. Contains an open verse.",2:28,,"Feb 2, 2023",OG File,CD Quality,https://pillows.su/f/6ffd174a3bb9b641a30b633db519a4be
DS4EVER,"mop [V2]
(feat. Young Thug) (prod. Dez Wright & Wheezy)
(spider web spud)","OG Filename: 06. MOP_01
Original version of ""mop"" from a DS4EVER tracklist dated October 8, 2021.",3:04,"Oct 8, 2021","May 9, 2024",OG File,Lossless,https://pillows.su/f/a3631d81c0c583a65f80b5bc8b69128f
DS4EVER,"missing me [V1]
(prod. Wheezy, Bobby Raps & Adriano)
(miss me)","OG Filename: MISS ME Prod Wheezy 2
Original version of DS4EVER track ""missing me"".",2:58,,"Sep 23, 2022",OG File,CD Quality,https://pillows.su/f/3f42f9f949e9ba0872506542a8b01597
DS4EVER,"missing me [V2]
(prod. Wheezy, Bobby Raps & Adriano)
(miss me)","OG Filename: 16. MISS ME_01
Version of ""missing me"" dated October 8, 2021.",2:59,"Oct 8, 2021","May 9, 2024",OG File,Lossless,https://pillows.su/f/1f4e2d7c35fa0a9aec2a0ae05b6eb63e
DS4EVER,"⭐ my name ring bells
(feat. Young Thug) (prod. Mike WiLL Made-It & Zaytoven) 
(keep it playa)","OG Filename: MY NAME RING BELLS x THUG Prod Mike Will x Zaytoven 1
First previewed on December 3, 2021.",2:00,,"Sep 19, 2022",OG File,CD Quality,https://pillows.su/f/de16494f15cc5e374acbcff3ca6f83bb
DS4EVER,"never
(prod. Taurus)","OG Filename: NEVER - Gunna prod Taurus
Track was unheard prior to a snippet surfacing November 8, 2022.",3:01,,"Nov 13, 2022",OG File,CD Quality,https://pillows.su/f/e878fba319e9b36009233535d35ccfc2
DS4EVER,"no silverado
(prod. Aldaz, ​lvl35dav & Taurus)
(On My Way)","OG Filename: NO SILVERADO PROD TAURUS (UNFINSIHED)
Demo recorded on March 26, 2021. Surfaced on November 25, 2022. OG file surfaced on March 18, 2023.",2:18,"Mar 26, 2021","Mar 18, 2023",OG File,Lossless,https://pillows.su/f/153ec90719f9a9207eaff57bec300926
DS4EVER,"nobody's slave
(feat. CEO Trayle) (prod. Wheezy & Bak)","OG Filename: Gunna x Trayale 2
Throwaway from the DS4EVER sessions.",1:37,,"Mar 30, 2023",OG File,CD Quality,https://pillows.su/f/854debc6b57777d61cb163e96fc5f10c
DS4EVER,"⭐ occupation [V1]
(feat. Strick) (prod. Wheezy & Taurus)
(tax free)","OG Filename: OCCUPATION x STRICk Prod  WHEEZY x TAURUS
Demo version with a rougher mix.",4:06,,"Sep 23, 2022",OG File,CD Quality,https://pillows.su/f/3762193a3c4e8d812b975a1e8a01c1ad
DS4EVER,"occupation [V2]
(feat. Strick) (prod. Wheezy & Taurus)
(tax free)","OG Filename: 12. TAX FREE x STRICK_01
Version of ""occupation"" dated October 8, 2021.",3:59,"Oct 8, 2021","May 9, 2024",OG File,Lossless,https://pillows.su/f/842a2902d3a21fbf07929d58456d6f7c
DS4EVER,"occupation [V3]
(feat. Strick) (prod. Wheezy & Taurus)
(tax free)",Release ready throwaway that was supposed to release on the DS4EVER (Deluxe).,,,"Jan 11, 2022",Full,High Quality,Link Needed
DS4EVER,"titanic
(feat. Big 30) (prod. Wheezy)","OG Filename: TITANIC x BIG 30 Prod WHEEZY
Throwaway from 2021. Previewed in GunnaHub on December 12, 2024.",2:26,,"Aug 30, 2025",OG File,CD Quality,https://pillows.su/f/f2811444bf5f9c223d41df1cb29f93e4
DS4EVER,"⭐ pass the test
(prod. Turbo & Young Troy)
(hood on my back, under attack)","OG Filename: PASS THE TEST Prod TURBO 2
First previewed on May 7, 2021.",2:44,,"Jul 18, 2022",OG File,CD Quality,https://pillows.su/f/eabe219a943dc60d977363e192fe03f4
DS4EVER,payday,"OG Filename: Gunna - Payday (reef)
Previewed in GunnaHub on December 28, 2023. Considered for a $550 groupbuy on January 2, 2024. Leaked on January 21, 2024.",1:49,,"Jan 21, 2024",OG File,CD Quality,https://pillows.su/f/e6c22b60f5d5191656b00099da2a3f5b
DS4EVER,"playas only
(prod. Mike WiLL Made-It & Shawn Ferrari)","OG Filename: AUDIO_5831
OG File (Metadata): PLAYAS ONLY Prod MIKE WILL
Release ready version that was supposed to release on the DS4EVER (Deluxe). Mike Will confirmed that the song was going to release. File has nearly 3 minutes of silence at the end.",4:50,,"May 26, 2022",OG File,CD Quality,https://pillows.su/f/26500e4a3364d9dc464844514b3ca02c
DS4EVER,"private island [V1]
(prod. Gitty, Rex Kudo, & Wheezy)","OG Filename: PRIVATE ISLAND Prod. WHEEZY (Unfinished)
Original unfinished version.",2:12,,"Sep 23, 2022",OG File,CD Quality,https://pillows.su/f/14071f322395ef380ab1454fafaf4eed
DS4EVER,"private island [V2]
(prod. Gitty, Rex Kudo, & Wheezy)",Leak mix that surfaced prior to release.,,,"Dec 24, 2021",Full,CD Quality,Link Needed
DS4EVER,"private island [V3]
(prod. Gitty, Rex Kudo, & Wheezy)","OG Filename: 01. PRIVATE ISLAND_01
Original version of ""private island"" dated October 8, 2021.",2:11,"Oct 8, 2021","May 9, 2024",OG File,Lossless,https://pillows.su/f/546e26bfbd66428573bc24d3e81a751c
DS4EVER,"push start [V1]
(prod. Turbo, Hey McNab & Kenny Stuntin)","OG Filename: GUNNA- PUSH START (OPEN VERSE)
Original version with an open verse.",2:03,,"Oct 12, 2021",OG File,CD Quality,https://pillows.su/f/3fb50c780bc09e714c7110a21997a146
DS4EVER,"push start [V2]
(prod. Turbo, Hey McNab & Kenny Stuntin)","OG Filename: PUSH START Prod PLAYMAKERS 2
Release ready version that was supposed to release on the DS4EVER (Deluxe). First previewed by Gunna on May 4, 2021.",2:03,,"Sep 23, 2022",OG File,CD Quality,https://pillows.su/f/4262409b7ae2fdeefa060e28e9187ede
DS4EVER,"P power [V2]
(prod. Metro Boomin)
(pussy power)","OG Filename: PUSSY POWER V2
Solo version of ""P power"". Dated July 27, 2021.",3:14,"Jul 27, 2021","Sep 23, 2022",OG File,Lossless,https://pillows.su/f/aa2440d8748de4e908776be42e6072cc
DS4EVER,"P power [V3]
(prod. Metro Boomin)
(pussy power)","OG Filename: 05. PUSSY POWER BPM 119.2_01
Alternate solo version of ""P power"". Contains additional vocals from Gunna and doesn't have Metro's producer tag. Dated October 8, 2021.",3:13,"Oct 8, 2021","Nov 23, 2022",OG File,Lossless,https://pillows.su/f/54a53b08dbe0ae157155eb145e8e249e
DS4EVER,"P power [V4]
(feat. Drake) (prod. Metro Boomin)
(pussy power)","OG Filename: 06. Pussy Power (88.2k)_Main Mix V3.2_L2
Version of ""P power"" featuring Drake. Converted from WAV.",3:13,,"May 3, 2026",OG File,CD Quality,https://pillows.su/f/d90f3e4347a2a71bf939fa2ea6085294
DS4EVER,"⭐ P power [V5]
(feat. Drake) (prod. Metro Boomin)
(pussy power)","Original release ready version of ""P power"" with the original sample that was cut from the final due to sample clearance issues.",3:13,,"Jan 8, 2022",Full,CD Quality,https://pillows.su/f/a9d898428651521a28627d1e2d7bf29f
DS4EVER,"racks to the tater
(feat. Lil Keed) (prod. Taurus)
(rack to the table)","OG Filename: RACK TO THE TATER Prod. Taurus 1
Throwaway from the DS4EVER sessions.",3:24,,"Dec 14, 2022",OG File,CD Quality,https://pillows.su/f/5646e959727a44421d5595b9488321b5
DS4EVER,"⭐ ran it up
(prod. Turbo)","OG Filename: RAN IT UP Prod. TURBO
Previewed in GunnaHub on January 19, 2024. Leaked in full on March 17, 2024.",3:02,,"Mar 17, 2024",OG File,CD Quality,https://pillows.su/f/c3bf8e0c702a0be24697271b26fcade9
DS4EVER,"real life goals
(prod. Outtatown & Wheezy)","OG Filename: REAL LIFE GOALS Prod. WHEEZY
Shares the same instrumental as ""Mil In Vegas"" by Young Thug & NAV. Previewed by Lil Keed on April 23, 2021.",3:20,,"Dec 6, 2022",OG File,CD Quality,https://pillows.su/f/5d01459be2acce535fe3beaf18e6d8d8
DS4EVER,"relations
(prod. Turbo)","OG Filename: Gunna - RELATIONS Prod. By Turbo (Open Vrs)
Leaked with name and metadata modified on July 2, 2024; OG file surfaced on April 25, 2026. On an original tracklist for DS4EVER. Contains an open verse.",3:15,,"Jul 2, 2024",OG File,CD Quality,https://pillows.su/f/aac6dcb9493fdfb8d11a2cd508e7b553
DS4EVER,"rich in a pandemic
(prod. Taurus)","OG Filename: RICH IN A PANDEMIC Prod TAURUS (OP VRS)
Open verse demo from the DS4EVER sessions.",3:12,,"Jan 18, 2023",OG File,CD Quality,https://pillows.su/f/d91f7d71fb73d48c69f77e798fe9d847
DS4EVER,"⭐ say no more
(prod. Wheezy & BabyWave)
(upside down)","OG Filename: SAY NO MORE Prod. JUSTIN
First previewed on April 4, 2021. Lossless file surfaced on July 26, 2026.",3:07,"Apr 4, 2021","Dec 26, 2022",OG File,Lossless,"https://pillows.su/f/7e0c47388efbd10c5f2710576fd07fa4
https://pillows.su/f/094bebe2c0b736fc15312a4c9f199348"
DS4EVER,"see da top [V2]
(rainy days)","OG Filename: SEE DA TOP x GUNNA NEW HOOK VRS 2
Open verse demo from the DS4EVER sessions.",2:31,,"Mar 1, 2023",OG File,CD Quality,Link Needed
DS4EVER,"serious money
(prod. Taurus, TM88 & Money Musik)
(poppin)","OG Filename: WUNNA SERIOUS MONEY TM
First previewed on May 2, 2021.",2:36,,"Dec 23, 2022",OG File,CD Quality,https://pillows.su/f/0b227881d8707cb0ac88a516ff6615dc
DS4EVER,"so committed
(prod. Turbo, Kenny Stuntin, Louis Oblin, & Off & Out)
(sky is the limit)","OG Filename: SO COMMITTED Prod TURBO x KENNY 2
First previewed on October 29, 2021. Previewed in GunnaHub on April 23, 2026. Leaked on May 6, 2026 after a successful private-buy-to-leak.",2:44,,"May 6, 2026",OG File,CD Quality,https://pillows.su/f/288d262afb43fe104e4e75aea5164446
DS4EVER,"so far ahead [V1]
(prod. Taurus, Turbo, Bak, lvl35dav, & Aldaz)
(so far ahead > empire)","OG FIlename: SO FAR AHEAD Prod TAURUS x TURBO
Original version of DS4EVER track, ""so far ahead > empire"", before being combined with the ""empire"" part of the song.",2:55,,"Sep 23, 2022",OG File,CD Quality,https://pillows.su/f/d00538a62aaabb11edcd737643cd630a
DS4EVER,"so far ahead [V2]
(prod. Taurus, Turbo, Bak, lvl35dav, & Aldaz)
(so far ahead > empire)","OG Filename: 17. SO FAR AHEAD_01
Version of ""so far ahead"" dated October 8, 2021.",2:57,"Oct 8, 2021","May 9, 2024",OG File,Lossless,https://pillows.su/f/b0d7f7a7c7eeb7aca5adf67343ff236d
DS4EVER,"south to west [V1]
(prod. Byrd & Turbo)
(mess, south to the west)","OG Filename: MESS Prod. TURBO (Open Vrs)
OG File (Metadata): SOUTH TO THE WEST Prod. Turbo (Open Vrs)
Open verse demo version of DS4EVER track, ""south to west"".",2:59,,"Sep 23, 2022",OG File,CD Quality,https://pillows.su/f/04d7a85eb40986544b8b719044274e2c
DS4EVER,"south to west [V2]
(prod. Byrd & Turbo)
(mess, south to the west)","OG Filename: SOUTH TO THE WEST Prod Turbo 2
Rough mix of track 10 on DS4EVER, ""south to west"". Has a longer outro.",2:16,,"Apr 25, 2026",OG File,CD Quality,https://pillows.su/f/1300738749e472110015f46ceeeb637f
DS4EVER,"south to west [V3]
(prod. Byrd & Turbo)
(mess, south to the west)","OG Filename: 09. MESS - SOUTH TO THE WEST_01
Original version of ""south to west"" dated October 8, 2021. Retains the outro from V2.",2:17,"Oct 8, 2021","May 9, 2024",OG File,Lossless,https://pillows.su/f/6c3020a2ba82598da99206a14237c03c
DS4EVER,"stain
(prod. Turbo & DY Krazy)","OG Filename: STAIN Prod TURBO (Open Vrs)
Contains an open verse.",3:27,,"May 12, 2024",OG File,CD Quality,https://pillows.su/f/7a3c4630d960e4fcd5cd84b4a514124a
DS4EVER,"stocks
(prod. Metro Boomin)","OG Filename: STOCKS Prod METRO (Op Vrs)
Open verse demo from the DS4EVER sessions.",3:50,,"Mar 30, 2023",OG File,CD Quality,https://pillows.su/f/f11188a00c8cd55808c354022a374252
DS4EVER,"switch lanes [V1]
(feat. Yak Gotti & CEO Trayle) (prod. Wheezy & Dez Wright)
(switchen lanes)","OG Filename: SWITCH LANES x YAK x TRAYLE Prod Wheezy
Recorded on June 13, 2021.",3:32,"Jun 13, 2021","Sep 23, 2022",OG File,CD Quality,https://pillows.su/f/fb77cf13895d34820bd5db65bcf44576
DS4EVER,"⭐ switchen lanes [V2]
(feat. Yak Gotti & CEO Trayle) (prod. Wheezy & Dez Wright)
(switch lanes)","OG Filename: 08. SWITCHEN LANES_01
Release ready version dated October 8, 2021 that was going to be track 8 on the original version of DS4EVER. Leaked on December 15, 2021. Leaked in lossless quality on May 9, 2024.",4:02,"Oct 8, 2021","May 9, 2024",OG File,Lossless,https://pillows.su/f/87d27c1d01044def7949dd52cd5b2fc6
DS4EVER,"thank god for the riches
(feat. CEO Trayle) (prod. Turbo, Hey McNab & Kenny Stuntin)","OG Filename: THANK GOD FOR THE RICHES
Throwaway from the DS4EVER sessions.",2:48,,"Jan 18, 2023",OG File,CD Quality,https://pillows.su/f/3ad82e5b280098ddd628b9114e28cb07
DS4EVER,"⭐ that's him
(prod. Turbo)","OG Filename: THATS HIM - GUNNA Prod Turbo
Throwaway from the DS4EVER sessions. Snippet surfaced on July 26, 2022.",2:18,,"Mar 21, 2023",OG File,CD Quality,https://pillows.su/f/5a620a1768a80014b4b0eb4b702a7fbb
DS4EVER,"that's ok
(feat. CEO Trayle) (prod. Turbo)","OG Filename: 01 THATS OK Prod TURBO 2
First previewed by Turbo.",2:05,,"Feb 16, 2023",OG File,CD Quality,https://pillows.su/f/95c798aaab2aed99dca420d4c98b3a7f
DS4EVER,"this summer
(prod. Turbo)","OG Filename: THIS SUMMER Prod TURBO
OG File (Metadata): THIS SUMMER Prod TURBO (Unfini
Demo from 2021. Considered as a bonus for the ""CHOPPER PILLOW"" groupbuy. Was considered for a groupbuy with ""MADE IT OUT"" on March 16, 2025.",1:23,,"Aug 3, 2025",OG File,CD Quality,https://pillows.su/f/13bb0ab6ed57e3079d24e1f71b3c83ed
DS4EVER,"thought i was playing [V1]
(with 21 Savage) (prod. iWeirdo, Mike WiLL Made-It & Shawn Ferrari)","OG Filename: 04. THOUGHT I WAS PLAYING x 21_01
Original version of DS4EVER track ""thought i was playing"" dated October 8, 2021.",2:36,"Oct 8, 2021","May 9, 2024",OG File,Lossless,https://pillows.su/f/58079b36edafbf3e1b869dc9a70a0d3f
DS4EVER,"thought i was playing [V2]
(with 21 Savage) (prod. iWeirdo, Mike WiLL Made-It & Shawn Ferrari)","OG Filename: Thought I was Playing Feat. 21 Savage
Original unmastered version of DS4EVER track ""thought i was playing"".",2:48,,"Sep 23, 2022",OG File,CD Quality,https://pillows.su/f/c82f115d1e923940ccf661c000a87645
DS4EVER,"too easy [V1]
(prod. Sean Momberger & Wheezy)","OG Filename: SHIT TOO EASY Prod WHEZZY (Open VRS)
Version of ""too easy"" with an open verse in place of Future's verse. The open verse is shorter than Future's verse.",2:15,,"Jan 23, 2026",OG File,CD Quality,https://pillows.su/f/3ea522eb706ae2744fe13de5b08ea929
DS4EVER,"too easy [V2]
(with Future) (prod. Sean Momberger & Wheezy)
(shit too easy)","OG Filename: Shit too easy w future x gunna (REF)
Original version of ""too easy"" with rougher mix. Dated June 11, 2021.",2:27,"Jun 11, 2021","Sep 23, 2022",OG File,Lossless,https://pillows.su/f/97d8d5eddf67c752536e124959113fbd
DS4EVER,"too easy [V3]
(with Future) (prod. Sean Momberger & Wheezy)
(shit too easy)","OG Filename: TOO EASY - GUNNA X FUTURE Prod. Wheezy
Flo mixed version. Dated June 13, 2021.",2:27,"Jun 13, 2021","Sep 23, 2022",OG File,High Quality,https://pillows.su/f/47e7e86d282600df7898786c327f0f2d
DS4EVER,"too easy [V4]
(with Future) (prod. Sean Momberger & Wheezy)
(shit too easy)","OG Filename: 07. SHIT TOO EASY_01
Version of ""too easy"" dated October 8, 2021.",2:19,"Oct 8, 2021","May 9, 2024",OG File,Lossless,https://pillows.su/f/1ab4da551011d4341bc4ba2a5e182291
DS4EVER,"⭐ trill bae
(prod. Turbo)","OG Filename: TRILL BAE Prod. Turbo
A CDQ snippet surfaced on July 26, 2022. Previewed again in GunnaHub in low quality on January 19, 2024. Slated for a groupbuy on September 24, 2024, but was cancelled. Was considered as a bonus for ""6 SPEED"". Leaked on January 23, 2025.",2:07,,"Jan 23, 2025",OG File,CD Quality,https://pillows.su/f/03b01344f8d6bc7f1bb44ef4f8d5a77f
DS4EVER,"trimm
(prod. Wheezy)","OG Filename: TRIMM Prod Wheezy (Op Vrs)
Open verse demo from the DS4EVER sessions.",2:56,,"Jan 20, 2024",OG File,CD Quality,https://pillows.su/f/5f5c5601744d22535bfc156e8f76c3e7
DS4EVER,"⭐ used to stress
(prod. Kenny Stuntin)
(valley, came from cali)","OG Filename: USED TO STRESS Prod KENNY
Previewed by Gunna on June 16, 2021. Contains an open verse. Surfaced after a succesful $650 groupbuy.",2:16,,"Oct 28, 2023",OG File,CD Quality,https://pillows.su/f/b52d1a77abcdd22d3ce9148bc28e7eb5
DS4EVER,"wait for me
(prod. Kenny Stuntin)","OG Filename: WAIT FOR ME Prod KENNY
Open verse demo from 2021.",2:13,,"Jul 11, 2024",OG File,CD Quality,https://pillows.su/f/f95dd3bcc8acae5e72a9dde6a5f24809
DS4EVER,"we gonna be ok
(prod. Taurus)","OG Filename: GUNNA - WE GONNA BE OK Prod Taurus
A CDQ snippet surfaced on July 26, 2022. Another CDQ snippet surfaced on February 27, 2024. Leaked in full on March 17, 2024.",1:58,,"Mar 17, 2024",OG File,CD Quality,https://pillows.su/f/2495105a728f54b607c051a515668427
DS4EVER,"we not the same
(prod. Taurus & Turbo) (feat. Yak Gotti & Lil Duke)","Throwaway from 2021. First previewed on August 3, 2022 and privatebought shortly thereafter.",3:25,,"May 2, 2025",Full,CD Quality,https://pillows.su/f/7e634b278f99f0b4fff8fea8b8562c6a
DS4EVER,"weekend
(prod. Taurus)","OG Filename: WEEKEND Prod TAURUS
Throwaway from the DS4EVER sessions.",2:38,,"Nov 19, 2022",OG File,CD Quality,https://pillows.su/f/fcc233b45fec6e36f40dd727be52db03
DS4EVER,"what it takes
(prod. Turbo)","OG Filename: WHAT IT TAKES Prod TURBO (Unfinished)
Instrumental previewed by Turbo on September 18, 2021. Was likely considered for Untitled (2022) as it was previewed multiple times by Turbo and others in 2022. Leaked on September 8, 2025 with metadata likely modified.",2:36,,"Sep 8, 2025",OG File,CD Quality,https://pillows.su/f/94c264cbb8f893345118ba7086aceb20
DS4EVER,"woke up
(prod. Mike WiLL Made-It)","OG Filename: WOKE UP Prod. MIKE WILL
Throwaway from the DS4EVER sessions.",1:48,,"Oct 3, 2023",OG File,CD Quality,https://pillows.su/f/87a5b324224980b9878e04900bc9b2dc
DS4EVER,"wow wow [V1]
(prod. Pharrell)","OG Filename: WOW WOW x GUNNA
Version of ""wow wow"" with a different outro.",1:16,,"Mar 4, 2026",OG File,CD Quality,https://pillows.su/f/f3023e3742c87b633e8c290613cec01a
DS4EVER,"wow wow [V2]
(prod. Pharrell)","Cut demo previewed in GunnaHub on January 4, 2026.",1:24,,"Mar 3, 2026",Full,CD Quality,https://pillows.su/f/73643c00e955c158099a0169af153a5c
DS4EVER,"a mink [V1]
(prod. Turbo)","OG Filename: A MINK Prod TURBO (NEW)
Open verse demo of ""a mink"". Snippet surfaced on April 25, 2026. Leaked on June 6, 2026.",2:06,,"Jun 6, 2026",OG File,CD Quality,https://pillows.su/f/277d05cca5c4dd3c2e698676ca138c66
DS4EVER,"by any means
(prod. Taurus)
(collard greens)","First previewed on September 7, 2021. Possibly recorded in the same session as ""serious money (every time i land)"".",,,"Sep 7, 2021",Snippet,Low Quality,Link Needed
DS4EVER,"come on man
(prod. Turbo)","First previewed by Turbo on December 10, 2022. The song samples Dizzy Wright’s “God Bless America”.",,,"Dec 10, 2022",Snippet,Low Quality,Link Needed
DS4EVER,"don't give up
(prod. DJ Cash)",Open verse demo from the DS4EVER sessions.,,,"Jan 31, 2025",Snippet,High Quality,https://pillows.su/f/20a599271f3b4fb971f68b9115b0a82e
DS4EVER,p litty,Throwaway from the DS4EVER sessions.,,,"Dec 19, 2023",Snippet,High Quality,Link Needed
DS4EVER,"???
(prod. Wheezy)
(cinderella, hot cheese)",First previewed by @jakerarri in an Instagram live in 2021.,,,,Snippet,Low Quality,Link Needed
DS4EVER,"???
(prod. Southside)
(lifeline, back against the wall)","First previewed on February 17, 2022.",,,"Feb 17, 2022",Snippet,Low Quality,Link Needed
DS4EVER,"???
(prod. Taurus)
(presence is felt, city love)","First previewed by Gunna in an Instagram live on September 2, 2021.",,,"Sep 2, 2021",Snippet,Low Quality,Link Needed
DS4EVER,"Bandman Kevo - Alone
(feat. Gunna) (prod. Wheezy)","First previewed on February 20, 2022.",2:25,,"Nov 1, 2022",Full,CD Quality,https://pillows.su/f/5bebc082be4fa63b86ab9c6dcc85b62d
DS4EVER,"Belly - Razor [V2]
(feat. PnB Rock & Gunna) (prod. Money Musik, The ANMLS, DAVID x ELI, DannyBoyStyles, & Oracles)","Version of Belly - ""Razor"" with no producer tag, a different mix, an alternate Belly verse, and a shorter outro.",2:53,,"Mar 14, 2026",Full,CD Quality,https://pillows.su/f/6ebf5a7e9014db8ce6500b9c9b8a9877
DS4EVER,"Booka600 - London [V1]
(feat. Gunna) (prod. AyeTM)","Original version of Booka600's ""London"".",,,,Full,CD Quality,https://pillows.su/f/1dbe65285298c1577603288eea746535
DS4EVER,"⭐ CEO Trayle - Body
(feat. Gunna) (prod. Aviator Keyyz)
(Connected To The Streets)","Surfaced on CEO Trayle's YouTube under ""The Collection 3"" on  November 1, 2023, before eventually being removed.",2:19,,"Nov 1, 2023",Full,CD Quality,https://pillows.su/f/00269dbcae19f9d217a472aaaeb30a18
DS4EVER,"CEO Trayle - Bit W the Fangs
(feat. Gunna & Nechie) (prod. Soulm8 & B Stribb)
(Bite with the Fangs)","OG Filename: TRAYLE - BITE WITH THE FANGS x GUNNA x NECHIE
OG file for CEO Trayle - ""Bit W the Fangs"" featuring Gunna and Nechie.",2:19,,"Jul 21, 2025",OG File,CD Quality,https://pillows.su/f/c73e4002cfe761899492bffc4d2ab97b
DS4EVER,"CEO Trayle - Buss It
(feat. Gunna & Lil Gotit) (prod. svdominik, Omar Guetfa, Southside & Marshmello)","OG Filename: BUSS IT - C4 x GUNNA x GOTIT x SSmp3
First previewed on July 10, 2021.",2:13,,"Apr 1, 2022",OG File,CD Quality,https://pillows.su/f/d0ce12fce8b1a92fc0304431237d011c
DS4EVER,"Future - FOR A NUT [V1]
(feat. Young Thug & Gunna) (prod. ATL Jacob)","OG Filename: for a nut- w thug x gunna
Slightly alternate mix of Future - ""FOR A NUT"" featuring Young Thug and Gunna. The second chorus has a different structure and the outro has additional Future lyrics.",3:27,"Feb 2, 2021","Jan 23, 2026",OG File,Lossless,https://pillows.su/f/608dfc1e75054e6c33f6c38fc44c5770
DS4EVER,"Future - Speedway
(feat. Gunna) (prod. Wheezy)","OG Filename: SPEEDWAY W GUNNA
Feature from 2021.",2:08,"Dec 1, 2021","Oct 25, 2025",OG File,Lossless,https://pillows.su/f/e591f74d6e4566fa15f27f9a528c5aa7
DS4EVER,"Future - Told My
(feat. Gunna) (prod. Wheezy, DY Krazy, & Slowburnz)","OG Filename: 01 TOLD MY w gunna
Original version of Future - ""Told My"" with a different mix, rougher instrumental, and a Gunna feature.",2:50,,"Mar 1, 2023",OG File,CD Quality,https://pillows.su/f/b57a0c65e1ca5d718d1c762f670b525c
DS4EVER,"Kodak Black - She Love Future [V2]
(feat. Gunna) (prod. Young Troy)","Previewed in GunnaHub in 2024. Song is from 2017, but Gunna's verse was recorded in 2021.",,,"Mar 26, 2024",Snippet,High Quality,https://pillows.su/f/05fed389a56b04ba2d3b646f723ebd19
DS4EVER,"Lil Duke - In the Mix
(feat. Gunna) (prod. Taurus)
(What I Need, Smoke Some Weed)","OG Filename: DUKE - IN THE MIX x GUNNA Prod. TAURUS
Surfaced after a $250 groupbuy, after a $550 groupbuy for ""LIFE OFF THE CAP"" was originally cancelled. Previewed by Gunna on June 27, 2021.",3:12,,"Nov 11, 2023",OG File,CD Quality,https://pillows.su/f/a4040a39a6b334629d9b6f4a690fc37c
DS4EVER,"Lil Gotit - Who You Foolin [V2]
(prod. West, Andy Ayaz & AR)
(Who You Think You Foolin)","OG Filename: Who You Foolin NEW
OG File (Metadata): Who You Foolin
Original version with an open verse instead of Gunna.",3:12,,"Sep 12, 2022",OG File,CD Quality,https://pillows.su/f/9b3db5361c7f9925a310a510f00d815c
DS4EVER,"Lil Gotit - Who You Foolin [V4]
(feat. Gunna) (prod. West, Andy Ayaz & AR)
(Who You Think You Foolin)","OG Filename: Who You Foolin M 4
Surfaced on February 22, 2022.",3:12,,"Feb 22, 2022",OG File,CD Quality,https://pillows.su/f/2c2e03bcb5eb18c7d62e5caf5d573fe1
DS4EVER,"Lil Keed - Hold On Pause
(feat. Gunna) (prod. Earl on the Beat & Kenny Stuntin)","OG Filename: KEED - HOLD ON PAUSE x GUNNA Prod. Kenny
Surfaced on March 1, 2023.",2:50,,"Mar 1, 2023",OG File,CD Quality,https://pillows.su/f/6b2623dfc7ea6bba24b3ff892d4e9f71
DS4EVER,"⭐ Lil Keed - Hottest [V2]
(feat. Gunna) (prod. Diormade, Jee, WioGotItTurnt, Zkup & DJ SIDEREAL)","OG Filename: KEED - HOTTEST x GUNNA
Original version of ""Hottest"" by Lil Keed, featuring Gunna instead of Big Sean. Lil Gotit previewed Gunna’s verse on July 15, 2021. In November 2022, Lil Gotit previewed Gunna’s entire verse. The song released without Gunna on Keed Talk To ‘Em 2 in March 2023. This version of the song leaked on December 29, 2024.",3:40,,"Dec 29, 2024",OG File,CD Quality,https://pillows.su/f/e3f1f12155c21c862310411aac41cd06
DS4EVER,"Lil Tecca - Repeat It [V1]
(feat. Gunna) (prod. Taz Taylor, Census, & Nico Baran)","OG Filename: TECCA - REPEAT IT x GUNNA
Original version of Lil Tecca - ""Repeat It"" featuring Gunna. Gunna's verse has a different vocal mix.",3:10,,"Jan 23, 2026",OG File,CD Quality,https://pillows.su/f/76011b454d7486655072b940e3138cdb
DS4EVER,"Pop Smoke - Genius [V4]
(feat. Lil Tjay, Gunna & Swae Lee) (prod. Rico Beats & Tay Keith)","Version of Pop Smoke's ""Genius"" with Gunna's scrapped feature and vocals from Lil Tjay and Swae Lee. The song was released on Pop Smoke's album Faith without the feature from Gunna, rumored to be due to issues with his label not finding an agreement with Gunna. Listed for sale by UnreleasedSounds on November 13, 2023. Another snippet of the song leaked on March 19, 2024. Was found on March 23, 2024 to be posted to YouTube on March 16, 2024 with Swae Lee's verse edited out and a tag over Gunna's verse. Leaked in full untagged on April 21, 2024.",3:49,,"Apr 21, 2024",Full,High Quality,https://pillows.su/f/818ecb41bbe849a31a15a5b14220f795
DS4EVER,"Post Malone - I Cannot Be (A Sadder Song) [V1]
(feat. Gunna & Chlöe)
(How Can I)","OG Filename: HOW CAN I - GUNNA X POST x CHLOE
Version of Post Malone - ""I Cannot Be (A Sadder Song)"" with a Chlöe verse and a different instrumental, among other differences.",4:07,,"May 3, 2026",OG File,CD Quality,https://pillows.su/f/9e42044764832d5ef9b1d2256b89dce2
DS4EVER,"MEGO - Blickalodian
(with YSL BayBay) (feat. Gunna)","OG Filename: BLICKALODIAN YSL_MEGO X LILMONEY X YSL_BAYBAY X GUNNA
Track has been teased to release multiple times.",1:58,,"Aug 30, 2022",OG File,CD Quality,https://pillows.su/f/64aba8e85dc9d73a1009b27daad14009
DS4EVER,"Quando Rondo - Crip Drip
(feat. Gunna)","Surfaced on July 9, 2021. Has the same instrumental as Lil Uzi Vert - ""Upgrade My Life"".",3:26,,"Jul 9, 2021",Full,High Quality,https://pillows.su/f/3fe0e4805ab2f9dccaf2da77105b2a14
DS4EVER,"T.I. - Game is Taught [V3]
(prod. Kenny Stuntin & Louis Oblin)","OG Filename: GUNNA- GAME IS TAUGHT X TI ONLY
Test bounce of ""game is taught"" with only T.I.'s verse.",3:09,,"Aug 11, 2025",OG File,CD Quality,https://pillows.su/f/a231da1c265b6dec598eddf897159b75
DS4EVER,"Unfoonk - I Had
(feat. Gunna) (prod. AJ Stay Workin)","OG Filename: I had_unfoonk x Gunna M1
Original version of Unfoonk - ""I Had"" featuring Gunna with a slightly different mix. Surfaced in the AJ Stay Workin vault.",,,"Dec 6, 2022",OG File,CD Quality,https://pillows.su/f/862c97e963dcf7261a20a81116c86102
DS4EVER,"Unfoonk - LA
(feat. Gunna) (prod. camm & LayZ)
(Astrology, Doubted Me)","First previewed on September 28, 2021.",,,"Sep 28, 2021",Snippet,High Quality,Link Needed
DS4EVER,"Young Scooter - Magic City Monday [V2]
(feat. Gunna)
(Magic City Mondays)","OG Filename: SCOOTER - MAGIC CITY MONDAY X GUNNA
Version with Gunna instead of Future.",2:09,,"Aug 16, 2023",OG File,CD Quality,https://pillows.su/f/9a7651ea8806325fe474602e8ea3cb01
DS4EVER,"Young Scooter - Magic City Monday [V3]
(feat. Gunna & Future)
(Magic City Mondays)",Version with both Gunna and Future but no Young Scooter verse. Future's verse has more autotune.,2:09,,"Aug 16, 2023",Full,High Quality,https://pillows.su/f/b157b9bd50b0ab56410e39b20cea61e9
DS4EVER,"Kanye West - Ski (Freestyle)
(prod. Wheezy, Outtatown & BabyWave)
(Fuckin With Gunna)","OG Filename: 210607 Villa Ski Freestyle
Recorded in July 2021, and features a lot of mumble. It's unknown if a more finished version exists. Snippet leaked October 19, 2022. Song leaked on January 27, 2024. No official bounce.",1:33,"Jun 7, 2021","Jan 27, 2024",Full,Lossless,https://pillows.su/f/87bedd47b8677c559e79aaf9c93f721c
DS4EVER,"Young Thug - Insure My Wrist
(with Gunna) (prod. Taurus, DecayOnTheBeat & ProdByAlec)
(Half A Million)","OG Filename: 10. Insure My Wrist (with Gunna)
Master file for track 10 on Punk, ""Insure My Wrist"" with Gunna.",2:49,"Oct 15, 2021","Apr 9, 2022",OG File,Lossless,https://pillows.su/f/b0c28a329faeb58ea8808957a5de4d71
DS4EVER,"Young Thug - Love You More
(with Nate Ruess, Gunna & Jeff Bhasker) (prod. Nate Ruess, Metro Boomin & Jeff Bhasker)
(More Than Everything)","OG Filename: 18. Love You More (with Nate Ruess, Gunna & Jeff Bhasker)
Master file for track 18 on Punk, ""Love You More"" with Nate Ruess, Gunna and Jeff Bhasker.",,"Oct 15, 2021","Apr 9, 2022",OG File,Lossless,https://pillows.su/f/a6741310754f73d7d50b267005609725
DS4EVER,"Young Thug - Recognize Real [V1]
(with Gunna) (prod. Charlie Handsome & Turbo)
(Pay for Lunch)","OG Filename: 04. RECOGNIZE REAL GUNNA THUG 84.500BPM
Version of Young Thug - ""Recognize Real"" with Turbo drums and additional intro/outro vocals. Outro is also longer.",3:13,,"Apr 25, 2026",OG File,High Quality,https://pillows.su/f/328d697a5c5e0926585c6747cfb89b45
DS4EVER,"Young Thug - Recognize Real [V5]
(with Gunna) (prod. Charlie Handsome)
(Pay for Lunch)","OG Filename: 04. Recognize Real (with Gunna)
OG file for track 4 on Punk, ""Recognize Real"" with Gunna.",2:52,"Oct 15, 2021","Apr 9, 2022",OG File,Lossless,https://pillows.su/f/e77e3910be2dc35875a58e8103f70d5e
DS4EVER,"Young Thug - ???
(feat. Gunna) (prod. Pi'erre Bourne)
(Ice On My Fist)","First previewed on August 25, 2021. Previewed by Lil Keed and Lil Gotit in 2021. The beat was previewed by Pierre Bourne already back in early 2019.",,,"Aug 25, 2021",Snippet,Low Quality,Link Needed
DS4EVER,"a mink [V2]
(prod. Turbo)","Finished version of ""a mink"".",,,,Confirmed,Not Available,N/A
DS4EVER,"P power [V5]
(feat. Drake) (prod. Metro Boomin)
(pussy power)","OG Filename: 06_P Power ft. Drake_Stems Mix V8.2_Main_mstr 01-13_96k
Final version of ""P power"" that was included on the reissue of DS4EVER, DRIP SEASON 4EVER. File dated January 13, 2022.",,"Jan 13, 2022",,Confirmed,Not Available,N/A
DS4EVER,"Yeat - RACKZ GOT ME [V1]
(prod. Trgc & Takado)
(Rackz got më)","OG Filename: Rackz got me╠ê (prod. trgc) test
Test mix of ""Rackz got më"" with only the first chorus. Has a rougher instrumental and fewer adlibs.",3:01,,"Jul 28, 2025",OG File,CD Quality,https://imgur.gg/f/wzc5i6Z
DS4EVER,"Yeat - RACKZ GOT ME [V2]
(prod. Trgc & Takado)
(Rackz got më)","OG Filename: Rackz got më OPEN prod trgc
Version of ""Rackz got më"" with an open verse in place of Gunna's verse.",3:01,,"Oct 27, 2025",OG File,CD Quality,https://pillows.su/f/e628c471a5d47011faf7121322d71b3d
DS4EVER,"Yeat - RACKZ GOT ME [V3]
(feat. Gunna) (prod. Trgc & Takado)
(Rackz got më)","OG Filename: YEAT - RACKZ GOT ME x GUNNA
OG file for track 6 on 2 Alivë by Yeat, ""Rackz got më"" featuring Gunna. Previewed by Yeat in an Instagram live on January 7th, 2022.",3:01,,"Jul 27, 2025",OG File,CD Quality,https://pillows.su/f/34d376f93b98c12dd3d125471cecdcdc
"21 OG Files
3 Full
0 Tagged
0 Partials
5 Snippets
1 Unavailable",Untitled (2022),,,,,,,
Untitled (2022),"born rich [V2]
(prod. DY Krazy)
(profit)","OG Filename: BORN RICH prod DY NEW 2
OG Filename 2: BORN RICH prod DY NEW 3
Version of ""born rich"" produced by DY Krazy. First previewed by Gunna’s manager on February 4, 2022. Later previewed again by Gunna in an Instagram story on March 10, 2022.",2:49,,"Jul 21, 2025",OG File,CD Quality,https://pillows.su/f/c02f2622360b0e8ccdc339d85e2f7762
Untitled (2022),"bury my pain [V2]
(feat. Lil Keed) (prod. Ghetto Guitar, Taurus & Turbo)
(drowning my pain)","OG Filename: BURY MY PAIN TURBO TARUS GHETTO2
Final version of ""bury my pain"". Samples ""Airplanes"" by B.O.B. and Hayley Williams.",4:37,,"Apr 9, 2023",OG File,CD Quality,https://pillows.su/f/6504f669fed1df0161f4cc299892609d
Untitled (2022),"can't go for that
(prod. Metro Boomin)","OG Filename: 3 CANT GO FOR THAT Prod METRO
Snippet surfaced on April 28, 2026. Another snippet surfaced on May 18, 2026. Uses an early version of the instrumental for The Weeknd - ""Cry for Me"", which samples ""I Wanna Be the One"" by The S.O.S. Band. Leaked on May 25, 2026 after a successful $1,000 groupbuy.",2:44,,"May 25, 2026",OG File,CD Quality,https://pillows.su/f/db34391be3755edf1f7e6d05d3122e76
Untitled (2022),"florida water [V2]
(feat. Moneybagg Yo & Fivio Foreign) (prod. Turbo)","OG Filename: GUNNA X BAGG X FIVIO - FLORIDA
Version of ""Florida Water"" with a Fivio Foreign verse.",4:28,,"Jan 30, 2023",OG File,CD Quality,https://pillows.su/f/9d3a6522cfa778f845a41fc219636588
Untitled (2022),"shots fired
(prod. Turbo)
(life line)","OG Filename: SHOTS FIRED Prod. TURBO
Previewed in 2022. Surfaced after a successful $800 groupbuy.",3:00,,"Oct 31, 2025",OG File,CD Quality,https://pillows.su/f/bfa4c65eaa4b869c888611bbbd3faf87
Untitled (2022),"good thing
(prod. Wheezy)
(broadway)","OG Filename: GOOD THING Prod WHEEZY 2
Previewed in 2022. Initially thought to be produced by Mike WiLL Made-It. Previewed in GunnaHub on April 23, 2026. Another snippet surfaced on July 1, 2026.",,,"Apr 23, 2026",Snippet,CD Quality,"https://pillows.su/f/8c0145e22172334846c80df3d1ec8c80
https://pillows.su/f/6e0e7fccebcf51e359439bf04301b103"
Untitled (2022),"???
(diamonds in my chain, stand tall)",Throwaway from 2022.,,,,Snippet,Low Quality,Link Needed
Untitled (2022),"🏆 ???
(prod. Kenny Stuntin & Shottie)
(living the dream, felonies)","First previewed by Gunna in an Instagram story on February 15, 2022.",,,"Feb 15, 2022",Snippet,Low Quality,Link Needed
Untitled (2022),"???
(feat. Kodak Black) (prod. Mike WiLL Made-It)
(penthouse suite, ph suite, party on the roof)","First previewed by Gunna on April 2, 2022.",,,"Apr 2, 2022",Snippet,Low Quality,Link Needed
Untitled (2022),???,"Recorded on March 26, 2022.",,"Mar 26, 2022",,Snippet,Low Quality,Link Needed
Untitled (2022),"DJ Khaled - WE GOOD [V4]
(feat. Gunna & Roddy Ricch) (prod. DJ Khaled, STREETRUNNER, Mighty Max & Tarik Azzouz)
(FAM GOOD, WE GOOD)","OG Filename: DJ KHALED X GUNNA X RODDY RICH - WE GOOD RM 06-07-22 UPDATE4
Version of DJ Khaled's ""FAM GOOD, WE GOOD"" with a shorter run time. Dated June 7, 2022.",,"Jun 7, 2022","Jul 25, 2022",OG File,CD Quality,https://pillows.su/f/962c67c8c7ebd889935c4f0baecf7659
Untitled (2022),"Future - Beam Me Up
(feat. Gunna) (prod. Turbo & Zaytoven)
(Scotti)","OG Filename: beam me up w gunna
First previewed on February 4, 2022 and again by Gunna in an Instagram story on February 18. Listed for sale by UnreleasedSounds on April 1, 2024 and was privatebought for $1,200 in less than a minute. File is dated February 11, 2022. Leaked in full on May 16, 2024.",2:53,"Feb 11, 2022","May 16, 2024",OG File,High Quality,https://pillows.su/f/78244877cd0eeec63670138798c159b8
Untitled (2022),"⭐ Future - Trap Around the World
(feat. Gunna) (prod. Turbo & Zaytoven)
(Abandoned)","OG Filename: trap around the world w gunna
Previewed several times in 2022. Previewed in GunnaHub on July 21, 2025.",3:04,"Apr 22, 2022","Mar 3, 2026",OG File,High Quality,https://pillows.su/f/aaa0b2e147e333fa386a500f0b52743d
Untitled (2022),"Kanye West - First Time In A Long Time [V11]
(ref. Gunna) (prod. Ojivolta & Twisco)
(Let It Rain)","OG Filename: Gunna_First Time In a Long Time_nobu freestyle
Gunna reference track, recorded the night of the private Nobu listening party. Snippet was shared via Instagram by Gunna's engineer. VC recorded snippet leaked January 26, 2023. CDQ snippet leaked February 22, 2023, and the full song leaked on September 19, 2023.",2:32,"Feb 8, 2022","Sep 19, 2023",OG File,CD Quality,https://pillows.su/f/afc2d6cdf2f6a3bb6d15a692854b69f6
Untitled (2022),"Karlae - Respect [V4]
(feat. Gunna)","OG Filename: RESPECT M4
OG file for ""Respect"" by Karlae featuring Gunna.",,,"Sep 26, 2022",OG File,CD Quality,https://pillows.su/f/6b17af63a0ab7e32dcf46b50f9116cba
Untitled (2022),"Kodak Black - Endless Nights [V1]
(feat. Gunna) (prod. KasimGotJuice)","OG Filename: GUNNA X YAK - ENDLESS NIGHTS
Original version of Kodak Black - ""Endless Nights"" with a different song structure first previewed on February 26, 2022. Leaked on December 16, 2022.",2:07,,"Dec 16, 2022",OG File,CD Quality,https://pillows.su/f/673391b8a294cdbd625164a31829740b
Untitled (2022),"Machine Gun Kelly - die in california [V1]
(feat. Landon Barker, Gunna & Young Thug) (prod. SlimXX)",Original version with a different structure and a much longer Young Thug verse.,3:48,,"Jan 23, 2023",Full,CD Quality,https://pillows.su/f/7be6c1b895842ae50e6a332e89c9b7b2
Untitled (2022),"Moneybagg Yo - See da Top [V3]
(feat. Gunna)","OG Filename: SEE DA TOP 2-15-22 ruff1
Dated February 15, 2022.",2:57,"Feb 15, 2022","Mar 1, 2023",OG File,High Quality,https://pillows.su/f/cb365afc9664ac1547d3363788a305cd
Untitled (2022),"Rae Sremmurd - Citgo
(feat. Gunna) (prod. Turbo)","OG Filename: CITGO MADDOX
Mentioned by Swae Lee that the track was intended for Sremm 4 Life. Dated April 11, 2022.",3:22,"Apr 11, 2022","May 3, 2024",OG File,Lossless,https://pillows.su/f/c43577868e1c260a0df395235d23f357
Untitled (2022),"SG Tip - In There
(feat. Gunna)","OG Filename: SG TIP - IN THERE x GUNNA
Surfaced on December 29, 2022.",2:55,,"Dec 29, 2022",OG File,CD Quality,https://pillows.su/f/4693694cbbb24478516aab2a997f092d
Untitled (2022),"SoFaygo - TookOff [V1]
(feat. Gunna & DJ Khaled) (prod. Pharrell)
(Takeoff, Took Off, Solar)","OG Filename: sofaygo x Pharrell - solar
Slightly alternate mix of SoFaygo - ""TookOff"" featuring Gunna.",4:32,,"Oct 24, 2022",OG File,CD Quality,https://pillows.su/f/cdb9dd50cf9bf8e198c5ab38ff3d1709
Untitled (2022),"SoFaygo - TookOff [V2]
(feat. Gunna & DJ Khaled) (prod. Pharrell)
(Takeoff, Took Off, Solar)","OG Filename: Faygo - Take Off X GUNNA 2
Louder mix of SoFaygo - ""TookOff"" featuring Gunna.",4:32,,"Aug 20, 2024",Full,Lossless,https://pillows.su/f/b547ffee15a2dff5f8b5ed195c97dcfa
Untitled (2022),"SoFaygo - TookOff [V7]
(feat. Gunna & DJ Khaled) (prod. Pharrell)
(Takeoff, Took Off, Solar)","OG Filename: Faygo - TAKE OFF X GUNNA 7
Similar to V1.",4:32,,"Aug 20, 2024",Full,Lossless,https://pillows.su/f/c7bf1c558d0d680f1a85733ddcc67776
Untitled (2022),"Toosii - Dean
(feat. Gunna) (prod. Turbo)","OG Filename: Toosii x Gunna DEAN
Recorded on March 26, 2022.",2:03,"Mar 26, 2022","Dec 31, 2022",OG File,Lossless,https://pillows.su/f/92092b30e17fce7ef0995df17b2cf991
Untitled (2022),"Vory - World Cry
(feat. Gunna)","OG Filename: Vory - World Cry feat. Gunna
Dated March 11, 2022. Intended for Vory's album Lost Souls.",2:29,"Mar 11, 2022","Sep 22, 2022",OG File,Lossless,https://pillows.su/f/a9c7d66f6aa61b45931049e003b77674
Untitled (2022),"⭐ Young Thug - Body Auction
(feat. Gunna) (prod. THE PLAYMAKERS & Turbo)","OG Filename: BODY AUCTION -YT GUNNA
Surfaced on July 20, 2022.",2:18,,"Jul 20, 2022",OG File,CD Quality,https://pillows.su/f/62f7423a2e139e4129061f3beced4e5b
Untitled (2022),"Young Thug - One of the Greats [V1]
(feat. Gunna) (prod. Turbo, Off & Out & Yung Talent)
(From A Man, Coachella)","OG Filename: ONE OF THE GREATS Prod TURBO-1 1
Demo version of ""From A Man"" by Young Thug, including background vocals from Gunna.",3:29,,"Nov 22, 2022",OG File,CD Quality,https://pillows.su/f/3df07f3f929fedf192fc8d056b17f44a
Untitled (2022),"Young Thug - One of the Greats [V2]
(feat. Gunna) (prod. Turbo, Off & Out & Yung Talent)
(From A Man, Coachella)","OG Filename: ONE OF THE GREATS Prod TURBO 2
Original version of ""From A Man"" by Young Thug, including background vocals from Gunna. First previewed by Young Thug affiliate KillaKillz in an Instagram story, on April 16, 2022, then previewed again by Gunna in an Instagram story on April 19, 2022.",3:29,,"Jan 25, 2023",OG File,CD Quality,https://pillows.su/f/dae5f2aac8f9ebe93838249ca4aac291
Untitled (2022),"Young Thug - Stroll Up (Censored)
(feat. Gunna) (prod. Pyrex & Southside)
(Wunna Land)","OG Filename: Young Thug feat. Gunna - Stroll Up (Wunna Land)
First previewed by a Young Thug affiliate on April 17, 2022, then previewed again by Gunna in an Instagram post on April 20, 2022. Some lyrics are censored, which indicates this version may have been intended to drop during the YSL RICO case.",2:28,,"Feb 18, 2023",OG File,CD Quality,https://pillows.su/f/25a6fd28c02dac546e1eacc07447a861
Untitled (2022),[Unknown Jose Guapo Collaborations],"Purported to exist by Jose Guapo in an Instagram Live on February 23, 2023.",,,,Confirmed,Not Available,
"42 OG Files
1 Full
0 Tagged
0 Partials
3 Snippets
0 Unavailable",a Gift & a Curse,,,,,,,
a Gift & a Curse,"my shoes
(prod. Turbo)","Snippet surfaced on April 24, 2026. Recorded shortly after Gunna's release, this song contains lyrical content addressing the RICO trial and his relationship with Young Thug.",,,"Apr 24, 2026",Snippet,High Quality,"https://pillows.su/f/e9bac0bcfb4721c55ac8822506703703
https://pillows.su/f/581184ea39490111f918e48e5c1e2db1"
a Gift & a Curse,"alright [V3]
(prod. Cubeatz, Fresh Ayr, Jojokelete, & Klimperboy)","OG Filename: ALRIGHT Prod Joliver 3
Rough mix of track 15 on a Gift & a Curse, ""alright"". Missing some adlibs.",3:03,,"May 3, 2026",OG File,CD Quality,https://pillows.su/f/0c3af0c69aae276a2218146640d91f42
a Gift & a Curse,"alright [V4]
(prod. Cubeatz, Fresh Ayr, Jojokelete, & Klimperboy)","OG Filename: ALRIGHT_MIX R4
OG file for track 15 on a Gift & a Curse, ""alright"".",3:03,,"Jul 19, 2025",OG File,CD Quality,https://pillows.su/f/603ff3ab35379752a1c1dbd38d88d83f
a Gift & a Curse,"back at it [V3]
(prod. Omar Grand & Cam Griffin)","OG Filename: BACK AT IT Prod CAM n O 3
Version of ""back at it"" without Turbo's drums. Has a slightly longer outro. Chorus and first verse have different lyrics. Has some adlib differences.",3:13,,"May 3, 2026",OG File,CD Quality,https://pillows.su/f/6aeb0cb00106c467ac469c69646e4bfe
a Gift & a Curse,"back at it [V4]
(prod. Turbo, Omar Grand, & Cam Griffin)","OG Filename: BACK AT IT 4_1
Rough mix of ""back at it"". Retains the original lyrics and slightly longer outro from V3.",3:13,,"May 3, 2026",OG File,CD Quality,https://pillows.su/f/8c8fdeb61c2f9ca8d501a2668e860c97
a Gift & a Curse,"back at it [V7]
(prod. Turbo, Omar Grand, & Cam Griffin)","OG Filename: BACK AT IT_MIX R2
OG file for track 1 on a Gift & a Curse, ""back at it"".",3:06,,"Jul 19, 2025",OG File,CD Quality,https://pillows.su/f/e36d75cea5cc3a904683c502fc04f608
a Gift & a Curse,"back to the moon [V3]
(prod. Wheezy & Ayo Sim)","OG Filename: BACK TO THE MOON Prod Wheezy_3
Original version of track 2 on a Gift & a Curse, ""back to the moon"", produced by Wheezy and Ayo Sim. Has different drums (but the same pattern), no kick, a rougher mix, 3 different lyrics, and several different vocal takes. Ayo Sim never mentioned this version in interviews, claiming that the beat was created in his first session with Kenny Stuntin; this could indicate either he was unaware of Wheezy using the sample, that he deliberately ignored the Wheezy version, or that the Wheezy version is not real. Metadata on file is likely modified.",3:13,,"Feb 22, 2026",OG File,CD Quality,https://pillows.su/f/9a70da047fb85f490eae80c7619c5594
a Gift & a Curse,"back to the moon [V4]
(prod. Wheezy & Ayo Sim)","OG Filename: BACK TO THE MOON Prod Wheezy_4
Fourth version of ""back to the moon"". Similar to V3. Dated February 11, 2023 and re-encoded on April 22, 2023. Lossless file surfaced on July 26, 2026.",3:13,"Feb 11, 2023","May 3, 2026",OG File,Lossless,"https://pillows.su/f/9bed4642c6efa9d7b61b3f0a64124ef7
https://pillows.su/f/c0f34933215bd690fc7ad20e2b08e3be"
a Gift & a Curse,"back to the moon [V5]
(prod. Kenny Stuntin & Ayo Sim)","OG Filename: BACK TO THE MOON Nu Nu BEAT
Rough mix of ""back to the moon"". Likely the first version with Kenny Stuntin's drums. Still has the original lyrics.",3:13,,"May 3, 2026",OG File,CD Quality,https://pillows.su/f/a689df74b19bfad745029f61a31ef38e
a Gift & a Curse,"back to the moon [V7]
(prod. Kenny Stuntin & Ayo Sim)","OG Filename: BACK TO THE MOON_MIX R3
OG file for track 2 on a Gift & a Curse, ""back to the moon"".",3:13,,"Jul 19, 2025",OG File,CD Quality,https://pillows.su/f/1ce36b113c0891041de7a349638512c9
a Gift & a Curse,"bread & butter [V5]
(prod. Turbo, Omar Grand, & Cam Griffin)","OG Filename: BREAD N BUTTER Prod Turbo 5
Rough mix of track 12 on a Gift & a Curse, ""bread & butter"". Has an alternate outro and several different lyrics. The censored lyrics are uncensored. Has some adlib differences. Recorded on March 6, 2023 and re-encoded on April 23, 2023.",4:08,"Mar 6, 2023","May 3, 2026",OG File,CD Quality,https://pillows.su/f/db69fe5e1b1fb6c60ffb18fa4098be54
a Gift & a Curse,"bread & butter [V6]
(prod. Turbo, Omar Grand, & Cam Griffin)","OG Filename: BREAD N BUTTER_MIX REF 6
OG file for track 12 on a Gift & a Curse, ""bread & butter"". Filename previewed in GunnaHub by Aviator Keyyz.",3:45,,"Jul 19, 2025",OG File,CD Quality,https://pillows.su/f/e86a820023cb6440d9eee2676bdca394
a Gift & a Curse,"born rich [V5]
(prod. Dopson & Swiff D)","OG Filename: BORN RICH_MIX R1
OG file for track 10 on a Gift & a Curse, ""born rich"".",2:57,,"Jul 19, 2025",OG File,CD Quality,https://pillows.su/f/6bcd5e1956fa36855bfb2d459f2c079a
a Gift & a Curse,"bottom [V3]
(prod. Turbo & Yung Talent)","OG Filename: BOTTOM Prod Turbo 3 BB
Rough mix of track 8 on a Gift & a Curse, ""bottom"". Has some adlib differences. Dated February 11, 2023 and re-encoded on April 22, 2023. Lossless file surfaced on July 26, 2026.",2:57,"Feb 11, 2023","May 3, 2026",OG File,Lossless,"https://pillows.su/f/25f19cf5d64382e59f53e0d3eab2471a
https://pillows.su/f/7046a18459d3dbe9f90e27375c8196f0"
a Gift & a Curse,"bottom [V6]
(prod. Turbo & Yung Talent)","OG Filename: BOTTOM_MIX R2
Slightly rougher mix of track 8 on a Gift & a Curse, ""bottom"".",2:57,,"Jul 19, 2025",OG File,CD Quality,https://pillows.su/f/ee343960d7b90f223471ff8548c4377a
a Gift & a Curse,"ca$h $hit [V3]
(prod. Flo, X-plosive, & Royal 808)","OG Filename: CASH SHIT Prod. Xplosive_3
Rough mix of track 5 on a Gift & a Curse, ""ca$h $hit"". Has three different lyrics.",2:12,,"May 3, 2026",OG File,CD Quality,https://pillows.su/f/4fc47b2786d562f64042b2b188c53aa7
a Gift & a Curse,"ca$h $hit [V5]
(prod. Flo, X-plosive, & Royal 808)","OG Filename: CASH SHIT_MIX R1
OG file for track 5 on a Gift & a Curse, ""ca$h $hit"".",2:12,,"Jul 19, 2025",OG File,CD Quality,https://pillows.su/f/3a7ffde047504e97f61b1c0e6459c6a7
a Gift & a Curse,"⭐ end it [V2]
(prod. AJ Stay Workin & Krazy Mob)","OG Filename: Gunna_-_END_IT_Prod_AJ_2
Throwawy from the a Gift & a Curse sessions. The lower-quality file is dated May 22, 2023.",3:37,"May 22, 2023","Mar 3, 2026",OG File,CD Quality,"https://pillows.su/f/d21b3eebdd09644752375dc34e3de390
https://pillows.su/f/6e296ccb0be8dc33de1eabaf4fd7f25b"
a Gift & a Curse,"fukumean [V1]
(feat. P Litty) (prod. Dunk Rock & Flo)
(yeah)","OG Filename: YEAH x P Litty Prod. DunkRock
Rough mix of track 6 on a Gift & a Curse, ""fukumean"".",2:05,,"May 3, 2026",OG File,CD Quality,https://pillows.su/f/0e64b622ef63a11443c6d9c599e561b3
a Gift & a Curse,"fukumean [V2]
(feat. P Litty) (prod. Dunk Rock & Flo)
(yeah)","OG Filename: FUKUMEAN_MIX R1
OG file for track 6 on a Gift & a Curse, ""fukumean"".",2:05,,"Jul 19, 2025",OG File,CD Quality,https://pillows.su/f/1537a8afbca0cb1bc0c3d4ac6b0ee414
a Gift & a Curse,"go crazy [V2]
(prod. Kenny Stuntin, EVRGRN, & Zookids)","OG Filename: GO CRAZY_MIX R2
OG file for track 11 on a Gift & a Curse, ""go crazy"".",2:53,,"Jul 19, 2025",OG File,CD Quality,https://pillows.su/f/aeab675ecdf97ef4bc22b1bc8f03edc9
a Gift & a Curse,"⭐ i just [V4]
(prod. AJ Stay Workin & Ghetto Guitar)
(playboy bunny, odell beckham)","OG Filename: I JUST Prod. AJ x ghetto Grt NEW
Version of ""I JUST"" exported in 2023, with the lyric ""I pass the lil' bitch to Lil Gotit"" changed to ""I'll go have Lil Gotit adopted"". Snippet surfaced on April 23, 2026. Another snippet surfaced on May 2, 2026. Leaked as a bonus in a successful $600 groupbuy for ""Spit Propane"". Lossless file surfaced on July 26, 2026.",3:04,"Feb 17, 2023","May 6, 2026",OG File,Lossless,"https://pillows.su/f/077d7ef23a26016e958bdaece4a6c67e
https://pillows.su/f/bb3cd45f8fba370ad06b46def632d22e"
a Gift & a Curse,"i was just thinking [V3]
(prod. Aviator Keyyz, Rick Anthony, & Sammy Haig)","OG Filename: I WAS JUST THINKING Prod Aviator Keyzz 3
Rough mix of track 14 on a Gift & a Curse, ""i was just thinking"". Missing some adlibs.",3:12,,"May 3, 2026",OG File,CD Quality,https://pillows.su/f/05478140e5b616d12d4d9b4dd3947c25
a Gift & a Curse,"i was just thinking [V5]
(prod. Aviator Keyyz, Rick Anthony, & Sammy Haig)","OG Filename: I WAS JUST THINKING Prod Aviator Keyzz 5
Fifth mix of track 14 on a Gift & a Curse, ""i was just thinking"".",3:12,"May 20, 2023","May 3, 2026",OG File,Low Quality,https://pillows.su/f/9bd4ab5798f0519dae85c35e39e26a97
a Gift & a Curse,"i was just thinking [V6]
(prod. Aviator Keyyz, Rick Anthony, & Sammy Haig)","OG Filename: I WAS JUST THINKING Prod Aviator Keyzz 6
Sixth mix of track 14 on a Gift & a Curse, ""i was just thinking"".",3:12,"May 25, 2023","May 3, 2026",OG File,Low Quality,https://pillows.su/f/d0b5bb10e5ad25bb6442b44173a8a80d
a Gift & a Curse,"i was just thinking [V10]
(prod. Aviator Keyyz, Rick Anthony, & Sammy Haig)","OG Filename: I WAS JUST THINKING_MIX R3
OG file for track 14 on a Gift & a Curse, ""i was just thinking"".",3:12,,"Jul 19, 2025",OG File,CD Quality,https://pillows.su/f/cc7c9536a1adde69adbc4f1e7c904393
a Gift & a Curse,"idk nomore [V4]
(prod. Turbo, Omar Grand, Cam Griffin, & Nils)
(can't put my finger on it, idk no more)","OG Filename: CANT PUT MY FINGER ON IT Prod Turbo_4
Rough mix of ""idk nomore"". Has some different vocal takes and a longer outro. Has several different lyrics, including one in the chorus. The intro is slightly cut. The outro is missing additional instrumentation, has drums, and has a rougher vocal mix.",2:59,,"Jul 26, 2026",OG File,Lossless,https://pillows.su/f/9cf5c3822648e7a5603e692e82a9e620
a Gift & a Curse,"idk nomore [V7]
(prod. Turbo, Omar Grand, Cam Griffin, & Nils)
(can't put my finger on it, idk no more)","OG Filename: CANT PUT MY FINGER ON IT Prod Turbo_7
Has a louder mix than V4, no cut intro, and a longer outro that has additional instruments.",3:12,,"May 3, 2026",OG File,CD Quality,https://pillows.su/f/dd2d8f816b0dee7b0393f8bbefe78422
a Gift & a Curse,"idk nomore [V12]
(prod. Turbo, Omar Grand, Cam Griffin, & Nils)
(can't put my finger on it, idk no more)","OG Filename: IDK NO MORE_MIX R1
OG file for track 3 on a Gift & a Curse, ""idk nomore"".",3:00,,"Jul 19, 2025",OG File,CD Quality,https://pillows.su/f/774f6ebeeb18d4e4f441d2b3f6399e1f
a Gift & a Curse,"know what i'm talkin' 'bout [V1]
(prod. Wheezy, BabyWave, BeldonDidThat)
(what im talkin bout, talmbout, talm bout, talking about)","OG Filename: KNOW WHAT IM TAKIN BOUT prod Wheezy
Open verse demo recorded on February 7, 2023 and re-encoded on April 22, 2023. Lossless file surfaced on July 26, 2026.",3:38,"Feb 7, 2023","Apr 27, 2026",OG File,Lossless,"https://pillows.su/f/8aa4040ad8fb5930030742c1b1025cc8
https://pillows.su/f/12b6661b55864effc20f990fe73446e7"
a Gift & a Curse,"know what i'm talkin' 'bout [V2]
(prod. Wheezy, BabyWave, BeldonDidThat)
(what im talkin bout, talmbout, talm bout, talking about)","OG Filename: WHAT IM TALKIN BOUT
Version of ""what i'm talkin' bout"" with the open verse cut. Previewed by @1_oddball on May 30, 2023.",2:11,"May 30, 2023","Nov 29, 2024",OG File,High Quality,https://pillows.su/f/706781868bb2864181ac5cb51f24630b
a Gift & a Curse,"margiela steppers
(prod. Turbo)
(margiala steppers)","OG Filename: MARGIALA STEPPERS Prod Turbo 3
Throwaway dated February 11, 2023 and re-encoded on April 22, 2023. Snippet surfaced on April 24, 2026. Leaked on June 24, 2026 alongside ""love all y'all"" after a successful $1,200 groupbuy. Lossless file surfaced on July 26, 2026.",2:34,"Feb 11, 2023","Jun 24, 2026",OG File,Lossless,"https://pillows.su/f/92ee8b8da983037ff1dbff04d6f9c7f9
https://pillows.su/f/8ff357465694a412338f3aee0e7b9280"
a Gift & a Curse,"p angels [V1]
(prod. DY Krazy, Keaton, Slowburnz, & 88 Krazy)
(p'z angels, skyami)","OG Filename: P'z ANGELS Prod Dy x SLow Burnz
Rough mix of track 9 on a Gift & a Curse, ""p angels"". Missing some adlibs. Has a different lyric in the chorus.",2:56,,"May 3, 2026",OG File,CD Quality,https://pillows.su/f/4f91001ec260d8fbdb28a5db25f3c47e
a Gift & a Curse,"p angels [V2]
(prod. DY Krazy, Keaton, Slowburnz, & 88 Krazy)
(p'z angels, skyami)","OG Filename: P'z ANGELS_MIX R2
OG file for track 9 on a Gift & a Curse, ""p angels"". First previewed on May 5, 2023.",2:56,,"Jul 19, 2025",OG File,CD Quality,https://pillows.su/f/c116265d34237e72b766bd62f92636b0
a Gift & a Curse,"paybach [V2]
(prod. Turbo, LNKmusic, Pooh Beatz, & Mario Petersen)
(payback)","OG Filename: PAYBACK Prod Turbo_2
Rough mix of track 4 on a Gift & a Curse, ""paybach"". Has several adlib differences and no producer tags. The last lyric of the first verse is different. Dated February 11, 2023 and re-encoded on April 22, 2023. Lossless file surfaced on July 26, 2026.",2:53,"Feb 11, 2023","May 3, 2026",OG File,Lossless,"https://pillows.su/f/07a5b68e2532482fb4fa836fc4f21a6a
https://pillows.su/f/ba3b12a081ea7c34c59a645b758844f0"
a Gift & a Curse,"paybach [V3]
(prod. Turbo, LNKmusic, Pooh Beatz, & Mario Petersen)
(payback)","OG Filename: PAYBACK_MIX R1
OG file for track 4 on a Gift & a Curse, ""paybach"".",2:53,,"Jul 19, 2025",OG File,CD Quality,https://pillows.su/f/8c015507d97a7bfeeaa509aa6d1b0a18
a Gift & a Curse,"rodeo dr [V3]
(prod. Flo & Angelo Ferraro)
(rodeo, right back)","OG Filename: RIGHT BACK Prod. Angelo 3
Rough mix of track 7 on a Gift & a Curse, ""rodeo dr"". The first verse contains 4 different lyrics. Has a full intro and outro.",3:20,,"May 3, 2026",OG File,CD Quality,https://pillows.su/f/20e5bc45af6ee03d3fc45627e1ea5f8f
a Gift & a Curse,"rodeo dr [V6]
(prod. Flo & Angelo Ferraro)
(rodeo, right back)","OG Filename: RODEO_MIX R3
Version of track 7 on a Gift & a Curse, ""rodeo dr"", that retains the full intro and an alternate mix. Allegedly first surfaced via Aviator Keyyz.",3:11,,"Jul 19, 2025",OG File,CD Quality,https://pillows.su/f/8568fad3e448abef2b4cc5a6770d616a
a Gift & a Curse,"This Year (Blessings) (Remix) [V2]
(with Victor Thompson) (feat. Ehis D Greatest) (prod. Henrietta Thompson & Samduke)","OG Filename: THIS YEAR Blessing Remix New_2
Version of Victor Thompson & Gunna - ""This Year (Blessings) (Remix)"".",2:40,,"May 3, 2026",OG File,CD Quality,https://pillows.su/f/0d82484b00aa5c414e1ab3774a575e7f
a Gift & a Curse,"turned your back [V3]
(prod. Turbo, Omar Grand, & Cam Griffin)
(turned your back on me)","OG Filename: TURNED YOUR BACK ON ME Prod Turbo 3
Rough mix of track 13 on a Gift & a Curse, ""turned your back"". Has some instrumental differences. Missing some adlibs.",4:03,,"May 3, 2026",OG File,CD Quality,https://pillows.su/f/0d203c04b3cae13df4189b9f1c3d3a5f
a Gift & a Curse,"turned your back [V4]
(prod. Turbo, Omar Grand, & Cam Griffin)
(turned your back on me)","OG Filename: TURNED YOUR BACK ON ME_R4
OG file for track 13 on a Gift & a Curse, ""turned your back"".",4:03,,"Jul 19, 2025",OG File,CD Quality,https://pillows.su/f/6d6ee83b19a003f2db40b8c0e9ff12bf
a Gift & a Curse,"whispering angels [V2]
(feat. ???)
(whispering angel)","OG Filename: GUNNA - WHISPERING_ANGEL_2
Demo from 2023. Gunna only has a hook reference vocal.",3:38,,"May 3, 2026",OG File,CD Quality,https://pillows.su/f/6b8457118a597c9a848b5d5a3d9fec83
a Gift & a Curse,"devil's business
(prod. Turbo)","Previewed in GunnaHub on May 15, 2026.",3:17,,"May 15, 2026",Snippet,High Quality,"https://pillows.su/f/9484b1debe54c54f5ffb2fc050ffdb87
https://pillows.su/f/97edcc92221cf41c50e8b77cc77d2ab0
https://pillows.su/f/d63cb39e3cb8f2f7284bdee5d0af64e6
https://pillows.su/f/ab8b9874a93034d7bbbc64ff0e43931b"
a Gift & a Curse,"playa young nigga
(prod. Wheezy)","OG Filename: PLAYA YOUNG NIGGA Prod Wheezy
Snippets surfaced on April 23, 2026 and April 24, 2026.",2:49,,"Apr 23, 2026",Snippet,CD Quality,"https://pillows.su/f/d59e9d59b56a4712ff6555d4a904cda3
https://pillows.su/f/d96f6a77bcd36b06db12b7db23dde2ef
https://pillows.su/f/b6b46a30e898b0a4ebf464be7c11754a
https://pillows.su/f/a927d4a1b35a9d82963823a6338bf45a"
a Gift & a Curse,"Asake - Basquiat
(feat. Gunna) (prod. Magicsticks)","Version of Asake - ""Basquiat"" with a Gunna verse.",2:14,,"Nov 3, 2023",Full,CD Quality,https://pillows.su/f/ddda350b9ed1d4af7e6ee5f047f544a2
a Gift & a Curse,"Young Thug - Big Boody Bitch [V3]
(prod. Pi'erre Bourne)
(RIVER, Champagne Shower)","OG Filename: BIG BOODY BITCH(Open)
2023 copy of ""Big Boody Bitch"" with an open verse in place of Gunna vocals. The track was going to be used for BUSINESS IS BUSINESS but was later repurposed into ""RIVER."" Listed for a $300 groupbuy on October 3, 2024 and finished successfully the next day.",2:54,,"Oct 4, 2024",OG File,CD Quality,https://pillows.su/f/97fd9881a20b3a9698d5967cdb4d8f8e
"13 OG Files
1 Full
0 Tagged
0 Partials
1 Snippets
1 Unavailable",One of Wun,,,,,,,
One of Wun,"Bittersweet [V3]
(prod. 1SRAEL & Dystinkt Beats)
(bitter sweet)","OG Filename: BITTER SWEET 3 Prod ISRAEL
OG file for ""bittersweet"".",3:11,,"May 3, 2026",OG File,CD Quality,https://pillows.su/f/19e078ded974dd2710b65f2a6fa0bbac
One of Wun,"hakuna matata
(prod. Kenny Stuntin, EVRGRN, FritzOnDaTrack, & Don Oskar)","OG Filename: HAKUNA MATATA Prod EvrGrn
Rough mix of track 3 on One of Wun, ""hakuna matata"".",2:05,,"May 3, 2026",OG File,CD Quality,https://pillows.su/f/326fc74ffa751936828ab4a33115421d
One of Wun,"IDK - TiFFANY
(feat. Gunna) (prod. Turbo, Kenny Stuntin, & EVRGRN)","OG Filename: TIFFANY - IDK x GUNNA prod. Turbo
OG file for ""TiFFANY"" by IDK. First previewed by IDK in an Instagram story on December 6, 2023.",,,"Dec 6, 2023",Confirmed,Not Available,N/A
One of Wun,"$$$ [V2]
(feat. Normani) (prod. Kenny Stuntin, Jacobsen & Dunk Rock)","OG Filename: $$$ x NORMANI Prod Kenny x Dunk_2
Rough mix of ""$$$"". Has a shorter outro.",2:51,,"May 3, 2026",OG File,CD Quality,https://pillows.su/f/904add8d774c78f3f7ec1d0279663179
One of Wun,"$$$ [V4]
(feat. Normani) (prod. Kenny Stuntin, Jacobsen & Dunk Rock)","OG Filename: 02 $$$ FT NORMANI Prod Kenny x Dunk NEW 4
Fourth mix of ""$$$"". Similar to the released version.",3:03,"Apr 3, 2024","May 3, 2026",OG File,Low Quality,https://pillows.su/f/6824afc30482048a68f6b7e26a574d51
One of Wun,"Bittersweet (Remix)
(prod. 1SRAEL, Dystinkt Beats, & Tony Coles)","OG Filename: BITTERSWEET REMIX 153 1SRAEL TONY-COLES
Remix of ""bittersweet"".",2:59,"Aug 16, 2024","May 3, 2026",OG File,Low Quality,https://pillows.su/f/044fa8073442e8c53839d3ff3a7fbb6b
One of Wun,"⭐ by your side
(prod. Kenny Stuntin, Lord Capp, Juvy Catcher, & Alek Beats)","OG Filename: Gunna_-_BY_YOUR_SIDE_Prod._Kizzy_x_Kenny
Throwaway from the One of Wun sessions. Recorded in the same session as ""golden child"" and ""don't kill my high"". Previewed in GunnaHub on February 6, 2026.",2:43,"Feb 18, 2024","Mar 3, 2026",OG File,Low Quality,https://pillows.su/f/100101a3b40ff11e51572062fca1c042
One of Wun,"clear my rain [V2]
(feat. Leon Bridges) (prod. Kenny Stuntin & Evince Beats)","OG Filename: CLEAR MY RAIN - Prod Kenny 2
Rough mix of ""clear my rain"".",3:07,,"May 3, 2026",OG File,CD Quality,https://pillows.su/f/1f586b8baaa67d4d60706b5fc2d9967c
One of Wun,"club house [V4]
(prod. Turbo, Kenny Stuntin, & Jacobsen)
(she cold, this shit is gold)","OG Filename: THIS SHIT IS GOLD Prod Kenny_4
Alternate mix of track 15 on The Last Wun, ""club house"".",2:47,"Apr 26, 2024","Aug 8, 2025",OG File,Lossless,https://pillows.su/f/1872c3412b62221c0ef9717ac0f904f9
One of Wun,"don't kill my high [V2]
(prod. Aviator Keyyz)","OG Filename: DONT KILL MY HIGH - Prod Keyzz (Op Vrs) 2
Demo recorded in the same session as ""golden child"" and ""by your side"". Has a quieter mix and a longer outro than V3.",2:47,"Feb 18, 2024","Mar 4, 2026",OG File,Lossless,https://pillows.su/f/3d23796bed82e096fa57facf69613d36
One of Wun,"golden child
(prod. EVRGRN)","OG Filename: Gunna_-_GOLDEN_CHILD_Prod._EvrGrn
Throwaway from the One of Wun sessions. Recorded in the same session as ""by your side"" and ""don't kill my high"".",2:20,"Feb 18, 2024","Mar 3, 2026",OG File,Low Quality,https://pillows.su/f/de050ec745797981a42b8fac92c1affc
One of Wun,"⭐ i can't feel my face [V1]
(feat. Roddy Ricch) (prod. EVRGRN & Young T)
(process)","OG Filename: I CANT FEEL MY FACE X RODDY RICH - PROD EVRGRN
Version of track 13 on The Last Wun, ""i can't feel my face"", with a Roddy Ricch feature instead of a Nechie feature. Has a rougher mix and the last chorus is shortened. Previewed on August 25, 2024 and April 27, 2025.",3:01,"Feb 19, 2024","Aug 10, 2025",OG File,Lossless,https://pillows.su/f/f902ba61dfee7b71f103989d4bf1dcbe
One of Wun,"i wanna hunt
(prod. Turbo & Omar Grand)","OG Filename: I WANNA HUNT (Prod. Turbo)
Cut freestyle. Initially purported to be from 2023. Snippet surfaced on December 15, 2025.",1:08,"May 5, 2024","Mar 3, 2026",OG File,Lossless,https://pillows.su/f/5e57b54d22f76e4a84c9c3a0ab85dccb
One of Wun,"whatsapp (wassam) [V1]
(prod. Turbo & EVRGRN)
(whatsapp wire)","OG Filename: WHATSAPP WIRE Prod TURBO x EVRGRN
Rough mix of track 4 on One of Wun, ""whatsapp (wassam)"". Mono audio.",2:28,,"May 3, 2026",OG File,Low Quality,https://pillows.su/f/d904e2c519f257750469c411a55427f5
One of Wun,"???
(ambition)","Previewed by @nastydealer on March 15, 2026.",,,"Mar 15, 2026",Snippet,Recording,https://mega.nz/file/ocQy2TBJ#mlPuDWvNSOI_6_Ydd3iPxODMCFD_GFOc41F4QcKaaVc
One of Wun,"Normani - 1:59 [V1]
(prod. TBHits & LeatherJackettt)","Demo of Normani - ""1:59"" with an additional bridge and no Gunna vocals.",3:16,,"May 3, 2024",Full,CD Quality,https://pillows.su/f/5eb7b770298ebed2bcac20cd78e59df7
"15 OG Files
0 Full
0 Tagged
0 Partials
0 Snippets
0 Unavailable",Collaboration with Offset,,,,,,,
Collaboration with Offset,"10 Times Outta 10
(with Offset) (prod. Lord Capp)","OG Filename: Gunna 10 X OUTTA 10 x GUNNA Prod Kizzy
Previewed in GunnaHub on July 11, 2025. Leaked with a tag at the end after a successful $600 groupbuy. OG file surfaced the next day. Recorded in the same session as ""Beat It"" and ""Different Species"".",3:00,"Jul 8, 2024","Jul 27, 2025",OG File,High Quality,https://pillows.su/f/a35fd04f7e82205ef2074650db253be7
Collaboration with Offset,"Ain't Going on E
(with Offset) (prod. Kenny Stuntin)","OG Filename: 01 AINT GOING ON E x SET Prod Kenny
Previewed in GunnaHub on August 5, 2025.",1:48,,"Mar 3, 2026",OG File,CD Quality,https://pillows.su/f/b20224ad274d9d74f5abdf18781a6cbe
Collaboration with Offset,"Back in That Mode [V2]
(with Offset) (prod. Byrd)
(Beat It)","OG Filename: Gunna BEAT IT x SET - Prod Byrd 2
Previewed by Offset on August 1, 2024. Leaked after a successful $600 groupbuy. Recorded in the same session as ""10 Times Outta 10"" and ""Different Species"".",2:49,"Jul 8, 2024","Jun 30, 2025",OG File,High Quality,https://pillows.su/f/6e0a2548ce7477aed77046e080b97326
Collaboration with Offset,"Boost My Net
(with Offset) (prod. King Osama & Lala the DJ)","OG Filename: Boost My Net _ 10.18.24
Throwaway from 2024 likely intended for Offset and Gunna's collaboration album.",2:38,"Oct 18, 2024","Jan 11, 2025",OG File,CD Quality,https://pillows.su/f/431aac9446e5ad461604d9183468f629
Collaboration with Offset,"⭐ Don't You
(with Offset) (prod. Turbo)","OG Filename: 01 DONT YOU FT. SET - PROD TURBO
Previewed by Offset. Previewed in GunnaHub in 2025.",2:06,,"Mar 3, 2026",OG File,CD Quality,https://pillows.su/f/0c03d097462d8ad138a4fd11b4d97d46
Collaboration with Offset,"Double Up
(with Offset) (prod. Turbo)","OG Filename: DOUBLE UP x SET Prod TURBO
First previewed by Offset in an Instagram live on April 21, 2024, then by Gunna in an Instagram post on August 5, 2024. Offset also previewed his chorus and verse in CDQ.",2:14,"Apr 17, 2024","Mar 24, 2026",OG File,Low Quality,https://pillows.su/f/134071b73a92d2881d9b0ef43b0cc10f
Collaboration with Offset,"See What I'm Saying
(with Offset) (prod. Kenny Stuntin & Dunk Rock)
(Cartier Nails, Back in Japan)","OG Filename: SEEE WHAT IM SAYING x GUNNA Prod Kenny x Dunk
Two snippets of this track first surfaced online on July 15, 2024. A second snippet was later previewed by Gunna in an Instagram post on July 22, 2024. Leaked after a successful $600 groupbuy.",2:53,,"Jun 19, 2025",OG File,CD Quality,https://pillows.su/f/f2fd85a008ffc845495b78a27ac2d304
Collaboration with Offset,"Tailored
(with Offset)
(Do Me a Favor)","OG Filename: Wunna 8.28.24 Track 1-18
Previewed in GunnaHub in 2026.",1:35,"Aug 28, 2024","Mar 24, 2026",OG File,CD Quality,https://pillows.su/f/d391ee45b08783ea00c8dea5cf05995e
Collaboration with Offset,"⭐ Walk Outside
(with Offset) (prod. Turbo)","OG Filename: Gunna x Offset - Walk Outside
Snippet surfaced on December 15, 2025.",3:00,,"Mar 24, 2026",OG File,CD Quality,https://pillows.su/f/f543bd841b2e8bf65d1fd4967f9168a7
Collaboration with Offset,"Want it Forever [V1]
(with Offset) (prod. Aviator Keyyz, Bloublood, & Evertime)","OG Filename: Gunna WANT IT FOREVER FT. SET -  Prod Keyzz_1
Open verse demo of ""Want it Forever"". Has a slightly quieter mix.",3:26,,"Mar 4, 2026",OG File,CD Quality,https://pillows.su/f/3e755c4e0ff11b4a3110a08cc0f73f34
Collaboration with Offset,"Want it Forever [V2]
(with Offset) (prod. Aviator Keyyz, Bloublood, & Evertime)","OG Filename: WANT IT FOREVER FT. SET -  Prod Keyzz_1
Version of ""Want it Forever"" with the open verse cut. Previewed in GunnaHub in March of 2025.",2:14,,"Mar 3, 2026",OG File,CD Quality,https://pillows.su/f/0fd2ea203c7a25b361c2d15df2257d80
Collaboration with Offset,"Offset - Swing My Way [V1]
(feat. Gunna) (prod. Turbo)","OG Filename: SWING MY WAY x Gunna Prod Turbo
Version of Offset - ""Swing My Way"" featuring Offset's released 1st verse and an unreleased 2nd verse from Gunna. Leaked as a bonus in a successful $1,500 groupbuy for ""Choppa Pillow"".",3:13,,"Jan 14, 2025",OG File,CD Quality,https://pillows.su/f/560ffdbf7ff95cc740a2326c4b032130
Collaboration with Offset,"Offset - Different Species [V1]
(feat. Gunna) (prod. X-plosive, LNKmusic, & Jester Beats)","OG Filename: SET - DIFFERENT SPECIES Prod. Xplosive_1
Demo of Offset - ""Different Species"" with an open 2nd verse. Previewed by Offset in January 2025. Recorded in the same session as ""10 Times Outta 10"" and ""Beat It"".",3:08,"Jul 8, 2024","Jul 9, 2025",OG File,High Quality,https://pillows.su/f/5480c7541bae417ed73b3bf6afdbe4b7
Collaboration with Offset,"Follow My Lead
(with Offset) (prod. Turbo & Omar Grand)","OG Filename: FOLLOW MY LEAD - Prod Turbo x Omar
Previewed in GunnaHub on May 1, 2026. Leaked on May 14, 2026 after a successful $700 groupbuy.",2:40,"Mar 28, 2025","May 14, 2026",OG File,Lossless,https://pillows.su/f/d02f29c050c6e350ef14ea085895f906
Collaboration with Offset,"Spit Propane
(with Offset) (prod. Turbo)","OG Filename: SPIT PROPANE x Set - Prod Turbo
Previewed in GunnaHub on April 29, 2026. Leaked after a successful $600 groupbuy.",2:46,,"May 6, 2026",OG File,CD Quality,https://pillows.su/f/538b31b501ee368ed744f9fc9ba42500
"38 OG Files
3 Full
0 Tagged
0 Partials
8 Snippets
0 Unavailable",The Last Wun,,,,,,,
The Last Wun,"⭐ clutch [V3]
(prod. Kenny Stuntin)","OG Filename: 04 - CLUTCH - Prod Kenny 3
Previewed in GunnaHub on February 12, 2025. Leaked on October 14, 2025.",2:57,"Sep 8, 2024","Oct 14, 2025",OG File,Lossless,https://pillows.su/f/b2929a3a63cd1e8e035a99bbf7ed5b8c
The Last Wun,"classy girl [V3]
(feat. Asake) (prod. Turbo & DOC MAESTRO)
(classic girl)","OG Filename: CLASSIC GIRL x ASAKE - Prod Turbo 3
Version of ""classy girl"" with an Asake verse and Asake background vocals. Has some additional changes in the instrumental.",3:34,"Dec 14, 2024","May 3, 2026",OG File,High Quality,https://pillows.su/f/8ded166e0a671fbe29ff3c2bce127a7e
The Last Wun,"crossroads [V3]
(prod. Aviator Keyyz & Chi Chi)","OG Filename: CROSSROADS - Prod Keyzz x Chichi 3
Track 16 on an alternate tracklist for The Last Wun. Previewed in GunnaHub on August 17, 2025. Leaked after a successful $600 groupbuy.",3:03,"Aug 24, 2024","Oct 25, 2025",OG File,Lossless,https://pillows.su/f/c5dae4c7c9a875f8bb6a5cfd4d048ee5
The Last Wun,"every time
(prod. Lala the DJ)","OG Filename: EVERY TIME - Prod Lala
Previewed in low quality in GunnaHub on May 15, 2025, and in high quality on August 30, 2025.",2:56,"Dec 15, 2024","Mar 3, 2026",OG File,Lossless,https://pillows.su/f/3a25c4ea19ca24783529bf7fd7d738d6
The Last Wun,"forever be mine [V2]
(prod. Turbo, EVRGRN, & Ayo Sim)
(give me a rush)","OG Filename: FOREVER BE MINE - PROD EVRGRN_2
Original solo version of track 10 on The Last Wun, ""forever be mine"". Has an alternate mix and some slight differences in the chorus adlibs. Missing Turbo's tag.",2:09,"Aug 22, 2024","Aug 8, 2025",OG File,Lossless,"https://pillows.su/f/a181f60e730d8728dc3230eaf47f9966
https://pillows.su/f/32ed123a4419f94c41c79c49a98a0a27"
The Last Wun,"forever be mine [V3]
(feat. Wizkid) (prod. Turbo, EVRGRN, & Ayo Sim)
(give me a rush)","OG Filename: FOREVER BE MINE WIZ KID_1
Rough mix of track 10 on The Last Wun, ""forever be mine"" featuring Wizkid.",2:53,"Jul 6, 2025","May 3, 2026",OG File,Low Quality,https://pillows.su/f/7536dab51aa53eb11cd52f31bcc93ddf
The Last Wun,"goodbye
(prod. Turbo & Kenny Stuntin)","OG Filename: GOODBYE (Prod. Turbo x Kenny)
Snippet surfaced on December 15, 2025. Leaked on April 23, 2026 after a successful $550 groupbuy.",2:36,"Jul 23, 2024","Apr 23, 2026",OG File,Lossless,https://pillows.su/f/38b436684b968ef637722e1154457e4b
The Last Wun,"GOT DAMN [V3]
(prod. Aviator Keyzz, Bloublood, Timpani Beats, & J. Kari)
(GOD DAMN)","OG Filename: GOD DAMN - Prod Keyzz_3
Rough mix of ""GOT DAMN"" with no producer tag.",2:36,"Nov 27, 2024","May 3, 2026",OG File,High Quality,https://pillows.su/f/ea07643cc0b6eea8ecd5ed54e6770107
The Last Wun,"him all along [V1]
(prod. Turbo, Yung Bleu, & Nate B.)","OG Filename: HIM ALL ALONG - Prod TURBO
Rough mix of track 24 on The Last Wun, ""him all along"". Has some different adlibs and vocal takes. Outro is shorter.",2:20,,"May 3, 2026",OG File,CD Quality,https://pillows.su/f/8040df82527a2b9b1bbc0d2975f2ace0
The Last Wun,"him all along [V2]
(prod. Turbo, Yung Bleu, & Nate B.)","OG Filename: HIM ALL ALONG - Prod TURBO NEW 2
Second mix of track 24 on The Last Wun, ""him all along"". Similar to the released version, but missing some adlibs.",2:38,"Oct 4, 2024","May 3, 2026",OG File,High Quality,https://pillows.su/f/57146df065da612733befe433e8f325f
The Last Wun,"i got time [V2]
(prod. Tay Keith)","OG Filename: I GOT TIME - Prod Tay Keith_2
Track 22 on an alternate tracklist for The Last Wun. Previewed on April 28, 2025, and in CDQ on August 9. Surfaced after a successful $500 groupbuy.",2:13,"Jun 26, 2024","Aug 30, 2025",OG File,Lossless,https://pillows.su/f/26868755be4503c2edb15c48f473cd7b
The Last Wun,"on me [V2]
(prod. X-plosive, Flo, & Haze)","OG Filename: ON ME Prod Xplosive 2
Alternate mix of track 18 on The Last Wun, ""on me"", with louder vocals and a slightly different outro.",2:53,"Dec 5, 2024","Aug 9, 2025",OG File,Lossless,https://pillows.su/f/9d8346b366794916aa571a1000973b04
The Last Wun,"satisfaction [V5]
(prod. Turbo, Aviator Keyyz, & Yung Talent)
(searching satisfaction)","OG Filename: SEARCHING SATISFACTION - prod Turbo x Keyzz 5
Solo version of track 16 on The Last Wun, ""satisfaction"", with no Asake vocals and an alternate mix. The outro is slightly different.",2:36,"Aug 21, 2024","Aug 8, 2025",OG File,Lossless,https://pillows.su/f/3ef69db20dbc8d140d72bc2e56c20ce7
The Last Wun,"showed em [V2]
(prod. X-plosive, Keyon, & MacShooter)
(i showed em)","OG Filename: SHOWED EM - Prod Xplosive 2
OG file for track 23 on The Last Wun, ""showed em"". Previewed by Gunna on July 22, 2024.",3:02,"Jul 6, 2024","Aug 3, 2025",OG File,Lossless,https://pillows.su/f/52a155a6ddfaca503cbd89454bf639f4
The Last Wun,"showed em [V3]
(prod. X-plosive, Keyon, & MacShooter)
(i showed em)","OG Filename: I SHOWED EM_V3
Third mix of track 23 on The Last Wun, ""showed em"". Very similar to V2, but slightly quieter.",3:02,"Jul 14, 2024","May 3, 2026",OG File,High Quality,https://pillows.su/f/6ece045e3bddc7b6eb3c5f3cac8ddacc
The Last Wun,"wgft [V1]
(feat. Offset) (prod. Turbo & Shottie)","Version of ""wgft"" with an Offset verse in place of Burna Boy and a different outro. Version order unconfirmed.",2:42,,"Mar 24, 2026",Full,High Quality,https://pillows.su/f/a0d22cc63fdf7d24ec9a94a0ea06974b
The Last Wun,"wgft [V2]
(feat. Burna Boy) (prod. Turbo & Shottie)","OG Filename: WGFT - Gunna Ft Burna Boy
Version of ""wgft"" with an alternate Burna Boy verse.",3:04,"Dec 11, 2024","Jul 26, 2026",OG File,High Quality,https://pillows.su/f/ff2508cac2df35c52889b4a5c7cbcdf3
The Last Wun,"what they thinking [V1]
(prod. Turbo)","OG Filename: 03 - WHAT THEY THINKING - Prod Turbo
Original version of track 22 on The Last Wun, ""what they thinking"". Missing Turbo's tag and has an alternate lyric in the first verse.",2:44,"Aug 22, 2024","Aug 3, 2025",OG File,Lossless,https://pillows.su/f/d0cdb3bdd2e97a0198bcf26c91332250
The Last Wun,"trim up my name
(feat. Casper Bluff) (prod. Tay Keith)
(Nothing to Say, Call it a Day)","OG Filename: TRIM UP MY NAME x CASPER - Prod Tay Keith
First previewed by Booka in 2024. Previewed several times on June 14, 2026. Previewed live on July 3, 2026. High-quality snippet surfaced on July 27, 2026.",2:03,,"Jul 27, 2026",Snippet,High Quality,"https://pillows.su/f/0b8593a5dc1857e7f46707c5483dc6d6
https://mega.nz/file/5cpxAB5A#SA1JqCn2wb-NUsn5Xal-y24DOLp-cs71UEU9Gf5XzVY
https://mega.nz/file/xMBwWI7Q#Y4PNrlmK8zb-hRYfQWiFT5hCXpvxYwvMhxdJI1f5g2s
https://mega.nz/file/FEp0GIYI#u9O-5iTmG_hYhmtQHUTX-e6NHUR5TlG55LA0sA_DYr0
https://mega.nz/file/lVRhULAQ#GqfZUk8pTxN9w2SzRWektf7tWtGgY-qdaCyCIqHXkOk
https://mega.nz/file/5UABAZaL#YT-0tHu53cSJH5QF6q6PXlCUyHdgepshV2gbYG-33x0"
The Last Wun,"DDG - Yes I Am
(feat. Gunna)",Previewed by DDG on Twitch and TikTok in 2024.,,,"Nov 22, 2024",Snippet,High Quality,https://pillows.su/f/76b785e2f4980666d7cddd36e1281c4f
The Last Wun,"Roddy Ricch - Clear Vision [V1]
(prod. Turbo)","Version of ""Clear Vision"" with 2 Roddy Ricch verses and no Gunna feature. Snippet surfaced on March 26, 2026.",,,"Mar 26, 2026",Snippet,High Quality,https://pillows.su/f/b958a927299bb34428f1af0f1522fbb8
The Last Wun,"Roddy Ricch - Clean Up Like a Janitor [V2]
(feat. Gunna) (prod. Turbo & Pooh Beatz)","Previewed in GunnaHub on January 3, 2026. Roddy Ricch recorded in 2019, Gunna purportedly recorded in November 2024.",,,"Jan 2, 2026",Snippet,High Quality,https://pillows.su/f/9921a7ad4228f29d7fb495410e599f65
The Last Wun,"again [V2]
(prod. Lord Capp & Sammy Haig)","OG Filename: AGAIN - Prod Kizzy_2
Louder mix of track 11 on The Last Wun, ""again"".",3:00,"Mar 5, 2025","Aug 8, 2025",OG File,Lossless,https://pillows.su/f/d32bef1d7c5c053e9c23d5b1924f2f3f
The Last Wun,"at my purest [V4]
(feat. Offset) (prod. Turbo & Gray Toomey)","OG Filename: AT MY PUREST - Prod Turbo_4
Version of track 6 on The Last Wun, ""at my purest"", with quieter vocals. Previewed on March 3, 2025. Leaked 9 hours prior to album release.",3:13,"Mar 6, 2025","Aug 7, 2025",OG File,Lossless,"https://pillows.su/f/84c14aa3aa4a510fefa8782db8ac635b
https://pillows.su/f/a828091080bf11c8f66dd37dbc4fe282"
The Last Wun,"biting my game [V2]
(prod. Lord Capp, Evince Beats, & Kabeh)","OG Filename: BITING MY GAME_V2
OG file for track 7 on The Last Wun, ""biting my game"".",2:24,"Jul 5, 2025","May 3, 2026",OG File,Low Quality,https://pillows.su/f/26328ddf56f1ad53e2d67130710e86a4
The Last Wun,"don't kill my high [V3]
(feat. Wiz Khalifa) (prod. Aviator Keyyz)","OG Filename: DONT KILL MY HIGH WIZ GUNNA RUF
Version of ""don't kill my high"" with a Wiz Khalifa verse and a 3rd chorus. Previewed in GunnaHub on July 25, 2025. Was slated for a $600 groupbuy on November 10, 2025 alongside ""Ain't Goin' on E"" with Offset, but the seller retracted.",2:41,,"Mar 3, 2026",OG File,CD Quality,https://pillows.su/f/7487156d080047804736fc408a72a95f
The Last Wun,"endless [V3]
(prod. Kenny Stuntin)
(been here before)","OG Filename: ENDLESS - PROD KENNY_3
Original version of track 12 on The Last Wun, ""endless"". Missing Kenny Stuntin's tag and has an alternate mix with quieter vocals.",2:05,"Mar 1, 2025","Aug 3, 2025",OG File,Lossless,https://pillows.su/f/e4c6cdaa3b4b316adc2d42eb87397c59
The Last Wun,"gangster's paradise [V6]
(prod. Turbo & Shottie)
(gangstar's paradise)","OG Filename: GANGSTARS PARADISE - Prod Turbo 6
Throwaway from The Last Wun sessions. Interpolates ""Gangsta's Paradise"" by Coolio.",3:08,"Mar 3, 2025","Aug 3, 2025",OG File,Lossless,https://pillows.su/f/93785edeb49708da396b5bedb5d948f6
The Last Wun,"gp [V1]
(prod. Turbo & Omar Grand)
(so emotional)","OG Filename: SO EMOTIONAL- Prod Turbo
Original version of track 4 on The Last Wun, ""gp"", with an alternate mix and 90 seconds of open verse at the end.",3:14,"Feb 9, 2025","Aug 9, 2025",OG File,Lossless,https://pillows.su/f/e178391420919f5bf641e4badfc91147
The Last Wun,"⭐ in pocket [V5]
(prod. Byrd)","OG Filename: IN POCKET - Prod Byrd_5
Previewed in GunnaHub on May 19, 2025. Previewed in high quality on October 25, 2025.",3:06,"Feb 7, 2025","Mar 3, 2026",OG File,Lossless,https://pillows.su/f/fcb3ac489be9328f91d4069cdf62d5a8
The Last Wun,"just say dat [V3]
(prod. Byrd & SlickMadeThat)","OG Filename: JUST SAY DAT PROD Byrd 3
Open verse demo of track 3 on The Last Wun, ""just say dat"". The open verse is slightly longer than the finished second verse. Has an alternate mix, some minor adlib differences, and a different outro. Missing Byrd's tag.",2:10,"Jan 28, 2025","Aug 8, 2025",OG File,Lossless,https://pillows.su/f/07ac89973f59cce19063ca97186449c4
The Last Wun,"just say dat [V5]
(prod. Byrd & SlickMadeThat)","OG Filename: JUST SAY DAT_V5
Slightly alternate mix of track 3 on The Last Wun, ""just say dat"".",2:03,"Jun 4, 2025","May 3, 2026",OG File,Low Quality,https://pillows.su/f/38e3c7c577dffd1c2bc6119859c6bc9b
The Last Wun,"just say dat [V6]
(prod. Byrd & SlickMadeThat)","OG Filename: 03_JUST SAY DAT_V6_07-10_96k
Similar to V5. Converted from WAV; veracity unconfirmed as V5 and V6 filedates seem to contradict version order.",2:03,"May 29, 2025","May 3, 2026",OG File,CD Quality,https://pillows.su/f/6fb0f6e9b95a5c2780a0fab2418fe94a
The Last Wun,"let that sink in [V3]
(prod. Turbo & Omar Grand)
(i'm taxin')","OG Filename: LET THAT SINK IN_V3
Slightly alternate mix of track 2 on The Last Wun, ""let that sink in"".",3:05,"Jun 4, 2025","May 3, 2026",OG File,Low Quality,https://pillows.su/f/f7b061e7f118b3f7a057c25d392180cf
The Last Wun,"many nights [V2]
(prod. Lord Capp)","OG Filename: MANY NIGHTS Prod. Kizzy 2
Version of track 1 on The Last Wun, ""many nights"", with a rougher mix. Previewed in ""RUN THAT BACK TURBO EP: 7"" on May 9, 2025.",2:07,"Feb 21, 2025","Aug 10, 2025",OG File,Lossless,https://pillows.su/f/aea249fb1eeaa8960d5f226b817a6db0
The Last Wun,"missing you [V2]
(prod. Kenny Stuntin)","OG Filename: MISSING YOU - Prod Kenny_2
Throwaway from The Last Wun sessions. Previewed by @brixana.",2:07,"Mar 29, 2025","Oct 3, 2025",OG File,Lossless,https://pillows.su/f/ddafc2aa90154c946e7938c18c5af501
The Last Wun,"prototype [V3]
(prod. Turbo, Kenny Stuntin, & MM)
(prototypes)","OG Filename: PROTOTYPES - Prod. Kenny_3
Alternate mix of track 8 on The Last Wun, ""prototype"", with quieter vocals. Has a slightly shorter outro.",2:53,"Mar 29, 2025","Aug 8, 2025",OG File,Lossless,https://pillows.su/f/371e18c82a958cb30c146908c906e6f1
The Last Wun,"rare occasion [V2]
(prod. Lord Capp & Solt Boy)","OG Filename: RARE OCCASION - Prod Kizzy 2
Version of track 19 on The Last Wun, ""rare occasion"", with an alternate mix. The first lyric of the second verse is different.",3:05,"Feb 24, 2025","Aug 8, 2025",OG File,Lossless,https://pillows.su/f/212585dfc9b6c306657c2ef5cccc004e
The Last Wun,"sakpase [V3]
(prod. Turbo, Kenny Stuntin, Nash Beats, & ThankYouWill)
(sapase, west la)","OG Filename: SAPASE - Prod Kenny 3
Original version of track 5 on The Last Wun, ""sakpase"". Missing Kenny Stuntin's producer tag and has a full outro.",2:25,"Mar 1, 2025","Aug 8, 2025",OG File,Lossless,https://pillows.su/f/ba5146934bb2b4a2b6f0f0babdf15808
The Last Wun,"won't stop [V4]
(prod. Turbo)","OG Filename: WONT STOP - Prod Turbo_4
Similar to V6. Lossless file surfaced on July 26, 2026.",3:01,"Mar 3, 2025","May 3, 2026",OG File,Lossless,"https://pillows.su/f/90347191838af7106cd5621b25dd8781
https://pillows.su/f/90f8180625b9478ea2da8deb05861d37"
The Last Wun,"won't stop [V6]
(prod. Turbo)","OG Filename: WONT STOP - Prod Turbo_6
Version of track 25 on The Last Wun, ""won't stop"", dated March 29, 2025. Has a slightly different mix and the first half of the last chorus has a different snare. Missing some adlibs compared to the released version.",3:01,"Mar 29, 2025","Jun 13, 2025",OG File,Lossless,https://pillows.su/f/fa4342418ee6b1f824732b7aab923c10
The Last Wun,"won't stop [V7]
(prod. Turbo)","OG Filename: WONT STOP_V7
Similar to V6, but adlibs are closer to the released version.",3:01,"Jun 3, 2025","May 3, 2026",OG File,High Quality,https://pillows.su/f/8bf4124961d9ba39f20ea301ea804c72
The Last Wun,"bad ting
(feat. Offset) (prod. Kenny Stuntin)","Track 23 on an alternate tracklist for The Last Wun. Previewed in GunnaHub on March 15, 2026. CDQ snippet surfaced on April 20, 2026.",,,"Apr 20, 2026",Snippet,High Quality,"https://pillows.su/f/4351a74aba59f844fbe707eef3d1ca8c
https://pillows.su/f/72e0c8c617150500000fbcc91ca9f446"
The Last Wun,"heavy metal
(prod. Turbo)","Previewed on August 8, 2025.",,,"Aug 8, 2025",Snippet,Recording,https://mega.nz/file/kMRHgS4C#9lc7KRndNorzgbrt-8Ev8Wjf56PJwHkm7-w7iN-dtA8
The Last Wun,"???
(feat. Burna Boy)
(been on edge)","Snippet surfaced on January 31, 2026.",,,"Jan 31, 2026",Snippet,CD Quality,https://pillows.su/f/f4774ca70ea2cd49da74ff936a42f460
The Last Wun,"Playboi Carti - WE NEED ALL DA VIBES [V2]
(feat. Young Thug, Ty Dolla $ign, & Gunna)
(Vibing)","Lossless streaming rip of the version of ""WE NEED ALL DA VIBES"" originally uploaded to streaming services. This mix keeps some of Gunna's adlibs.",3:01,,"Mar 14, 2025",Full,Lossless,https://pillows.su/f/0b060d1ec87b857b942d95cd3adad2a1
The Last Wun,"Ty Dolla $ign - TYCOON$
(feat. Future, Young Thug, & Lil Baby)
(Jewel Baby)","Version of Ty Dolla $ign - TYCOON$ from early 2025, a reworked version of ""Jewel Baby"" with a new instrumental. This version retains the Future vocals that were removed from the released version, but has no Gunna vocals.",2:33,,"May 30, 2025",Full,CD Quality,https://pillows.su/f/7e67f516eccebc7f9019b1212f984410
The Last Wun,"Wiz Khalifa - 5 Star
(feat. Gunna) (prod. Mike & Keys, Dominique Sanders & JasonMartin)","OG Filename: Wiz x Gunna 22
Slightly alternate mix of Wiz Khalifa - ""5 Star"" featuring Gunna; previewed on March 13, 2025. Leaked 4 days before release.",3:01,,"Mar 24, 2025",OG File,CD Quality,https://pillows.su/f/f48a01bcab871693367637f1f0ae4923
The Last Wun,"Roddy Ricch - Clear Vision [V2]
(feat. Gunna) (prod. Turbo)","Feature from 2025. Previewed on January 27, 2025.",,,"Jan 27, 2025",Snippet,Recording,https://mega.nz/file/9E51BBCT#opz5esh82tWl1cIHZmVA58iSL7j3eHJG0VLx7PQhPpU
"1 OG Files
0 Full
1 Tagged
0 Partials
9 Snippets
0 Unavailable",Ongoing,,,,,,,
Ongoing,"Asake - ???
(feat. Gunna)
(In the Cut)","Previewed in GunnaHub on May 12, 2026. Leaked heavily tagged on June 4, 2026.",2:58,,"Jun 4, 2026",Tagged,CD Quality,https://pillows.su/f/2d3b69a614651aebeb970cd181624c28
Ongoing,"Hurricane Wisdom - Where it's Goin'
(feat. Gunna) (prod. Getro, Gentlebeatz, & Hellion)
(Having Motion, Floor It)","OG Filename: HURRICANE - WHERE ITS GOIN X GUNNA
OG Filename 2: HW x GUNNA FLOOR IT Prod GETRO x GENTLE x HELLION 1
A music video was previewed on April 25, 2026. CDQ snippet surfaced on April 26, 2026. Leaked on May 8, 2026.",2:33,"Mar 26, 2026","May 8, 2026",OG File,High Quality,https://pillows.su/f/05da201202ae092ebc0b5ca5f627c987
Ongoing,"Shaboozey - ???
(feat. Gunna)","Intended for Shaboozey's album ""The Outlaw Cherie Lee & Other Western Tales"". Snippet surfaced on July 19, 2026.",,,"Jul 19, 2026",Snippet,Lossless,https://pillows.su/f/7a7e9ec28d719d349d95030d4339f792
Ongoing,"How it Is
(prod. Byrd)","Previewed by Gunna on May 19, 2026.",,,"May 19, 2026",Snippet,Low Quality,https://pillows.su/f/0abcc7ba3765144913353e32c316474e
Ongoing,"Nah Mean
(prod. Turbo)","First previewed on May 31, 2026. Previewed again on July 14, 2026. High-quality snippet surfaced on July 27, 2026.",,,"Jul 27, 2026",Snippet,High Quality,https://pillows.su/f/eb1d3600a96bf792421c7931ded370dd
Ongoing,"🏆Passion
(prod. Turbo & DOC MAESTRO)
(10 Summers)","OG Filename: PASSION - Prod TURBO x DOC_3
Snippet surfaced on July 27, 2026.",3:09,,"Jul 27, 2026",Snippet,High Quality,https://pillows.su/f/828c1523d63646cc3161706465a756e9
Ongoing,"Pop It
(prod. Lord Capp)
(Widebody Benz)","Previewed on March 26, 2026. Previewed in GunnaHub on April 24, 2026. Another snippet surfaced on May 14, 2026. Instrumental previewed by Gunna on May 19, 2026.",,,"Apr 24, 2026",Snippet,High Quality,"https://pillows.su/f/df17e331837f92fdc76f0d15e9750aac
https://pillows.su/f/ac45a6646905c4d591cb97a4fcd5bcd1"
Ongoing,"Sleep When I Fly
(feat. Hunxho)","Snippet surfaced on July 27, 2026.",3:15,"May 10, 2026","Jul 27, 2026",Snippet,High Quality,https://pillows.su/f/c079f05e7bf2cd093a8b22a38bf75d81
Ongoing,"Hunxho - ???
(feat. Gunna)
(Birthday)","Snippet surfaced on July 26, 2026.",,,"Jul 26, 2026",Snippet,High Quality,https://pillows.su/f/54b8960eeb9bb03c09963cb9b3d582c2
Ongoing,"Rich the Kid - ???
(feat. Gunna)
(Look at My Bitch)","Previewed by Rich the Kid on July 27, 2026. High-quality snippet surfaced on July 25, 2026.",,,"Jul 25, 2026",Snippet,High Quality,https://pillows.su/f/322a484cd1b9ccace1856dfd797ee959
Ongoing,"Young Thug - God's Sight [V2]
(feat. Rylo Rodriguez) (prod. Wheezy)
(Best of Me, Vader)",Version of God's Sight with a Rylo Rodriguez verse in place of Gunna's verse.,,,"Jul 18, 2026",Snippet,High Quality,https://pillows.su/f/18f06d1d4fb47d6e905dfabe7634e01d
