Era,Name,Notes,Track Length,File Date,Leak Date,Available Length,Quality,Link(s)
Dirty Sprite,"Hey Ho [V1]
(prod. ???)","Leaked on LEAKED.CX on Feb. 12, 2024. This is a bounce of just Future's hook from Brianna Perry's 2011 'Hey Ho (AKA Oh La)', which featured both Future & Trina. This hook demo appears to be the same vocal take, but includes different mixing and slight instrumental differences.",0:51,,"Feb 12, 2024",Full,CD Quality,
Dirty Sprite,"Let Me
(prod. Mike WiLL Made-It?)",Previewed by Future on an IG Livestream with Mike WiLL Made-It,,,"Mar 25, 2020",Snippet,Low Quality,
Dirty Sprite,"⭐ Rocky
(prod. K.E On The Track)","Leaked by K.E himself, and Future tweeted about it.",3:33,2011,"Jan 4, 2014",Full,High Quality,https://imgur.gg/f/1IhzdCz
Astronaut Status,Only God Can Judge Me,"OG Filename: future- only god can judge me
Hook only demo leaked by Menace. Oddly though at the last second Future can be heard about to spit a verse. It is then cut off. This file was not cut as it is the OG File so it is unknown why it was bounced like that. It can be assumed there's probably a finished version of this song. Determined to be around this era as the version of iTunes it is encoded with corresponds with it. ",2:02,2011,"Jan 22, 2026",OG File,CD Quality,https://imgur.gg/f/JZhKBG6
Astronaut Status,"Your Talk
(feat. Freebandz Mack)","Recorded in 2011. Leaked on LEAKTH.IS by trappinsohard on Sep. 17, 2018.",1:25,2011,"Sep 17, 2018",Full,High Quality,https://imgur.gg/f/g8rpmse
Astronaut Status,"Marcus Manchild - Bout That Life [V1]
(feat. Future)","OG Filename: bout that life
OG Filename (Metadata): bout that life SETH
Obsucure Future feature. iTunes encoding shows it was probably made around this era. It is unknown when this song released as a longer version of this song with a Marcus verse can be found on YouTube that was uploaded in 2019. This version of the song only includes Marcuses hook and Futures verse. It also cuts abruptly despite being the OG File. Leaked by Menace alongside Grew Up Gang Bang after bully jewed sleep into buying it.",1:42,2011,"Sep 4, 2025",OG File,CD Quality,https://imgur.gg/f/690ZbeE
Pluto,Come Back,"Leaked on LEAKED.CX on Dec. 12, 2022.",2:30,,"Dec 12, 2022",Full,CD Quality,https://imgur.gg/f/7kwJR6d
Pluto,"Deeper Than The Ocean [V1]
(prod. Will-A-Fool)","Leaked on LEAKTH.IS by Fredo Santana Bandana on Jun. 6, 2020. Features an extended intro, no DJ tags, and slight alterations in the instrumental throughout the song.",3:53,,"Jun 6, 2020",Full,CD Quality,https://imgur.gg/f/nzMp5vu
Pluto,Everything We Want,Snippet leaked online by @inchrome,,,"Jul 4, 2021",Snippet,CD Quality,
Pluto,"Itchin [V1]
(prod. Mike WiLL Made-It)","Leaked on Dec. 29, 2022. This version is missing a few lines in the intro. Song ends at 2:38, leaving more than 2 minutes of silence at the end.",4:59,,"Dec 29, 2022",Full,CD Quality,https://imgur.gg/f/KiRSy6f
Pluto,Locked In,"Leaked on LEAKTH.IS by trappinsohard on Oct. 17, 2018.",1:51,,"Oct 17, 2018",Full,CD Quality,https://imgur.gg/f/fur2q4U
Pluto,"Numberz
(feat. ATLBoe)","Cut from the 'Hustlerz Ambition' tape. Leaked on LEAKTH.IS by trappinsohard on Sep. 17, 2018.",1:49,,"Sep 17, 2018",Full,CD Quality,https://imgur.gg/f/5y5D2J1
Pluto,⭐ One Helluva Night,Leaked sometime in 2015.,3:49,,2015,Full,High Quality,https://imgur.gg/f/O7tmYFn
Pluto,"Pussy So Good [V1]
(prod. Will-a-Fool)","OG Filename: PUSSY SO GOOD FUTURE
Leaked on LEAKED.CX on Mar. 19, 2024. Solo Future hook demo for song from Stuey Rock collab project. Vocal take appears to be the same as the official, but lack's Stuey Rock's backing vocals and adlibs. It also has a slightly different intro. No verses, just a short intro, the full hook, and then a fadeout outro.",1:20,,"Mar 19, 2024",OG File,CD Quality,https://imgur.gg/f/fENntDK
Pluto,"Red Roses
(prod. Mike WiLL Made-It)",Previewed by Future on an IG Livestream with Mike WiLL Made-It,,,"Mar 25, 2020",Snippet,Low Quality,https://www.youtube.com/watch?v=leVvl-k70H4
Pluto,Rockstar Shit,"Leaked on LEAKTH.IS by trappinsohard on Oct. 17, 2018.",1:21,,"Oct 17, 2018",Full,High Quality,https://imgur.gg/f/Q0NYclF
Pluto,"Translator
(All Day)",Leaked on LEAKTH.IS in 2019.,2:23,,2019,Full,High Quality,https://imgur.gg/f/9dhwxs7
Pluto,???,"Snippet leaked by ExclusiveMarket on Jul. 3, 2021. Era unknown, but it definitely sounds old.",,,"Jul 3, 2021",Snippet,High Quality,
Pluto,Unknown [2 Chainz Collaborations],"In a interview for Billboard 2 Chainz and Future discuss the possibility of a collaboration album. It's unknown what came of this but it is possible ""Never Be The Same"" came from these sessions.",,,,Confirmed,Not Available,https://www.youtube.com/watch?v=JUxQqM_zfWM
Pluto,"Travis Scott - Bandz (Remix)
(feat. Meek Mill, T.I., Lil Wayne, Big Sean, King
Louie & Future) (prod. The Dope Boyz & MIKE DEAN)","Remix that was meant for the iTunes deluxe version of 'Owl Pharaoh'
according to Pharaohxx. Though Pharaohxx was a reliable source, it remains
unconfirmed unless any more evidence of its existence surfaces.",,,,Rumored,Not Available,https://imgur.com/4U66oCL
Pluto,"JC - Bout That Life [V1]
(feat. Future)",Old song that has two different versions with two different features released to bandcamp. The version linked is the version with only JC and Future which is probably the OG and only official version of the song. Unrelated to the Marcus Manchild song.,3:39,,"Apr 17, 2023",Full,High Quality,https://www.youtube.com/watch?v=dQ8ikr3TAZI
Pluto,"Rihanna - LAA [V1]
(ref. Future) (prod. Future, Mex Manny & Luney Tunez)
(Loveeeeeee Song, Love and Affection)","OG Filename: LAA (ref)
Solo open verse demo. Leaked after a $150 gb in Future Hub.",4:15,2012,"May 29, 2026",OG File,High Quality,https://imgur.gg/f/JOdbujD
Pluto,"Wonder B - Molly
(feat. Future)","OG Filename: molly 
OG Filename (Metadata): molly SETH
Obscure song that was sold by bully (jew) which later was found to be a released song by Wonder B. The release date for this mixtape is unknown but with what is found online about it and how this file is encoded it seems to fit best for Pluto era.",4:14,,"Dec 25, 2025",OG File,CD Quality,https://pillows.su/f/a8929f3df2c9c1a835a1b2229c2457cd
Pluto,"Gorilla Zoe - Movie [V1]
(feat. Future) (prod. Sonny Digital)","Resurfaced on LEAKED.CX on Jul. 2, 2024. This version has an open verse (replaces the verse from 'Swift' on the official) and has no DJ tags.",4:03,,"Jul 2, 2024",Full,High Quality,https://imgur.gg/f/3VOGgHb
Pluto,"Monica - My Story 
(feat. Future)",Hard to tell what era this feature is as Future only provides background vocals. Most likely older. ,3:35,,"Mar 9, 2026",Full,High Quality,https://pillows.su/f/d18373011fa439e5b6863a347cd1484a
Pluto,"Pusha T - Pain [V1]
(prod. Kanye West & No I.D.)","Version said to exist by Pusha T, ""the verses were switched and chopped. There were bars before ‘18 wheeler gorillas!' I don’t even remember the first line. It was a lot [of chopping]"". Was made before Future got on the track.",,,,Confirmed,Not Available,https://genius.com/2488555
Pluto,"Pusha T - Pain [V2]
(ref. Kanye West) (prod. Kanye West & No I.D.)","Future said a mumble Kanye demo was recorded for ""Pain"".",,,,Confirmed,Not Available,https://www.youtube.com/watch?v=vvJ1CLVHayQ
Pluto,"Pusha T - Pain [V3]
(feat. Future) (prod. Kanye West & No I.D.)","Future said he freestyled over the ""Pain"" beat, in a session at Kanye's house.",,,,Confirmed,Not Available,https://www.youtube.com/watch?v=vvJ1CLVHayQ
Pluto,"Pusha T - Pain [V4]
(feat. Future) (prod. Kanye West & No I.D.)","Future said the intro was a lot simpler originally, but Kanye added some some harsher piano and made the intro a lot ""darker"".",,,,Confirmed,Not Available,https://www.youtube.com/watch?v=vvJ1CLVHayQ
Pluto,"Pusha T - Pain [V5]
(feat. Future) (prod. Kanye West & No I.D.)","OG Filename: Pain M 3.2
Very early demo of Pusha T's Pain, supposedly dated 2.3.2012.",4:10,"Feb 3, 2022","Dec 23, 2022",Full,High Quality,https://imgur.gg/f/llBEAFw
Pluto,"Bobby Valentino - Pretty Woman 
(feat. Future)","Ancient feature that isn't known exactly when it was made. Most likely from this era but could also have been made earlier. Bobby Interpolates ""Oh, Pretty Woman"" by Roy Orbinson. Leaked by Menace in a mass leak.",3:38,,"Mar 9, 2026",Full,High Quality,https://pillows.su/f/8b48fb96847f22f4d9c3fac0d3ed1166
Pluto,"Tony Montana (Remix)
(feat. Drake & Lil Wayne) (prod. Will A Fool)","In a HipHopDX interview, Future spoke about how Wayne wanted to go over his Tony Montana song for his new mixtape (Dedication 4), but ultimately did not want him to put it out as it would take shine away from himself.",,,,Confirmed,Not Available,
Pluto,"Rocko - U.O.E.N.O (Remix) [V1]
(feat. Future & 2 Chainz) (prod. Don Cannon & Childish Major)","Leaked on LEAKED.CX on Aug. 11, 2024. Bounce of a short, 1 extra feature remix of the song with the same vocals from the respective, official 'extended remix' version.",4:22,,"Aug 11, 2024",Full,CD Quality,
Pluto,"Big K.R.I.T. - White Cup
(feat. Future)",Snippet posted by drag. Said to have Future on the hook and an open verse. A Juicy J version of this song also exists. ,,,"Dec 8, 2025",Snippet,CD Quality,https://pillows.su/f/c433c17503c930af1e4536a2071b40b8
Pluto,"Travis Scott - ??? [V1]
(feat. Future)","Collaboration with Future, seemingly recorded on April 11, 2012, judging by
an article on ILLROOTS. Travis tweeted about the track three days later,
saying ""Travis Scott ft future. Pluto [coming] soon"". Assuming he was talking
about the same song, he later said that DJ Khaled took it (see 'V2').",,,,Confirmed,Not Available,"https://imgur.com/a/Q7GLhFh
https://imgur.com/djvHzvr"
Pluto,"DJ Khaled - ??? [V2]
(feat. Travis Scott & Future)","According to Travis on Tumblr, DJ Khaled took his collaboration with Future
(seemingly the one referenced by Travis in April 2012) for one of his albums,
but he never released it.",,,,Confirmed,Not Available,https://imgur.com/VHPYd8f
Pluto,"Travis Scott - ???
(feat. Future)","Pharaohxx noted that Travis and Future had two other songs together, as
well as the one that DJ Khaled took. Travis confirmed the existence of at
least one song through an April 2012 tweet, and another was mentioned in a
2013 article from The Fader, so that leaves one more.",,,,Rumored,Not Available,https://imgur.com/a/hSlMHLB
Pluto,"Bout That Life [V2]
(feat. JC)","OG Filename: Future - Bout That Life
Different bounce of the song with Future as the main artist with his verse and JC only doing the hook. OG File possibly renamed.",1:39,2015,"Mar 9, 2026",OG File,CD Quality,https://pillows.su/f/77208567e64edf33f4832ab1a89ef632
Pluto,"✨ Helluva Nigga
(prod. Helluva)","OG Filename: helluva nigga
Leaked after a ""successful"" groupbuy that was carried by Menace. ",3:57,2012,"Apr 28, 2025",OG File,CD Quality,https://imgur.gg/f/J0xb4in
Pluto,"Hoes Go Crazy [V1]
(prod. DJ Plugg)","OG Filename: hoes go crazy
Has an open verse for Mac Miller.",1:56,"Sep 11, 2012","May 16, 2025",OG File,CD Quality,https://imgur.gg/f/agfbYP6
Pluto,???,Snippet leaked by Bizzlow. Era unknown.,,,,Snippet,CD Quality,
Pluto,"Nelly - Give You Dat
(feat. Future) (prod. Detail)
(Give U Dat)","OG Filename: Give.You.Dat.Version3.intro.3verses.after.hookfutureaddlib.
OG Version of Give U Dat by Nelly. iTunes encoding places it in this era despite the song releasing in 2013.",4:23,2012,"Mar 9, 2026",OG File,CD Quality,https://pillows.su/f/f02b3cdfb2a597698b0f6982a5a96dbb
Pluto,"CAUTION - I Stay Up (Remix)
(feat. Future)","The released version of this song is nearly impossible to find, but it is apparently from CAUTION's 2012 album 'Side Effects'. It is unknown why the streaming version doesn't have Future, so this is likely a scrapped remix or the OG version.",2:23,,2012,Full,High Quality,https://imgur.gg/f/qcgreQW
Pluto,"Ester Dean - Jealous (Remix) [V1]
(feat. Future)","Future remix of singer and song writer Ester Dean's song Jealous. Posted by Ester herself on Jun. 21, 2024",2:44,,"Jun 21, 2024",Full,High Quality,https://www.youtube.com/watch?v=nwiBufbRWTc
Pluto,"Ester Dean - Jealous (Remix) [V2]
(feat. Future)",Longer version of the remix with differences throughout. File dated 2015 but still with the same era Future vocals.,3:55,2015,"Mar 9, 2026",OG File,CD Quality,https://pillows.su/f/677e154127c3187b4cfca1e95906ee99
Pluto,"Travis Scott - ???
(feat. Future)"," Referenced in an article on The Fader; the author states that he saw Travis
at SXSW in March 2013, and was played a new collaboration between Travis
and Future (how ""new"" is unclear).",,,,Confirmed,Not Available,https://imgur.com/41cegPb
F.B.G. The Movie,"94.5
(prod. DJ Holiday)","OG Filename: Future 94.5
Leaked by Menace on September 11th. Possibly the worst thing to happen on that day as this is literally just a looped hook that is out of tune and goes on for almost two minutes. What the fuck is wrong with bully for selling this dog shit. Classified as this era as he uses the ""Film"" adlib in the outro. ",1:56,2012,"Sep 11, 2025",OG File,CD Quality,https://pillows.su/f/4971a949ebf8a4f67714b797f0144b6c
F.B.G. The Movie,"Young Scooter - Appeal
(prod. Zaytoven)","Track 15 on F.B.G: The Movie. This version has no DJ tags. Leaked by flab in Future Tracker 2.0 on March 20, 2026.",2:35,,"Mar 20, 2026",Full,CD Quality,https://pillows.su/f/40069e8a15893fcfb56af1913480eb83
F.B.G. The Movie,"Maceo - Back At It
(feat. Future) (prod. DJ Plugg)","Track 12 on F.B.G: The Movie. This version has no DJ tags. Leaked by flab in Future Tracker 2.0 on March 20, 2026.",3:26,,"Mar 20, 2026",Full,CD Quality,https://pillows.su/f/b83e15e1db7f7c2742a772af48b82429
F.B.G. The Movie,"Freeband Gang - Big Rube
(feat. Big Rube)","Track 17 on F.B.G: The Movie. This version has no DJ tags. Leaked by flab in Future Tracker 2.0 on March 20, 2026.",1:28,,"Mar 20, 2026",Full,CD Quality,https://pillows.su/f/b882eceede1843f1d7ce81d1829b3724
F.B.G. The Movie,"Freeband Gang - Billionaire Minds
(feat. Birdman)","Track 7 on F.B.G: The Movie. This version has no DJ tags. Leaked by flab in Future Tracker 2.0 on March 20, 2026.",0:32,,"Mar 20, 2026",Full,CD Quality,https://pillows.su/f/e75dba2d50cafa0aaf132d3af1739267
F.B.G. The Movie,"Lil Wayne - Love Me [V1]
(feat. Drake & Future) (prod. Mike WiLL Made-It & Pluss)
(Bitches Love Me)","OG Filename: Lil Wane Love Me REF01
Demo of track 11 off ""I Am Not a Human Being II"". Leaked in the Engine Room box on March 14, 2026.",4:25,,"Mar 14, 2026",OG File,Lossless,https://imgur.gg/f/ja6wX9U
F.B.G. The Movie,"Lil Wayne - Bitches Love Me [V2]
(feat. Drake & Future) (prod. Mike WiLL Made-It & Pluss)
(Love Me)","Version of the song released as track 6 on F.B.G: The Movie. This version has no DJ tags. Leaked by flab in Future Tracker 2.0 on March 20, 2026.",4:17,,"Mar 20, 2026",Full,CD Quality,https://pillows.su/f/7883dcda843c7b495b444d7523a8d4e8
F.B.G. The Movie,"Chop It Up
(prod. Mike WiLL Made-It)",Previewed by Future on an IG Livestream with Mike WiLL Made-It,,,"Mar 25, 2020",Snippet,Low Quality,
F.B.G. The Movie,"Cee-Lo
(feat. Wale) (prod. Southside & TM88)","Track 3 on F.B.G: The Movie. This version has no DJ tags. Leaked by flab in Future Tracker 2.0 on March 20, 2026.",3:08,,"Mar 20, 2026",Full,CD Quality,https://pillows.su/f/251eba3e2e37c07813a3d8f90da35b8e
F.B.G. The Movie,"Chosen One
(feat. Rocko) (prod. Southside)","Track 10 on F.B.G: The Movie. This version has no DJ tags. Leaked by flab in Future Tracker 2.0 on March 20, 2026.",3:24,,"Mar 20, 2026",Full,CD Quality,https://pillows.su/f/8a2f597aea1e144d72c785a5a1d44692
F.B.G. The Movie,"DNA
(prod. Southside & TM88)","Track 6 on F.B.G: The Movie. This version has no DJ tags. Leaked by flab in Future Tracker 2.0 on March 20, 2026.",2:46,,"Mar 20, 2026",Full,CD Quality,https://pillows.su/f/c1bed84c7cd34fb251cc311af0c624d4
F.B.G. The Movie,"Everything Ours
(feat. Young Scooter) (prod. TM88)","Track 9 on F.B.G: The Movie. This version has no DJ tags. Leaked by flab in Future Tracker 2.0 on March 20, 2026.",3:01,,"Mar 20, 2026",Full,CD Quality,https://pillows.su/f/024569e3837bc2bce7c218c94cfdcb97
F.B.G. The Movie,"Finessin
(prod. TM88)","Track 20 on F.B.G: The Movie. This version has no DJ tags. Leaked by flab in Future Tracker 2.0 on March 20, 2026.",3:14,,"Mar 20, 2026",Full,CD Quality,https://pillows.su/f/e25709efec9e409032e39587b008eb5a
F.B.G. The Movie,"Fo Real
(feat. Drake) (prod. Mike WiLL Made-It)
(Fo' Real, For Real)","Track 2 on F.B.G: The Movie. This version has no DJ tags. Leaked by flab in Future Tracker 2.0 on March 20, 2026.",3:37,,"Mar 20, 2026",Full,CD Quality,https://pillows.su/f/67e4fc545ebd41827b3b91382a99a8f4
F.B.G. The Movie,"Hoes Go Crazy [V2]
(feat. Mac Miller) (prod. DJ Plugg)",Previewed by @YourSourceTV,,,"Apr 13, 2013",Snippet,Low Quality,
F.B.G. The Movie,"Veli Sosa - I Know Sosa [V1]
(feat. Future) (prod. MP Makes It Happen)","OG Filename: i know sosa
A random feature that resues Future's bar from Tony Montana ""Plugged in with Colombians, I know Sosa"" as the hook. It was thought that the main artist for this song was DTE Big Bank at first but later flwrpot found the Veli Sosa mixtape ""I Am Da Streets"" that this song was on. This OG version has no dj tags and a longer outro.",3:38,2012,"Dec 4, 2025",OG File,CD Quality,https://imgur.gg/f/3hC4aAj
F.B.G. The Movie,Freeband Gang - INTL Swagger,"Track 13 on F.B.G: The Movie. This version has no DJ tags. Leaked by flab in Future Tracker 2.0 on March 20, 2026.",0:26,,"Mar 20, 2026",Full,CD Quality,https://pillows.su/f/19034907b1fe0075111d9e19fdfe196c
F.B.G. The Movie,"Intro
(prod. FtheDread)","Track 1 on F.B.G: The Movie. This version has no DJ tags. Leaked by flab in Future Tracker 2.0 on March 20, 2026.",4:29,,"Mar 20, 2026",Full,CD Quality,https://pillows.su/f/f87cefb31d8be372efa56fec4ebf38d7
F.B.G. The Movie,"Karate Chop
(feat. Casino) (prod. Metro Boomin)","Version of the song released as track 8 on F.B.G: The Movie. This version has no DJ tags. Leaked by flab in Future Tracker 2.0 on March 20, 2026.",4:20,,"Mar 20, 2026",Full,CD Quality,https://pillows.su/f/2de005c972424397ab30fd937d5ec63b
F.B.G. The Movie,"Keep on Shinin
(feat. Casino) (prod. Southside & TM88)","Track 18 on F.B.G: The Movie. This version has no DJ tags. Leaked by flab in Future Tracker 2.0 on March 20, 2026.",4:17,,"Mar 20, 2026",Full,CD Quality,https://pillows.su/f/a8e8f6e5e0756d1f9eadc929173cffe4
F.B.G. The Movie,"Casino - Killin It
(feat. Slice 9) (prod. Malikondabeat)","Track 11 on F.B.G: The Movie. This version has no DJ tags. Leaked by flab in Future Tracker 2.0 on March 20, 2026.",2:53,,"Mar 20, 2026",Full,CD Quality,https://pillows.su/f/a18d02ca739c242d9081d8abf753f270
F.B.G. The Movie,"Mark McGwire
(prod. Southside & TM88)","Track 5 on F.B.G: The Movie. This version has no DJ tags. Leaked by flab in Future Tracker 2.0 on March 20, 2026.",2:58,,"Mar 20, 2026",Full,CD Quality,https://pillows.su/f/46fde3e47234b6fafab26794a9b6df58
F.B.G. The Movie,"Missing
(feat. Big Bank Black & Maceo) (prod. BWheezy)","Track 21 on F.B.G: The Movie. This version has no DJ tags. Leaked by flab in Future Tracker 2.0 on March 20, 2026.",4:01,,"Mar 20, 2026",Full,CD Quality,https://pillows.su/f/79ecfcaf20b657c3abef3c6a717a2483
F.B.G. The Movie,"Mexico Rann - Muphucka
(feat. Young Scooter)","Track 4 on F.B.G: The Movie. This version has no DJ tags. Leaked by flab in Future Tracker 2.0 on March 20, 2026.",2:58,,"Mar 20, 2026",Full,CD Quality,https://pillows.su/f/787d8987c507fc658b3c1770ec7cd7f8
F.B.G. The Movie,"Test - See It to Believe It
(feat. Future & Sisqo) (prod. Kidd & Lace)","Track 24 on F.B.G: The Movie. This version has no DJ tags. Leaked by flab in Future Tracker 2.0 on March 20, 2026.",4:03,,"Mar 20, 2026",Full,CD Quality,https://pillows.su/f/42849594d2cf4fdf8b970133f4bb1f6f
F.B.G. The Movie,"Rocko - U.O.E.N.O (Remix) [V2]
(feat. Future & A$AP Rocky) (prod. Don Cannon & Childish Major)","Leaked on LEAKED.CX on Aug. 11, 2024. Bounce of a short, 1 extra feature remix of the song with the same vocals from the respective, official 'extended remix' version.",4:22,,"Aug 11, 2024",Full,CD Quality,
F.B.G. The Movie,"??? - Versace
(ref. Future) (prod. Mike Will Made It)","OG Filename: Future - Versace REF
Leaked on March 1st, 2025. According to the filename it seems to be a ref for an artist. It is unknown who the ref is for.",3:26,,"Mar 1, 2025",OG File,CD Quality,https://imgur.gg/f/mhgoUKC
F.B.G. The Movie,"✨ Way I'm Ballin [V1]
(feat. Detail) (prod. DJ Drama)
(And One)","Leaked on LEAKED.CX on Jun. 19, 2024. Song is a demo / early version of 'Way I'm Ballin'' by Lil' Wayne off of his 2013 mixtape 'Dedication 5'. The official version uses the same instrumental and has Future only on the hook. This version of the song has more Future vocals (including an entire verse) and has Detail performing reference vocals for Birdman on the official.",4:17,2013,"Jun 19, 2024",Full,CD Quality,https://imgur.gg/f/bWB1Lqz
F.B.G. The Movie,"Whip Game
(feat. Casino & Mexico Rann) (prod. Trendsetterz)","Track 16 on F.B.G: The Movie. This version has no DJ tags. Leaked by flab in Future Tracker 2.0 on March 20, 2026.",3:11,,"Mar 20, 2026",Full,CD Quality,https://pillows.su/f/1913db7388935d24a05494ea57866b7b
F.B.G. The Movie,"You Wonder
(feat. Busta Rhymes & Rocko) (prod. Southside & TM88)","Track 19 on F.B.G: The Movie. This version has no DJ tags. Leaked by flab in Future Tracker 2.0 on March 20, 2026.",3:11,,"Mar 20, 2026",Full,CD Quality,https://pillows.su/f/8d316aa5f6245f6c3841284a39b30d83
Black Woodstock,"Psychadelic
(prod. DJ Esco)
(Psychedelik Smoke)","OG Filename: Future- Psychadelic SETH_04
OG Version of Psychedelik Smoke originally meant for Black Woodstock. This can be heard in the background of an interlude for Black Woodstock but it's unknown where this interlude came from as it can't be found on YouTube. The production is entirely different and it has an open verse that was apparently meant for Mac Miller.",3:25,2012,"Mar 15, 2025",OG File,CD Quality,https://pillows.su/f/65ee055b71fbbd20d0226578e517767a
Super Future / Fire Marshal Future,Ain't Nothing Regular Bout Me,Seen on an alleged leaked tracklist. No other information is currently known.,,,,Rumored,Not Available,
Super Future / Fire Marshal Future,All Day,Seen on an alleged leaked tracklist. No other information is currently known.,,,,Rumored,Not Available,
Super Future / Fire Marshal Future,A Lot Going On,Seen on an alleged leaked tracklist. No other information is currently known.,,,,Rumored,Not Available,
Super Future / Fire Marshal Future,Blame the Streets,Seen on an alleged leaked tracklist. Could be this? https://genius.com/Future-blame-the-streets-lyrics,,,,Rumored,Not Available,
Super Future / Fire Marshal Future,Crosses,Seen on an alleged leaked tracklist. Might be the leaked Pluto era song,,,,Rumored,Not Available,
Super Future / Fire Marshal Future,Do the Most,Seen on an alleged leaked tracklist. No other information is currently known.,,,,Rumored,Not Available,
Super Future / Fire Marshal Future,"Friends
(prod. Zaytoven)",No information available.,1:50,,"Apr 25, 2012",Full,High Quality,https://imgur.gg/f/vsaqgxD
Super Future / Fire Marshal Future,"Hell N Back
(feat. Pill)",No information available. Seen on an alleged tracklist for Super Future.,4:10,,2012,Full,High Quality,https://imgur.gg/f/5qNebAm
Super Future / Fire Marshal Future,Hard For Me,No information available.,3:21,,2012,Full,High Quality,https://imgur.gg/f/SDJXWKc
Super Future / Fire Marshal Future,Hardly [V1],"On Hardly, which released on Monster, Future says ""This that Super Future / Fire Marshal Future"". This likely means that the song originates from SFFM sessions. Unknown how, or if, this version is different. The song is also the only song with solo Southside production on Monster, and sonically sounds different from the rest of the tape, which makes it more likely that it's from SFFM.",,,,Rumored,Not Available,
Super Future / Fire Marshal Future,Hater Proof,Seen on an alleged leaked tracklist. No other information is currently known.,,,,Rumored,Not Available,
Super Future / Fire Marshal Future,In My Pocket,Seen on an alleged leaked tracklist. No other information is currently known.,,,,Rumored,Not Available,
Super Future / Fire Marshal Future,"Inside
(prod. Zaytoven)
(Once You In)",No information available.,3:42,,2012,Full,High Quality,https://imgur.gg/f/4WZobO3
Super Future / Fire Marshal Future,I'm Still Stuntin [V1],"Leaked on LEAKED.CX on Feb. 12, 2024. Features an alternate instrumental and no RonniePDaSoulja. The first snippet leaked online on Jan. 24, 2022.",4:00,,"Feb 12, 2024",Full,CD Quality,https://imgur.gg/f/OHZXImW
Super Future / Fire Marshal Future,"I'm Confused [V1]
(feat. Gucci Mane)
(Confused)","Seen on an alleged leaked tracklist.
Later released as Gucci Mane's song on his album 'World War 3, Vol. 1: Lean"".",,,,Rumored,Not Available,
Super Future / Fire Marshal Future,It Do Mean a Thing,Seen on an alleged leaked tracklist. No other information is currently known.,,,,Rumored,Not Available,
Super Future / Fire Marshal Future,Lifestyle,Seen on an alleged leaked tracklist. No other information is currently known.,,,,Rumored,Not Available,
Super Future / Fire Marshal Future,Loyalty Don't Exist,"Seen on an alleged leaked tracklist. Allegedly recorded Sep 26, 2012.",,"Sep 26, 2012",,Rumored,Not Available,
Super Future / Fire Marshal Future,Married the Money,Seen on an alleged leaked tracklist. No other information is currently known.,,,,Rumored,Not Available,
Super Future / Fire Marshal Future,"Mind Blown
(feat. 2 Chainz & Waka Flocka Flame) (prod. KongoBeats)","Leaked online on YouTube by the producer himself on Oct. 21, 2012.",4:17,2012,"Oct 21, 2012",Full,High Quality,https://imgur.gg/f/cc5dKPY
Super Future / Fire Marshal Future,Please Don't Do That,Seen on an alleged leaked tracklist. No other information is currently known.,,,,Rumored,Not Available,
Super Future / Fire Marshal Future,"Rock Star [V1]
(feat. Nicki Minaj) (prod. DJ Clue)","Likely recorded in 2012 for the Super Future/Fire Marshal mixtape because Future says 'Super Future' right at the beginning of the song. Was later on a tentative tracklist for Honest, possibly as a later version, but was scrapped. Leaked online on Jul. 9, 2014. Features one verse from each artist.",3:50,,"Jul 9, 2014",Full,High Quality,https://imgur.gg/f/e0P2AhJ
Super Future / Fire Marshal Future,"Rock Star [V2]
(feat. French Montana) (prod. DJ Clue)","Likely recorded in 2012 for the Super Future/Fire Marshal mixtape because Future says 'Super Future' right at the beginning of the song. Was later on a tentative tracklist for Honest, possibly as a later version, but was scrapped. Leaked online on Jul. 9, 2014. Features one verse from each artist.",2:14,,"Jul 9, 2014",Full,High Quality,https://imgur.gg/f/Jexi5Wv
Super Future / Fire Marshal Future,"The Way I Live
(prod. Metro Boomin)",No information available.,4:05,,2012,Full,High Quality,https://imgur.gg/f/1qL1uH6
Super Future / Fire Marshal Future,What Is It,"Seen on an alleged leaked tracklist. No other information is currently known.
https://genius.com/Future-what-is-it-lyrics ??",,,,Rumored,Not Available,
Super Future / Fire Marshal Future,"Unknown [Future Reference Tracks for Kanye]
(ref. Future)","	Future mentioned doing a lot of work, especially freestyles, with Kanye in a 2012 interview. From one of these sessions, ""Pain"" was made. Future stated in 2022 that ""[Ye] flew me to Paris in 2011 or 2012 to work on music...and [he had me] write on certain [Ye] albums that people don't even understand I wrote on.""",,,,Confirmed,Not Available,"https://hiphopdx.com/news/id.69660/title.future-says-he-helped-write-certain-kanye-west-albums-but-didnt-get-credit
https://www.youtube.com/watch?v=vvJ1CLVHayQ"
No Sleep,"Day One [V1]
(feat. YG)
(Day 1)","Leaked on LEAKED.CX on Dec. Jan. 20, 2023. Has no DJ tags and lacks the outro that is on the official.",3:50,,"Jan 20, 2023",Full,High Quality,https://imgur.gg/f/SSygXgJ
No Sleep,"How It Was [V1]
(prod. DJ Esco)","OG Filename: Future - How It Was
OG File for ""How It Was"". Dated 2012 and could possibly be renamed. ",4:25,2012,"Mar 9, 2026",OG File,CD Quality,https://pillows.su/f/6aab81707a2f46cf0c81904f11e9cebc
Honest,"After Party
(feat. CyHi, Alley Boy & Fast Life) (prod. Bangladesh)","OG Filename: Future - After Party
Obscure song from 2013. From the info I can find on it it seems to have been leaked on the unofficial mixtape ""Team Hustler Radio Vol.2"". Earliest uploads I can find of it are from Mar 16, 2013. OG File that was possibly renamed was later leaked by Menace in a mass leak.",3:52,2013,"Mar 9, 2026",OG File,CD Quality,https://pillows.su/f/4f5289e09e9f3ce3dd1570057597f940
Honest,"Ain't Neva Seen
(prod. 808 Mafia)",Leaked on an unofficial DJ Spinz tape 'The Real Atlanta' in 2013.,3:45,,2013,Full,CD Quality,https://imgur.gg/f/arUIBrp
Honest,"A-Town Down [V1]
(feat. Bando Jonez & Casino)","OG Filename (Metadata): A-Town Down SAJ Horns
Open verse song with Casino providing adlibs. Was brought back and previewed in 2021 by YL Stunna. Leaked by drag on LEAKED.CX alongside 3 other songs, on Mar. 20, 2026.",3:59,2014,"Mar 20, 2026",OG File,CD Quality,https://imgur.gg/f/0siAJ9e
Honest,"Benz Friends [V1]
(feat. André 3000) (prod. Mr. DJ & Organized Noize)
(Benz Bitch)","Mentioned by Future in a Microphone Check interview. Mentioned to originally be missing the third verse, the chant, and the intro.",,,,Confirmed,Not Available,
Honest,"Big B
('Bout It)",Previewed by Seth Firkins.,,,2014,Snippet,Low Quality,https://www.youtube.com/shorts/NNA87RWGV3Y
Honest,"Birthday
(prod. Diplo)
(Come True)","OG Filename: Birthday (Come True) [prod. by Diplo]
Leaked on LEAKTH.IS by Alek on Aug. 18, 2020.",4:01,,"Aug 18, 2020",OG File,CD Quality,https://imgur.gg/f/CPfkqOo
Honest,Came From Nothin',Leaked on an unofficial Future mixtape 'Karate Kid' in 2013.,3:19,,"Mar 12, 2013",Full,High Quality,https://imgur.gg/f/e7bYQGi
Honest,Come On Over,"Leaked on LEAKTH.IS by jencarlos on Feb. 9, 2020. The first snippet was leaked by Offset (LEAKTH.IS user) on Feb. 6, 2020. Song seems reminiscent to that of a 2017 HNDRXX-vibey song, but was recorded in 2014.",5:00,,"Feb 9, 2020",Full,CD Quality,https://imgur.gg/f/btIQOQ4
Honest,Care For Me,"OG Filename: Future - Care For Me
Hook only demo leaked by Menace in a mass leak.",3:55,2014,"Mar 9, 2026",OG File,CD Quality,https://pillows.su/f/439fdaaf8f6e75edb5bd0f9207cb9f91
Honest,✨ Cum,"Leaked on LEAKED.CX on May 26, 2024 as a bonus for the Kanye West 'Can U Be' groupbuy.",4:15,,"May 26, 2024",Full,CD Quality,https://imgur.gg/f/WycbBFG
Honest,Crowd Surf,Leaked by eyes on LEAKED.CX.,2:03,2014,"May 29, 2026",Full,High Quality,https://pillows.su/f/ba8303931c2c032d0e99b30480cec32d
Honest,"Down & Out
(feat. French Montana) (prod. ATL Jacob)",Leaked on an unofficial Future mixtape 'Karate Kid' in 2013.,3:12,,2013,Full,High Quality,https://imgur.gg/f/S5WlkYp
Honest,"✨ Drunk In Love
(prod. Detail & The Order)
(I Been Drinking)","OG Filename: Future - Drunk In Love (01.28.2014)
Future claimed that he had recorded a demo of ""Drunk in Love"" with Detail. Detail convinced Future to record vocals, saying it would increase the chances of Beyoncé recording it. However, after several days, Detail informed Future that Beyoncé was working on the song.
Leaked in 2014 after Beyonce's version dropped?",2:22,"Jan 28, 2014",,OG File,High Quality,https://imgur.gg/f/U3IWsr3
Honest,"Foreigns Up*
(Idea 2)","Leaked on LEAKED.CX on Dec. 12, 2022.",2:31,,"Dec 12, 2022",Full,CD Quality,https://imgur.gg/f/sPMNd3N
Honest,"⭐ Good Morning
(prod. Detail)","OG Filename: Good Morning-Main Mix V1b CD
After Future recorded ""I Been Drinking"", Future used the same melody for this song. The track was later scrapped from the album when Beyoncé's version was released. This leaked sometime in 2014 and Future actually played it at SXSW. The OG File was leaked years later on Mar. 9, 2026. in a mass leak. The OG File shows it was encoded with a version of itunes from September 2014 even though the track leaked before that.   ",5:01,2014,,OG File,CD Quality,https://imgur.gg/f/FLHNf2t
Honest,Hustle,"Leaked on LEAKED.CX on Jun. 22, 2024.",4:15,,"Jun 22, 2024",OG File,CD Quality,https://imgur.gg/f/HX3kEMj
Honest,"✨ I Want You To Stay
(feat. Ciara)","OG Filename: Future feat. Ciara - I Want You To Stay-Main Mix V1 CD
Leaked by Sleep in Future Hub on Jan 25, 2025. Future and Ciara actually were together in 2014 and broke up. It is unknown when this was recorded so it was either a concept or a very odd breakup song they made",3:25,,"Jan 25, 2025",OG File,High Quality,https://imgur.gg/f/Py0Yu6z
Honest,Karma,"OG Filename: Karma.Futurel.6.38
Leaked on LEAKED.CX on Jun. 26, 2024. The first snippet leaked on LEAKED.IS on Feb. 4, 2021. Recorded during late 2013 or early 2014 as the version of iTunes the OG file is encoded with released late 2013.",4:52,2013,"Jun 26, 2024",OG File,CD Quality,https://pillows.su/f/ae29b0ad623f3764244727b471427315
Honest,"Never Know
(prod. Mike WiLL Made-It)","OG Filename: never know
Hook only demo leaked by Menace. It is possible this is not Future on the song.",4:11,2013,"Jan 22, 2026",OG File,CD Quality,https://imgur.gg/f/N4qVkyB
Honest,"✨ Never Satisfied [V1]
(feat. Drake) (prod. Mike WiLL Made-It)","This song was present on the album, but was missing a Drake verse. Mike WiLL Made-It released the full OG version featuring a slightly different hook and Drake's full verse on Nov. 6, 2014.",,,"Nov 6, 2014",Full,High Quality,https://imgur.gg/f/nLeIohK
Honest,"Nights Like This [V1]
(prod. Metro Boomin)","OG Filename: nights like this _01
Hook only.",3:10,2013,"Feb 18, 2026",OG File,CD Quality,https://imgur.gg/f/jM8pxEG
Honest,Perfect,Snippet leaked online by Sodacup111.,,,"Jan 18, 2022",Snippet,CD Quality,
Honest,Poetry,"OG Filename: Poetry-New
Leaked on LEAKED.CX after a successful groupbuy on May 19, 2024. From 2013 as the file is encoded with a version of iTunes released in June of that year and Future mentions Pluto and says 2012 when referencing it.",3:43,2013,"May 19, 2024",OG File,CD Quality,https://pillows.su/f/6a7327dddfc610e87d2509c0c1ea8044
Honest,"Real And True [V1]
(feat. Mr. Hudson & Miley Cyrus) (prod. P-Nasty & Mike WiLL Made-It)","This version leaked in 2013, and has Future adlibs on the first chorus, has the background Miley Cyrus vocals from the last hook on the single version on the 3rd hook, and has an extra hook and a bridge by Future.",5:09,,2013,Full,High Quality,https://imgur.gg/f/fdpVom1
Honest,"Rock Star [V3] 
(prod. DJ Clue)","Was on tentative tracklist for Honest, but was scrapped. Unknown if it's any different from Super Future/Fire Marshal versions, or which feature it uses, if any. ",2:14,,"Jul 9, 2014",Confirmed,Not Available,
Honest,"Sh!t [V1]
(prod. Mike WiLL Made-It)","Leaked on LEAKED.CX on Dec. 31, 2022. Just the hook-only demo of the song.",3:19,,"Dec 31, 2022",Full,High Quality,https://imgur.gg/f/G22WAxe
Honest,"Show You [V1]
(prod. Detail)
(I Wanna Show You)","Leaked on LEAKED.CX on Jun. 26, 2024. OG version of Tyga's song of the same name, which has Future as a feature. This version is Future's original version which was either scrapped and had the idea passed on or was simply given to Tyga. ",3:41,,"Jun 26, 2024",Full,CD Quality,https://imgur.gg/f/81CvjRV
Honest,"Superbad [V1]
(prod. Mike WiLL Made-It)","OG Filename (Metadata): superbad (eMin) SETH
Mixed by Seth Firkins. Leaked by drag on LEAKED.CX alongside 3 other songs on March 20, 2026.",4:01,2014,"Mar. 20, 2026",Full,CD Quality,https://imgur.gg/f/hd2cXNb
Honest,"Superbad [V2]
(feat. Detail) (prod. Mike WiLL Made-It)",Presumabley finished version of Superbad with a Detail feature.,,,,Snippet,Low Quality,https://imgur.gg/f/Tds5XR7
Honest,"Take Money
(prod. Metro Boomin)","OG Filename: Future - Take Money
Leaked on LEAKED.CX on Apr. 16, 2024 by ""rnbtrapbangerz"". The first snippet was leaked by Music Mafia. Recorded January 25, 2014.",4:10,"Jan 25, 2014","Apr 16, 2024",OG File,CD Quality,https://imgur.gg/f/Ol9uSLp
Honest,"Trophy [V1]
(prod. Metro Boomin & Rock City)
(I Won)",Solo demo said to exist by Future.,4:10,"Jan 25, 2014","Apr 16, 2024",Confirmed,Not Available,https://www.heraldnews.com/story/entertainment/music/2014/03/18/future-has-his-mind-on/38090060007/#:~:text=He%20sent%20over%20a%20few%20tracks
Honest,"Trophy [V2]
(feat. Kanye West) (prod. Metro Boomin & Rock City)
(I Won)","OG Filename: Future - KW Trophy Ref (1.13.14)
Even rougher version with mumble vocals from Kanye. Kanye sent his verse ""in 24 hours"" of Future reaching out.",4:10,"Jan 25, 2014","Apr 16, 2024",OG File,CD Quality,Link not provided for now.
Honest,"Trophy [V3]
(feat. Kanye West) (prod. Metro Boomin & Rock City)
(I Won)","OG Filename: 24 Future - Trophy KW Verse (1.29.14)
Has worse mixing compared to release, also does not have Future's verse.",4:10,"Jan 25, 2014","Apr 16, 2024",OG File,CD Quality,Link not provided for now.
Honest,Undressed,"Unfinished demo, only has the hook and some other minor lyrics. Leaked on LEAKTH.IS by geoff5Nb on November 10, 2018. Recorded on July 31, 2014.",4:02,"Jul 31, 2014","Nov 10, 2018",Full,CD Quality,https://imgur.gg/f/L4hr2vK
Honest,"What It Is
(feat. Juelz Santana)","OG Filename: Juelz Santana ft. Future - What It Is
Leaked on LEAKTH.IS by Fredo Santana Bandana on Mar. 24, 2020. OG File later leaked in a mass leak. Could possibly be renamed. ",5:08,2014,"Mar 24, 2018",OG File,CD Quality,https://pillows.su/f/b9dbf6fb7ec0d705e15ba461f8a7df4c
Honest,"⭐ What You Say
(prod. Metro Boomin)","Leaked by chikibiki on May 31, 2025. From 2014.",4:28,,"May 31, 2025",Full,CD Quality,https://imgur.gg/f/ukHf0UD
Honest,Wind It Down,"Leaked on LEAKED.CX on May 25, 2024.",3:21,,"May 25, 2024",Full,CD Quality,https://imgur.gg/f/JB7HpCh
Honest,"Way Longer [V2]
(with Young Thug) (prod. DJ Spinz)
(What's Wrong)","Leaked by WORLDSTARHIPHOP on August 17, 2017. Later version which Young Thug hoppen onto.",2:44,,"Aug 17, 2017",Full,High Quality,https://imgur.gg/f/0QTxjT5
Honest,"Thee Unknowns - Come And See Me [V1]
(feat. Future)
(prod. Jazze Pha)",Leaked by Producer Jazze Pha himself on YouTube in 2013. Future vocals sound even earlier then 2013 so it is probable this was made around 2010-2012.,4:35,,"May 31, 2013",Full,High Quality,https://www.youtube.com/watch?v=19_q7-RLvfQ
Honest,"Levi Johnson - Freak 
(feat. Future)","OG Filename: Freak Nic' 96
Random feature with R&B artist Levi Johnson. Leaked by Menace in a mass leak.",4:30,2014,"Mar 9, 2026",OG File,CD Quality,https://pillows.su/f/a20dc6d12c2c5efa65fc1ed32cd6637a
Honest,"Ace Hood - God Blessed
(feat. Future) (prod. DJ Khaled)",Ace Hood song with Future on the hook. Not exactly known when this was made but Ace Hood and Future mostly worked during this era so it makes sense here. Possibly was meant for a DJ Khaled album. Leaked by Menace in a mass leak.,2:34,,"Mar 9, 2026",Full,CD Quality,https://pillows.su/f/edbfdc3a26fc6bbf964a2720df5ed152
Honest,"🗑️ David Guetta & Showtek - Good To Be Bad
(feat. Future, Vassy & will.i.am) (prod. David Guetta)
(Bad)","Future and will.i.am remix of David Guettas EDM track ""Bad"". Very funny.",3:30,,"Apr 5, 2026",Full,CD Quality,https://pillows.su/f/91495feef8f51790bb3bfdba48557fc0
Honest,"✨ Mac Miller - I Don't Trust These Bitches
(feat. Future) (prod. Travis Scott, Rey Reel, Rahki & DJ Dahi)","Leaked on LEAKTH.IS by NinjaGroax on Jul. 20, 2020 after a successful groupbuy. Future is only present on the hooks. The instrumental was also used on Travis Scott's 'Hell Of A Night' from Owl Pharaoh and Isaiah Rashad's unreleased 'Shine When U See Us'.",3:40,,"Jul 20, 2020",Full,CD Quality,https://imgur.gg/f/FZT6QTa
Honest,"Akon - Last Forever [V1]
(ref. Kevin Cossom) (feat. Future)",Kevin Cossom reference track that Akon later used for the song. This has the Future feature on it. Leaked in a mass leak.,4:27,,"Mar 9, 2026",Full,CD Quality,https://pillows.su/f/5ff1f53b8be7888f85bb2c94e1f53ab6
Honest,"Akon - Last Forever [V2]
(feat. Future)",Unreleased Akon song with an added Future verse. Unknown if this version was made before the solo Akon version or if this was intended as a remix. Leaked in a mass leak. ,4:30,,"Mar 9, 2026",Full,CD Quality,https://pillows.su/f/63bdeaeb6985e86de3b6cbeb5d48fa66
Honest,Akon - Last Forever [V3],Later (or solo version) of the song with no Future on it. Unknown when exactly this leaked but most uploads of it on YouTube are from around 2013 so it is safe to assume this song is from then. ,4:24,,,Full,CD Quality,https://www.youtube.com/watch?v=gnrTc51zwRY
Honest,"Ne-Yo - Luxurious
(feat. Future)","Leaked online on Oct. 22, 2013.",3:53,,"Oct 22, 2013",Full,High Quality,https://imgur.gg/f/Pt1Sh1Z
Honest,"Meek Mill - Money Ain't No Issue [V1]
(feat. Future) (prod. Cardo)","Leaked sometime in 2018. Features an alternate intro, structure, Future lyrics and has no Fabolous.",,,2018,Full,CD Quality,
Honest,"Levi Johnson - One Night
(feat. Future) (prod. The Underdogs)","OG Filename: One Night
OG File for One Night by Levi Johnson. Cover of a Tinashe song.",3:35,2014,"Mar 9, 2026",OG File,CD Quality,https://pillows.su/f/3690b24c32066b7c85d8de63ca3bd0a4
Honest,"Sia - Testosterone [V1]
(prod. Cashmere Cat, Diplo & Benny Blanco)","Leaked sometime in late 2016. Features only Sia on the song. The song was given to Rita Ora after being pitched to her by Diplo. This version does not have Future on it, but the later 2 versions do.",,,2016,Full,CD Quality,
Honest,"🗑️ Casino - Two People
(feat. Future)","Leaked on LEAKED.CX on May 24, 2024. Likely from around 2013-2014 due to multiple reasons. Firstly, it's a Casino collab, enough said. Secondly, it sounds old, just by the instrumental as well as Future's sound. Third, Future mentions Nicki Minaj, in which he made 3 songs with her in 2013 and another again (though unreleased) in 2014, leading me to believe it's from around 2013-2014. Overall it is horrendous and a crime it made it out of the studio.",3:43,,"May 24, 2024",Full,CD Quality,https://imgur.gg/f/xRHpYjp
Honest,"Machel Montana - Trinidad To Atlanta 
(feat. Future & Trinidad James)","OG Filename: Machel Montana ft. Trinidad James & Future - Trinidad to Atlanta
Future feature on a soca genre song. Has an open verse.",4:27,"Apr 16, 2013","Mar 9, 2026",OG File,CD Quality,https://pillows.su/f/71f0ddf26c582a11c10ca79663c040f1
Honest,"Timbaland - UFO [V1]
(feat. Future, Tink & André 3000) (prod. Timbaland)","This version was previewed by Timbaland in late 2014. The song was later released on Sep. 9, 2015, but was missing André 3000's verse and vocals due to André not doing the necessary paperwork for it. Timbaland later said he would release the version with André ""soon"" as a remix, but it was never released.",,,2014,Full,Recording,
Honest,"Figg Panamera (JT The Bigga Figga) - What's Wrong [V1]
(feat. Future) (prod. DJ Spinz & Dun Deal)
(Way Longer)","Leaked on LEAKED.CX on May 30, 2024. This version features NO Figg Panamera, and has a different structure, and features a full verse from Future. Juelz Santana still has vocals on the intro. Young Thug hopped on the second version of the song.",3:26,,"May 30, 2014",Full,CD Quality,https://imgur.gg/f/d9WzVgp
Honest,"Flo Rida - When You Ready [V1]
(feat. Future) (prod. Detail)
(Tell Me When You Ready)","OG Filename: Flo.Future.WhenYouReady.1.18.13
OG version of Tell Me When You Ready by Flo Rida. Slight differences with the beat and mixing. Leaked by Menace in a mass leak. ",2:52,"Jan 18, 2013","Mar 9, 2026",OG File,CD Quality,https://pillows.su/f/2bfd1e02e882f694fb33b57c62de80ed
Monster,"Gon Get It Over With [V1]
(prod. Nard & B)
(Throw Away, Throw Away, Pt. 2, Get It Over Wit)","OG Filename: gon get it over with FIXED _01
Leaked on Jun. 4, 2026 by chikibiki on LEAKED.CX alongside the original unreleased music video for it. Future tweeted about wanting to get it released as a single under the name ""Gon Get It Over Wit"". Plans never fell through and the song was stitched onto ""Throw Away"", and released on ""Monster"".",3:05,2014,"Jun. 4, 2026",OG File,CD Quality,https://pillows.su/f/98b7228c43dbea97418d6068169e684c
Monster,"Gon Get It Over With [V1] [Music Video]
(prod. Nard & B)
(Throw Away, Throw Away, Pt. 2, Get It Over Wit)","Leaked alongside the OG file, on Jun. 4, 2026 on LEAKED.CX by chikibiki.",3:06,2014,"Jun. 4, 2026",OG File,CD Quality,https://transfer.it/t/RwXzWPgHkJIJ
Monster,"Tupac [V1]
(prod. Nard & B)
(2Pac)","OG Filename: Tupac (10.19.2014)
Was originally titled ""Tupac"".
Posted by sleep on LEAKED.CX in a 29x pack of Future files.",3:07,"Oct 19, 2014","Feb 19, 2026",OG File,High Quality,https://imgur.gg/f/GDHKtqC
Monster,"2Pac [V2]
(prod. Nard & B)
(Tupac)","OG Filename: 2pac_03
Posted by sleep on LEAKED.CX in a 29x pack of Future files.",3:21,,"Feb 19, 2026",OG File,High Quality,https://imgur.gg/f/vozIGDv
Monster,"After That [V1-V9]
(prod. Southside & TM88)",Alternative mix proven by filenames.,,,,Confirmed,Not Available,
Monster,"After That [V10]
(feat. Lil Wayne) (prod. Southside & TM88)","OG Filename: after that_10
10th mix of ""After That"". Posted by sleep on LEAKED.CX in a 29x pack of Future files.",2:56,2014,"Feb 19, 2026",OG File,High Quality,https://imgur.gg/f/X44dJbb
Monster,"After That [V11-V12]
(prod. Southside & TM88)",Alternative mix proven by filenames.,,,,Confirmed,Not Available,
Monster,"✨ After That [V13]
(prod. Southside & TM88)","OG Filename: after that finish_13
Original version of 'After That' featuring a second Future verse in place of Lil Wayne's. Leaked by sleep on Feb. 19, 2026. Version progression is unknown.",3:02,2014,"Feb 19, 2026",OG File,High Quality,https://pillows.su/f/f9f9e383871bfd6ad9f83c51e29ce867
Monster,"After That [V14]
(feat. Lil Wayne) (prod. Southside & TM88)","OG Filename: FINAL AFTER THAT (premix)
Posted by sleep on LEAKED.CX in a 29x pack of Future files. Version progression is unknown.",2:57,2014,"Feb 19, 2026",OG File,High Quality,https://imgur.gg/f/V3IJrtg
Monster,"⭐ Break The Rules
(prod. Metro Boomin, DJ Spinz, & Dun Deal)",Soundcloud throwaway single for Monster from 2014,3:19,2014,,OG File,CD Quality,https://imgur.gg/f/nZClLc8
Monster,"Charged Up [V1]
(prod. Metro Boomin)","Leaked on Jan. 18, 2021 by SodaCup. Mixed by Seth.",3:25,,"Jan 18, 2021",Full,CD Quality,https://imgur.gg/f/8lpzgo9
Monster,"Charged Up [V2]
(prod. Metro Boomin)",Features different vocals and slightly different beat differences from V1.,,,"Aug 5, 2018",Snippet,Low Quality,
Monster,"Codeine Crazy [V1]
(prod. TM88)","OG Filename: CODEINE CRAZY_01
Original file for 'Codeine Crazy'. Leaked by drag on LEAKED.CX alongside 13 other OG files. Mixed by Seth Firkins.",5:48,2014,"Feb 7, 2026",OG File,CD Quality,https://imgur.gg/f/A3Pn7PK
Monster,"Codeine Crazy [V2]
(prod. TM88)",Alternative mix proven by filenames.,,,,Confirmed,Not Available,
Monster,"Codeine Crazy [V3]
(prod. TM88)","OG Filename: codeine crazy SETHMIX_03
3rd mix. Leaked by drag on LEAKED.CX alongside 13 other OG files. Mixed by Seth Firkins.",5:46,2014,"Feb 7, 2026",OG File,CD Quality,https://imgur.gg/f/JKs21Qe
Monster,"Dope
(prod. Metro Boomin)","Leaked on LEAKED.CX by slimey4L on Jan. 18, 2022.",2:03,,"Jan 18, 2022",Full,CD Quality,https://imgur.gg/f/t9xXYD6
Monster,"Fetti [V1]
(prod. Metro Boomin, Southside & TM88)",Alternative mix proven by filenames.,,,,Confirmed,Not Available,
Monster,"Fetti [V2]
(prod. Metro Boomin, Southside & TM88)","OG Filename: fetti_02
Posted by sleep on LEAKED.CX in a 29x pack of Future files.",3:42,,"Feb 19, 2026",OG File,High Quality,https://imgur.gg/f/iM9ei2G
Monster,"Fetti [V3]
(prod. Metro Boomin, Southside & TM88)","OG Filename: fetti_03
Posted by sleep on LEAKED.CX in a 29x pack of Future files.",3:43,2014,"Feb 19, 2026",OG File,High Quality,https://imgur.gg/f/xvwXCUs
Monster,"Fetti [V4]
(prod. Metro Boomin, Southside & TM88)",Alternative mix proven by filenames.,,,,Confirmed,Not Available,
Monster,"Fetti [V5]
(prod. Metro Boomin, Southside & TM88)","OG Filename: fetti_05
Posted by sleep on LEAKED.CX in a 29x pack of Future files.",3:43,2014,"Feb 19, 2026",OG File,High Quality,https://imgur.gg/f/1VJaH5y
Monster,"Gangland [V1-8]
(prod. 30 Roc, Bobby Kritical & DJ Plugg)",Alternate mixes proven by filenames.,,,,Confirmed,Not Available,
Monster,"Gangland [V9]
(prod. 30 Roc, Bobby Kritical & DJ Plugg)","OG Filename: gangland_09
Ninth mix of ""Gangland"". Posted by sleep on LEAKED.CX in a 29x pack of Future files.",3:02,2014,"Feb 19, 2026",OG File,High Quality,https://imgur.gg/f/ctnvnOf
Monster,"Mad Love [V2]
(prod. Metro Boomin & DJ Plugg)
(Mad Luv)","OG Filename: mad love SETHMIX_02
OG file for ""Mad Luv"". Leaked by drag on LEAKED.CX alongside 13 other OG files. Mixed by Seth Firkins.",3:11,2014,"Feb 7, 2026",OG File,CD Quality,https://imgur.gg/f/HM2fedH
Monster,"Monster [V1-V2]
(prod. Southside & TM88)",Alternative mixes proven by filenames.,,,,Confirmed,Not Available,
Monster,"Monster [V3]
(prod. Metro Boomin & Southside)","OG Filename: monster_03
Third mix of ""Monster"". Posted by sleep on LEAKED.CX in a 29x pack of Future files.",3:38,,"Feb 19, 2026",OG File,High Quality,https://imgur.gg/f/eaguJEg
Monster,"Monster [V4]
(prod. Metro Boomin & Southside)",Uploaded as a private track to SoundCloud with the original cover for Monster. Posted by sleep on LEAKED.CX in a 29x pack of Future files. Version progression unknown.,3:40,,"Feb 19, 2026",Full,High Quality,https://imgur.gg/f/GCtUcF9
Monster,"My Savages [V1]
(prod. Will A Fool)","OG Filename: NEW my savages_01
First mix of 'My Savages'.
Leaked by sleep on LEAKED.CX alongside 15 other OG files.",3:24,2014,"Feb 18, 2026",OG File,High Quality,https://pillows.su/f/b0e1f0ed76d1f9c84ab00b2451707d24
Monster,"My Savages [V1] [Clean]
(prod. Will A Fool)","OG Filename: CLEAN my savages_01
Clean version of the first mix of 'My Savages'.
Leaked by sleep on LEAKED.CX alongside 15 other OG files.",3:25,2014,"Feb 18, 2026",OG File,High Quality,https://pillows.su/f/e3329b98d0915f383fbb4cb52d6fb1da
Monster,"My Savages [V2]
(prod. Will A Fool)",Alternate mixes proven by filenames.,,,,Confirmed,Not Available,
Monster,"My Savages [V3]
(prod. Will A Fool)","OG Filename: my savages_03
Third mix of 'My Savages'.
Leaked by sleep on LEAKED.CX alongside 15 other OG files.",3:24,2014,"Feb 18, 2026",OG File,High Quality,https://pillows.su/f/a0bf2d73fbebefb1a9082107e124be69
Monster,"Never Change Me [V1]
(prod. J.U.S.T.I.C.E. League)
(Everything That Glitters Ain't Gold)","Solo Future hook-only version of the released track ""Everything That Glitters Ain't Gold"" featuring Hollywood. The hook was later used for ""Never Change"" by Trippie Redd featuring Future.",3:29,2014,,Full,CD Quality,https://pillows.su/f/6084c9375b1ee4a4db9d0fc409883168
Monster,"Radical [V1]
(prod. Metro Boomin)
(Radial)","OG Filename: Radial_01
First mix of ""Radical"". Filename is misspelled.
Posted by sleep on LEAKED.CX in a 29x pack of Future files.",3:29,2014,"Feb 19, 2026",OG File,High Quality,https://imgur.gg/f/0hSvsTG
Monster,"Radical [V2-V8]
(prod. Metro Boomin)
(Radial)",Alternate mixes proven by filenames.,,,,Confirmed,Not Available,
Monster,"Radical [V9]
(prod. Metro Boomin)
(Radial)","OG Filename: radical_09
Ninth mix of ""Radical"".
Posted by sleep on LEAKED.CX in a 29x pack of Future files.",3:40,2014,"Feb 19, 2026",OG File,High Quality,https://imgur.gg/f/4VUFfly
Monster,"Radical [V10]
(prod. Metro Boomin)
(Radial)","OG Filename: radical print_01
Posted by sleep on LEAKED.CX in a 29x pack of Future files. Unsure of version progression.",3:38,2014,"Feb 19, 2026",OG File,High Quality,https://imgur.gg/f/qeeQs45
Monster,"Radical [V11]
(prod. Metro Boomin)
(Radial)","OG Filename: radical print_03
Posted by sleep on LEAKED.CX in a 29x pack of Future files. Unsure of version progression.",3:38,2014,"Feb 19, 2026",OG File,High Quality,https://imgur.gg/f/S1h7ERQ
Monster,"Showed Up [V1]
(prod. DJ Spinz & TM88)","OG Filename: showed up bounce
 Rough early mix of 'Showed Up'. Lacks the outro.
Leaked by sleep on LEAKED.CX alongside 15 other OG files.",3:04,2014,"Feb 18, 2026",OG File,High Quality,https://pillows.su/f/c8bd31c647b0cea5c550b756f3d19d87
Monster,"Showed Up [V2-V7]
(prod. DJ Spinz & TM88)",Alternate mixes proven by the filenames.,,,,Confirmed,Not Available,
Monster,"Showed Up [V8]
(prod. DJ Spinz & TM88)","OG Filename: showed up_08
Eighth mix of 'Showed Up'.
Leaked by sleep on LEAKED.CX alongside 15 other OG files.",3:24,2014,"Feb 18, 2026",OG File,High Quality,https://pillows.su/f/54271ffad3af2348c5886ccc17b8c249
Monster,"Wesley Presley [V1-V3]
(prod. Metro Boomin)
(Wesley Prestley)",Alternate mixes proven by the filename below.,,,,Confirmed,Not Available,
Monster,"Wesley Presley [V4]
(prod. Metro Boomin)
(Wesley Prestley)","OG Filename: wesley prestley_04
Fourth mix of 'Wesley Presley'. Filename is misspelled.
Leaked by sleep on LEAKED.CX alongside 15 other OG files.",2:25,2014,"Feb 18, 2026",OG File,High Quality,https://pillows.su/f/5801860f76a35134ec63a13b638af201
Monster,"Wesley Presley [V5-V7]
(prod. Metro Boomin)
(Wesley Prestley)",Alternate mixes proven by filenames.,,,,Confirmed,Not Available,
Monster,"Wesley Presley [V8]
(prod. Metro Boomin)
(Wesley Prestley)","OG Filename: wesley prestley_08
Eighth mix of 'Wesley Presley'. Filename is misspelled.
Leaked by sleep on LEAKED.CX alongside 15 other OG files.",2:28,2014,"Feb 18, 2026",OG File,High Quality,https://pillows.su/f/7b7e7670eacceb16df949585b1342c77
Monster,"French Montana - Pussy Overrated [V1]
(feat. Future & Too $hort) (prod. Mike WiLL Made-It)","OG Filename: French Montana ft. Future & Too Short - Pussy Overrated
Original version of ""Pussy Overrated"" by Wiz Khalifa without him on the track. It seems like it was originally French Montana's before Wiz got the song. Though it is unknown how the track progressed. OG Filename possibly renamed.",3:08,,"Mar 9, 2026",OG File,CD Quality,https://pillows.su/f/bb531225112a65fe36e57836a7d98d09
Monster,"Juicy J - Film [V1]
(feat. Future & ???)","Leaked on LEAKED.CX on Jul. 4, 2024 as part of a 60gb vault leak. OG verson of Juicy J's song of the same name. Features the same Future vocals, no DJ tags, and an alternate verse from an unknown artist.",2:05,,"Jul 4, 2024",Full,CD Quality,
Monster,"Pusha T - Heart Is So Cold [V1]
(feat. Future) (prod. Hudson Mohawke)","OG Filename: Pusha-T ft. Future - Heart Is So Cold
OG Version of Chimes RMX by Hudson Mohawke. This has no Travis Scott or French Montana on it. OG File possibly renamed.",2:29,2014,"Mar 9, 2026",OG File,CD Quality,https://pillows.su/f/62e5bf35710349f4cfece9c856c2cbd5
Monster,"Rita Ora - Testosterone [V2]
(feat. Future, YG & Young Thug) (prod. Cashmere Cat, Diplo & Benny Blanco)","OG Filename: testosterone 8 13 14 rita yg future young thug
Leaked on LEAKED.CX on Jan. 20, 2023. Presumably earlier than the version that also included T.I., but this is unconfirmed. This version was recorded on Aug. 13, 2014.",3:36,"Aug 13, 2024","Jan 20, 2023",OG File,CD Quality,https://imgur.gg/f/TerPcjG
Monster,"Rita Ora - Testosterone [V3]
(feat. Future, T.I., YG & Young Thug) (prod. Cashmere Cat, Diplo & Benny Blanco)","Leaked on LEAKTH.IS by Alek on Aug. 6, 2020. Originally, there was a demo written by Sia in 2013 (which was produced by Diplo and leaked in 2016), but this version was recorded in 2014 and belongs to Rita Ora (received from Sia).",4:19,,"Aug 6, 2020",Full,High Quality,https://imgur.gg/f/d7svmJl
Monster,"Wiz Khalifa - Pussy Overrated [V2]
(feat. Future) (prod. Mike WiLL Made-It)",Unknown when this leaked or if it was made before or after French's version.,3:09,,,Full,High Quality,https://youtu.be/yioV8eWxIfE?si=aeWFX4WhjlNn6cG1
Beast Mode,"2crazy [V1-V4]
(prod. Zaytoven)",Alternate mixes proven by the filename below.,,,,Confirmed,Not Available,
Beast Mode,"⭐️ 2crazy [V5]
(prod. Zaytoven)","OG Filename: 2crazy SETH MIX_05
Leaked by ""spicy"" on LEAKED.CX  Jun. 24, 2025. Mixed by Seth Firkins.",5:00,,"Jun 24, 2025",OG File,CD Quality,https://imgur.gg/f/I8j6Vrn
Beast Mode,"Colossal [V1]
(prod. Zaytoven)","OG Filename: shits gittin collosal_02
OG Filename is completely misspelled. Said by Future to originally have had a different beat, produced by Zaytoven like release, and that DJ ESCO put it on the released, also Zaytoven produced. Beat. OG file leaked by 'freebandz' on LEAKED.CX Jun. 24, 2025.",2:53,2015,"Jun 24, 2025",OG File,High Quality,https://imgur.gg/f/EeiznBP
Beast Mode,"✨ Dope Fiend
(prod. Zaytoven)","Leaked on LEAKED.CX on Jun. 1, 2024. Likely from 2017/2018, but the file that leaked has the year as 2014.",3:04,2014,"Jun 1, 2024",Full,CD Quality,https://imgur.gg/f/eW5j0hR
Beast Mode,"Forever and Ever [V1-V7]
(prod. Zaytoven)
(Forever Eva)",Alternate mix proven by the filename below.,,,,Confirmed,Not Available,
Beast Mode,"Forever and Ever [V8]
(prod. Zaytoven)
(Forever Eva)","OG Filename: forever and ever_08
Seventh mix of 'Forever Eva', seemingly titled 'Forever and Ever' at this point.
Leaked by sleep on LEAKED.CX alongside 15 other OG files, on Feb. 18, 2026.",3:35,2015,"Feb 18, 2026",OG File,High Quality,https://pillows.su/f/92ceb7ff0d1ea6bea7c0fc4e594988d4
Beast Mode,"Fuck You Thought
(prod. Zaytoven)","Leaked on LEAKED.CX on May 7, 2024. Not confirmed to be from BM1, but definitely predates DS2 and is produced by Zaytoven.",4:06,,"May 7, 2024",Full,CD Quality,https://imgur.gg/f/sKVsiPu
Beast Mode,"Hate The Real Me [V1]
(prod. Zaytoven)","OG Filename: 01 i hate the real me_01-01
Recorded in 2015, likely scrapped and re-used for BM2 since it's part of the same series of tapes. Features a different beat with some slightly alternate instrumentation throughout the song, and likely an alt. mix.",3:21,2015,"Apr 30, 2022",OG File,CD Quality,https://imgur.gg/f/3Ua8tMb
Beast Mode,"Just Like Bruddas [V1-V6]
(prod. Zaytoven)",Alternate mixes proven by the filename below.,,,,Confirmed,Not Available,
Beast Mode,"Just Like Bruddas [V7]
(prod. Zaytoven)","OG Filename: just like bruddas_07
Seventh mix of 'Just Like Bruddas'.
Leaked by sleep on LEAKED.CX alongside 15 other OG files, on Feb. 18, 2026.",3:50,2015,"Feb 18, 2026",OG File,High Quality,https://pillows.su/f/add991f9edb1a05672dca5858be6daec
Beast Mode,"No Basic [V1]
(prod. Zaytoven)","Leaked in the Future Discord on an unknown date. Was resurfaced on LEAKTH.IS by Ransom on Oct. 20, 2019. Features an altered, slower instrumental, a shorter intro, a different vocal take on some parts, and a slightly alternate first verse (which includes a phone-call recording of an unknown woman near the end).",2:09,,,Full,CD Quality,https://imgur.gg/f/EsVlkKz
Beast Mode,"No Basic [V2]
(prod. Zaytoven)","Released by Future, then got took off. Later posted by S.M.O.R.T on SoundCloud in 2015.",2:33,2015,2015,Full,High Quality,https://imgur.gg/f/ON2Cakp
Beast Mode,"Ran Outta Fanta
(prod. Zaytoven)","Leaked on Dec. 6, 2022. It was originally auctioned by Music Mafia.",2:55,,"Dec 6, 2022",Full,CD Quality,https://imgur.gg/f/XZhQQPL
Beast Mode,"Where I Came From [V1-V4]
(prod. Zaytoven)",Alternate mixes proven by the filename below.,,,,Confirmed,Not Available,
Beast Mode,"Where I Came From [V5]
(prod. Zaytoven)","OG Filename: where i came from SETH MIX_05
Fifth mix of 'Where I Came From''.
Leaked by sleep on LEAKED.CX alongside 15 other OG files, on Feb. 18, 2026.",2:39,2015,"Feb 18, 2026",OG File,High Quality,https://pillows.su/f/b8fc83affef8bd35d912a8152aacd955
Beast Mode,"Real Sisters (Remix)
(feat. Jeezy) (prod. Zaytoven)","OG Filename: Future ft. Young Jeezy - Real Sisters
Leaked in the Future Discord on May 12, 2019. Features Jeezy, who does the 1st verse. Future's first verse also has an extra bar or two at the beginning. Recorded on or before Dec. 23, 2015.",3:54,2015,"May 12, 2019",Full,High Quality,https://imgur.gg/f/U0CIz64
56 Nights,"56 Nights [V1]
(prod. Southside)",Alternate mix proven by the filename below.,,,,Confirmed,Not Available,
56 Nights,"56 Nights [V2]
(prod. Southside)","OG Filename: 56 Main v2
OG file for '56 Nights'. Leaked by sleep on Feb. 19, 2026 alongside 39 other OG files. Mixed by Seth Firkins.",3:47,2015,"Feb 19, 2026",OG File,High Quality,https://imgur.gg/f/DBizQmR
56 Nights,"Diamonds from Africa [V1]
(prod. Southside)","OG Filename: Diamonds From Africa Main
OG file for 'Diamonds from Africa'. Leaked by sleep on Feb. 19, 2026 alongside 39 other OG files. Mixed by Seth Firkins.",2:46,2015,"Feb 19, 2026",OG File,High Quality,https://imgur.gg/f/kePCPzk
56 Nights,"March Madness [V1]
(prod. Tarentino)","OG Filename: march madness_01-01
First mix of 'March Madness'. Leaked by sleep on Feb. 19, 2026 alongside 39 other OG files. Mixed by Seth Firkins.",4:03,2015,"Feb 19, 2026",OG File,CD Quality,https://imgur.gg/f/bOb983d
56 Nights,"March Madness [V2]
(prod. Tarentino)","OG Filename: March Madness Main
OG file for 'March Madness'. Leaked by sleep on Feb. 19, 2026 alongside 39 other OG files. Mixed by Seth Firkins.",4:04,2015,"Feb 19, 2026",OG File,CD Quality,https://imgur.gg/f/BRsHN3Z
56 Nights,"March Madness [V3]
(prod. Tarentino)","OG Filename: March Madness Main_01
OG file for ""March Madness"". Leaked by Menace in a mass leak. on Mar. 9, 2026.",3:48,2015,"Mar 9, 2026",OG File,CD Quality,https://pillows.su/f/3f85aa4d31449e0da36ac3f0a349bd56
56 Nights,"March Madness (Remix)
(feat. Nas) (prod. Tarentino)","Partially played on the 14th episode of Drake's OVO Sound Radio on January 30, 2016. File resurfaced on April 26, 2026 on LEAKED.CX.",,,"Apr 26, 2026",Full,High Quality,https://pillows.su/f/c2acc92a488319d827f247c0a773cf8f
56 Nights,"Never Gon Lose [V1]
(prod. Southside & DY Krazy)","OG Filename: Never Gon Lose Main
OG file for 'Never Gon Lose'. Leaked by sleep on Feb. 19, 2026 alongside 39 other OG files. Mixed By Seth Firkins.",3:07,2015,"Feb 19, 2026",OG File,CD Quality,https://imgur.gg/f/TKzkWv1
56 Nights,"No Compadre [V1]
(prod. Southside)","OG Filename: No Compadre Main
OG file for 'No Compadre'. Leaked by sleep on Feb. 19, 2026 alongside 39 other OG files. Mixed by Seth Firkins.",3:37,2015,"Feb 19, 2026",OG File,High Quality,https://imgur.gg/f/d9RexuL
56 Nights,"Now [V1]
(prod. Southside)","OG Filename: Now - new end edit
First mix for 'Now'. Leaked by sleep on Feb. 19, 2026 alongside 39 other OG files. Mixed by Seth Firkins.",2:41,2015,"Feb 19, 2026",OG File,High Quality,https://imgur.gg/f/zQeAatQ
56 Nights,"Now [V2]
(prod. Southside)","OG Filename: Now main
OG file for 'Now'. Leaked by sleep on Feb. 19, 2026 alongside 39 other OG files. Mixed by Seth Firkins.",2:41,2015,"Feb 19, 2026",OG File,CD Quality,https://imgur.gg/f/F4UhjLM
56 Nights,"Purple Comin In [V1]
(prod. Southside)","OG Filename: Purple Coming In  Main
OG file for 'Purple Comin In'. Leaked by sleep on Feb. 19, 2026 alongside 39 other OG files. Mixed by Seth Firkins.",3:15,2015,"Feb 19, 2026",OG File,CD Quality,https://imgur.gg/f/4HVgysd
56 Nights,"Trap Niggas [V1]
(prod. Southside)","OG Filename: Trap Niggas Main
OG file for 'Trap Niggas'. Leaked by sleep on Feb. 19, 2026 alongside 39 other OG files. Mixed by Seth Firkins.",3:05,2015,"Feb 19, 2026",OG File,CD Quality,https://imgur.gg/f/Hgrelfp
Ape Sh!t,"Al Sharpton
(prod. Mike WiLL Made-It)","OG Filename: Future - Idea 1 future oct
Throwaway from the ""Ape sh!t"" sessions.",3:42,2015,,OG File,CD Quality,https://imgur.gg/f/ZFJE4nN
Ape Sh!t,"Anyway
(prod. Mike WiLL Made-It)",Previewed by Future on an IG Livestream with Mike WiLL Made-It,,,"Mar 25, 2020",Snippet,Low Quality,https://audiomack.com/awesomefoxrock/song/count-up
Ape Sh!t,"Bitch You Better
(prod. Mike WiLL Made-It)","OG Filename: Bitch you better (hook)_01
Song is hook only. Snippet leaked by Music Mafia in 2018. OG file leaked by GucciTunes Oct. 10, 2025 on LEAKED.CX.",3:01,2015,"Oct 10, 2025",OG File,High Quality,https://imgur.gg/f/e21lnGc
Ape Sh!t,"⭐ Black Jew
(prod. Mike WiLL Made-It)","OG Filename: Black Jew (05.12.2014)
Leaked on LEAKTH.IS by uzifan1629 (pvla) on Dec. 25, 2019. OG File later leaked by Menace in a mass leak. ",3:05,"May 12, 2014","Dec 25, 2019",OG File,CD Quality,https://imgur.gg/f/FqEk9fN
Ape Sh!t,"Chanel Harmony
(prod. Mike WiLL Made-It)","OG Filename: FUTURE - CHANEL HARMONY PROD. MIKE WILL_02
Leaked on Twitter by @unreleasedSTL on Nov. 21, 2018. Recorded on or before Dec. 23, 2015.",3:12,"Dec 23, 2015","Nov 21, 2018",OG File,CD Quality,https://imgur.gg/f/5WlLHOg
Ape Sh!t,"Count Up
(prod. Mike WiLL Made-It)",Previewed by Future on an IG Livestream with Mike WiLL Made-It,,,"Mar 25, 2020",Snippet,Low Quality,
Ape Sh!t,"✨ Guap On Me
(prod. Mike WiLL Made-It)","OG Filename: Future - Guap On Me-Main Mix V1 CD
Leaked on Jul. 19, 2016.",3:43,2015,"Jul 19, 2016",OG File,High Quality,https://imgur.gg/f/kkaTFXb
Ape Sh!t,"Hit My Line [V1]
(prod. Mike WiLL Made-It)","Leaked on May 4, 2023 after a successful groupbuy. It was originally previewed by Future on an IG Livestream with Mike WiLL Made-It.",5:13,,"May 5, 2023",Full,High Quality,https://imgur.gg/f/LaEmgJ4
Ape Sh!t,"✨ How It Feel
(prod. Mike WiLL Made-It)","Seemingly directed at Ciara. Leaked on Sep. 10, 2016.",5:01,2015,"Sep 10, 2016",Full,High Quality,https://imgur.gg/f/ExtJaNe
Ape Sh!t,"⭐ Just Wait On It
(prod. Mike WiLL Made-It)","Leaked on LEAKED.CX on Dec. 14, 2022. The first CDQ snippet was leaked by Private. It was also previewed by Mike WiLL & Future on an IG Live on Mar. 26, 2020.",3:18,,"Dec 14, 2022",Full,CD Quality,https://imgur.gg/f/0Kyqg0I
Ape Sh!t,"✨ Layover
(prod. Mike WiLL Made-It)","OG Filename: Layover (02.14.2015)
Sold by Music Mafia. Leaked on LEAKTH.IS by geoff5Nb on Oct. 11, 2018. OG File later leaked in a mass leak. ",3:53,2015,"Oct 11, 2018",OG File,CD Quality,https://pillows.su/f/05a0c392756fe428f5af4be3e0cf5cc4
Ape Sh!t,"Kickin Up Dust
(prod. Mike WiLL Made-It)",Previewed by Future & Metro Boomin in 2015.,,,"Feb 2, 2015",Snippet,Low Quality,Link
Ape Sh!t,"Need To Stop
(prod. Mike WiLL Made-It)",Previewed by Future on an IG Livestream with Mike WiLL Made-It,,,"Mar 25, 2020",Snippet,Low Quality,https://audiomack.com/awesomefoxrock/song/count-up-1
Ape Sh!t,"Never Be The Same
(feat. 2 Chainz) (prod. Mike WiLL Made-It)
(Money Counter)","Previewed by Future on an IG Livestream with Mike WiLL Made-It. CDQ Snippet posted by bully on Jan 30, 2025.",,,"Mar 25, 2020",Snippet,Low Quality,https://imgur.gg/f/kiKC2TB
Ape Sh!t,"⭐️ None Of This Promised [V1]
(prod. Mike WiLL Made-It)
(Nothing Is Promised)","OG Filename: Future - None Of This Promised (Prod. By Mike Will)
Leaked in 2018. Was later used as a reference for Rihanna, but unknown if that was the purpose originally. OG file later leaked on 9 March 2026.",3:25,2014,2018,OG File,CD Quality,https://pillows.su/f/d83ae7fa069569975829560eb0b2f7cb
Ape Sh!t,"✨ Osama
(prod. Mike WiLL Made-It)
(O's)","OG Filename: FUTURE - Os PROD MIKE WILL_01
Sold by Music Mafia and leaked on LEAKTH.IS by soultruth5 on Oct. 4, 2018.",2:57,2015,"Oct 4, 2018",OG File,CD Quality,https://imgur.gg/f/Qcsvond
Ape Sh!t,"Paparazzi
(prod. Mike WiLL Made-It)
(Dab, Tired)","OG Filename: FUTURE - PAPARAZZI (DAB) (TIRED) PROD. MIKE WILL_01
Snippet first heard at the end of the ""Drinks On Us"" music video. Leaked on Jul. 19, 2016.",5:25,,"Jul 19, 2016",OG File,CD Quality,https://imgur.gg/f/ZzgeaNl
Ape Sh!t,"With Me
(feat. Chris Brown) (prod. Mike WiLL Made-It)","Leaked on LEAKED.CX on Jun. 17, 2024. Sounds fairly old, likely pre-DS2 era and given the producer it is likely from around 2014/15.",4:28,,"Jun 17, 2024",Full,High Quality,https://imgur.gg/f/QL9kDfa
Ape Sh!t,"✨ 22 Years*
(prod. Mike WiLL Made-It)","OG Filename: Future x Mike Will Made It
Leaked on LEAKED.CX on Dec. 12, 2022. From 2014/15. Untitled song.",3:47,,"Dec 12, 2022",OG File,CD Quality,https://imgur.gg/f/Z7T8DAj
Ape Sh!t,"Rae Sremmurd - Drinks On Us [V1]
(ref. Future) (prod. Mike WiLL Made-It)
(Ransom)","Reference track made for Rae Sremmurd. This verse was also used on Mike WiLL's 'California Rari', which featured Future. Tagged version from Music Mafia leaked in late 2018.",2:13,2015,2018,Full,High Quality,https://imgur.gg/f/4pUTZde
Ape Sh!t,"Diddy - ??? [V1]
(ref. Future) (prod. Mike WiLL Made-It)
(Lil Homie, Ape Freestyle)","OG Filename: PUFF IDEA 2 EDIT
Leaked in the Future Discord server by Slimeyyy4L on May 12, 2019. Originally thought to be titled but turns out it's a reference track for Diddy.",5:33,2015,"May 12, 2019",OG File,CD Quality,https://imgur.gg/f/03CEMfK
Monster 2 [V1],"⭐️ No More
(prod. Metro Boomin)","Leaked on LEAKED.CX by slimey4L on Jul. 9, 2021. Open verse.",2:47,,"Jul 9, 2021",Full,CD Quality,https://imgur.gg/f/MiPxKmh
Monster 2 [V1],"Nobody Knows My Struggle [V1]
(prod. Metro Boomin & Southside)","Leaked on LEAKTH.IS by Shy Glizzy (the user) on Apr. 28, 2020. The first snippet was leaked by PRIVATE in 2019.  Later released on WSDTY. Features alternate mixing and alternate tags in the intro, as well as a very slightly alternate outro.",3:32,,"Apr 28, 2020",Full,CD Quality,https://imgur.gg/f/QpCKtuD
Monster 2 [V1],"Nobody Knows My Struggle [V2]
(prod. Metro Boomin & Southside)",Another version with third verse open.,4:58,,"Mar 9, 2025",Full,CD Quality,https://pillows.su/f/abe7b54ce0c59a967f12d85fe36952f6
Monster 2 [V1],"Mission Ain't Complete
(prod. Metro Boomin)",Previewed by Future & Metro Boomin in 2015.,,,"Feb 2, 2015",Snippet,Low Quality,Link
Monster 2 [V1],"⭐ Hate In Your Soul
(prod. Metro Boomin)","Demo for DS2. Leaked on Dec. 27, 2017.",3:14,,"Dec 27, 2017",Full,CD Quality,https://imgur.gg/f/aTspj8C
Monster 2 [V1],"⭐️ Seein Demons*
(prod. Metro Boomin & Southside)
(Seein Deamons, Seeing Demons, Seeing Deamons)","OG Filename: Future - Seein deamons_02
Leaked on LEAKED.CX on Apr. 14, 2024. Open verse. OG filename could be a typo. From 2015.",3:35,2015,"Apr 14, 2024",OG File,CD Quality,https://imgur.gg/f/wM3Bi7Z
Monster 2 [V1],"Slave Master [V1]
(prod. Metro Boomin & Southside)",Previewed by Future & Metro Boomin in 2015. Features different structure.,,,"Feb 2, 2015",Snippet,Low Quality,
Monster 2 [V1],"Take The Pain Away
(prod. Will-A-Fool)",Previewed by Future & Metro Boomin in 2015.,,,"Feb 2, 2015",Snippet,Low Quality,Link
Monster 2 [V1],"Talk Later
(prod. Metro Boomin)",Snippet leaked online in 2015.,,,2015,Snippet,Low Quality,
Monster 2 [V1],"This Sunday [V1]
(prod. Metro Boomin & Dre Moon)","Leaked on LEAKED.CX by 2012HD on Jan. 18, 2022 after a successful groupbuy. The first snippet was leaked by ExclusiveMarket on Jul. 3, 2021. This song was the basis for Drake's 2016 'Feel No Ways'. Drake used this song's hook as reference. This is why Future has writing credits for that song. It was later released on Future & Metros' 'We Still Don't Trust You' album with an updated mix and minor updates to the instrumental and has some added backing vocals from a choir.",3:19,"Feb 23, 2015","Jan 18, 2022",Full,High Quality,https://imgur.gg/f/MgNKSRj
DS2,⭐ All Me,"OG Filename: All Me (2.23.2015)
Leaked on LEAKED.CX by slimey4L on Jan. 18, 2022. Recorded Feb. 23, 2015.",3:05,"Feb 23, 2015","Jan 18, 2022",OG File,High Quality,https://imgur.gg/f/jKJRB3X
DS2,Black Shades,"OG Filename: black shades (hook)_04
Hook only demo leaked by banoodles. Unknown when it leaked as of now.",4:01,2015,,OG File,High Quality,https://imgur.gg/f/nfceknd
DS2,"Blood On The Money [V1]
(prod. Metro Boomin, Zaytoven & Cassius Jay)","OG Filename: blood on the money
Original file for 'Blood On The Money'. Leaked by sleep on LEAKED.CX alongside 15 other OG files, on Feb. 18, 2026.",4:47,2015,"Feb 18, 2026",OG File,High Quality,https://imgur.gg/f/TXkNEwZ
DS2,"Blood On The Money [V2-V10]
(prod. Metro Boomin, Zaytoven & Cassius Jay)",Alternate mixes proven by filenames.,,,,Confirmed,Not Available,
DS2,"Blood On The Money [V11]
(prod. Metro Boomin, Zaytoven & Cassius Jay)","OG Filename: blood on the money_11
11th mix. Leaked by ""freebandz"" on LEAKED.CX alongside 15 other OG files, on Feb. 18, 2026.",4:42,2015,"Feb 18, 2026",OG File,High Quality,https://imgur.gg/f/Cjid4HL
DS2,"Blow a Bag [V1]
(prod. Metro Boomin, Sonny Digital & Southside)","OG Filename: blow a bag
Original version of 'Blow a Bag'. Leaked by sleep on LEAKED.CX alongside 15 other OG files, on Feb. 18, 2026.",3:00,2015,"Feb 18, 2026",OG File,High Quality,https://imgur.gg/f/EeSAm5v
DS2,"Blow a Bag [V2-V3]
(prod. Metro Boomin, Sonny Digital & Southside)",Alternate mixes proven by filenames.,,,,Confirmed,Not Available,
DS2,"Blow a Bag [V4]
(prod. Metro Boomin, Sonny Digital & Southside)","OG Filename: 10 blow a bag FINAL_03
OG file for 'Blow a Bag'.
Leaked by sleep on LEAKED.CX alongside 15 other OG files, on Feb. 18, 2026.",3:14,2015,"Feb 18, 2026",OG File,High Quality,https://pillows.su/f/fafe20e80da1b657b4f512a89e7c0486
DS2,⭐ Bust Down,"OG File name: Future - Bust down idea_01
Beat was used for Meek Mill's ""Bust Down"". Tagged version from Music Mafia leaked on Jun. 20, 2018. Full untagged OG file leaked on May 9, 2023.",2:00,2015,"Jun 20, 2018",OG File,CD Quality,https://imgur.gg/f/319Qpus
DS2,"Evidence [V1]
(Exotic)","Leaked on LEAKED.CX on Jan. 8, 2023. Hook only. Later repurposed for a Justin Bieber song that never came out.",3:20,2014,"Jan 8, 2023",Full,CD Quality,https://imgur.gg/f/9UVinOZ
DS2,"✨ Exotic [V2]
(feat. Juicy J) (prod. Soundz)
(Evidence)","Leaked on Twitter by @unreleasedSTL on Nov. 21, 2018. Different instrumental and different effects on Future's hook. Hook later repurposed for an unreleased and unleaked Justin Bieber song.",3:05,2015,"Nov 21, 2018",Full,CD Quality,https://pillows.su/f/aeb97f8aaed799eac1a44dd54b8e0e77
DS2,"⭐ For Really
(prod. Southside & TM88)","OG Filename: For Really Main
Leaked randomly on LEAKED.CX by ""don osiris"" alongisde 6 other songs, on Feb. 11, 2026.",2:24,2015,"Feb 11, 2026",OG File,High Quality,https://imgur.gg/f/hodnxhO
DS2,"Freak Hoes [V1]
(prod. Metro Boomin)
(Freak Hoe)","OG Filename: freak hoes
Posted by sleep on LEAKED.CX in a 29x pack of Future files.",2:54,,"Feb 19, 2026",OG File,High Quality,https://imgur.gg/f/UT5bcF5
DS2,"Freak Hoes [V2-V3]
(prod. Metro Boomin)
(Freak Hoe)",Alternate mix proven by filenames.,,,,Confirmed,Not Available,
DS2,"Freak Hoes [V4]
(prod. Metro Boomin)
(Freak Hoe)","OG Filename: freak hoes_04
Posted by sleep on LEAKED.CX in a 29x pack of Future files.",2:54,,"Feb 19, 2026",OG File,High Quality,https://imgur.gg/f/mnZ4PTY
DS2,"Freak Hoes [V5]
(prod. Metro Boomin)
(Freak Hoe)","OG Filename: 07 freak hoes FINAL_03
Posted by sleep on LEAKED.CX in a 29x pack of Future files.",2:54,,"Feb 19, 2026",OG File,High Quality,https://imgur.gg/f/RD4jFvp
DS2,"Fuck Up Some Commas [V1]
(prod. DJ Spinz & Southside)
(Commas)",Alternate mix proven by filenames.,,,,Confirmed,Not Available,
DS2,"Fuck Up Some Commas [V2]
(prod. DJ Spinz & Southside)
(Commas)","OG Filename: fuck up some commas_02
Posted by sleep on LEAKED.CX in a 29x pack of Future files.",4:00,2014,"Feb 19, 2026",OG File,High Quality,https://imgur.gg/f/bVwpC4O
DS2,"Fuck Up Some Commas [V3]
(prod. DJ Spinz & Southside)
(Commas)",Alternate mix proven by filenames.,,,,Confirmed,Not Available,
DS2,"Fuck Up Some Commas [V4]
(prod. DJ Spinz & Southside)
(Commas)","OG Filename: fuck up some commas_04
Posted by sleep on LEAKED.CX in a 29x pack of Future files.",3:56,2014,"Feb 19, 2026",OG File,High Quality,https://imgur.gg/f/p34WYtX
DS2,"Fuck Up Some Commas [V5]
(prod. DJ Spinz & Southside)
(Commas)",Alternate mix proven by filenames.,,,,Confirmed,Not Available,
DS2,"Fuck Up Some Commas [V6]
(prod. DJ Spinz & Southside)
(Commas)","OG Filename: fuck up some commas_06
Posted by sleep on LEAKED.CX in a 29x pack of Future files.",3:56,2014,"Feb 19, 2026",OG File,High Quality,https://imgur.gg/f/n6WjlNn
DS2,"Fuck Up Some Commas [V7]
(prod. DJ Spinz & Southside)
(Commas)","OG Filename: fuck up some commas spinzeditfin
OG Filename (metadata): Commas
Posted by sleep on LEAKED.CX in a 29x pack of Future files. Unsure of version progression.",4:00,2014,"Feb 19, 2026",OG File,High Quality,https://imgur.gg/f/29SCECE
DS2,"Commas [V8]
(prod. DJ Spinz & Southside)
(Fuck Up Some Commas)","OG Filename: Commas Main
Posted by sleep on LEAKED.CX in a 29x pack of Future files. Unsure of version progression, but filename implies that this is likely the final mix.",3:58,2014,"Feb 19, 2026",OG File,High Quality,https://imgur.gg/f/rsGewqU
DS2,Gimme Mine,Seen on an alleged leaked tracklist. No other information is currently known.,,2015,,Rumored,Not Available,
DS2,"Groupies [V1]
(prod. Metro Boomin, Sonny Digital & Southside)","OG Filename: groupies
Posted by sleep on LEAKED.CX in a 29x pack of Future files.",3:22,,"Feb 19, 2026",OG File,High Quality,https://imgur.gg/f/tqXw4vn
DS2,"Groupies [V2]
(prod. Metro Boomin, Sonny Digital & Southside)","OG Filename: 04 groupies FINAL_05-01
OG file for ""Groupies"".
Posted by sleep on LEAKED.CX in a 29x pack of Future files.",3:07,2015,"Feb 19, 2026",OG File,High Quality,https://imgur.gg/f/PajVmTb
DS2,"⭐ Inspiration [V1] 💎
(prod. Danny Wolf)","OG Filename: inspiration_01
OG File without DJ tags leaked on June 23rd, 2025. Leaker says it's from April 2015.",3:29,Apr 2015,"Jun 23, 2025",OG File,CD Quality,https://imgur.gg/f/NsKMyQu
DS2,"Inspiration [V2]
(prod. Danny Wolf)",Leaked sometime in 2016.,3:15,,2016,OG File,CD Quality,https://imgur.gg/f/6UqKCDg
DS2,"I Serve the Bass [V1-V5]
(prod. Metro Boomin)
(I Serve the Base)",Alternate mixes proven by the filenames.,,,,Confirmed,Not Available,
DS2,"I Serve the Bass [V6]
(prod. Metro Boomin)
(I Serve the Base)","OG Filename: i serve the bass_06
Leaked by drag on LEAKED.CX alongside 13 other OG files",3:05,2015,"Feb 7, 2026",OG File,CD Quality,https://imgur.gg/f/QQmXuX9
DS2,"I Serve the Bass [V7]
(prod. Metro Boomin)
(I Serve the Base)","OG Filename: 02 i serve the bass FINAL_03
OG file for ""I Serve the Base"".
Leaked by drag on LEAKED.CX alongside 13 other OG files.",3:11,2015,"Feb 7, 2026",OG File,CD Quality,https://imgur.gg/f/gdg7nxt
DS2,Like It Bubbly,Seen on an alleged leaked tracklist. No other information is currently known.,,2015,,Rumored,Not Available,
DS2,"Lil One [V1]
(prod. Elijah Sacii, Metro Boomin & Southside)","OG Filename: lil one
Posted by sleep on LEAKED.CX in a 29x pack of Future files.",3:32,,"Feb 19, 2026",OG File,High Quality,https://imgur.gg/f/7pnwN2M
DS2,"Lil One [V2-V3]
(prod. Elijah Sacii, Metro Boomin & Southside)",Alternate mixes proven by filenames.,,,,Confirmed,Not Available,
DS2,"Lil One [V4]
(prod. Elijah Sacii, Metro Boomin & Southside)","OG Filename: lil one _04
Posted by sleep on LEAKED.CX in a 29x pack of Future files.",3:29,,"Feb 19, 2026",OG File,High Quality,https://imgur.gg/f/i0U9lD4
DS2,"Lil One [V5]
(prod. Elijah Sacii, Metro Boomin & Southside)","OG Filename: 05 lil one FINAL_03
OG file for ""Lil One"".
Posted by sleep on LEAKED.CX in a 29x pack of Future files.",3:29,2015,"Feb 19, 2026",OG File,High Quality,https://imgur.gg/f/ZeeII5Z
DS2,"Lil Paper
(feat. 2 Chainz)","OG Filename: Lil Paper
Leaked on LEAKTH.IS by bradymccord on Nov. 21, 2018. OG File later leaked by Menace in a mass leak.",3:18,2015,"Nov 21, 2018",OG File,CD Quality,https://pillows.su/f/fa8abf77c0df5d99ed3ca409babd6a38
DS2,"🗑️ Miley Cyrus
(prod. Southside? & DJ Spinz)","OG Filename: miley cyrus_01
Off-beat and out of key with a horrendous beat. Leaked by banoodles on LEAKED.CX.",3:17,2014,"Mar 26, 2026",OG File,CD Quality,https://imgur.gg/f/QqTz5Hu
DS2,✨ No More,"Leaked on LEAKED.CX by slimey4L on Jul. 9, 2021. Open verse.",2:47,2015,"Jul 9, 2021",Full,CD Quality,https://imgur.gg/f/MiPxKmh
DS2,"🎖️ On Me
(feat. Fredo Santana & Zona Man)",Previewed by Fredo Santana in 2015.,,2015,2015,Snippet,Low Quality,Link
DS2,"Pull Up Doin Damage
(prod. Metro Boomin)","OG Filename: pull up doin damage hook ruff
Hook only demo leaked by Menace. ",3:39,2015,"Jan 22, 2026",OG File,CD Quality,https://imgur.gg/f/3sm4xnp
DS2,"⭐ Quadruple [V1]
(prod. Southside)","OG Filename: quadruple_01
Original version of ""Quadruple"" which was later released on TM88's ""F.I.L.A 25"" album with a different beat (stem edit). Leaked by sleep in Future Tracker 2.0.",3:19,"Dec 13, 2014","Mar 26, 2026",OG File,Lossless,https://imgur.gg/f/WqNamNg
DS2,"Real Sisters [V1-V5]
(prod. Zaytoven)",Alternate mixes proven by the filename below.,,,,Confirmed,Not Available,
DS2,"Real Sisters [V6]
(prod. Zaytoven)","OG Filename: real sisters_06
6th mix of 'Real Sisters' Leaked by sleep on LEAKED.CX alongside 15 other OG files. Mixed by Seth Firkins & Eric Manco.",2:53,2015,"Feb 18, 2026",OG File,High Quality,https://imgur.gg/f/RRedICq
DS2,"Real Sisters [V7-V10]
(prod. Zaytoven)",Alternate mixes proven by filenames.,,,,Confirmed,Not Available,
DS2,"Real Sisters [V11]
(prod. Zaytoven)","OG Filename: real sisters_11
11th mix of 'Real Sisters' Leaked by sleep on LEAKED.CX alongside 15 other OG files. Mixed by Seth Firkins & Eric Manco.",2:54,2015,"Feb 18, 2026",OG File,High Quality,https://imgur.gg/f/wjLCphs
DS2,"Rotation [V1]
(prod. Metro Boomin & Southside)","OG Filename: 08 rotation FINAL_01
OG file for ""Rotation"". Leaked by drag on LEAKED.CX alongside 13 other OG files.",2:48,2015,"Feb 7, 2026",OG File,CD Quality,https://imgur.gg/f/TSWen2T
DS2,"Rich Sex [V1]
(prod. Metro Boomin, Southside & Frank Dukes)
(Rich $ex)","OG Filename: rich sex_01
Leaked by drag on LEAKED.CX alongside 13 other OG files.",3:59,2015,"Feb 7, 2026",OG File,CD Quality,https://imgur.gg/f/ifmODmK
DS2,"Rich Sex [V2]
(prod. Metro Boomin, Southside & Frank Dukes)
(Rich $ex)","OG Filename: 12 rich sex FINAL_01
Leaked by drag on LEAKED alongside 13 other OG files.",4:00,2015,"Feb 7, 2026",OG File,CD Quality,https://imgur.gg/f/AGOCv5U
DS2,"Slave Master [V2]
(prod. Metro Boomin & Southside)","OG Filename: slave master_02-01
Leaked by sleep on LEAKED.CX alongside 15 other OG files.",3:18,2015,"Feb 18, 2026",OG File,High Quality,https://imgur.gg/f/g84MAxA
DS2,"Slave Master [V3]
(prod. Metro Boomin & Southside)","OG Filename: 09 slave master FINAL_03-01
OG file for ""Slave Master"".
Leaked by sleep on LEAKED.CX alongside 15 other OG files.",3:18,2015,"Feb 18, 2026",OG File,High Quality,https://pillows.su/f/034996c1c9d2c1c0effeeaa97a227f91
DS2,"Spicy Chicken
(prod. Metro Boomin)","Leaked on LEAKED.CX on May 8, 2024. Presumed Throwaway from the DS2 Sessions. Era Unconfirmed.",3:54,2015,"May 8, 2024",Full,High Quality,https://imgur.gg/f/D27oFha
DS2,"Stick Talk
(prod. Southside)","OG Filename: 06 stick talk  FINAL_04
OG file for ""Stick Talk"".
Posted by sleep on LEAKED.CX in a 29x pack of Future files.",2:51,2015,"Feb 19, 2026",Full,High Quality,https://imgur.gg/f/Atpb1a4
DS2,"Thought It Was A Drought [V1-V7]
(prod. Metro Boomin & Allen Ritter)",Alternative mixes proven by filenames below.,,,,Confirmed,Not Available,
DS2,"Thought It Was A Drought [V8]
(prod. Metro Boomin & Allen Ritter)","OG Filename: 01 thought it was a drought FINAL_08
OG file for ""Thought It Was A Drought"". Leaked by drag on LEAKED.CX alongside 13 other OG files.",4:25,2015,"Feb 7, 2026",OG File,CD Quality,https://imgur.gg/f/PPaVwhY
DS2,"Trap Niggas [V2]
(prod. Southside)","OG Filename: Future - Trap Niggas
OG file for ""Trap Niggas"". Leaked by Mister MiYaGi on LEAKED.CX alongside the OG file for ""March Madness"".",3:03,2015,"Jan 23, 2026",OG File,CD Quality,https://imgur.gg/f/0GanaSm
DS2,"??? - Trickin [V1]
(feat. Future & Gucci Mane) (prod. Jahlil Beats)","OG Filename: 6.trickin ft. future x gucci (open verse)
Open verse demo of which Future's verse was repurposed for Trae Tha Truth's ""Tricken Every Car I Get"". Filename implies Future & Gucci Mane are features on the song, however, the second version of the track seems to be Future's. Leaked in the 2tb Roc Nation folder on Mar 14, 2026.",3:25,,"Mar 14, 2026",Full,High Quality,https://imgur.gg/f/0RyBCds
DS2,"Where Ya At [V1-V5]
(feat. Drake) (prod. Metro Boomin)",Alternate mixes proven by the filename below.,,,,Confirmed,Not Available,
DS2,"Where Ya At [V6]
(feat. Drake) (prod. Metro Boomin)","OG Filename: 03 WYA FINAL_06
OG file for ""Where Ya At"" featuring, Drake. Leaked by drag on LEAKED.CX alongside 13 other OG files.",3:28,2015,"Sep 17, 2020",OG File,CD Quality,https://imgur.gg/f/m77gX6s
DS2,Unknown [Meek Mill Collaborations],"Future talked about a collab album with Meek Mill in this interview in 2015 (13:39), the day before DS2 dropped. Besides Jump Out the Face it is unknown what else came from this, but it is speculated that tracks such as ""Slippin"" and ""These Scars"" could have been considered.",,2015,"Jul 16, 2015",Confirmed,Not Available,https://www.youtube.com/watch?v=gIZRGOcKa3I
DS2,"Young Thug - Avatar
(feat. Future) (prod. Metro Boomin)
(Who)","OG Filename: Young Thug ft. Future - Avatar
Demo of ""Who"" from DJ ESCO and Future's mixtape ""E.T."", originally titled ""Avatar"" and from 2015. Has an additional hook and extended outro. Possibly recorded for ""MetroThuggin"" in early 2015 and was meant for Thug first before Esco took it for his tape.",3:20,2015,"Mar 9, 2026",OG File,CD Quality,https://pillows.su/f/53eee5544aa7ef2b3d6a83ae09022e10
DS2,"Diddy - Better Than Nicky [V2]
(feat. Future) (prod. Mike WiLL Made-It)
(Ape Freestyle, Lil Homie)","OG Filename: Diddy ft. Future - Better Than Nicky
Snippet leaked by TheSource on Sep. 17, 2020. Recorded in 2015. Leaked on October 25, 2025 as ""Lil Homie"" but was thought to be untitled until the OG File leaked. Diddy uses Futures hook from Ape Freestyle on this (still with mumble) and Future has a new verse. Has an open verse that was probably for Diddy to record on. OG Filename possibly renamed. ",3:49,2015,"Oct 25, 2025",OG File,CD Quality,https://pillows.su/f/b17f01acbe282380858366b87bbaa879
DS2,"Sammie - Come See Me [V2]
(feat. Future) (prod. Jazze Pha)","OG Filename: ""COME SEE ME"" SAMMIE X FUTURE X JAZZE PHA
Version of the song with R&B artist ""Sammie"" as the main artist instead of ""Thee Unknowns"". This file is dated 2015 despite it being old so it is probable that Sammie recorded his vocals around then. ",4:17,2015,"Mar 9, 2026",OG File,CD Quality,https://pillows.su/f/01f028d49a7a47967709b25eff374a6e
DS2,"Justin Bieber - Evidence [V3]
(feat. Future)
(Exotic)","OG Filename: EVIDENCE_02_JBSZ_FUTURE.mpg
Previously unheard track that was seen on Soundz's playlist on July 7, 2017.",,,"Jul 7, 2017",OG File,CD Quality,https://imgur.gg/f/d1ZI5a0
DS2,"Mano - I Been Trill [V1]
(feat. Treated Crew) (prod. Mano)
(3500, Been Trill Real)","OG Filename: BEENTRILL REAL
Precursor demo to ""I Been Trill"", the track that eventually evolved into
""3500"". This open-verse version was included on #BEENTRILL#'s 2013
mixtape 'In The Field: Vol. 1'. Though this version isn't really 'for' Travis, the
bassline was carried across into ""3500"", so it fits here. Full uncut file leaked
December 28, 2022.
",3:05,,"Dec 28, 2022",OG File,CD Quality,https://imgur.gg/f/LgNHhub
DS2,"Treated Crew - I Been Trill [V2]
(feat. Travis Scott, Mic Terror & Z Money) (prod. Mano)
(3500, Been Trill Real)","OG Filename: I BEEN TRILL TREATED CREW
Version with Travis vocals that was given to Kanye, before he took it back
and turned it into ""3500"" (see 'V3'); first heard about after being tweeted
about by Kanye's ex-DJ, Mano. Travis mentioned in an interview that his
hook from ""3500"" originated from Kanye playing around with his verse from
this song. Possibly set for release in early 2014, though all links to the
information are dead. Leaked December 19, 2022.",5:17,,"Dec 19, 2022",OG File,CD Quality,https://imgur.gg/f/nAE9s4f
DS2,"Kanye West - I Been Trill [V3]
(feat. Travis Scott) (prod. Mano)
(3500, Been Trill Real)","Version that might exist based on comments from Travis; he said in an
interview with Billboard that the song was intended for ""Kanye's album""
(ambiguous as to which), with Drake being considered as a potential feature
(per Mano), but Travis decided to take it and transformed it into ""3500"" after
Kanye didn't bother using it. Travis's comments suggest that Kanye never
recorded any finished vocals, but it's possible that he did a mumble demo.",,,,Confirmed,Not Available,"https://imgur.com/zMUA3mL
https://imgur.com/o7aVujd"
DS2,"Travis Scott - 3500 [V3]
(prod. Metro Boomin, Zaytoven & Mano)
(I Been Trill, Been Trill Real)","OG Filename: 3500_ruff
Early version with no features, a rough verse, and a barebones instrumental.
Leaked November 11, 2019. Had to be bounced from stems, hence why
there are two different mixes floating around. The stems are dated
December 20, 2014, but it may have been recorded earlier.",3:01,"Dec 20, 2014",,OG File,CD Quality,https://imgur.gg/f/e2c5HJq
DS2,"Travis Scott - 3500 [V4]
(prod. Metro Boomin, Zaytoven & Mano)
(I Been Trill, Been Trill Real)","Solo version from around February 2015. More finished than Demo 1, but
still has some unfinished lines that are different from later versions.",,Feb 2015,,Confirmed,Not Available,
DS2,"Travis Scott - 3500 [V5]
(prod. Metro Boomin, Zaytoven & Mano)
(I Been Trill, Been Trill Real)","Travis recorded most of his final vocals over the Demo 1 instrumental; has
one different line and different adlibs (the same found on Demo 4).",,,,Confirmed,Not Available,
DS2,"Travis Scott - 3500 [V6]
(feat. Future) (prod. Metro Boomin, Zaytoven & Mano)
(I Been Trill, Been Trill Real)","OG Filename: 3500_5_Print
Early version lacking 2 Chainz. Features additional production, as well as the
different Travis lines and adlibs found in previous unheard versions. Leaked
October 12, 2023.",6:06,,"Oct 12, 2023",OG File,CD Quality,https://imgur.gg/f/kX1jpQd
DS2,"Travis Scott - 3500 [V7]
(feat. Future) (prod. Metro Boomin, Zaytoven, Mano & MIKE DEAN)
(I Been Trill, Been Trill Real)","OG Filename *: TRAVIS SCOTT - 3500_9_new vox
Later demo, referred to as version 9. The different line from earlier demos
was re-recorded for this version. Other differences are unclear.",,"May 30, 2015",,Confirmed,Not Available,
DS2,"DJ Khaled - I Swear I Never Tell Another Soul [V1]
(feat. Future & Trick Daddy) (prod. Danja)","Leaked on Jan. 21, 2023. Features an alternate intro & outro.",3:50,,"Jan 21, 2023",Full,High Quality,https://imgur.gg/f/Ud4qK4u
DS2,"Chris Brown - U Did It [V1]
(ref. Future) (prod. Dre Moon)
(You Did It)","OG Filename: You Did It (02.16.2015)
Leaked on LEAKED.CX on Jul. 11, 2024. The first snippet leaked on LEAKTH.IS by Alek on Feb. 20, 2020. Future does all of Chris Brown's lines & verses, serving as a reference, and Future's verses are the same as release. Was for sale by Alek for $450. Recorded Feb. 16, 2015. OG File later leaked in a mass leak.",3:28,2015,"Jul 11, 2024",OG File,CD Quality,https://pillows.su/f/296aab046422afc8016d6cf2d1c285d5
DS2,"Jeremih - Royalty [V1]
(feat. Future) (prod. Dre Moon)","OG Filename: moon future mih idea1 jl w less fx 5-30
Leaked by Menace in a mass leak on Mar. 9, 2026. Was possibly originally called Moon but this could be reffering to Dre Moon who produced the song. Could have also been Future's song at this point as his name is first in the title. This version is different with a shorter length, rougher vocals, no Big Sean and an open verse Big Sean would later fill in on the released. Made sometime in later 2014 or early 2015 as the iTunes encoding corresponds with this.",3:26,2014-2015,"Mar 9, 2026",OG File,CD Quality,https://pillows.su/f/d06cf953863325011a1eb81379fc9784
DS2,"Jeremih - Royalty [V2]
(feat. Future & Big Sean) (prod. Dre Moon)","OG Filename: Jeremih feat. Future & Big Sean - Royalty REF3B w sean JL 10-5
Leaked on Jan. 21, 2023. Same as official but Big Sean's vocals have no effects on them.",4:16,,"Jan 21, 2023",OG File,CD Quality,https://imgur.gg/f/VaxRGqB
What A Time To Be Alive,Chain Cost A House [V1],"Seen on an early whiteboard tracklist for WATTBA, this song leaked on LEAKTH.IS by AyyDJ on Oct. 18, 2018. Second verse is open, which was most likely meant for Drake before the song was scrapped. Solo Future.",4:00,2015,"Oct 18, 2018",Full,CD Quality,https://imgur.gg/f/wiCNiug
What A Time To Be Alive,🎖️ Chain Cost A House [V2],A later version with both Future and Drake on the song. Seen as track 2 instead of Big Rings on an OG tracklist.,,,,Confirmed,Not Available,
What A Time To Be Alive,"✨ Diamonds Dancing [V1]
(ref. Future) (prod. Frank Dukes, Allen Ritter & Metro Boomin)","OG Filename: Future x Metro- Diamonds Dancin 4.0
Leaked on Dec. 11, 2016. Features a slightly new mix, the intro has a few extra lines but is also missing some off the official, Future's verse from the official is now the first verse, which leads into a completely new Future verse, which leads into instrumental outro. There is no Drake. OG File later surfaced in a mass leak. ",4:34,2015,"Dec 11, 2016",OG File,CD Quality,https://pillows.su/f/5407b3c8e60f0e928a2aa1562ca54a6a
What A Time To Be Alive,Do Me Dirty (Interlude),"Seen on an early whiteboard tracklist, likely the Diamonds Dancing outro.",,,,Confirmed,Not Available,
What A Time To Be Alive,"✨ Grammys [V1]
(prod. 40, DY Krazy, Cardo, Yung Exclusive & Southside)","Solo Future version of Drake's ""Grammys"". Features a second Future verse and slightly different production. Released by DJ ESCO on Feb. 16, 2017.",2:48,2015,"Feb 16, 2017",Full,High Quality,https://imgur.gg/f/rTb8IEi
What A Time To Be Alive,"Hotline Bling [V1]
(prod. Nineteen85)","Open verse version that can be heard on 100 Gigs, most likely they were meant for Future (check the entry below) and Drake himself.",,"Aug 6, 2024","Aug 6, 2024",Partial,Recording,
What A Time To Be Alive,"Hotline Bling [V2]
(prod. Nineteen85)","While recording Views, Drake said that he wanted to get Future on Hotline Bling. It's unknown if Future ever recorded for the song.",,,,Confirmed,Not Available,
What A Time To Be Alive,"I'm The One / Jersey [V1]
(prod. Metro Boomin & Southside)","OG Filename: Im The One (09.12.2015)
Solo Future. Leaked on LEAKED.CX on Feb. 26, 2023. File dated Sep. 12, 2015. This was originally a 2-part song with a transition in between, but it was split up, and Jersey became the solo Future song on WATTBA.",6:09,"Sep 12, 2015","Feb 26, 2023",OG File,CD Quality,https://pillows.su/f/a5365b307fd32f1426a113a8d0947c9b
What A Time To Be Alive,"I'm The One [V2]
(prod. Metro Boomin & Southside)","Leaked on LEAKED.IS by p00n on Feb. 21, 2021. Solo Future.",2:46,2015,"Feb 21, 2021",Full,High Quality,https://imgur.gg/f/beFPikD
What A Time To Be Alive,Paris Morton Music 3,Seen on an early whiteboard tracklist. Could be 30 For 30 Freestyle.,,,,Confirmed,Not Available,
Purple Reign,"All Right [V1]
(prod. Metro Boomin, Dre Moon, Sool Got Hits & Soko7)","OG Filename: Track 01
Original file for 'All Right'. Is 5 seconds shorter than release.",3:30,2015,2015,OG File,Lossless,https://imgur.gg/f/cwtveJk
Purple Reign,"Bye Bye [V1]
(Prod. Zaytoven)","OG Filename: Track 07
Original file for 'Bye Bye'.",2:55,2015,2015,OG File,Lossless,https://imgur.gg/f/f4cVuOP
Purple Reign,"Drippin (How U Luv That) [V1]
(prod. Metro Boomin)","OG Filename: Track 03
Original file for 'Drippin (How U Luv That)'.",3:10,2015,2015,OG File,Lossless,https://imgur.gg/f/iHKLZkV
Purple Reign,"Hater Shit [V1]
(prod. Metro Boomin)","OG Filename: Track 05
Original file for 'Hater Shit'.",3:04,2015,2015,OG File,Lossless,https://imgur.gg/f/QhOYhwA
Purple Reign,"⭐️ In Abundance [V1]
(prod. Metro Boomin)","OG Filename: Track 12
Original file for 'In Abundance'. This track is not featured on the released album. Seemingly an unreleased song from Purple Reign, “In Abundance” was suddenly uploaded to an independent YouTube channel on February 3, 2016, leading fans to believe that it was a bonus track from the record. However, this was never officially stated by Future.",3:55,2015,2015,OG File,Lossless,https://imgur.gg/f/MjoYyaP
Purple Reign,"✨ In Abundance [V2]
(feat. Kanye West) (prod. Metro Boomin)","Leaked on LEAKED.IS by Squirtle on Feb. 22, 2021. The first snippet was leaked in 2017/2018 by Music Mafia. Features a verse from Kanye West not present on the official. Intended for Future's mixtape Purple Reign without Kanye's verse, but it wasn't included on the official mixtape. Kanye verse was re-recorded for ""Bipolar"", which became ""Go2DaMoon"" by Playboi Carti.",5:59,,"Feb 22, 2021",Full,CD Quality,Link not provided for now.
Purple Reign,"Inside the Matress [V1]
(prod. Nard & B & XL Eagle)","OG Filename: Track 04
Original file for 'Inside the Matress'.",3:30,2015,2015,OG File,Lossless,https://imgur.gg/f/klHdnfy
Purple Reign,"New Level [V1]
(prod. Da Honorable C.N.O.T.E.)","OG Filename: new level _02
Original completed solo Future song, before being given to A$AP Ferg. Leaked on LEAKED.CX by ""HNDRXXTHEWIZRD"" on Jun. 8, 2026.",3:38,,"Jun 8, 2026",OG File,CD Quality,https://pillows.su/f/923a7f8597ccca038e5ca1407c8f601b
Purple Reign,"No Charge [V1]
(prod. Southside)","OG Filename: Track 08
Original file for 'No Charge'.",2:42,2015,2015,OG File,Lossless,https://imgur.gg/f/WaxFdza
Purple Reign,"✨ Pesos Dinero
(prod. ???)","Leaked on LEAKTH.IS by Cursed on May 1, 2020.",3:11,,"May 1, 2020",Full,High Quality,https://imgur.gg/f/FlAwmgm
Purple Reign,"Perkys Calling [V1]
(prod. Southside & DZL)","OG Filename: Track 10
Original file for 'Perkys Calling'.",4:06,2015,2015,OG File,Lossless,https://imgur.gg/f/R6igJsU
Purple Reign,"Purple Reign [V1]
(prod. Metro Boomin)","OG Filename: Track 11
Original file for 'Purple Reign'.",4:01,2015,2015,OG File,Lossless,https://imgur.gg/f/W8daR2e
Purple Reign,"Real Talk [V1]
(feat. Rock City) (prod. Mustard)
(Fuck Somethin')","Uses the hook from Fuck Somethin' with Ty Dolla $ign, It's possible Rock City is providing a reference verse for Ty Dolla $ign.",3:31,,"Mar 3, 2026",Full,CD Quality,https://pillows.su/f/d05faf275af5eb56547dc9d04a57e8a6
Purple Reign,"Fuck Somethin' [V?]
(prod. Mustard)
(Real Talk)","It was thought that this song was one of the freestyles Future recorded on Ty's tour bus, with Ty recording his vocals for it afterwards. After the Rock City version of this track leaked it is unclear how the progression of this track was formed.",,"Feb 16, 2016",,Rumored,Not Available,
Purple Reign,"Run Up [V1]
(prod. DJ Spinz)","OG Filename: Track 09
Original file for 'Run Up'.",3:17,2015,2015,OG File,Lossless,https://imgur.gg/f/EYcY6wB
Purple Reign,"Salute [V1]
(prod. DJ Spinz & K-Major)","OG Filename: Track 06
Original file for 'Salute', features a shorter runtime compared to the released version.",2:47,2015,2015,OG File,Lossless,https://imgur.gg/f/fIxvie2
Purple Reign,"Wicked [V1]
(prod. Metro Boomin & Southside)","OG Filename: Track 02
Original file for 'Wicked', which later became the 12th track on 'EVOL'.",2:53,2015,2015,OG File,Lossless,https://imgur.gg/f/trOqt8v
Purple Reign,"Unknown [Future Reference Tracks for Kanye West]
(ref. Future)","Kanye stated that ""Drake would come by and just help, no strings,"" and that ""Future also came by to write. We all got new shit together that's gonna drop soon."" In 2022, Future stated that ""[he had me] write on certain [Ye] albums that people don't even understand I wrote on."" It's unknown what tracks he recorded for.",,,,Confirmed,Not Available,"https://hiphopdx.com/news/id.69660/title.future-says-he-helped-write-certain-kanye-west-albums-but-didnt-get-credit
https://hiphopdx.com/news/id.37546/title.kanye-west-announces-new-music-with-drake-future-coming-soon"
Purple Reign,💿 Purple Reign [V1],"Original copy of 'Purple Reign' leaked sometime in 2015 on KTT. This version has an extended version of 'All Right', 'In Abundance' as track 12, a shorter version of 'Salute' & is missing 'Never Forget'.",,2015,2015,OG File,Lossless,https://krakenfiles.com/view/ZrLCVbhtUa/file.html
Purple Reign,Unknown [Ty Dolla $ign Collaborations],"Ty mentions in the song called ""Tour Bus"" that he just ""did a tape with Future Hendrix on the tour bus"". The title track of the ""Campaign"" album was ""the product of a late night on the tour bus"" for Future & Ty's 2015-2016 ""Purple Reign"" tour. Because of this, it is practically guaranteed that this is from the same sessions, and considering what Ty says in the track, they very well could have made a full mixtape, although it likely was not finished. According to Ty, Future freestyled ""like four, five songs, back to back to back"" for Campaign, with Ty doing his parts for the project afterwards. Based on what Ty says in the throwaway track ""Tour Bus"", it is likely that there was a collaborative mixtape between the two. Three of the songs from this session (""Campaign"", ""My Song"", and ""Fuck Somethin'"") are known, leaving one or two songs unheard.",,,,Confirmed,Not Available,https://pillowcase.su/f/3fef90e3a4346197c86e2bd602f823ef
Purple Reign,"L.A. Leakers - Ball Like This [V1]
(feat. Future, Wiz Khalifa & Kid Ink)
(prod.  Jaycen Joshua, DJ Khalil, Mike & Keys & Salva.)","OG Filename: Ball Like This - Main (Mix V2) (MASTERED DK)
Early mix of ""Ball Like This"" without the L.A. Leakers tags. Unknown if it was L.A. Leakers song yet. iTunes encoding points to this being from around September-October 2015.",3:42,2015,"Mar 9, 2026",OG File,CD Quality,https://pillows.su/f/82a63352c568ea227d87d3223a2511f9
Purple Reign,"Ty Dolla $ign - Campaign [V1]
(with Future) (prod. D.R.U.G.S.)","Solo Future freestyle that was cut down for release. According to Ty, he did his part on the song after Future left the session.",,"Feb 16, 2016",,Confirmed,Not Available,https://uproxx.com/hiphop/ty-dolla-ign-campaign-tracklist/
Purple Reign,"Ty Dolla $ign - Fuck Somethin' [V2]
(with Future) (prod. Mustard)
(Real Talk)","OG FIlename: Ty x Future Fuck Somethin 010916 AB Refv1
Short track with vocals from both Ty and Future, produced by Mustard. Likely one of the freestyles Future recorded on Ty's tour bus, with Ty recording his vocals for it afterwards. Leaked on LEAKTH.IS by TheScent on Mar. 29, 2019. Recorded on Jan. 9, 2016.",1:44,"Jan 9, 2016","Mar 29, 2019",OG File,CD Quality,https://imgur.gg/f/brV0ML2
Purple Reign,"Ty Dolla $ign - ??? [V1]
(with Future) (prod. ISM, D'Mile & Ty Dolla $ign)
(My Song)","Future's vocals on the song likely originated from the four or five songs he freestyled on during early Campaign sessions. It's unlikely that the song was called ""My Song"" at this point.",,"Feb 16, 2016",,Confirmed,Not Available,
EVOL,⭐️ Back Of The Ghost,"Leaked on LEAKTH.IS by geooff5Nb on Nov. 10, 2018.",2:29,2016,"Nov 10, 2018",Full,High Quality,https://imgur.gg/f/0tclhQa
EVOL,"Blow Some Down [V1]
(prod. ???)","Tagged snippet posted by Menace. Solo version of ""Blow Some Down"" by Tray Tray.",,2015,"May 15, 2026",Snippet,High Quality,https://imgur.gg/f/VTncdUJ
EVOL,"Brand New Baguettes
(feat. Young Thug) (prod. Wheezy)",Previewed by @Thuggersnap.,,,2016,Snippet,Low Quality,Link
EVOL,Catch A Wave,"OG Filename: catch a wave (hook)_01
Hook only demo leaked by Menace. Samples Don't Say A Word by Ellie Goulding. The same sample used by Pound Cake by Drake. ",2:46,2016,"Jan 22, 2026",OG File,CD Quality,https://imgur.gg/f/PILzdKh
EVOL,"For Us
(prod. Tarentino)",Previewed by Future on his Snapchat @FBGBOSS in 2016.,,,2016,Snippet,Low Quality,Link
EVOL,"⭐️ Fuk Is U Doin
(prod. Metro Boomin)","Leaked on LEAKTH.IS by TheScent on Mar. 30, 2019. Recorded on January 23, 2016.",2:02,"Jan 23, 2016","Mar 30, 2019",Full,High Quality,https://imgur.gg/f/fJla4Mh
EVOL,"Fly Shit Only [V1]
(prod. John $K Mcgee & DJ Spinz)","Leaked on Dec. 29, 2020. Features a different intro and an alt mix.",3:36,2016,"Dec 29, 2020",Full,High Quality,https://imgur.gg/f/EdYQtCs
EVOL,✨ Grew Up Gang Bang ,"OG Filename: grew up gang bang (hook)_03
Includes chorus demo only. Leaked by Menace alongside Bout That Life after bully jewed sleep into buying them. ",4:10,2016,"Sep 4, 2025",OG File,High Quality,https://imgur.gg/f/FnEfATR
EVOL,"Lil' Haiti Baby [V1]
(prod. Ben Billions, TeeLow Da Producer & Moe Goonie)","Leaked on Dec. 29, 2020. Features a different intro and an alt. mix.",,,"Dec 29, 2020",Full,CD Quality,https://imgur.gg/f/XfoB76a
EVOL,"Margarita [V1]
(prod. Boi-1da)
(Go To The Stars)",Solo version posted by bully. Said to be completed and around 4 minutes long.,~4:00,2013,"May 8, 2025",Snippet,Low Quality,
EVOL,"✨ Margarita [V2]
(feat. Mack Maine / Detail?) (prod. Detail*)
(Go To The Stars)","Leaked in the Future Hub Discord on May 27, 2024. It was first previewed by Future on his Snapchat @FBGBOSS in 2016. Previously fan-dubbed 'Go To The Stars'. The song features an artist, which at 1:50 has some background singers say his name is 'Mack Maine', but it does not sound like Mack Maine at all, and could be Detail instead; maybe doing a reference for Mack Maine? Either way, it is likely one of those 2 artists.",2:43,2016,"May 27, 2024",Full,CD Quality,https://imgur.gg/f/3pAtB2S
EVOL,✨ Mind Right,"Leaked in the Future Discord by TheScent on Mar. 30, 2019. Recorded on or before Dec. 23, 2015.",3:34,2015,"Mar 30, 2019",Full,High Quality,https://imgur.gg/f/WSoEPI3
EVOL,My Shine,Previewed by Future on his Snapchat @FBGBOSS in 2016.,,,2016,Snippet,Low Quality,Link
EVOL,"⭐️ No Wallet
(prod. Metro Boomin)","OG Filename: Future - No Wallet-M3NT_02-01
Tagged version leaked by Music Mafia on Aug. 19, 2017. Tagless version leaked on LEAKTH.IS by peer34 on Dec. 29, 2020. Recorded on or before Dec. 27, 2015.",3:23,2015,"Aug 19, 2017",OG File,CD Quality,https://imgur.gg/f/lNT5b1t
EVOL,On Top Of Money,Previewed by Future on his Snapchat @FBGBOSS in 2016.,,,2016,Snippet,Low Quality,
EVOL,"⭐ Politics 💎
(prod. Drumma Boy)","Leaked in the Future Discord by TheScent on Mar. 30, 2019.
May have been recorded on Jan, 1, 2016, but it was seen on a 2015 tracklist so it could be a different version.",3:53,"Jan 1, 2016","Mar 30, 2019",Full,High Quality,https://pillows.su/f/37a27beb4ae9cc6971746f69d487beb3
EVOL,Prayers On Me,Previewed by Future on his Snapchat @FBGBOSS in 2016.,,,2016,Snippet,Low Quality,Link
EVOL,"Purple Potion
(feat. Young Thug) (prod. Wheezy & Rex Kudo)","Previewed by Young Thug & @Casin0.FBG on Mar. 22, 2016.",,,"Mar 22, 2016",Snippet,Low Quality,Link
EVOL,"⭐️ Too Faded
(prod. 808 Mafia)","Leaked on LEAKTH.IS by TheScent on Mar. 30, 2019.",2:45,,"Mar 30, 2019",Full,High Quality,https://imgur.gg/f/BBk4AVL
EVOL,Unknown [Kanye West Collaborations],"From the No Breaks article, Kanye left off some tracks from The Life Of Pablo for his next album. ""Kanye also revealed that he's worked on tracks with Drake, Future and Young Thug."" This is not ""In Abundance"", due to that being officially released in early Feb 2016. Could also include any songs Drake, Future, and Kanye have together.",,,,Confirmed,Not Available,https://www.vibe.com/2016/03/Kanye-west-working-on-album-turbo-grafx-16
EVOL,"Ty Dolla $ign - Campaign [V2]
(with Future) (prod. D.R.U.G.S.)","OG Filename: 3.campain
Filename shared by Ty on Snapchat when he posted a picture of an unmastered """"Campaign"""" copy. Misspelled as """"Campain""",,"Feb 16, 2016",,Confirmed,Not Available,https://uproxx.com/hiphop/ty-dolla-ign-campaign-tracklist/
EVOL,"DJ Khaled - Fuck Up The Club [V1]
(feat. Future) (prod. Qolorsound, Cool N Dre & DJ Khaled)","OG Filename: Dj Khaled x Future - Fuck Up The Club ruff
Leaked on LEAKTH.IS by peer34 on Dec. 29, 2020. Features only Future doing the hook, while missing Rick Ross, YG & Yo Gotti's verses. Song ends at 3:48. leaving more than a minute of silence at the end.",5:03,,"Dec 29, 2020",OG File,CD Quality,https://imgur.gg/f/gPQ8crd
EVOL,"DJ Khaled - Ima Be Alright [V1]
(feat. Future & Bryson Tiller) (prod. DJ Khaled & The Beat Bully)","OG Filename: DJ Khaled x Bryson Tiller X Future - Long
Leaked on Feb. 1, 2023. Bryson's 1st and 2nd verse are instead one long verse on this version, Future's verse is 2nd instead of first, the interlude from Bryson & Future is performed twice, and then finally there is an open verse before the chorus again.",5:24,,"Feb 1, 2023",OG File,CD Quality,https://imgur.gg/f/9YRQmOB
EVOL,"DJ Khaled - Ima Be Alright [V2]
(feat. Future & Bryson Tiller) (prod. DJ Khaled & The Beat Bully)","OG Filename: Khaled_x_Tiller_Future_Fut._HkShort_Hk_Fut_1st_Verse
Similar to the previous version but shorter.",3:32,2016,,OG File,CD Quality,https://imgur.gg/f/ogzju7O
EVOL,"Big Sean - Know About Me
(feat. Future) (prod. Metro Boomin)","Leaked on LEAKTH.IS by Young Thug on Sep. 11, 2018. The beat was also used for 'Color Purple' by Young Thug and Rich Homie Quan. Recorded on Nov. 20, 2015.",3:30,,"Sep 11, 2018",Full,High Quality,https://imgur.gg/f/cacBFvV
EVOL,"Ty Dolla $ign - My Song [V2]
(feat. 24hrs) (prod. ISM, D'Mile & Ty Dolla $ign)","OG Filename: Ty x 24 - My Song - 051416 - AB
Version without the intro vocals from Future and worse mixing. Metadata confirms this version was considered for an early version of 24$.",3:12,"May 14, 2016","Aug 1, 2025",OG File,CD Quality,https://pillows.su/f/9795349c2330fe657064ad7d0911c098
EVOL,"Ty Dolla $ign - My Song [V3]
(feat. 24hrs & Future) (prod. ISM, D'Mile & Ty Dolla $ign)","OG Filename: 12.my song
Filename shared by Ty on Snapchat when he posted a picture of an unmastered ""Campaign"" copy.""",,"Feb 16, 2016",,Confirmed,Not Available,https://uproxx.com/hiphop/ty-dolla-ign-campaign-tracklist/
EVOL,"✨ Usher - Rivals [V1]
(ref. ???) (feat. Future) (prod. Murphy Kid & K-Major)","Leaked on LEAKED.CX on Jul. 4, 2024. The first snippet was leaked by soultruth5 online in 2021. Features an unknown singer doing a reference for Usher vocals on the chorus and the first few bars of the 1st verse (which becomes a split verse with Future [which uses unique bars]), as well as 2 extra unique verses from Future.",4:07,,"Jul 4, 2024",Full,High Quality,https://imgur.gg/f/atqu260
EVOL,"Pusha T - Road To Riches [V1]
(feat. Future) (prod. Baauer)
(Kung Fu)","OG Filename: Pusha-T ft. Future - Heart Is So Cold
OG version of the released Baauer song ""Kung Fu"" with a different structure and longer runtime. OG Filename possibly renamed.",3:26,2015,"Mar 9, 2026",OG File,CD Quality,https://pillows.su/f/2e28b3a67258f3d1dd3608f2a1cd4496
EVOL,"Jayson - With Me
(feat. Future)
(Ching-Ching, Cha-Ching)","Leaked on LEAKED.CX on Jul. 4, 2024 as part of a 60gb vault leak. Likely just a purchased verse, and the Future vocals are likely pretty old. Era is assumed / guessed.",4:28,,"Jul 4, 2024",Full,CD Quality,https://imgur.gg/f/Umfu6Hr
HOMIE from the FUTURE,"🏆 100 Shots
(prod. Will-A-Fool)",Previewed by Rich Homie Quan in 2018.,,,2018,Snippet,Recording,Link
HOMIE from the FUTURE,Champagne Shower [V1],"OG Filename: champagne shower RHQ_03
Filename seen in HOMIE from the FUTURE folder posted by Rich Homie Dre on January 7, 2024. Unknown how it is different from the version released on Project E.T., but it possibly only has Rich Homie Quan vocals based on the filename.",2:53,,"Jan 7, 2024",Confirmed,Not Available,
HOMIE from the FUTURE,Everything,"OG Filename: everything RHQ
Filename seen in HOMIE from the FUTURE folder posted by Rich Homie Dre on January 7, 2024. Likely only has Rich Homie Quan vocals based on the filename.",2:53,,"Jan 7, 2024",Confirmed,Not Available,
HOMIE from the FUTURE,Jimmy Choo,"OG Filename: jimmy choo_04 
Filename seen in HOMIE from the FUTURE folder posted by Rich Homie Dre on January 7, 2024. Possibly doesn't have Future or Rich Homie Quan vocals, as it is one of two files in the folder without fute (Future) or RHQ (Rich Homie Quan) in the filename.",2:53,,"Jan 7, 2024",Confirmed,Not Available,
HOMIE from the FUTURE,"Love Don't Cost A Thing
(prod. Mike WiLL Made-It)","OG Filename: love dont cost a thing RHQ FUTE_07
Filename seen in HOMIE from the FUTURE folder posted by Rich Homie Dre on January 7, 2024. Likely has both Future and Rich Homie Quan vocals based on the filename. Snippet posted by bully on February 27th, 2025.",3:58,2014,"Jan 7, 2024",Snippet,CD Quality,
HOMIE from the FUTURE,No Neighbors,"OG Filename: no neighbors RHQ_01
Filename seen in HOMIE from the FUTURE folder posted by Rich Homie Dre on January 7, 2024. Possibly only has Rich Homie Quan vocals based on the filename.",2:53,,"Jan 7, 2024",Confirmed,Not Available,
HOMIE from the FUTURE,"Stars In The Ceiling [V1]
(Stars)","OG Filename: stars in the ceiling fute RHQ idea01_01
Filename seen in HOMIE from the FUTURE folder posted by Rich Homie Dre on January 7, 2024. Unknown how it is different from the leak, but it is likely the initial idea, with both Future and Rich Homie Quan vocals, based on the filename.",2:53,,"Jan 7, 2024",Confirmed,Not Available,
HOMIE from the FUTURE,"⭐ Stars In The Ceiling [V2]
(Stars)","OG Filename: stars in the ceiling fute RHQ
LQ version leaked on r/rapleaks subreddit on Jan. 23, 2018. It was also previewed by Rich Homie Quan himself sometime in 2018. Leaked after a groupbuy on November 27, 2024. ",2:53,2014,"Nov 27, 2024",OG File,High Quality,https://imgur.gg/f/B5y2Pep
HOMIE from the FUTURE,Upgrade,"OG Filename: upgrade (hook)_01
Filename seen in HOMIE from the FUTURE folder posted by Rich Homie Dre on January 7, 2024. Is likely just a hook and open verses, based on the filename. Unknown who the hook is by, as the filename doesn't have fute (Future) or RHQ (Rich Homie Quan), unlike most of the other files in the folder.",2:53,,"Jan 7, 2024",Confirmed,Not Available,
HOMIE from the FUTURE,We The Future,"OG Filename: we the future RHQ_04-01
Filename seen in HOMIE from the FUTURE folder posted by Rich Homie Dre on January 7, 2024. Possibly only has Rich Homie Quan vocals based on the filename.",2:53,,"Jan 7, 2024",Confirmed,Not Available,
HOMIE from the FUTURE,You The One,"OG Filename: you the one RHQ 01-01
Filename seen in HOMIE from the FUTURE folder posted by Rich Homie Dre on January 7, 2024. Possibly only has Rich Homie Quan vocals based on the filename.",2:53,,"Jan 7, 2024",Confirmed,Not Available,
Project E.T.,"Too Much Sauce [V1]
(feat. Future & Lil Uzi Vert) (prod. DJ ESCO & Zaytoven)","OG Filename: too much sauce (FINAL2)
Another version of too much sauce. Leaked by sleep? on Feb 18/19, 2026.",3:42,2016,"Feb 19, 2026",OG File,High Quality,https://pillows.su/f/f7d95155e829a98e6522a1e4240eb7ba
Project E.T.,"Too Much Sauce [V2]
(feat. Future & Lil Uzi Vert) (prod. DJ ESCO & Zaytoven)","OG Filename: too much sauce (radio edit)
Radio edit of a version. Leaked by sleep? on Feb 18/19, 2026.",3:42,2016,"Feb 19, 2026",OG File,High Quality,https://pillows.su/f/8abfcfecd09abe0828dca50b12b02cf2
Beast Mode '16,"Ain't Tryin [V1]
(prod. DJ ESCO & Zaytoven)",Earlier mix. Proven by the filename below.,,,,,,
Beast Mode '16,"⭐️ Ain't Tryin [V2]
(prod. DJ ESCO & Zaytoven)","OG Filename: Future - Aint Tryiin DIRTY_2
Previewed on Episode 34 of OVOSOUND radio (Nov. 19, 2016). Has yet to see an official release. A more complete, tagless version leaked on LEAKTH.IS by peer34 on Dec. 29, 2020. OG file eventually leaked by ""freebandz"" on Jan. 27, 2026.",2:54,2016,"Nov 19, 2016",OG File,CD Quality,https://imgur.gg/f/x32cw3l
Beast Mode '16,"Bitch In The Orgy
(prod. Zaytoven)",Previewed on Zaytoven's Instagram Story.,,,2016,Snippet,Low Quality,Link
Beast Mode '16,"✨ Bustin Out
(prod. Zaytoven)
(High As A Plane)","Leaked on LEAKED.CX on May 29, 2024. It was first previewed by Future on his Snapchat @FBGBOSS in 2016. Was previously fan-dubbed as 'High As A Plane'.",3:08,,"May 29, 2024",Full,CD Quality,https://imgur.gg/f/etxlGBc
Beast Mode '16,"Mediterranean
(prod. Zaytoven)
(Maniac)","Leaked on SoundCloud by Propkers on Dec. 22, 2022. Snippet was known as 'Maniac'.",2:57,2015,"Dec 22, 2022",Full,High Quality,https://imgur.gg/f/8HZSm6T
Beast Mode '16,"Mentally Screwed Up [V1]
(prod. Zaytoven)
(Mentally Screwed)","Features an earlier and calmer version of the instrumental. Leaked by chikibiki on Mar. 17, 2026. Seen on an alleged leaked tracklist.",3:19,,"Mar 17, 2026",Full,High Quality,https://imgur.gg/f/wNISQ8k
Beast Mode '16,"✨ Mentally Screwed Up [V2]
(prod. Zaytoven)
(Mentally Screwed)","OG Filename: 01 mentally sewcred up_02
Has updated production. Leaked by chikibiki on LEAKED.CX. Filename misspelled.",3:35,2016,"Jun 19, 2024",OG File,High Quality,https://imgur.gg/f/vaY8Dfn
Beast Mode '16,"✨ Real Loud
(prod. Zaytoven)","Leaked on LEAKED.CX on May 8, 2024.",3:13,,"May 8, 2024",Full,CD Quality,https://imgur.gg/f/UYHNxNZ
Beast Mode '16,"Shoot That Dugg
(prod. TM88 & Zaytoven)","Previewed by Future on Mar. 22, 2016.",,,"Mar 22, 2016",Snippet,Low Quality,Link
Beast Mode '16,"✨ Sir [V1]
(prod. Metro Boomin & Zaytoven)","Snippet leaked by Music Mafia. File that leaked on June 23rd, 2025 indicates it was recorded in 2016. This version is solo Future with a new first verse and the same released second verse. Also has extended vocals on the outro. In 2018, the song was given to Nicki Minaj for her ""Queen"" album. Leaked on Jun. 24, 2025. By ""ghostrider762323"" on LEAKED.CX ",3:16,"Dec 17, 2016","Jun 24, 2025",Full,CD Quality,https://imgur.gg/f/7tJYn9U
Beast Mode '16,"Trappin
(prod. Zaytoven)","Previewed on Future's Snapchat (@FBGBOSS) on Dec. 6, 2016.",,,"Dec 6, 2016",Snippet,Low Quality,Link
Beast Mode '16,"✨ Used To This [V1]
(prod. Zaytoven)","OG Filename: Used To This RCL2 Main
Leaked on LEAKTH.IS by soultruth5 on February 6, 2019. Contains an extra Future verse in place of Drake, a slightly different intro, & an alternate outro. Was intended to be the lead single of Beast Mode 16. Future shouts out ""Beast Mode"" in the intro. Session filename says it's mixed by Seth Firkins. Full session with clean and explicit stems and mixed bounces leaked by Sleep in the Future Hub discord server on November 20, 2024.",2:55,2016,"Feb 6, 2019",OG File,Lossless,https://imgur.gg/f/AK4pbOB
Beast Mode '16,"Used To This [V1] [Clean]
(prod. Zaytoven)","OG Filename: Used To This RCL2 Clean
Same as previous version but clean. Found in the session folder.",2:55,2016,"Feb 6, 2019",OG File,Lossless,https://imgur.gg/f/rOFOTZf
Beast Mode '16,"When I Think About It [V1]
(prod. Zaytoven)","OG Filename: when i think about it_01
Leaked by drag on LEAKED.CX alongside 13 other OG files.",3:05,2016,"Feb 7, 2026",OG File,CD Quality,https://imgur.gg/f/WaWFtQY
Beast Mode '16,"🎖️ ???
(feat. Drake) (prod. Zaytoven)","Revealed by Zaytoven the album features Drake. “We should be dropping a single within two weeks,” he offered, continuing, “and it’s featuring Drake.”",,,,Confirmed,Not Available,
Beast Mode '16,"Unknown [100 Songs]
(prod. Zaytoven)","In an interview on VladTV, the producer dished on his collaborations with Future, specifically the follow-up to 2015's Beast Mode. Zaytoven touched on the extensive work he and Future had put into this project and how they've recorded over 100 unreleased songs together. You'd think that would be enough, but apparently Future couldn't help himself.",,,,Confirmed,Not Available,
4Ever Or Never,"Back Bone [V1]
(feat. Young Thug) (prod. TM88 & Wheezy)","Previewed on Young Thug's Instagram Story in Nov. 2016, and was later released as a solo Young Thug song without Future.",,,Nov 2016,Snippet,Low Quality,
4Ever Or Never,"Ballin' Major League
(feat. Young Thug)",Previewed by Young Thugs' entourage sometime in 2016.,,,2016,Snippet,Low Quality,
4Ever Or Never,"Do It Like [V1]
(feat. Young Thug) (prod. TM88 & Wheezy)",Previewed on Young Thug's Snapchat (@Thuggersnap) & on Future's Snapchat (@FBGBOSS) in November of 2016.,,,Nov 2016,Snippet,Low Quality,https://imgur.gg/f/nPnbMS5
4Ever Or Never,"Having Our Way
(feat. Young Thug) (prod. Nard & B)
(Havin' Our Way)","Previewed on Young Thug's Snapchat (@Thuggersnap) & Future's Snapchat (@FBGBOSS) on Dec. 24, 2016.",,,"Dec 24, 2016",Snippet,Low Quality,Link
4Ever Or Never,"Money On These Hoes
(feat. Young Thug)","Previewed on Young Thug's Snapchat (@Thuggersnap) & Future's Snapchat (@FBGBOSS) on Dec. 24, 2016.",,,"Dec 24, 2016",Snippet,Low Quality,Link
4Ever Or Never,No Reason,"Previewed on Future's Snapchat (@FBGBOSS) on Nov. 22, 2016.",,,"Nov 22, 2016",Snippet,Low Quality,Link
4Ever Or Never,"Okay [V1]
(prod. DY Krazy & Tre Pounds)","Previewed on Future's Snapchat (@FBGBOSS) & Rick Ross' Snapchat (@richforever) on Dec. 18, 2016. This version has an extra Future verse. This song was given to Moneybagg Yo for his album and one of Future's verses was removed for Moneybagg Yo's verse. CDQ Snippet leaked October 15th, 2025.",,,"Dec 18, 2016",Snippet,Low Quality,
4Ever Or Never,Pacing The Dash,"Previewed on Young Thug's Snapchat (@Thuggersnap) sometime in 2016. Might feature Young Thug as well because he previewed it, but it is unknown.",,,2016,Snippet,Low Quality,
4Ever Or Never,Sauce On U,Previewed on Future's Snapchat (@FBGBOSS) in 2016.,,,2016,Snippet,Low Quality,Link
4Ever Or Never,"Smash
(feat. Rick Ross)","Previewed on Future's Snapchat (@FBGBOSS) & Rick Ross' Snapchat (@richforever) on Dec. 18, 2016.",,,"Dec 18, 2016",Snippet,Low Quality,Link
4Ever Or Never,Straight Out The Corner,"Previewed by Future on his Snapchat (@FBGBOSS) on Dec. 5, 2016.",,,"Dec 5, 2016",Snippet,Low Quality,Link
4Ever Or Never,"Tell Me
(feat. Young Thug)","Previewed on Young Thug's Snapchat (@Thuggersnap) & Future's Snapchat (@FBGBOSS) on Nov. 8, 2016.",,,"Nov 8, 2016",Snippet,Low Quality,Link
4Ever Or Never,"Thought U Knew
(feat. Young Thug) (prod. Fuse & TM88)","Previewed on Young Thug's Snapchat (@Thuggersnap) & Future's Snapchat (@FBGBOSS) on Sep. 23, 2016 and again on Dec. 6, 2016.",,,"Sep 23, 2016",Snippet,Low Quality,
4Ever Or Never,"Wheezy Beats
(prod. Wheezy)",Previewed by @shootrr sometime in 2016.,,,2016,Snippet,Low Quality,
FUTURE,"✨ 2 Clever
(prod. Southside)","Leaked on LEAKED.CX on Mar. 1, 2023. Era is assumed to be 2017, but there is little information available.",3:18,2017,"Mar 1, 2023",Full,High Quality,https://imgur.gg/f/P3S4leB
FUTURE,"⭐️ Absolutely Going Brazy
(prod. Tarentino)","Sold by Music Mafia and later leaked by /u/akaVelos on Mar. 28, 2018.
Drake supposedly owned it & wanted to use it. It is unknown if he ever recorded on it. Samples 'The XX - Angels (Bodhi Remix)'. ",3:59,2016,"Mar 28, 2018",Full,High Quality,https://imgur.gg/f/UpTqMFJ
FUTURE,"Bad For Your Health
(feat. Quavo)","Snippet leaked by Music Mafia. Snippet re-leaked (tagless) on Private's site on Sep. 5, 2019.",,,"Sep 5, 2019",Snippet,CD Quality,https://imgur.gg/f/q6O93pH
FUTURE,"Back Brazy
(prod. Southside)","Snippet leaked June 22, 2026. Could be an open verse / solo version of Joe Moses - Back Goin' Brazy",,,"Jun 22, 2026",Snippet,CD Quality,https://imgur.gg/f/fi1FKTD
FUTURE,"Birds Chirpin' 
(prod. Southside)",Open verse version of the Quicktrip song Birds Chirpin' that features Future. It seems it was Futures song first but later given to Quicktrip.,3:00,,"Mar 9, 2026",Full,High Quality,https://pillows.su/f/75ab47b95a83fa1ca6d9780521c6b3a8
FUTURE,Dope Boy,Snippet posted by the greatest seller of all time bully. Said to be a minute-long finished reference track for Diddy.,~1:00,,"Nov 12, 2025",Snippet,CD Quality,https://imgur.gg/f/229cdNM
FUTURE,"Extra Luv [V1]
(feat. YG) (prod. The Olympicks & Detail)","Leaked on LEAKTH.IS by peer34 on Dec. 29, 2020. Features an extended 1st verse, which also seems to be a different vocal take. YG also has some extra adlibs. Recorded on or before Dec. 17, 2016.",4:12,"Dec 17, 2016","Dec 29, 2020",Full,CD Quality,
FUTURE,"Let This Money Go
(prod. DY Krazy)","OG Filename: DY let this money go_01
Snippet posted by bully on an unknown date. Leaked on LEAKED.CX by pharmacy.",2:58,2016,"Jun 1, 2026",OG File,High Quality,https://pillows.su/f/780f984870f53433ad4399168296c4df
FUTURE,Me,Previewed by Future on his Snapchat @FBGBOSS in 2017.,,,2017,Snippet,Low Quality,Link
FUTURE,"✨ Never There
(prod. Wheezy)","OG Filename: never there_01-01
Leaked on LEAKED.CX on Nov. 2, 2023. If not from FUTURE, then it is from HNDRXX.",2:04,,"Nov 2, 2023",OG File,CD Quality,https://imgur.gg/f/sUHzgNd
FUTURE,"✨ Never Thought
(feat. Kodak Black) (prod. SkipOnDaBeat)","OG Filename: Kodak_x_Future_x_SkipOnDaBeat_2
Sold on TheSource.to. Leaked on LEAKED.CX on Feb. 21, 2024. Open verse. From 2017. Uses the same instrumental as the 2017 PARTYNEXTDOOR loosie, 'Cartier', which features Jadakiss.",3:48,,"Feb 21, 2024",OG File,CD Quality,https://imgur.gg/f/tMdca8V
FUTURE,"✨ Oh Yeah
(feat. Offset) (prod. Southside & DY Krazy)","Auctioned by Music Mafia and was sold. Leaked on LEAKTH.IS by Shlime on Jun. 6, 2019.",3:28,,"Jun 6, 2019",Full,CD Quality,https://imgur.gg/f/LOlvHIx
FUTURE,"One Time
(prod. ???)","Snippet leaked June 22, 2026.",,,"Jun 22, 2026",Snippet,CD Quality,https://imgur.gg/f/e0p0yrn
FUTURE,"🏆 Pirahanas
(prod. ???)","Snippet leaked June 22, 2026.",,,"Jun 22, 2026",Snippet,CD Quality,https://imgur.gg/f/h4xMWDb
FUTURE,"Poppin' Tags [V2]
(prod. Southside)","OG Filename: Future - Poppin Tags DIRTY_2
Previewed on Episode 34 of OVOSOUND radio (Nov. 19, 2016). Does not have producer tags during the intro. OG file leaked by sleep on Jan. 27, 2026.",3:35,2016,"Jan 27, 2026",OG File,CD Quality,https://imgur.gg/f/7AUetNa
FUTURE,Pressure Freestyle,Seen on an alleged leaked tracklist. No other information is currently known.,,"Mar 27, 2016",,Rumored,Not Available,
FUTURE,"⭐ Same Accord
(prod. Wheezy)","Previewed in the 'Night Vision Pt. 2' video leading up to the release of FUTURE. Also used as the outro on Promise U That. Leaked on LEAKTH.IS by Troublesome on Jul. 17, 2019.",2:46,,"Jul 17, 2019",Full,CD Quality,https://imgur.gg/f/J5lN019
FUTURE,"⭐ Scammalot 💎
(prod. Tasha Catour)",Leaked on LEAKTH.IS by justarichnig in August 2018.,2:09,,Aug 2018,Full,High Quality,https://imgur.gg/f/epkeve4
FUTURE,Thought I Forgot,Previewed on Future's Snapchat @FBGBOSS in 2017.,,,2017,Snippet,Low Quality,Link
FUTURE,"To The Bank
(feat. Young Thug)",Previewed by Young Thug on his Snapchat in 2017.,,,2017,Snippet,Low Quality,Link
FUTURE,"✨ Speed
(prod. 808 Mafia)","Leaked on LEAKED.CX on Jul. 7, 2024.",4:01,,"Jul 7, 2024",Full,High Quality,https://imgur.gg/f/4ArE0Em
FUTURE,"⭐ Whole Lotta Red
(feat. Lil Freaky) (prod. DY Krazy)","OG Filename: whole lotta red_03
Self Titled throwaway featuring Lil Freaky. Snippet first leaked by bully on October 10, 2024. Fully Leaked June 23, 2026. Has an open verse.",3:43,,"Jun 23, 2026",OG File,High Quality,https://imgur.gg/f/K51zoSX
FUTURE,"Noddin' Off
(feat. Offset)
(All These Drugs)","Snippet leaked by Private. Features the lyrics: ""I can't name all the drugs that we done. I'm noddin' off, the perkie dissolve""",,,"Sep 5, 2019",Snippet,High Quality,https://imgur.gg/f/ePC6ieA
FUTURE,"No Flaws
(prod. DY Krazy & Tre Pounds)
(My Flaws)",Previewed on Future's Snapchat @FBGBOSS in 2017.,,,2017,Snippet,Low Quality,Link
FUTURE,"???
(feat. Quavo)
(Never Be Broke Again)","Snippet leaked by Private. Features the lyrics: ""Young nigga we'll never be broke again. Raised just like children of the corn"".",,,"Sep 5, 2019",Snippet,High Quality,Link
FUTURE,"???
(prod. DJ Khaled)",Song previewed in the studio by Dj Khaled. Preview date lost.,,,,Snippet,Low Quality,https://www.youtube.com/watch?v=hsomWhN039M&t=3s
FUTURE,???,Snippet leaked by Bizzlow in Sep. of 2020.,,,Sep 2020,Snippet,CD Quality,
FUTURE,"Fabolous - All Mine
(feat. Future)","OG Filename: FAB FEAT. FUTURE - ALL MINE (YOGII).03
Leaked on Twitter by @unreleasedSTL on Nov. 21, 2018. May have been intended to feature YOGii, suggested from the OG filename. Recorded on or before Mar. 17, 2016.",,"Mar 17, 2016","Nov 21, 2018",OG File,CD Quality,https://imgur.gg/f/KAuoSds
FUTURE,"DJ Khaled - Down For Life [V1] 
(feat. Future & Kevin Cossom) (prod. DJ Khaled & Lee On The Beats)","OG Filename: Dj Khaled feat. Kevin Cossom & Future - Rec For Chris Brown (Need Chris To Do The Hook)
Leaked on Mar. 19, 2023. Kevin Cossom does the chorus (in which the pre-chorus is different and the chorus itself has minor lyric differences), and does not contain verses from Travis Scott, Rick Ross or Kodak Black. Based on the filename, Chris Brown was intended to do the hook before PARTYNEXTDOOR. Recorded sometime in 2016 (likely late).",2:30,2016,"Mar 19, 2023",OG File,CD Quality,https://imgur.gg/f/6sOJLg6
FUTURE,"DJ Khaled - Down For Life [V2] 
(feat. Future, PARTYNEXTDOOR, Travis Scott & Kodak Black) (prod. DJ Khaled & Lee On The Beats)","OG Filename: Dj Khaled 4 Life 2 Track Full Sesh PND x Future x Travis Scott x Kodak-Session Bounce
Version without Rick Ross and Future's verse is unmixed.  ",4:42,,"Mar 9, 2026",OG File,CD Quality,https://pillows.su/f/dfd8ceb1837291254015ae000fb644da
FUTURE,"Belly - Frozen Water [V1]
(feat. Future) (prod. Ben Billions & The ANMLS)","OG Filename: Belly feat. Future - Water
Leaked on LEAKTH.IS by dortmund1 on May 5, 2019. Features a slightly altered instrumental, different mixing, a slightly altered hook, and a swapped verse order when compared to the official. Filedate is Sep. 23, 2016.",3:34,"Sep 23, 2016","May 5, 2019",OG File,High Quality,https://imgur.gg/f/eIBbhjr
FUTURE,"🏆 Kendrick Lamar - King's Dead [V2]
(ref. Future) (prod. 30 Roc, Twon Beatz, Mike WiLL Made-It, Axl Folie, Travis Walton & Sounwave)
(King's Dead, King's Dead II)","Future originally layed down a different verse for ""King's Dead"" which had the ""La-di-da-di-da"" part but Future only kept it so then it could be made as the outro of the song or whatever Kendrick felt it could've been used for. Ultimately, Kendrick kept his actual verse on the released version because that was his favorite part. Jay Rock was already added on the song at this point, but it's possible that a solo version of the track with Future-only exists with him freestyling so his verse can be cut down to his feature. Confirmed by Future in an interview with Genius released on January 15, 2019.
Begins at 16:30s.",,,"Jan 15, 2019",Confirmed,Not Available,https://youtu.be/3HQ9ew63_QQ
FUTURE,"🏆 Kendrick Lamar -  Killmonger Interlude
(with Future) (prod. Sounwave & Matt Schaeffer)","An unheard throwaway from 'Black Panther', intended as an interlude.",,,"Feb 2, 2024",Rumored,Not Available,
FUTURE,"Rico Love - Lord Forgive Us
(feat. Future)","Leaked on LEAKTH.IS by blush (with credit to Gex) on Apr. 15, 2019.",3:48,,"Apr 15, 2019",Full,CD Quality,https://imgur.gg/f/s4fjQVR
FUTURE,"Ralo - My Brothers 
(feat. Future) (prod. Southside)","OG Filename: FUTURE x RALO_05
OG File for ""My Brothers"" by Ralo.",3:44,,"Mar 9, 2026",OG File,CD Quality,https://pillows.su/f/6b418bb9dff309063ee2726cf24e6b58
FUTURE,"French Montana - No Pressure [V1]
(ref. Chrishan) (feat. Future) (prod. Detail, J Holt & A1)","Leaked on LEAKTH.IS by W_1 (with credit to Arran-x) on Apr. 15, 2019. Chrishan does a reference for French Montana.",3:07,,"Apr 15, 2019",Full,CD Quality,https://imgur.gg/f/9tkPDdO
FUTURE,"French Montana - No Pressure [V2]
(feat. Future) (prod. Detail, J Holt & A1)","Leaked on LEAKED.CX on May 22, 2023. Just an alternate mix of the officially released version.",2:52,,"May 22, 2023",Full,CD Quality,https://imgur.gg/f/NX6gv3g
FUTURE,"⭐ Casino - Pocket Full Of Stones [V1]
(feat. Future) (prod. Mike WiLL Made-It)
(Pocket Full)","OG Filename: Casino feat. Future - Pocket Full - STEVEMIX (RANSOM)
Leaked on LEAKTH.IS by peer34 on Dec. 29, 2020. Features a verse from Future. Filedate is Jan. 16, 2017. Later released without Future. Originally titled ""Pocket Full"".",4:43,"Jan 16, 2017","Dec 29, 2020",OG File,CD Quality,https://imgur.gg/f/sFS1LWS
FUTURE,"Casino - Pocket Full Of Stones [V2]
(feat. Future) (prod. Mike WiLL Made-It)
(Pocket Full)","OG Filename: Casino feat. Future - Pocket Full - STEVEMIX ((prod. by Mike Will ))
Features a slightly different mix. Leaked on LEAKTH.IS by peer34 on Dec. 29, 2020.",4:43,"Jan 16, 2017","Dec 29, 2020",OG File,CD Quality,https://imgur.gg/f/I9czlUG
FUTURE,"Rich The Kid & Rejjie Snow - Product [V1]
(ref. Future)","Leaked on LEAKTH.IS by peer34 on Dec. 29, 2020. Official version is by Rejjie Snow, but since this only has Future on it his name is excluded from the title. Features only Future doing the hook, while missing Rich The Kid & Rejjie Snow's verses. Recorded on or before Oct. 16, 2016.",2:43,,"Dec 29, 2020",Full,CD Quality,https://imgur.gg/f/7wR7PWG
FUTURE,"Chance The Rapper - We Deserve [V1]
(Smoke Break)","As shown by the filename below, this song was very likely played to Kanye when it was a Chance song, aquired by him, and then given back.	",,,,Confirmed,Not Available,
FUTURE,"Kanye West - Smoke Break [V2]
(feat. Chance The Rapper) (prod. DJDS)
(We Deserve)","OG Filename: we deserve djds 2.8.16 to play kanye
""Smoke Break"", later released on Chance the Rapper's Coloring Book mixtape, was originally meant for The Life Of Pablo. Features alternate production. It's unknown if Kanye actually recorded on this.",3:02,"Feb 8, 2016","Sep 19, 2023",OG File,CD Quality,Link not provided for now.
FUTURE,"Chance The Rapper - Smoke Break [V3]
(feat. Future) (prod. Garren Sean)","Leaked on LEAKTH.IS by peer34 on Dec. 29, 2020. Features an alternate Future verse and some alternate Chance lines / vocal takes, and alternate mixing. Filedate is May 8, 2016.",3:07,"May 8, 2016","Dec 29, 2020",Full,CD Quality,https://imgur.gg/f/RU8ffIt
FUTURE,"Chance The Rapper - Smoke Break [V4]
(feat. Future) (prod. Garren Sean)","OG Filename: Smoke Break (feat. Future)
Unmixed and unmastered version found on the May 2016 copy of Chance The Rapper's 2016 mixtape Coloring Book.",3:46,,"May 27, 2022",Full,CD Quality,https://pillows.su/f/2e1bc819d5d44e099d19d30ec31c6b66
FUTURE,"??? - We Gettin This Money
(ref. ???)","OG Filename: 04 WE GETTIN THIS MONEY FT FUTURE
It's unknown what this track is supposed to be or who the artists are on it. The filename implies Future is a feature so it is possible it was meant for him to hop on it or the artists are doing a refrence track for Future to record over.",2:38,2017,"Mar 9, 2026",OG File,CD Quality,https://pillows.su/f/e3af9d400a9254a27439bc1bbbd5c250
FUTURE,"Be Incouraged [V1]
(prod. Metro Boomin)
(Be Encouraged, Side Bitch)","OG Filename: Be Incouraged
Alternate Filename: Future- Side Bitch Rough 1
Leaked in the Future Discord by TheScent on Mar. 30, 2019. OG file says 'Incouraged' but this could be a typo. Was considered for We Still Don't Trust You as seen on an early tracklisting written on a whiteboard. This file is bounced in mono.",3:26,2017,"Mar 30, 2019",OG File,High Quality,https://imgur.gg/f/4LBClyD
FUTURE,"⭐️ Be Encouraged[V2]
(prod. Metro Boomin)
(Be Incouraged, Side Bitch)","OG Filename: Future- Side Bitch Rough 1
Was considered for We Still Don't Trust You as seen on an early tracklisting written on a whiteboard. As 'Side Bitch'. Flow State Future.",3:26,2017,,OG File,High Quality,https://imgur.gg/f/EMwwVKd
FUTURE,"✨ One Of A Kind
(prod. Metro Boomin)
(1 Of A Kind, 1OAK)","Leaked on LEAKED.CX on Jun. 15, 2024 after a successful groupbuy. The first snippet was previewed by Future on his Snapchat @FBGBOSS in 2017, and a CDQ snippet was later leaked by Music Mafia. The snippet was once known as 'Boss'.",5:17,2017,"Jun 15, 2024",Full,CD Quality,https://imgur.gg/f/IyqLenr
FUTURE,"⭐️ Perkies
(prod. Metro Boomin)","Leaked in the Future Discord by Slimeyyy4L on Jul. 16, 2019. The first snippet was leaked by PRIVATE and was fan-dubbed 'Frog Eyes'.",3:47,,"Jul 16, 2019",Full,CD Quality,https://imgur.gg/f/Acp7B32
FUTURE,"⭐️ Rings On Me
(prod. Metro Boomin)","Auctioned by and snippet leaked by Music Mafia. Leaked on LEAKTH.IS by Udontknowme on Jun. 19, 2019.",4:20,,"Jun 19, 2019",Full,High Quality,https://imgur.gg/f/BbyTc16
FUTURE,"✨ Slow Down
(prod. Metro Boomin)","Auctioned by and snippet leaked by Music Mafia. Leaked on LEAKTH.IS by slimeyyy4L on Feb. 16, 2020.",3:05,,"Feb 16, 2020",Full,High Quality,https://imgur.gg/f/Uy4gYaD
FUTURE,"WTFYM [V1]
(prod. Metro Boomin)
(Fuck You Mean)","Previewed in the 'Night Vision Pt. 1' video leading up to the release of FUTURE. Leaked on LEAKTH.IS by iTagen / Mum on Mar. 26, 2019. It was later released on the Metro collab tape 'We Don't Trust You', with a better mix and an alternate outro with background vocals by Travis Scott. File is 64kbps.",4:47,,"Mar 26, 2019",Full,High Quality,https://imgur.gg/f/PVXNnY6
HNDRXX,Adore Me,"Leaked on LEAKED.CX on Jun. 26, 2024.",2:55,2017,"Jun 26, 2024",Full,High Quality,https://imgur.gg/f/tp6QJtP
HNDRXX,"✨ All On You [V1]
(with YoungBoy Never Broke Again)","Snippet leaked by @bloodysz in 2021. Leaked later on July 9th, 2025.",3:07,2017,"Dec 21, 2021",Full,CD Quality,https://pillows.su/f/009a8443486e69d68d7854b07ad3937b
HNDRXX,"Meek Mill - All On You [V2]
(feat. Future & YoungBoy Never Broke Again)","Confirmed to exists by YoungBoy himself on interview. Meek Mill's verse is still unheard. Alledgedly was for Meek Mill's album ""DC4""",,,,Snippet,Low Quality,https://pixeldrain.com/u/A97VWSgi
HNDRXX,"Back On Wall
(prod. Detail)","OG Filename: Future+Detail+Back.On.Wall2.0-1
Leaked in mono in the Future Discord by TheScent on Mar. 30, 2019. OG file later leaked by drag on LEAKED.CX.",5:56,2016,"Mar 30, 2019",OG File,High Quality,https://imgur.gg/f/5BEe3a6
HNDRXX,"⭐️ Bad Habit 
(prod. Dre Moon)","Leaked on LEAKED.CX on May 28, 2024. Was seemingly previewed somewhere on Jun. 12, 2022, due to it having a page created on Genius on that date, with 2 lines of lyrics (pretty typical for a snippet).",2:09,,"May 28, 2024",Full,High Quality,https://imgur.gg/f/CkW9BbQ
HNDRXX,"Be Yourself
(prod. Detail)","OG Filename: Future - Be Yourself
Leaked on LEAKTH.IS by thomas on Sep. 13, 2018. Theme & beat definitely fits HNDRXX era. Recorded on or before Dec. 29, 2016. OG file (probably renamed) leaked in Future Tracker 2.0.",3:55,2016,"Sep 13, 2018",OG File,CD Quality,https://imgur.gg/f/JWSMiRF
HNDRXX,"Buy Love [V1]
(prod. Detail)
(Nun But Luv)","Leaked in 2019. Features alternate mixing and vocal effects, making Future's voice horribly drowned out.",3:48,,2019,Full,CD Quality,https://imgur.gg/f/gHDHZfi
HNDRXX,"Nun But Luv [V2]
(prod. Detail)
(Buy Love)","OG Filename: Detailmusic+Future.NunButLuv
Leaked on LEAKED.CX on Mar. 10, 2023. This is mostly the same as the official, except the autotune is slightly out of tune and has some more noticable adlibs, maybe meaning they aren't mixed.",4:00,"Dec 19, 2016","Mar 10, 2023",OG File,CD Quality,https://imgur.gg/f/QhW47iu
HNDRXX,"The Weeknd - Comin Out Strong [V1]
(prod. High Klassified)
(Strong)","High Klassified said that he made the beat for ""Comin' Out Strong"" in November, and shortly after sent the beat to Abel. Given this, it is likely that it was a solo Weeknd song for a little while before Future got on it but it is not certain.",,,,Rumored,Not Available,https://imgur.gg/f/2sF97CN
HNDRXX,"The Weeknd - Comin Out Strong [V2]
(feat. Future) (prod. High Klassified & Metro Boomin)
(Strong)","OG Filename: Weeknd feat. Future - Strong RAPID (Future Verses)
Leaked on Feb. 28, 2026. Was originally The Weeknd's song, based off of the OG filename.",3:56,2017,"Feb 28, 2026",OG File,CD Quality,https://imgur.gg/f/jhpeSk7
HNDRXX,"✨ Comin Out Strong [V3]
(feat. The Weeknd) (prod. High Klassified & Metro Boomin)
(Strong)","Metro Boomin's 'lost version'. Leaked by Music Mafia in May 2017. The second half of both of Future's verses are different, the outro is different / missing, as well as the instrumental is slightly altered.",4:09,2017,May 2017,Tagged,High Quality,https://imgur.gg/f/jM4uUqZ
HNDRXX,"Comin Out Strong [V4]
(feat. The Weeknd) (prod. High Klassified & Metro Boomin)
(Strong)","OG Filename: FUTURE- RAPID MIX
Same as the version above, but has the released verses instead of the alternate ones.",4:25,2017,June 2025,OG File,CD Quality,https://temp.imgur.gg/f/GUSTdIl
HNDRXX,"Comin Out Strong [V5]
(feat. The Weeknd) (prod. High Klassified, Circut, David Nakaji & Ivan Jimenez)
(Strong)","OG Filename: Comin Out Strong New Production-Main Mix V2 CD
File found in the Tour files folder. Same production and structure as released, but mix is different. File is bounced in 24kbps.",4:16,2017,"Jan 29, 2023",OG File,High Quality,https://imgur.gg/f/x9J8XWA
HNDRXX,"Damage [V1]
(feat. Detail) (prod. Mustard & Twice As Nice)","OG Filename: Detailmusic+Future.Damage.ruff2nd.version
Leaked on LEAKTH.IS by peer34 on Dec. 29, 2020. Earliest version of Damage available, though the filename implies an earlier version exists. Has an alternate intro and outro, alternate production, different mixing and open during certain sections that were filled in by Detail on release. OG file later Leaked on Feb. 28, 2026.",3:56,"Nov 9, 2016","Dec 29, 2020",OG File,CD Quality,https://imgur.gg/f/XHnw17h
HNDRXX,"Damage [V2]
(feat. Detail) (prod. Mustard & Twice As Nice)","OG Filename: Future - damage rough
Leaked by drag on LEAKED.CX. Is rougher then the version above with quieter vocals from Future and Detail and slightly rougher production. This version has Detail filling in all his parts that were filled in on released. The file for this version is dated 2017 so it seems the progression of this song was quite odd.",3:58,2017,"Feb 28, 2026",OG File,CD Quality,https://imgur.gg/f/QNc2woW
HNDRXX,"T-Pain - Damage (Remix)
(prod. Mustard & Twice As Nice)","T-Pain's remix of Damage, featuring no Future vocals. Leaked sometime in late 2023.",4:49,,Late 2023,Full,CD Quality,https://pillows.su/f/495356cbaa746edf5e6b166e41fa8773
HNDRXX,Delightful,Previewed by Future on his Snapchat @FBGBOSS in 2017.,,,2017,Snippet,Low Quality,Link
HNDRXX,"✨ Dragon
(feat. Detail) (prod. Richie Souf)","Leaked on LEAKED.CX after a successful groupbuy on May 20, 2024.",3:05,,"May 20, 2024",Full,CD Quality,https://imgur.gg/f/ihabTcD
HNDRXX,"Fresh Air
(prod. Detail, Mantra, KINGBNJMN & Major Seven)","OG Filename: Detailmusic+Future.Fresh.Air.2.0
Leaked on LEAKTH.IS by peer34 on Dec. 29, 2020. Features heavily altered vocal effects & mixing, new adlibs, and a slightly altered outro. Recorded on or before November 16, 2016. Likely before as the version of itunes it is encoded with came out in March. OG file later leaked by drag on LEAKED.CX.",4:28,2016,"Dec 29, 2020",OG File,High Quality,https://imgur.gg/f/YzMNg7U
HNDRXX,⭐️ Fuck On You,"Leaked on LEAKED.CX on Dec. 12, 2022. If not from 2017, then likely from 2020/2021. Open verse.",3:00,,"Dec 12, 2022",Full,CD Quality,https://imgur.gg/f/UKMvKOi
HNDRXX,Get Paid,Previewed by Future on his Snapchat @FBGBOSS in 2017.,,,2017,Snippet,Low Quality,Link
HNDRXX,"⭐ Glove
(prod. Detail)","OG Filename: Detailmusic+Future+Glove
Auctioned by Music Mafia and was sold. Leaked on LEAKTH.IS by soultruth5 on Nov. 22, 2018. OG file later leaked by drag on LEAKED.CX.",3:13,"Nov 27, 2016","Nov 22, 2018",OG File,High Quality,https://imgur.gg/f/Dmowkhp
HNDRXX,"Hunnid On You
(A Hundred On You, Hundred On You)","Leaked on LEAKED.CX on Jun. 27, 2024. From 2017, but era is debatable.",3:45,2017,"Jun 27, 2024",Full,CD Quality,https://imgur.gg/f/FXlekXt
HNDRXX,"✨ Incredible (Remix)
(feat. PARTYNEXTDOOR) (prod. Dre Moon)","OG Filename: PARTY INCREDIBLE remix demo (HQ4)-2
Leaked by porter & items. Remix with additional PARTYNEXTDOOR verse, might've been recorded around No Shame but it's unknown.",4:02,,"Feb 1, 2026",OG File,CD Quality,https://imgur.gg/f/LIlSIfs
HNDRXX,"In Out Time
(Out Of Time)","Leaked on LEAKED.CX on Jun. 26, 2024.",3:53,,"Jun 26, 2024",Full,CD Quality,https://imgur.gg/f/YhDlxGr
HNDRXX,"NASA
(feat. French Montana) (prod. Evan LaRay)","OG Filename: FUTURE X FRENCH MONTANA - NASA - ELR REFF V1
Leaked on LEAKTH.IS by Sein on Dec. 31, 2018. Recorded on for before Feb. 25, 2016. OG file later leaked by drag on LEAKED.CX.",2:29,"Feb 25, 2016","Dec 31, 2018",OG File,CD Quality,https://imgur.gg/f/ge7N8EM
HNDRXX,"New Illuminati [V1]
(prod. DY Krazy)
(New Illuminatti)","OG Filename: New Illuminatti (02.14.2017) rough
Filename is misspelled. Leaked by drag on LEAKED.CX alongside 13 other OG files.",2:59,"Feb 14, 2017","Feb 7, 2026",OG File,CD Quality,https://imgur.gg/f/c4U8Zj3
HNDRXX,No Way,"Leaked on LEAKED.CX on Jun. 26, 2024. Bounced on Mar. 12, 2017, likely recorded a bit before.",3:14,,"Jun 26, 2024",Full,High Quality,https://imgur.gg/f/OTtU6X8
HNDRXX,"Never Missa Lost [V1]
(prod. Xeryus, Detail & Major Seven)","OG Filename: Detailmusic+Future.NevaMissaLost
Leaked on LEAKTH.IS by peer34 on Dec. 29, 2020. Features an alternate intro (for transition from Fresh Air to this track), and alternate mixing / vocal effects. Recorded on or before Nov. 16, 2016. OG file later leaked by drag on LEAKED.CX.",3:35,"Nov. 16, 2016","Dec 29, 2020",OG File,High Quality,https://imgur.gg/f/DHF2LWd
HNDRXX,"Presidential Bando
(feat. Meek Mill) (prod. 808 Mafia)","Previewed by Meek Mill on a lost date. Leaked on LEAKED.CX by FGB on May 26, 2022. The first snippet was leaked by TheSource on Dec. 24, 2020. Open verse.",2:42,,"May 26, 2022",Full,CD Quality,https://imgur.gg/f/EylBjUh
HNDRXX,"Red Leather [V1]
(prod. Metro Boomin & Dre Moon)
(Dedication, Nameless)","Leaked on LEAKED.CX on Dec. 14, 2022. The first snippet was leaked by Private. This song was later released on Future & Metro Boomins 'We Still Don't Trust You' but with an updated mix, minor vocal changes and a J. Cole feature.",4:31,2017,"Dec 14, 2022",Full,High Quality,https://imgur.gg/f/9cSyncK
HNDRXX,"🎖️ Solo
(feat. Lil Uzi Vert) (prod. Dre Moon)","Has a scrapped Uzi feature. Said by horize that Uzi's verse might be around 1:30, and he might do the chorus.",,"Jan 20, 2017","Feb 4, 2023",Confirmed,Not Available,
HNDRXX,"Sorry [V1]
(prod. Metro Boomin & CuBeatz)","OG Filename: Sorry
Features a shorter runtime than the released version. Leaked by drag on LEAKED.CX alongside 13 other OG files.",6:54,,"Feb 7, 2026",OG File,High Quality,https://imgur.gg/f/r9COLC2
HNDRXX,"✨ Sorry 4 U
(prod. Richie Souf)
(Sorry)","Leaked on LEAKED.CX on Nov. 16, 2023.",4:42,,"Nov 16, 2023",Full,CD Quality,https://imgur.gg/f/rs6OOM9
HNDRXX,"✨ Take You Back
(prod. Detail)
(Take U Back)","The beat of this song was later used for CupcakKe’s song “33rd”. Leaked on LEAKTH.IS by KappaPoppa on Sep. 12, 2018. Recorded on or before Jan. 17, 2017 but after Aug 2, 2016.",3:34,"Jan 17, 2017","Sep 12, 2018",Full,High Quality,https://imgur.gg/f/rMrli7K
HNDRXX,"Use Me [V1]
(prod. Detail)","OG Filename: Future+Detailmusic+UseMe.5.8
Leaked on LEAKED.CX on Jul. 18, 2024. Features alt. mixing, the post chorus is played after the bridge (it is only present after the 1st chorus on the official), after the first chorus the interlude & bridge appear again (they are only used once in the official, before the 1st verse), and features an extended synth instrumental where the percussion comes back in and features new vocal screeches / yells (not even sure if these are all from Future) that aren't present on the official. It seems as though the official version trimmed this outro with a fadeout. That being said, this leaked version still sounds like it ends abruptly. This may be because another track from the OG version of the album contains the rest of the outro which transitions into the intro of another song. Higher quality file later leaked by drag on LEAKED.CX.",6:02,,"Jul 18, 2024",Full,High Quality,https://imgur.gg/f/23Uyvmz
HNDRXX,What It Do,"Leaked in the Future Discord by TheScent on Mar. 30, 2019.",2:27,,"Mar 30, 2019",Full,High Quality,https://imgur.gg/f/KJEXOtY
HNDRXX,"Wonderful
(feat. Bryson Tiller) (prod. Detail)","Sold by Music Mafia. Leaked on LEAKTH.IS by Shlime on Jun. 6, 2019. Strangely, the word 'pussy' is censored but the rest of the song isn't.",3:00,,"Jun 6, 2019",Full,High Quality,https://imgur.gg/f/1eaR59w
HNDRXX,"You da Baddest [V1]
(prod. Detail & Go Grizzly)","Leaked on LEAKED.CX on Aug. 12, 2024. This version of the song starts with Future's 3rd verse from the official, the song then proceeds the same as the official except Future's 2nd verse (the '1st' verse in the official) goes on for 4 lines, then the bridge happens as part of the verse (which is performed by Future solo, not in duet with Nicki), then the last 4 lines of the verse are performed (meaning that the 4 middle lines of Future's verse from the official are simply not there), then after the chorus again there is a totally new and unique 2nd verse, except of which the last 4 lines of the verse are the 4 lines that are 'missing' from the 1st verse, and then the 1st verse (3rd verse from official) is repeated again. There are also likely mixing differences.",4:21,,"Aug 12, 2024",Full,CD Quality,https://imgur.gg/f/4Wvftfk
HNDRXX,"You Just Tried
(prod. Detail)","Leaked on LEAKED.CX as a bonus to the 'Dragon' groupbuy on May 20, 2024. Might not be OG file.",3:36,,"May 20, 2024",Full,CD Quality,https://imgur.gg/f/w9SGRDm
HNDRXX,"Aaliyah - Ain't Enough Days [V1]
(feat. Future & Snoop Dogg)","Leaked on LEAKTH.IS by Sein on Dec. 30, 2018. From October 2016, as OG file metadata says 2016-10-0, and the 0 is probably a typo for 9. Future also says in the song 'then I got sued by my baby mama', which first occurred in February of 2016, and then Ciara (one of the 2 plaintiffs, with the other being Jessica Smith) dropping the suit in October of 2016. It happened again in 2020 but this leaked before then. The instrumental and style all-around somewhat fits the HNDRXX vibe as well.",4:08,"Oct 9, 2016","Dec 30, 2018",Full,High Quality,https://temp.imgur.gg/f/0m5L0W5
HNDRXX,"Aaliyah - Ain't Enough Days [V2]
(feat. Future & Snoop Dogg)","Leaked on LEAKED.CX on Feb. 14, 2023. Features an alternate mix.",4:08,,"Feb 14, 2023",Full,CD Quality,https://imgur.gg/f/zbpS3TS
HNDRXX,"Maroon 5 - Cold [V1]
(feat. Future)","Leaked on LEAKED.CX on Jan. 23, 2023. Has extra Future adlibs. Recorded in (likely late) 2016.",3:43,,"Jan 23, 2023",Full,High Quality,https://imgur.gg/f/3QGstWn
HNDRXX,"Maroon 5 - Cold [V2]
(feat. Future)","OG Filename: Cold - ƒ. Future - 121416c
Another alternate mix of Cold that is mostly similar to release with a bit more silence at the end. ",3:59,"Dec, 14 2026","Mar 9, 2026",OG File,CD Quality,https://pillows.su/f/3485dccde2ac440d5d02ae0cf3f26bf8
HNDRXX,"Rihanna - Nothing Is Promised [V2]
(feat. Future) (prod. Mike WiLL Made-It)
(None Of This Promised)","Leaked on Sep. 1, 2022. Features the 3rd Future verse from the V1 reference alongside Rihanna from the official. Likely cut to be solo Rihanna shortly before release.",3:31,,"Sep 1, 2022",Full,High Quality,https://imgur.gg/f/2sF97CN
HNDRXX,"Rihanna - Nothing Is Promised (Remix) [V1]
(feat. Future) (prod. SOPHIE)
(None Of This Promised)","SOPHIE’s remix of Nothing is Promised. It incorporates Future’s reference track for Rihanna as the second verse. SOPHIE previewed this version live at one point, but the CDQ version remains unreleased.",2:46,,,Full,High Quality,https://temp.imgur.gg/f/vQlM2mw
HNDRXX,"⭐ Rihanna - Nothing Is Promised (Remix) [V2]
(feat. Young Thug & Future) (prod. SOPHIE)
(None Of This Promised)","OG Filename: 05 NothingIsPromised_Ri x Fut x Thug
Later version of SOPHIE's remix with both Young Thug & Future verses instead of just Future ad-libs.",3:33,2016,"Mar 3, 2026",OG File,CD Quality,https://pillows.su/f/8b7ecbbcd7fa9d61eff67864c4f125b1
HNDRXX,"Rihanna - Nothing Is Promised (Remix) [V3]
(feat. Young Thug & Future) (prod. SOPHIE)
(None Of This Promised)","OG Filename: Nothing_Is_Promised_Rih_Thug_SOPHIE_Remix_Main
Final version of SOPHIE's remix with Young Thug ad-libs & verse along with only Futures ad-libs instead of his verse.",2:46,2016,2019,OG File,CD Quality,https://imgur.gg/f/nx8uw9C
HNDRXX,"Rihanna - Selfish [V1]
(ref. Future) (prod. Detail, Mantra & Major Seven)","OG Filename: Future - Selfish
Leaked on LEAKED.CX on Dec. 14, 2022. OG file, possibly renamed.",2:31,"Dec. 29, 2016","Apr 8, 2019",OG File,High Quality,https://imgur.gg/f/RcmNaaz
HNDRXX,"VL Deck - Which One You Workin'
(ref. Future)","Leaked in the Future Discord by HNDRX on Jul. 11, 2019. Features a slightly alternate mix on the vocals, an alternate outro, and is missing VL Deck. It is from 2017 but it was first previewed during the Superfly OST era.",2:15,,"Jul 11, 2019",Full,CD Quality,https://imgur.gg/f/TGxkNom
HNDRXX,"??? - In My Heart 
(ref. Future)","Leaked on LEAKED.IS by whosthis on Mar. 4, 2021. Contains only Future's hook",4:01,,"Mar 4, 2021",Full,High Quality,https://imgur.gg/f/BxKhlEx
SUPER SLIMEY,"600 Days No Sleep
(with Young Thug) (prod. Southside)","Leaked on LEAKTH.IS by Shlime on Jun. 6, 2019. Throwaway from the SUPER SLIMEY Sessions",2:42,,"Jun. 6, 2019",Full,High Quality,https://imgur.gg/f/eanGddc
SUPER SLIMEY,"✨ 23 Bitches
(with Young Thug) (prod. ???)","OG Filename: Future feat. Young Thug - 23 bitches w thug 01
Leaked on LEAKED.CX on Dec. 12, 2022. The first snippet was leaked by PRIVATE in 2019.",3:15,,"Dec 12, 2022",OG File,High Quality,https://imgur.gg/f/p7eA9Co
SUPER SLIMEY,"⭐️ 10 Black Cars
(with Young Thug) (prod. Southside)
(Skkrrr)","Leaked on LEAKTH.IS by shyne on Dec. 11, 2019. Era Unconfirmed",2:56,,"Dec 11, 2019",Full,CD Quality,https://imgur.gg/f/OC8mk5w
SUPER SLIMEY,"✨ 20 Hoes [V1]
(with Young Thug) (prod. Money Beatz & DY Krazy)","Sold by SpirDark in mid 2019. Sold by Tears only about a week later in a leakbuy. Leaked on LEAKTH.IS by Tears on Jul. 25, 2019. Features a verse from Young Thug, which is replaced by Drake on (V2).",2:23,,"Jul 25, 2019",Full,CD Quality,https://imgur.gg/f/ud1SiYo
SUPER SLIMEY,"10 Years
(with Young Thug) (prod. ???)","Leaked on leakth.is after a successful groupbuy on Oct. 13, 2019.",3:28,,"Oct 13, 2019",Full,CD Quality,https://imgur.gg/f/QR4D2Uc
SUPER SLIMEY,All I Want,Previewed around the time of Super Slimey's release.,,,2017,Snippet,Low Quality,
SUPER SLIMEY,"⭐ All My Voodoo 💎
(with Young Thug) (prod. Richie Souf)","OG Filename: All my voodoo w thug 01
Known by fans originally as 'Chicken Coupe' because of the snippet from PRIVATE. Leaked on LEAKED.CX by Caskets on Jul. 13, 2021. with the OG file leaking on January 22, 2023. Most likely from 2017. Filename matches how Future's camp titles files. LEAKED member ""Goddamn G""'s all-time grail.",2:58,2017,"Jul. 13, 2021",OG File,High Quality,https://imgur.gg/f/0hIUbDY
SUPER SLIMEY,"Baby Gangsta [V1]
(with Young Thug) (prod. Wheezy)","OG Filename: Future - Hook - Baby Gangsta
OG FILE LINK NEEDED
Open verse demo by Future that was intended for Young Thug. Leaked in the Future Discord on Nov. 18, 2019. Hook Only",,2017,"Nov. 18, 2019",Full,CD Quality,https://imgur.gg/f/P2bGbjN
SUPER SLIMEY,Baddie,"No evidence of Thug being on the track. Previewed by Future on Oct. 20, 2017.",,,"Oct. 20, 2017",Snippet,Low Quality,Link
SUPER SLIMEY,"✨ Bad Teen
(Bad Ting)","OG Filename: Future - Bad Teen 120517
Leaked by stummy on LEAKED.CX Mar. 5, 2025. Recorded during the ""SUPER SLIMEY"" Sessions. Solo Future song. Future is probably saying ""Bad Ting"" in the song but whoever bounced it heard it wrong thus naming it ""Bad Teen"".",2:26,"Dec. 5, 2017","Mar. 5, 2025",OG File,High Quality,https://imgur.gg/f/CRqdWrV
SUPER SLIMEY,Ballin' Major League,Previewed around the time of Super Slimey's release.,,,2017,Snippet,Low Quality,
SUPER SLIMEY,Baptized,Previewed by Thug around the time of Super Slimey's release. Snippet only shows Future vocals so it is unknown if Thug is on it.,,,2017,Snippet,Low Quality,Link
SUPER SLIMEY,Black Migos,Previewed by Future on his Snapchat @FBGBOSS on a lost date.,,,,Snippet,Low Quality,Link
SUPER SLIMEY,"Young Thug - Blue Jean Bandit [V1]
(prod. Max Lord, Southside & TM88)",Original solo Thug demo.,3:50,,"Jun. 20, 2019",Full,CD Quality,https://pillows.su/f/50120eddecdca43ecce823016a6cd363
SUPER SLIMEY,"Blue Jean Bandit [V2]
(with Young Thug) (prod. Max Lord, Southside & TM88)","OG Filename: gwag11 BLUE JEAN BANDIT X FUTURE
Version of ""Blue Jean Bandit"" with the full vocals from the original solo Young Thug version and original verse from Future. Alllegedly was a part of a TM88 & Southside project that got scrapped. Leaked by Chikibiki as a bonus for reaching 50% on the Freeband Bandit groupbuy. OG file was leaked by flab in Future Tracker 2.0 alongside several others on March 20, 2026.",4:24,2017,"May. 19, 2023",OG File,CD Quality,https://pillows.su/f/6fb6d4446149e2f5143f77df92acddd4
SUPER SLIMEY,"TM88 & Southside - Blue Jean Bandit [V3]
(feat. Future, Moneybagg Yo & Young Thug) (prod. Max Lord, Southside & TM88)",Released version with an additional verse from Moneybagg Yo.,4:01,,"Jan. 26, 2020",Full,CD Quality,https://pillows.su/f/40d06a469ee49cb48b862cbaf8d3fba5
SUPER SLIMEY,"Bosses
(with Young Thug) (prod. Wheezy)
(Bought Out)","OG Filename: LJ X FUTURE - BOSSES
OG FILE LINK NEEDED
Leaked on LEAKTH.IS by BleaksGang on Aug. 10, 2018.",3:05,2016,"Aug. 10, 2018",Full,CD Quality,https://imgur.gg/f/Qe8ZiLj
SUPER SLIMEY,"✨ Brinks Truck
(with Young Thug) (prod. 808 Mafia)","Leaked on LEAKTH.IS by leaksman on Dec. 26, 2019. The first snippet was leaked by PRIVATE in 2019. Was being sold as ""Future_feat._Young_Thug2"". The instrumental was later reused for ""Lost Verse"" by VL Deck.",2:49,,"Dec. 26, 2019",Full,High Quality,https://imgur.gg/f/mHjjzGV
SUPER SLIMEY,"By Morning
(prod. Richie Souf)",No evidence of Thug being on the track. Previewed in Future's 'The WIZRD' documentary.,,,"Jan. 18, 2019",Snippet,Low Quality,Link
SUPER SLIMEY,Came Out The Murder Zone,Previewed by Future on his Snapchat @FBGBOSS.,,,2017,Snippet,Low Quality,Link
SUPER SLIMEY,"Diamonds On My Face
(Rich And Notorious)",Previewed by Future on his Snapchat @FBGBOSS in 2017.,,,2017,Snippet,Low Quality,Link
SUPER SLIMEY,"⭐️ Drug Lord
(with Young Thug) (prod. Wheezy)","OG Filename: LJ x Future - Drug Lord
Samples """"4AM"""" by 2 Chainz and Travis Scott. Dated October 24, 2016. Leaked in mono on October 7, 2018. Filename matches how Thug's camp titles files. Leaked by /u/bigleakinassboy on Oct. 7, 2018.",3:25,,"Oct. 7, 2018",OG File,High Quality,https://imgur.gg/f/DaFmhLk
SUPER SLIMEY,Feeling Sorry For You,Previewed by Young Thug in 2017.,,,2017,Snippet,Low Quality,Link
SUPER SLIMEY,Fuck U Doin,"No evidence of Thug being on the track. Previewed by Future on his Snapchat @FBGBOSS on Oct. 20, 2017.",,,"Oct. 20, 2017",Snippet,Low Quality,Link
SUPER SLIMEY,"⭐️ Gang Gang Anyway
(with Young Thug) (prod. DY Krazy)","OG Filename: Future feat. Young Thug - Gang gang anyway idea 02
 Put up for sale as """"Future_feat._Young_Thug4"""". Leaked on December 12, 2022 with the OG file leaking on January 1, 2023. Most likely from 2017. Filename matches how Future's camp titles files. Leaked on LEAKED.CX on Dec. 12, 2022. The first snippet was leaked by PRIVATE in 2019.",1:52,,"Dec. 12, 2022",OG File,High Quality,https://imgur.gg/f/VCoEf5h
SUPER SLIMEY,"⭐️ Gas
(prod. Southside)","Leaked on LEAKED.CX on May 26, 2024 as a bonus for the Kanye West 'Can U Be' groupbuy. Likely from early 'SUPER SLIMEY' sessions. Solo Future song.",3:23,,"May 26, 2024",Full,High Quality,https://imgur.gg/f/5B6nUKM
SUPER SLIMEY,Having Our Way,Previewed around the time of Super Slimey's release.,,,2017,Snippet,Low Quality,Link
SUPER SLIMEY,"High End [V1]
(with Young Thug) (prod. Richie Souf)","OG Filename: Future feat. Young Thug - High End
Original version without Chris Brown, autotune isn't complete. Leaked by chikibiki on LEAKED.CX on Jun. 4, 2026.",2:43,,"Jun. 4, 2026",OG File,CD Quality,https://pillows.su/f/6441271eb08f5ca1b3827bf2847541fb
SUPER SLIMEY,"Young Thug - I Got Mine [V1]
(prod. C4 & Wheezy)
(Mines)","Solo Thug version of ""I Got Mine"", believed to be recorded in June of 2016. Originally leaked on November 26, 2018, a better file leaked in 2023.",2:40,2016,"Jun 13, 2023",Full,CD Quality,https://pillows.su/f/4fe3a2f4a241eb1f859e5ea70c96572e
SUPER SLIMEY,"I Got Mine [V2]
(with Young Thug) (prod. C4 & Wheezy)
(Mines)","Young Thug solo version leaked on Nov. 27, 2018. This version includes a Future verse and a different/new Thug verse.",,,"Jun. 29, 2016",Snippet,Low Quality,Link
SUPER SLIMEY,"Ion Wanna Die
(with Young Thug) (prod. Richie Souf)","OG Filename: Future feat. Young Thug - Ion wanna die w thug 01
Leaked on LEAKED.CX on Dec. 12, 2022. The first snippet was leaked by PRIVATE in 2019.",4:31,,"Dec. 12, 2022",OG File,High Quality,https://imgur.gg/f/tX8CxEi
SUPER SLIMEY,Jackie Chan,No evidence of Thug being on the track. Previewed by Young Thug's Instagram Story in 2017.,,,2017,Snippet,Low Quality,Link
SUPER SLIMEY,"✨ Just Because
(with Young Thug) (prod. Richie Souf)","Leaked on LEAKTH.IS by Shlime on Jun. 6, 2019.",3:20,,"Jun. 6, 2019",Full,CD Quality,https://imgur.gg/f/e8ZHNYs
SUPER SLIMEY,"✨KKK*
(with Young Thug) (feat. Quavo) (prod. Richie Souf & Murda Beatz)
(Ku Klux Klan)","OG Filename: richie_souf_09.15.2017_2
Leaked on LEAKED.CX on Jul. 9, 2023. Recorded on Sep. 15, 2017. ",2:05,"Sep. 15, 2017","Jul. 9, 2023",OG File,CD Quality,https://imgur.gg/f/mAJvcoH
SUPER SLIMEY,"Keep Goin
(with Young Thug)","OG Filename: Keep_Goin w Thug
Listed for sale by Waterfalls on June 19, 2022 and leaked in full on July 10, 2023. Future does very little on the song. Because of this, it is assumed to be a feature on a Thug song, likely from BTG.",3:28,2017,"Jul. 10, 2023",OG File,CD Quality,https://imgur.gg/f/A0giSnd
SUPER SLIMEY,"⭐️ Lined Up
(with Young Thug) (prod. Richie Souf)","Leaked on LEAKTH.IS by Shlime on Jun. 6, 2019. Era Unconfirmed",2:52,,"Jun. 6, 2019",Full,High Quality,https://imgur.gg/f/P22S3MK
SUPER SLIMEY,"Makaveli
(prod. Richie Souf)
(Spoil The Bitch)",Previewed the same night of Super Slimey's release.,,,2017,Snippet,Low Quality,
SUPER SLIMEY,Million Dollar Cash,Previewed around the time of Super Slimey's release.,,,2017,Snippet,Low Quality,
SUPER SLIMEY,Money Callin' In My Sleep,Previewed by Future on his Snapchat @FBGBOSS on a lost date.,,,,Snippet,Low Quality,Link
SUPER SLIMEY,"Young Thug - Money Forever [V1]
(prod. TM88)","OG Filename: Money Forever_01
OG File (Metadata). Money Forver Thug
Solo Young Thug demo version of """"Money Forever."""" Leaked with the studio session on January 1, 2023.",2:48,"Sep. 14, 2017","Jan. 1, 2023",OG File,CD Quality,https://imgur.gg/f/KKxP9pQ
SUPER SLIMEY,"Young Thug - Money Forever [V2]
(prod. TM88)","OG Filename: Money Forever_02
Second demo from ""Money Forever"" session.",0:37,"Sep. 15, 2017","Jan. 1, 2023",OG File,Lossless,"https://pillows.su/f/520bebbc508061451b1d77a137d58f90

https://pillows.su/f/43daf37a50d7747caf8ecdd9dccc70f5"
SUPER SLIMEY,"Young Thug - Money Forever [V3]
(prod. TM88)","OG Filename: Money Forever_03
Third demo from ""Money Forever"" session.",2:50,"Sep. 15, 2017","Jan. 1, 2023",OG File,Lossless,"https://pillows.su/f/f2ba99fabee07452a8a19b4f071caf7c

https://pillows.su/f/20c074292bf172ad364ae39383dd2e1c"
SUPER SLIMEY,"✨ Money Forever [V4]
(with Young Thug) (prod. TM88)","OG Filename: Money Forever w future verse_01
Exported on September 15, 2017. Leaked on December 12, 2022 with the OG file leaking with the studio session on January 1, 2023. Filename matches how Future's camp titles files.",2:51,"Sep. 15, 2017","Jan. 1, 2023",OG File,CD Quality,https://imgur.gg/f/Foc1929
SUPER SLIMEY,"Mood Swings
(prod. Will-A-Fool)",Previewed by Future on his Snapchat @FBGBOSS in 2018. This beat was used by Rich Homie Quan on his song 'Bossman'.,,,"Jul. 23, 2018",Snippet,Low Quality,Link
SUPER SLIMEY,"Neglected
(with Young Thug) (prod. Wheezy)","OG Filename: LJ x Future - Neglected
Previewed by Young Thug in 2016. Dated October 24, 2016. Leaked in mono in the Future Discord on June 6, 2019. Filename matches how Thug's camp titles files.",2:56,2017,"Jun. 6, 2019",OG File,High Quality,https://imgur.gg/f/Rns4ure
SUPER SLIMEY,"No Lie
(with Young Thug)","OG Filename: NO LIE W THUG_01
Leaked on LEAKED.CX on Dec. 12, 2022.",4:10,2017,"Dec. 12, 2022",OG File,CD Quality,https://imgur.gg/f/EErvPXF
SUPER SLIMEY,"✨ Old Thing Back
(with Young Thug) (feat. Gunna) (prod. Wheezy)","OG Filename: OLD THING BACK
Previewed by Gunna on May 7, 2020.",3:35,2017,"Mar. 6, 2023",OG File,CD Quality,https://imgur.gg/f/dfsBycy
SUPER SLIMEY,"Plain Jane Cuban Links
(with Young Thug) (feat. Quavo) (prod. Murda Beatz & G. Ry)
(Plain Jane)","OG Filename: murda_beats_09.15.2017_2_01
Leaked on LEAKED.CX on Jul. 9, 2023. Recorded on Sep. 15, 2017. Beat later reused again by Thug & Gunna for a song called Beijing.",2:28,2017,"Jul. 9, 2023",OG File,CD Quality,https://imgur.gg/f/erXXgy7
SUPER SLIMEY,"✨ Red Carpet
(with Young Thug) (prod. Wheezy)
(RedCarpet)","OG Filename: Future x LJ - RedCarpet
 Throwaway from the 2016 SUPER SLIMEY sessions. Filename matches how Thug's camp titles files.Leaked on LEAKTH.IS by NotAGhost on Jun. 6, 2019.",3:26,2017,"Jun. 6, 2019",OG File,CD Quality,https://imgur.gg/f/OFFRben
SUPER SLIMEY,"Secure The Bag
(with Young Thug) (prod. Wheezy)
(Secure That Bag, Finger Fuck The Money, Alexander McQueen)","OG Filename: Lj x Future - Secure The Bag
Previewed by Young Thug in 2016. Dated October 24, 2016. Leaked in mono on May 30, 2019. Filename matches how Thug's camp titles files.Leaked on LEAKTH.IS by JarithekingSLATT on May 30, 2019.",3:06,2017,"May. 30, 2019",OG File,High Quality,https://imgur.gg/f/kgjhHD2
SUPER SLIMEY,"✨ Show Off
(with Young Thug) (prod. DY Krazy)
(ShowOff)","OG Filename: LJ x Future - ShowOff
Dated October 24, 2016. Leaked in mono on December 11, 2018. Filename matches how Thug's camp titles files.",3:05,2017,"Dec. 11, 2018",OG File,High Quality,https://imgur.gg/f/ZNciHSq
SUPER SLIMEY,"✨ Showed You [V1]
(with Young Thug) (prod. Southside)","OG Filename: Showed you w Thug_01
Tagged version leaked by Music Mafia on May 4, 2018. Features a slightly different instrumental, is missing A Boogie Wit Da Hoodie & Dej Loaf, and has a Young Thug verse in place of A Boogie's verse. OG file randomly leaked by sleep in Thug Hub, Jun. 26, 2025.",3:15,2017,"May. 4, 2018",OG File,High Quality,https://imgur.gg/f/c9gihPN
SUPER SLIMEY,"Smoke Tony
(with Young Thug) (prod. DY Krazy)","Previewed around the time of SUPER SLIMEY's release. Leaked on LEAKTH.IS on Apr. 9, 2019.",2:50,2017,"Apr. 9, 2019",Full,CD Quality,https://imgur.gg/f/xfunBif
SUPER SLIMEY,"Speed
(prod. 808 Mafia)","No evidence of Thug on the track. Confirmed by Wheezy himself to exist on Jul. 10, 2018.",,,"Jul. 10, 2018",Confirmed,Not Available,
SUPER SLIMEY,"Spoil The Bitch
(with Young Thug) (prod. Richie Souf)","No evidence of Thug on the track. Confirmed by Wheezy himself to exist on Jul. 10, 2018.",,,"Oct. 20, 2017",Partial,Recording,https://imgur.gg/f/lqUrfOX
SUPER SLIMEY,They Slime,Previewed by Future on his Snapchat @FBGBOSS in 2017.,,,2017,Snippet,Low Quality,Link
SUPER SLIMEY,"Thought You Knew
(prod. Fuse & TM88)",Previewed around the time of Super Slimey's release.,,,2017,Snippet,Low Quality,Link
SUPER SLIMEY,"✨ Tomato Interior
(with Young Thug) (feat. Offset) (prod. Richie Souf)","Leaked on LEAKED.CX by waterfalls on May 26, 2022. The first snippet was leaked by Music Mafia in 2018. Another snippet was leaked on LEAKTH.IS by Wolfgang on Feb. 28, 2020, and a failed groupbuy was also attempted. Leaked by Waterfalls on May 26, 2022.",2:53,,"May. 26, 2022",Full,CD Quality,https://imgur.gg/f/K6q8DpF
SUPER SLIMEY,"Tom Brady
(with Young Thug)",No evidence of Thug on the track. Previewed by Future on his Snapchat @FBGBOSS in 2017.,,,2017,Snippet,Recording,https://imgur.gg/f/P6orxJQ
SUPER SLIMEY,"Upscale [V1]
(prod. Cassius Jay)","OG Filename: upscale_01
Leaked on Nov. 7, 2022. Features open verses throughout, with the only vocals being Future's verse, which is the same as on V2.",3:25,,"Nov. 7, 2022",OG File,CD Quality,https://imgur.gg/f/szN15MD
SUPER SLIMEY,"⭐️ Upscale [V2]
(with Young Thug) (feat. Quavo) (prod. Cassius Jay)","Bought as an instant purchase from Music Mafia. Beat was later used for Cardi B’s “Drip”. Leaked by Earlmvs on Jul. 12, 2018.",3:25,,"Jul. 12, 2018",Full,CD Quality,https://imgur.gg/f/ma69zSP
SUPER SLIMEY,Versace,Previewed around the time of Super Slimey's release.,,,2017,Snippet,Low Quality,Link
SUPER SLIMEY,We Different,Previewed on Future's snapchat.,,,2017,Snippet,Low Quality,Link
SUPER SLIMEY,"✨ Whole Lotta Racks
(with Young Thug) (prod. DY Krazy)","OG Filename: LJ x Future - Whole Lotta Racks
Dated October 24, 2016. Leaked in mono on October 5, 2018 by ajzima32 . Filename matches how Thug's camp titles files.",3:07,,"Oct. 5, 2018",OG File,High Quality,https://imgur.gg/f/G6m6HBj
SUPER SLIMEY,"Ty Dolla $ign - Don't Sleep [V1]
(feat. Future & 24HRS) (prod. MIKE DEAN & Southside)","OG Filename: Ty$ feat. Future & 24HRS - Dont.Sleep.rough.1
OG Version of Don't Sleep On Me by Ty$",4:34,"Apr. 21, 2017","Mar. 9, 2026",OG File,CD Quality,https://pillows.su/f/96e2e05a8bdce92eb07b1fcf7343332c
SUPER SLIMEY,"✨ Chance The Rapper - My Peak
(feat. Future & King Louie) (prod. Cicero & Southside)","Bought as an instant purchase from Music Mafia and leaked immediately after purchase by /u/Foles_Super_Bowl_MVP on May 6, 2018.",3:15,,"May. 6, 2018",Full,High Quality,https://imgur.gg/f/MFhRuwh
SUPER SLIMEY,"Young Thug - Pink [V1]
(prod. Southside)","OG Filename: Young Thug - Pink
Original solo Young Thug version of """"Pink"""". OG file leaked on June 13, 2023.",3:07,2017,"Jun. 13, 2023",OG File,CD Quality,https://imgur.gg/f/4ncjIma
SUPER SLIMEY,"Young Thug - Pink [V2]
(feat. Future) (prod. Southside & Marshmello)",Allegedly from a scrapped Young Thug and Southside collaborative project from 2017.,4:03,,"Jun. 3, 2022",Full,CD Quality,https://imgur.gg/f/Byv9zKI
SUPER SLIMEY,"Fabolous & Jadakiss - Stand Up [V1]
(feat. Future) (prod. Reazy Renegade)","Leaked on LEAKED.CX on May 30, 2024. This OG version is identical to the released, except it has a full Future verse at the end which is not present on the official. The file that leaked has 'Music Mafia' tags over the verse but I believe these were edited in by someone else, and definitely not Music Mafia themselves, as they have been defunct since 2018.",4:39,,"May. 30, 2024",Full,CD Quality,https://imgur.gg/f/XAxf8lQ
SUPER SLIMEY,"Meek Mill - These Scars [V1]
(feat. Future & Guordon Banks)","OG Filename: Meek Mill feat. Guordon Banks & Future - THESE SCARS - MW MIX V 1.1
OG version of These Scars by Meek Mill released on his 2017 album ""Wins & Losses"".",3:14,,"Mar. 9, 2026",OG File,CD Quality,https://pillows.su/f/9513095720aabfd060daccf1e40703fe
SUPER SLIMEY,"Southside - Yellow Tape [V1]
(feat. Future) (prod. Southside)
(Maserati)","Previously previewed by Southside in 2017 and leaked on LEAKED.CX on Feb. 9, 2023. Features the same vocals as (V2), but with a different, less complete/emptier sounding instrumental ",3:54,,"Feb. 9, 2023",Full,High Quality,https://imgur.gg/f/fpEkAsA
KOLORBLIND,"🗑️ Blue
(prod. Leandro Hidalgo?)","OG Filename: Fut.Wiz blue (88) THE POOL 24JUL
Snippet posted by El Gusto in 2023. Unfinished mumble demo. Filename implies it was made in the same session as Red Bottoms. Made in a session with WizKid.",1:06,"Jul 24, 2017","Mar 21, 2026",OG File,CD Quality,https://imgur.gg/f/LIpvwkL
KOLORBLIND,"Red Bottoms
(prod. ???)","OG Filename: Fut.Wiz iconic11 (130) THE POOL 24JUL
Leaked randomly on LEAKED.CX by ""don osiris"" alongisde 6 other songs, on Feb. 11, 2026. Filename implies it was made in the same session as Blue. OG file leaked by flab on May 20, 2026.",2:29,"Jul 24, 2017","May 20, 2026",OG File,CD Quality,https://imgur.gg/f/jFMAoaW
KOLORBLIND,"DJ ESCO - Xotic [Clean]
(feat. Future, Young Thug & Rich The Kid) (prod. DJ ESCO)
(Xotic Drugs)","OG Filename: Future ft. Young Thug & Rich The Kid - Xotic Drugs SUPERCLEAN
OG file for a censored master of ""Xotic"". The filename lists it as Future's song but it was exported shortly before the mixtape released so it's probably still ESCO's and this just indicates Future is the primary artist for the track. Originally titled ""Xotic Drugs"".",2:56,"Apr 10, 2018","Mar 1, 2026",OG File,Lossless,https://pillows.su/f/acb395742e0d3eb1689750ed0f22674c
KOLORBLIND,"Wizkid - Everything
(feat. Future) (prod. Shizzi)
(Everytime)","OG Filename: Wiz x Future -Everything boost
Slightly extended rough bounce of Wizkid's song ""Everytime"" featuring Future. Leaked by flab in Future Tracker 2.0 alongside several others.",4:09,,"Mar 20, 2026",OG File,High Quality,https://pillows.su/f/d58b29f1acd56b22ec9f74281455db55
KOLORBLIND,Unknown [Wizkid Collaborations],"Wizkid and Future reportedly recorded multiple tracks together, one of which being the released track ""Everytime"". Wizkid announced on Twitter that they had ""some heat on the way."" In July 2017, Future confirmed in a now-deleted interview with Dizzim Online that they had a ""gang of records"" together. These were most likely recorded sometime in early 2017.",,2017,,Confirmed,Not Available,https://x.com/wizkidayo/status/859162565460410368
SUPERFLY,"No Shame [V1]
(feat. PARTYNEXTDOOR) (prod. Watt & Happy Perez)","Leaked on LEAKTH.IS by jurrwensky on Aug 28, 2018. Contains an extra PARTYNEXTDOOR verse.",3:31,,"Aug. 28, 2018",Full,CD Quality,https://imgur.gg/f/bffV0vI
BEASTMODE 2,"BREATHE BETTER
(prod. TOPFLR & PARTYNEXTDOOR)","Snippet leaked on LEAKTH.IS by mikepence (the user) on Nov. 7, 2020. Uses the same instrumental as PARTYNEXTDOOR'S 2017 'Cartier' which featured Jadakiss.",,,"Nov. 7, 2020",Snippet,CD Quality,
BEASTMODE 2,"✨ CHASE A CHECK
(prod. Zaytoven)","Leaked on LEAKED.CX on Jun. 19, 2024.",2:37,,"Jun. 19, 2024",Full,CD Quality,https://imgur.gg/f/7VUdslT
BEASTMODE 2,"✨ DOPE FIEND
(prod. Zaytoven)","Leaked on LEAKED.CX on Jun. 1, 2024. Likely from 2017/2018, but the file that leaked has the year as 2014. ",3:04,,"Jun. 1, 2024",Full,CD Quality,https://imgur.gg/f/ixFmCbg
BEASTMODE 2,"🎖️ EVERYTHING
(feat. Miley Cyrus) (prod. Charlie Heat)","Snippet leaked on LEAKTH.IS by dj asscheeks on Jul. 15, 2020. Miley Cyrus does not have a verse, she is only present on the chorus.",,,"Jul. 15, 2020",Snippet,CD Quality,
BEASTMODE 2,GOT ME LIT UP,"Previewed by Eliantte on Aug. 7, 2018.",,,"Aug, 7, 2018",Snippet,Low Quality,
BEASTMODE 2,"IN TOO DEEP
(feat. Young Thug)","Previewed on Future's Snapchat FBGBOSS on Sep. 5, 2018",,,"Sep. 5, 2018",Snippet,Low Quality,Link
BEASTMODE 2,"⭐️ JUNKIES IN THE HALLWAY
(prod. Zaytoven)","Leaked on Dec. 6, 2022. A snippet was leaked by PRIVATE in 2019. From BM2 early sessions as the instrumental was tagged Fall 2016.",2:41,,"Dec 6, 2022",Full,CD Quality,https://imgur.gg/f/hsHcx5S
BEASTMODE 2,"✨ JUST GET THIS MONEY
(prod. Zaytoven)","Leaked on LEAKED.CX on Jun. 21, 2024. Recorded in 2016.",3:03,,"Jun. 21, 2024",Full,CD Quality,https://imgur.gg/f/xkJfjwc
BEASTMODE 2,"LOOKIN' ON US
(prod. Young Chop)",No information available.,,,2018,Snippet,Low Quality,Link
BEASTMODE 2,"MORE THINGS
(feat. Kodak Black)
(futurexkodak1)",Sold on TheSource.to. No other information available.,,,,Snippet,CD Quality,
BEASTMODE 2,"⭐️ ON PURPOSE
(prod. Zaytoven)","Leaked on LEAKTH.IS by Shego on Sep. 4, 2020. This song had a snippet leaked by PRIVATE in 2019, however it was untitled at the time.",3:04,,"Sep. 4, 2020",Full,CD Quality,https://imgur.gg/f/JYLSJBr
BEASTMODE 2,OUTTA HERE,Previewed by @stevewiebe in 2018.,,,2018,Snippet,Low Quality,Link
BEASTMODE 2,"🎖️ PINK MOLLY
(feat. Playboi Carti) (prod. Metro Boomin & DJ Chopsquad)
(BIG MOLLY, MOLLY)",Previewed by Metro Boomin in 2018. A later snippet seen Playboi Carti playing the instrumental in 2019. MIght've been a solo Carti song instead of a collab but it's unknown.,,2018,2018,Snippet,Low Quality,"https://music.froste.lol/song/6b7007473ce78abbc722c5a26362d456
https://music.froste.lol/song/416e2cfa6a9360cfd1325065f4a7bb4a
https://music.froste.lol/video/e8549aa3fadd9b4c182ebe2b6841494e"
BEASTMODE 2,"POSSESSED
(prod. Zaytoven)","Leaked on LEAKED.CX on May 19, 2024 after a successful groupbuy. From 2017, likely for BM2.",2:23,,"May. 19, 2024",Full,CD Quality,https://imgur.gg/f/MplDavm
BEASTMODE 2,"THAT'S A CHECK
(feat. Rick Ross) (prod. DY Krazy & Southside)","Released on ""Freebandz Ent""'s YouTube channel & Future's SoundCloud. Dec, 30. 2016.",4:08,2016,"Dec. 30, 2016",Full,High Quality,"https://youtu.be/nezwjuAuFV8?si=ZS05x8M-BUqO9bol

https://imgur.gg/f/d4t2zQx"
BEASTMODE 2,"✨ THAT'S FIRST
(prod. Zaytoven)","Leaked on LEAKED.CX on Nov. 29, 2023 after a successful groupbuy. Recorded in 2017, this song was likely part of the early stages of BM2, AKA the 2016-17 version of the tape.",4:09,,"Nov. 29, 2023",Full,High Quality,https://imgur.gg/f/FoR2gEb
BEASTMODE 2,"✨ TWO WAYS
(prod. Zaytoven)","Leaked on LEAKED.CX on May 18, 2024 after a successful groupbuy. Presumed to be from 2017, but unconfirmed.",4:06,,"May. 18, 2024",Full,CD Quality,https://imgur.gg/f/d3Y34c7
BEASTMODE 2,"Playboi Carti - Big Sticks [V1]
(prod. Metro Boomin)
(King Tut)","OG Filename: Carti x Metro1 2.14.18
Leaked on July 23, 2022. Solo version. Open verse is apparently for Future.",,"Feb 14, 2018","Jul 23, 2022",Full,CD Quality,https://music.froste.lol/song/d5e7e3998bb1ea770184ab9ef4e3b02d
BEASTMODE 2,"🎖️ Playboi Carti - Big Sticks [V2]
(feat. Future) (prod. Metro Boomin)
(King Tut)",Version of Big Sticks with Future. Was considered to be on Die Lit.,,,,Rumored,Not Available,
BEASTMODE 2,"DJ Esco - Bring It Out
(feat. Future & O.T. Genasis) (prod. DJ Esco)","OG Filename: Future ft. Young Thug - BRING IT OUT 040418 SEMI CLEAN
OG File for a version of Bring It Out that censors some curse words. This file is very odd because it marks the feature as being Young Thug but he is not on the song at all. Possibly was meant for him to hop on but that is unknown and unlikely since there's no open on this file. Another possibility is whoever bounced it mistook O.T. for Thug thus putting his name as the feature.",3:32,"Apr 4, 2018","Mar 9, 2026",OG File,Lossless,https://pillows.su/f/12cf369c0b04d1edce475a7d3988bb41
BEASTMODE 2,"Lil Pump - Drug Addict
(feat. Future) (prod. CB Mix)",Seen on a computer screen. The song dropped officially but without Future.,,,,Snippet,CD Quality,https://imgur.gg/f/vx1EYeb
BEASTMODE 2,"🗑️ Cher - Everyday People
(feat. Future) (prod. Zaytoven)","Leaked on LEAKED.CX on May 19, 2024 as a bonus after a successful groupbuy. Future only does backing vocals. This song was first previewed in a Gap ad, posted to YouTube by Zaytoven on Sep. 14, 2017, which can be found here. The song is a cover of Sly & The Family Stone's song of the same name. Hootin and Hollerin' Ahh song.",2:33,,"May 19, 2024",Full,CD Quality,https://imgur.gg/f/T5oyPwA
BEASTMODE 2,"Zaytoven - More Realer [V1]
(feat. Future) (prod. Zaytoven)
(Mo Reala)","OG Filename: Copy of Copy of more realer for Zay 48k24b 55.5bpm SETH correct
Original version with a different melody than the release version. Mixed by Seth Firkins.",4:40,,"Feb 7, 2025",OG File,High Quality,https://temp.imgur.gg/f/UFdCzlc
BEASTMODE 2,"Usher & Zaytoven - Stay At Home [V1]
(ref. Future) (prod. Zaytoven)","The original version of ""Stay At Home"" with only Future.",3:24,,"Jul 12, 2025",Full,CD Quality,https://pillows.su/f/606a0cf74093bd3bd90c1ffe00ed9aec
BEASTMODE 2,"Spiff TV - Thinking [V1]
(feat. Future, Bad Bunny & Anuel AA)
(prod. The Runners)
(Thinkin)","OG Filename: Future Bad Bunny Anuel_Thinking mix_(mastered)
OG file of Thinkin by ""Spiff TV"". Leaked by Menace in a mass leak.",4:08,2018,"Mar 9, 2026",OG File,CD Quality,https://pillows.su/f/26b7c6c3d290c83ca4d45113ba203420
WRLD On Drugs,"Afterlife [V3]
(prod. Wheezy & DY Krazy)",Third version of the second solo Future son on WLRD On Drugs. Leaked tagged by sleep in Future Tracker 2.0.,3:36,,"May. 2, 2026",Tagged,CD Quality,https://imgur.gg/f/9FMq7Ct
WRLD On Drugs,"7 A.M. Freestyle [V1]
(with Juice WRLD) (prod. Wheezy)
(Seven A.M., Seven A.M. Freestyle)","OG Filename: seven am freestyle_02 w juice
Earliest available version of 7 A.M. Freestyle. Has rougher mixing and production Leaked in full on February 17th, 2021.",3:02,"Aug. 9, 2018","Feb. 17, 2021",OG File,Lossless,https://imgur.gg/f/ldSnNpW
WRLD On Drugs,"7 A.M. Freestyle [V2]
(with Juice WRLD) (prod. Wheezy)
(Seven A.M., Seven A.M. Freestyle)",Alternate mix proven by filenames.,,,,,,
WRLD On Drugs,"7 A.M. Freestyle [V3]
(with Juice WRLD) (prod. Wheezy)
(Seven A.M., Seven A.M. Freestyle)","OG Filename: Future x JuiceWrld - Seven AM - Tumay Mix 2_01
Another version of 7 A.M. Freestyle. Slightly more developed in comparison to the previous version. Leaked in full on July 15th, 2023.",3:11,,"Jul. 15, 2023",OG File,CD Quality,https://imgur.gg/f/YE0C1r7
WRLD On Drugs,"Astronauts [V1]
(with Juice WRLD) (prod. Bobby Raps & Wheezy)","OG Filename: Astronauts 01_w juice
Version of Astronauts previewed by Juice WRLD on August 24th, 2018. Leaked in full on April 24th, 2021. Has a slightly different mix and an instrumentally extended outro.",2:49,"Aug. 1, 2018","Apr. 24, 2021",OG File,Lossless,
WRLD On Drugs,"Astronauts [V4]
(with Juice WRLD) (prod. Bobby Raps & Wheezy)","OG Filename: Future x JuiceWrld - Astronauts - Mix Notes_04
Version of Astronauts with a quieter vocal mix and a slightly extended runtime. Leaked in full on July 15th, 2023.",2:51,"Aug. 1, 2018","Jul. 15, 2023",OG File,Lossless,https://imgur.gg/f/GdJf2Fl
WRLD On Drugs,"Big Barbie
(feat. Nicki Minaj) (prod. London On Da Track)",Previewed by Nicki Minaj on Instagram in 2021.,,,"Jun. 26, 2021",Snippet,Low Quality,
WRLD On Drugs,By Morning,Previewed on Future's IG on a lost date.,,,,Snippet,Low Quality,
WRLD On Drugs,"Cocky
(prod. Southside)",Previewed on Future's Instagram Story in 2018.,,,2018,Snippet,Low Quality,Link
WRLD On Drugs,"Juice WRLD - Fine China [V2]
(prod. Psymun, SinGrinch & Wheezy)
(Crazy About Mine)","OG Filename: Fine China o Juice_02
Version of Fine China with an open verse for Future. Initially previewed on August 24th, 2018. Leaked in full on April 9th, 2021.",1:55,"Aug. 24, 2018","Apr. 9, 2021",OG File,Lossless,https://imgur.gg/f/uQTC8lt
WRLD On Drugs,"Fine China [V1-V6]
(prod. Psymun, SinGrinch & Wheezy)
(Crazy About Mine)",Alternate mixes proven by filenames.,,,,,,
WRLD On Drugs,"Fine China [V7]
(with Juice WRLD) (prod. Psymun, SinGrinch & Wheezy)
(Crazy About Mine)","OG Filename: Future x JuiceWrld - Fine China - Mix_06
Leaked in full on July 15th, 2023.",2:22,"Oct. 9, 2018","Jul. 15, 2023",OG File,Lossless,https://imgur.gg/f/y9Sd1gn
WRLD On Drugs,"Fine China [V8]
(with Juice WRLD) (prod. Psymun, SinGrinch & Wheezy)
(Crazy About Mine)","OG Filename: Future x JuiceWrld - Fine China - Mix_07
Leaked in full on July 15th, 2023.",2:22,"Oct. 9, 2018","Jul. 15, 2023",OG File,Lossless,https://imgur.gg/f/7s9OdkI
WRLD On Drugs,"For U
(prod. ATL Jacob)",Previewed on Future's Instagram Story in 2018.,,,2018,Snippet,Low Quality,Link
WRLD On Drugs,"⭐ For Your Life (On The Daily)
(with Juice WRLD) (prod. Wheezy)
(Finessin' Hoes)","OG Filename: For Your Life (on the daily w Juice_01)-01
Initially previewed on August 14th, 2018. Leaked on LEAKED.IS by outchrome after a successful groupbuy on Feb. 14, 2021.",3:00,"Aug. 1, 2018","Feb. 14, 2021",OG File,Lossless,https://imgur.gg/f/sfUGExq
WRLD On Drugs,"Hard Work Pays Off [V1]
(with Juice WRLD) (prod. Andrew Watt, Happy Perez & Louis Bell)
(Hard Work)","OG Filename: hard work w juice_02
This song was originally titled ""Hard Work."" Initially previewed and teased on July 24th, 2018. Leaked in full on September 7th, 2021.",3:44,"Jul. 24, 2018","Sep. 7, 2021",OG File,CD Quality,https://imgur.gg/f/6D2ZOa8
WRLD On Drugs,"Juice WRLD - Jet Lag [V1]
(prod. Andrew Watt & Louis Bell)","Solo Juice WRLD version of Jet Lag. Previewed by Juice in an Instagram live on July 24th, 2018.",,"Jul. 24, 2018","Jul. 24, 2018",Partial,Recording,https://imgur.gg/f/TCsrj7Q
WRLD On Drugs,"Jet Lag [V2]
(with Juice WRLD) (prod. Andrew Watt & Louis Bell)","OG Filename: Jet lag w juice.04_01
Originally recorded as a solo Juice WRLD song. Leaked in full on April 4th, 2021.",3:21,"Jul. 24, 2018","Apr. 4, 2021",OG File,Lossless,https://imgur.gg/f/D5U8XBG
WRLD On Drugs,"Jet Lag [V3]
(with Juice WRLD) (prod. Andrew Watt & Louis Bell)","OG Filename: Jetlag - 101118 alt voc-1dB 24bit
Originally recorded as a solo Juice WRLD song. Filename was mispelt when bounced. Leaked in full on May 11th, 2024.",4:34,"Jul. 24, 2018","May. 11, 2024",OG File,Lossless,https://imgur.gg/f/PpzDRTP
WRLD On Drugs,"No Issue [V1]
(with Juice WRLD) (prod. Wheezy)
(Space Cadets)","OG Filename: no issue (space cadets) w juice_06
This track was originally titled ""No Issue (Space Cadets)."" Samples Rosie Lowe's ""Water Came Down."" This song was first teased on October 15th, 2018. Leaked in full on February 17th, 2021.",3:01,"Aug. 12, 2018","Feb. 17, 2021",OG File,CD Quality,https://imgur.gg/f/VgQrEf9
WRLD On Drugs,"✨ Oxy [V2]
(with Juice WRLD) (feat. Lil Wayne) (prod. Richie Souf)","OG Filename: Future x Lil Wayne x Juice WRLD - Oxy - Main Pass.01_05-1
Has Juice vocals unlike release. Leaked in full on September 14th, 2022.",4:03,"Oct. 15, 2018","Sep. 14, 2022",OG File,Lossless,https://imgur.gg/f/1q0mzmk
WRLD On Drugs,"Young Thug - Red Bentley [V1]
(prod. Murda Beatz)
(Gigolo, All Red Bentley)","A demo from Young Thug titled ""Gigolo"" which was repurposed for Juice WRLD and Future's ""Red Bentley"".",3:17,2018,"Jun. 7, 2019",Full,CD Quality,https://imgur.gg/f/GK6jtIX
WRLD On Drugs,"Young Thug - Red Bentley [V2]
(prod. Murda Beatz)
(Gigolo, All Red Bentley)","Alternate version of ""Gigolo"" that reuses Young Thug's vocals from the previous version.",3:03,2018,"Jun. 7, 2019",Full,CD Quality,https://imgur.gg/f/jtyfgg9
WRLD On Drugs,"All Red Bentley [V3]
(feat. Young Thug) (prod. Murda Beatz)
(Red Bentley)","OG Filename: ALL RED BENTLEY_01
Version of Juice WRLD's ""Red Bentley"" found within a Richie Souf / Murda Beatz email sent on September 15, 2018. Contains alternate mixing and lacks Juice WRLD's vocals. Taken from Young Thug's track ""Gigolo"". File was exported on September 15, 2018.",2:46,"Sep. 15, 2018","Jul. 9, 2023",OG File,CD Quality,https://imgur.gg/f/hQCs3oe
WRLD On Drugs,"All Red Bentley [V4]
(with Juice WRLD) (feat. Young Thug) (prod. Murda Beatz)
(All Red Bentley, Gigolo)","OG Filename: All Red Bentley W Thug And Juice
This song originally began as a solo Young Thug track. Initially previewed on October 13th, 2018. Leaked in full on May 4th, 2025.",3:30,"Oct. 13, 2018","May. 4, 2025",OG File,Lossless,https://imgur.gg/f/ESeWYB1
WRLD On Drugs,🎖️ Turn Into Bosses,Seen on an early whiteboard tracklist for the mixtape. No other information is known about the song.,,,,Confirmed,Not Available,
WRLD On Drugs,"Lil Peep - 16 Lines
(feat. Future & Young Thug) (prod. Dylan Cooper, IIVI & Smokeasac)","Lil Peep's label apparently wanted features for his posthumous album ""Call Over When You're Sober, Pt. 2"", Future & Young Thug was picked to hop on the song called ""16 Lines' but Liza Womack, Lil Peep's mom apparently the one who rejected the idea of the album having features.",,,,Confirmed,Not Available,
WRLD On Drugs,"Gunna - Money Don't Change You (Remix)
(feat. Future) (prod. DY Krazy)",Version of Money Don't Change You with a Future verse.,,,"Sep. 7, 2025",Snippet,High Quality,https://imgur.gg/f/eE8BkZH
WRLD On Drugs,"Moneybagg Yo - OKAY (Remix)
(feat. Future & Young Thug) (prod. DY Krazy & Tre Pounds)","Previewed by Young Thug on Oct. 26, 2018.",,,2018,Snippet,Low Quality,
What A Time 2 Be Alive,"20 Hoes [V2]
(with Drake & Young Thug) (prod. Money Beatz & DY Krazy)","Previewed by Future on his Snapchat @FBGBOSS on Mar. 2, 2018 & later again by @nightowlsound (Drake) on May 20, 2020. On March 3, 2018, Future previewed a version of “20 Hoes” on his Snapchat account with Drake which mentions supermodels Kendall Jenner and her younger sister Kylie.
On June 25, 2019, it was discovered that an older version of the track existed after leaking online, featuring vocals from Atlanta artist Young Thug. At first, it was unclear whether Thug’s vocals were completely removed from the track in favor of Drake’s verse. However, in the latest snippet of the song, previewed on May 20, 2020, Thug’s vocals can clearly be heard in ad libs throughout the song.
Drake’s verse drew ire, from his friend turned foe, Kanye West; Ye viewed it as a personal diss towards both himself and Kylie’s boyfriend, Travis Scott, with whom Drake is friends. https://genius.com/a/kanye-west-says-he-warned-drake-not-to-mention-kendall-kylie-jenner-on-an-unreleased-song
A longer portion of the song was later previewed again in an Instagram Live session on May 20, 2020. After receiving backlash, Drake wrote an apology on his Instagram story the next day, notably confirming that the track will never be officially released. 
The recording is basically scrubbed off the face of the internet. So the linked file is a remaster of what it would likely sound like.",,,"Mar. 2, 2018",Full,Recording,https://imgur.gg/f/guXFSGx
What A Time 2 Be Alive,"Drake - ??? [V1]
(feat. Quavo)
(Big Mood)","A throwaway from the 'More Life' sessions. The song was later repurposed with Future to become ""Big Mood"". Snippet leaked online after the song was played at Drake's 31st birthday party. Was posted on Instagram by @ourgenerationco. The song was thought to have been included on the upcoming Migos album ""Culture II"", but wasn't on release.",,"Oct 26, 2017",,Snippet,Low Quality,https://twitter.com/yaboidubbs/status/923682787319836672
What A Time 2 Be Alive,"Drake - ??? [V2]
(feat. Quavo & Baka Not Nice)
(Big Mood)",Allegedly the same as the first demo but with a Baka Not Nice verse., ,,,Rumored,Not Available,
What A Time 2 Be Alive,"✨ Big Mood [V3]
(with Drake)
(Ratatouille)","Leaked after a successful groupbuy. The track was first teased on October 26th, 2017, as ""Ratatouille"", which was repurposed into this version. Leaked July 25th, 2019.",3:02,"Jul 25, 2019",,Tagged,High Quality,https://imgur.gg/f/3JfPqbj
What A Time 2 Be Alive,"⭐ Big Mood [V4] 💎
(with Drake)
(Ratatouille)","An alternate version of ""Big Mood"" was played on July 11th, 2022 on Sound 42's Fri Yiy Radio Show. It features new verses from Drake and Future, as well as some added adlibs and a more finished beat with the melody being more pitched-up. Part of the second verse contains lyrics from ""Can't Take A Joke"", which means it's likely older.",3:47,"Jul 11, 2022",,Full,CD Quality,https://imgur.gg/f/rGcbtDN
What A Time 2 Be Alive,"✨ Desires [V1]
(with Drake) (prod. Noel Cadastre & D. Hill)","Sold for $2500 by Pluto as a groupbuy. Starts with a new Future verse after the intro, which leads to Drake's chorus, which leads to Future's first verse on release, which leads into another new Future verse, which leads to an alternate outro, featuring both Drake & Future.",,,"Jan. 4, 2020",Full,CD Quality,https://imgur.gg/f/o6Wi1An
The WIZRD,"⭐ All I Ever Wanted
(prod. Zaytoven)","Leaked on LEAKED.CX on Mar. 6, 2024.",3:34,,"Mar. 6, 2024",Full,High Quality,https://imgur.gg/f/mmWedwL
The WIZRD,Arrogant,"Previewed on Future's Instagram Story on Feb. 20, 2019.",,,"Feb. 20, 2019",Snippet,Low Quality,Link
The WIZRD,"Bad Timing
(feat. Gunna) (prod. Turbo)",First previewed by Gunna in 2022. Snippet was leaked on LEAKED.CX by GucciTunes,,2018,"Dec 15, 2025",Snippet,CD Quality,https://imgur.gg/f/8JjDRuQ
The WIZRD,Ballin,"Leaked on LEAKED.CX by slimey4L on Aug. 15, 2021.",3:42,,"Aug. 15, 2021",Full,CD Quality,https://imgur.gg/f/YNqtnYG
The WIZRD,"Boom Boom Boom
(prod. Wheezy)
(Championship Ring)","Leaked on LEAKED.CX by slimey4L on Nov. 20, 2021 for Future's birthday.",2:38,,"Nov. 20, 2021",Full,CD Quality,https://imgur.gg/f/XqN3hmj
The WIZRD,Code Of Silence [V1],"Leaked on LEAKED.CX on Dec. 29, 2022. Open verse.",1:46,,"Dec. 29, 2022",Full,High Quality,https://imgur.gg/f/rnv6CB4
The WIZRD,"Crushed Up [V1]
(prod. Wheezy, Matt Cap & Ricky Racks)","OG Filename: Future - CRUSHED UP-mix.1
First mix.",2:36,2018,"Mar. 1, 2026",OG File,CD Quality,https://imgur.gg/f/9F6SJS9
The WIZRD,"Crushed Up [V2]
(prod. Wheezy, Matt Cap & Ricky Racks)","OG Filename: 02 Crushed Up_02
Second mix. This version doesn't have the flanger on the vocals, has a different outro with a Wheezy tag at the end & he says ""I done joined the big league, John Wall."" Instead of ""I just joined the big league, Lonzo."" Leaked by sleep in Future Tracker 2.0.",2:13,2018,"May. 2, 2026",OG File,CD Quality,https://imgur.gg/f/OyOX41k
The WIZRD,"Crushed Up [V4]
(prod. Wheezy, Matt Cap & Ricky Racks)","OG Filename: Crushed Up- v4.1
Fourth mix. Leaked by sleep in Future Tracker 2.0.",2:32,2018,"May. 2, 2026",OG File,CD Quality,https://imgur.gg/f/V64RsYv
The WIZRD,"Damn It's Crazy But It's Tru [V10]
(Prod. Wheezy, Frankie Bash, Distance Decay & Corbin)
(Krazy but True)","OG Filename: 02 Damn Its Crazy But Its Tru_10
Originally had a different title. Leaked by sleep in Future Tracker 2.0.",3:06,,"May. 2, 2026",OG File,CD Quality,https://imgur.gg/f/kB6aACi
The WIZRD,"D4L Freestyle [V1]
(feat. Young Thug & Drake) (prod. Southside)","On the 100 GIGS website, there was cover art for ""D4L"", which was titled ""D4L Freestyle"" at that time, which was made in March 2018. Seemingly Future's song, who is also credited as the lead artist on the ""Dark Lane Demo Tapes"" version of the song. Likely intended for release at the time but did not for unknown reasons.",,,,Confirmed,Not Available,
The WIZRD,Different Colors,"Previewed by Future on May 19, 2019.",,,"Feb. 20, 2019",Snippet,Low Quality,Link
The WIZRD,"✨ Eat Dat Up [V1]
(feat. Lil Keed) (prod. Richie Souf)
(Eat That Up)","Leaked on LEAKTH.IS by ferda boys on Feb. 5, 2020.",2:28,,"Feb. 5, 2020",Full,CD Quality,https://imgur.gg/f/RiUDJRA
The WIZRD,"Eat That Up [V2]
(feat. Lil Keed & ???) (prod. Richie Souf)
(Eat Dat Up)","OG Filename: Future- Eat That Up x Lil Keed.dubrough
Features an unknown artist in the middle of the song not present in the first version. Leaked in the 2tb Roc Nation folder on Mar 14, 2026.",2:56,2019,"Mar 14, 2026",OG File,CD Quality,https://imgur.gg/f/EiACvyl
The WIZRD,Favor For Us,Previewed on @mikeysynphony's Instagram Story in 2019.,,,2019,Snippet,Low Quality,Link
The WIZRD,"First Off [V1]
(feat. Travis Scott) (prod. ATL Jacob)","Leaked in the LEAKTH.IS Discord by Sein on Apr. 14, 2019. Features a super rough, completely unmastered and non-autotuned Travis verse where his verse is on release. A good bounce leaked on June 14, 2023. Recorded on October 14, 2018.",3:48,"Oct. 14, 2018","Apr. 14, 2019",Full,CD Quality,https://imgur.gg/f/PSwcg4W
The WIZRD,"First Off [V2]
(feat. Travis Scott) (prod. ATL Jacob)","OG Filename: Future - FIRST OFF-mix.1
Not drastically different from the final by any means, just features a different Travis lyric in the form of ""you let the kid get to your soul, it's fucking up your image"" and the ""Harden with the finish"" line isn't entirely complete. Leaked a few hours before the official release. Recorded on October 14, 2018. OG file leaked on LEAKED.CX by drag.",3:52,2019,"Jan. 18, 2019",OG File,CD Quality,https://imgur.gg/f/e3WTXLZ
The WIZRD,"First Off [V3-V5]
(feat. Travis Scott) (prod. ATL Jacob)",Alternate mixes proven by filenames.,,,,Confirmed,Not Available,
The WIZRD,"First Off [V6]
(feat. Travis Scott) (prod. ATL Jacob)","OG Filename: first off w Travis Scott- v6_01
Better mix; otherwise identical to V2. Dated November 29, 2018. Leaked October 31, 2022. Recorded on October 14, 2018.",3:54,"Oct. 14, 2018","Oct. 31, 2022",OG File,CD Quality,https://imgur.gg/f/9NmcdMj
The WIZRD,Fuck The Opps,"Previewed on Future's Instagram Story on Mar. 21, 2019.",,,"Mar. 21, 2019",Snippet,Low Quality,Link
The WIZRD,Franklin In Your Purse,Previewed on Future's Instagram Story in 2019.,,,2019,Snippet,Low Quality,Link
The WIZRD,Gang Signs,"Previewed by Future on May 25, 2019 and again on Feb. 1, 2020.",,,"May 25, 2019",Snippet,Low Quality,Link
The WIZRD,"✨ Goin Dummi [V1]
(prod. PVLACE & Wheezy)",Leaked by ReNotifyy. Features an extra (3rd) Future verse.,3:41,,,Full,High Quality,https://imgur.gg/f/84tXKCZ
The WIZRD,"Goin Dummi [V4]
(prod. PVLACE & Wheezy)","OG Filename: 09 Goin Dummi_04
Leaked by sleep in Future Tracker 2.0.",3:42,,"May. 2, 2026",OG File,CD Quality,https://imgur.gg/f/JNVCO9b
The WIZRD,Hood Bitch,"Previewed on Future's Instagram Story on May 14, 2019.",,,"May 14, 2019",Snippet,Low Quality,Link
The WIZRD,🗑️ Horn,Leaked in Future Tracker 2.0 by void. Might possibly be the worst Future song of all time.,3:58,,"Mar 23, 2026",Full,CD Quality,https://pillows.su/f/b94544169f977d98f81273f707b5ffbe
The WIZRD,Loaded It Up,"Previewed on Future's Instagram Story on May 2, 2019.",,,"May. 2, 2019",Snippet,Low Quality,Link
The WIZRD,Love Me,Previewed on Future's Instagram Story in 2019.,,,2019,Snippet,Low Quality,Link
The WIZRD,Made My Heart Cold,"Previewed on Future's Instagram Story on Apr. 8, 2019",,,"Apr. 8, 2019",Snippet,Low Quality,Link
The WIZRD,"Mama Don't Worry [V1]
(prod. ATL Jacob)
(Future X 1, Momma Don't Worry)","OG Filename: MommaDontWorry_FabeMix1
Leaked on LEAKED.CX on Jun. 17, 2024. The first snippet was leaked by TheSource on Dec. 24, 2020 as 'Future X 1'. OG file leaked on Jul. 30, 2024, and having a bounce date of Dec. 2, 2018.",3:50,"Dec. 2, 2018","Jun. 17, 2024",OG File,Lossless,https://imgur.gg/f/x3RPagn
The WIZRD,"Mama Don't Worry [V2]
(prod. ATL Jacob)
(Future X 1, Momma Don't Worry)","Leaked on LEAKED.CX on Jul. 30, 2024, with the metadata of the file having the year as 2019, making this V2. Features alternative mixing and a slightly different outro.",3:49,2019,"Jul. 30, 2024",Full,CD Quality,https://imgur.gg/f/dp5I1MG
The WIZRD,"✨ Moonrock
(prod. Tasha Catour)",Surfaced the same day as SNOW IN SKYAMI. Probably from 2018.,2:18,,"Oct. 25, 2025",Full,CD Quality,https://imgur.gg/f/SkkZ1uK
The WIZRD,"My Equal
(prod. ATL Jacob & Richie Souf)","Previewed on Future's Instagram Story on Apr. 8, 2019",,,"Apr. 8, 2019",Snippet,Low Quality,Link
The WIZRD,My Frustration,Previewed on Future's Instagram Story in 2019.,,,2019,Snippet,Low Quality,Link
The WIZRD,"Never Stop [V1]
(prod. ATL Jacob & Billboard Hitmakers)","OG Filename: Future - NEVER STOP-mix.1
First mix.",4:55,,"Mar. 1, 2026",OG File,CD Quality,https://imgur.gg/f/t8sGQtQ
The WIZRD,"Never Stop [V2-V3]
(prod. ATL Jacob & Billboard Hitmakers)",Alternate mixes proven by filenames.,,,,Confirmed,Not Available,
The WIZRD,"Never Stop [V4]
(prod. ATL Jacob & Billboard Hitmakers)","OG Filename: Future - NEVER STOP-update.4
Fourth mix.",4:55,2019,"Mar. 1, 2026",OG File,CD Quality,https://imgur.gg/f/wql7Gai
The WIZRD,"Nvr Slip*
(prod. ATL Jacob)
(Never Slip)","Tagged snippet leaked in Future Hub on June 13, 2026.",3:06,2018,"June 13, 2026",Snippet,High Quality,https://pillows.su/f/e776fe32da5ec8948d7291fb330c2dbf
The WIZRD,"✨ Pass The Plate
(feat. 2 Chainz)","Leaked on LEAKTH.IS by jencarlos on Feb. 8, 2020. Song was recorded in 2019.",2:59,2019,"Feb. 8, 2020",Full,CD Quality,https://imgur.gg/f/6JItAfy
The WIZRD,"Promise You That [V1]
(prod. Tay Keith, Detail, Dre Moon, VanRiper, Westen Weiss & FXXXXY)
(Promise U That)","OG Filename: Future - PROMISE YOU THAT-Update.1
First mix. Originally titled ""Promise You That"".",3:28,2019,"Mar. 1, 2026",OG File,CD Quality,https://imgur.gg/f/0QTJywe
The WIZRD,"Promise U That [V7]
(prod. Tay Keith, Detail, Dre Moon, VanRiper, Westen Weiss & FXXXXY)
(Promise You That)","OG Filename: promise u that- v7
Leaked by sleep in Future Tracker 2.0.",3:27,"Jan 7, 2019","May. 2, 2026",OG File,High Quality,https://imgur.gg/f/lQZhdhc
The WIZRD,"⭐️ Ride for Me or What
(prod. Richie Souf)","OG Filename?: ride for me or what 76bpm_01
Leaked by void on LEAKED.CX.",1:54,2017,"Mar 26, 2026",Full,High Quality,https://imgur.gg/f/Mln6b4d
The WIZRD,"Rocket Ship [V2]
(prod. ATL Jacob)","
Leaked tagged by sleep in Future Tracker 2.0.",1:56,2018,"May 2, 2026",Tagged,CD Quality,https://imgur.gg/f/cUkNiSD
The WIZRD,🏆 Shorty My Twin ,"Snippet previewed on Future's IG story on Jan. 24, 2019. Uses the same beat as Lil Durk's first version of Computer Love.",,,"Jan. 24, 2019",Snippet,Low Quality,https://imgur.gg/f/6f3UNvI
The WIZRD,"Shine Like Diamonds
(with NoCap) (prod. Will-A-Fool)","Leaked on LEAKED.CX on May 7, 2022. Open verse. From 2018, same session as 'Washing Machine'.",4:10,2018,"May. 7, 2022",Full,High Quality,https://imgur.gg/f/nKN7l0e
The WIZRD,"Stick to the Models [V1]
(prod. ATL Jacob, Jambo & Metro Boomin)","OG Filename: Future - STICK TO THE MODELS-mix.1
First mix.",3:21,2018,"Mar. 1, 2026",OG File,CD Quality,https://imgur.gg/f/ilBAED0
The WIZRD,Soon As They See U,"Previewed by Future on Apr. 19, 2019.",,,"Apr. 19, 2019",Snippet,Low Quality,Link
The WIZRD,"Spaceship
(feat. Digdat)","Previewed on Digdat's Instagram Story (@_digdat.8) on May 27, 2019.",,,"May. 27, 2019",Snippet,Low Quality,Link
The WIZRD,"Lil Freaky - Stripez
(feat. Future) (prod. DY Krazy)","Master file of the album version of track 5 off ""Before the Big Spill"". Leaked in the 2tb Roc Nation folder on Mar 14, 2026.",3:11,"Dec 19, 2017","Mar 14, 2026",Full,High Quality,https://imgur.gg/f/Hqci45z
The WIZRD,"Thug's Poem
(feat. Young Thug) (prod. Wheezy)","Info accidentally leaked by the album's cover artist on their website displaying work done for the tracklist insert for vinyl releases. Weirdly, the song features Young Thug but does not credit him as a writer. Could potentially be a solo Thug interlude. Produced by Wheezy according to writing credits.",,,2019,Confirmed,Not Available,Link
The WIZRD,"Temptation [V10]
(prod. Tay Keith)",Leaked by sleep in Future Tracker 2.0.,2:49,,"May. 2, 2026",Full,CD Quality,https://imgur.gg/f/qWQXg9g
The WIZRD,"??? - Trickin [V1]
(feat. Future & Gucci Mane) (prod. Jahlil Beats)","OG Filename: 6.trickin ft. future x gucci (open verse)
Open verse demo of which Future's verse was repurposed for Trae Tha Truth's ""Tricken Every Car I Get"". Filename implies Future & Gucci Mane are features on the song, however, the second version of the track seems to be Future's. It is possible this track was intended for Free Bricks 1/2, a Roc Nation tape, or a Jahlil Beats tape. Leaked in the 2tb Roc Nation folder on Mar 14, 2026.",3:25,,"Mar 14, 2026",Full,High Quality,https://imgur.gg/f/0RyBCds
The WIZRD,"Trickin [V2]
(feat. Casanova & Gucci Mane) (prod. Jahlil Beats)","OG Filename: 01 Future x guccix casanova x jahlil
Same as the previous version with the open verse filled by Casanova. Leaked in the 2tb Roc Nation folder on Mar 14, 2026.",2:47,2018,"Mar 14, 2026",Full,High Quality,https://imgur.gg/f/WDN2mtI
The WIZRD,"Tricks on Me [V1]
(prod. Nineteen85)","OG Filename: TricksOnMe_FabeMix1ref
Leaked by sleep in Future Tracker 2.0.",4:24,,"May 2, 2026",OG File,CD Quality,https://imgur.gg/f/uVdewDL
The WIZRD,"✨ Tsunami [V1]
(prod. Wheezy)","Snippet leaked on LEAKTH.IS by DGX on Aug. 24, 2020. Features 'more' (most likely 1) extra Future verse. Unknown when the song leaked. Future's verse was later reused on track 8 on DJ Snake's album 'Tsunami (feat. Future & Travis Scott)', released Nov. 7, 2025.",2:37,,"Aug. 24, 2020",Full,CD Quality,https://imgur.gg/f/HoWt1SO
The WIZRD,"🗑️ Tsunami [V2]
(feat. Richie Billions) (prod. Wheezy)","Leaked on YouTube by Richie Billions himself on Jan. 18, 2019. Richie Billions most likely purchased an open verse version or a Future verse and slapped himself on the track as well. Richie's verse fucking sucks.",3:26,,"Jan. 18, 2019",Full,High Quality,https://imgur.gg/f/fcbJ1fw
The WIZRD,"Washing Machine
(with NoCap) (prod. Will-A-Fool)","Leaked on LEAKED.CX on Feb. 10, 2024. From 2018, same session as 'Shine Like Diamonds'.",1:58,,"Feb. 10, 2024",Full,CD Quality,https://imgur.gg/f/DjXgSzU
The WIZRD,Way Way Out,"Snippet previewed on Future's IG story on Feb. 7, 2019.",,,"Feb. 7, 2019",Snippet,Low Quality,Link
The WIZRD,"✨ Who Knew
(prod. TrellGotWings)","Leaked on LEAKED.CX by chikibiki on Jun. 29, 2021. Recorded on Jun. 5, 2019.",3:12,,"Jun. 29, 2021",Full,High Quality,https://imgur.gg/f/jIwKrKK
The WIZRD,"✨ You'll Never Understand
(prod. Narquise)
(From Another Planet, You'll Never Understand It)","Leaked on LEAKED.CX by Slixx56 on Jun. 29, 2021. Recorded Jun. 4, 2019.",1:49,"Jun. 4, 2019","Jun. 29, 2021",Full,High Quality,https://imgur.gg/f/K7zAelg
The WIZRD,"???
(prod. Metro Boomin)
(Metropolis)","Leaked on LEAKED.CX on Jun. 17, 2024. Song is from March 2018, and is untitled, but leaked under the name 'Metropolis'. Song has only 1 verse, and the rest is open beat.",4:40,March 2018,"Jun. 17, 2024",Full,CD Quality,https://imgur.gg/f/ncfGzQ0
The WIZRD,"🎖️ Titan*
(prod. Teddy Walton)
(Fishtank)",Previewed by @teddywalton in March 2018. It is rumoured that it was supposed to be a feature for The Weeknd's album. inDe_eD's personal grail.,,,March 2018,Snippet,Low Quality,Link
The WIZRD,???,"Previewed on Future's Instagram Story on Feb. 9, 2019.",,,"Feb. 9, 2019",Snippet,Low Quality,Link
The WIZRD,"6LACK - EA Love Letter
(feat. Future)","Appeared as track 3 on one of the first EALL tracklist drafts, this version later leaked in a mass leak with differences throughout and extra vocals from Future. ",4:00,,"Mar. 9, 2026",Full,High Quality,https://pillows.su/f/5977b9f895f5336aea486e175b7878a5
The WIZRD,"Yung Bans - Going Wild [V1]
(feat. Future) (prod. Jenius, Ian Jeffrey Thomas, WondaGurl & Bugz Ronin)","Leaked on LEAKTH.IS on Apr. 1, 2019. Features Future doing background vocals during Yung Bans' verse, as well as the chorus and post-chorus.",2:14,,"Apr. 1, 2019",Full,High Quality,https://imgur.gg/f/PlwxfkP
The WIZRD,"XXXTENTACION - I don't let go [V1]
(feat. Future) (prod. John Cunningham)",Original version of I don't let go was meant to feature Future as Shogani leaked an image showing what certain SKINS tracks were gonna have featured. Was most likely never recorded. ,,,,Rumored,Not Available,
The WIZRD,"Ty Dolla $ign - Lift Me Up [V1]
(feat. Future & Young Thug) (prod. DY Krazy)","Leaked on LEAKTH.IS by 2012HD on Oct. 25, 2020. Recorded in 2017. Features an alternate instrumental, a shortened Future verse, alternate outro, and slight lyric changes throughout, as well as extra adlibs from him.",3:37,2017,"Oct. 25, 2020",Full,CD Quality,https://imgur.gg/f/wh6FGT6
The WIZRD,"YNW Melly - Loving My Life [V1]
(feat. Future) (prod. ProdbyOSM, Savion, Yung Shad & Yarico Beats)","Known to exist, this version features a verse from Future.",,,,Confirmed,Not Available,
The WIZRD,"Rich The Kid - Small Things (Remix)
(feat. Future)",Leaked sometime in 2019. Features a verse from Future.,3:07,,2019,Full,High Quality,https://imgur.gg/f/VRKBtPN
The WIZRD,"Young Thug - Sup Mate [V1]
(feat. Future) (prod. DY Krazy & ATL Jacob)","Young Thug mentioned that the song 'Sup Mate' was actually just a cut up 20 minute freestyle he did with Future, meaning there is likely a bounce of the full 20 minutes freestyle.",,,,Confirmed,Not Available,
The WIZRD,"Lil Gotit - Yeah Yeah [V1]
(feat. Future & Lil Keed) (prod. David Morse & DMC Global)
(Codeine)","OG Filename: Future x gotit x keed- codiene.dublux
Leaked on LEAKTH.IS by Limbus2 on Feb. 19, 2020 under the title 'Codeine'. Features alternate mixing.",4:17,,"Feb. 19, 2020",OG File,CD Quality,https://imgur.gg/f/efYQrXA
SAVE ME,"⭐ All My Bitch Rockin (Vintage Celine)
(with Gunna) (prod. D. Hill)
(Vintage Celine)","OG Filename: All My Bitch Rockin (vintage celine) w Gunna
Leaked on LEAKED.CX on Nov. 27, 2023. It was originally previewed on Future's Instagram Story on Jul. 30, 2019, and again on Gunna's Instagram Story on Mar. 8, 2021. It was recorded/bounced on June 9, 2019.",2:13,"June 9, 2019","Nov. 27, 2023",OG File,Lossless,https://imgur.gg/f/a7qUBFQ
SAVE ME,"All These Years [V1]
(prod. DY Krazy)","Previewed on Future's Instagram story on Oct. 5, 2019.",,,"Oct. 5, 2019",Snippet,Low Quality,Link
SAVE ME,"✨All These Years [V2]
(prod. DY Krazy)","OG Filename: Pluto all these years Krazy Mix
One of the oldest Future grails. Some takes are seemingly re-recorded and this version features an unheard verse instead.",1:33,,"May. 15, 2026",OG File,CD Quality,https://pillows.su/f/68a428e3a76b1b0adc400a30607909df
SAVE ME,"✨ Comin Home
(prod. ???)","Leaked on LEAKTH.IS by jencarlos on Feb. 9, 2020. Song was allegedly recorded in 2019. Could be from The WIZRD era.",3:21,2019,"Feb. 9, 2020",Full,High Quality,https://imgur.gg/f/4Of5dC4
SAVE ME,"✨ Coupe
(feat. Lil Marlo & Herion Young) (prod. DY Krazy)
(Heist)","OG Filename: Pluto coupe Krazy mix 1
Previewed on Future's Instagram Story on Oct. 12, 2019 and Oct. 30, 2019. CDQ Snippet posted by Zodd on Oct. 4th, 2025. Later leaked on May 15th, 2026.",2:56,,"May. 15, 2026",Full,CD Quality,https://pillows.su/f/760bf157ed276eeb2c1afdf658b475db
SAVE ME,"Covered In Blood
(prod. FXXXXY)","Leaked on Jul. 6, 2023.",3:11,,"Jul. 6, 2023",Full,CD Quality,https://imgur.gg/f/cK1MVAu
SAVE ME,"Diamonds Shinin'
(feat. Meek Mill)","Previewed on Meek Mill's Instagram Story on Sep. 3, 2019.",,,"Sep. 3, 2019",Snippet,Low Quality,
SAVE ME,"✨ Die For Me [V1]
(prod. ???)","Solo demo of Post Malone's song of the same name. Leaked on LEAKED.CX on Jun. 17, 2024. The first snippet was leaked on LEAKED.CX by Krispy Shop on May 8, 2024. Features a different but similar instrumental, Future on all the hooks (on the official they are done by Post Malone, in which the 2nd chorus Future has some adlibs & the 3rd one is solo Future) and 1 new Future verse. The first verse in this version is the exact same as Future's verse from the official (which is verse 2). The outro is similar, but slightly different, and once again is performed by Future instead of Post Malone & Halsey.",3:22,,"Jun. 17, 2024",Full,CD Quality,https://imgur.gg/f/9yOLVeg
SAVE ME,"Off Her Nose
(prod. DJ Clue)","Previewed on Future's Instagram Story on Aug. 2, 2019.",,,"Aug. 2, 2019",Snippet,Low Quality,Link
SAVE ME,Plot On Me,No information available.,,,"Aug. 29, 2019",Snippet,Low Quality,Link
SAVE ME,"Roll Up A Blunt
(prod. Metro Boomin)",Previewed on Metro Boomins Instagram Story in 2019.,,,2019,Snippet,Low Quality,Link
SAVE ME,Savage Life,Previewed on Future's Instagram Story.,,,,Snippet,Low Quality,
SAVE ME,"🏆 Vacation
(prod. D. Hill)","Previewed on Future's Instagram Story on Sep. 13, 2019. Holy grail. Later revealed it has an open verse.",2:45,,"Sep. 13, 2019",Snippet,Low Quality,Link
SAVE ME,"???
(prod. Tasha Catour)","Previewed on Future's Instagram Story on Jul. 9, 2019. CDQ Snippet was posted by drag on Jan. 29, 2026. ",,,"Jul. 9, 2019",Snippet,Low Quality,Link
SAVE ME,"⭐️ Young Thug - Pink [V3]
(feat. Future) (prod. Marshmello & Southside)","OG Filename: PINK 2.5/ Marshmello/Southside/Thug/Future
Version from 2019 with additional production from Marshmello.",4:03,,"Feb. 9, 2023",OG File,CD Quality,https://imgur.gg/f/cYWwOm2
SAVE ME,"Guap Tarantino - Pop Out the Hood [V1]
(feat. Future) (prod. D. Hill)
(Very Begin)","OG Filename: pop out the hood - Future x Guap x Open V
Early version of 'Very Begin' by Guap Tarantino with an open verse in place of Lil Wookie. Era unconfirmed.",3:16,2019,"Jun 2, 2026",OG File,CD Quality,https://pillows.su/f/5cfeb1231b0cba4aca5476ca53830892
SAVE ME,"Playboi Carti - Teen X [V1]
(prod. Maaly Raw)
(X Files)","Original solo version of ""Teen X"" at the time called ""X Files"" with an alternate verse instead of Future, and a Maaly Raw tag. Teased by Ken Carson on Twitter in June of 2020 saying ""You'll see Teen X but not from me"". Leaked after a successful groupbuy. Uses the same beat as ""Green Light"" by Lil Yachty.  From January, as Hogan had showed someone a document confirming the song was from early 2019.",3:30,"Jan ~, 2019","May 27, 2023",Full,CD Quality,https://imgur.gg/f/2PCIJfJ
F.B.G. The Album,All These Stacks On Me,Previewed on Instagram by @spikejordan in 2019.,,,2019,Snippet,Low Quality,Link
F.B.G. The Album,"Another One
(feat. Lil Baby)","Previewed on Lil' Baby's Instagram Story on Jan. 26, 2020.",,,"Jan. 26, 2020",Snippet,Low Quality,Link
F.B.G. The Album,Big Check,"Previewed on Richie Souf's Instagram Story on Dec. 11, 2019.",,,"Dec. 11, 2019",Snippet,Low Quality,
F.B.G. The Album,"I Got Cake [V1]
(prod. Mike WiLL Made-It)","Previewed by Future on an IG Livestream with Mike WiLL Made-It, and again on Mar. 24, 2021.",,,"Mar. 25, 2020",Snippet,Low Quality,Link
F.B.G. The Album,"I Got Cake [V2]
(prod. Mike WiLL Made-It)",Seen on a computer screen during an IG Livestream with Future & Mike WiLL Made-It,,,"Mar. 25, 2020",Confirmed,Not Available,
F.B.G. The Album,🏆 Lose All My,"Song is a homage to Juice WRLD. It was previewed on Future's Instagram Story on Dec. 10, 2019, just two days after Juice WRLD passed away.",,,"Dec. 10, 2019",Snippet,Low Quality,Link
F.B.G. The Album,"Movin On
(prod. Richie Souf)
(Sexy)","Previewed on Future's Instagram Story on Mar. 25, 2020.",,,"Mar. 25, 2020",Snippet,Low Quality,Link
F.B.G. The Album,Never Count The Wins,"Previewed on Future's Instagram Story on Mar. 25, 2020.",,,"Mar. 25, 2020",Snippet,Low Quality,Link
F.B.G. The Album,No Problems,"Previewed on Future's Instagram Story on Mar. 25, 2020.",,,"Mar. 25, 2020",Snippet,Low Quality,Link
F.B.G. The Album,Out The Trenches,"Previewed on Future's Instagram Story on Oct. 13, 2019.",,,"Oct. 13, 2019",Snippet,Low Quality,Link
F.B.G. The Album,"Pluto
(prod. Southside)","Previewed on Future's Instagram Story on Dec. 3, 2019.",,,"Dec. 3, 2019",Snippet,Low Quality,Link
F.B.G. The Album,"Raw Fish
(feat. Young Thug) (prod. Mike WiLL Made-It)",Previewed by Future on an IG Livestream with Mike WiLL Made-It.,,,"Mar. 20, 2019",Snippet,Low Quality,
F.B.G. The Album,Tornado,"Previewed on Future's Instagram Story on Mar. 25, 2020.",,,"Mar. 25, 2020",Snippet,Low Quality,Link
High Off Life,Birthday Wars,"Leaked on LEAKED.CX on Sep. 4, 2024. Song is from 2020, unsure if it was recorded post-HOL or not.",2:44,2020,"Sep. 4, 2024",Full,CD Quality,https://imgur.gg/f/BN7joDo
High Off Life,⭐ Change Her Life,"Leaked on LEAKED.CX on Oct. 23, 2023 after a successful groupbuy. Future uses the same flow from 'That's It'.",3:32,,"Oct 23, 2023",Full,High Quality,https://imgur.gg/f/8sNQRzu
High Off Life,"Angel [V1]
(prod. ???)","OG Filename?: Future - Angel - Main Mix V1 JJ
Leaked on LEAKED.CX by stummy on Jun. 24, 2026.",3:09,,"Jun 24, 2026",Full,CD Quality,https://pillows.su/f/03511dc379f54aea6815f6d1da9c27a7
High Off Life,"Angel [V4]
(prod. ???)","OG Filename: Future - Angel V4 JJ 3
Leaked on May 15th, 2026.",3:22,,"May 15, 2026",OG File,CD Quality,https://imgur.gg/f/bVpHPlC
High Off Life,"Brett Montana
(prod. ???)","Leaked on LEAKED.CX by FuckYaBitch on Jun. 3, 2021. Open verse.",3:21,,"Jun. 3, 2021",Full,High Quality,https://imgur.gg/f/Ytn7s75
High Off Life,"Codeine*
(prod. ???)","Previously unheard track that had a tagged snippet leak from seller Duckier VPN Official on May 17, 2026. Is said to be completed by seller. Era unconfirmed.",,,"May 17, 2027",Snippet,CD Quality,https://imgur.gg/f/WndtzOE
High Off Life,"Young Thug - Cars Bring Me Out [V1]
(feat. Future) (prod. Wheezy & Dez Wright)","Original version of ""Cars Bring Me Out"" featuring Future. Features different lyrics from Future. First previewed on March 30, 2021 at Lil Duke's birthday celebration. A ""Slime Language 2"" listening party was held this same day, so the song was presumably not made for the project since it was already completed. The song was also previewed several more times later in the year, suggesting it was in consideration for ""Punk"". Was also considered for Future's album ""I NEVER LIKED YOU"", as it's seen on an old scrapped tracklist.",,2021,"Dec 3, 2022",Partial,Recording,https://imgur.gg/f/RbJP815
High Off Life,"⭐️ Chrome Heart Cross
(with Gunna) (prod. Wheezy)","OG Filename: chromeheart cross- w gunna
Leaked on LEAKED.CX by 4evaslimee on Mar. 23, 2022. First previewed on Nov. 8, 2020. Possibly for Super Slimey 2.",2:31,"Dec. 31, 2020","Mar. 23, 2023",OG File,High Quality,https://imgur.gg/f/h4f5PdF
High Off Life,"✨ Dead Prez
(prod. Mike WiLL Made-It)","OG Filename: Future - Dead Prez - Stevemix
Leaked randomly on LEAKED.CX by ""don osiris"" alongisde 6 other songs, on Feb. 11, 2026.",2:37,2020,"Feb. 11, 2026",OG File,CD Quality,https://imgur.gg/f/1oNfZTF
High Off Life,"Dominican And Colombian
(prod. Richie Souf)","Previewed on Future's Instagram Story on Mar. 25, 2020",,,"Mar. 25, 2020",Snippet,Low Quality,Link
High Off Life,"Enemies*
(with Lil Yachty) (prod. D. Hill?)","Previously unheard track that had a tagged snippet leak from seller Duckier VPN Official on May 17, 2026. Yachty said during his Genius interview on June 12, 2020 that the two recorded three songs. With this likely being the third and final collab from that session. Said to be completed by seller. Era unconfirmed.",,,"May 17, 2026",Snippet,CD Quality,https://imgur.gg/f/gKMWLcl
High Off Life,"Gettin Outta Hand
(feat. Lil Yachty) (prod. ???)","Leaked on Dec. 6, 2022. Likely from 2019/2020 based on other collaborations and sound.",2:49,2019-2020,"Dec. 6, 2022",Full,CD Quality,https://imgur.gg/f/Wr95gtU
High Off Life,"Ghost
(feat. Babyface Ray) (prod. Wheezy)","Leaked on LEAKED.IS by teejayx7 (the user) on Feb. 4, 2021.",1:30,2020,"Feb. 4, 2021",Full,High Quality,https://imgur.gg/f/9laj8N2
High Off Life,"Goin Crazy*
(prod. ???)","Previously unheard track that had a tagged snippet leak from seller Duckier VPN Official on May 17, 2026. Is said to be completed by seller. Era unconfirmed.",,,"May 17, 2026",Snippet,CD Quality,https://imgur.gg/f/E8824LC
High Off Life,"⭐️ Got Her Thirsty
(prod. Southside)","Leaked on LEAKED.CX on Jun. 17, 2024. From late 2019.",2:49,2020,"Jun. 17, 2024",Full,CD Quality,https://imgur.gg/f/baRxhIh
High Off Life,"🎖️ Graduated
(prod. ivmwavy, BLWYRMND & Dre Moon)
(Graduation)","Previewed by Leff (@youngankle) [music video director] on April 10, 2020. A music video was seemingly shot for this song, but the song could not be released due to sample clearance issues.",,,"Apr. 10, 2020",Snippet,Low Quality,https://imgur.gg/f/oAuCgyw
High Off Life,"Hard to Choose One [V2]
(prod. Southside & Ugur Tig)","OG Filename: hard to choose one- v2
Leaked in Future Tracker 2.0 by sleep.",3:13,"Jan 22, 2020","May. 2, 2026",OG File,High Quality,https://imgur.gg/f/yfOf8ei
High Off Life,"Life Is Good [V1]
(prod. D. Hill)","OG Filename: Life Is Good (ROUGH)
Leaked on LEAKED.CX on Apr. 18, 2024. Features an alt mix and is simply just the 2nd half beatswitch with no Drake from the official.",2:19,2020,"Apr. 18, 2024",OG File,CD Quality,https://imgur.gg/f/6tIXn1y
High Off Life,"Midnight Trapping
(feat. Lil' Wookie)","Previewed on Lil' Wookies Instagram Story (@lilwookie_) on May 20, 2020.",,,"May. 20, 2020",Snippet,Low Quality,
High Off Life,"Most Beautiful Design [V1]
(Outerspace, Real Dog)","OG Filename: pluto most beautiful design 6.11.20
Leaked on LEAKED.CX on Jun. 25, 2024. The first snippet was leaked by TheSource on Dec. 24, 2020 as 'Future X 2'. This version is solo Future, and has 2 verses. Later version released with this title.",3:15,2020,"Jun. 25, 2024",OG File,CD Quality,https://imgur.gg/f/pYLbUbN
High Off Life,Nasty,"Snippet previewed by @HndrxxFans on X. Samples ""Turn On the Lights""",,,,Snippet,CD Quality,https://imgur.gg/f/NjKk9qi
High Off Life,"Never Comin' Back To Earth
(feat. Young Thug) (prod. Twysted Genius)","Previewed on Future's Instagram Livestream with @_letho on May 1, 2020.",,,"May. 1, 2020",Snippet,Low Quality,Link
High Off Life,"⭐️ Pop One
(prod. ???)","Leaked randomly on LEAKED.CX by ""don osiris"" alongisde 6 other songs, on Feb. 11, 2026.",2:53,2020,"Feb. 11, 2026",Full,High Quality,https://imgur.gg/f/9k7pi20
High Off Life,"Promotion [V1]
(Gorgeous)","According to Luit, ""Promotion"" was originally a solo Future track made in 2020.",,,,Rumored,Not Available,
High Off Life,"Put It On The Bible
(feat. Babyface Ray, Guap Tarantino & Zona Man) (prod. ATL Jacob)","Leaked on Sep. 18, 2022. Cuts out at 4:15, with a minute of silence at the end.",5:14,,"Sep. 18, 2022",Full,High Quality,https://imgur.gg/f/nZfzyQZ
High Off Life,"Real Shooters
(feat. Problem Child) (prod. DJ Spinz & ATL Jacob)","Previewed by both Future on Problem Child (@problemchild5) on their Instagram Stories on May 25, 2020.",,,"May. 25, 2020",Snippet,Low Quality,
High Off Life,"Send Some Shots [V1]
(feat. Young Thug) (prod. Wheezy)","Previewed on the Instagram Stories of both @younglord & @allmoneyinbh on May 2, 2020. Later brought back during Saudi ¥$ VULTURES sessions. Wheezy likely the one who showed the song to ¥$.",,,"May. 2, 2020",Snippet,Low Quality,https://pillows.su/f/b0b5a1640ed4b49ca50f0105a8503332
High Off Life,"Stuck There
(feat. Lil Wookie & Doe Boy) (prod. ATL Jacob)","Leaked on LEAKTH.IS by Fredo Santana Bandana on Nov. 2, 2020.",2:51,,"Nov. 2, 2020",Full,High Quality,https://imgur.gg/f/8XcaRS1
High Off Life,"The Devil An Opp
(prod. Wheezy)","Previewed on Wheezy's Instagram Story on Apr. 5, 2020.",,,"Apr. 5, 2020",Snippet,Low Quality,Link
High Off Life,"Tycoon [V1]
(prod. DY Krazy)","OG Filename: Future - TYCOON-mix.1
First mix of Tycoon.",3:25,,"Mar 1, 2026",OG File,CD Quality,https://pillows.su/f/a556788ab0b9ac6b1beba09a40c1a585
High Off Life,"⭐ Wheneva U Get Thru 💎
(prod. London)","Leaked on SoundCloud by Propkers on Dec. 23, 2023. Propkers said the OG file was tagged as 2022, but it seems more likely to be from 2020.",2:05,2020,"Dec. 23, 2023",Full,High Quality,https://imgur.gg/f/l8YVH6f
High Off Life,"Woah
(feat. Young Thug) (prod. Jambo & ATL Jacob)","Previewed by Future on an Instagram Livestream with @_letho on May 1, 2020.",,,"May. 1, 2020",Snippet,Low Quality,Link
High Off Life,"⭐️ Yellow Tape
(prod. Southside)","Leaked on LEAKED.CX by chikibiki on Mar. 10, 2022. Allegedly a song for the upcoming 808Mafia tape. It was first previewed on Apr. 7, 2020.",3:54,2020,"Mar. 10, 2022",Full,CD Quality,https://imgur.gg/f/EA5Pwp8
High Off Life,"???
(Fetuccine)","Previewed on Future's IG story on Jan. 31, 2020. Fan-made title.",,,"Jan. 31, 2020",Snippet,Low Quality,
High Off Life,"Roddy Ricch - Cold Heart
(feat. Future) (prod. ATL Jacob)","Leaked on LEAKED.CX on Aug. 29, 2022. Likely from 2019 or 2020.",,,"Aug 29, 2022",Full,CD Quality,https://imgur.gg/f/piZeIi2
High Off Life,"Drake - D4L [V2]
(feat. Future & Young Thug) (prod. Southside)
(D4L Freestyle)","OG Filename: 09 D4L ft. Future & Young Thug - master
Master file for track 3 off Dark Lane Demo tapes. Leaked by flab in Future Tracker alongside several others.",3:09,"Apr 30, 2020","Mar 20, 2026",OG File,Lossless,https://pillows.su/f/6cfd6f5a65ed291f727f47e7c9153410
High Off Life,"Drake - Desires [V2]
(feat. Future) (prod. (prod. D. Hill & Noel Cadastre)","OG Filename: 06 Desires ft. Future - master
Master file for the album version of track 6 off Dark Lane Demo tapes. Leaked by flab in Future Tracker alongside several others.",3:57,"Apr 30, 2020","Mar 20, 2026",OG File,Lossless,https://pillows.su/f/c0b9b6c2db95259fca5ce17a544658e1
High Off Life,"Lil Yachty - Flex Up [V1]
(feat. Future) (prod. Southside, ATL Jacob & Pyrex)","OG Filename: FLEX UP FT. FUTURE_MAIN MIX.L
OG Filename: FLEX UP FT. FUTURE_MAIN MIX.R
Mono bounce of the OG version of Flex Up meant for later mixing with it being panned, making it stereo. No Carti on it, found in the session. No difference between the files. Has an unused Lil Yachty verse.",3:00,"Nov 23, 2020","Oct 5, 2023",OG File,Lossless,"https://imgur.gg/f/03C3S1e


https://imgur.gg/f/Dz7dEhBz7dEhB"
High Off Life,"Lil Yachty - Flex Up [V2]
(feat. Future) (prod. Southside, ATL Jacob & Pyrex)","OG Filename: flex up- w yachty  new adlibs .L
OG Filename: flex up- w yachty  new adlibs .R
Mono bounce of the OG version of Flex Up meant for later mixing with it being panned, making it stereo. No Carti on it, found in the session. New Future Verse and a weird additional outro. Later used for the first version of the music video.",2:52,"Nov 23, 2020","Oct 5, 2023",OG File,Lossless,"https://imgur.gg/f/JpjGUdz


https://imgur.gg/f/EJR1IhO"
High Off Life,"Lil Yachty - Flex Up [V3]
(feat. Future) (prod. Southside, ATL Jacob & Pyrex)","OG Filename: flex up- w yachty  new adlibs _1.L
OG Filename: flex up- w yachty  new adlibs _1.R
Mono bounce of the OG version of Flex Up meant for later mixing with it being panned, making it stereo. No Carti on it, found in the session. New Future Verse and a weird additional outro. Different mix and doesn't feature the weird outro",2:22,"Nov 23, 2020","Oct 5, 2023",OG File,Lossless,"https://imgur.gg/f/7yjcNpk


https://imgur.gg/f/jiELnal"
High Off Life,"Lil Yachty - Flex Up [V4] - Music Video
(feat. Future) (prod. Southside, Pyrex & ATL Jacob) (dir. Raheem & Zhamak Fullad)","Leaked on LEAKED.CX on Oct. 1, 2022. Is missing Playboi Carti. Is essentially the same video as the official, but has footage that was cut / changed as they removed 2 verses and added a Carti verse for the official, in which they had to shoot new footage for Carti. This music video uses the 2nd version of the song.",2:52,,"Oct. 1, 2022",Full,HD (1080p),https://imgur.gg/f/KjBZNn4
High Off Life,"Lil Yachty - Flex Up [V5]
(feat. Playboi Carti & Future) (prod. Southside, ATL Jacob & Pyrex)","OG Filename: pbc ref
Original bounce of flex up with Carti on it. Has only Carti and Future",1:42,"Nov 23, 2020","Oct 5, 2023",OG File,Lossless,https://imgur.gg/f/KzghBpK
High Off Life,"Wiley - Givenchy Bag [V1]
(feat. Future & PnB Rock) (prod. Morfius)","Leaked on LEAKED.CX on Jul. 3, 2023. Features a verse from PnB Rock that wasn't present on the official.",3:20,,"Jul. 3, 2023",Full,High Quality,https://imgur.gg/f/YmO9hvV
High Off Life,"Herion Young - I Don't Know [V4]
(feat. Future)","Leaked on LEAKED.CX on May 24, 2024. From 2020, and is labeled as 'V4' in the metadata.",3:10,2020,"May. 24, 2024",Full,CD Quality,https://imgur.gg/f/vLBOEvX
High Off Life,"LUCKI - MEET THE MARTIANS [V1]
(feat. Future)
(KAPITOL DENIM)","OG Filename: 12-09-20 {JAYME MIX 2}
Snippet leaked on December 24, 2021. Leaked on September 21, 2022. Contains an open verse that was cut before the release. Recorded Dec. 9, 2020.",3:05,"Dec. 9, 2020","Sep. 21, 2022",OG File,CD Quality,https://imgur.gg/f/gCI4rpa
High Off Life,"Pop Smoke - Mr. Jones [V2]
(feat. Future) (prod. Foreign Teck)","OG Faith version of Mr. Jones from the original music video, sold in 2021. Leaked on July 20, 2025 with the OG music video.",3:06,,"Jul. 25, 2025",Full,High Quality,"https://pillows.su/f/56d7fc45a66359f04b1b687724406916
https://imgur.gg/f/2R8xID5"
High Off Life,"Lil Yachty - Pardon Me [V1]
(feat. Future) (prod. Marz & Mike WiLL Made-It)","OG Filename: PARDON ME - PLUTO & BOAT
Leaked on LEAKED.CX by tart on Jul. 5, 2022. Future has 2 extra lines in his verse.",2:59,2020,"Jul. 5, 2022",OG File,High Quality,https://imgur.gg/f/kmwTRfU
High Off Life,"Kojacc - Right Now
(feat. Future) (prod. Kstew)","Leaked on LEAKED.CX on Jul. 2, 2023.",3:27,,"Jul. 2, 2022",Full,High Quality,https://imgur.gg/f/2Q0fOig
High Off Life,"Young Thug - Smoke A Joint [V1]
(feat. Veedoe) (prod. Pi'erre Bourne)
(Snort U A Line, Snorte)","OG Filename: Smoke A Joint Done
First previewed by Young Thug on Jan. 17, 2020. Leaked online on Dec. 23, 2022. It was originally mistakenly thought to feature T-Shyne, until Reese LaFlare confirmed otherwise.",3:58,,"Dec. 23, 2022",OG File,CD Quality,https://imgur.gg/f/awWgw6l
High Off Life,"Pop Smoke - Snitchin [V4]
(feat. Quavo & Future) (prod. Seth The Chef & Buddah Bless)
(Snitching)","In the Complex article, Steven Victor revealed he sent the song to Future after not getting a response from JAY-Z in which Future ended up recording vocals on the song.",,,,Confirmed,Not Available,https://www.complex.com/music/a/eric-skelton/pop-smoke-2020-cover-story
High Off Life,"Pop Smoke - Snitchin [V5]
(feat. Future) (prod. Seth The Chef & Buddah Bless)
(Snitching)","Version of ""Snitching"" where Future's verse is at the start. This version of the song can be heard in the microphone bleed of the ""Snitching"" multitracks vocal takes. Unknown if Quavo or Pop Smoke is on this version.",,,,Confirmed,Not Available,
High Off Life,"Pop Smoke - Snitchin [V6]
(feat. Quavo & Future) (prod. Seth The Chef & Buddah Bless)
(Snitching)","Version of ""Snitching"", bounced with the stems that leaked on June 28, 2024.",,,,Full,CD Quality,https://imgur.gg/f/kDVKbmk
High Off Life,"⭐ Pop Smoke - Snitchin [V7]
(feat. Quavo, Future & Polo G) (prod. Seth The Chef & Buddah Bless)
(Snitching)","OG Filename: snitchin LB NEWEST MAIN MIX_02
Version of ""Snitching"" with an additional feature from Polo G. Lacks the intro and no verse from Quavo. File is dated June 25, 2020. Snippet was posted to Tier 3 of TheSource, from the seller MAX on May 13th, 2021. Was also being sold by waterfalls, but got privatebought. Eventually leaked on April 9th, 2023, OG file leaked on August 8th, 2023. This version of the song was seen on an early tracklist for Shoot For The Stars Aim For The Moon on June 30, 2020.",3:23,"Aug 8, 2023","Jun 25, 2020",OG File,Lossless,https://imgur.gg/f/shla3rP
High Off Life,"Pop Smoke - Snitchin [V8]
(feat. Quavo, Future & Polo G) (prod. Seth The Chef & Buddah Bless)
(Snitching)","In the Complex article, it was revealed Jess Jackson had turned in the album on the morning of June 30, 2020 at 6AM. A tracklist to the album was later posted the same day. This song was seen on that tracklist meaning there is likely a version of the song from this day. The tracklist posted on June 30, 2020 ended up not remaining the same as the final. This song ended up having the Polo G featured removed from the final.",,"Jun 30, 2020",,Rumored,Not Available,https://imgur.gg/f/shla3rP
High Off Life,"Pop Smoke - Snitchin [V9]
(feat. Quavo & Future) (prod. Seth The Chef & Buddah Bless)
(Snitching)","In the Complex article, it was revealed Jess Jackson had turned in the album on the morning of June 30, 2020 at 6AM. A tracklist to the album was later posted the same day. However, that tracklist would end up changing over the next few days with a new tracklist being posted on July 2, 2020. Polo G was removed from this song for unknown reason and replaced with more Quavo vocals. It is likely the Quavo vocals are not from this time period but the song was mixed and mastered in this time period.",,,,Rumored,Not Available,
High Off Life,"YoungBoy Never Broke Again - STEP OUT [V2]
(feat. Future) (prod. Zaytoven)
(Bang For Me)","OG Filename: YOUNGBOYxFUTURE STEP OUT REF 3.4.20
OG FILE LINK NEEDED
Version before Gucci Mane added.",1:53,"Apr. 3, 2020",,Full,High Quality,https://imgur.gg/f/JqsmIDo
High Off Life,"YoungBoy Never Broke Again - STEP OUT [V3]
(feat. Gucci Mane & Future) (prod. Zaytoven)
(Bang For Me)","OG Filename: YOUNGBOY STEP OUT REF 3.4.20
Version with Gucci.",2:30,"Apr. 3, 2020",,OG File,CD Quality,https://pillows.su/f/cebbde145817de229f836a0b4a8f0c5e
High Off Life,"Drake - Time Flies [V3]
(feat. Future) (prod. OZ)","Previewed on Lori Harvey's Instagram after the song was officially released by Drake on his 'Dark Lane Demo Tapes' album, which released on May 1, 2020.",,,,Snippet,Low Quality,
High Off Life,"Rick Ross - Warm Words In A Cold World [V1]
(feat. Future)","Snippet leaked on LEAKED.IS by whosthis on Apr. 28, 2021. The song was later released with an additional feature from Wale. It is unclear if the snippeted version had any differences or did/didn't feature Wale as well.",,,"Apr. 28, 2021",Snippet,CD Quality,
High Off Life,"Lil Yachty - ???
(feat. Future)","Yachty said during his Genius interview on June 12, 2020 that the two
recorded three songs (likely ""Gettin' Outta Hand"" and ""Flex Up"", with the
third being an unheard). With the two later later getting in the studio weeks
later and recording ""Pardon Me"" which would make Yachty's LB3.",,,,Confirmed,Not Available,
Pluto x Baby Pluto,"Armed & Dangerous
(prod. Wheezy)
(Dangerous)","Previewed on Wheezy's Instagram Story on Oct. 23, 2020.",,,"Oct 23, 2020",Snippet,Low Quality,Link
Pluto x Baby Pluto,"⭐ Astronauts
(prod. DJ ESCO)","OG Filename: 01. F-ASTRONAUTS
This track was seemingly intended to be the intro for the album, and it even got to be on the trailer that got released two days after its release. But for some reason, it got scrapped and replaced with ""Stripes Like Burberry"".",3:50,"Aug 4, 2020","Apr. 25, 2024",OG File,CD Quality,https://pillows.su/f/a43606bf9d2816403edbcb39ed3acba4
Pluto x Baby Pluto,"✨ Call Me Bart
(prod. Brandon Finessin)","OG Filename: future - call me bart- w uzi
Shares the same intrumental with ""I Ain't Famous"" by Lil Uzi Vert.",3:30,,"Jul 24, 2024",OG File,Lossless,https://imgur.gg/f/8rn7odD
Pluto x Baby Pluto,Every Single,"Previewed on someone's Instagram Story on Mar. 2, 2020. Future is holding PxBP style artwork, so assumed to be from here.",,,"Mar 2, 2020",Snippet,Low Quality,Link
Pluto x Baby Pluto,"Die For Me [V2]
(prod. London on da Track & Nickaveli)
(Forever, Would You)","OG Filename: dieformelondon
Has different production from V1, more 'clean mix'.",3:44,"Jun 14, 2020","Feb 9, 2022",OG File,High Quality,https://imgur.gg/f/F9gx0KH
Pluto x Baby Pluto,"Fall In Love
(prod. ???)
(I Wish)","Solo Future song. Previewed on Future's Instagram Story on Nov. 3, 2020, and was later sold by TheSource.to. Randomly leaked by chikibiki on LEAKED.CX on Jun. 5, 2026.",,,"Nov 3, 2020",Full,CD Quality,https://pillows.su/f/b25f18e99ad05e0f1955d9666f1a5887
Pluto x Baby Pluto,"Flip The Rock
(prod. Southside & Henney)","Previewed on Future's Instagram Story on Jan. 12, 2020. Uzi's tagged.",,,"Jan 12, 2020",Snippet,Low Quality,Link
Pluto x Baby Pluto,"Forever [V1]
(prod. London on da Track & Nickaveli)
(Die For Me, Would You)","OG Filename: Forever - Main Mix V1 JJ
Throwaway from the Pluto x Baby Pluto sessions. Based on filename this could be first version or a first version of the final mix (which would be made after the other file). It is not known which version was made first.",3:19,"Jun 14, 2020","Jun 20, 2022",OG File,CD Quality,https://imgur.gg/f/KVgSbQX
Pluto x Baby Pluto,"✨ Freeband Bandit
(prod. London on da Track)","OG Filename: Future x Lil Uzi Vert - Freeband Bandit
Leaked on Jun. 3, 2023 after a successful groupbuy. The instrumental was later used on the Quavo & Takeoff song 'Patty Cake' off of Quavo's album 'Rocket Power'.",3:06,,"Jun 3, 2023",OG File,CD Quality,https://imgur.gg/f/PVGxRtT
Pluto x Baby Pluto,Get High,"Previewed on Future's Instagram Story on Dec. 23, 2020.",,,"Sep 20, 2020",Snippet,Low Quality,Link
Pluto x Baby Pluto,"Hard To Handle [V1]
(Gang Territory)","Previewed on Lil' Double 0's Instagram on Apr. 18, 2020. Likely a solo Future song. Later released by Young Scooter featuring Future, on Aug, 18. 2023, as a single.",,,"Apr 18, 2020",Snippet,Low Quality,
Pluto x Baby Pluto,"Icy, Icy [V1-V4]
(prod. DJ Spinz & DJ ESCO)",Alternate mixes proven by the filename below.,,,,,,
Pluto x Baby Pluto,"⭐ Icy, Icy [V5]
(prod. DJ Spinz & DJ ESCO)","OG Filename #1: 08 Icy Icy (esco) v4_1
Originally track #8 on an early draft for Uzi and Future's collaborative album before being eventually replaced by ""That's It"" on the final/released version.",3:18,"Aug 28, 2020","Dec 5, 2025",OG File,Lossless,https://music.froste.lol/song/8e2644e0af7ffece85c05956475f0add
Pluto x Baby Pluto,"Invisible
(prod. ForeignGotEm & DY Krazy)","Previewed on Future's Instagram Story on May 28, 2020.",,,"May 28, 2020",Snippet,Low Quality,Link
Pluto x Baby Pluto,"Marni On Me [V1]
(prod. Brandon Finessin & Outtatown)","OG Filename: MARNI ON ME UZI X FUTURE 07
Original version of the song.",2:13,2020,,Full,CD Quality,https://music.froste.lol/song/cc9b9f2517cfa8b501cc5b7ac1864e3e
Pluto x Baby Pluto,"Moment Of Clarity [V1]
(prod. Turbo & Yung Talent)",Previewed on Instagram by an Uzi affiliate. Song features an alternate Future verse.,,,,Snippet,Low Quality,
Pluto x Baby Pluto,My Favorite,"Previewed on Future's Instagram Story on Aug. 16, 2020.",,,"Aug. 16, 2020",Snippet,Low Quality,Link
Pluto x Baby Pluto,"My Resolution
(prod. Wheezy)","Previewed on Future's Instagram Story on Oct. 23, 2020.",,,"Oct. 23, 2020",Snippet,Low Quality,Link
Pluto x Baby Pluto,"Never Been To Pluto [V1]
(prod. Brandon Finessin & Lukrative)
(She Never Been To Pluto)","OG Filename: NEVER BEEN TO PLUTO ... COLLAB (01) MIX
Original version of the song, featuring an alternate outro. This demo actually surfaced just three days before the album released.",3:23,,"Oct. 11, 2020",Full,CD Quality,http://music.froste.lol/song/6372cfd85f994f8515a72c3dda245d36/play
Pluto x Baby Pluto,"Patek [V1]
(prod. Brandon Finessin & star boy)","OG Filename: Future x Lil Uzi Vert - Patek
Session Title: Future x Lil Uzi Vert Sesh 05-17.ptx
Original version with alternate vocal takes from Uzi. Leaked along with the song's session.",4:06,,"Mar. 19, 2024",OG File,CD Quality,https://music.froste.lol/song/3fdc090bbd52c87d216efca11da2d296/play
Pluto x Baby Pluto,Ritual,No information available.,,,2020,Snippet,Low Quality,
Pluto x Baby Pluto,"✨ Skydwella
(prod. D. Hill)","OG Filename: skydwella- w uzi
Scrapped track from Pluto x Baby Pluto.",3:32,June 2020,"Apr 11, 2025",Full,CD Quality,https://music.froste.lol/song/92fe403ba54d043b1f5623d72d939944
Pluto x Baby Pluto,"Tic Tac [V1]
(prod. Alien & Brandon Finessin)",The song before Future added his contributions to it. Has apparently more lines done by Uzi and perhaps a different mix.,,,,Snippet,Low Quality,
Pluto x Baby Pluto,"That's It [V1]
(prod. Nils & Wheezy)",Leaked 2 days before official release. Only difference is the mix.,3:43,,"Nov. 11, 2020",Full,CD Quality,http://music.froste.lol/song/5cca823a9fc52beb2fc87095b407dffc/play
Pluto x Baby Pluto,"Walked Into Space [V1-4]
(prod. Wheezy, Supah Mario & DJ ESCO)
(Into Space)",Leaked filename has V5 on it so more mixes before V5 should exist.,,,,Rumored,Not Available,
Pluto x Baby Pluto,"✨ Walked Into Space [V5]
(prod. Wheezy, Supah Mario & DJ ESCO)
(Into Space)","OG Filename: 16. Walked Into Space (esco) v5
Originally track #16 of an early draft for Uzi and Future's collaborative album, before being eventually replaced by the solo Future track ""Rockstar Chainz"" on the final/released version. File has V5 on it so more mixes before V5 should exists.",3:28,"Sep 3, 2020","Jan 1, 2026",OG File,Lossless,https://music.froste.lol/song/e75aad3ab5f8609c3697e07040155065
Pluto x Baby Pluto,"??? [V1]
(prod. Brandon Finessin)
(A Through Z)","Leaked randomly on LEAKED.CX by ""don osiris"" alongside 6 other songs, on Feb. 11, 2026. Stem Edit made from the session.",2:12,"May. 17, 2020","Feb. 11, 2026",Full,CD Quality,https://imgur.gg/f/p93FeQk
Pluto x Baby Pluto,"??? [V2]
(prod. Brandon Finessin)
(A Through Z)","OG Filename: UNTITLED 05-17-20 V3
Leaked randomly on LEAKED.CX by ""don osiris"" alongside 6 other songs, on Feb. 11, 2026. Stem Edit made from the session.",2:12,"May. 17, 2020","Feb. 11, 2026",OG File,CD Quality,https://imgur.gg/f/DluOecH
Monster 2 [V2],"HOP OUT AND SQUEEZE
(prod. Metro Boomin)","Previewed on Metro Boomins Instagram Story on Jan. 8, 2021.",,,"Jan. 8, 2021",Snippet,Low Quality,Link
Monster 2 [V2],"🎖️ SPEND A BRICK
(prod. Metro Boomin)","Previewed on Metro Boomins Instagram Story on Jan. 8, 2021.",,,"Jan. 8, 2021",Snippet,Low Quality,Link
Monster 2 [V2],"⭐ SUPERHERO [V1]
(prod. Metro Boomin)
(Super Hero)","OG Filename: Super Hero BPM 116.7 F Minor.ES V7
Leaked on LEAKED.CX on Dec. 1, 2022. Features a 2nd Future verse, and lacks both Chris Brown from the official and Lil Double 0 from the first version. Also features a lyric in the chorus that was changed after the passing of Metro Boomins mother; ""Piss on your casket and shoot at your ma"".",2:19,2021,"Dec. 1, 2022",OG File,High Quality,https://imgur.gg/f/5HklBB6
Monster 2 [V2],"SUPERHERO [V1] - Music Video
(prod. Metro Boomin)
(Super Hero)",Unfinished music video for the original version of the song. Features plenty of unfinished effects.,3:05,,"Dec. 1, 2022",Tagged,Snippet,https://imgur.gg/f/4yU1U1o
Monster 2 [V2],"SUPERHERO [V2]
(feat. Lil Double 0) (prod. Metro Boomin)
(Super Hero)","Leaked on LEAKED.IS by Murda on May 6, 2021. Features a verse and extra backing vocals from Lil Double 0 and has all of Future's lyrics pitched down/screwed.",4:21,2021,"May. 6, 2021",Full,High Quality,https://imgur.gg/f/PdccdZc
Donda 2,"Kanye West - Paid To Talk [V1]
(prod. Kanye West & Wheezy)
(Do I Look Happy, Happy, Paid To Talk)","Original Ye ""Happy"" freestyle. Beat stems folder is named ""ye chop wave"". The freestyle verse was added to later versions and not chopped besides muting parts, as seen by ""no sequence"" in filenames. Likely dated February 1st, 2022. Snippet leaked April 2nd, 2024.",,,"Apr 2, 2024",Snippet,CD Quality,Link not provided for now.
Donda 2,"Paid To Talk [V2]
(prod. Kanye West, Digital Nas & Wheezy)
(Do I Look Happy, Happy)","OG Filename: paid to talk w kanye idea (freestyle) no seq
Version of ""Happy"" from January 2022 (or earlier). Was played by Ye during a session for Drillmatic – Heart vs. Mind. Uncensored and features a worse mix from later versions. This is the version played at the Donda 2 listening party in Miami, Florida on February 22nd, 2022.",4:45,"Feb 7, 2022","Sep 17, 2023",OG File,CD Quality,Link not provided for now.
Donda 2,"Happy [V3]
(prod. Kanye West, Digital Nas & Wheezy)
(Do I Look Happy, Paid To Talk)","Version of ""Happy"" confirmed to exist by James from the StemPlayer Discord server. Played at the same place ""We Did It Kid"" Fat Money + Fivio Foreign reference tracks were played by Digital Nas. Claimed to be ""finished"", but at this time Digital Nas did not have access to any post-2.22.22 versions, so it's safe to assume this was an unfinished version, or potentially a version with reference vocals. Ye's verse is before Future's on this version. Includes Future.",,,,Rumored,Not Available,
Donda 2,"Happy [V4]
(prod. BoogzDaBeast & Chase Davis)
(Do I Look Happy, Paid To Talk)","OG Filename: HAPPY Boogz x Chase v1
Was said to exist by Waterfalls. Date is unknown.",4:45,"Feb 12, 2022","Oct 22, 2023",OG File,CD Quality,Link not provided for now.
Donda 2,"Happy [V5]
(prod. BoogzDaBeast)
(Do I Look Happy, Paid To Talk)","OG Filename: Happy 121bpm [BoogzDaBeast revisited] MAIN
Another early version of ""Happy"" with a different beat produced by BoogzDaBeast.",4:45,"Feb 12, 2022","Sep 17, 2023",OG File,CD Quality,Link not provided for now.
Donda 2,"Happy [V6]
(prod. E.VAX)
(Do I Look Happy, Paid To Talk)","OG Filename: happy (Evan, V1)
E.VAX produced version of ""Happy"". Unknown when it was made. Leaked after a successful Joebuy on September 24th, 2023.",4:37,"Feb 15, 2022","Sep 24, 2023",OG File,CD Quality,Link not provided for now.
Donda 2,"Paid To Talk [V7]
(ref. Fat Money) (prod. Kanye West, Digital Nas & Wheezy)
(Do I Look Happy, Happy)","OG Filename: Fat Money - PAID TO TALK Ref
It's been said by Waterfalls that Fat Money recorded a reference track for ""Happy"". Snippet leaked February 22, 2023. Doesn't include Future.",4:46,"Feb 18, 2022","Oct 22, 2023",OG File,CD Quality,Link not provided for now.
Donda 2,"Happy (Paid To Talk) [V8]
(prod. Kanye West, Digital Nas, Wheezy & MIKE DEAN)
(Do I Look Happy, Paid To Talk)","OG Filename: HAPPY (PAID TO TALK) MIKE DEAN MIX 4_02
Version included in the zip of OG files for the first Stem Player release of Donda 2. Censored.",4:45,"Feb 23, 2022","May 31, 2022",OG File,Lossless,Link not provided for now.
Donda 2,"Kanye West - Keep It Burnin [V1]
(prod. ATL Jacob & DB)
(KEEP IT BURNIN, Keep It Burning, City On Fire)","Initial freestyle for ""KEEP IT BURNIN"". Beat is named ""FBG 2954 [ATLJACOB X DB]"". Unknown if there are more Ye vocals on this version.",,,,Rumored,Not Available,
Donda 2,"Keep It Burnin [V2]
(prod. ATL Jacob & DB)
(KEEP IT BURNIN, Keep It Burning, City On Fire)","OG Filename: keep it burnin_ w kanye (rough seq)
Mumble version of ""Keep It Burnin,"" similar to what released on the stem player.",3:39,"Jan 28, 2022","Sep 17, 2023",OG File,Lossless,Link not provided for now.
Donda 2,"Keep It Burnin [V3]
(ref. Fat Money) (prod. ATL Jacob & DB)
(KEEP IT BURNIN, Keep It Burning, City On Fire)","OG Filename: Fat Money - KEEP IT BURNIN
Fat Money reference track for ""Keep It Burnin"". Recorded late January, unlike a majority of other refs. Snippet leaked on October 22nd, 2023. Leaked on December 8th, 2023. Includes Future.",3:39,"Jan 31, 2022","Dec 8, 2023",OG File,CD Quality,Link not provided for now.
Donda 2,"Keep It Burnin [V4]
(prod. ATL Jacob, DB & E*VAX)
(KEEP IT BURNIN, Keep It Burning, City On Fire)",Version with E.VAX production. Unknown when made. Snippet leaked July 16th 2024.,3:39,"Jan 31, 2022","Dec 8, 2023",Snippet,CD Quality,Link not provided for now.
Donda 2,"Keep It Burnin [V5]
(prod. ATL Jacob, DB & Ojivolta)
(KEEP IT BURNIN, Keep It Burning, City On Fire)","Version of ""Keep It Burnin"" with E.VAX production. Unknown when made. Another snippet leaked July 16th 2024.",,,"Jul 16, 2024",Snippet,CD Quality,Link not provided for now.
Donda 2,"Keep It Burnin [V6]
(ref. Bump J) (prod. ATL Jacob & DB)
(KEEP IT BURNIN, Keep It Burning, City On Fire)","OG Filename: keep it burnin bump ref v1 and 2
Bump J reference track for ""Keep It Burnin"". Leaked on November 10th, 2023.",3:29,"Feb 12, 2022","Nov 10, 2023",OG File,CD Quality,Link not provided for now.
Donda 2,"Keep It Burnin [V7]
(prod. ATL Jacob, DB & Beach House)
(KEEP IT BURNIN, Keep It Burning, City On Fire)","OG Filename: BH Keep It Burnin V1
Shown by filenames below that there is a V1 for the ""Keep It Burning"" Beach House prods.",,,,Confirmed,Not Available,
Donda 2,"Keep It Burnin [V8]
(prod. ATL Jacob, DB & Beach House)
(KEEP IT BURNIN, Keep It Burning, City On Fire)","OG Filename: BH Keep It Burnin V2
Initial Beach House produced version of ""Keep It Burnin"". Has the mumble Ye vocals.",3:43,"Feb 12, 2022","Oct 16, 2023",OG File,CD Quality,Link not provided for now.
Donda 2,"Keep It Burnin [V9]
(prod. ATL Jacob, DB & Beach House)
(KEEP IT BURNIN, Keep It Burning, City On Fire)","OG Filename: BH Keep It Burnin V3
Later Beach House produced version of ""Keep It Burnin"". Has a better mix.",3:39,"Feb 13, 2022","Oct 16, 2023",OG File,CD Quality,Link not provided for now.
Donda 2,"Keep It Burnin [V10]
(prod. ATL Jacob & DB)
(KEEP IT BURNIN, Keep It Burning, City On Fire)","OG Filename: 06. Keep It Burnin - TH Sample Chop v.1
An almost identical ""Keep It Burnin"" version as to the one released on the Stem Player, but with a much rougher vocal mix for Ye. Contains the Talking Heads sample with a reverb effect. Leaked on October 14th, 2023. Is extremely compressed/normalised.",3:38,"Feb 17, 2022","Oct 14, 2023",OG File,CD Quality,Link not provided for now.
Donda 2,"Keep It Burning [V11]
(ref. Bump J) (prod. ATL Jacob & DB)
(KEEP IT BURNIN, Keep It Burnin, City On Fire)","OG Filename: keep it burning bump burnin 1st v ref
Another Bump J reference track for ""Keep It Burnin"", thought to be a rebounce of the first reference track. Leaked on November 10th, 2023. Doesn't include Future.",3:29,"Feb 19, 2022","Nov 10, 2023",OG File,Lossless,Link not provided for now.
Donda 2,"Keep It Burnin [V12]
(prod. ATL Jacob, DB & Ojivolta)
(KEEP IT BURNIN, Keep It Burning, City On Fire)","Version of ""Keep It Burnin"" with Ojivolta production. Snippet leaked April 2nd, 2024.",,,"Apr 2, 2024",Snippet,CD Quality,Link not provided for now.
Donda 2,"Keep It Burnin [V13]
(ref. Strick) (prod. ATL Jacob, DB & Ojivolta)
(KEEP IT BURNIN, Keep It Burning, City On Fire)","Strick reference track. Snippet leaked February 14th, 2026.	",,,"Apr 2, 2024",Snippet,CD Quality,Link not provided for now.
Donda 2,"✨ Kanye West - Sky High [V2]
(prod. Ojivolta)
(Maintenance, Still Won't Be Satisfied)","Ye first recorded an 8 minute freestyle over the original instrumental for ""Maintenance"" in January 2022, with vocals starting 24 seconds in and lasting until the end. The original freestyle for ""Maintenance"" is said to have been called ""Sky High"". No official bounce is known, a session bounce is linked.",8:15,"Jan 4, 2022","Jan 4, 2022",Full,Lossless,Link not provided for now.
Donda 2,"Kanye West - Sky High [V3]
(prod. Ojivolta)
(Maintenance, Still Won't Be Satisfied)","Second freestyle for ""Maintenance"" said to contain more finished vocals than the version intended for the Miami LP. A 3:33 segment of the freestyle is contained in a session sourced for the song, but another part of it is known to exist.",,"Jan 6, 2022","Jan 6, 2022",Partial,Lossless,Link not provided for now.
Donda 2,"Kanye West - Maintenance [V4]
(prod. Ojivolta)
(Sky High, Still Won't Be Satisfied)","OG Filename: maintenance_rough seq (v1.3)
15 minute long tracking arrangement for ""Maintenance"". Contains the vocals from 2/22 ""Maintenance"" during the first 1:51, some open verse, and then 6 minutes of vocals from the original 8 minute freestyle.",15:16,"Feb 5, 2022","Feb 5, 2022",OG File,Lossless,Link not provided for now.
Donda 2,"Maintenance [V5]
prod. Ojivolta)
(Sky High, Still Won't Be Satisfied)","OG Filename: Maintenance 143bpm OxV
Ojivolta took the two Ye freestyles, Future vocals and the OG beat and added their own production on top of it, and rearranged all the vocals. This version was sent to other producers to do their versions. Features vocal effects very similar to ""Get Lost"". Contains some Ye mumble. Snippet leaked December 22nd, 2022. Leaked on February 16th, 2023 after a successful groupbuy. ",1:50,"Feb 7, 2022","Feb 7, 2022",OG File,CD Quality,Link not provided for now.
Donda 2,"Maintenance [V7]
(prod. Apex Martin & Ojivolta)
(Sky High, Still Won't Be Satisfied)","OG Filename: Maintenance_143_AM_DrumsV2 APEX MARTIN (M DEAN
PRODUCER) DRUM ADDS
Version of ""Maintenance"" with drums from Apex Martin. Has similar drums as his version of ""Depression"". Leaked on September 23rd, 2023.",1:51,"Feb 11, 2022","Feb 11, 2022",OG File,CD Quality,Link not provided for now.
Donda 2,"Maintenance [V8]
(prod. Chase Davis)
(Sky High, Still Won't Be Satisfied)","OG Filename: mantinantce v2
Version of ""Maintenance"" production from Chase. Leaked on April 2nd, 2024.",1:55,,,OG File,Lossless,Link not provided for now.
Donda 2,"Maintenance [V9]
(prod. E.VAX)
(Sky High, Still Won't Be Satisfied)","OG Filename: maintenance (Evan, drums, chords)
Version of ""Maintenance"" with completely different Evax production. Doesn't feature Future. Leaked on September 25th, 2023.",2:17,"Feb 13, 2022","Feb 13, 2022",OG File,CD Quality,Link not provided for now.
Donda 2,"Maintenance [V10]
(ref. Fat Money) (prod. Ojivolta)
(Sky High, Still Won't Be Satisfied)","OG Filename: Fat Money - MAINTENANCE REF
Fat Money reference track for ""Maintenance"". Snippet leaked March 29th, 2023. Leaked in full on September 25th, 2023. Includes Future.",2:31,"Feb 14, 2022","Feb 14, 2022",OG File,CD Quality,Link not provided for now.
Donda 2,"Maintenance [V11]
(prod. Wheezy & Ojivolta)
(Sky High, Still Won't Be Satisfied)","OG Filename: Wheezy - MAINTENANCE WHEEZY DRUMS2
Version of ""Maintenance"" with Wheezy drums.",1:51,"Feb 14, 2022","Feb 14, 2022",OG File,High Quality,Link not provided for now.
Donda 2,"Maintenance [V12]
(prod. Beach House & Ojivolta)
(Sky High, Still Won't Be Satisfied)","OG Filename: BH Maintenance V2
Version of ""Maintenance"" with additional production from Beach House. Snippet leaked May 4th, 2023. Leaked on May 17th, 2023 after a successful groupbuy.",1:54,"Feb 14, 2022","Feb 14, 2022",OG File,CD Quality,Link not provided for now.
Donda 2,"Maintenance [V13]
((prod. Ojivolta)
(Sky High, Still Won't Be Satisfied)","OG Filename: Maintenance OxV Chop - start on rich enough line
Version of ""Maintenance"" which appears to be cut down to begin on the ""Rich enough to have you"" line. ",1:34,"Feb 15, 2022","Feb 15, 2022",OG File,CD Quality,Link not provided for now.
Donda 2,"Maintenance [V14]
(prod. Digital Nas & Ojivolta)
(Sky High, Still Won't Be Satisfied)","Version of ""Maintenance"" with Digital Nas drums.",1:50,"Feb 18, 2022","Feb 18, 2022",Full,CD Quality,Link not provided for now.
Donda 2,"Maintenance [V15]
(prod. Amnesia Scanner & Ojivolta)
(Sky High, Still Won't Be Satisfied)","OG Filename: Maintenance Amnesia Scanner TEST 1 LESS DRUMS
A version of ""Maintenance"" with additional drums from Amnesia Scanner. Leaked on September 22, 2023.",1:51,"Feb 18, 2022","Feb 18, 2022",OG File,CD Quality,Link not provided for now.
Donda 2,"Maintenance [V16]
(prod. Amnesia Scanner & Ojivolta)
(Sky High, Still Won't Be Satisfied)","OG Filename: Maintenance Amnesia Scanner TEST 1 MORE DRUMS
A version of ""Maintenance"" with even more drums from Amnesia Scanner. Leaked on September 22, 2023.",1:51,"Feb 18, 2022","Feb 18, 2022",OG File,CD Quality,Link not provided for now.
Donda 2,"Maintenance [V17]
(prod. Amnesia Scanner & Ojivolta)
(Sky High, Still Won't Be Satisfied)","OG Filename: Maintenance Amnesia Scanner TEST 1 SOME EXTRA GUITAR IDEAS
A version of ""Maintenance"" with additional drums and guitar from Amnesia Scanner. Leaked on September 22, 2023.",1:51,"Feb 18, 2022","Feb 18, 2022",OG File,CD Quality,Link not provided for now.
Donda 2,"Maintenance [V18]
(ref. will.i.am) (prod. will.i.am & Ojivolta)
(Sky High, Still Won't Be Satisfied)","OG Filename: MAINTENANCE (will scratch)
will.i.am version of ""Maintenance"". All mumble is rapped over and has production done by will.i.am. Snippet leaked March 29th, 2023. Leaked in full on September 22nd, 2023.",2:29,"Feb 19, 2022","Feb 19, 2022",OG File,CD Quality,Link not provided for now.
Donda 2,"Maintenance [V19]
(prod. MIKE DEAN)
(Sky High, Still Won't Be Satisfied)","OG Filename: MIKE DEAN - Maintenance 4 TR MIKE DEAN
Version of ""Maintenance"" with MIKE DEAN synths and drums and pitched up vocals. Leaked on September 22nd, 2023.",1:50,"Feb 19, 2022","Feb 19, 2022",OG File,CD Quality,Link not provided for now.
Donda 2,"Maintenance [V20]
(prod. Sean Solymar, Ojivolta & MIKE DEAN)
(Sky High, Still Won't Be Satisfied)","OG Filename: MIKE DEAN - MAINTENANCE 2 SEAN MIKE DEAN
Version of ""Maintenance"" with added bass and drums from Sean Solymar. Leaked on September 22nd, 2023.",1:54,"Feb 19, 2022","Feb 19, 2022",OG File,CD Quality,Link not provided for now.
Donda 2,"Maintenance [V21]
(prod. Sean Solymar, Ojivolta & MIKE DEAN)
(Sky High, Still Won't Be Satisfied)","OG Filename: MIKE DEAN MAINTENANCE 4 SEAN SOLYMAR
Same as the version above, but with a better mix. Leaked on September 22nd, 2023.",1:54,"Feb 19, 2022","Feb 19, 2022",OG File,CD Quality,Link not provided for now.
Donda 2,"Maintenance [V22]
(prod. Ojivolta & MIKE DEAN)
(Sky High, Still Won't Be Satisfied)","OG Filename: MAINTENANCE MIKE DEAN MIX 5
Version of ""Maintenance"" from the day of the LP, likely the version meant to be played. Differences unknown. Includes Future.",1:35,"Feb 22, 2022","Feb 22, 2022",Confirmed,Not Available,
Donda 2,"Maintenance [V23]
(prod. Marilyn Manson & Ojivolta)
(Sky High, Still Won't Be Satisfied)","OG Filename: MM 12. Maintenance 143 MM
Version of ""Maintenance"" with additional production from Marilyn Manson. Snippet leaked May 4th, 2023. Leaked on May 17th, 2023 after a successful groupbuy.",1:59,"Feb 22, 2022","Feb 22, 2022",OG File,CD Quality,Link not provided for now.
Donda 2,Kanye West - Mr. Miyagi [V1],"A solo Ye version of ""Mr. Miyagi"" is rumoured to exist, presumably just a freestyle which was used in later versions of the song.",,,,Rumored,Not Available,
Donda 2,Mr. Miyagi [V2],A solo Future version was said to exist by Waterfalls.,,,,Rumored,Not Available,
Donda 2,"Mr. Miyagi [V3]
(prod. 88-Keys)","Version of Mr. Miyagi produced by 88-Keys. Snippet leaked April 2nd, 2024.",,,,Snippet,CD Quality,Link not provided for now.
Donda 2,"Mr. Miyagi [V4]
(prod. AyoAA)","OG Filename: Mr Miyagi (chords & acap only) v.2 OxV 69bpm
Bounce of ""Mr. Miyagi"" with no drums/bass. Leaked November 27th, 2022.",3:00,"Feb 1, 2022","Feb 1, 2022",OG File,CD Quality,Link not provided for now.
Donda 2,"Mr. Miyagi [V5]
","OG Filename: mr miagi - w kanye (edit) v1.2
Version of ""Mr. Miyagi"" with a trap beat. Snippet leaked July 2023, and the full song leaked on September 17th, 2023.",3:01,,,OG File,CD Quality,Link not provided for now.
Donda 2,"Mr. Miyagi [V6]
(ref. JAYLIEN) ","Version of ""Mr. Miyagi"", similar to the version above, with JAYLIEN reference vocals. Future and Ye's vocals seem to be the same as later versions. Snippet was posted on JAYLIEN's Instagram, and a higher quality snippet leaked 2/17/23.",,,,Snippet,Recording,Link not provided for now.
Donda 2,"Mr. Miyagi [V7]
(ref. Flash Garments)","OG Filename: Ye x Flash_Mr Miagi_v2_138BPM_020322
Solo Flash Garments version of ""Mr. Miyagi"".",3:01,"Feb 3, 2022","Feb 3, 2022",Snippet,CD Quality,Link not provided for now.
Donda 2,"Mr. Miyagi [V8]
(prod. AyoAA & Ojivolta)","OG Filename: mr miyagi AyoAA X OXV 1
Further developed version of ""Mr. Miyagi"", with slightly different production, and no Playboi Carti vocals. Snippet leaked September 2022. The full song leaked on November 27th, 2022.",2:56,"Feb 6, 2022","Feb 6, 2022",OG File,CD Quality,Link not provided for now.
Donda 2,"Mr. Miyagi [V9]
(prod. Digital Nas)","OG Filename: mr miyagi digital nas v2
The 2nd Digital Nas version of ""Mr. Miyagi"". Audio ends at 2:51 with 12 seconds of silence to cleanse your ears from Digital Nas. Leaked on October 10th, 2023.",2:51,"Feb 6, 2022","Feb 6, 2022",OG File,Lossless,Link not provided for now.
Donda 2,"Mr. Miyagi [V10]
","Version of ""Mr. Miyagi"" with insanely bass boosted drums, sped up and could be produced by Digital Nas. Was played at one of the 8AM meetings. Recording leaked on December 27th, 2023.",,"Feb 11, 2022","Feb 11, 2022",Snippet,Recording,Link not provided for now.
Donda 2,"Mr. Miyagi [V11]
(ref. Fat Money) (prod. AyoAA)","OG Filename: miyagi fat money AyoAA V1
Reference track for ""Mr. Miyagi"" by Fat Money. Leaked after a successful Joebuy on September 23rd, 2023. Has Future vocals.",2:51,"Feb 12, 2022","Feb 12, 2022",OG File,CD Quality,Link not provided for now.
Donda 2,"Mr. Miyagi [V12]
(prod. AyoAA)","OG Filename: Mr Miyagi AyoAA v3
Featured on a tracklist posted by Quavo to his Instagram story shortly before the Donda 2 listening party. Leaked on October 10th, 2023.",2:57,"Feb 12, 2022","Feb 12, 2022",OG File,Lossless,Link not provided for now.
Donda 2,"Mr. Miyagi [V13]
(prod. Digital Nas)","OG Filename: mr miyagi digital nas v3
The 3rd Digital Nas version of ""Mr. Miyagi"". Audio ends at 2:51 with 12 seconds of silence to cleanse your ears from Digital Nas. Leaked on September 21st, 2023.",2:51,"Feb 12, 2022","Feb 12, 2022",OG File,CD Quality,Link not provided for now.
Donda 2,"Mr. Miyagi [V14]
(ref. Fya Man & PopLord) (prod. Wheezy)","OG Filename: MR MIAGI REF V1
Leaked on March 11th, 2024, as a groupbuy bonus. Has Future vocals.",2:46,"Feb 13, 2022","Feb 13, 2022",OG File,Lossless,Link not provided for now.
Donda 2,"Mr. Miyagi [V15]
(ref. Fya Man, Malik Yusef, Pop Lord & Courtlin Jabrae)","OG Filename: MR MIAGI fya man malik pop lord jabrae
Reference track for Mr. Miyagi by Fya Man, Malik Yusef, Pop Lord, and Jabrae. Nothing else is known.",,,,Confirmed,Not Available,
Donda 2,"Mr. Miyagi [V16]
(prod. Apex Martin)","OG Filename: Mr Miyagi_AM_DrumsV3 APEX MARTIN (M DEAN PRODUCER) DRUM ADDS
Version of Mr. Miyagi with Apex Martin production and assumedly with different drums added. Nothing else is known.",,,,Confirmed,Not Available,
Donda 2,"Mr. Miyagi [V17]
(prod. Apex Martin)","OG Filename: MIKE DEAN - Mr Miyagi_APEXMIKEDEAN_DrumsV4
Version of ""Mr. Miyagi"" shown by Apex Martin on an Instagram in February/March 2022. Has different production compared to other versions, as well as the version he previewed in May. Leaked after a successful Joebuy on September 23rd, 2023.",4:10,"Feb 17, 2022","Feb 17, 2022",OG File,CD Quality,Link not provided for now.
Donda 2,"Mr. Miyagi [V18]
(prod. ATL Jacob)","OG Filename: 09. Atl Jacob - MIAGI DEMO 1
Version of ""Mr. Miyagi"" with production from ATL Jacob. Has a different melody than other versions. Snippet leaked on October 22nd, 2023, with the full song leaking on July 4th, 2024.",4:04,"Feb 19, 2022","Feb 19, 2022",OG File,Lossless,Link not provided for now.
Donda 2,"Mr. Miyagi [V19]
(prod. ATL Jacob & Ojivolta)","OG Filename: Miyagi ATL v.2 OxV
Version of ""Mr. Miyagi"" with production from ATL Jacob & Ojivolta. Date unknown on this version. Leaked as a bonus on September 30th, 2023.",2:51,"Feb 22, 2022","Feb 22, 2022",OG File,CD Quality,Link not provided for now.
Donda 2,"Mr. Miyagi [V20]
(ref. Albe Back)","OG Filename: Mr Miyagi x Albe 2.0
Reference track for ""Mr. Miyagi"", by Albe Back. Was bounced early March but is likely from February. Leaked on September 20th, 2023. Has Future vocals.",2:16,,,OG File,CD Quality,Link not provided for now.
Donda 2,"Mr. Miyagi [V21]
(feat. Playboi Carti) (prod. AyoAA)","OG Filename: Mr Miyagi PBC v.1
Version of ""Mr. Miyagi"" with full uncensored vocals and an alternate mix.",2:24,"Feb 22, 2022","Feb 22, 2022",OG File,Lossless,Link not provided for now.
Donda 2,"Mr. Miyagi [V22]
(feat. Playboi Carti) (prod. AyoAA)","OG Filename: Mr miyagi pbc verse _4
Version of ""Mr. Miyagi"" played at the Donda 2 listening party in Miami, Florida on February 22nd, 2022. Leaked on October 10th, 2023.",2:08,"Feb 22, 2022","Feb 22, 2022",OG File,CD Quality,Link not provided for now.
Donda 2,"Pablo [V2]
(prod. ATL Jacob, FNZ & Digital Nas)","OG Filename: pablo_ w kanye x future
Early version of Pablo with quieter Digital Nas production and lacking Travis Scott vocals. Has an extra mumble line not present in later versions.",2:32,"Feb 3, 2022","Feb 3, 2022",OG File,CD Quality,Link not provided for now.
Donda 2,"Pablo [V3]
(feat. Shenseea) (prod. ATL Jacob, Digital Nas, FNZ & John Cunningham)","OG Filename: PABLO - Ye x Future x Shenseea V2
Version of ""Pablo"" with vocals from Shenseea. Has the solo Ye hook with production similar to the LP version. Snippet leaked 2/22/23. Leaked on October 22nd, 2023.",3:08,"Feb 6, 2022","Feb 6, 2022",OG File,CD Quality,Link not provided for now.
Donda 2,"Pablo [V4]
(ref. Fat Money) (prod. ATL Jacob & FNZ)","OG Filename: FAT MONEY NEW PABLO
A Fat Money reference track for ""Pablo"". Leaked on October 18th, 2023.",2:33,"Feb 8, 2022","Feb 8, 2022",OG File,CD Quality,Link not provided for now.
Donda 2,"Pablo [V5]
(ref. Strick) (prod. Chase Davis)","OG Filename: PABLO synth bass no 808 not hihats chase v1
A version of ""Pablo"" with punch-ins from Strick and production from Chase. Leaked 01/19/24 as part of a Joebuy.

Notes from producers:
- Loves the part at 1:00
- Need to get chase new acapella because Ye doesn't wanna hear Strick anywhere
- Get the files and send to Alex from Beach house",2:32,"Feb 11, 2022","Feb 11, 2022",OG File,CD Quality,Link not provided for now.
Donda 2,"Pablo [V6]
(prod. Digital Nas)","OG Filename: digital nas pablo
Another Digital Nas version of ""Pablo"". Is sped up. Leaked on November 3rd, 2023.",2:35,,,OG File,Lossless,Link not provided for now.
Donda 2,"Pablo [V7]
(prod. Beach House, Digital Nas & John Cunningham)","OG Filename: Pablo BH V2 / Pablo BH V2 (New Vocals in)
Beach House-produced version of ""Pablo"". Has a cleaner version of the rough Ye hook. Leaked on October 14th, 2023.",2:33,"Feb 12, 2022","Feb 12, 2022",OG File,CD Quality,Link not provided for now.
Donda 2,"Pablo [V8]
(ref. Bump J)","OG Filename: Bump - pablo
A Bump J reference track for ""Pablo"". Dated February 12th, 2022.",2:20,"Feb 12, 2022","Feb 12, 2022",OG File,CD Quality,Link not provided for now.
Donda 2,"Pablo [V9]
(feat. Baby Keem) (prod. ATL Jacob, Digital Nas, FNZ & John Cunningham)","Said to just be a single Baby Keem verse. Possibly a reference track, but there's no clear indication it's written for Ye to rap. Snippet surfaced on October 30th, 2022.",,,,Snippet,CD Quality,Link not provided for now.
Donda 2,"Pablo [V10]
(prod. Beach House, Digital Nas & John Cunningham)","OG Filename: Pablo BH New Chord LMTD V1
Earlier version of ""Pablo"" with Beach House production. Features different production from the later Beach House version of the song. Recording found within the 8 AM folder leaked on December 28th, 2023.",,,,Partial,Recording,Link not provided for now.
Donda 2,"Pablo [V11]
(ref. Albe Back) (prod. Digital Nas)","OG Filename: Pablo Albe 1.0
A version of ""Pablo"" with just Albe Back reference vocals. Has Future vocals.",2:31,"Feb 17, 2022","Feb 17, 2022",OG File,CD Quality,Link not provided for now.
Donda 2,"Pablo [V12]
(ref. Albe Back & Kaity) (prod. Digital Nas)","OG Filename: Pablo Albe x Kaity 2.0
A version of ""Pablo"" with Albe Back and Kaity, his daughter. Unknown when it's from. Snippet leaked February 12th, 2023. Leaked on October 22nd, 2023. Has Future vocals.",2:31,,,OG File,CD Quality,Link not provided for now.
Donda 2,"Pablo [V13]
(ref. Strick) (prod. ATL Jacob, Digital Nas, FNZ & John Cunningham)","OG Filename: pablo strick reference
A version of ""Pablo"", with vocals from Strick laid on top of Ye's. Snippet leaked 2/10/2023. Leaked on October 22nd, 2023.",2:32,"Feb 19, 2022","Feb 19, 2022",OG File,CD Quality,Link not provided for now.
Donda 2,"Pablo [V14]
(prod. Digital Nas & John Cunningham)","OG Filename: Pablo Ye JC Edit V5
Version of ""Pablo"" with no Travis Scott vocals and a completely different beat. Ye does Travis' part. Likely the version featured on a tracklist posted by Quavo to his Instagram story shortly before the Donda 2 listening party. Snippet leaked December 4th, 2022. Leaked in full on May 31st, 2023.",2:44,"Feb 20, 2022","Feb 20, 2022",OG File,CD Quality,Link not provided for now.
Donda 2,"Pablo [V15]
(ref. CyHi) (prod. ATL Jacob, Digital Nas, FNZ & John Cunningham)","OG Filename: Ye Camp Old A - Pablo RUFF
CyHi reference track for ""Pablo"". VC recorded snippet leaked June 2023.",2:44,"Feb 21, 2022","Feb 21, 2022",OG File,CD Quality,Link not provided for now.
Donda 2,"Pablo [V16]
(ref. Kaity & Marilyn Manson) (prod. Digital Nas)","Version of ""Pablo"" mentioned by Albe Back. He stated that his ""daughter and [Marilyn] Manson wrote a bridge before [Future's] verse comes in"".",,,,Confirmed,Not Available,
Donda 2,"Pablo [V17]
(prod. ATL Jacob, Digital Nas, FNZ, John Cunningham & Marilyn Manson)","Version of ""Pablo"" with Marilyn Manson production that would be later used for the GOOD Fridays versions. Snippet leaked on October 17th, 2023. Another snippet leaked 11/4/24.",,,,Snippet,CD Quality,Link not provided for now.
Donda 2,"Pablo [V18]
(ref. VIC MENSA) (prod. ATL Jacob, Digital Nas, FNZ & John Cunningham)","A VIC MENSA reference track for ""Pablo"" was said to exist by Insurge. Likely recorded February 18th when he was seen in the studio with Ye.",,,,Rumored,Not Available,
Donda 2,"Pablo [V19]
(feat. Travis Scott & Future) (prod. Digital Nas)","A Digital Nas version of ""Pablo"".",,,,Snippet,CD Quality,Link not provided for now.
Donda 2,"Pablo [V20]
(feat. Travis Scott & Future) (prod. ATL Jacob, FNZ, Digital Nas & John Cunningham)","OG Filename: PABLO MIKE DEAN MIX 6 TRAVIS'_10
Played at the Donda 2 listening party in Miami, Florida on February 22nd, 2022.",2:33,"Feb 22, 2022","Feb 22, 2022",OG File,Lossless,Link not provided for now.
Donda 2,"Pablo [V21]
(feat. Travis Scott & Future) (prod. ATL Jacob, FNZ, Digital Nas, MIKE DEAN & John Cunningham)","OG Filename: PABLO MIKE DEAN MIX 100 MIKE DEAN MIX 6
Version of the song included in a zip of OG files for the first Stem Player release of Donda 2.",2:34,"Feb 23, 2022","Feb 23, 2022",OG File,Lossless,Link not provided for now.
Donda 2,"✨ WAIT FOR U [V2]
(feat. Tems) (prod. Ojivolta & Kanye West)
(WAIT FOR U)","OG Filename: W4U - ojivolta prod (more major dly)
Confirmed by producer ATL Jacob that Kanye ""changed up production including the whole beat"". However Jacob said that it was terrible even Future hated it as well. Kanye had told Jacob that he wanted to put out his version of the song after ""WAIT FOR U"" released. Originally thought that Kanye recorded for the song however that was not true. Made sometime before 02/13/22, as shown by it being on a Donda 2 tracklist. Contains Future second verse that was reused on DJ Khaled, Future & SZA - BEAUTIFUL.",3:06,"Feb 12, 2022",,OG File,CD Quality,https://imgur.gg/f/QnDY81a
Donda 2,"⭐ Maintenance [V24]
(feat. Future) (prod. Ojivolta)
(Sky High, Still Won't Be Satisfied)","OG Filename: Maintenance - Ye Vocals.05 Ref
A finished version of ""Maintenance"", that was recorded on the Wheezy beat. Contains new vocals on the beginning part overlayed on top of the mumble, and an entirely new finished verse at the end. Made March 29th, 2022. Ye can be heard asking for the ""next song"" to record for at the end of the track. Leaked on May 17th, 2023 after a successful groupbuy.",2:11,"Mar 29, 2022","Mar 29, 2022",OG File,CD Quality,Link not provided for now.
Donda 2,"Mr. Miyagi [V22]
(feat. Future & Playboi Carti) (prod. AyoAA & MIKE DEAN)","OG Filename: MR MIAGI MIKE DEAN MIX 102 CLEAN
Version of ""Mr. Miyagi"" dated March 15th, 2022. Has more Ye vocals. Snippet leaked November 23rd, 2022. Was planned to be released on the Stem Player, but as confirmed by Alex Klein, Ye didn't want the song to release. Full lossless track leaked on November 27, 2022 after a groupbuy for $2,500.",2:57,"Mar 15, 2022","Mar 15, 2022",OG File,Lossless,Link not provided for now.
Donda 2,"Pablo [V23]
(feat. Travis Scott & Future) (prod. ATL Jacob, FNZ, Ojivolta, Digital Nas & Marilyn Manson)","OG Filename: 08. Pablo 65 v.7 - OxV All Vocals 120bpm
March 2022 version with production adds from Ojivolta & Marilyn Manson as well as a few re-recorded no mumble lines. Was played at a March 2022 Donda Doves game, and a high quality snippet was posted by dondasplace in February 2023. Fully leaked 4/10/24.",2:34,,,OG File,CD Quality,Link not provided for now.
Donda 2,"✨ Pablo [V24]
(feat. Travis Scott, Future & Marilyn Manson) (prod. Ojivolta, FNZ , Marilyn Manson & John Cunningham)","OG Filename: Pablo - OxV Stems JC Edit.14 - Ye Freestyle at end
Made after the Donda 2 listening party, but unknown exactly when. Has most of the new Ye vocals from the previous version, but with Marilyn Manson covering the ""but if I melt then we all drown"" line. Has a different beat to the Stem Player version, and a new 2 minute freestyle Ye verse, including some lines that interpolate ""Pop Style"". Ye does the hook at one point in the song. Snippet leaked March 12th, 2023, with the full song leaking on April 8th, 2023.",5:26,"Mar 21, 2022","Mar 21, 2022",OG File,CD Quality,Link not provided for now.
Donda 2,"Pablo [V25]
(feat. Travis Scott, Future, Marilyn Manson) (prod. Ojivolta, MIKE DEAN, FnZ & John Cunningham)","OG Filename: PABLO MIKE DEAN MIX 103
Version of ""Pablo"" considered for the GOOD Fridays 2022 releases. Similar to the previous version, but features a different mix and no freestyle verse at the end.",3:00,"Apr 11, 2022","Apr 11, 2022",OG File,CD Quality,Link not provided for now.
Donda 2,"Lil Durk - Petty [V2]
(feat. Kanye West) (prod. DJ Young Pharaoh, IRoccOnTheBeat& Zypitano)
(Petty Too, I'm Petty)","OG Filename: Ye petty freestyle
Voice memo freestyle for ""Petty Too"", recorded one day after the Donda 2 listening experience.",1:30,"Feb 23, 2022","Feb 23, 2022",OG File,Recording,Link not provided for now.
Donda 2,"Lil Durk - Petty Too [V3]
(feat. Future & Kanye West) (prod. DJ Young Pharaoh, IRoccOnTheBeat& Zypitano)","Later version of ""Petty Too"" with a more finished Ye verse. It's unknown if the verse is fully finished.",,,,Snippet,Recording,Link not provided for now.
I NEVER LIKED YOU,"BUBBLY
(feat. Moneybagg Yo) (prod. Southside)","Leaked on LEAKED.CX on May 28, 2024. Possibly made around the same time / session as 'VOODOO' off of INLY.",3:07,2021,"May 28, 2024",Full,High Quality,https://imgur.gg/f/bhbWAoB
I NEVER LIKED YOU,"LOVE IN THE STRIP CLUB [V1]
(prod. ATL Jacob)","OG Filename: LOVE_IN_THE_STRIP_CLUB_4.18.21
Leaked on LEAKED.CX on May 24, 2024. Bounced on Apr. 18, 2021.",4:05,"Apr. 18, 2021","May. 24, 2024",OG File,CD Quality,https://imgur.gg/f/9PQamWR
I NEVER LIKED YOU,"⭐ SPEEDWAY
(with Gunna) (prod. Wheezy)","OG Filename: SPEEDWAY W GUNNA
Recorded on Dec. 1, 2021. Leaked on Oct. 25, 2025. ",2:08,"Dec. 1, 2021","Oct. 25, 2025",OG File,Lossless,https://imgur.gg/f/JfOCQ6P
I NEVER LIKED YOU,"⭐️ ASSHOLE [V2]
(prod. DJ ESCO)","Leaked on LEAKED.CX on Dec. 29, 2022. File metadata says V2_1, meaning there is likely an earlier version, maybe an open verse or something. From 2021.",3:34,2021,"Dec. 29, 2022",Full,CD Quality,https://imgur.gg/f/dDFJjyz
I NEVER LIKED YOU,"⭐️ Match My Speed
(prod. DJ ESCO)","Leaked on LEAKED.CX on Apr. 29, 2023 after a successful groupbuy. Song is from August 2021.",3:22,Aug. 2021,"Apr. 29, 2023",Full,High Quality,https://imgur.gg/f/knrSrYA
I NEVER LIKED YOU,"Promotion [V2]
(feat. Ty Dolla $ign) (prod. DJ ESCO)
(Gorgeous)","According to Luit, Ty Dolla $ign recorded for ""Promotion"" in 2021, potentially during the Donda Pico Pico sessions as Ty & Future were both present. Potential long snippet for this version leaked 8/14/24. Leaked in full 11/30/24. Features a completely different beat and extra verses from both Future and Ty.",3:11,,"Nov 30, 2024",Full,CD Quality,https://imgur.gg/f/foYBwtX
I NEVER LIKED YOU,"ANOTHER BLOODY SUMMER
(with FN Da Dealer & Unfoonk) (prod. Xander & Nick Papz)","OG Filename: FN_X_UNFOONK_X_PLUTO_X_ANOTHER_BLOODY_SUMMER
Leaked on LEAKED.CX by A Dastardly Villain on Dec. 5, 2022.",4:22,,"Dec. 5, 2022",OG File,CD Quality,https://imgur.gg/f/c1G7kam
I NEVER LIKED YOU,"BEAM ME UP
(with Gunna) (prod. Turbo & Zaytoven)
(Scotti)","OG Filename: beam me up w gunna
First previewed on February 4, 2022 and again by Gunna in an Instagram story on February 18. Listed for sale by UnreleasedSounds on April 1, 2024 and was privatebought for $1,200 in less than a minute. File is dated February 11, 2022. Leaked in full on May 16, 2024. From late 2021/early 2022.",2:53,"Feb 11, 2022","May. 16, 2024",OG File,High Quality,https://imgur.gg/f/8F6Um82
I NEVER LIKED YOU,"✨ BREAK THE BANK
(with Babyface Ray & G.T.)","OG Filename: break the bank- w babyface x gt V2
Leaked on LEAKED.CX by teejayx7 on Jul. 22, 2021. Recorded Sep. 2, 2020 @ 5:54 PM",3:18,"Sep. 2, 2020","Jul. 22, 2021",OG File,High Quality,https://imgur.gg/f/una79oJ
I NEVER LIKED YOU,"CHICKENS [V1]
(with 42 Dugg) (prod. Wheezy)","Leaked on LEAKED.CX on Dec. 29, 2022. Features a verse from 42 Dugg instead of EST Gee.",3:14,,"Dec. 29, 2022",Full,CD Quality,https://imgur.gg/f/M264zaI
I NEVER LIKED YOU,"COUNT MUSIC
(with Young Scooter) (prod. Murda Beatz)","Leaked on LEAKED.CX on Oct. 23, 2022 as a bonus for the 'Change Her Life' groupbuy.",2:57,,"Oct. 23, 2023",Full,High Quality,https://imgur.gg/f/ShRhEui
I NEVER LIKED YOU,"DAYTONA [V1]
(with Gunna) (prod. ATL Jacob)","OG Filename: daytona- w gunna_1
Leaked on LEAKED.CX on Aug. 18, 2023 after a successful groupbuy. The song was recorded / bounced on Nov. 30, 2020.",3:23,"Nov 30, 2020","Aug. 18, 2023",OG File,Lossless,https://imgur.gg/f/kAeogyj
I NEVER LIKED YOU,"DOG SHIT 
(with 42 Dugg and Peezy)","OG Filename: Dog Shit (Peezy verse)
Leaked by ""don osiris"" on Feb. 12, 2026. Ironically is mixed like dogshit yet for some odd reason Peezy's verse is in decent quality. ",3:24,2022,"Feb. 12, 2026",OG File,Low Quality,https://imgur.gg/f/gFROndI
I NEVER LIKED YOU,"✨ DOIN DRUGS DOIN PROSTITUTION
(with Real Boston Richey) (prod. Turbo)","OG Filename: Doin Drugs Doin Prostitution x BOSTON RICHEY 2
Originally thought from 2024 because Future mentions 'MIXTAPE PLUTO'.",3:13,,"Oct. 5, 2022",OG File,CD Quality,https://pillows.su/f/4fec830855d97b77e7b15576e7ba294e
I NEVER LIKED YOU,"FOR A NUT [V1]
(withYoung Thug & Gunna) (prod. ATL Jacob)","OG Filename: for a nut- w thug x gunna
Slightly alternate mix of ""FOR A NUT"" featuring Young Thug and Gunna. The second chorus has a different structure and the outro has additional Future lyrics.",3:27,"Feb 2, 2021","Jan. 23, 2026",OG File,Lossless,https://imgur.gg/f/HXNqjA8
I NEVER LIKED YOU,"I'M NOT AFRAID [V1]
(with Ty Dolla $ign)","Leaked on LEAKED.CX on Jun. 17, 2024. Likely from late 2022 due to references to Thug being locked up. Was thought to be Future's song, but it was likely Ty's song as it was later worked on during $ign Language 2 sessions. According to Ty, he loves his verse on this song.",4:05,2022,"Jun. 17, 2024",Full,CD Quality,https://imgur.gg/f/y8uwQgf
I NEVER LIKED YOU,"⭐️ GUN POWDER
(with G Herbo) ","OG Filename: Pluto x Swerv - Gun Powder (Mbw Mix 1) Master
This song was first teased by Future with an Instagram post on August 3, 2022. Leaked on August 12, 2024.",3:15,,"Aug. 12, 2024",OG File,CD Quality,https://imgur.gg/f/YtJfcf3
I NEVER LIKED YOU,"HOLD UP
(with Playboi Carti) (prod. Richie Souf)","OG Filename: Pluto x PBC - Hold Up RUFF
A song from Playboi Carti's 'Narcissist' sessions. Leaked on May 11, 2023. Originally teased by Richie Souf in 2021 on Twitter. ",3:08,2021,"May. 11, 2023",OG File,CD Quality,https://imgur.gg/f/iQWYYAm
I NEVER LIKED YOU,"🏆 HOOD NIGHTMARES*
(with Lil Gotit) (prod. Southside)
(CARTIER)","Previewed on Lil Gotit's Instagram Story on Dec. 1, 2020 and again on Aug. 15, 2021. Leaked through PlaqueBoyMax' 150x leak on Jul. 8, 2025, he only had the video since Lil Gotit sent it to him. Song is not held.",,,"Dec. 1, 2020",Full,Recording,https://imgur.gg/f/6Samxcm
I NEVER LIKED YOU,"KEEP IT BURNIN [V14]
(ref. Fat Money) (prod. ATL Jacob & DB)
(KEEP IT BURNIN, KEEP IT BURNING, CITY ON FIRE)","March 2022 Fat Money reference track for ""Keep It Burnin"". Different ref compared to the January version. Would later be used for Kanye's finished vocals. Most likely Futures song at this point.",,Mar 2022,Mar 2022,Snippet,CD Quality,https://pillowcase.su/f/9d859015a78b61845c636c8419dde3cd
I NEVER LIKED YOU,"KEEP IT BURNIN [V15]
(ref. Albe Back) (prod. ATL Jacob & DB)
(KEEP IT BURNIN, KEEP IT BURNING, CITY ON FIRE)","March 2022 Albe Back reference track, with added adlibs throughout the song of Donda saying ""yeah?"". Snippet leaked February 12th, 2026.	",,Mar 2022,Mar 2022,Snippet,CD Quality,https://pillows.su/f/84f7924f2b15273097c3da470bc86487
I NEVER LIKED YOU,"CITY ON FIRE [V16-19]
(with Kanye West) (prod. ATL Jacob & DB)
(KEEP IT BURNIN, KEEP IT BURNING)",At least 4 other mixes exist proven by the filename below.	,,,,Confirmed,Not Available,
I NEVER LIKED YOU,"CITY ON FIRE [V20]
(with Kanye West) (prod. ATL Jacob & DB)
(KEEP IT BURNIN, KEEP IT BURNING)","OG Filename: CITY ON FIRE_ w kanye V2.1_3
An alternate mix of ""KEEP IT BURNIN"", very similar to the release version with minor changes. Filename indicates that ""City On Fire"" was a name considered for release, and that this file is dated sometime around March 2022.",3:28,,,OG File,CD Quality,Link not provided for now.
I NEVER LIKED YOU,"⭐ I HATE WHAT HAPPENED [V4] 💎
(prod. Metro Boomin)
(CHARGE ME, QUARANTINE)","OG Filename: 15. I HATE WHAT HAPPENED_V4 MAIN
Leaked on LEAKED.CX on Jul. 30, 2024, only days after it was previewed by well-known moron Adin Ross on his Kick stream. One of these days he will learn he cannot buy unreleased music and keep it from leaking. The song was first previewed on Instagram by @qt.pi on Sep. 3, 2021. Doesn't include the outro like the one Metro previewed. OG File leaked by ""freebandz"" on LEAKED.CX Jan. 6, 2026.",3:32,2022,"Jul. 30, 2024",OG File,Lossless,https://imgur.gg/f/MTkf4M4
I NEVER LIKED YOU,"I'M DAT NIGGA [V1]
(prod. Slowburnz, DY Krazy & Southside)","Leaked on LEAKED.CX by Partly on Jul. 19, 2022. Features some minor lyric changes.",4:30,,"Jul. 19, 2022",Full,High Quality,https://imgur.gg/f/3586yWk
I NEVER LIKED YOU,"KEEP IT LOW [V1]
(with Moneybagg Yo)
(Toxic Dick)","Leaked on LEAKED.CX on May 17, 2024. This version is structured more as a Future song, has new and alt. lyrics, and has a different instrumental. The song was bounced on Jan. 2, 2021.",2:47,,"May. 17, 2024",Full,High Quality,https://imgur.gg/f/9ODTmna
I NEVER LIKED YOU,"MY LIL NIGGA GONNA SPRAY SOMETHING
(with Real Boston Richey)
(Spray Sum)","OG Filename: My Lil Nigga Gonna Spray Something X BOSTON RICHEY
Possibly made the same day as ""DOIN DRUGS DOIN PROSTITUTION"" as the filename's very similar. Leaked by don osiris on LEAKED.CX, with the OG file leaking shortly after.",2:18,2022,"Mar 5, 2026",OG File,CD Quality,https://pillows.su/f/a9227be1da3bf0bf60589aa39abef394
I NEVER LIKED YOU,"MILLIONAIRE [V2]
(prod. ATL Jacob)
(Monsters Inc., Look At She, Look At Me! Pt. 2, Smoke Opps)","OG Filename: MILLIONAIRE
Leaked on LEAKED.CX on Feb. 6, 2024, alongside the session for the song.
Future demo titled ""Millionaire"" dated October 30, 2021 that was later spliced with ""Look At She"" by Ski Mask the Slump God and eventually completely repurposed for track 1 on 11th Dimension by Ski, ""Monsters Inc."" Leaked alongside the studio session after a successful $600 groupbuy on February 6, 2024.",3:11,"Oct 30, 2021","Feb 6, 2024",OG File,Lossless,https://imgur.gg/f/ol6UnyP
I NEVER LIKED YOU,"⭐️ MOGUL MODE
(prod. Mike WiLL Made-It)
(Christian Dior Binoculars, Fresh Punani)","Leaked on LEAKED.CX on Feb. 11, 2024. It was first previewed on Future's Instagram story on Jan. 10, 2021. At that time, the snippet was known as 'Christian Dior Binoculars' or 'Fresh Punani'. It was submitted to DSP's and was supposed to drop on Friday, Feb. 16, 2024, but it never did.",3:21,,"Feb. 11, 2024",Full,High Quality,https://imgur.gg/f/cO2mI1Q
I NEVER LIKED YOU,"⭐ MONACO
(prod. Ebenezer)","Unknown snippet that leaked on X on September 18, 2024. Samples ""Somebody That I Used To Know"" by Gotye. Leaked randomly on LEAKED.CX by ""IM THE DON"" Feb. 12, 2026. Was thought to be from 2024 and scrapped from the 'MIXTAPE PLUTO (Deluxe)', but that's not true.",1:48,2021,"Feb. 12, 2026",Full,CD Quality,https://imgur.gg/f/Ga1AzCv
I NEVER LIKED YOU,"✨ OBAMA [V1]
(prod. Wheezy & ATL Jacob)
(Michelle Obama)","Leaked in the Future Discord on Aug. 7, 2021.",2:15,2021,"Aug. 7, 2021",Full,CD Quality,https://imgur.gg/f/VMHVrOF
I NEVER LIKED YOU,"⭐️ PINK N BLUE [V1]
(prod. Southside)
(Pink & Blue, Rifle, Who Run It)","OG Filename: Future - Pink N Blue (Rough)
Was originally on a Southside tracklist for one of his albums. Leaked on LEAKED.CX by Chikibiki on Nov. 21, 2023 after a successful groupbuy. It was first previewed by Southside on IG on Jun. 26, 2022, and later previewed by @dannykh_ on Aug. 10, 2022 and a final time by @repotheworld on Jan. 21, 2023.",4:23,2022,"Nov. 21, 2023",Full,CD Quality,https://pillows.su/f/6fe16c3fdfe99fa6baab75caf32448b5
I NEVER LIKED YOU,"PINK & BLUE [V2]
(prod. Southside)
(Pink N Blue, Rifle, Who Run It)","Features a completely different beat compared to V1, plus a shorter runtime. Leaked on LEAKED.CX by drag. According to sleep, this is the final version. Seen as track 1 on a rough tracklist post INLY.",3:13,,"Mar. 17, 2026",Full,CD Quality,https://pillows.su/f/814c99359b39ebb65e4189c2f888b0a3
I NEVER LIKED YOU,"SHOPPIN AFTER HOUR
(with Real Boston Richey) (prod. ???)","OG Filename: Shoppin After Hour X BOSTON RI
Possibly made the same day as ""DOIN DRUGS DOIN PROSTITUTION"" & ""MY LIL NIGGA GONNA SPRAY SOMETHING"" as the filename's very similar. Leaked by drag on LEAKED.CX",2:47,2022,"May 16, 2026",OG File,CD Quality,https://pillows.su/f/eb8098a8c31a953aac35099f3c0f38fd
I NEVER LIKED YOU,"QUARANTINE [V3]
(prod. Metro Boomin)
(I HATE WHAT HAPPENED, CHARGE ME)","OG Filename: Quarantine 3 Future
Earliest version of I Hate What Happened available. This version was previewed by Metro and is from 2021. Has different lyrics, mixing and outro than later versions.",3:56,2021,2025,OG File,CD Quality,https://imgur.gg/f/gM4FbiZ
I NEVER LIKED YOU,"TAN & TEQUILA
(prod. ???)
(RADIO)","Snippet posted to LEAKED.CX on January 14, 2023. Full track posted to LEAKED.CX by vaultofbleeod on May 18, 2026.",3:16,2021,"May. 18, 2026",Full,High Quality,https://pillows.su/f/c495a3da772e38b76f0b80c9bcc39fe8
I NEVER LIKED YOU,"⭐️ THINKING OUTRAGEOUS
(with Guap Tarantino)
(GOIN KRAZY, PEPPERMINT)","Song ends at 2:50, leaving a minute of silence at the end. Leaked on Dec. 7, 2022.",2:50,,"Dec. 7, 2022",Full,CD Quality,https://imgur.gg/f/ZaaHcCg
I NEVER LIKED YOU,"✨ THURSDAY [V1]
(prod. ???)",Solo version before Only Thursday hopped on.,2:31,,"May. 16, 2026",Full,CD Quality,https://pillows.su/f/eb044fd0bc77b2ab7fe07ac946b6a949
I NEVER LIKED YOU,"THURSDAY [V2]
(with Only Thursday) (prod. ???)","Leaked on LEAKED.CX on Aug. 16th, 2023 as a bonus for a successful groupbuy. From 2021.",3:30,,"Aug. 16, 2023",Full,CD Quality,https://imgur.gg/f/wgDTvOD
I NEVER LIKED YOU,"✨ TOLD MY [V1]
(with Gunna) (prod. Wheezy, DY Krazy, & Slowburnz)","OG Filename: 01 TOLD MY w gunna
Leaked on Mar. 1, 2023. Later released on Mixtape Pluto without the Gunna feature.",2:50,,"Mar. 1, 2023",OG File,CD Quality,https://imgur.gg/f/cyoTomK
I NEVER LIKED YOU,"TOOK FLIGHT
(with Moneybagg Yo) (prod. ALT Jacob)","OG Filename: 02TOOK FLIGHT PLUTO X JACOB X BAG
INLY throwaway. Leaked on LEAKED.CX on June 23, 2026.",1:46,,"Jun 23, 2026",OG File,High Quality,https://imgur.gg/f/7eaP5L2
I NEVER LIKED YOU,"✨ TRAP AROUND THE WORLD
(with Gunna) (prod. Turbo & Zaytoven)","OG Filename: trap around the world w gunna
Previewed several times in 2022. Previewed in GunnaHub on July 21, 2025. Known as ""Abandoned"" by fans before the real title revealed.",3:04,"Apr 22, 2022","Mar 3, 2026",OG File,High Quality,https://pillows.su/f/aaa0b2e147e333fa386a500f0b52743d
I NEVER LIKED YOU,"TRAPPIN IS A SPORT
(prod. Taurus)","OG Filename: FUTURE-Trappin Is A Sport (Tarus)
Leaked on LEAKED.CX on May 12, 2024. File is 3:22 but there's a minute of silence at the end, so it's really 2:22.",3:22,2021,"May. 12, 2024",OG File,CD Quality,https://imgur.gg/f/cv30wwT
I NEVER LIKED YOU,"WAIT FOR IT [V1]
(feat. T.I.) (prod.  ATL Jacob, FNZ, 1SRAEL, Sonic Major & Tejiri.)
(WAIT FOR U, WAIT FOR YOU, WAIT 4 U, WAIT 4 YOU)","OG Filename: Future - Wait For It (TI VOX) V2
Leaked by chikibiki on LEAKED.CX on Jun. 4, 2026. Originally titled ""WAIT FOR IT"".",4:42,2021,"Jun. 4, 2026",OG File,CD Quality,https://pillows.su/f/75448e9b7bb04b0bb48741aebcb7dc11
I NEVER LIKED YOU,"WORST DAY [V1]
(prod. Wheezy, Taurus, Jasper Harris & Russ Chell)","Leaked on Jan. 15, 2023. Features a slightly altered intro and outro.",3:17,,"Jan. 15, 2023",Full,High Quality,https://imgur.gg/f/SbgJjfg
I NEVER LIKED YOU,"🏆 BAD HABITS
(prod. Southside & Wheezy)","Not to be confused with the leaked 'Bad Habit' song from ongoing era. Snippet surfaced around MIXTAPE PLUTO era. Originally thought to feature Playboi Carti but likely King Bob lied. Also thought to be from 2024 but it's from 2022. Held by Shogani. A HQ snippet later leaked on LEAKED.CX Jun. 23, 2026.",,2022,"Jun 23, 2026",Snippet,CD Quality,https://pillows.su/f/985f17ae5b1fc4ec66b7829ac71426ab
I NEVER LIKED YOU,BE READY,Snippet was leaked on LEAKED.CX,,,"Jan 14, 2022",Snippet,CD Quality,
I NEVER LIKED YOU,"BIG BODY
(feat. Lil Double 0) (prod. Henney)","Previewed on Lil' Double 0's (@lil_double0) Instagram Livestream on Mar. 29, 2021.",,,"Mar 29, 2021",Snippet,Low Quality,Link
I NEVER LIKED YOU,BLOCK,"Previewed on @thewatchdealer's Snapchat on Jun. 22, 2021.",,,"Jun 22, 2021",Snippet,Low Quality,
I NEVER LIKED YOU,BY MISTAKE,"Previewed on @poplord_'s Instagram Story on May 21, 2021.",,,"May 21, 2021",Snippet,Low Quality,Link
I NEVER LIKED YOU,CAN'T COUNT,"Previewed on Yak Gotti's Instagram Story on Apr. 26, 2021.",,,"Apr 26, 2021",Snippet,Low Quality,
I NEVER LIKED YOU,"CARTIER VINTAGE
(prod. 1mvyhem)
(Body Covered Up)","Previewed on Future's Instagram Story on Dec. 25, 2020.",,,"Dec. 25, 2020",Snippet,Low Quality,Link
I NEVER LIKED YOU,CHANEL IN THE TRAP,"Previewed on someone's Instagram Story on Feb. 3, 2022.",,,"Feb. 3, 2022",Snippet,Low Quality,Link
I NEVER LIKED YOU,"CHECK
(feat. EST Gee) (prod. ATL Jacob & Wheezy)","Previewed on Wheezy's Instagram Story on Jun. 22, 2021, then again by @exclusivegameatl on Aug. 4, 2021.",,,"Jun. 22, 2021",Snippet,Low Quality,
I NEVER LIKED YOU,"DÉJÀ VU
(prod. ATL Jacob)","Previewed on Future's Instagram Story on Sep. 10, 2021. Promotional track for the videogame ""DEATHLOOP""",,,"Sep. 10, 2021",Snippet,Low Quality,Link
I NEVER LIKED YOU,"DISGUISE THE PAIN
(prod. Will-A-Fool)","Previewed on Future's Instagram Story on Jan. 26, 2021.",,,"Jan. 26, 2021",Snippet,Low Quality,Link
I NEVER LIKED YOU,"DON'T COME MY WAY
(prod. Nick Mira)","Previewed on Lil' Gnar's Instagram Story on May 27, 2021.",,,"May. 27, 2021",Snippet,Low Quality,Link
I NEVER LIKED YOU,"FAMILY FOREVER [V1]
(feat. Travis Scott) (prod. Metro Boomin, Allen Ritter & Dre Moon)
(Cinderella)","Previewed at Travis Scott's Road to Utopia event on September 17, 2022. Was once called FAMILY FOREVER confirmed by Travis himself. Supposedly created during 'I NEVER LIKED YOU' sessions, but was left off in the end. ",,,,Partial,Low Quality,"https://krakenfiles.com/view/WMSR8D389b/file.html

Engineer Comment (Screenshot)"
I NEVER LIKED YOU,"FRESH FOR THE ISLAND
(prod. Wheezy)
(Cartier Fresh)","Previewed on Future's Instagram Story on Jun. 5, 2021.",,,"May. 27, 2021",Snippet,Low Quality,Link
I NEVER LIKED YOU,FUCK DAT,"Previewed on Lil Double 0's Instagram on Apr. 18, 2021.",,,"Apr. 18, 2021",Snippet,Low Quality,
I NEVER LIKED YOU,GOOD ENERGY,"Previewed on @blackamigoty's Instagram Story on Aug. 21, 2021.",,,"Aug. 21, 2021",Snippet,Low Quality,Link
I NEVER LIKED YOU,"HITTAS
(prod. Wheezy)","Previewed on Wheezy's Instagram Story on Jul. 2, 2021.",,,"Jul. 2, 2021",Snippet,Low Quality,Link
I NEVER LIKED YOU,"I GOT A BITCH
(prod. Wheezy)","Previewed on Wheezy's Instagram Story on Jul. 31, 2021, then again on Aug. 16, 2021.",,,"Jul. 31, 2021",Snippet,Low Quality,Link
I NEVER LIKED YOU,IN LOVE WITH THIS MONEY,"Previewed on Instagram by @traytray__ on Apr. 9, 2021.",,,"Apr. 9, 2021",Snippet,Low Quality,
I NEVER LIKED YOU,"IN YOUR LEGS
(prod. 1mvyhem)","Previewed on 1mvyhem's Instagram Story on Jun. 7, 2021.",,,"Jun. 7, 2021",Snippet,Low Quality,
I NEVER LIKED YOU,INSIDE MY TRUCK,"Previewed by @karryinon_freebandzcat on Feb. 3, 2021.",,,"Feb. 3, 2021",Snippet,Low Quality,
I NEVER LIKED YOU,JAPANESE STYLE,"Previewed on Future's Instagram Story on Dec. 31, 2021.",,,"Dec. 31, 2021",Snippet,Low Quality,Link
I NEVER LIKED YOU,JUMP OUT THE LOW,"Previewed on Future's Instagram Story on Jan. 29, 2021.",,,"Jan. 29, 2021",Snippet,Low Quality,Link
I NEVER LIKED YOU,KEEP MY PROMISE,"Previewed on Instagram by @thatsmygg on Sep. 2, 2021.",,,"Sep. 2, 2021",Snippet,Low Quality,Link
I NEVER LIKED YOU,"🎖️ KING OF THE HILL
(feat. Drake)","A throwaway from the 'Certified Lover Boy' sessions. Named ""King Of The Hill"" by fans. Will likely never release due to Drake's working and personal relationship with Future ending.",,,"Sep 2, 2021",Snippet,Low Quality,https://pillows.su/f/91ecfc4d23484d21c19fa07c408f2c27
I NEVER LIKED YOU,"🎖️ ???
(feat. Drake) (prod. Metro Boomin)","A snippet of Drake, Future & Metro Boomin in the studio on June 2021. Likely recorded in the same session for ""King Of The Hill"". Will never release due to Drake's working and personal relationship with Future and Metro Boomin ending.",,,,Snippet,Low Quality,https://pillows.su/f/9bf7ac110ce67033c5f8e5a454ac1f2e
I NEVER LIKED YOU,LINK UP,"Previewed on Instagram by @thatsmygg & @booka_loc on Sep. 2, 2021 & Nov. 28, 2021.",,,"Sep. 2, 2021",Snippet,Low Quality,
I NEVER LIKED YOU,"MADE IT OUT
(feat. Yung Booke)","Previewed on Instagram by @selfmadescat on Oct. 17, 2021.",,,"Oct. 17, 2021",Snippet,Low Quality,
I NEVER LIKED YOU,"MADE MAN
(prod. ATL Jacob & Omar Guetfa)","Previewed on @fluyguytana's Instagram Story on Oct. 1, 2021.",,,"Oct. 1, 2021",Snippet,Low Quality,Link
I NEVER LIKED YOU,"SERVIN WATER
(feat. Lil Freaky)","Previewed on Lil Freaky's Instagram on Apr. 2, 2021.",,,"Apr. 2, 2021",Snippet,Low Quality,
I NEVER LIKED YOU,SMURF PACK,"Previewed on Future's Instagram Story on Jan. 26, 2021.",,,"Jan. 26, 2021",Snippet,Low Quality,
I NEVER LIKED YOU,SPACED OUT MY MIND,"Previewed on Instagram by @44.bo on Jul. 2, 2021.",,,"Jul. 2, 2021",Snippet,Low Quality,Link
I NEVER LIKED YOU,"STACKIN MORE MEMORIES
(prod. TM88)","Previewed on Future's Instagram Story on Nov. 1, 2021.",,,"Nov. 1, 2021",Snippet,Low Quality,
I NEVER LIKED YOU,"STARGAZING
(prod. 1mvyhem & Mesheyo)","Previewed on Future's Instagram Story on Oct. 9, 2021.",,,"Oct. 9, 2021",Snippet,Low Quality,Link
I NEVER LIKED YOU,START LEANING,"Previewed on Instagram by @nascarrnatmusic on Apr. 26, 2021.",,,"Apr. 26, 2021",Snippet,Low Quality,Link
I NEVER LIKED YOU,"STREETS OF ATLANTA [V2]
(feat. YL Stunna)
(A-Town Down)","Version of A-Town Down that was brought back for a feature in 2021. Still contains the Casino adlibs. Previewed on YL Stunna's Instagram on Jul. 6, 2021 then again on Aug. 12, 2021.",,,"Jul. 6, 2021",Snippet,Low Quality,Link
I NEVER LIKED YOU,"STREETZ
(feat. YSL Fire Boy) (prod. jakybeats)","Previewed on Instagram by @jakybeats on Apr. 25, 2021.",,,"Apr. 25, 2021",Snippet,Low Quality,
I NEVER LIKED YOU,"TOO MANY TO PLEASE
(prod. DY Krazy)","Previewed on Future's Instagram Story on May 20, 2021.",,,"May. 20, 2021",Snippet,Low Quality,
I NEVER LIKED YOU,"TRAPPIN BEFORE RAPPIN
(prod. DY Krazy)","Previewed on Future's Instagram Story on Jan. 10, 2021.",,,"Jan. 10, 2021",Snippet,Low Quality,Link
I NEVER LIKED YOU,"UNSTOPPABLE
(prod. Wheezy, TM88 & DJ Moon)","Previewed numerous times by Young Scooter's (@1youngscooter), Future's, and Ballout's (@bolloutfgmg) Instagram accounts throughout 2021.
This was supposedly the original intro to the project as seen on an early tracklist. A CDQ snippet was posted by propkers on a lost date.",,,"Mar. 29, 2021",Snippet,Low Quality,Link
I NEVER LIKED YOU,"YELLOW DIAMONDS
(prod. Wheezy)","Previewed on Wheezy's Instagram Story on Jul. 26, 2021.",,,"Mar. 29, 2021",Snippet,Low Quality,Link
I NEVER LIKED YOU,"DJ Swamp Izzo - 3 Cell Phones (Remix)
(feat. Future & Young Thug) (prod. DY Krazy & JMoneyWorld)","Announced by DJ Swamp Izzo on his Instagram on Nov. 18, 2021.",,,"Nov. 18, 2021",Confirmed,Not Available,
I NEVER LIKED YOU,"Dusto - For My Kid
(feat. Future) (prod. ATL Jacob)
(This Shit Lit)","OG Filename: for my kid w pluto
Obscure song released as 'This Shit Lit x Future' in 2022 that was taken off DSPs. OG file leaked May 31, 2026.",2:41,2021,"May 31, 2026",OG File,CD Quality,https://pillows.su/f/e47a71251b5e40f50602c6cafbd89e2b
I NEVER LIKED YOU,"🏆 Southside & Future - Hold That Heat [V1]
(feat. Travis Scott & Kanye West) (prod. Southside)","An early version was said to exist with a Ye verse, although others say it does not exist. It's unknown why this verse was removed from the song. According to Alek, this version was meant to be played at Coachella before Ye dropped out of the event.",,,,Conflicting Sources,Not Available,
I NEVER LIKED YOU,"✨ Southside & Future - Hold That Heat [V2]
(feat. Travis Scott) (prod. Southside)","OG Filename: TS - HOLD THAT HEAT INSTRUMENTAL 130BPM 1 2
Leaked on Dec. 8, 2022. This version has extra adlibs, extra verses with alternate vocals, and a new outro. The leaked file begins with a slightly different version of the final release (extra adlibs, different mixing, no MIKE DEAN), and then has around 35 seconds of silence before the songs resumes; the verses that follow are similar to the other verses, but with some alternate lines. While it sounds edited (and the file's metadata shows that it was at least re-ripped), it could potentially be a test-bounce of sorts where they tried to figure out what verses they wanted to use - it's currently unconfirmed. OG file leaked, Mar. 24, 2023.",5:21,,"Dec. 8, 2022",OG File,High Quality,https://imgur.gg/f/Y1zA9E3
I NEVER LIKED YOU,"Lil Durk - I'm Petty [V1]
(feat. Future) (prod. DJ Young Pharaoh, IRoccOnTheBeat & Zypitano)
(Petty Too, Petty)","Previous version implied to exist, because of the second version.",,,,Confirmed,Not Available,
I NEVER LIKED YOU,"Lil Durk - I'm Petty [V2]
(feat. Future) (prod. DJ Young Pharaoh, IRoccOnTheBeat & Zypitano)
(Petty Too, Petty)","OG Filename: im petty w lil durk x future v2
Version with an open verse, and according to Luit is likely the version Ye recorded over. Leaked on LEAKED.CX on Mar. 18, 2024. Features an extra producer tag, and has Future's verse (2nd in the official release) as the first verse, and an open verse for the 2nd verse. Likely for Ye.",2:42,,"Mar. 18, 2024",OG File,CD Quality,https://imgur.gg/f/cTs4VBr
I NEVER LIKED YOU,"Young Scooter - Magic City Monday [V2]
(feat. Gunna)
(Magic City Mondays)","OG Filename: SCOOTER - MAGIC CITY MONDAY X GUNNA
Version with Gunna instead of Future.",2:09,,"Aug. 16, 2023",OG File,CD Quality,https://imgur.gg/f/EkpRuFx
I NEVER LIKED YOU,"✨ Young Scooter - Magic City Monday [V3]
(feat. Gunna & Future)
(Magic City Mondays)",Version with both Gunna and Future but no Young Scooter verse. Future's verse has more autotune.,2:00,,"Aug. 16, 2023",Full,High Quality,https://imgur.gg/f/e3nbyeE
I NEVER LIKED YOU,"Guap Tarantino - Problems On Problems
(feat. Future) (prod. D. Hill)","Song ends at 3:00, leaving almost a minute of silence at the end. Leaked on Dec. 7, 2022.",3:59,,"Dec. 7, 2022",Full,CD Quality,https://imgur.gg/f/HFVt60n
I NEVER LIKED YOU,"FBG Goat - Public Housing
(feat. Future)","Leaked on LEAKED.CX by Lightning McQueen on Jan. 18, 2022. Future only has a bridge in this song.",3:35,,"Jan. 18, 2022",Full,Lossless,https://imgur.gg/f/iMiSqsf
I NEVER LIKED YOU,"Herion Young - Rack Race
(feat. Future & Moneybagg Yo) (prod. D. Hill)","OG Filename: Rack_Race_-_Future_x_Moneybagg_Yo_x_Herion_Young
Leaked on LEAKED.CX on Sep. 23, 2022.",2:33,,"Sep. 23, 2022",OG File,High Quality,https://imgur.gg/f/6EPRIVa
I NEVER LIKED YOU,"EST Gee - SHOOT IT MYSELF [V1]
(feat. Future) (prod. Westen & Beazy)","OG Filename: Future x EST Gee x Westen x Beazy — SHOOT IT MYSELF_5.4.21
Rough mix.",3:19,"May. 4, 2021","Sep. 9, 2022",OG File,CD Quality,https://imgur.gg/f/IkaMTID
I NEVER LIKED YOU,"Lil Gotit - Shoot It Up [V1]
(feat. Future) (prod. DMC Global)",Comfirmed by DMC Global that Future had a verse on the song.,,,,Confirmed,Not Available,
I NEVER LIKED YOU,"✨ Southside - Shoot Out The Coupe
(feat. Future) (prod. Southside)","Released by DJ MLK on his mixtape 'Deal With It Vol. 10' on Oct. 9, 2023, but it was incomplete. The full song later leaked on Oct. 22, 2023. Southside previewed the snippet on August 18th, 2023 on Instagram.",3:10,,"Oct. 22, 2023",Full,High Quality,https://imgur.gg/f/aM6ufiF
I NEVER LIKED YOU,"✨ STACK HOUSE
(feat. Lil Uzi Vert) (prod. ATL Jacob)","Leaked on LEAKED.CX on May 7, 2022. OG features an Uzi verse that is not present in official.",,,"May. 7, 2022",Full,CD Quality,https://imgur.gg/f/0xmA3Wj
I NEVER LIKED YOU,"Unfoonk - Take A Trip [V1]
(feat. Future & Gunna) (prod. AJ)","OG Filename: TAKE A TRIP ft FUTURE unfoonk (prod aj stay workin) aug 24 mix
OG File (Metadata): unfoonk ft future TAKE A TRIP
Original version featuring only Future. Recorded on August 24, 2020. Surfaced in AJ Vault. Leaked on Dec. 6, 2022.",3:24,"Aug. 24, 2020","Dec. 6, 2022",OG File,CD Quality,https://imgur.gg/f/D0Yqre1
I NEVER LIKED YOU,"Unfoonk - Take a Trip [V2]
(feat. Gunna) (prod. AJ Stay Workin)","OG Filename: TAKE A TRIP ft GUNNA
Alternate version featuring only Gunna. Surfaced in AJ Vault.",4:33,,"Dec. 6, 2022",OG File,CD Quality,https://imgur.gg/f/3C4WHI9
I NEVER LIKED YOU,"Unfoonk - Take a Trip [V3]
(feat. Gunna & Future) (prod. AJ Stay Workin)","OG Filename: TAKE A TRIP UNFOONK GUNNA PLUTO (rough mix) .4
Alternate version with both features. Surfaced in AJ Vault.",3:24,,"Dec. 6, 2022",OG File,CD Quality,https://imgur.gg/f/hAOYrg0
I NEVER LIKED YOU,"✨ Unfoonk - Take a Trip [V4]
(feat. Gunna & Future) (prod. AJ Stay Workin)","OG Filename: TAKE A TRIP UNFOONK GUNNA PLUTO (rough mix) 12
Alternate version with different mixing. Surfaced in AJ Vault.",3:28,,"Dec. 6, 2022",OG File,CD Quality,https://imgur.gg/f/kWkFvIW
I NEVER LIKED YOU,"Icewear Vezzo - Tear The Club Up [V1]
(feat. Future) (prod. beatsbymax)",Previewed on Icewear Vezzo's Instagram Story.,,,,Snippet,Low Quality,
I NEVER LIKED YOU,"SprngBrk - The One [V1]
(feat. Future) (prod. ???)
(Mushrooms)","Demo of the released song ""Mushrooms"" with a slightly different beat. First previewed on Instagram by @sprngbrk on Nov. 15, 2021. Leaked in Future Tracker 2.0 on April 21, 2026.",3:08,,"Apr. 21, 2026",Full,CD Quality,https://pillows.su/f/7d22c611b9db44762d4628bb90cdb933
I NEVER LIKED YOU,"Gunna - too easy [V2]
(with Future) (prod. Sean Momberger & Wheezy)","OG Filename: Shit too easy w future x gunna (REF)
Original version of ""too easy"" with rougher mix. Dated June 11, 2021.",2:27,"Jun. 11, 2021","Sep. 23, 2022",OG File,Lossless,https://imgur.gg/f/vOe7Ktd
I NEVER LIKED YOU,"Gunna - too easy [V3]
(with Future) (prod. Sean Momberger & Wheezy)","OG Filename: TOO EASY - GUNNA X FUTURE Prod. Wheezy
Flo mixed version. Dated June 13, 2021.",2:27,"Jun. 13, 2021","Sep. 23, 2022",OG File,High Quality,https://imgur.gg/f/8H0mRri
I NEVER LIKED YOU,"Gunna - too easy [V4]
(with Future) (prod. Sean Momberger & Wheezy)","OG Filename: 07. SHIT TOO EASY_01
Version of ""too easy"" dated October 8, 2021.",2:19,"Oct. 8, 2021","May. 9, 2024",OG File,Lossless,https://imgur.gg/f/ZWjxeDf
I NEVER LIKED YOU,"Drake - Too Sexy [V1]
(feat. Future & Young Thug) (prod. TM88 & TooDope)
(Way 2 Sexy) ","OG Filename: TOO SEXY HARLEY.NOEL .ha.6
Original version of ""Way 2 Sexy"" titled ""Too Sexy"". This version features slightly different mixing with the only major change is a beat pause at 1:18.",4:03,2021,"Oct. 17, 2022",OG File,CD Quality,https://imgur.gg/f/2apt4cD
I NEVER LIKED YOU,"Anuel AA - Tus Celos [V2]
(feat. Future)","Leaked by don osiris on Mar. 1, 2026. Future feature where he speaks spanish with a fake accent. Unintentionally hilarious. Could possibly be a remix for the song as a solo Anuel AA version exists that leaked.",3:07,,"Mar. 1, 2026",Full,High Quality,https://imgur.gg/f/BeyXHL2
I NEVER LIKED YOU,"Ski Mask the Slump God - Look At She [V1]
(prod. ATL Jacob & Slice)
(Monsters Inc., Millionaire, Look At Me! Pt. 2, Smoke Opps)","Original demo of ""Monsters Inc."" by Ski Mask the Slump God, originally titled ""Look At She."" Throwaway from his mixtape Sin City. First teased by Ski on 𝕏 (fka Twitter) on May 20, 2021: ""Living Down On Drury Lane Muffinman Bitch I Got Dough On My Hands."" He first previewed the track on May 22, 2021 in a Triller video he shared on Twitter and Instagram and played more of the song in Instagram Stories. Previewed again in an Instagram Live on May 28, 2021 and again in a stream with Adin Ross on June 25, 2021. He later previewed it again a year later on April 2, 2022.",2:19,"May 22, 2021","Apr 2, 2022",Snippet,High Quality,"https://pillows.su/f/79cb8d643dd5eb8b2fea3164478003d9
https://pillows.su/f/5fd1075cdb899d8b40bc0e7b63692fdf
https://pillows.su/f/11f534f1d69d0382b0a2fffb83cb1caa
https://pillows.su/f/7e68c3efede03c4377d988e6232cc6e9
https://pillows.su/f/72aa92a4060d42bbe0152cfb6bdeccf4
https://pillows.su/f/e757b58c47aabb88dda89bbfada56b6c"
I NEVER LIKED YOU,"Gunna - too easy [V1]
(prod. Sean Momberger & Wheezy)","OG Filename: SHIT TOO EASY Prod WHEZZY (Open VRS)
Version of ""too easy"" with an open verse in place of Future's verse. The open verse is shorter than Future's verse.",2:15,,"Jan. 23, 2026",OG File,CD Quality,https://imgur.gg/f/UKLHsNv
I NEVER LIKED YOU,Anuel AA - Tus Celos [V1],Solo Anuel AA version of Tus Celos.,4:23,,,Full,High Quality,https://www.youtube.com/watch?v=ZlYDbxshPvk
I NEVER LIKED YOU,"???
(feat. FKA twigs) (prod. Wheezy)",Announced by Future on X/Twitter but was left off the album for unknown reasons.,,,,Confirmed,Not Available,https://x.com/1future/status/1512356684320149505
I NEVER LIKED YOU,🏆 I LOVED YOU [I NEVER LIKED YOU (Deluxe)],"According to an insider, Future initially plans to drop the deluxe with singing & R&B. (alas HNDRXX) Scrapped for unknown reasons probably because I NEVER LIKED YOU sold good. Insider said it almost dropped and they referred it as HNDRXX 2.",,,,Rumored,Not Available,
I NEVER LIKED YOU,"Unknown [Drake Collaborations]
(prod. jordanwtf)","Drake and Future were spotted in Miami on Sep 21st, 2021 and jordanwtf (co-produced Drakeo The Ruler's ""Talk To Me"" featuring Drake) exchanged DMs with an unknown person who said, ""future and drake in the stu in like 2 weeks"". This was likely when WAIT FOR U & I'M ON ONE were recorded for Future's I NEVER LIKED YOU album. It is unknown if anything else was recorded in these sessions.",,,,Rumored,Not Available,https://i.imgur.com/DuPTd78.jpg
I NEVER LIKED YOU,Unknown [Kanye West Collaboration],Future was seen with Ye in the studio during the Pio Pico sessions. Unknown if he recorded during that time.,,,,Rumored,Not Available,
I NEVER LIKED YOU,Unknown [Kanye West & Travis Scott Collaboration],"On May 14th a photo was posted, showing Travis, Future, and Kanye together at the Pio Pico studio, in a seemingly separate session from the above mentioned photo with Future. It is unknown if this was for Kanye's album, or a collaboration for another persons album.",,,,Rumored,Not Available,
I NEVER LIKED YOU,Unknown [Ty Dolla $ign Collaboration],"In the music video for ""2022"", There is footage of a studio session between Future and Ty, ""Not Afraid"" and ""Promotion"" are from 2021 meaning there is a currently unheard 2022 Ty and Future collaboration.",,,,Confirmed,Not Available,https://twitter.com/tydollasign/status/1496006768736206848?s=46&t=Pn1X1S8XFrEMq_-xgJS7mQ
I NEVER LIKED YOU,Unknown [Vory Collaborations],Confirmed by Vory himself but was left off the album for unknown reasons.,,,,Confirmed,Not Available,https://www.reddit.com/r/future/comments/tykjcs/ye_vory_42_dugg_and_gunna_all_confirmed_features/
Lil Durk Collab,"⭐️ BACK & FORTH
(with Lil Durk) (prod. Prodbye1)","Leaked on LEAKED.CX on Jun. 17, 2024. Either from late 2022 or early 2023.",2:10,,"Jun 17, 2024",Full,High Quality,https://imgur.gg/f/df32saO
Lil Durk Collab,"✨ BIRDS EYE VIEW
(with Lil Durk) (prod. ATL Jacob)","OG Filename: BIRDS EYE VIEW ft. Lil Durk (NEW)
Leaked on May 15th, 2026. Samples ""Life Is Good"" with Drake as well as ""No Hearts, No Love"" by Big Sean & Metro Boomin. Seems to made in same sessions with Obama [V1].",3:34,,"May. 15, 2026",OG File,CD Quality,https://pillows.su/f/ac16d6843e95bcde57e4c2f1d99203ba
Lil Durk Collab,"✨ DEAD [V1]
(with Lil Durk) (prod. ATL Jacob)","OG Filename: dead w durk
Leaked on LEAKED.CX on Jul. 31, 2024. OG version of the ¥$ song of the same name when it was Future's song with Durk. Confirmed by a YZYCORD insider to be from the Future x Lil Durk collab album. And was given to Ye later on. Melody samples ""FOR A NUT"".",3:20,,"Jul. 31, 2024",OG File,High Quality,https://imgur.gg/f/3j7guiM
Lil Durk Collab,"GORILLA GLUE
(with Lil Durk) (prod. ATL Jacob)
(STUCK)","OG Filename: GORILLA GLUE ft. Lil Durk (NEW)
Leaked alongside a bunch of other artists songs, on LEAKED.CX Jun. 7, 2026.",3:20,,"Jun 7, 2026",OG File,High Quality,https://pillows.su/f/467ff336351586cebf5936c15214107d
Lil Durk Collab,"MADE A WAY [V1]
(with Lil Durk) (prod. ???)","Leaked on LEAKED.CX by Bazically on Sep. 20, 2021. Was dropped officially then almost immediately removed, unknown why. Later version released by ""FaZe Kaysan"", featuring Future & Lil Durk.",3:15,,"Sep. 20, 2021",Full,CD Quality,
Lil Durk Collab,"⭐️ OBAMA [V2]
(with Lil Durk) (prod. Wheezy & ATL Jacob)
(MICHELLE OBAMA)","OG Filename: OBAMA ft. Lil Durk (NEW)
Has an additional verse from Lil Durk not present on (V1). Previewed by Lil Durk in a now deleted Instagram post on January 15, 2023. Leaked on 23 November 2024.",2:18,,"Nov. 23, 2024",OG File,CD Quality,https://imgur.gg/f/pwpIBXB
Lil Durk Collab,"STAYED DOWN
(feat. Young Scooter & Lil Durk) (prod. ATL Jacob)","OG Filename: STAYED DOWN x DURK_Verse 
Has an additional verse from Lil Durk that was not present on release. Might be from the early days of their collab album before it was put on I NEVER LIKED YOU.",3:42,,"Nov. 23, 2024",OG File,CD Quality,https://imgur.gg/f/JZcMfxu
Lil Durk Collab,Code Of Silence [V2],Found on leaked tracklist. Lil Durk presumably hopped on the open verse.,,,,Confirmed,Not Available,
Lil Durk Collab,"Daytona [V2]
(feat. Gunna) (prod. ATL Jacob)","Found on leaked tracklist. Differences from V1 are unknown, but Lil Durk most likely recorded for it. Unknown if it still has Gunna.",,,,Confirmed,Not Available,
Lil Durk Collab,Do For My Image,Found on leaked tracklist.,,,,Confirmed,Not Available,
Lil Durk Collab,Finding Shit In My Closet / Try It Out,Found on leaked tracklist. Likely two songs with a transition.,,,,Confirmed,Not Available,
Lil Durk Collab,Go Yard,Found on leaked tracklist.,,,,Confirmed,Not Available,
Lil Durk Collab,"GTA [V1]
(with Lil Durk) (prod. Metro Boomin)","Found on leaked tracklist. Later released on Future & Metro Boomin collab album ""We Don't Trust You"" without Lil Durk.",,,,Confirmed,Not Available,
Lil Durk Collab,Hit My Line [V2],"Found on leaked tracklist. Differences from V1 are unknown, but Lil Durk most likely recorded for it.  ",,,,Confirmed,Not Available,
Lil Durk Collab,"Millionaire [V3]
(prod. ATL Jacob)
(Monsters Inc., Millionaire, Look At Me! Pt. 2, Smoke Opps)","Found on leaked tracklist. Later released on Ski Mask the Slump God's album ""11th Dimension"" without Lil Durk.",,,,Confirmed,Not Available,
Lil Durk Collab,Never Imagined [V1],"Found on leaked tracklist. Later released on Lil Durk's album ""Almost Healed"". Differences are unknown.",,,,Confirmed,Not Available,
Lil Durk Collab,Never Took The Stand,Found on leaked tracklist.,,,,Confirmed,Not Available,
Lil Durk Collab,Sippin' and Tussin',Found on leaked tracklist.,,,,Confirmed,Not Available,
Lil Durk Collab,Solitary Choker,Found on leaked tracklist.,,,,Confirmed,Not Available,
Lil Durk Collab,Spoiled,Found on leaked tracklist.,,,,Confirmed,Not Available,
Lil Durk Collab,Swing Thru,Found on leaked tracklist.,,,,Confirmed,Not Available,
Lil Durk Collab,Wake Up Go Up,Found on leaked tracklist.,,,,Confirmed,Not Available,
WE DON'T TRUST YOU,"All The Way Live [V1]
(prod. Metro Boomin)","OG Filename: Future_All The Way Live R1
Original version of ""All The Way Live"". Open verse version which Lil Uzi Vert later hopped on. Features a shorter runtime. Leaked by drag on LEAKED.CX alongside 3 other songs, on Mar. 20, 2026.",3:38,,"Mar 20, 2026",OG File,CD Quality,https://imgur.gg/f/4ZSTccS
WE DON'T TRUST YOU,"Astronomical [V2]
(prod. Chaz Jackson)
(Love In The Strip Club)","Leaked on LEAKED.CX on May 24, 2024. This is an edit of the unreleased 'Love In The Strip Club' song. Unsure if this was official or Chaz just did this for fun.",2:21,~Sep. 2022,"May. 24, 2024",Full,CD Quality,https://imgur.gg/f/2dji9n0
WE DON'T TRUST YOU,"⭐️ Bad Bitch Party
(prod. Metro Boomin)","OG Filename: BAD BITCH PARTY (BPM 71 B MAJOR 96k) R1
Leaked on LEAKED.CX on Jul. 14, 2024 after a successful groupbuy. It had its initial snippet leaked to the Future discord server on May 14, 2024. OG file leaked by ""freebandz"" on LEAKED.CX Feb. 19, 2026, alongside 11 other OG files.",3:26,2024,"Jul. 14, 2024",OG File,CD Quality,https://imgur.gg/f/K5iNGkA
WE DON'T TRUST YOU,"Finack
(feat. A$AP Ferg) (prod. ATL Jacob?)","OG Filename: finack_w_ferg.m4a
Leaked on LEAKED.CX by ""topfloorstatus"" on July 1, 2026. File date 2023",2:08,2023,"Jul 1, 2026",OG File,High Quality,https://imgur.gg/f/J07Rzaa
WE DON'T TRUST YOU,"🏆 Like That [V1]
(prod. Metro Boomin)","This version was previewed by Future in a club later on Rolling Loud 3 days before WDTY released, and said by him to be just the freestyle at this point (Future freestyles all his songs then edits them). Has the verse previewed with Travis Scott and later used on the remix with Ye, but it has slightly different lyrics. Likely has the verse that fades out on the outro of the release version.",3:28,2024,"May. 20, 2024
Jun. 23, 2026",Full,Recording,https://imgur.gg/f/PqbzsGh
WE DON'T TRUST YOU,"🏆Type Shit [V1]
(with Playboi Carti) (prod. Metro Boomin)",OG Version of Type Shit with a way longer Carti verse (around 2:30 minutes) that has been cut in the released version and an open verse for Travis. Previewed on Playboi Carti's 'opium_00pium's Instagram account. ,,,"Mar 22, 2024",Full,Recording,https://imgur.gg/f/OzWSFxI
WE DON'T TRUST YOU,"Young Metro [V1]
(prod. Metro Boomin)","OG Filename: YOUNG METRO_(BPM 110_96k) R2
Original version of ""Young Metro"". This version lacks The Weeknd & has open verses which he later hopped on. Leaked by drag on LEAKED.CX alongside 3 other songs on, Mar. 20, 2026.",3:29,,"Mar. 20, 2026",OG File,CD Quality,https://imgur.gg/f/HLyHn3s
WE DON'T TRUST YOU,"Young Thug - Cars Bring Me Out [Master File]
(feat. Future) (prod. Wheezy & Dez Wright)","OG Filename: Cars Bring Me Out Ft. Future
OG Filename (Metadata): 4_Cars Bring Me Out Ft. Future_M1 (Safe)_mstr 06-22_48k
OG file for track 4 on BUSINESS IS BUSINESS, ""Cars Bring Me Out"" featuring Future.",3:23,"Mar 14, 2023","Jul 15, 2024",OG File,Lossless,"https://imgur.gg/f/KfaAJqg
https://imgur.gg/f/8OrwpqI"
WE DON'T TRUST YOU,"🏆 Ice Attack [V1]
(prod. Metro Boomin)","First version without the beatswitch. Nicknamed as ""Too Obsessed"" by fans.",,,,Snippet,Recording,https://imgur.gg/f/UDZxwmS
WE DON'T TRUST YOU,"🏆 Ice Attack [V2]
(prod. Metro Boomin)","First version without the beatswitch. Nicknamed as ""In The Trap"" by fans.",,,,Snippet,Recording,https://imgur.gg/f/1P9Bnnr
WE DON'T TRUST YOU,"🏆 Young Metro [V2]
(feat. Swae Lee) (prod. Metro Boomin)","Partial OG Filename : Swae x Future x Metro (12.11.2
Version of ""Young Metro"" with a Swae Lee verse. Dated from December 11, 2023.",5:31,"Dec. 11, 2023","Jul. 14, 2024",Snippet,CD Quality,https://temp.imgur.gg/f/3GP6cul
WE DON'T TRUST YOU,"Like That (Remix) [V1]
(feat. Kanye West) (prod. Metro Boomin)","The earliest known version of the remix, with alternate Ye vocals. Snippet leaked April 20th, 2024, with a longer one leaking May 20th, 2024.",,,"May. 20, 2024",Snippet,Recording,Link not provided for now.
WE DON'T TRUST YOU,"Like That (Remix) [V2]
(feat. Kanye West) (prod. Metro Boomin)","Initial version of the remix, over the original instrumental for the song, no Ty Dolla $ign vocals, and some extra/different Ye vocals & adlibs that would later be cut. Previewed by Adam22 on April 20th, 2024. It's unknown if Kendrick is still on this version. Longer snippet with all of the Ye verse leaked May 26th, 2024. Interpolates ""Celebration"".",,,"May. 26, 2024",Partial,Recording,Link not provided for now.
WE DON'T TRUST YOU,"LIKE THAT (Remix) [V4]
(feat. ¥$ & The Hooligans) (prod. Metro Boomin, Kanye West & The Legendary Traxster)","Previewed on the Justin Laboy ""The Download"" interview. Has the Eazy sample before The Hooligans start, apart from that it's the same as release. According to Insiders, the ""Like That Remix"" was intended to be a single for VULTURES 2, but plans got scrapped because of the Drake & Kendrick feud.",,,"Apr. 21, 2024",Partial,High Quality,Link not provided for now.
WE DON'T TRUST YOU,"Where My Twin @ [V1]
(with Young Thug) (prod. Metro Boomin & G Koop)","Sometime in either 2023 or 2024, Young Thug recorded a verse for ""Where
My Twin @"" from prison. The verse was cut from release, likely from it being
too low quality. The leaked verse is acapella only.",,,"Sep. 6, 2025",Partial,Recording,https://music.froste.lol/song/46191189d2f78cc489e7aedbeaeb21b5
WE DON'T TRUST YOU,"DJ Khaled - SUPPOSED TO BE LOVED [V1]
(with Lil Baby & Future) (feat. Lil Uzi Vert) (prod. DJ Khaled, TM88, Slo Meezy, Macnificent & C$D Sid)","OG Filename: DJ KHALED X LIL BABY X FUTURE
Demo of the lead single for Khaled’s fourteenth studio album 'TIL NEXT TIME'. Samples ""P.Y.T. (Pretty Young Thing)"" by Michael Jackson, and ""Drag Rap"" by The Showboys. Interpolates ""Because of You (from PxBP)"" and ""Delirious (feat. Soulja Boy)"" by Vistoso Bosses. Was advertised with Uzi & Khaled working on the studio, but his verse was the shortest of the three rappers. Many consider that very low effort was put into this track.",3:28,"Jul 17, 2023
(Uzi)","Jan 27, 2026",OG File,CD Quality,https://imgur.gg/f/4X3v6Qr
WE DON'T TRUST YOU,"KITSCHKRIEG - Slow Down [V1]
(feat. Fridayy, Future & Mariah The Scientist) (prod. KITSCHKRIEG)","OG Filename: #4a KK x Future & Fridayy & Mariah The Scientist – Slow Down
Leaked on LEAKED.CX on Feb. 21, 2024. From 2023.",3:14,2023,"Feb. 21, 2024",OG File,CD Quality,https://imgur.gg/f/ybXOzBO
WE DON'T TRUST YOU,"Trippie Redd - FULLY LOADED [V2]
(feat. Future) (prod. Loesoe)","OG Filename: Trippie Red x Future - Fully Loaded
A version that only has Future as a feature, contains no open verse.",,,"Apr 9, 2024",OG File,CD Quality,https://pillows.su/f/1939759568d422dca7baa7959db16ff5
WE DON'T TRUST YOU,"Trippie Redd - FULLY LOADED [V3]
(feat. Future) (prod. Loesoe)","Master Filename: 4. Fully Loaded (MASTER)
Leaked on January 20, 2023 and mastered by Igor Mamet. This is the final version before released",,"Jan 1, 2023","Jan 20, 2023",OG File,Lossless,https://pillows.su/f/1939759568d422dca7baa7959db16ff5
WE DON'T TRUST YOU,"Trippie Redd - PSYCHO [V1]
(feat. Future) (prod. Igor Mamet, Loesoe, Seal, HNRZHUNTER & Peter Jideonwo)","OG Filename: Trippie Red x Future - Psycho
OG File for ""PSYCHO"" featuring Future. Leaked on April 5, 2024.",,,"Apr 5, 2024",OG File,CD Quality,https://pillows.su/f/2e5ba5776482eaa0feb705f7e3f2044a
WE DON'T TRUST YOU,"Trippie Redd - PSYCHO [V2]
(feat. Future) (prod. Igor Mamet, Loesoe, Seal, HNRZHUNTER & Peter Jideonwo)","Master Filename: 3. Psycho (MASTER)
Leaked on January 20, 2023 and mastered by Igor Mamet. This is the final version before released",,"Jan 1, 2023","Jan 20, 2023",OG File,Lossless,https://pillows.su/f/8c4096b2cd6ab58e50df4edd99b76c84
WE DON'T TRUST YOU,"Ty Dolla $ign - I'm Not Afraid [V2]
(feat. Future) (prod. Metro Boomin & Juicy J)","Version with an additional sample and better mixing, presumably from $ign Language 2 sessions due to the production style and the fact that it was played alongside other $L2 songs. Played by Ty Dolla $ign on stream November 24, 2025.",,2022,"Jun. 17, 2024",Partial,Recording,https://pillows.su/f/b8ddba25685fa067fa8c1bb33ad07645
WE DON'T TRUST YOU,"Ski Mask the Slump God & ATL Jacob - Millionaire [V5]
(feat. Future) (prod. ATL Jacob)
(Monsters Inc., Look At She, Look At Me! Pt. 2, Smoke Opps)","Version of ""Monsters Inc."" by Ski Mask the Slump God which combined Future's ""Millionaire"" demo with his demo ""Look At She."" Previewed by co-producer ATL Jacob in a TikTok video on February 20, 2023 whilst confirming Future’s presence on it: ""Put @1future and @THESLUMPGOD on the same record never before done !!!""  ATL Jacob posted on 𝕏 (fka Twitter) asking fans to send cover artwork for a Future and Ski Mask collab titled “Millionaire” on June 15, 2023.",,"Feb 20, 2023","Feb 20, 2023",Snippet,High Quality,
WE DON'T TRUST YOU,"Ski Mask the Slump God & ATL Jacob - Millionaire [V6]
(feat. Future) (prod. ATL Jacob)
(Monsters Inc., Look At She, Look At Me! Pt. 2, Smoke Opps)","OG Filename (Partial): SKI MASK x FUTURE Milliona...
Filename teased by Ski Mask the Slump God from Google Drive in an Instagram Story captioned ""11th Dimension"" on April 29, 2024. Presumably a later version than previously previewed versions.",,,"Apr 29, 2024",Confirmed,Not Available,https://i.ibb.co/6cy2qMmd/2024-04-29-SKI-MASK-x-FUTURE-Milliona-theslumpgod-IG-Story.jpg
WE DON'T TRUST YOU,"🏆 Ski Mask the Slump God & ATL Jacob - Millionaire [V7]
(feat. Future & Yeat) (prod. ATL Jacob)
(Monsters Inc., Look At She, Look At Me! Pt. 2, Smoke Opps)","Original version of track 1 on 11th Dimension by Ski Mask the Slump God, ""Monsters Inc."" featuring Future with an addiitional feature from Yeat. Previewed by DJ Scheme in an Instagram Story on May 8, 2024. Teased by Ski Mask in a note from May 9, 2024 titled ""Ski x Pluto x Yeat Millionaire"" while previewing ""Hulk"" in an Instagram Story on May 10, 2024. After posting a tracklist for the album, Ski later clarified on 𝕏 (fka Twitter) on June 4, 2024 that Yeat did his verse and ended up not liking the beat and wanting to switch it, while Ski wanted to keep the original beat, hence why Yeat did not make the final tracklist. Unconfirmed whether this version has the ""Look At She"" vocals from Ski or the new vocals.",,"May 8, 2024","May 8, 2024",Snippet,Recording,https://pillows.su/f/b630b8d49dbfe408339ea13585ca8399
WE DON'T TRUST YOU,"Yeat - stand on it [V2]
(feat. Future) (prod. GeoGotBands & Yeat)
(Stand On It, PLUT093)","Original version of track 16 on 2093, ""Stand On It"" with Future. Previewed by Yeat in an Instagram Story captioned ""####PLUT093"" on January 31, 2024.",,"Jan 31, 2024","Jan 31, 2024",Snippet,High Quality,https://pillows.su/f/d8978b50f6787c78a4660543d667f7db
WE DON'T TRUST YOU,"Yeat - stand on it [V3]
(feat. Future) (prod. GeoGotBands & Yeat)
(Stand On It, PLUT093)","OG file for track 16 on 2093, ""Stand On It"" with Future.",,"Jan 31, 2024","Feb 16, 2024",Confirmed,Not Available,
WE DON'T TRUST YOU,"Yeat - stand on it [V4]
(feat. Future) (prod. GeoGotBands & Yeat)
(Stand On It, PLUT093)","OG Filename: stand on it ft future FINAL MST I
Final master for track 16 on 2093, ""Stand On It"" with Future. Filename leaked on December 28, 2024.",,,"Dec 28, 2024",Confirmed,Not Available,
WE DON'T TRUST YOU,"NAV - ???
(with Future) (prod. Metro Boomin & Southside)","Previewed on January 26, 2024; Future, NAV, Southside and Metro can all
be seen in the video. The main artist is likely NAV. Was supposed to drop on
NAV's ""OMW2 REXDALE"" deluxe but it didn't for unknown reasons.",,,,Snippet,Recording,https://pillows.su/f/8abe81baaaf10a6ac3f0c797af161251
WE DON'T TRUST YOU,"Travis Scott - FUTURE BOUNCE [V36]
(feat. Future & SZA) (prod. Travis Scott, BoogzDaBeast, Wallis Lane, Kanye West, Jahaan Sweet, Nabeyin & Hudson Mohawke)
(Future Of Sound, Future Sounds, TELEKINESIS, Ultrasounds)","OG Filename: FBOPENS-V - CD REF 1
Features a different SZA verse than the released version. Filename suggests that the old ""Future Bounce"" name was still inplace until last minute. Original snippet leaked June 9th, 2024. Leaked as part of a groupbuy.",5:25,"Jun 2, 2023","Jun 11, 2024",OG File,Lossless,https://pillows.su/f/8ea9ed14c11f44a4b0641e0f4016b450
WE DON'T TRUST YOU,"Travis Scott - FUTURE BOUNCE [V37]
(feat. Future & SZA) (prod. Travis Scott, BoogzDaBeast, Wallis Lane, Kanye West, Jahaan Sweet, Nabeyin & Hudson Mohawke)
(Future Of Sound, Future Sounds, TELEKINESIS, Ultrasounds)","OG Filename: FBOPENS-V - CD REF 2
Features a different SZA verse than the released version and different mixing. Leaked as part of a groupbuy.",5:26,"Jun 4, 2023","Jun 12, 2024",OG File,Lossless,https://pillows.su/f/ee4921bd4d11e8d651e037a358987751
WE DON'T TRUST YOU,"Ty Dolla $ign - Promotion [V3]
(feat. Future)
(Gorgeous)","OG Filenames: PROMOTION ESCOXTY$XFUTURE &
PROMOTION V1
Version of ""Promotion"" with Ty Dolla $ign and Future vocals, likely pre-Kanye involvement. Possibly seen on a blurry Japan tracklist as ""Gorgeous"". Recording leaked 8/6/24. A HQ version leaked the next day. Apparently for some reason, the ""PROMOTION ESCOXTY$XFUTURE"" is just a minute of the snippet that was previewed fully but ""PROMOTION V1"" is the actual 3 minute file.",~3:00,"Aug 7, 2024","Jun 1, 2025",Partial,High Quality,"https://pillowcase.su/f/f37482ff3beec5d864fe44fcecdbc5aa 
https://pillowcase.su/f/95c7a86c1f6134e077a900cc5f8466b6"
WE DON'T TRUST YOU,"Ty Dolla $ign - Promotion [V4]
(feat. Future) (prod. London on da Track)
(Gorgeous)","Later version of ""Promotion"", with alternate production that would be used on later versions, still pre-Kanye involvement. Has extra Ty vocals. Snippet leaked 3/9/24.",,"Mar 9, 2024",,Snippet,CD Quality,https://pillowcase.su/f/23270a5168262276b4faffd90d2461c4
WE DON'T TRUST YOU,"¥$ - PROMOTION [V5]
(GORGEOUS)","Initial Kanye freestyle for ""Promotion"". According to Luit, the vocals from this freestyle was used in Dukunoo Jamaican Kitchen version and Melrose Listening Party version at the near end before it gets cutoff. Is also said that Kanye stops recording for a moment to shout at Bianca who was in another room. Unknown if this freestyle has the Future vocals. ",,,,Rumored,Not Available,
WE DON'T TRUST YOU,"¥$ - PROMOTION [V6]
(feat. Future) (prod. AyoAA, Wheezy, London on da Track & The Legendary Traxster)
(GORGEOUS)","Version of ""Promotion"" seen on tracklists in the Italy era.",,,,Confirmed,Not Available,
WE DON'T TRUST YOU,"¥$ - PROMOTION [V7]
(feat. Future) (prod. AyoAA, Wheezy, London on da Track & The Legendary Traxster)
(GORGEOUS)","Track 11 on tracklist posted by Ty Dolla $ign. Snippet played at Dukunoo Jamaican Kitchen. Has a Kanye mumble verse, a Future feature and a totally different instrumental. Snippet leaked 12/10/23. Another snippet leaked 10/28/24",,"Oct 28, 2024",,Snippet,Recording,Link not provided for now.
WE DON'T TRUST YOU,"¥$ - GORGEOUS [V8]
(PROMOTION)","OG Filename: Gorgeous
Instrumental for an early version of ""Gorgeous"". Leaked 7/31/24. This version is a stem bounce.",2:42,"Jul 31, 2024","Dec 11, 2023",Beat Only,Lossless,Link not provided for now.
WE DON'T TRUST YOU,"¥$ - GORGEOUS [V9]
(PROMOTION)","OG Filename: GORGEIUS STEMS V1A 157BPM
Instrumental for an early version of ""Gorgeous"". Leaked 7/31/24. This version is a stem bounce.",2:32,"Jul 31, 2024","Dec 11, 2023",Beat Only,Lossless,Link not provided for now.
WE DON'T TRUST YOU,"¥$ - GORGEOUS [V10]
(PROMOTION)","OG Filename: GORGEOUS V1B 157BPM
Instrumental for an early version of ""Gorgeous"". Leaked 7/31/24. This version is a stem bounce.",2:32,"Jul 31, 2024","Dec 12, 2023",Beat Only,Lossless,Link not provided for now.
WE DON'T TRUST YOU,"¥$ - PROMOTION [V11]
(GORGEOUS)","OG Filename: promotion piano intro
Instrumental for an early version of ""Promotion"". Leaked 7/31/24. This version is a stem bounce.",2:31,"Jul 31, 2024","Dec 14, 2023",Beat Only,Lossless,Link not provided for now.
WE DON'T TRUST YOU,"¥$ - PAID [V6]
(ref. Future) (prod. Stryv)","OG Filename: PAID - Future Reference (Trax Edit).L
A version with Future on it. Seen on a January 2024 VULTURES tracklist. According to Pop, Future's verse is a reference for Ye, and the track only has him and Ty on it. Was originally thought to be ""Promotion"". Filename shown by Hogan on December 8th, 2025.",,,,Confirmed,Not Available,
WE DON'T TRUST YOU,"¥$ - DEAD [V2]
(ref. Lil Baby) (feat. Future & Lil Durk) (prod. ATL Jacob)","OG Filename: dead MIAMI BABY 20 - YE
Version of ""Dead"" with vocals from Lil Baby. Most likely meant as a ref due to the filename. Has an alternate Ty Dolla $ign verse. Snippet leaked 8/8/24. Another snippet leaked 10/14/24. Leaked in full on 10/16/24.",3:27,"Oct 16, 2024",,OG File,CD Quality,Link not provided for now.
WE DON'T TRUST YOU,"¥$ - DEAD [V3]
(ref. Ty Dolla $ign & FRE$H) (feat. Future & Lil Durk) (prod. ATL Jacob)","OG Filename: DEAD - ty ref
Ty & Fre$h reference for ""Dead"" that would later be used for Kanye's release verse. Snippet leaked 10/19/24.",4:57,"Oct 21, 2024",,OG File,Lossless,Link not provided for now.
WE DON'T TRUST YOU,"¥$ - DEAD [V4]
(ref. Denzel Curry & Ant Clemons) (feat. Future & Lil Durk) (prod. ATL Jacob)","According to shadow, Denzel Curry wrote a reference track for ""Dead"". Ant Clemons & Fya Man were also present. Denzel said he went ""back and forth"" with ideas with Ant Clemons, so potentially Ant was on it too.",,,,Rumored,Not Available,
WE DON'T TRUST YOU,"¥$ - DEAD [V5]
(ref. Fat Money) (feat. Future & Lil Durk) (prod. ATL Jacob)","Fat Money ref for ""Dead"". Snippet leaked 8/6/24.",,"Aug 6, 2024",,Partial,Recording,Link not provided for now.
WE DON'T TRUST YOU,"¥$ - DEAD [V6]
(feat. Future & Lil Durk) (prod. ATL Jacob)",Previewed on Fat Money's instagram livestream. The song is slightly sped up and is possibly a reference track.,,"Jan 29, 2024",,Snippet,Recording,Link not provided for now.
WE DON'T TRUST YOU,"¥$ - DEAD [V7]
(feat. Future & Lil Durk) (prod. ATL Jacob)","OG Filename: dead w/ jew freestyle
Jewish freestyle for ""Dead"". Contains the same first 5 minutes as the Las Vegas version, with a three minute low mumble freestyle from Ye following it. Was most likely made right before the Las Vegas version as it doesn't have the Khloe bar.",8:12,"Oct 5, 2024",,OG File,CD Quality,Link not provided for now.
WE DON'T TRUST YOU,"¥$ - DEAD [V8]
(feat. Future & Lil Durk) (prod. ATL Jacob)","OG Filename: dead - Track 1
OG version of ""Dead"" with an alternate line ""Tristan bought you Khloe keep it true with me / All I ever wanted was you to be true with me"" and an alternate Ty line. Made on or before Dec 14, 2023",5:04,"Jul 31, 2024",,OG File,Lossless,Link not provided for now.
WE DON'T TRUST YOU,"¥$ - DEAD [V9]
(feat. Future & Lil Durk) (prod. ATL Jacob, London on da Track & Wheezy)","OG Filename: Dead Intro 134
Version with added intro production and at the start of Ye's vocals. This version is a stem bounce.",5:04,"Dec 14, 2023","Jul 31, 2024",Full,Lossless,Link not provided for now.
WE DON'T TRUST YOU,"¥$ - DEAD [V10]
(feat. Future & Lil Durk) (prod. ATL Jacob)","Version of ""Dead"" played at the Vultures Las Vegas rave.",4:56,"Dec 15, 2023",,Full,High Quality,Link not provided for now.
WE DON'T TRUST YOU,"¥$ - DEAD [V11]
(feat. Future & Lil Durk) (prod. ATL Jacob & SHDØW)","Version with added production from SHDØW. Vocals are AI extracted. Snippet leaked Dec 26th, 2024.",,,,Snippet,CD Quality,Link not provided for now.
WE DON'T TRUST YOU,"¥$ - SEND SOME SHOTS [V2]
(feat. Future & Young Thug) (prod. Wheezy)","Wheezy-produced song with Future and Young Thug, originally an unreleased track from 2019. Wheezy likely showed ¥$ the track during Saudi sessions. Played by Ty on stream with Auger December 7th, 2025.",,,"May. 2, 2020",Partial,Recording,Link not provided for now.
WE DON'T TRUST YOU,"Trippie Redd - FULLY LOADED [V1]
(prod. Loesoe)","OG Filename: Fully Loaded
The song was first previewed June 2022. This version contains open verses.",,"Jun 5, 2022","Jan 18, 2023",OG File,High Quality,https://pillows.su/f/a13f4bce3e7b5630aa1e918aa5fcd751
WE DON'T TRUST YOU,"🏆 Playboi Carti - WE NOT ≠
(feat. Future)
(WE NOT EQUAL)",Unrelated to the solo song with the same name. Seen on July 2023 MUSIC tracklist.,,,,Rumored,Not Available,
WE DON'T TRUST YOU,"Like That [V2]
(feat. Kendrick Lamar) (prod. Metro Boomin)","Reddit user u/stopcappin claimed two months before ""Like That"" dropped that Kendrick sent Metro a 3 minute verse taking direct shots at Drake. The final version of the song only had about a minute for Kendrick's feature. The user claimed that the verse was cut down because Future thought it was ""too disrespectful"".",,,,Rumored,Not Available,
WE DON'T TRUST YOU,"Like That (Remix) [V3]
(feat. Kanye West, Kendrick Lamar & Pusha T) (prod. Metro Boomin)","Version of the remix said to exist by Pop. Has Kendrick Lamar & Pusha T vocals, although it's been said by other sources that Pusha T recorded for a different remix, and is not associated with the Ye version at all.",,,,Conflicting Sources,Not Available,
WE DON'T TRUST YOU,"Yeat - stand on it [V1]
(prod. GeoGotBands & Yeat)
(Stand On It, PLUT093)","Original open verse version of track 16 on 2093, ""Stand On It,"" that was sent out to Future to record on.",,,"Jan 31, 2024",Confirmed,Not Available,
WE DON'T TRUST YOU,"Travis Scott - WHERE WAS YOU [V1]
(feat. Playboi Carti) (prod. F1LTHY & Glasear)","OG Filename [?]: WHERE WASS YOU
Early version that lacks Future. File seen briefly at the beginning of the video
teaser announcing the 00CACTUS double show.",,,,Confirmed,Not Available,https://imgur.com/ljVZgjR
WE DON'T TRUST YOU,Unknown [Playboi Carti Collaborations],"According to Hogan, Future is said to have recorded features for MUSIC.",,,,Rumored,Not Available,
WE DON'T TRUST YOU,Unknown [LUCKI Collaborations],"LUCKI tweeted on February 5, 2024, that he and Future have been in the studio. ""BBY GOAT"" by them is likely made in this session.",,,,Confirmed,Not Available,https://x.com/FLAWLESSLUCKI/status/1754564104646537355?s=20
WE STILL DON'T TRUST YOU,"Always Be My Fault [V1]
(prod. Metro Boomin)","Original version, this version lacks The Weeknd, and has a shorter runtime compared to the released version. Leaked by chikibiki on LEAKED.CX.",4:02,2024,"May. 15, 2025",Full,CD Quality,https://imgur.gg/f/s2oDRND
WE STILL DON'T TRUST YOU,"Show of Hands [V1]
(with A$AP Rocky) (prod. Metro Boomin)
(Can't Change)","OG Filename: cant change_3
Original version of 'Show of Hands' with A$AP Rocky, contains a rough mix & an open verse. Originally titled ""Can't Change"". Leaked by drag on LEAKED.CX.",2:51,2022,"March. 18, 2026",OG File,CD Quality,https://imgur.gg/f/31W2mX0
WE STILL DON'T TRUST YOU,"⭐️ Evil World 
(prod. Metro Boomin)","OG Filename: EVIL WORLD_BPM 126_E MINOR_96k) R2
Track spotted on an early whiteboard tracklist for We Still Don't Trust You.",3:37,2024,"May. 15, 2026",OG File,CD Quality,https://imgur.gg/f/7NOvpLU
WE STILL DON'T TRUST YOU,"⭐ Snipe
(prod. Metro Boomin)
(Back Outside) (Try Me)","Throwaway from WE STILL DON'T TRUST YOU. Uses the same beat as Lil Uzi Vert's ""Try Me"". Leaked June 23, 2026.",3:23,2024,"Jun 23, 2026",Full,CD Quality,https://imgur.gg/f/Rz5zaV0
WE STILL DON'T TRUST YOU,"Amazing (Interlude)
(prod. Metro Boomin)","OG Filename: AMAZING (BPM 100 B MINOR 96k) R2
Original file for 'Amazing (Interlude)'. Leaked by ""freebandz"" on LEAKED.CX Feb. 19, 2026, alongside 11 other OG files.",2:26,,"February. 19, 2026",OG File,CD Quality,https://imgur.gg/f/Cuzv6gU
WE STILL DON'T TRUST YOU,"Beat It
(prod. Metro Boomin)","OG Filename: BEAT IT (BPM 80 A MINOR 96k) R4.2
Original file for 'Beat It'. Leaked by ""freebandz"" on LEAKED.CX Feb. 19, 2026, alongside 11 other OG files.",3:36,,"February. 19, 2026",OG File,CD Quality,https://imgur.gg/f/1tcRTBk
WE STILL DON'T TRUST YOU,"Before You Go [V1]
(feat. GIVĒON) (prod. Metro Boomin)
(All to Myself)","OG Filename: BEFORE YOU GO BPM 118 G MAJOR 96k
Track spotted on multiple pictures of an early whiteboard tracklist for We Still Don't Trust You. Leaked by ""chikibiki"" on LEAKED Feb. 14, 2025.",4:07,,Feb. 14. 2025,OG File,CD Quality,https://imgur.gg/f/ePFUjOy
WE STILL DON'T TRUST YOU,"Drink N Dance
(prod. Metro Boomin)","OG Filename: DRINK N DANCE (BPM 125 G MINOR 96k) R5
Original file for 'Drink N Dance'. Leaked by ""freebandz"" on LEAKED.CX Feb. 19, 2026, alongside 11 other OG files.",3:42,,"February. 19, 2026",OG File,CD Quality,https://imgur.gg/f/6zMfKay
WE STILL DON'T TRUST YOU,"Jealous
(prod. Metro Boomin)","OG Filename: JEALOUS (BPM 70.5 C# MINOR 96k) R1
Original file for 'Jealous'. Leaked by ""freebandz"" on LEAKED.CX Feb. 19, 2026, alongside 11 other OG files.",3:44,,"February. 19, 2026",OG File,CD Quality,https://imgur.gg/f/jYUSVqR
WE STILL DON'T TRUST YOU,"Junkies at My Door [V1]
(prod. ???)
(Crazy Clientele)","OG Filename: Junkies at My Door new edit v3
Original version of 'Crazy Clientele' with a different beat, verse, vocal structure, and an open verse in place of the second verse. Leaked as a bonus to the 'FOR ME' groupbuy.",3:07,"Oct 20, 2023","Jun 1, 2026",OG File,Lossless,https://pillows.su/f/5b33913e6744737b608bfd303b574328
WE STILL DON'T TRUST YOU,"Mile High Memories
(prod. Metro Boomin)","OG Filename: MILE HIGH MEMORIES (BPM 105 Eb MINOR 96k) R1
Original file for 'Mile High Memories'. Leaked by ""freebandz"" on LEAKED.CX Feb. 19, 2026, alongside 11 other OG files.",3:39,,"February. 19, 2026",OG File,CD Quality,https://imgur.gg/f/S0nKk33
WE STILL DON'T TRUST YOU,"Nights Like This [V4]
(prod. Metro Boomin)","OG Filename: NIGHTS LIKE THIS (BPM 80 C MAJOR 96k) V4
4th mix for 'Nights Like This'. Leaked by sleep on LEAKED.CX Feb. 19, 2026, alongside 11 other OG files.",3:51,,"February. 19, 2026",OG File,CD Quality,https://imgur.gg/f/atHZNCb
WE STILL DON'T TRUST YOU,"One Big Family
(prod. Metro Boomin)","OG Filename: ONE BIG FAMILY_(BPM 127_Db MAJOR_96k) R1
Original version of One Big Family with a Björk sample at the beggining, difference in lyrics and a longer outro. Leaked by sleep in the Future Tracker 2.0.",4:18,,"February. 13, 2026",OG File,CD Quality,https://imgur.gg/f/laepXhP
WE STILL DON'T TRUST YOU,"Out Of My Hands
(prod. Metro Boomin)","OG Filename: OUT OF MY HANDS (BPM 61 F MINOR 96k) R1
Original file for 'Out Of My Hands'. Leaked by ""freebandz"" on LEAKED.CX Feb. 19, 2026, alongside 11 other OG files.",4:03,,"February. 19, 2026",OG File,CD Quality,https://imgur.gg/f/SZs9d8j
WE STILL DON'T TRUST YOU,"Overload
(prod. Metro Boomin)","OG Filename: OVERLOAD (BPM 60 96k) R3
Original file for 'Overload'. Leaked by ""freebandz"" on LEAKED.CX Feb. 19, 2026, alongside 11 other OG files.",3:44,,"February. 19, 2026",OG File,CD Quality,https://imgur.gg/f/pl6IUXX
WE STILL DON'T TRUST YOU,"Red Leather [V6]
(with J. Cole) prod. Metro Boomin)","OG Filename: RED LEATHER (BPM 85 Bb MINOR 96k) V6
6th mix for 'Red Leather' featuring J. Cole. Leaked by ""freebandz"" on LEAKED.CX Feb. 19, 2026, alongside 11 other OG files.",6:50,,"February. 19, 2026",OG File,CD Quality,https://imgur.gg/f/2JdhmQg
WE STILL DON'T TRUST YOU,"Right 4 You
(prod. Metro Boomin)","OG Filename: RIGHT 4 YOU (BPM 115 Db MAJOR 96k) R4
Original file for 'Right 4 You'. Leaked by ""freebandz"" on LEAKED.CX Feb. 19, 2026, alongside 11 other OG files.",3:55,,"February. 19, 2026",OG File,CD Quality,https://imgur.gg/f/8WINknw
WE STILL DON'T TRUST YOU,"This Sunday [V2]
(prod. Metro Boomin)","OG Filename: THIS SUNDAY (BPM 84.3 G MAJOR 96k) R1
Original file for 'This Sunday'. Leaked by ""freebandz"" on LEAKED.CX Feb. 19, 2026, alongside 11 other OG files.",3:19,,"February. 19, 2026",OG File,CD Quality,https://imgur.gg/f/JlOrgpH
WE STILL DON'T TRUST YOU,"We Still Don't Trust You [V1]
(prod. Metro Boomin)","OG FILENAME: WE STILL DONT TRUST YOU (BPM 110_C MINOR_96k) R4
Original version of 'We Still Don't Trust You'. This version lacks The Weeknd & has some different lines from Future. Leaked on LEAKED.CX by ""chikibiki"" on Mar. 15, 2026.",3:49,,"March. 15, 2026",OG File,CD Quality,https://imgur.gg/f/Ni9xLyH
WE STILL DON'T TRUST YOU,"¥$ - DEAD [V12]
(feat. Future & Lil Durk) (prod. ATL Jacob & Wheezy)","A snippet was posted on Aus Taylor's Instagram on 2/20/2024. Played during the private LA listening party for VULTURES 2 on March 9th, 2024. The controversial ""Jews"" line said by Kanye at the end has been cut out in this version.",3:57,"Mar 9, 2024",,Full,Recording,Link not provided for now.
WE STILL DON'T TRUST YOU,"¥$ - DEAD [V13]
(feat. Future & Lil Durk) (prod. ATL Jacob & Wheezy)","OG Filename: dead 3.10.24 show-1
Version of ""Dead"" played at the Phoenix LP, with the ""You know I'm crazy but you crazy glued to me"" line repeating rather than cutting off immediately. Lossless leaked 10/21/24.",4:50,"Mar 10, 2024","Oct 21, 2024",OG File,Lossless,Link not provided for now.
WE STILL DON'T TRUST YOU,"¥$ - PROMOTION [V12]
(feat. Future) (prod. AyoAA, Wheezy, London on da Track & The Legendary Traxster)
(GORGEOUS)","Played during the private LA listening party for VULTURES 2 on March 9th, 2024, but cut off early every time. Exact same version played at the Phoenix LP. Song partially played by Adin Ross on 7/23/24.",,"Jul 23, 2024",,Partial,High Quality,Link not provided for now.
WE STILL DON'T TRUST YOU,"¥$ - PROMOTION [V13]
(feat. Future) (prod. AyoAA, Wheezy, London on da Track, The Legendary Traxster)
(GORGEOUS)","OG Filename: PROMOTION - F1_
Played during the Phoenix listening experience for VULTURES 2 on March 10th, 2024. Lossless leaked 10/21/24.",2:38,"Oct 21, 2024","Mar 8, 2024",OG File,Lossless,Link not provided for now.
WE STILL DON'T TRUST YOU,"¥$ - PROMOTION [V14]
(feat. Future) (prod. ???, AyoAA, Wheezy, London on da Track & The Legendary Traxster)
(GORGEOUS)","A version of ""Promotion"" with production from an unknown producer (incorrectly thought to be Cashmere Cat). Is said to have been made in March 2024.",2:39,"Aug 10, 2024",,Full,CD Quality,Link not provided for now.
WE STILL DON'T TRUST YOU,"¥$ - PROMOTION [V15]
(feat. Future) (prod. ???, AyoAA, Wheezy, London on da Track & The Legendary Traxster)
(GORGEOUS)","A version of ""Promotion"" with production from an unknown producer. Snippet leaked 10/28/24.",,"Oct 28, 2024",,Snippet,CD Quality,Link not provided for now.
WE STILL DON'T TRUST YOU,"¥$ - PROMOTION [V16]
(feat. Future) (prod. AyoAA, Wheezy, London on da Track, The Legendary Traxster)
(GORGEOUS)",A version of promotion with an added vocoder over Kanye's vocals. Snippet leaked 10/28/24,,"Oct 28, 2024",,Snippet,Recording,Link not provided for now.
WE STILL DON'T TRUST YOU,"¥$ - PROMOTION [V17]
(feat. Future) (prod. AyoAA, Wheezy, London on da Track, The Legendary Traxster & Cruza)
(GORGEOUS)","Version of ""Promotion"" with production from Cruza. Snippet leaked on Dbree 11/3/24.",,"Nov 3, 2024",,Snippet,CD Quality,Link not provided for now.
WE STILL DON'T TRUST YOU,"¥$ - PROMOTION [V18]
(feat. Future) (prod. AyoAA, Wheezy, London on da Track, The Legendary Traxster, WES SINGERMAN & taydex)
(GORGEOUS)","Has added production from WES SINGERMAN & taydex. Snippet leaked January 1st, 2025",,,,Snippet,High Quality,Link not provided for now.
WE STILL DON'T TRUST YOU,"¥$ - PROMOTION [V19]
(feat. Future) (prod. AyoAA, Wheezy, London on da Track & The Legendary Traxster)
(GORGEOUS)","OG Filename: PROMOTION - 5.6.24
Version of ""Promotion"" that was still in consideration for VULTURES 2 post-rework, and had a re-recorded Ty Dolla $ign verse to fit the more clean sound. Future's vocals also have no autotune after the intro and are left uncensored just like Ye's. Leaked after Adin Ross played it on stream 7/23/24.",2:39,"Jul 23, 2024","May 6, 2024",OG File,CD Quality,Link not provided for now.
WE STILL DON'T TRUST YOU,"Bounce
(prod. Metro Boomin)",Track spotted on an early whiteboard tracklist for We Still Don't Trust You.,,,,Confirmed,Not Available,
WE STILL DON'T TRUST YOU,"¥$ - PROMOTION [V20]
(feat. Young Moose & Future) (prod. AyoAA, Wheezy, London on da Track & The Legendary Traxster)
(GORGEOUS)","Version of ""Promotion"" with Young Moose vocals exists but was privately sold by Luit.",,,,Confirmed,Not Available,
WE STILL DON'T TRUST YOU,"Third World
(prod. Metro Boomin)",Track spotted on an early whiteboard tracklist for We Still Don't Trust You.,,,,Confirmed,Not Available,
MIXTAPE PLUTO,"⭐ SNOW IN SKYAMI / READY TO SLIDE
(prod. Wheezy and Southside)","OG Filename: SNOW IN SKYAMI X READY TO SLIDE
Previewed multiple times by Future himself recently after it leaked.
Very likely to be featured on his next album and was subsequently scrapped from the 'MIXTAPE PLUTO (Deluxe)'.
The song is 2 songs stitched together based off of the OG filename and the beatswitch. Original title is ""SNOW IN SKYAMI""",5:24,2024,"Oct. 25, 2025",OG File,High Quality,https://imgur.gg/f/gObwZhJ
MIXTAPE PLUTO,"⭐ WAS IN THE MIX
(prod. Southside)
(In The Mix)","OG Filename: WAS IN THE MIX FUTURE SIZZLE 1
Leaked on LEAKED.CX on June 23, 2026 by ""osiris"". Throwaway from 'MIXTAPE PLUTO'",2:45,2024,"Jun 23, 2026",OG File,High Quality,https://imgur.gg/f/79Dlka6
MIXTAPE PLUTO,"⭐️ FERRARI TRUCK
(with Lil Double 0) (prod. ???)","OG Filename: Future Double 0 Ferrari Truck
Leaked on LEAKED.CX on Apr. 29, 2024. From 2022 post-INLY due to one of the songs from this session referencing Young Thug's imprisonment which is post-INLY release. Original file is 4:07 in length, but has a minute of silence at the end, so it's really 3:08. Open verse. Later Lil Double 0 would release the song on his project ""Layin Da Walkdown B Side"" on June 26, 2026.",4:07,2022,"Apr. 29, 2024",OG File,CD Quality,https://imgur.gg/f/6wotcpo
MIXTAPE PLUTO,"Lil Double 0 - I'm A Boss
(feat. Future) (prod. TPerc)","OG Filename: Lil Double 0 - Im a boss ft Future
Leaked on LEAKED.CX on Apr. 30, 2024. From 2022 post-INLY due to one of the songs from this session referencing Young Thug's imprisonment which is post-INLY release. ",2:08,2022,"Apr. 30, 2024",OG File,High Quality,https://imgur.gg/f/4okYmGW
MIXTAPE PLUTO,"⭐️SOLITARIE
(with Lil Double 0) (prod. ???)
(Solitary, Solitaire)","OG Filename: Future Double 0 Solitarie
Leaked on LEAKED.CX on Apr. 29, 2024. The OG file has it titled as 'solitarie', but this isn't a word. It can be a typo meant to say either 'Solitaire', which doesn't fit the lyrics at all, or 'Solitary', which fits better but still doesn't fit in some lines. From 2022 post-INLY due to one of the songs from this session referencing Young Thug's imprisonment which is post-INLY release. Original file is 4:32 in length, but has about a minute of silence at the end, so it's really  ~3:33.",4:32,2022,"Apr 29, 2024",OG File,CD Quality,https://imgur.gg/f/zpH5ii3
MIXTAPE PLUTO,"⭐️ JUST LIKE CHAPO
(with Lil Double 0) (prod. ATL Jacob)","OG Filename: Future - Just Like Chapo
Leaked on LEAKED.CX on Jun. 19, 2024. From 2022.",3:26,2022,"Jun. 19, 2024",OG File,CD Quality,https://imgur.gg/f/PEB9aVp
MIXTAPE PLUTO,"⭐️ MIA
(with Lil Double 0) prod. TPerc)
(M.I.A.)","OG Filename: Future x double - MIA
Leaked on LEAKED.CX on Jun. 19, 2024. From 2022.",2:22,2022,"Jun. 19, 2024",OG File,CD Quality,https://imgur.gg/f/jviMVCq
MIXTAPE PLUTO,"⭐️ RACK IT
(with Lil Double 0) (prod. ATL Jacob)","OG Filename: Future - Rack It
Leaked on LEAKED.CX on May 26, 2024. From 2022 post-INLY due to one of the songs from this session referencing Young Thug's imprisonment which is post-INLY release. The beat was later used on track 7. ""Million Dollar Baby"" by Rick Ross & Meek Mill, on their joint album ""Too Good To Be True"".",3:06,2022,"May. 26, 2024",OG File,CD Quality,https://imgur.gg/f/GMNPrQl
MIXTAPE PLUTO,"✨ SLIMING SHT OUT
(with Lil Double 0 & FBG Goat) (prod. 808 Mafia, TPerc & ATL Jacob)
(Sliming Sh!t Out, Sliming Shit Out)","OG Filename: 01 Sliming Sht Out
From 2022 Lil Double 0 session.",3:45,2022,,OG File,CD Quality,https://imgur.gg/f/t5S6r4t
MIXTAPE PLUTO,"✨ TRIGGER HAPPY
(with Lil Double 0) (prod. Chopsquad DJ)","OG Filename: pluto double chopsquad
Leaked on LEAKED.CX on Jul. 23, 2024. Original file is 3:47, but has a minute of silence at the end, so it's really 2:47.",3:47,2022,"Jul. 23, 2024",OG File,CD Quality,https://imgur.gg/f/kPo6c7q
MIXTAPE PLUTO,"SOUTH OF FRANCE [V1]
(with Travis Scott) (prod. Southside & Wheezy)","South Of France originally had a Travis Scott feature, but all features were taken off of Mixtape Pluto for release. Previewed by Travis Scott on October 9th, 2024, at the afterparty for his MetLife concert. Travis's verse is not the one on his remix of the song.",,2024,"Oct 9, 2024",Snippet,Recording,https://imgur.gg/f/KtOcZEU
MIXTAPE PLUTO,"🏆TRIM [V1]
(feat. Playboi Carti & Travis Scott) (prod. TM88, Akachi, Sonickaboom, Macnificent & C$D Sid)
(REALLY I'M TRIM)","A video of Carti listening to a song with DJ Swamp Izzo tag and Future feature while arriving late for Clout festival surfaced on Jul 17, 2024. Partial LQ surfaced July 18th, 2024. Allegedly scrapped from Future's next album 'MIXTAPE PLUTO'. Song was offered to Hells who then stalled and ended up leaving. Billboards spotted saying 'TRIM' in LA, possibly relating to the song. Later released on 'MUSIC' with a new (terrible) Carti verse, a bunch of Swamp Izzo tags, and awful mixing. It's also been confirmed that this former version has a Travis Scott verse (yet to be heard) that got scrapped for the official release.",,2024,"Jul 18, 2024",Partial,Recording,https://imgur.gg/f/HTe0aTc
MIXTAPE PLUTO,"🏆 MIXTAPE PLUTO (Deluxe)
(exec. prod. TM88)","There was allegedly a deluxe executively produced by TM88 that was planned to drop, but he didn't want to drop it because he thinks deluxes are stupid. READY TO SLIDE was on a tracklist for the deluxe. TRIM was also supposed to be on it but TM88 thinks it's too good for a deluxe. MONACO could've also been planned for it. Unknown if the Ye remixes are related to this.",,,,Rumored,Not Available,
MIXTAPE PLUTO,"MIXTAPE PLUTO [V1]
(exec. prod. Southside & Wheezy)",MIXTAPE PLUTO originally had some features but TM88 allegedly convinced Future to remove them last minute. Unknown if there were any other than Gunna and Travis Scott. Unknown if the deluxe songs (including Playboi Carti's feature) were on it.,,,,Confirmed,Not Available,
"Edd, Ed n Eddy","✨ Young Thug - Getting Money [V2]
(feat. Future) (prod. Southside & Wheezy)
(With the Sage)
","OG Filename: GETTING MONEY - YT X PLUTO
Throwaway with Future from February 2025. Possibly made during """"Edd, Ed n Eddy"""" sessions as well.",2:41,"Feb 1, 2025","Oct 25, 2025",OG File,High Quality,https://imgur.gg/f/4c6qvj7
"Edd, Ed n Eddy","✨ Pardon My Back [V1]
(with Lil Baby & Young Thug) (prod. Wheezy & Juke Wong)","Made in 2025, likely in the same session as ""Dum, Dumb & Dumber"". Released on UY SCUTI with a different Thug verse, some beat differences and Future removed, most likely as a result of the recently leaked jail calls. The mix is very bad. Likely initially recorded for Thug, Future and Baby's scrapped collab album.",3:58,"Aug 18, 2025","Nov 10, 2025",Full,High Quality,https://imgur.gg/f/0kCzdYw
"Edd, Ed n Eddy","✨ Young Thug - Snorte [V5]
(feat. Future) (prod. LondonOnDaTrack)
(Smoke A Joint, Snort U A Line)","Leaked on LEAKED.CX on Oct. 8, 2024. Reworked version of ""Smoke A Joint"" with a Future feature and London on da Track production. Allegedly made around September for a 2024 Young Thug album. According to Sleep, the Future verse was taken from another unrelated song. Made for SS4.",4:25,Sep. 2024,"Oct. 8, 2024",Full,CD Quality,https://imgur.gg/f/tncPFrb
"Edd, Ed n Eddy","⭐️ Young Thug - Snort U A Line [V3]
(feat. Future) (prod. LondonOnDaTrack)
(Smoke A Joint)","Alternate version of ""Snort U a Line"" with a shorter arrangement and alternate production.",3:59,Sep. 2024,"Oct. 10, 2025",Full,CD Quality,https://imgur.gg/f/g6OJ259
"Edd, Ed n Eddy","Young Thug - Snort U A Line [V4]
(feat. Future) (prod. LondonOnDaTrack)
(Smoke A Joint)","Alternate version of ""Snort U a Line"" with a shorter arrangement and alternate production.",4:01,Sep. 2024,"Oct. 10, 2025",Full,CD Quality,https://imgur.gg/f/n4U9oz3
"Edd, Ed n Eddy","Ty Dolla $ign - JEWEL BABY [V3]
(feat. Young Thug, Lil Baby & Future) (prod. FBG Goat, Rosen Beatz, babyxd & Camper)
(TYCOON$, THE TYCOON$)","OG Filename: jewel_baby
First version of the song made after being given to Ty with re-recorded Young Thug vocals. Has completely different Future vocals from later versions as well as extra Ty harmonies and a slightly different hook.",2:33,"May 31, 2025","May 7, 2025",OG File,CD Quality,https://imgur.gg/f/FDK219z
"Edd, Ed n Eddy","Ty Dolla $ign - TYCOON$ [V6]
(feat. Young Thug, Lil Baby & Future) (prod. FBG Goat, Rosen Beatz, babyxd & Camper)
(THE TYCOON$, JEWEL BABY)",Version intended for release on TYCOON before Future refused to clear his vocals. Has Future doing parts that Ty would later do on release. Leaked in CDQ the same day as the album released after being accidentally uploaded to Spotify's backend.,2:27,"Oct 17, 2025",,Full,Lossless,https://imgur.gg/f/CUaW6mY
"Edd, Ed n Eddy","Young Thug - OMG [V1]
(feat. Travis Scott)","Early version that was on a April copy of Young Thug's album 'UY SCUTI'. First snippet surfaced October 13, 2025. Second snippet on October 22. ",2:27,"Oct 17, 2025","Oct 13, 2025",Snippet,Recording,"https://pillows.su/f/c95bbf60f68e65847d8a5a2f019289ad
https://pillows.su/f/7aedc7a666c7709bacde6f7a4f0f06bd"
"Edd, Ed n Eddy","Young Thug - With the Sage [V1]
(feat. Future) (prod. Southside & Wheezy)
(Getting Money)","OG Filename: WITH THE SAGE Southside Wheezy 021225 3
First version which has an open.",2:27,"Feb 12, 2025","Feb 26, 2026",OG File,High Quality,https://imgur.gg/f/WBWS3pV
"Edd, Ed n Eddy","Ty Dolla $ign - THE TYCOON [V4]
(feat. Young Thug, Lil Baby & Future) (prod. FBG Goat, Rosen Beatz, babyxd & Camper)
(THE TYCOON$, TYCOON$, JEWEL BABY)","OG FIlename: 09-THE TYCOON - 6.10.25 MT001-TUCCI MASTER-24BIT-48kHz 2
Filename seen on FBG Goat's laptop. Likely the version intended to release on the original June date.",,,"Jun 10, 2025",Confirmed,Not Available,
"Edd, Ed n Eddy","Ty Dolla $ign - THE TYCOON$ [V5]
(feat. Young Thug, Lil Baby & Future) (prod. FBG Goat, Rosen Beatz, babyxd & Camper)
(TYCOON$, JEWEL BABY)","Version of ""TYCOON$"" confirmed by YouTube copyright. Likely release-ready since it was registered for copyright recognition, but probably earlier than the Spotify backend version. Likely just includes the extra instrumental in the outro prior versions had.",2:36,,,Confirmed,Not Available,
"Edd, Ed n Eddy","OMG [V2]
(with Travis Scott, Lil Baby & Young Thug)","Later version considered for Thug, Baby and Future's scrapped collab tape 'Ed, Edd n Eddy'. Known to exist.",,,,Rumored,Not Available,
"Edd, Ed n Eddy","Unknown [Young Thug, Future, Lil Baby & Playboi Carti Collaborations]","On May 10th 2025, Ty, Thug, Future, Baby and Carti all hung out a parking lot and played lots of unreleased music they had together  and that they had likely recorded days earlier. Since the leaked ""Jewel Baby"" is dated a few days before this event and Lil Baby also hopped on Carti's song ""LET'S DO IT"" around this time, Ty likely recorded other songs with the artists present.",,,,Confirmed,Not Available,
"Edd, Ed n Eddy",Unknown [Travis Scott Collaboration],"On November 10th Travis was pictured at the studio with Thug, Baby and Future. This was prior to ""Pipe Down"" being created, so he likely recorded with the three for their collab album.",,,,Confirmed,Not Available,https://www.billboard.com/music/rb-hip-hop/young-thug-studio-travis-scott-future-lil-baby-dj-akademiks-1235826478/
The Real Me,"COME THROUGH
(prod. ???)","OG Filename: COME THROUGH (DEMO)
Leaked on LEAKED.CX by ""vaultofbleood"" on June 29, 2026. Era Unconfirmed",3:17,,"Jun 29, 2026",OG File,CD Quality,https://imgur.gg/f/qYFpjev
The Real Me,"EXCLUSIVE
(prod. London on da Track)","OG Filename: EXCLUSIVE London 072825 5
Leaked on LEAKED.CX on June 23, 2026 by ""osiris""",3:18,"Jul 28, 2025","Jun 23, 2026",OG File,Lossless,https://imgur.gg/f/NdlxA09
The Real Me,"FOR ME
(feat. YTB Fatt) (prod. Southside)","OG Filename: FOR ME Southside 050825 5
Snippet posted on LEAKED.CX. Later leaked after a $250 groupbuy.",1:56,"May 8, 2025","Jun 1, 2026",OG File,Lossless,https://pillows.su/f/0eab5e220c6e8cc9092f4e8138b3ab5a
The Real Me,"FINE SHYT [V1]
(feat. Three 6 Mafia) (prod. Wheezy & Southside)
(Ran To Atlanta)","Leaked on LEAKED.CX on May 15, 2026. Originally Future's song at first before Drake took it for ICEMAN. Three 6 Mafia's vocals were taken from their track ""Sippin' on Some Syrup"".",3:21,,"April 5, 2026",Full,High Quality,https://pillows.su/f/ccc2c46313e14d39925404eaf00d1005
The Real Me,"✨ GOIN UP
(prod. Wheezy & Southside)","OG Filename: GOIN UP SIZZLE WHEEZY
Leaked on LEAKED.CX on June 23, 2026 by ""osiris""",3:19,,"Jun 23, 2026",OG File,High Quality,https://imgur.gg/f/12JA3jD
The Real Me,"KICK [V1]
(prod. Wheezy, ATL Jacob, DY Krazy, Hendrix Smoke, 88Krazy, 808 Jayy & EZ Money)
(KICKED IN, MOTION, MY PILL, PILL KICKED IN)","OG Filename?: KICK Wheezy 032425 5.0
“KICK” also nicknamed ""PILL KICKED IN"" is an unreleased track expected to drop on Future’s upcoming tenth studio album. It was first previewed on the @freebandz Instagram page on November 10th 2025, It was previewed once again on November 22nd, 2025, with an extended snippet of future verse. Captioned “Motion 🦅” Another longer snippet was previewed on February 5th, 2026, with another verse and captioned “Every movie come with a soundtrack 🦅” Another tagged snippet leaked on April 20, 2026. Later leaked on June 3th 2026. Samples ""Purple Pills"" by D12.",2:15,"Mar 24, 2025","Jun. 3, 2026",Full,High Quality,
The Real Me,"✨ KICK [V2]
(prod. Wheezy, ATL Jacob, DY Krazy, Hendrix Smoke, 88Krazy, 808 Jayy & EZ Money)
(KICKED IN, MOTION, MY PILL, PILL KICKED IN)","Later version with intro. Samples ""Purple Pills"" by D12.",2:54,,"Jun. 3, 2026",Full,High Quality,https://imgur.gg/f/DtewxKH
The Real Me,"OFF THE HINGE
(prod. ???)","Tagged snippet posted by Duckier VPN Official on an unknown date. Later leaked heavily tagged on LEAKED.CX a less tagged version of it leaked in Future Tracker 2.0 hub. Still leaked with a fuckass door knocking tag at, 2:26 & 2:56.",3:31,,"Jun 5, 2026",Tagged,High Quality,https://pillows.su/f/28e22fb891a25e174d07f6e7f823cefd
The Real Me,"PUT IT ON*
(feat. Quavo) (prod. Pharrell Williams)
(I Just Put It On) (On The Floor) (Woah Woah)",Leaked after a Successful Groupbuy. 30 Second Future verse from 2025. Was allegedly supposed to release at some point but got scrapped.,2:28,2025,"Jun 21, 2026",Full,High Quality,https://pillows.su/f/3c1da2a09fec2ac69beee55288a7ca04
The Real Me,"PINK DIAMONDS [V1]
(with YTB Fatt) (prod. ???)","OG Filename: PINK_DIAMONDS_plutos_ytb
Vocals end at 1:17, the rest is open verse.",7:54,,"Jun 5, 2026",OG File,CD Quality,https://pillows.su/f/cdb7a962c4eaa47813ddb143a8a5cdc9
The Real Me,"✨ PINK DIAMONDS [V2]
(with YTB Fatt) (prod. ???)","OG Filename: PINK_DIAMONDS_MIXED_VERSION_NEW_FUTURE_VOX_1
Completed version. Leaked right after the demo.",1:44,,"Jun 5, 2026",OG File,Lossless,https://pillows.su/f/e3ef258c9d7018024606e5008198fcd2
The Real Me,"RADIO [V1]
(prod. Smatt Sertified)
(This Not For The Radio)","OG Filename: FUTURE RADIO SMATTY
Leaked by osiris on LEAKED.CX Jun. 23, 2026. OG file leaked an hour later by chikibiki. Recording date is Feb. 27, 2025. Features a different intro & outro, sped up and is 3 seconds longer than the released version. This version's 84 BPM, meanwhile the released version is 86..",2:43,,"Jun 23, 2026",OG File,High Quality,https://imgur.gg/f/qqWOK48
The Real Me,"RADIO [V2]
(prod. Taurus, Wheezy & Dez Wright)
(This Not For The Radio)","OG Filename: RADIO Wheezy 022725 5 8.3
Version of ""Radio"" with an intro and a longer outro than the released version. Leaked in Future Hub by sleep on Jun. 26, 2026",3:04,"Feb 27, 2025","Jun 26, 2026",OG File,High Quality,https://imgur.gg/f/7pYZsgB
The Real Me,"YO SPOT [V1]
(prod. ATL Jacob)","OG Filename: Future - Yo Spot p ATL Jacob 10.23.25 (SHULTS)
Leaked on LEAKED.CX on April 5, 2026. Recorded on Oct. 23, 2025.",3:21,"Oct, 23, 2025","April 5, 2026",OG File,Lossless,https://pillows.su/f/7752b9d2bea379bf676c4f96551845ae
The Real Me,"YO SPOT [V2]
(prod. ATL Jacob)","OG Filename: Future - Yo Spot p ATL Jacob 10.23.25 (SHULTS) V2
Leaked on LEAKED.CX on April 5, 2026. Recorded on Oct. 23, 2025.",3:26,"Oct, 23, 2025","April 5, 2026",OG File,Lossless,https://pillows.su/f/4f337961ab528c6694506000af2c53af
The Real Me,"100 STRIPPERS*
(prod. ???)","Recorded in 2025. Snippet posted on Telegram by hideout on Mar 2, 2026.",,2025,"Mar. 2, 2026",Snippet,CD Quality,https://pillows.su/f/c850780532a7b8c78d447fde1f4ffe5e
The Real Me,"100 SOLDIERS*
(Prod. ???)","Snippet leaked from studio on March 18, 2026. Future later clarified on Twitter said ""I haven't had anyone around n the studio lately putting the album together I dnt kno who recording songs Frm they phone putting it out ..""",,,"Mar. 18, 2026",Snippet,Recording,https://imgur.gg/f/rfgJbf3
The Real Me,"ALREADY LIT*
(Prod. ???)","Snippet leaked from studio on March 18, 2026. Future later clarified on Twitter said ""I haven't had anyone around n the studio lately putting the album together I dnt kno who recording songs Frm they phone putting it out ..""",,,"Mar. 18, 2026",Snippet,Recording,https://imgur.gg/f/B6UCAqS
The Real Me,"KNOW WHAT THAT IS*
(Prod. ???)",Snippet posted by Future on Instagram.,,,Feb/Mar 2026,Snippet,High Quality,https://imgur.gg/f/ER3PntY
The Real Me,"MORE PILLS*
(prod. ???)
(I Can)","Snippet leaked by banoodles in Future Hub, on June 21, 2026.",,,"Jun 21, 2026",Snippet,Recording,https://imgur.gg/f/qb2ykpH
The Real Me,"PARACHUTE*
(prod. ???)","Snippet leaked from studio on March 18, 2026. Future later clarified on Twitter said ""I haven't had anyone around n the studio lately putting the album together I dnt kno who recording songs Frm they phone putting it out ..""",,,"Mar. 18, 2026",Snippet,Recording,https://imgur.gg/f/p4loMfT
The Real Me,"POCKETS FULL OF FREEBANDZ*
(Prod. ???)
(LAST NIGHT)","Snippet posted by ""richofcrypto_"" on Instagram.",,,March 2026,Snippet,High Quality,https://imgur.gg/f/78q8yVT
The Real Me,"🏆ROCKSTAR LIFE*
(prod. Southside, Wheezy, ATL Jacob, ProdJuy & EZ Money)
(M ON A NECKLACE)","Snippet posted by Future on his Instagram story on, Feb, 5. 2026.",,,"Feb. 5, 2026",Snippet,Recording,https://imgur.gg/f/1rggPuC
The Real Me,"STUCK*
(prod. Wheezy)","Snippet leaked from studio on March 18, 2026. Future later clarified on Twitter said ""I haven't had anyone around n the studio lately putting the album together I dnt kno who recording songs Frm they phone putting it out ..""",,,"Mar. 18, 2026",Snippet,Recording,https://imgur.gg/f/v0wsrja
The Real Me,"STYROFOAM*
(prod. Southside)","Snippet of the MV was posted by Future on his Instagram story on Feb 23, 2026.
Longer MV snippet posted to Instagram by the video's producer Freeband Nyce shortly after on the same day.",,,"Feb. 23, 2026",Partial,High Quality,https://imgur.gg/f/RrWgHbs
The Real Me,"SURF THE WORLD [V3]
(prod. Wheezy)
(Send Some Shots)",The beat in this version seems to have some minor differences. Snippet posted by Wheezy.,,,March 2026,Snippet,Recording,https://imgur.gg/f/9KDvMyc
The Real Me,"Lil Baby - One Of Them [V1]
(feat. Future) (prod. DJ Khaled)","Leaked on LEAKED.CX on Dec. 12, 2023.",3:49,,"Dec. 12, 2023",Full,CD Quality,https://imgur.gg/f/KC71WZE
The Real Me,"✨ DJ Khaled - One Of Them [V2]
(feat. Future & Lil Durk) (prod. DJ Khaled)","Leaked on LEAKED.CX on Feb. 4, 2024. The first snippet leaked on LEAKED.CX on Dec. 7, 2023. Has an extra verse from Lil Durk not present in V1. Probably in consideration for the Future and Lil Durk collab album at a point. Likely DJ Khaled's song due to the amount of his adlibs.",4:31,,"Feb. 4, 2024",Full,High Quality,https://imgur.gg/f/RapxinU
The Real Me,"Coco Jones - Outerspace [V2] 
(feat. Future)
(Most Beautiful Design, Real Dog)","OG Filename: LODTxCOCO - Outerspace lg
Leaked on LEAKED.CX on Jun. 25, 2024. This version features a Coco Jones verse in place of Future's 2nd verse. Later released as a different version, with the original title.",3:18,,"Jun. 25, 2024",OG File,CD Quality,https://imgur.gg/f/aBdsPBW
The Real Me,"Coco Jones - Outerspace [V3]
(feat. Future)
(Most Beautiful Design, Real Dog)","OG Filename: MBD
Leaked on LEAKED.CX on Jun. 25, 2024. This version is the same as the last, except is has a new intro with more Coco Jones vocals. Later released with some differences and the original title.",3:44,,"Jun. 25, 2024",OG File,CD Quality,https://imgur.gg/f/2grUhu7
The Real Me,"Playboi Carti - TRIM [TOUR INTRO]
(with Future) (prod. TM88, Akachi, Sonickaboom, C$D Sid & Macnificent)
(Really I'm Trim)",Snippet surfaced via El Gusto.,,,"May 23, 2026",Snippet,High Quality,https://imgur.gg/f/IYOhKu2
The Real Me,"⭐️ GhostLuvMe - Woah [V1]
(feat. Future)","Leaked on LEAKED.CX on Jun. 14, 2024 as a bonus for the 'One Of A Kind' groupbuy. Assumed to be from around 2023 but isn't entirely confirmed.",3:28,,"Jun. 14, 2024",Full,High Quality,https://imgur.gg/f/YCb6qWz
The Real Me,"🤖 Kanye West - HAPPY [V11]
(feat. Future) (prod. Wheezy & Digital Nas)
(Paid To Talk)","Heard on stream April 30th, 2025. Has AI vocals.	",,,,Snippet,Recording,Link not provided for now.
The Real Me,"🤖 Kanye West - HAPPY [V16]
(feat. Future) (prod. Wheezy & Digital Nas)
(Paid To Talk)","OG Filename: HAPPY_V4_20250501
OG file for the release version.",,,,OG File,Lossless,Link not provided for now.
The Real Me,"🤖 Kanye West - MR MIYAGI [V26]
(feat. Future & Playboi Carti) (prod. AyoAA & MIKE DEAN)","Heard on stream April 30th, 2025. Has AI vocals.	",,,,Partial,Recording,Link not provided for now.
The Real Me,"🤖 Kanye West - MR MIYAGI [V30]
(feat. Future & Playboi Carti) (prod. AyoAA & MIKE DEAN)","OG Filename: MR MIYAGI v3_20250501_YE_146BPM
OG file for the release version.",,,,OG File,Lossless,Link not provided for now.
The Real Me,"🤖 Kanye West - PABLO [V42]
(feat. Future & Travis Scott) (prod. ATL Jacob, FNZ & Digital Nas & $crim)","OG Filename: Pablo MIX MSTR.01_01
2025 version mentioned on a Digital Nas Twitch stream. Basically the same as the 2.22.22 version.",,,,Snippet,Recording,Link not provided for now.
The Real Me,"🤖 Kanye West - PABLO [V43]
(feat. Future, Marilyn Manson & Travis Scott) (prod. ATL Jacob, FNZ & Digital Nas & $crim)","Version played on stream April 29th, 2025. Has AI vocals and new vocals from Marilyn Manson.	",,,,Snippet,Recording,Link not provided for now.
The Real Me,"🤖 Kanye West - PABLO [V44]
(feat. Future, Marilyn Manson & Travis Scott) (prod. ATL Jacob, FNZ & Digital Nas & $crim)","OG Filename: PABLO_20250430
OG file for the release version.",,,,OG File,Lossless,Link not provided for now.
The Real Me,"Loe Shimmy - Go Get Em*
(feat. Future) (prod. Smatt Sertified)","OG Filename: SHIMMY x PLUTO
Feature for Loe Shimmy. File is dated 2025 but it is possible this is 2024 as m4a files are weird with how they are dated. Untitled.",2:30,"Jun. 12, 2025","Mar. 16, 2026",OG File,High Quality,https://pillows.su/f/c7bf277a5560de44939fd9f6720f02dd
The Real Me,"🗑️ Young Thug - Fire*
(feat. Future)
(2025 Freestyle)","Bizarre, lengthy freestyle from 2025 that samples ""Skyfall"" by Travis Scott. Currently untitled.",7:08,2025,"Mar. 7, 2026",Full,High Quality,https://imgur.gg/f/cFp61LT
The Real Me,"Playboi Carti - CHARGE DEM HOES A FEE [CD Version]
(with Future & Travis Scott) (prod. Southside, Wheezy, Dez Wright, Car!ton, Smatt Sertified & Juke Wong)","OG Filename: 14_CHARGE_DEM_HOES_A_FEE_Ft_Future_&_Travis_Scott_post_release
CD rip of CHARGE DEM HOES A FEE which cuts out the open/mumble Future verse. Version used whenever Playboi Carti performs the song. The released version on streaming was supposed to be updated to this one, but for unknown reasons never has. OG file leaked by Raahim as a bonus to Playboi Carti's, 'PUSH UP' Groupbuy, Feb. 27, 2026.",2:40,,"Feb 27, 2026",OG File,Lossless,https://imgur.gg/f/xzEWk7U
The Real Me,"🤖 Kanye West - HAPPY [V12-15]
(feat. Future) (prod. Wheezy & Digital Nas)
(Paid To Talk)",Previous versions proven to exist by the following version's filename.	,,,,Confirmed,Not Available,
The Real Me,"🤖 Kanye West - MR MIYAGI [V27-29]
(feat. Future & Playboi Carti) (prod. AyoAA & MIKE DEAN)",Previous versions proven to exist by the following version's filename.	,,,,Confirmed,Not Available,
The Real Me,Unknown [Drake Collaborations],"According to Pop & many other sources, Future & Drake has recorded music together recently.",,,,Confirmed,Not Available,
The Real Me,Unknown [Ty Dolla $ign Collaborations],"Following the official announcement of Ty Dolla $ign's GIRL MUSIC, a recent photo of Ty and Future in the studio together was posted online.",,,,Confirmed,Not Available,
Unknown,Deds,Snippet leaked by Areo in early 2020.,,,2020,Snippet,CD Quality,
Unknown,Lose It All Today,"Leaked on LEAKTH.IS by Xmipod on Sep. 25, 2018. Could be anywhere from 2012-2015. Released on Future's YouTube on, Nov. 15, 2019.",3:11,2012-2015,"Sep. 25, 2018",Full,CD Quality,https://youtu.be/gU0MU6Ychcg?si=Anyg1sYysiox9pbh
Unknown,Never Go [V1],"Snippet leaked on LEAKTH.IS by The Collector on Oct. 12, 2019. He said the song is the ""solo version"", but I can't find a song called ""Never Go"" that features Future.",,,"Oct. 12, 2019",Snippet,CD Quality,
