Era,Name,Notes,Track Length,File Date,Leak Date,Available Length,Quality,Link(s)
"40 OG File(s)
28 Full
0 Tagged
2 Partial
9 Snippet(s)
0 Stem Bounce(s)
13 Unavailable",Before HAPPY 2 BE HERE,,,,,,,
Before HAPPY 2 BE HERE,"1942
(feat. Kehlani)
(Spaceship, 42)",Nothing known about the song. Lost as a dbree file.,,,,Snippet,Not Available,LINK NEEDED
Before HAPPY 2 BE HERE,2 Seater,Nothing known besides containing mumble. Song lost as a dbree file.,,,"Nov 9, 2020",Full,Not Available,LINK NEEDED
Before HAPPY 2 BE HERE,"4Get About You
(prod. ROBOTSCOTT)",Nothing known. Snippet was lost as a dbree file.,,,"Nov 9, 2020",Full,Not Available,LINK NEEDED
Before HAPPY 2 BE HERE,Admit It,Nothing known besides likely being low quality. Song was lost as a dbree file.,,,"Nov 9, 2020",Full,Not Available,LINK NEEDED
Before HAPPY 2 BE HERE,"Ant1
(Dream)","OG Filename: Ant Clemons - Ant1
Nothing known about the song besides a possible alt name. Lost as a dbree file.",,,"Nov 9, 2020",OG File,Not Available,LINK NEEDED
Before HAPPY 2 BE HERE,"Ant2
(Carry On)","OG Filename: Ant Clemons - Ant2
Nothing known about the song besides a possible alt name. Lost as a dbree file.",,,"Nov 9, 2020",OG File,Not Available,LINK NEEDED
Before HAPPY 2 BE HERE,"Black Out
(prod. BONGO ByTheWay, J Grand & ROBOTSCOTT)",Nothing known. Song was lost as a dbree file.,,"Jul 24, 2018","Nov 9, 2020",Full,Not Available,LINK NEEDED
Before HAPPY 2 BE HERE,"Black Santa
(feat. ???, ??? & ???)",Nothing know besides there being features and possibly being a song produced by a DJ. Lost as a dbree file.,,Oct 2017,"Dec 25, 2020",Full,Not Available,LINK NEEDED
Before HAPPY 2 BE HERE,"✨ Blessings
(feat. Quentin Miller)","Full song with a Quentin Miller feature leaked some time in February 2020, only available via a YouTube rip. Interpolates ""Last Call"" by Ye.",,,,Full,High Quality,https://pillows.su/f/800fd9e1031f1c73ce21ccc37cad869a
Before HAPPY 2 BE HERE,"Brand New Coupe
(feat. Jeremih & O.T. Genesis)",Nothing known. Snippet was lost as a dbree file.,,,"Feb 3, 2021",Snippet,Not Available,LINK NEEDED
Before HAPPY 2 BE HERE,Came For,Nothing known. Song was lost as a dbree file.,,"Aug 23, 2018","Nov 9, 2020",Full,Not Available,LINK NEEDED
Before HAPPY 2 BE HERE,"Cardio
(prod. BONGO ByTheWay)",Nothing known. Song was lost as a dbree file.,,"Jul 24, 2018","Nov 9, 2020",Full,Not Available,LINK NEEDED
Before HAPPY 2 BE HERE,"Confetti
(prod. BONGO ByTheWay)",Nothing known. Song was lost as a dbree file.,,"Jul 24, 2018","Nov 9, 2020",Full,Not Available,LINK NEEDED
Before HAPPY 2 BE HERE,I Am,Nothing known. Song was lost as a dbree file.,,,"Nov 9, 2020",Full,Not Available,LINK NEEDED
Before HAPPY 2 BE HERE,"It Be Like That
(prod. BONGO ByTheWay)",Nothing known. Song was lost as a dbree file.,,"Jul 24, 2018","Nov 9, 2020",Full,Not Available,LINK NEEDED
Before HAPPY 2 BE HERE,"Maybe
(prod. JackRo)",Nothing known. Song was lost as a dbree file.,,,"Nov 9, 2020",Full,Not Available,LINK NEEDED
Before HAPPY 2 BE HERE,Milkshake,Nothing known but it was likely produced by BONGO ByTheWay. Song was lost as a dbree file.,,"Aug 27, 2018","Nov 9, 2020",Full,Not Available,LINK NEEDED
Before HAPPY 2 BE HERE,"Mind Your Business
(prod. BONGO ByTheWay)",Nothing known. Song was lost as a dbree file.,,"Aug 27, 2018","Nov 9, 2020",Full,Not Available,LINK NEEDED
Before HAPPY 2 BE HERE,"Not It
(prod. BONGO ByTheWay)",Nothing known. Song was lost as a dbree file.,,"Jul 24, 2018","Nov 9, 2020",Full,Not Available,LINK NEEDED
Before HAPPY 2 BE HERE,"Jeremih - ??? [V1]
(feat. Ant Clemons)
(All Mine, Pootie Tang)",Jeremih track with Ant Clemons played for Ye during Ant's first session with him. Title is unknown.,,,,Confirmed,Not Available,https://www.rollingstone.com/music/music-features/Ye-west-jesus-is-king-ant-clemons-904042/
Before HAPPY 2 BE HERE,"Pootie Tang [V2]
(prod. BONGO ByTheWay, ROBOTSCOTT & Triangle Park)
(All Mine)","OG Filename: POOTIE TANG TP ANT BONGO SCOTT
Original version of ""All Mine"" that would be used for Ant covering the hook.",2:27,,,OG File,CD Quality,https://pillows.su/f/21961c6be53341a350e69e98017a5ac6
Before HAPPY 2 BE HERE,"She's Perfect [V1]
(prod. Triangle Park)
(Lovely, She's Lovely)","OG Filename: She's Perfect - Ant.TP & SHE's PERFECT_TP_ANT_ft
Earliest known version. Originally Ant Clemons' song before it was given to Ye.",3:42,,"May 22, 2026",OG File,CD Quality,https://pillows.su/f/c6bcb5db96f9b6396dbc2b9bc9dde279
Before HAPPY 2 BE HERE,"Ye - Lovely [V2]
(feat. Ant Clemons & Jeremih) (prod. Triangle Park)
(She's Lovely, She's Perfect)","OG Filename: Lovey - KW Ref 09.18.18
First version meant for Ye. Has Ant Clemons vocals and a mumble Ye verse. Included on a list of possible tracks on an early Yandhi tracklist. Instrumental loosely based on ""Can't Help Falling In Love"" by Elvis Presley. Jeremih has a brief backing vocal at 1:15. Original snippet leaked in 2019, later leaked after a GB.",2:47,"Sep 18, 2018","Dec 3, 2020",OG File,CD Quality,https://pillows.su/f/31e73060462cbed4ebae19827d672356
Before HAPPY 2 BE HERE,"She's Lovely [V3]
(feat. Ye, 070 Shake & Jeremih) (prod. Triangle Park)
(Lovely, She's Perfect)","OG Filename: Shes Lovely Shake x Ant Ref HA
A further along version with 070 Shake vocals. This version seems to have the same Ye vocals as V1, meaning it is still unfinished. Has a mumble verse from Ant Clemons, with 070 Shake adlibs. Considered for Ant's album. Original snippets leaked September 2022 and May 15th, 2023.",4:27,"Sep 24, 2018","Mar 29, 2024",OG File,CD Quality,https://pillows.su/f/bd2cd8a3fcbcc140e65142653a0add3e
Before HAPPY 2 BE HERE,T-Shirt [V1],Solo Ant Clemons version that is currently a lost Dbree file.,,,,Full,Not Available,N/A
Before HAPPY 2 BE HERE,"✨ T-Shirt [V2]
(feat. Chance The Rapper)","OG Filename: T Shirt Ant Clemons Chance The Rapper
Likely recorded around 2018-2019 as Ant and Chance were collabing alot during that time for projects such as Good Ass Job. Features poorly mixed Chance The Rapper vocals.",3:39,,"Dec 11, 2024",OG File,CD Quality,https://pillows.su/f/9f2928498f71cc6a865b0910e06e9fd8
Before HAPPY 2 BE HERE,"T-Shirt [V3]
(feat. Chance The Rapper & Ty Dolla $ign)","According to Genius, one of the lost files contains a version with Ty Dolla $ign backing vocals.",,,,Confirmed,Not Available,LINK NEEDED
Before HAPPY 2 BE HERE,🏅 T-Shirt [V4-V??],It's said that multiple versions of the song leaked but sadly ended up being lost.,,,,Confirmed,Not Available,LINK NEEDED
Before HAPPY 2 BE HERE,"The Good Guy Theory
(prod. Ant Clemons)",Posted by waterfalls. Just an instrumental where its unknown if it was ever recorded on.,,2012,"Jul 11, 2021",Snippet,Not Available,LINK NEEDED
Before HAPPY 2 BE HERE,Missing You,"According to waterfalls the snippet was from a 9 track album from 2017-2018 called ""Imaginary Love Story"". Nothing else is known as the snippet is lost.",,,"Jul 30, 2021",Snippet,Not Available,LINK NEEDED
Before HAPPY 2 BE HERE,"What Happened
(prod. BONGO ByTheWay & ROBOTSCOTT)",Nothing known. Song was lost as a dbree file.,,,"Nov 9, 2020",Full,Not Available,LINK NEEDED
Before HAPPY 2 BE HERE,"Wit Dat
(prod. Vinylz)",Nothing known besides only containing a hook. Lost as a dbree file.,,,"Nov 9, 2020",Full,Not Available,LINK NEEDED
Before HAPPY 2 BE HERE,Work Hard,Nothing known besides only containing a hook. Song was lost as a dbree file.,,,"Nov 9, 2020",Full,Not Available,LINK NEEDED
Before HAPPY 2 BE HERE,"Worth More
(prod. Jack Rochan)","Nothing known besides being supposedly very short. Song was lost as a dbree file. Lyrics for a song under the name ""Watch More"" are on Genius, and it's probably the same song.",,,"Nov 9, 2020",Full,Not Available,https://genius.com/Ant-clemons-watch-more-lyrics
Before HAPPY 2 BE HERE,"???
(prod. Ant Clemons, ??? & ???)
(Talk Back)","OG Filename: Ant Clemons LUNEY X ANT X 13
Unknown who 13 and Luney are but it is possibly DJ Luney Tunez. Lost in a mass dbree leak.",,,"Nov 9, 2020",OG File,Not Available,LINK NEEDED
Before HAPPY 2 BE HERE,"???
(feat. Ty Dolla $ign)","Snippet leaked on LEAKTH.IS by Squirtle on 8/18/2020. Most likely from 2018-2020, as their other leaked collaborations are from the same timeframe and Ant wasn't popular before then.",,,"Aug 18, 2020",Snippet,Not Available,Link Needed
Before HAPPY 2 BE HERE,"???
(On Me)","OG Filename: Ant Clemons - Ant 2 HOOK . 156.BPM_Edit
Nothing known besides the song being very unfinished and only containing a hook. Currently a lost dbree file.",,,"Nov 9, 2020",OG File,Not Available,LINK NEEDED
Before HAPPY 2 BE HERE,"???
(Where I Fucked Up)","OG Filename: Ant Clemons 9.17.17
Nothing known about the song. Lost as a dbree file.",,"Sep 17, 2017","Nov 9, 2020",OG File,Not Available,LINK NEEDED
Before HAPPY 2 BE HERE,"???
(I Remember, Leave)","OG Filename: Ant 3.147.BPM
Unknown song that leaked in November 2020, lost as a dbree file.",,,"Nov 9, 2020",OG File,Not Available,LINK NEEDED
Before HAPPY 2 BE HERE,"???
(All Over)","OG Filename: Ant x Snow
Lost song from a dbree mega leak. Unknown who ""Snow"" is.",,"Jul 28, 2018","Nov 9, 2020",OG File,Not Available,LINK NEEDED
Before HAPPY 2 BE HERE,Unknown [Album],"According to waterfalls the snippet was from a 9 track album from 2017-2018 called ""Imaginary Love Story"". It's unknown what tracks were considered besides 'Missing You'.",,,,Rumored,Not Available,N/A
Before HAPPY 2 BE HERE,"Unknown [BONGO ByTheWay Collaborations]
(prod. BONGO ByTheWay)",Ant confirmed that he sang over 11 beats from BONGO the first day they met up. It's likely that the duo made many many more songs.,,,,Confirmed,Not Available,N/A
Before HAPPY 2 BE HERE,Unknown [Jeremih Collaborations,Ant confirmed in an interview that the first date he met up with Jeremih he made 4 songs with him.,,,,Confirmed,Not Available,N/A
Before HAPPY 2 BE HERE,Unknown [Ryan Toby Collaborations],Ant described in an interview how him and Ryan Toby bonded over music and being from the same place. He said they ended up making music together although its unknown how much they made.,,,,Confirmed,Not Available,N/A
Before HAPPY 2 BE HERE,Unknown [Triangle Park Collaborations],Ant said in an interview how when he was couch surfing he ended up being with Triangle Park where he was told in order to stay he had to write a song every day. It's unknown how long he stayed with them but theres likely 10-20 songs he made with them.,,,,Confirmed,Not Available,N/A
Before HAPPY 2 BE HERE,"Francis and the Lights - Milk Tree
(feat. Ant Clemons & Ty Dolla $ign)",Nothing known as the snippet is lost.,,,"Aug 23, 2024",Snippet,Not Available,LINK NEEDED
Before HAPPY 2 BE HERE,"G-Eazy - Full Time Cappers
(feat. Ant Clemons)",Original version of the song with no French Montana or Moneybagg Yo. Currently lost as a dbree file.,,,"Feb 19, 2020",Snippet,Not Available,LINK NEEDED
Before HAPPY 2 BE HERE,"Jeremih - Hands On Me
(feat Ant Clemons) (prod. BONGO ByTheWay)","OG Filename: JEREMIH x BONGO x ANT - iCONFESS HANDS ON ME2
Song made during the sessions with Ye. Unknown who it ended up being in the hands of.",2:19,,"Jun 18, 2025",OG File,High Quality,https://pillows.su/f/8f7088332e5dafb82e5591218bebf858
Before HAPPY 2 BE HERE,"Jeremih - Murderer
(prod. Ant Clemons, BONGO ByTheWay)","OG Filename: JEREMIH x BONGO x ANT - MURDERER OPN VERSE 4-28
Jeremih song with production done by Ant Clemons.",2:23,,"Mar 16, 2026",OG File,High Quality,https://pillows.su/f/297bad1c0011721efb2b99fff3d6865c
Before HAPPY 2 BE HERE,"Meek Mill - To The Top
(feat. Ant Clemons)",Nothing known besides containing an open verse. Lost as a dbree file.,,,"Mar 25, 2020",Full,Not Available,N/A
Before HAPPY 2 BE HERE,"Ye - Simple Things [V1]
(prod. Ye, MIKE DEAN & Justin Vernon)
(Finding Forever)","Solo Ye version with some mumble, is featured in the unreleased documentary 500 Days In UCLA.",,,"Sep 24, 2023",Snippet,Recording,https://pillows.su/f/3c8a00985c8674670b7681721daa3e41
Before HAPPY 2 BE HERE,"Nas - Finding Forever [V2]
(feat. Ant Clemons) (prod. Ye, MIKE DEAN & Noah Goldstein)
(Simple Things)","OG Filename: FINDING FOREVER NAS X ANT X BON IVER...
Features Ant Clemons and most the release first verse from Nas, however it is very quiet. Has an open verse. Original VC recording snippet leaked in 2020.",2:44,,,OG File,CD Quality,https://pillows.su/f/4b404dfe451861d847d0f22a4d6450bb
Before HAPPY 2 BE HERE,"✨ Ty Dolla $ign & Skrillex - Back Talk [V1]
(ref. Ant Clemons) (prod. Skrillex)
(Backtalk)","OG Filename: Ant - back talk - ref
Ant Clemons reference track from 2019, later considered for his scrapped album LOVE.$WEAT.TEAR$ in 2021. Snippet leaked November 10, 2025. Has an open verse.",2:34,"Jan 1, 2019","Feb 9, 2026",OG File,CD Quality,https://pillows.su/f/8c367f4ff309f72f63c7fdbc0d365f38
Before HAPPY 2 BE HERE,"Ty Dolla $ign & Skrillex - Backtalk [V2]
(prod. Skrillex)
(Back Talk)","Version being played in the voice memo below. Has Ty vocals based on Ant Clemon's reference track, and a new second verse over the open verse on the Ant ref.",,"Jan 1, 2019","Feb 9, 2026",Partial,Recording,https://pillows.su/f/782fd8b6dada108e0e04322e94a8ff4e
Before HAPPY 2 BE HERE,"Ty Dolla $ign & Skrillex - Backtalk [V3]
(prod. Skrillex)
(Back Talk)","OG Filename: Backtalk TY$ ANT CLEMONS Skrillex Memo
Studio voice memo of the song dated January 2, 2020, with its original creation dated January 31, 2019. Ant Clemons is mentioned in the filename, yet he has no vocals on the song, likely because he wrote for the song. Snippet leaked November 10, 2025.",2:30,"Jan 31, 2019","Feb 9, 2026",OG File,Recording,https://pillows.su/f/782fd8b6dada108e0e04322e94a8ff4e
Before HAPPY 2 BE HERE,"Teyana Taylor - Hurry [V1]
(ref. Ant Clemons) (prod. BongoByTheWay, Ye, ROBOTSCOTT & Triangle Park)","OG Filename: HURRY ANT GOGO SCOTT BONGO TRIANGLE KW Chop 23
Can be heard in the later version of Ye mumbling, likely a completely solo Ant Clemons reference track. Was unbounced in the session for quite sometime, but was finally bounced by Alek on December 3rd, 2022.",1:49,,,OG File,Lossless,https://pillows.su/f/ade37288172bd32a77911b5582a17bcc
Before HAPPY 2 BE HERE,"Teyana Taylor - Hurry [V2]
(ref. Ant Clemons) (prod. BongoByTheWay, Ye, ROBOTSCOTT & Triangle Park)","OG Filename: HURRY ANT GOGO SCOTT BONGO TRIANGLE PIANO ORGAN BASS WHIRLI KW Chop 23
Similar to the earlier version however it has extra production and the fade out is different.",1:49,,,OG File,CD Quality,https://pillows.su/f/2cfc8ac84cb2427798fe56ee0e115d7c
Before HAPPY 2 BE HERE,"Teyana Taylor - Hurry [V3]
(ref. Ant Clemons) (feat. Ye) (prod. Ye, BoogzDaBeast & MIKE DEAN)","3 minute longer early demo with mumbling. Ant Clemons' reference track can be heard in the background, Ye is mumbling to find a flow. Totally Ye solo besides Ant Clemons background vocals.",6:26,,,Full,CD Quality,https://pillows.su/f/05becaa98ad3bd0043b25fed1386e1d8
Before HAPPY 2 BE HERE,"Teyana Taylor - Hurry [V4]
(ref. Consequence) (feat. Ant Clemons) (prod. Ye, BoogzDaBeast & MIKE DEAN)","Consequence reference track. Has the same lyrics used by Ye. Was played several time over the years on Instagram Live. Longer snippet played July 18th, 2024.",,,,Partial,Recording,"https://pillows.su/f/4ee968e344cc36851b8c43082f378241 
https://pillows.su/f/700d096170c51a1fcd2bd0a57b8d77b1"
Before HAPPY 2 BE HERE,"Teyana Taylor - Hurry [V5]
(ref. Ant Clemons & Mykki Blanco) (prod. Ye, BoogzDaBeast & MIKE DEAN)",Version with Ant Clemons doing reference vocals for Teyana Taylor and Mykki Blanco doing reference vocals for Ye's verse.,3:08,,,Full,CD Quality,https://pillows.su/f/c6962f924a18fcb6d3d4851126745572
Before HAPPY 2 BE HERE,"Teyana Taylor - Hurry [V6]
(ref. Ant Clemons) (feat. Ye) (prod. Ye, BoogzDaBeast & MIKE DEAN)",Version with Ant Clemons doing reference vocals for Teyana Taylor and Ye's finished verse with some extra lines not present on the final version. Leaked alongside its stems.,3:13,,,Full,CD Quality,https://pillows.su/f/b354390f579a1be482ac2de47b57d753
Before HAPPY 2 BE HERE,"Ye - Freak [V1]
(ref. Ant Clemons) (prod. Team Timbo & Timbaland)
(Free)","OG Filename: FREAK (TIimbo_TeamTimbo) V1 105bpm
Earliest known version. Features a different mix compared to the other leaked version.",2:03,,"Oct 14, 2023",OG File,CD Quality,https://pillows.su/f/c1257aa22159ecddc40891b88e960569
Before HAPPY 2 BE HERE,"Ye - Freak Freak [V2]
(prod. Team Timbo & Timbaland)
(Free)","OG Filename: FREAK FREAK NO DRUMS 105 BPM 2
Filename shown by Alek. Nothing else is known.",,,,Rumored,Not Available,N/A
Before HAPPY 2 BE HERE,"Ye - Freak Freak [V3]
(ref. Ant Clemons)
(Free)","OG Filename: FREAK FREAK ANT
Filename shown by Alek. Nothing else is known.",,,,Rumored,Not Available,N/A
Before HAPPY 2 BE HERE,"Ye - Freak Freak [V4]
(ref. Ant Clemons)
(Free)","OG Filename: FEAK FREAK ANT
Filename shown by a trusted source. Nothing else is known.",,,,Rumored,Not Available,N/A
Before HAPPY 2 BE HERE,"Ye -  Freak [V5]
(ref. Ant Clemons) (prod. Timbaland, Team Timbo, Federico Vindver, Andy C & BoogzDaBeast)
(Free)","OG Filename: FREAK (TIMBO-FV-AL) 195 V2 TIM/TEAMTIM/BOOGZ/ANDYC
Song that was released as an Ant Clemons song, which was originally his reference for it.",2:05,,"Oct 29, 2023",OG File,CD Quality,https://pillows.su/f/4b7a7c6c0b794069a9aaa9df385eac02
Before HAPPY 2 BE HERE,"Ye - Freak [V6]
(feat. Ant Clemons) (prod. Timbaland, Team Timbo, Federico Vindver, Andy C & BoogzDaBeast)
(Free)",Ye recorded an iPhone mumble demo that you can hear in a now removed YouTube video. Unknown if this was ever turned into a bounce.,,,,Snippet,Recording,https://pillows.su/f/5f203a38348cc0022a821cb40a810389
Before HAPPY 2 BE HERE,Ye - Freak [V7],Track 12 on the March 2019 tracklist for Yandhi. Unknown if this version has Ye vocals or if it's just the Ant reference track.,,,,Confirmed,Not Available,N/A
Before HAPPY 2 BE HERE,"??? - Freaky Deaky [V1]
(ref. Ant Clemons) (prod. Ye, Triangle Park & BONGO ByTheWay)
(Would You)","OG Filename: FREAKY DEAKY _ANT_BONGO_TRIANGLE_KW Chop 16_103bpm
Ant Clemons reference track. Unknown if it was Ye or Teyana's song at this point. Original snippet leaked June 11th, 2025.",1:17,,"Jul 26, 2025",OG File,CD Quality,https://pillows.su/f/9218af8938b21c4b11bf872d17af12b9
Before HAPPY 2 BE HERE,"Ye & Chance the Rapper - How To Go Crazy [V1]
(feat. Francis and the Lights & Ant Clemons) (prod. Bon Iver & Francis and the Lights)
(The Big Day)","Version played during Good Ass Job sessions. different beat from release and mumble Ye vocals. Contains Ant Clemons riffing. Around 5 Minutes in Length. Leaked in the Dreezy Chakras zip. Only Ant's vocal stem has leaked, however a snippet of another recording of this session leaked years before, and was given the fan name ""Australia"" before it was known to be How To Go Crazy.",,,"Jun 4, 2024",Full,Recording,https://pillows.su/f/811ce8d24cb167c13481f4565ee4030b
Before HAPPY 2 BE HERE,"Ye & Chance the Rapper - How To Go Crazy [V2]
(ref. Ant Clemons) (feat. Francis and the Lights) (prod. Bon Iver & Francis and the Lights)
(The Big Day)","OG Filename: How to Go Crazy_ANT REF_092418
Original version of the Chance the Rapper song ""The Big Day"" which ended up on Chance's album of the same name. Seller confirmed that it was recorded during the sessions for Good Ass Job. Has an Ant Clemons reference verse for Ye, with three minutes of open after. Francis doesn't do the screaming he does in the final song, although otherwise his and Chance's parts are the same. Instrumental is more laid back than the final.",4:28,"Sep 24, 2018","Jun 26, 2025",OG File,CD Quality,https://pillows.su/f/edc88deb2251ca86055e85a541023e62
Before HAPPY 2 BE HERE,"Ye - Hurricane [V3]
(ref. Ant Clemons) (prod. BoogzDaBeast, Nascent, RONNY J & MIKE DEAN)
(Don't Let Me Down, Hurricanes, 80 Degrees)","OG Filename: Hurricane (md version) - Ant Ref
Sounds very similar to the version used to promo Yandhi, but the beat drops at a different point. Has rough reference vocals from Ant Clemons. Original snippet leaked June 8th, 2021.",4:40,,"Jul 31, 2025",OG File,CD Quality,https://pillows.su/f/42778a7ceba56b8ce169900342f2d486
Before HAPPY 2 BE HERE,"Ye - Hurricane [V9] 
(feat. Ant Clemons & Ty Dolla $ign) (prod. BoogzDaBeast, Nascent, RONNY J & MIKE DEAN)
(Don't Let Me Down, Hurricanes, 80 Degrees)","OG Filename: Hurricane 09.22.18 [TY$]
Version with just the hooks and a verse from Ty Dolla $ign.",4:18,"Sep 22, 2018","Jul 31, 2025",OG File,CD Quality,https://pillows.su/f/0e540f6bbad83ed3e27fd60848da0e1c
Before HAPPY 2 BE HERE,"Ye - Hurricane [V10] 
(feat. Ant Clemons, Young Thug & Ty Dolla $ign) (prod. BoogzDaBeast, Nascent, RONNY J & MIKE DEAN)
(Don't Let Me Down, Hurricanes, 80 Degrees)","OG Filename: Hurricane 09.22.18 [TY$ and THUG]
Has added vocals from Young Thug, along with the Ty Dolla $ign verse.",4:21,"Sep 22, 2018","Jul 31, 2025",OG File,CD Quality,https://pillows.su/f/1e3892e5c1863cebf04b05f910de8d10
Before HAPPY 2 BE HERE,"Ye - ??? [V1]
(prod. 7 Aurelius) 
(Never Would Have Made It, Seven Chords)","Original Ye freestyle over the ""Seven Chords"" instrumental. Most likely exists due to the reused vocals on Ant's version. Unknown exactly when this was made, as it could be from prior to ye's release as 7 was working with him at that time.",,,,Rumored,Not Available,N/A
Before HAPPY 2 BE HERE,"Ye - Seven Chords [V2]
(ref. 070 Shake) (prod. 7 Aurelius) 
(Never Would Have Made It)","OG Filename: Seven Chords Shake 06.17.18 ref 1
070 Shake reference track reportedly intended for Ye. ""Seven Chords"" likely isn't a song name, rather referring to 7 Aurelius producing the chords instrumental. Original snippet leaked in June 2021 and was said to be from ye sessions, but that was disproved when another snippet leaked alongside the OG filename. A VC recorded snippet later leaked December 20nd, 2022.",3:29,"Jun 17, 2018","Jun 4, 2024",Full,High Quality,https://pillows.su/f/9bcb4b30994fa24e219258f3c3d7304c
Before HAPPY 2 BE HERE,"Never Would Have Made It [V3]
(feat. Ye) (prod. 7 Aurelius, BONGO ByTheWay & Robot Scott)
(Seven Chords)","OG FIlename: NEVER WOULD HAVE MADE IT ANT JOZZY BONGO SCOTT 97
Ant Clemons song that features short snippets of Ye vocals. Has an open verse, most likely for Jozzy. Uses a further along version of the ""Seven Chords"" instrumental. Unknown where Ye's vocals originally come from, or when he recorded. Original snippet leaked December 30th, 2022, with two more leaking October 14th, 2023.",2:06,"Jun 20, 2018","Mar 29, 2024",OG File,High Quality,https://pillows.su/f/5326974463e384d0d7f2c80747e84165
Before HAPPY 2 BE HERE,"Ye - Take Me To The Light [V1]
(feat. Bon Iver) (prod. Ye & benny blanco)
(You Still Take Me To The Light, Metta World Peace)","OG Filename: Take Me To The Light REF 5.28.18
Early demo version. Ye has rough vocals and elements of ""Fine Line"" are reused, including Bon Iver's vocals and parts of the instrumental. Includes a beat switch and a short verse that was reused for ""I Thought About Killing You"" at the end. Contains lyrics from ""Freeee"".",2:51,"May 28, 2018","Oct 15, 2019",OG File,Lossless,https://pillows.su/f/e44f5e234aa034154c1259e56fed0a91
Before HAPPY 2 BE HERE,"Ye - Metta World Peace [V2]
(feat. Bon Iver & The WRLDFMS Tony Williams) (prod. Ye & benny blanco)
(You Still Take Me To The Light, Take Me To The Light)","OG Filename: Metta World End REF FOR TONY
Outro idea with Tony Williams and Bon Iver backing vocals. Instrumental is slightly evolved from V1.",0:44,,"Dec 20, 2022",OG File,CD Quality,https://pillows.su/f/808aac228a9d9ea21ce35302cd2a37c8
Before HAPPY 2 BE HERE,"Ye - Take Me to the Light [V3]
(feat. Francis and the Lights, Chance the Rapper, Caroline Shaw & Bon Iver) (prod. Ye, benny blanco, Francis and the Lights, Jeff Bhasker, Cashmere Cat, BJ Burton & Noah Goldstein)
(You Still Take Me To The Light, Metta World Peace)",First version with Francis and the Lights and Caroline Shaw. Features a Chance verse and minor production changes. Likely not Francis' song at this point.,3:41,,"Sep 3, 2019",Full,CD Quality,https://pillows.su/f/e1ce8c5181470bfcef61e977b812e403
Before HAPPY 2 BE HERE,"✨ Ye - Take Me To The Light [V4]
(feat. Francis and the Lights, Ant Clemons, Caroline Shaw & Bon Iver) (prod. Ye, benny blanco, Francis and the Lights, Jeff Bhasker, Cashmere Cat, BJ Burton & Noah Goldstein)
(You Still Take Me To The Light, Metta World Peace)","Includes an Ant Clemons verse at the end. Unclear if Ant is doing a reference verse for Ye, or a feature.",3:37,,"Feb 1, 2020",Full,CD Quality,https://pillows.su/f/d9774f1d36a9f11ea6ae4544856d599f
Before HAPPY 2 BE HERE,"Ye - Take Me To The Light [V5]
(ref. Fya Man)
(You Still Take Me To The Light, Metta World Peace)","OG Filename: Fya TakeMeToTheLight Ref1
Fya Man reference track, has Ye vocals. Exact date is unknown, but could only be from May 30th or 31st according to the metadata.",1:01,,"Oct 29, 2023",OG File,Lossless,https://pillows.su/f/7c55abe233cc23bad6f32bc976183029
Before HAPPY 2 BE HERE,"Ye - Take Me To The Light [V6]
(feat. Francis and the Lights, Bon Iver, Caroline Shaw, Chance the Rapper & Ant Clemons) (prod. Ye, benny blanco, Francis and the Lights, Jeff Bhasker, Cashmere Cat, BJ Burton & Noah Goldstein)
(You Still Take Me To The Light, Metta World Peace)","OG Filename: Take Me to the Light Remix PREMASTER
Includes Ant Clemons verse. The filename lists this version as a ""remix"". Ant Clemons verse is the same as his verse in an earlier version except it sounds off-beat. Unknown who's song this was at this point. Bounced 7 minutes before the non-remix premaster. This (or V7) was released officially by Francis and the Lights on streaming September 17th, 2020, except it fades out before Ant's verse.",4:25,"Sep 20, 2018","Sep 4, 2021",OG File,Lossless,https://pillows.su/f/a8ace322e1a4573bc6b22a5dd55a1806
Before HAPPY 2 BE HERE,"Ye - Take Me To The Light [V7]
(feat. Francis and the Lights, Bon Iver, Chance the Rapper, Caroline Shaw & Lil Dicky) (prod. Ye, benny blanco, Francis and the Lights, Jeff Bhasker, Cashmere Cat, BJ Burton & Noah Goldstein)
(You Still Take Me To The Light, Metta World Peace)","OG Filename: Take Me to the Light PREMASTER
Includes the full uncensored Lil Dicky outro which was later reused in Francis' song ""METTA WORLD PEACE"". Unknown who's song it was at this point. This (or V6) was released officially by Francis and the Lights on streaming September 17th, 2020, except it fades out before Lil Dicky's outro.",4:45,"Sep 20, 2018","Sep 4, 2021",OG File,Lossless,https://pillows.su/f/0280b48ea22ae9e294a5fdffe709d60c
Before HAPPY 2 BE HERE,"🗑️ Francis and the Lights - Take Me To The Light [V8]
(feat. Lil Dicky)
(You Still Take Me To The Light, Metta World Peace)","OG Filename: LIL DICKY OUTRO
An alternate version of the Lil Dicky outro, most likely as a test or to stitch onto the rest of the song.",1:18,"Oct 21, 2018","Jun 10, 2021",OG File,Lossless,https://pillows.su/f/f6f29a7182570ea8b36f3789e9e31546
Before HAPPY 2 BE HERE,"Francis and the Lights - Metta World Peace [V9]
(feat. Bon Iver & Ye)
(You Still Take Me To The Light, Take Me To The Light)","OG Filename: Metta World Peace FS 01.24.19
Open verse. Lacks Caroline Shaw backing vocals. A single line from Ye is kept as part of the chorus, where he says ""Keep 'em guessin'"". Likely from around when Francis took the song for himself, stripping back the song's development to incorporate new verses and make it a solo song.",3:30,"Jan 24, 2019","Oct 14, 2023",OG File,CD Quality,https://pillows.su/f/821904d19cdb4b5dd4c2e4c2505d6b11
Before HAPPY 2 BE HERE,"Francis and the Lights - Metta World Peace [V10]
(feat. Bon Iver & Ye)
(You Still Take Me To The Light, Take Me To The Light)","OG Filename: Metta World Peace FS 01.24.19 w vocal
Version with a new verse from Francis and the Lights.",3:13,"Jan 24, 2019","Oct 14, 2023",OG File,CD Quality,https://pillows.su/f/4361b6c8ae736bde42f497810639879b
Before HAPPY 2 BE HERE,"Francis and the Lights - Metta World Peace [V11]
(feat. Ant Clemons, Bon Iver & Ye)
(You Still Take Me To The Light, Take Me To The Light)","OG Filename: Metta World Peace 01.28.19 add Ant Vox
Version that has new vocals from Ant Clemons.",3:16,"Jan 28, 2019","Oct 14, 2023",OG File,CD Quality,https://pillows.su/f/f93c5ebdebd85d26f696946b33d44308
Before HAPPY 2 BE HERE,"Francis and the Lights - Metta World Peace [V12]
(feat. Ant Clemons, Bon Iver & Ye)
(You Still Take Me To The Light, Take Me To The Light)","OG Filename: Metta World Peace 01.28.19 add Ant Vox and Rhodes
Has minor mixing differences compared to the previous version.",3:16,"Jan 28, 2019","Oct 14, 2023",OG File,CD Quality,https://pillows.su/f/5261ef7c2ecea9d6ac10b1057bc5fdb0
Before HAPPY 2 BE HERE,"Ye - Chakra [V15]
(feat. The-Dream, BONGO ByTheWay & Ant Clemons) (prod. BoogzDaBeast & Caroline Shaw)
(Chakras, Selah, The Chakra, I Love It (Remix), Good Morning)","OG Filename: CHAKRA X BONGO DRUMS ADD REF (10.06.18)_DC
Alternate mix with added drums.",3:15,"Oct 6, 2018","Jul 31, 2025",OG File,CD Quality,https://pillows.su/f/8e609153b2bdba3c9c1b3c01b7f7555a
Before HAPPY 2 BE HERE,"✨ Ye - Nine Eleven
(ref. Ant Clemons) (prod. BONGO ByTheWay & Triangle Park)
(Chop 18, 9/11)","OG Filename: NINE ELEVEN_ANT_BONGO_TRIANGLE_KW Chop 18
Likely from Pre-Transitional Period, as BONGO was only in the studio during the Original Project. Leaked as a bonus for the 2020 Utopia copy GB. Snippet very fittingly leaked September 11th, 2025.",3:07,,"Sep 27, 2025",OG File,High Quality,https://pillows.su/f/41abd0a80280ee4d63aea3bcdb252700
Before HAPPY 2 BE HERE,"Ye - Make It Out [V2]
(ref. Ant Clemons) (prod. Ye, Triangle Park & BONGO ByTheWay)","OG Filename: MAKE IT OUT _ANT_BONGO_TRIANGLE_KW Chop 14
Ant Clemons reference track. Interpolates ""Tom's Diner"" by Suzanne Vega. Original snippet leaked June 11th, 2025.",2:14,,"Jul 26, 2025",OG File,CD Quality,https://pillows.su/f/9045712666da4501fe8438d1e1ba97a5
"69 OG File(s)
18 Full
0 Tagged
2 Partial
6 Snippet(s)
0 Stem Bounce(s)
11 Unavailable",HAPPY 2 BE HERE,,,,,,,
HAPPY 2 BE HERE,2 Hands,"OG Filename 2 Hands - Ant Clemons
Mostly finished song made sometime in late 2019.",2:35,,"Jun 3, 2024",OG File,CD Quality,https://pillows.su/f/f72227ee14a91fd59e57b396c7168941
HAPPY 2 BE HERE,"Aladdin
(feat. PnB Rock)",Confirmed by a leakedcx post releaking the file in 2025. Nothing else is known besides that the file originally was posted in 2020.,,,,Confirmed,Not Available,N/A
HAPPY 2 BE HERE,All Me,"OG Filename: Ant Clemons - All Me [demo]
Demo for an earlier version of HAPPY 2 BE HERE. Unknown if it was ever used for a tracklist.",3:10,,"Jun 3, 2024",OG File,CD Quality,https://pillows.su/f/6bca7abefac073c688c5f1a68affdea8
HAPPY 2 BE HERE,"Basic
(prod. Carter Lang, London & Westen Weiss)",Nothing known as the song is sadly lost.,,,"Nov 24, 2022",Full,Not Available,Link Needed
HAPPY 2 BE HERE,Behave,Snippet originally posted on Reddit by Red Pints. Name of the file later confirmed by multiple other owners of the file.,,,,Snippet,Not Available,Link Needed
HAPPY 2 BE HERE,Best Best Friend,OG Filename: Best Best Friend - Ant Clemons,,,"Jun 3, 2024",OG File,,https://pillows.su/f/de160879fe45bb908ce1f53d9ebd0064
HAPPY 2 BE HERE,Better Than This [V1],Earlier version confirmed to exist by filename below.,,,,Confirmed,Not Available,N/A
HAPPY 2 BE HERE,Better Than This [V2],"OG Filename: Better Than This V2 - Ant Clemons
Ant Clemons demo with reggae production.",3:26,,"Jun 3, 2024",OG File,CD Quality,https://pillows.su/f/cb87261c39fb0c0853e0b05ea0bc78be
HAPPY 2 BE HERE,"Change [V1-V2]
(feat. Ty Dolla $ign) (prod. Skrillex & Virtual Riot)
(Sullen Sunday, You See It)",Versions indicated by the filename below.,,,,Rumored,Not Available,N/A
HAPPY 2 BE HERE,"Change [V3]
(feat. Ty Dolla $ign) (prod. Skrillex & Virtual Riot)
(Sullen Sunday, You See It)","Version which is significantly shorter, has slight beat differences, and no Nia Miranda vocals. One of the 55 Ant songs leaked on the same day. Later released as ""Sullen Sunday"" on REPRISE: A Roc Nation Album.",0:54,,"Nov 9, 2020",Full,Lossless,https://pillows.su/f/787036a5de6c8866bba47550bda89401
HAPPY 2 BE HERE,Dad Business,OG Filename: Dad Business - Ant Clemons,,,"Jun 3, 2024",OG File,,https://pillows.su/f/b85e1d6ea9c88f2e126ad16b7e4601cd
HAPPY 2 BE HERE,"Day Off [V1]
(Fuckin Busy)",Earlier version with different drums is confirmed to exist.,,,,Confirmed,Not Available,N/A
HAPPY 2 BE HERE,"Day Off [V2]
(Fuckin Busy)","Nothing much known about the song besides that it possibly was considered for ""LOVE.$WEAT.TEAR$"". Lost as a dbree file.",,,"Mar 3, 2021",Full,Not Available,Link Needed
HAPPY 2 BE HERE,Dis Side,Nothing known about the file as it is lost.,,,"Jun 16, 2023",Full,Not Available,Link Needed
HAPPY 2 BE HERE,Effortless,OG Filename: Effortless - Ant Clemons x Westen x Weiss x KVR,,,"Jun 3, 2024",OG File,,https://pillows.su/f/3f933393416fb210aea8d1f4d1503d3b
HAPPY 2 BE HERE,Elite,OG Filename: Elite - Ant Clemons,,,"Jun 3, 2024",OG File,,https://pillows.su/f/f1664947b7a0eb776f2461de00e17e75
HAPPY 2 BE HERE,"✨ Expensive Habits
(feat. Derrick Milano)","OG Filename: Expensive Habits - Ant Clemons x Derrick Milano
Short demo with just a first verse and hook aswell as background vocals from Derrick Milano.",1:34,,"Jun 3, 2024",OG File,CD Quality,https://pillows.su/f/da993b08db1b66dddc5af1c60145245c
HAPPY 2 BE HERE,Favorite [V1],OG Filename: Favorite - Ant Clemons [Rihanna Camp],,,"Jun 3, 2024",OG File,,https://pillows.su/f/1474039943a54b5276e42ac0e1b0dec1
HAPPY 2 BE HERE,Favorite [V2],OG Filename: FAVORITE - Nija Ant Billy Hook 2,,,"Jun 3, 2024",OG File,,https://pillows.su/f/d31751eaa96973c9af32203a0387e4d0
HAPPY 2 BE HERE,Few,OG Filename: Few - Ant Clemons,,,"Jun 3, 2024",OG File,,https://pillows.su/f/da5d2d32870a71634a920b5dc251a0de
HAPPY 2 BE HERE,Fuck Yesterday,OG Filename: Ant Clemons - Fuck Yesterday [demo],,,"Jun 3, 2024",OG File,,https://pillows.su/f/7ebc1568c0d170599c93260f1818814c
HAPPY 2 BE HERE,Fun & Games [V1],Semi-confirmed to exist as the version below's file is named as v2 but that may be unofficial.,,,,Rumored,Not Available,N/A
HAPPY 2 BE HERE,Fun & Games [V2],Lost song. Nothing known about it.,,,"Aug 11, 2021",Full,Not Available,
HAPPY 2 BE HERE,G.I.T.U.,Snippet posted by waterfalls. Nothing else known.,,,"Jul 9, 2021",Snippet,Not Available,LINK NEEDED
HAPPY 2 BE HERE,Goals,Snippet posted by waterfalls. Nothing else known.,,,"Jul 9, 2021",Snippet,Not Available,LINK NEEDED
HAPPY 2 BE HERE,Good Intentions,OG Filename: Good Intentions - Ant Clemons,,,"Jun 3, 2024",OG File,,https://pillows.su/f/69367a6239c0d01ddadb982f27ed6d9f
HAPPY 2 BE HERE,"Good Luck
(prod. Wheezy)",Nothing known about the song. Currently lost.,,,"Jan 5, 2022",Snippet,Not Available,LINK NEEDED
HAPPY 2 BE HERE,Go Off,OG Filename: Go Off - Ant Clemons,,,"Jun 3, 2024",OG File,,https://pillows.su/f/e394581669f0b71ffd41c16355003cb6
HAPPY 2 BE HERE,"⭐️ Horizontal
(prod. Cassio, Sonic & Westen Weiss)",Mostly finished song likely made around late 2019 as Ant was working with Westen around that time. Contains open at the end of the song.,2:21,,"May 23, 2023",Full,CD Quality,https://pillows.su/f/e1408d83239b0c588850c0fb2b6b2cd3
HAPPY 2 BE HERE,"✨ I Told You
 (prod. Tay Keith)","OG Filename: I Told You [demo] - Ant Clemons
Zero mumble song with trap beat by the late Tay Keith. Contains an open verse.",,,"Jun 3, 2024",OG File,High Quality,https://pillows.su/f/32eb93886854edcfdea686f0f71d278c
HAPPY 2 BE HERE,"Impressed
(prod. Nick Mira, Bak)","OG Filename: Impressed — Ant Clemons x Nick Mira x Bak (153 Em)
Fully finished song, unknown what Bak´s contributions are to the song.",,,"Jun 3, 2024",OG File,,https://pillows.su/f/1d008eb6aa1318086ce0ab385033bad0
HAPPY 2 BE HERE,🗑️Invisible Love,"OG Filename: Invisible Love - Ant Clemons
SONg with anbient production with no drums, ant says the lyric ""open your ass"" 😭😭",3:22,,"Jun 3, 2024",OG File,CD Quality,https://pillows.su/f/3b96397141be8f3a3bb3205a8939e2ea
HAPPY 2 BE HERE,Island,"OG Filename: Island - Ant Clemons
Rnb track with latino production, has open verse.",,,"Jun 3, 2024",OG File,,https://pillows.su/f/34a96a78cee6ddb2feb8d9f974efe099
HAPPY 2 BE HERE,Last Laugh,OG Filename: Last Laugh - Ant Clemons,,,"Jun 3, 2024",OG File,,https://pillows.su/f/2320a1ae05479e96052c143e0ecf940e
HAPPY 2 BE HERE,✨ Lavish,"OG Filename: LAVISH - Ant Clemons
Demo with just a hook by Ant Clemons. Unknown if the open verses got filled in.",3:00,,"Jun 3, 2024",OG File,CD Quality,https://pillows.su/f/f3cead845268beefd5a3af21f41ee1c6
HAPPY 2 BE HERE,"Love Away
(feat. Ty Dolla $ign)","Made in 2019, likely in the same session as ""Excited"". Snippet posted May 14, 2020, later leaked in full by leakthis user Squirtle.",3:29,,"Dec 6, 2020",Full,CD Quality,https://pillows.su/f/0eeb85549bf1dd52a609c0affdd3a5dc
HAPPY 2 BE HERE,Livin For,OG Filename: Livin For - Ant Clemons,,,"Jun 3, 2024",OG File,,https://pillows.su/f/3f9fd03c2af530b06cdd497525988115
HAPPY 2 BE HERE,Make It Happen,OG Filename: Make It Happen - Ant Clemons,,,"Jun 3, 2024",OG File,,https://pillows.su/f/73607b3af581e1c510f210d12edf0f7e
HAPPY 2 BE HERE,Making Moves,OG Filename: Making Moves - Ant Clemons,,,"Jun 3, 2024",OG File,,https://pillows.su/f/df251b5045120c116acddffff4adf09c
HAPPY 2 BE HERE,Mosh Pit,OG Filename: Mosh Pit bnce,,,"Jun 3, 2024",OG File,,https://pillows.su/f/db5683f14471ac4fb47ebefbfa1545fc
HAPPY 2 BE HERE,Move,Nothing known as the song is lost.,,,"Sep 9, 2023",Full,Not Available,LINK NEEDED
HAPPY 2 BE HERE,Nice Guy,OG Filename: Nice Guy - Ant Clemons,,,"Jun 3, 2024",OG File,,https://pillows.su/f/942c7aea8af63e065574ee4970d0c82a
HAPPY 2 BE HERE,Nobody's Rules [V1],OG Filename: Nobody's Rules - Ant Clemons,2:13,,"Jun 3, 2024",OG File,Low Quality,https://pillows.su/f/9883d83f8f8c4d2a44bb48510ffc9e9e
HAPPY 2 BE HERE,Nobody's Rules [V2],OG Filename: Nobodys Rules REF - Ant Clemons,,,"Jun 3, 2024",OG File,,https://pillows.su/f/96696f9275e7a8e0c5a248d34fd5ef3b
HAPPY 2 BE HERE,Office,OG Filename: Office - Ant Clemons,,,"Jun 3, 2024",OG File,,https://pillows.su/f/beae76f642b03ac708d57ad7207516e6
HAPPY 2 BE HERE,Out Of Nothing,OG Filename: Out Of Nothing - Ant Clemons,,,"Jun 3, 2024",OG File,,https://pillows.su/f/73c86d7ce08e3d8367640f68c6043c8a
HAPPY 2 BE HERE,Petty,OG Filename: Ant Clemons - Petty [demo],,,"Jun 3, 2024",OG File,,https://pillows.su/f/07a4bd72a6f763e6e4add9a16c4bb370
HAPPY 2 BE HERE,"Politics
(prod. Iceberg & Westen Weiss)","OG Filename: Politics - Ant Clemons (Prod. Westen x Iceberg)
First half of the song is finished with the second half being opened verse.",3:08,,"Jun 3, 2024",OG File,High Quality,https://pillows.su/f/cc9e6f2a09428f337b92de6933c3312e
HAPPY 2 BE HERE,"Red Lights
(ref. ???)","OG Filename: Red Lights REF1
Contains an unknown female reference artist. Second verse is open.",2:12,,"Jun 3, 2024",OG File,,https://pillows.su/f/20f4bcba97b7c5d63074bfac2f7440b1
HAPPY 2 BE HERE,"Say Less
(prod. Benjmn)","OG Filename: Say Less - Ant Clemons x Feli Ferraro x Benjmn
Half finished demo possibly co-written by Feli Ferraro as she has no vocals on the song.",2:36,,"Jun 3, 2024",OG File,CD Quality,https://pillows.su/f/27c165be95938708b3cc86b478c6cb0a
HAPPY 2 BE HERE,Selfish,OG Filename: Selfish - Ant Clemons,,,"Jun 3, 2024",OG File,,https://pillows.su/f/47113d0fcdc5e911deb13a9efef8eea9
HAPPY 2 BE HERE,Serious,OG Filename: Ant - Serious (west bev 4) [demo],,,"Jun 3, 2024",OG File,,https://pillows.su/f/2e8c2026301412a385d75c54fd6d8008
HAPPY 2 BE HERE,Shake,OG Filename: Shake - Ant Clemons,,,"Jun 3, 2024",OG File,,https://pillows.su/f/658635b706ac1fa763d351320aede6df
HAPPY 2 BE HERE,"✨ Sign
(feat. Jay Rock) (prod. Rance & BONGO ByTheWay)","OG Filename: Ant Clemons ft. Jay Rock - Sign_Rance x Bongo_163 D
Fully finished song likely from around 2020 as Jay Rock mentions Covid.",4:44,,"Nov 9, 2020",OG File,CD Quality,https://pillows.su/f/fe5a2eac7539483fcdfaaec3d4e1a1f5
HAPPY 2 BE HERE,Slow It Down,OG Filename: Slow It Down - Ant Clemons,2:49,,"Jun 3, 2024",OG File,CD Quality,https://pillows.su/f/96c0206f67f760d5a4ad5a34aeef5a24
HAPPY 2 BE HERE,Somebody Daughter,OG Filename: SOMEBODY DAUGHTER REF 1 ANT CLEMONS DYSTINKT BEATS TEEZIO,2:16,,"Jun 3, 2024",OG File,CD Quality,https://pillows.su/f/11af1189f32040de35524da49c4a64ae
HAPPY 2 BE HERE,Stolen,OG Filename: Stolen - Ant Clemons,2:32,,"Jun 3, 2024",OG File,Low Quality,https://pillows.su/f/a80d4a235119cbdb34b5229b0bcee0f1
HAPPY 2 BE HERE,Stone Cold [V1],"OG Filename: Stone Cold - Ant Clemons 10.7.19 OPEN VERSE 2
Contains just the hook and first verse. Second verse is obviously left open as said by the filename.",3:19,"Oct 7, 2019","Jun 3, 2024",OG File,CD Quality,https://pillows.su/f/fe3fbd10cdba8ce439bf32e512f37994
HAPPY 2 BE HERE,Stone Cold [V2],"OG Filename: Stone Cold2ndVerse- Ant Clemons
More finished version of the previous demo as it now contains a second verse.",3:19,,"Jun 3, 2024",OG File,CD Quality,https://pillows.su/f/42c87cb1fff7f6ed018b065b46aa89ff
HAPPY 2 BE HERE,Take You Back,OG Filename: Take You Back - Ant Clemons,3:46,,"Jun 3, 2024",OG File,CD Quality,https://pillows.su/f/fc29f332e0060ece2ff53a2647a8af60
HAPPY 2 BE HERE,Taught You,OG Filename: Taught You - Ant Clemons,,,"Jun 3, 2024",OG File,,https://pillows.su/f/c2e05917f309567b03278f2d3c7dec70
HAPPY 2 BE HERE,Temp,OG Filename: Temp - Ant Clemons,,,,OG File,CD Quality,https://pillows.su/f/e97242ff2ff3f9db15b110e9b13f6f84
HAPPY 2 BE HERE,That's It,OG Filename: That's It - Ant Clemons,,,"Jun 3, 2024",OG File,,https://pillows.su/f/d005c8af1221280bbd1f48c045d3840f
HAPPY 2 BE HERE,The Most,OG Filename: THE MOST 10.8.19 - Ant Clemons,,"Oct 8, 2019","Jun 3, 2024",OG File,CD Quality,https://pillows.su/f/c1c9f4468db281c5755b3930a389a4f6
HAPPY 2 BE HERE,They Not Us,OG Filename: They Not Us - Ant Clemons,,,"Jun 3, 2024",OG File,CD Quality,https://pillows.su/f/980889860bdd60faf50e090d5181204e
HAPPY 2 BE HERE,Tik Tak Toe,OG Filename: TIK TAK TOE ANT CLEMONS REF 1,,,"Jun 3, 2024",OG File,CD Quality,https://pillows.su/f/cb847728d7f78948494f6dd53418060d
HAPPY 2 BE HERE,Transparency,OG Filename: Transparency - Ant Clemons,,,"Jun 3, 2024",OG File,CD Quality,https://pillows.su/f/8d2cac54a8cc02d8d4dbecd3239befc9
HAPPY 2 BE HERE,Trash Out,OG Filename: Trash Out — Ant x Alex Bak x Nick M (163 Am),,,"Jun 3, 2024",OG File,CD Quality,https://pillows.su/f/a3c2c0d36617c608a0d773018bcc94d1
HAPPY 2 BE HERE,"What We Fina Do
(feat. Ty Dolla $ign)",,,,"Jun 26, 2021",Full,Not Available,N/A
HAPPY 2 BE HERE,"When Heaven Calls
(prod. Jack Rochan)",Nothing known as its lost.,,,,Full,Not Available,N/A
HAPPY 2 BE HERE,World Ends,OG Filename: World Ends - Ant Clemons,,,"Jun 3, 2024",OG File,CD Quality,https://pillows.su/f/9455fc961aac34669b529a53eec00484
HAPPY 2 BE HERE,"Yesterday
(prod. JetsonMade & Jr)","OG Filename: JR x ANT CLEMONS x Dson - Yesterday (IDEA)
Contains the first verse and a hook with the rest being open verse.",2:15,,"Jun 3, 2024",OG File,CD Quality,https://pillows.su/f/5b2cb186dd3fe49cbb7315f45fbadc6e
HAPPY 2 BE HERE,You Were This House,OG Filename: You Were This House v1 12BPM - Ant Clemons,,,"Jun 3, 2024",OG File,CD Quality,https://pillows.su/f/c5316df076994e7c3bbe73083658250e
HAPPY 2 BE HERE,You Weren't There,"OG Filename: Ant Clemons - You Werent There
Nothing known as the song is lost.",,,"Sep 9, 2023",OG File,Not Available,Link Needed
HAPPY 2 BE HERE,"???
(feat. Ty Dolla $ign)
(Humiliate Me)","Snippet posted to Tier 4 of TheSource on February 3rd, 2021. Currently being sold by user Block. Era and title are unconfirmed.",,,"Feb 3, 2021",Snippet,Not Available,Link Needed
HAPPY 2 BE HERE,"???
(prod. Ty Dolla $ign, Skrillex & Thundercat)
(Let Your Guard Down)","Ant Clemons song with production from Ty, Skrillex, and Thundercat. Likely made around the same time Thundercat got on ""Track 6"" for Ty Dolla $ign's album. Played by Ty on stream February 15, 2026.",,,"Feb 15, 2026",Partial,Recording,https://pillows.su/f/b81da983f8690f53e23c88a89ad6730f
HAPPY 2 BE HERE,"Unknown [BONGO ByTheWay Collaborations]
(prod. BONGO ByTheWay)",BONGO and Ant confirmed in an interview that as always they've worked together during this era.,,,,Confirmed,Not Available,N/A
HAPPY 2 BE HERE,"Chance The Rapper - Meet Me At The Door [V1]
(feat. Juice WRLD & Ant Clemons)
(Door, At The Door)",Earlier version confirmed to exist by the filename below,,,,Confirmed,Not Available,N/A
HAPPY 2 BE HERE,"⭐️ Chance The Rapper - Meet Me At The Door [V2]
(feat. Juice WRLD & Ant Clemons)
(Door, At The Door)","OG Filename: Meet Me At The Door_Mix2
Likely Chance The Rapper's song as he is the most present on the song. Contains an open verse for an unknown artist.",3:56,"Apr 23, 2019","Mar 1, 2022",OG File,CD Quality,https://pillows.su/f/9e6124e7510f481246ce3bf308bd3c1d
HAPPY 2 BE HERE,"✨ Chris Brown - Love Angry
(ref. Ant Clemons & Feli Ferraro)","OG Filename: Love Angry Ref1 (Ant Clemons x Feli)
Contains a reference verse and hook from ant with the second verse being Chris Brown. Feli is labeled as a reference artist in the filename but its unknown who she's doing it for.",3:07,,"Jun 3, 2024",OG File,CD Quality,https://pillows.su/f/14c4e002356267b49ca2940f4970c2b9
HAPPY 2 BE HERE,"Dua Lipa - Act Of God [V1]
(feat. Ant Clemons) (prod. Gerard O’Connell & Tommy Baxter)","OG Filename: DUA LIPA_ACT OF GOD_TCB PROD1 - ADM1- ANT MASTER
Demo version with slightly less production. Recorded in 2019.",3:22,,"Oct 1, 2021",OG File,CD Quality,https://pillows.su/f/2acc6e7a36c19c19b89548c6bd1a2fec
HAPPY 2 BE HERE,"Dua Lipa - Act Of God [V2]
(feat. Ant Clemons) (prod. Gerard O’Connell & Tommy Baxter)","OG Filename: DUA LIPA ACT OF GOD 1
Second demo.",3:22,,"Oct 4, 2020",OG File,CD Quality,https://pillows.su/f/48fc20d0babaad9382062b0d50979754
HAPPY 2 BE HERE,Elena Rose - Rio [V1-2],Earlier versions confirmed by filename below.,,,,Confirmed,Not Available,
HAPPY 2 BE HERE,"Elena Rose - Rio [V3]
(prod. 1mind, Ant Clemons & Westen Weiss)","OG Filename: Rio v 2.1  (Elena x Ant x Westen x 1mind)
Song done by Elena Rose with production and possibly writing done by Ant Clemons.",2:55,,"Jun 3, 2024",OG File,High Quality,
HAPPY 2 BE HERE,"Jozzy - Finishline
(prod. Ant Clemons & BONGO ByTheWay)","OG Filename: JOZZY x BONGO x ANT - FINISHLINE
Finished Jozzy song with background vocals from Ant Clemons. Likely made around 2020.",3:24,,"Apr 2, 2026",OG File,CD Quality,https://pillows.su/f/5d4f5fd8a0a321bcd2f2ad4bd6a2f441
HAPPY 2 BE HERE,"Jozzy - Justice
(feat. Ant Clemons) (prod. Ant Clemons & BONGO ByTheWay)
(Robot)","OG Filename: JOZZY JUSTICE  x BONGO x ANT_robot
Finished song by Jozzy with a small amount of background vocals from Ant Clemons. Likely made around 2020 as Jozzy started working with BONGO at that time. Metadata refers to the song as ""robot"".",2:50,,"Apr 2, 2026",OG File,CD Quality,https://pillows.su/f/037ddd9e54d48a311c79aada03b3f2a9
HAPPY 2 BE HERE,"Lil Mosey - Act Like That
(feat. Ant Clemons)",Lil Mosey song with an Ant Clemons feature. Currently only available via a YouTube rip.,1:23,,,Full,High Quality,https://pillows.su/f/c8a1836e7b1c0527246830618950e8cb
HAPPY 2 BE HERE,"Lil Mosey - Empty [V1]
(feat. Starbxy, FendiJett & PnB Rock) (prod. Hitmaka, Pliz & OG Parker)",Version with Starbxy and FendiJett. Has background vocals from PnB Rock. Unknown if this was made before or after the Ant version. Currently only available via a YouTube rip.,3:42,,,Full,High Quality,https://pillows.su/f/203e65af076eb29b17326e270f1907ec
HAPPY 2 BE HERE,"✨ Lil Mosey - Empty [V2]
(feat. Ant Clemons & PnB Rock) (prod. Hitmaka, Pliz & OG Parker)",Lil Mosey song with an Ant Clemons feature. Has background vocals from PnB Rock. Currently only available via a YouTube rip.,2:44,,,Full,High Quality,https://pillows.su/f/a425cb129d8159f970a4ed89639d17de
HAPPY 2 BE HERE,"Lil Mosey - Special
(feat. Ant Clemons)",Lil Mosey song with an Ant Clemons feature. Currently only available via a YouTube rip.,1:36,,,Full,High Quality,https://pillows.su/f/e55b910eac82ee1b2d6d508afb261ceb
HAPPY 2 BE HERE,"Ty Dolla $ign - Intention [V1]
(ref. Ant Clemons) (prod. Camper & Mustard)","According to Ant Clemons, he wrote for the song.",,,,Confirmed,Not Available,Source Needed
HAPPY 2 BE HERE,"Ty Dolla $ign - Intention [V2]
(feat. Brandy) (prod. Camper & Mustard)","While playing the song on stream, Ty repeatedly stated that he wanted to do something with it, mentioning that it could appear on Beach House 4 and implying that he may have been considering it for the TYCOON deluxe; the song would ultimately release on girl music vol. 1. Ty also suggested that the song dates back several years; it was likely recorded around June 20, 2019, when Ty, Brandy, and Camper were pictured together in the studio. First played by Ty on stream November 18, 2025.",,"Jun 20, 2019","Nov 20, 2025",Partial,Recording,Link Needed
HAPPY 2 BE HERE,"Ty Dolla $ign - Nothing Like Your Exes [V1]
(prod. GYLTTRYP, Mike Crook & Nano)",This song was possibly conceived back when the album was called Dream House due to the bridge referencing the title.,,,,Rumored,Not Available,N/A
HAPPY 2 BE HERE,"Ty Dolla $ign - Nothing Like Your Exes [V2]
(ref. Ant Clemons) (prod. GYLTTRYP, Mike Crook & Nano)","Ant Clemons likely recorded a reference as he has writing credits on the release version, along with the fact that he was having sessions with Ty around this time",,,,Rumored,Not Available,N/A
HAPPY 2 BE HERE,"Ye - Free [V7]
(feat. ???) (prod. Timbaland, Team Timbo, Federico Vindver, Andy C, BoogzDaBeast, & Charlie Heat)
(Freak)","OG Filename: 01 Free - 08.24.19 Ye Sample Inst
Possibly on a September JESUS IS KING tracklist. Was originally thought to be ""Bound 3"" but was later confirmed to be a newer version of ""Freak"". Features an unknown artist doing vocals in place of the sample, alongside Ye vocals replacing the ""freak"" chop with 'free' to make it more Christian.",1:58,"Aug 24, 2019","Feb 6, 2026",OG File,CD Quality,https://pillows.su/f/ng2ZowPc
HAPPY 2 BE HERE,"Ye - Free [V8]
(ref. Rhymefest) (feat. ??? & ???) (prod. Timbaland, Team Timbo, Federico Vindver, Andy C, BoogzDaBeast, & Charlie Heat)
(Freak)","OG Filename: 01 Free - 09.17.19 Rhymefest
Version most likely seen on September 17, 2019 JESUS IS KING tracklist due to being made the day of. Features Rhymefest and an unknown female vocalist who is most likely Victory. Snippet leaked January 13, 2026",1:58,"Sep 17, 2019","Feb 6, 2026",OG File,CD Quality,https://pillows.su/f/PTpZlQSD
HAPPY 2 BE HERE,"Ye - Alien [V49]
(ref. Sean Leon) (feat. Ant Clemons) (prod. FnZ, Andrew Dawson, BONGOByTheWay & RONNY J & ???)
(Space X)","OG Filename: Alien - 07.19.19 - Sean Leon ref
Sean Leon said he had a verse in a tweet on July 5th, 2020. This was likely recorded in July 2019. A snippet was eventually posted by crave on January 15th, 2026. Has the re-recorded Ant Clemons Godzilla vocals that were later used on 2020 versions of the song. Fully leaked on January 18, 2026. Following the leak, Sean noted that this was one of the first things he recorded in Calabasas and that the engineers didn't know how to mix his vocals at the time.",3:43,"Jul 19, 2019","Jan 18, 2026",OG File,High Quality,https://pillows.su/f/58d1dada9d81e964d12b936b8a985825
HAPPY 2 BE HERE,"Ye - Amazing [V1]
(ref. Ant Clemons) (feat. Sunday Service Choir) (prod. Skrillex)","OG Filename: Amazing ref - Ant & Choir - 03.21.19
March 2019-era track with Skrillex production, Ant Clemons vocals, and a ""choir"". Not confirmed to be Sunday Service Choir, but is most likely their vocals judging from the time period. Original snippet leaked November 18th, 2022. Given to Ant Clemons for his 2020 solo project, then brought back for Bad Bitch Playbook in 2023.",3:33,"Mar 21, 2019","Oct 10, 2023",OG File,CD Quality,https://pillows.su/f/5974024d7f4ba26db77ca33a8a0b9023
HAPPY 2 BE HERE,"Ye - Everything We Need [V38]
(feat. Ty Dolla $ign, Ant Clemons & Sunday Service Choir) (prod. Ye, Federico Vindver, BoogzDaBeast, RONNY J, FNZ & MIKE DEAN)
(Jeet, The Storm, We Begin, XXX, We Begin After The Storm Inside)","Alt mix from the Teenage Engineering Stemplayer. Leaked November 7th, 2025. Likely dated on or around October 23rd, 2019.",1:55,,"Nov 7, 2025",Full,Lossless,https://pillows.su/f/40f4c408cb7e2eeb30d2a21fbfe899b3
HAPPY 2 BE HERE,"Selah [V47]
(feat. Sunday Service Choir, Ant Clemons & Bongo ByTheWay) (prod. Ye, Federico Vindver, E.VAX, BoogzDaBeast, Francis Starlite & benny blanco)
(Chakras, The Chakra, Chakra, I Love It (Remix), Good Morning)","Alt mix from the Teenage Engineering Stemplayer. Leaked November 7th, 2025. Likely dated on or around October 23rd, 2019.",2:45,,"Nov 7, 2025",Full,Lossless,https://pillows.su/f/6f67453c0fb2d257deefcff63272d5cd
HAPPY 2 BE HERE,"Ye - Sky City [V26]
(feat. Ty Dolla $ign, Ant Clemons, 070 Shake, The-Dream, Desiigner & Kid Cudi) (prod. damn james!, Ty Dolla $ign, Ye, Federico Vindver, Angel Lopez, DRTWRK, BoogzDaBeast, Team Timbo & Timbaland)
(City In The Sky, Loyalty, Ooh Child, Ooh Child Things Are Gonna Get Easier)","OG Filename: Sky City KW Timbo 07.15.19
Rebounce of the December 2018 version.",4:02,"Jul 15, 2019","Feb 6, 2026",OG File,CD Quality,https://pillows.su/f/aLoQz_Kc
HAPPY 2 BE HERE,"Ye - Ooh Child [V27]
(feat. Ty Dolla $ign, Ant Clemons, 070 Shake, The-Dream, Desiigner & Kid Cudi) (prod. damn james!, Ty Dolla $ign, Ye, Federico Vindver, Angel Lopez, DRTWRK, BoogzDaBeast, Team Timbo & Timbaland)
(City In The Sky, Loyalty, Ooh Child Things Are Gonna Get Easier, Sky City)","OG Filename: Ooh Child 08.24.19 clean
The same as the file below, but without the intro fix.",4:02,"Aug 24, 2019","Feb 6, 2026",OG File,CD Quality,https://pillows.su/f/PYFHcSH6
HAPPY 2 BE HERE,"Ye - Ooh Child [V28]
(feat. Ty Dolla $ign, Ant Clemons, 070 Shake, The-Dream, Desiigner & Kid Cudi) (prod. damn james!, Ty Dolla $ign, Ye, Federico Vindver, Angel Lopez, DRTWRK, BoogzDaBeast, Team Timbo & Timbaland)
(City In The Sky, Loyalty, Ooh Child Things Are Gonna Get Easier, Sky City)","OG Filename: Ohh Child 08.26.19 Clean Intro fix
Version considered for JESUS IS KING. Has slightly different production, is censored, has Ty vocals from the intro as an outro and has the full intro. The ""Ohh"" in the filename is a typo.",4:02,"Aug 26, 2019","Feb 6, 2026",OG File,CD Quality,https://pillows.su/f/Q16OgTh4
HAPPY 2 BE HERE,"Ye - Water [V23]
(feat. Ant Clemons, Sunday Service Choir & Federico Vindver) (prod. BoogzDaBeast, Timbaland, Federico Vindver & Angel Lopez)
(Clean Us Like The Rain in Spring, Clean Us)","Alt mix from the Teenage Engineering Stemplayer. Leaked November 7th, 2025. Likely dated on or around October 23rd, 2019.",2:48,,"Nov 7, 2025",Full,Lossless,https://pillows.su/f/37c67f7d226488ab1b97d05a75a3d8f3
"27 OG File(s)
5 Full
0 Tagged
2 Partial
4 Snippet(s)
2 Stem Bounce(s)
15 Unavailable",LOVE.$WEAT.TEAR$,,,,,,,
LOVE.$WEAT.TEAR$,"After All [V1]
(feat. Big Sean) (prod. Hit-Boy)","OG Filename: After All Ant Clemons Big Sean prod. HitBoy
Ant Clemons song featuring Big Sean. Has an open verse. Intended for his album LOVE.$WEAT.TEAR$. Leaked in full September 18, 2022, with the OG file leaking later.",3:53,,"Nov 10, 2025",OG File,CD Quality,https://pillows.su/f/f7cd49f2d951423985f01c32a1e0ee0f
LOVE.$WEAT.TEAR$,"✨ After All [V2]
(feat. Ty Dolla $ign & Big Sean) (prod. Hit-Boy)","OG Filename: 02.AfterAll
Version with an additional Ant Clemons verse filling the open along with Ty vocals. Intended to be track 2 on Ant's scrapped album LOVE.$WEAT.TEAR$.",,,"Nov 10, 2025",OG File,Lossless,https://pillows.su/f/f6b6b37a5d19f8f3cbd7f838fa81d73b
LOVE.$WEAT.TEAR$,"Amazing [V2]
(prod. Skrillex & ???)","OG Filename: 10. Amazing
Version said to have been considered for Ant's 2020 album LOVE.$WEAT.TEAR$. Has additional production and a faster tempo compared to the Yandhi-era reference. Was later recorded on by Ty during Italy ¥$ sessions. Original snippet leaked December 7th, 2025.",3:14,"Dec 21, 2020","Dec 7, 2025",OG File,Lossless,https://pillows.su/f/a3aaf8efa580a652a4394557d8647608
LOVE.$WEAT.TEAR$,"Diamonds And Roses
(prod. Ty Dolla $ign)","Rough solo Ant Clemons song from 2020 produced by Ty Dolla $ign. Contains an open verse. Snippet leaked November 10, 2025.",2:59,,"Nov 10, 2025",Snippet,CD Quality,https://pillows.su/f/724ccf30b3c3408c2081345e91802b15
LOVE.$WEAT.TEAR$,Don't Cha,"Contains just a hook, likely made around the same time as the snippet with The Alchemist production.",,,"Feb 8, 2021",Snippet,Not Available,LINK NEEDED
LOVE.$WEAT.TEAR$,"Head 2 Toe [V1]
(feat. Ty Dolla $ign & Charlie Wilson) (prod. Q Gulledge, Mustard, Brian Edwards, Ant Clemons & Solomon Fulton)
(Head To Toe)","OG Filename: Ant Clemons - Head 2 Toe (ft. Uncle Charlie) &
Head 2 Toe - Ant Clemons ft. Ty$ (BGVs - Charlie Wilson)
Dated sometime in 2020",2:04,,"Feb 9, 2026",OG File,CD Quality,https://pillows.su/f/25705de742d29f4d71ab6959003b40de
LOVE.$WEAT.TEAR$,"Head To Toe [V2]
(feat. Ty Dolla $ign & Charlie Wilson) (prod. Q Gulledge, Mustard, Brian Edwards, Ant Clemons & Solomon Fulton)
(Head 2 Toe)","OG Filename: 08.Head To Toe
Fully finished Ant Clemons song from 2020 with a Ty verse and Charlie Wilson backing vocals. Intended to be track 8 on Ant's scrapped album LOVE.$WEAT.TEAR$, later releasing on his EP 4Play II. Snippet leaked November 10, 2025.",2:51,"Dec 14, 2020","Feb 9, 2026",OG File,Lossless,https://pillows.su/f/c716a98a011ed82afdee499ecc62e6cf
LOVE.$WEAT.TEAR$,"HEAD TO TOE [V3]
(feat. Ty Dolla $ign, Charlie Wilson & Slim) (prod. Q Gulledge, Mustard, Brian Edwards, Ant Clemons & Solomon Fulton)
(Head 2 Toe)","OG Filename: HEAD TO TOE AC x Ty$ x Charlie Wilson
Version with a verse from Slim. Later released in 2025 exclusively to Ant's YouTube channel, before being released on streaming services on his EP 4Play II.",2:54,"Feb 9, 2022","Feb 9, 2026",OG File,High Quality,https://pillows.su/f/f79624bc45b1003c5ab6f36461a6b62d
LOVE.$WEAT.TEAR$,"Make It Make Sense
(feat. Pharrell Williams & Latto) (prod. The Neptunes)",Nothing known as the snippet is sadly lost.,,,"Aug 9, 2021",Snippet,Not Available,LINK NEEDED
LOVE.$WEAT.TEAR$,"Mindset
(prod. The Alchemist)",Little known about the song. Contains just a hook over The Alchemist production. Made in 2020.,2:34,,"Feb 8, 2021",Snippet,Not Available,LINK NEEDED
LOVE.$WEAT.TEAR$,"???
(feat. Ty Dolla $ign) (prod. Ty Dolla $ign)","Played by Ty on stream February 15, 2026. Has a small amount of Ty vocals.",,,"Feb 15, 2026",Partial,Recording,https://pillows.su/f/76d9b31b5842992bda786adc3e448207
LOVE.$WEAT.TEAR$,Unknown [Kirk Franklin Collaborations],"Ant said in an interview he was in the studio with Kirk Franklin, although this may have just been for the JESUS IS KING sessions with Ye.",,,,Rumored,Not Available,N/A
LOVE.$WEAT.TEAR$,Unknown [James Fauntleroy Collaborations],"Ant Clemons, in a 2021 interview, said how he met James in 2020 and a week or two later went into the studio and helped with writing music. It's very likely that the two made many songs together.",,,,Confirmed,Not Available,N/A
LOVE.$WEAT.TEAR$,Unknown [Justin Timberlake Collaborations],Ant said in an interview from 2022 that Better Days wasnt the only song that he worked on with Justin Timberlake. It's unknown how many more songs they did together.,,,,Confirmed,Not Available,N/A
LOVE.$WEAT.TEAR$,Unknown [Pharrell Williams Collaborations],Pharrell confirmed in 2020 he was working with Ty$ who is usually in the studio with Ant Clemons. This is further proven as he is featured on a song from Ant.,,,,Confirmed,Not Available,N/A
LOVE.$WEAT.TEAR$,"Unknown [The Neptunes Collaborations]
(prod. The Neptunes)",Ant was seen in the studio with Neptunes along with Ty Dolla $ign.,,,,Confirmed,Not Available,N/A
LOVE.$WEAT.TEAR$,Unknown [Ty Dolla $ign Collaborations],Ty Dolla $ign was seen with Ant Clemons in the studio many many times so its very likely that alot of music between the two came out of it.,,,,Confirmed,Not Available,N/A
LOVE.$WEAT.TEAR$,"6LACK - Float
(ref. Ant Clemons) (prod. Nick Mira & Jack Rochan)","OG Filename: Float - Ant Clemons x Nick Mira x Jack Ro [TAKEN 6lack]
Reference track by Ant Clemons with slightly different production. Recorded sometime in 2020.",4:23,,"Oct 20, 2025",OG File,CD Quality,https://pillows.su/f/4a1c8516238016c1db55e139b5913107
LOVE.$WEAT.TEAR$,"6LACK - Outside
(ref. Ant Clemons)",Possibly exists as Ant Clemons is credited as a co-writer.,,,,Rumored,Not Available,N/A
LOVE.$WEAT.TEAR$,"✨ Ed Sheeran - Visiting Hours
(ref. Ant Clemons) (prod. BONGO ByTheWay)","OG Filename: ANT x BONGO VISITING HOURS
Ant Clemons reference track.",5:06,,,OG File,High Quality,https://pillows.su/f/16c1afde392fa0d339231c366055736e
LOVE.$WEAT.TEAR$,"Francis and the Lights - Take Me To The Light 2030 [V14]
(feat. Ye & Bon Iver)
(Fine Line, You Still Take Me To The Light, Metta World Peace)",Version likely planned for Francis' album. Has a more dynamic and upbeat version of the instrumental compared to other versions. Original snippet was from a Teddy Walton Instagram post of a possible music video for a new version of the song.,3:00,,"Aug 16, 2024",Stem Bounce,CD Quality,https://pillows.su/f/ad6d912d0ff8af65ded21c0735c56ec8
LOVE.$WEAT.TEAR$,"Justin Bieber - ???
(feat. Ant Clemons)",Recorded some time in 2021. Snippet is unavailable but leaked some time in 2022.,,,,Confirmed,Not Available,N/A
LOVE.$WEAT.TEAR$,"KayCyy - Friends Don't Hurt Friends [V1]
(feat. Jason Evigan) (prod. Kanye West)
(Don't Hurt Your Friends)","OG Filename: 06 Friends Dont Hurt Friends - Em - 130.07
For sale on TheSource, likely produced by Kanye and confirmed made during the Donda Sessions. Mumble freestyle with some clear words. The hook of the song was at first thought to be sung by Francis and The Lights, however it was confirmed to be Jason Evigan. KayCyy allegedly stated that it's his differently pitched vocals on the hook. Whether its KayCyy, Francis, or a sample, we dont know for sure",2:57,,"May 31, 2022",OG File,Not Available,LINK NEEDED
LOVE.$WEAT.TEAR$,"KayCyy - Friends [V2]
(feat. Jason Evigan) (prod. Kanye West)
(Friends Don't Hurt Friends, Don't Hurt Your Friends)","OG Filename: 06 Friends w Drums LF Prep 6.23.20
Same version as the previous but now with added trap drums. Leaked on May 31st, 2022.",2:57,"Jun 23, 2020","May 31, 2022",OG File,Not Available,LINK NEEDED
LOVE.$WEAT.TEAR$,"KayCyy - Friends Don't Hurt Friends [V3]
(feat. Jason Evigan) (prod. Kanye West)
(Don't Hurt Your Friends)","OG Filename: Friends Dont Hurt Friends OPEN
Same mumble demo as V1 but with an open verse meant for Sheck Wes instead of a second verse. Leaked on May 31st, 2022.",2:57,,"May 31, 2022",OG File,Not Available,LINK NEEDED
LOVE.$WEAT.TEAR$,"KayCyy - Friends Don't Hurt Friends [V4]
(feat. Jason Evigan) (prod. Kanye West)
(Don't Hurt Your Friends)","OG Filename: - Friends Dont Hurt Friends VERSE1Ruff
Features an early version of KayCyy's final verse for the song with a rougher vocal take and some alternate lines. Leaked on May 31st, 2022.",2:57,,"May 31, 2022",OG File,Not Available,LINK NEEDED
LOVE.$WEAT.TEAR$,"KayCyy - Friends Don't Hurt Friends [V5]
(feat. Jason Evigan) (prod. Kanye West)
(Don't Hurt Your Friends)","OG Filename: Friends Don't Hurt Friends  VE
Version of the demo put up for sale on TheSource, but more finished with less mumbling. Featured on a From The Basement tracklist as well as on a 2021 WIKC tracklist.",2:58,,"Mar 1, 2022",OG File,Not Available,LINK NEEDED
LOVE.$WEAT.TEAR$,"KayCyy - FRIENDS DON'T HURT FRIENDS [V6]
(feat. Jason Evigan & VIC MENSA) (prod. Kanye West)
(Don't Hurt Your Friends)","OG Filename: FRIENDS DONT HURT FRIENDS WIP - R2
Version of Friends with a now added VIC MENSA feature. Track was featured on multiple WIKC tracklists from 2021. Eventually KayCyy played the song on an Instragram live stream. The song later leaked May 29th, 2022.",3:30,,"May 23, 2022",OG File,CD Quality,https://pillows.su/f/f3bace703376f410acfd766ada7e4b3c
LOVE.$WEAT.TEAR$,"KayCyy - FDHF [V7]
(feat. Mod Sun)
(Friends Don't Hurt Friends)","OG Filename: FDHF 220123 Madsun
Seen in a WIKC playlist in May 2022. KayCyy stated that Mod Sun got on Friends Don't Hurt Friends, he was seen during the Malibu Sessions as well as confirmed his contributions himself.",,"Jan 23, 2022",,Confirmed,Not Available,N/A
LOVE.$WEAT.TEAR$,"KayCyy - Friends Don't Hurt Friends [V8]
(feat. VIC MENSA & ???)
(Don't Hurt Your Friends)","Stated by KayCyy to exist quote ""Gonna add this kids choir from Australia at the end of it , CRAZYY"" KayCyy also confirms VIC MENSA is still on the track.",,,,Confirmed,Not Available,N/A
LOVE.$WEAT.TEAR$,KayCyy - Friends Don't Hurt Friends [V9],"OG Filename: FRIENDS DONT HURT FRIENDS 220127 Open
Confirmed to exist, seen on a list of files being sold by waterfalls. VIC MENSA is not featured on this version.",,"Jan 27, 2022",,Confirmed,Not Available,N/A
LOVE.$WEAT.TEAR$,"Latto - Dick Appointment
(ref. Ant Clemons)",Nothing known about the song. Made in 2020.,,,"Mar 4, 2021",Full,Not Available,Link Needed
LOVE.$WEAT.TEAR$,"🏆 Latto - Put It In Reverse
(ref. Ant Clemons)","Nothing known about the song besides that it made a leakedcx user want to 'cum in Ant Clemons' asshole'. Snippet posted by daisypusher on leakedcx on September 11, 2021",,,"Nov 2, 2021",Full,Not Available,Link Needed
LOVE.$WEAT.TEAR$,"Latto - Sunshine [V1]
(ref. Ant Clemons) (prod. BONGO ByTheWay)","OG Filename: Sunshine_Ant x Bongo 128 Eb_Main1
Ant Clemons reference track. Snippet originally leaked August 6, 2021. Currently lost sadly.",,"Aug 5, 2021","Jan 16, 2023",OG File,Not Available,Link Needed
LOVE.$WEAT.TEAR$,"Latto - Sunshine [V2-3]
(prod. BONGO ByTheWay & ???)",At least 2 other versions are proven to exist due to filename below. Unknown if there are Ant refs on these versions.,,,,Confirmed,Not Available,N/A
LOVE.$WEAT.TEAR$,"Latto - Sunshine [V4]
(ref. Ant Clemons) (prod. BONGO ByTheWay & ???)","OG Filename: Latto - Sunshine V3
Ant Clemons reference track for ""Sunshine"" by Latto sold by v69. Appears to have parts that are not included in the release version. Includes Pro Tools session. Has about 10 seconds of Ant vocals at 2:51.",3:15,,"Jan 16, 2023",OG File,CD Quality,https://pillows.su/f/367726e726c54901b9474acb4f083052
LOVE.$WEAT.TEAR$,"Latto - Sunshine [V5]
(prod. BONGO ByTheWay & ???)","OG Filename: Latto - Sunshine (V3.6) choir screw
Leaked alongside 130+ Latto songs on November 21st, 2022. Features a pitched up instrumental and no features from Lil Wayne & Gambino.",,,"Nov 21, 2022",OG File,CD Quality,Link Needed
LOVE.$WEAT.TEAR$,"Ty Dolla $ign - Sum Ain't Right
(feat. Gunna & Ant Clemons) (prod. Southside)","OG Filename: 01 TY - SUM AINT RIGHT Ft GUNNA
Finished song from 2020 with Gunna and Ant Clemons. Producer unknown, but the 808 Mafia tag and overall drum/production style points to the song being produced by Southside. Leaked April 3, 2026.",3:44,,"Apr 3, 2026",OG File,CD Quality,https://pillows.su/f/800cf5c6d0762ee25e22022291a85c8a
LOVE.$WEAT.TEAR$,"Ty Dolla $ign - ???
(feat. Ant Clemons)
(Slow Dancing)","First played by Ty on stream September 15, 2025. According to Ty, the song was made around the pandemic time for a movie.",,,"Nov 18, 2025",Partial,Recording,https://pillows.su/f/f1572be7c214f16706de73ab448b8e62
LOVE.$WEAT.TEAR$,"Ty Dolla $ign - Matters
(feat. Ant Clemons) (prod. Metro Boomin)
(What We Not Fina Do)","Leaked back in 2021, was intended for Ty's album ""Featuring Ty Dolla $ign"", but was scrapped. Later ended up on their collab EP as ""What We Not Fina Do"". Currently only available in YouTube rip.",,,,Full,High Quality,https://pillows.su/f/26570e46686e14d886a9e3ffada210a4
LOVE.$WEAT.TEAR$,"Ye - Work It Out [V17]
(ref. Ant Clemons) (prod. 88-Keys, Max Lavelle, BoogzDaBeast & FNZ)
(In God's Country)","OG Filename: Work It Out_Ant x Ye_83 Gmaj_11.17.20
Ant Clemons reference track. Vocals would later be used for other references and versions. ""Work It Out"" refers to the sample title, not the song name.",2:53,"Nov 17, 2020","May 2, 2022",Full,CD Quality,https://pillows.su/f/d3db52929fea4023492cfb3bcd65ade2
LOVE.$WEAT.TEAR$,"Ye - In God's Country [V18]
(feat. Justin Bieber, KayCyy, Common & Todd Rundgren) (prod. 88-Keys, Max Lavelle, BoogzDaBeast, FNZ & Todd Rundgren)
(Work It Out)","OG Filename: _In Gods Country Ye_Cmn_Drums Edit 3 11.17.20
Version similar to the December versions, but with different arrangement, mixing and other miniscule elements.",2:42,"Nov 17, 2020","Dec 3, 2022",OG File,CD Quality,https://pillows.su/f/0a54e8269d8259117c52d022bd80b362
LOVE.$WEAT.TEAR$,"Ye - In God's Country [V19]
(ref. Ant Clemons) (feat. Justin Bieber) (prod. 88-Keys, Max Lavelle, BoogzDaBeast, FNZ & Todd Rundgren)
(Work It Out)","OG Filename: In Gods Country_Ant x JB x Ye_83 Gmaj_11.23.20
Version with Ant Clemons and Justin Bieber. Has drums and synths.",3:19,"Nov 23, 2020","Sep 22, 2023",OG File,CD Quality,https://pillows.su/f/4e97efae3cfdf4e719c280a620df5afc
LOVE.$WEAT.TEAR$,"Ye - In God's Country [V20]
(feat. Common, Justin Bieber, KayCyy & Todd Rundgren) (prod. 88-Keys, Max Lavelle, BoogzDaBeast, FNZ , Todd Rundgren, Dem Jointz & Devon Wilson)
(Work It Out)","OG Filename: IN GOD'S COUNTRY Dem Jointz N Devon MIX E...
Version seen on a December 2nd, 2020 iTunes tracklist. Differences are unknown but it has some contributions from Dem Jointz and Devon Wilson.",3:24,,,Rumored,Not Available,https://imgur.com/SH5bJlA
LOVE.$WEAT.TEAR$,"Ye - In God's Country [V21]
(feat. Justin Bieber, KayCyy, Common & Todd Rundgren) (prod. 88-Keys, Max Lavelle, BoogzDaBeast, FNZ & Todd Rundgren)
(Work It Out)","Version from December 2020. Has a small amount of Kanye mumble and Todd Rundgren backing vocals. VC recorded snippet leaked in April 2022, and a VC recorded instrumental snippet leaked in May 2022. Leaked after a $2.5k blind groupbuy.",3:05,,"Dec 2, 2022",Full,High Quality,https://pillows.su/f/f87a35fb08ae70bf669b285b4124ee4c
LOVE.$WEAT.TEAR$,"Ye - In God's Country [V22]
(feat. Justin Bieber, KayCyy, Common & Todd Rundgren) (prod. 88-Keys, Max Lavelle, BoogzDaBeast, FNZ & Todd Rundgren)
(Work It Out)","Similar to the previous version, but with a different mix and louder synths during Common's second verse, as well as other miniscule differences.",3:05,,"Dec 3, 2022",Stem Bounce,Lossless,https://pillows.su/f/a2c226f12d949da1cde270cc236913dd
LOVE.$WEAT.TEAR$,"Ye - In God's Country [V23]
(ref. CyHi) (prod. 88-Keys, Max Lavelle, BoogzDaBeast, FNZ & Todd Rundgren)
(Work It Out)","OG Filename: IN GOD'S COUNTRY CYH...
CyHi reference track. Seen in text messages between Consequence and engineer DeVon Wilson.",,,,Confirmed,Not Available,https://ibb.co/BKHyFbxT
LOVE.$WEAT.TEAR$,"Ye - In God's Country [V24-V54]
(ref. ???) (feat. ???) (prod. BoogzDaBeast, FNZ & ???)
(Work It Out)",31 unleaked versions are said to exist by Florence. Unknown exactly when all of these are from so they are being placed here for now as this is when the song was last worked on.,,,,Confirmed,Not Available,https://ibb.co/BKHyFbxT
LOVE.$WEAT.TEAR$,"Ye - In Jesus Name
(ref. Ant Clemons)","OG Filename: In Jesus Name_Ant x Ye_126 Em_11.14.20
Ant Clemons reference track.",2:12,"Nov 14, 2020","Sep 22, 2023",OG File,CD Quality,https://pillows.su/f/ba4ea7671e3a5d76c9ba0280c95ed723
LOVE.$WEAT.TEAR$,"Ye - Let The Spirit Go Wild [V7]
(ref. Ant Clemons) (prod. FNZ, RONNY J & Styalz Fuego)","OG Filename: Let The Spirit Go Wild - Ant x Ye_178 A#_11.23.20
Ant Clemons reference track, has him performing EP's verse from the July versions, alongside the RONNY J production from those versions as well.",1:58,"Nov 23, 2020","Mar 16, 2022",OG File,CD Quality,https://pillows.su/f/1c362ce19c5b306d4553329a32fe7334
LOVE.$WEAT.TEAR$,"Ye - Let The Spirit Go Wild [V8]
(ref. NIKKI GRIER) (feat. Sunday Service Choir) (prod. NIKKI GRIER)","OG Filename: Let the Spirit Go Wild_Vocal Demo_1202c
NIKKI GRIER and Sunday Service Choir reference track.",1:08,"Dec 2, 2020","Mar 16, 2022",OG File,CD Quality,https://pillows.su/f/3eb86ac8fd1a18cf9fdeb5fa44d2c72b
LOVE.$WEAT.TEAR$,"Ye - Palm Springs [V14]
(ref. Ant Clemons) (prod. BoogzDaBeast)
(A The Way)","OG Filename: Palm Springs_Ant x Ye_148 F_11.14.20
Ant Clemons reference track. Original snippet leaked January 1st, 2022.",2:55,"Nov 14, 2020","Jul 29, 2022",OG File,CD Quality,https://pillows.su/f/a58fd3506aabf6c66b6b4ae2ccdeaab5
LOVE.$WEAT.TEAR$,"Ye - Serving God [V4]
(ref. The WRLDFMS Tony Williams) (prod. BoogzDaBeast & E.VAX)","OG Filename: Serving God - 11.12.20 Tony Williams Ref
Tony Williams reference track. Features added production from E.VAX.",4:22,"Nov 12, 2020","Nov 21, 2023",OG File,CD Quality,https://pillows.su/f/aec959b15ebd2f1503f6cb50ea048962
LOVE.$WEAT.TEAR$,"Ye - Serving God [V5]
(ref. Ant Clemons) (prod. BoogzDaBeast)","OG Filename: Serving God_Ant x Ye_78 G_11.20.20
Ant Clemons reference track. From November 2020.",2:09,"Nov 20, 2020","Sep 22, 2023",OG File,CD Quality,https://pillows.su/f/c4808770056f43e6d8c6e6987608f3d1
LOVE.$WEAT.TEAR$,"Ye - South Florida [V2]
(ref. Ant Clemons)","OG Filename: South Florida_Ant x Ye_81 Am_11.17.20
Ant Clemons reference track.",2:46,"Nov 17, 2020","Sep 22, 2023",OG File,CD Quality,https://pillows.su/f/7902690b3edc2d7a3670ad6472640d16
"1 OG File(s)
0 Full
0 Tagged
0 Partial
0 Snippet(s)
0 Stem Bounce(s)
0 Unavailable",4Play,,,,,,,
4Play,"Houston We Got A Problem [V4]
(prod. Jack Rochan & Bijan Amir)
(House Party)","OG Filename: HOUSTON WE GOT A PROBLEM - BIJAN JACK ANT - 159
Ant Clemons song with one of the ""House Party"" beat switch sections from late 2021.",2:17,"Nov 1, 2021","Mar 29, 2024",OG File,CD Quality,https://pillows.su/f/140491caf21497d9b52447b2b4feeaed
"35 OG File(s)
23 Full
2 Tagged
10 Partial
26 Snippet(s)
11 Stem Bounce(s)
51 Unavailable",HAPPY 2 BE HERE WITH YOU,,,,,,,
HAPPY 2 BE HERE WITH YOU,"COULDN'T BE ME
(feat. James Fauntleroy)","OG Filename: 7-.COULDN_T_BE_ME & COULDNT BE ME (MAIN)
Alt mix made before release.",2:57,,"Sep 25, 2025",OG File,CD Quality,https://pillows.su/f/455a886ba8044b8ab8e6a57b2aa0f462
HAPPY 2 BE HERE WITH YOU,MEMORIES,"OG Filename: 9-.MEMORIES & MEMORIES (MAIN)
Alt mix made before release.",5:14,,"Sep 25, 2025",OG File,CD Quality,https://pillows.su/f/2e6fb8ccfbac044076cce0037f33063a
HAPPY 2 BE HERE WITH YOU,"MORE THAN A FRIEND
(feat. April Mae Juniper)","OG Filename: 8-.MORE_THAN_A_FRIEND & MORE THAN A FRIEND (MAIN)
Alt mix made before release.",5:05,,"Sep 25, 2025",OG File,CD Quality,https://pillows.su/f/2a65f67170dcbe7bb3bd29fa5a280458
HAPPY 2 BE HERE WITH YOU,OBSESSED,"OG Filename: 4-.OBSESSED & OBSESSED (MAIN)
Alt mix made before release.",3:06,,"Sep 25, 2025",OG File,CD Quality,https://pillows.su/f/11e37fea2bff9c3a3bd2d0912fcff539
HAPPY 2 BE HERE WITH YOU,ON MY MIND,"OG Filename: 1-.ON_MY_MIND & ON MY MIND (MAIN)
Alt mix made before release.",2:22,,"Sep 25, 2025",OG File,CD Quality,https://pillows.su/f/27a2eaf278242658f20f297afd283067
HAPPY 2 BE HERE WITH YOU,"PETITE
(feat. Ty Dolla $ign)","OG Filename: 2-.PETITE & PETIT (MAIN)
Alt mix made before release.",4:19,,"Sep 25, 2025",OG File,CD Quality,https://pillows.su/f/6fb4d8c0c02d616e534b7246de22c100
HAPPY 2 BE HERE WITH YOU,SINGING IN THE RAIN,"OG Filename: 6-.SINGING_IN_THE_RAIN & SINGING IN THE RAIN (MAIN)
Alt mix made before release.",3:02,,"Sep 25, 2025",OG File,CD Quality,https://pillows.su/f/250a85d2452c4bb256c1d08cac24497c
HAPPY 2 BE HERE WITH YOU,SOFA,"OG Filename: 5-.SOFA & SOFA (MAIN)
Alt mix made before release.",2:58,,"Sep 25, 2025",OG File,CD Quality,https://pillows.su/f/a39118473a27a1770541d2e9f2a34f20
HAPPY 2 BE HERE WITH YOU,YOU AND YOUR BODY,"OG Filename: 3-.YOU_AND_YOUR_BODY & YOU AND YOUR BODY (MAIN)
Alt mix made before release.",3:04,,"Sep 25, 2025",OG File,CD Quality,https://pillows.su/f/871a240b5bbb6ffa79498be33e8d4a1e
HAPPY 2 BE HERE WITH YOU,???,"Lyrics posted by Ant Clemons on Twitter in 2023. Unknown if they ever ended up being used.

""I rip it on any beat call it adaption/ I'm running out of breath/ I'm bring it it back in/ need my money up front don't deal with a back end/ your pocket on a diet nigga I'm calling you Akins""",,,,Confirmed,Not Available,N/A
HAPPY 2 BE HERE WITH YOU,"???
(SAY IT)","According to Ant Clemons, he recorded a song which was sampled in order to make the beat and intro for ""SAY IT"". This is where his background vocals on release come from.",,,,Confirmed,Not Available,N/A
HAPPY 2 BE HERE WITH YOU,"Beck - WOW
(feat. Ant Clemons & Lil Yachty)","OG Filename: WOW RAP EDIT V1
Nothing known about the file as it is currently lost.",,,,Confirmed,Not Available,N/A
HAPPY 2 BE HERE WITH YOU,"KayCyy - FRIENDS [V10]
(prod. Sholz)
(Friends Don't Hurt Friends)","OG Filename: FRIENDS (prod by sholz) 
Version of Friends produced by Sholz.",,,,Confirmed,Not Available,N/A
HAPPY 2 BE HERE WITH YOU,"KayCyy - FRIENDS [V11]
(prod. Sholz)
(Friends Don't Hurt Friends)",Assumed second version of Friends produced by Sholz.,,,,Confirmed,Not Available,N/A
HAPPY 2 BE HERE WITH YOU,"KayCyy - FRIENDS [V12]
(prod. Sholz)
(Friends Don't Hurt Friends)","OG Filename: FRIENDS (prod by sholz) v3
Third version of Friends produced by Sholz.",,,,Confirmed,Not Available,N/A
HAPPY 2 BE HERE WITH YOU,"KayCyy - Friends [V13]
(prod. E.Y., P2J & Elias Knight)
(Friends Don't Hurt Friends)","OG Filename: Friends - Kaycy (EY, P2j ek) 130 b...
Version of Friends produced by E.Y., P2J & Elias Knight.",,,,Confirmed,Not Available,N/A
HAPPY 2 BE HERE WITH YOU,"KayCyy - Friends [V14-19]
(Friends Don't Hurt Friends)",6 more versions of Friends were in an iTunes playlist previewed by KayCyy.,,,,Confirmed,Not Available,N/A
HAPPY 2 BE HERE WITH YOU,"KayCyy - FRIENDS DON'T HURT FRIENDS [V20]
(feat. Jason Evigan & ???)","OG Filename: FRIENDS DONT HURT FRIENDS 23???
Album version of Friends with a new feature and a guitar outro. It's unknown who produced it or if Vic Mensa is still featured. Snippet was posted by KayCyy on November 30th, 2023. Previewed on TikTok on February 4th, 2024.",,2023,"Nov 30, 2023",Snippet,CD Quality,"https://pillows.su/f/809bdfb912a9e884fa555965d637e47d
https://pillows.su/f/4bf843bb4297a143a47593b366d16b0f"
HAPPY 2 BE HERE WITH YOU,"KayCyy - FRIENDS DON’T HURT FRIENDS [V21]
(feat. Jason Evigan, VIC MENSA, Lil Yachty, MOD SUN & Ant Clemons) (prod. Kanye West)","OG Filename: FRIENDS DONT HURT FRIENDS - Mix 2.1
Version of FDHF with new vocals from Yachty, Ant Clemons and previously unheard MOD SUN verse. Released by KayCyy on Discord. KayCyy later stated that this song will be released on NBSS with a better mix.",3:56,,"Aug 26, 2024",OG File,CD Quality,https://pillows.su/f/da6d6107584525eb3b393945ae938495
HAPPY 2 BE HERE WITH YOU,"Ty Dolla $ign - Paid [V3]
(feat. Kanye West) (prod. Stryv & Chrishan)
(Get Paid, 3AM)","Seen as track 6 on a Japan tracklist for Beach House 4 posted by dbmagic. Initial Ye freestyle, presumably from Japan sessions. Snippet leaked November 21st, 2025.",,,"Nov 21, 2025",Snippet,High Quality,https://pillows.su/f/b50afea70917deefcee6ebafa2b4b441
HAPPY 2 BE HERE WITH YOU,"Ty Dolla $ign - Paid [V4]
(ref. Ant Clemons) (feat. Kanye West) (prod. Stryv, Chrishan & Kanye West)
(Get Paid, 3AM)","OG Filename: VERSE W BEAT
Version from Japan likely made shortly after Ye’s initial freestyle. Was said to be a feature, but it’s more likely that this is a reference for Ye’s verse due to Ant’s lyrics and flow. Has alternate takes from Ty heard in the other Japan version, but is the first version with a structure heard in later versions. Snippet leaked June 9th, 2026.",3:31,"Jul 23, 2023","Jun 29, 2026",OG File,CD Quality,https://pillows.su/f/dc526ca189bec5ac5ebd25df99c0d8e8
HAPPY 2 BE HERE WITH YOU,"Ty Dolla $ign - Promotion [V3]
(feat. Future) (prod. DJ ESCO)
(Gorgeous)","OG Filenames: PROMOTION ESCOXTY$XFUTURE &
PROMOTION V1 &
PROMOTIONV3_V1
Seen as track 15 on a Japan tracklist for Beach House 4 posted by dbmagic. Version with the original DJ ESCO beat and extra vocals later cut for release. Recording originally leaked August 6th, 2024, with an HQ version leaking the next day. For some reason, the ""PROMOTION ESCOXTY$XFUTURE"" is just a minute of the snippet that was previewed fully, but ""PROMOTION V1"" is the actual 3 minute file.",~3:00,,"Aug 7, 2024",Partial,High Quality,https://pillows.su/f/f37482ff3beec5d864fe44fcecdbc5aa https://pillows.su/f/95c7a86c1f6134e077a900cc5f8466b6
HAPPY 2 BE HERE WITH YOU,"Ty Dolla $ign - Promotion [V4]
(feat. Future) (prod. London On Da Track)
(Gorgeous)","Has alternate production from LODT that would be used on ¥$ versions. Seemingly solo Ty, with him having extra vocals. Snippet leaked March 9th, 2024.",,,"Mar 9, 2024",Snippet,CD Quality,https://pillows.su/f/23270a5168262276b4faffd90d2461c4
HAPPY 2 BE HERE WITH YOU,"Ty Dolla $ign - Slide [V1]
(prod. Fred again.. & Skrillex)
(Sliding, SLIDIN, SLIDE IN)","OG Filename: FRED TY SLIDE
Seen as track 1 on a Japan tracklist for Beach House 4 posted by dbmagic. Solo Ty version with a different vocal take over a completely different beat produced by Fred again..., Ojivolta, and Skrillex. Shown to Ye during Japan sessions. Original snippets leaked January 14th and August 12th, 2024. Leaked as a Soakbuy bonus.",2:40,"Jul 17, 2023","Feb 8, 2025",Full,Lossless,https://pillows.su/f/5e52ff8c6e1fda5316d6ea4d7bbbf5ec
HAPPY 2 BE HERE WITH YOU,"Ty Dolla $ign - Say It [V1]
(prod. Caleb Bryant, Aye YB & Hitmaka)","Original solo Ty version, featuring two entirely different verses, as well as minor differences including Aye YB's producer tag on the intro and slightly different lyrics on the hook. First played by Ty on stream November 24th, 2025. Played by Ty on stream July 13th, 2026.",,"Jan 1, 2025","Jul 13, 2026",Partial,Recording,"https://pillows.su/f/de6b3d59a3dba8d4fe92e58620039191
https://pillows.su/f/c9e94190a5b5f867808335cc8ee589ad"
HAPPY 2 BE HERE WITH YOU,"Ty Dolla $ign - Say It [V2]
(feat. Playboi Carti & Rema) (prod. Caleb Bryant, Aye YB & Hitmaka)","Version with a full verse from Rema. Played by Ty on stream July 13th, 2026.",,,"Jul 13, 2026",Snippet,Recording,https://pillows.su/f/c306fc39305716c927d1f60e21347615
HAPPY 2 BE HERE WITH YOU,"Ty Dolla $ign - Say It [V3]
(feat. Ant Clemons, Playboi Carti & Rema) (prod. AJ Williams, Anthony Kilhoffer, Aye YB, Caleb Bryant, Chrishan & Hitmaka)","Version from before DJ Swamp Izzo's adlibs were added. Referred to by Ty as an ""old ass version"" after he heard the leak on stream. Leaked after a successful Ty$Hub groupbuy.",2:53,,"Oct 24, 2025",Full,Lossless,https://pillows.su/f/d9dcbee115c1c5b19303dadb2717131b
HAPPY 2 BE HERE WITH YOU,"Ty Dolla $ign - SAY IT [V4]
(feat. Playboi Carti, Rema & Ant Clemons) (prod. Ty Dolla $ign, Chrishan, Aye YB, damn james!, Wax Motif, Hitmaka, Anthony Kilhoffer, Caleb Bryant & AJ Williams)","Version with different production on Carti's part, no MUSIC snare rolls, and a rougher, less developed Ant Clemons vocal chop. Likely the first version with Rema vocals. Played by Ty Dolla $ign on stream October 24, 2025.",,,"Oct 24, 2025",Snippet,Recording,https://pillows.su/f/78e2135d4448b7ea85da76258ffd1b5b
HAPPY 2 BE HERE WITH YOU,"Ty Dolla $ign - SAY IT [V5]
(feat. Playboi Carti, Rema & Ant Clemons) (prod. Ty Dolla $ign, Chrishan, Aye YB, damn james!, Wax Motif, Hitmaka, Anthony Kilhoffer, Caleb Bryant & AJ Williams)","Version initially intended to be released on TYCOON. Lacks the sword sound effects from the next version but is otherwise identical. Snippet leaked May 9th, 2025.",,"Feb 17, 2025","May 9, 2025",Snippet,Recording,https://pillows.su/f/fab45953203ef620d758c98585f1ce64
HAPPY 2 BE HERE WITH YOU,"Ty Dolla $ign - SAY IT [V4]
(feat. Playboi Carti, Rema & Ant Clemons) (prod. Ty Dolla $ign, Chrishan, Aye YB, damn james!, Wax Motif, Hitmaka, Anthony Kilhoffer, Caleb Bryant, AJ Williams & ???)
(TOUCH MY)","Version of the song which reuses Playboi Carti's ""MELROSE"" verse from VULTURES 2 sessions. Has different production compared to other versions, a beatswitch, and no harmonies on the intro. Referred to by Ty as an ""old ass version"" after he heard the leak on stream. Original snippet leaked May 9, 2025. Leaked after a successful TY$HUB groupbuy.",2:53,"Feb 17, 2025","Oct 24, 2025",Full,Lossless,https://pillows.su/f/7af1ad450341d331829baaf23dba5f8e
HAPPY 2 BE HERE WITH YOU,"Ty Dolla $ign - SAY IT [V5]
(feat. Ant Clemons) (prod. Ty Dolla $ign, Chrishan, Aye YB, damn james!, Wax Motif, Hitmaka, Anthony Kilhoffer, Caleb Bryant & AJ Williams)
(TOUCH MY)","Ty likely recorded his second verse on the released version of the song in anticipation for Carti to potentially not clear his verse, as it references verse clearances.",,,,Rumored,Not Available,N/A
HAPPY 2 BE HERE WITH YOU,"🏅 Ty Dolla $ign - WATER
(feat. Ant Clemons & Bon Iver)","According to Ty on stream September 7th, 2025, there was an experimental song made for TYCOON with Ant Clemons and Bon Iver which was cut because ""the girls didn't fuck with it"". Ty also stated that one of the girls he played it to told him that ""it sounded like [he] learned how to use the effect"", likely referring to some sort of vocal effect. Said to be a ""mixtape-type song"".",,,,Confirmed,Not Available,https://pillows.su/f/68d090f44b35511a583cbcbd045fecc5
HAPPY 2 BE HERE WITH YOU,"Ty Dolla $ign - WIT IT [V1]
(ref. Ant Clemons) (prod. Camper, Simon On The Moon, Skarp V, Outtatown, star boy, Str8cash & Varg²™)","According to Ant Clemons on Instagram, he wrote for the song",,,,Confirmed,Not Available,Source Needed
HAPPY 2 BE HERE WITH YOU,"Ty Dolla $ign - WIT IT [V2]
(prod. Camper, Simon On The Moon, Skarp V, Outtatown, star boy, Str8cash & Varg²™)",Inital Ty version based on Ant's reference. Showed to Chlöe by Ty in the studio.,,,,Confirmed,Not Available,Source Needed
HAPPY 2 BE HERE WITH YOU,"Ty Dolla $ign - WIT IT [V3]
(feat. Chlöe) (prod. Camper, Simon On The Moon, Skarp V, Outtatown, star boy, Str8cash & Varg²™)","Inital version with Chlöe. According to Ty, Chlöe recorded and engineered her own vocals on the song and kicked Ty's engineer out of his seat.",,,,Confirmed,Not Available,Source Needed
HAPPY 2 BE HERE WITH YOU,"Ty Dolla $ign - WIT IT [V4]
(feat. Chlöe) (prod. Camper, Simon On The Moon, Skarp V, Outtatown, star boy, Str8cash & Varg²™)","In a July interview with Billboard, Ty confirmed that Chloe Bailey will be on TYCOON.",,,,Confirmed,Not Available,https://www.billboard.com/music/rb-hip-hop/ty-dolla-sign-leon-thomas-king-of-rb-tycoon-1236022822/
HAPPY 2 BE HERE WITH YOU,"Ty Dolla $ign - WIT IT [V5]
(feat. Chlöe) (prod. Camper, Simon On The Moon, Skarp V, Outtatown, star boy, Str8cash & Varg²™)","Version identical to release but without the guitar outro as well as a different mix and slight production differences. Played by Ty on N3ON's stream September 26, 2025.",,,"Sep 26, 2025",Partial,Recording,https://pillows.su/f/87dc63c0f68a2c042da2897695e7b6cd
HAPPY 2 BE HERE WITH YOU,"Ty Dolla $ign & damn james! - She's Back Outside [V1]
(feat. Ant Clemons) (prod. damn james! & TheLoudPack)
(APEROL SPRITZ, WE BACK OUTSIDE)","OG Filename: 12 she s back outside
Initial version recorded during Ty's 2 sessions with damn james! in which AIRPLANE MODE 2 was made. Has a slightly different hook. According to damn james!, the guitar was done by TheLoudPack. Played by Ty Dolla $ign on stream October 4, 2025 and again on October 7, 2025.",,,"Oct 4, 2025",Full,Recording,https://pillows.su/f/160f65641ac2713ac995130a0379e2d6
HAPPY 2 BE HERE WITH YOU,Unknown [¥$ Collaborations],"Ant Clemons has been seen at multiple of the recording locations for VULTURES, and has been said to have been in the studio with Ye and his producer team multiple times. It's not known what all he recorded on, but we do know about his reference tracks for ""TALKING"", ""EVERYTHING"", ""BEG FORGIVENESS"", ""DON'T KILL THE PARTY"", ""PAID"", and ""PROBLEMATIC"".",,,,Confirmed,Not Available,
HAPPY 2 BE HERE WITH YOU,"¥$ - Back Outside [V3]
(prod. damn james! & TheLoudPack)
(Aperol Spritz, SHE'S BACK OUTSIDE)","OG Filename: 29 Back Outside_01
Filename seen in a list of files on damn james!'s laptop during an Instagram Live on November 22nd, 2025. According to damn james!, Ye recorded for the song.",,"Aug 30, 2023",,Confirmed,Not Available,https://ibb.co/Zzn5zNWf
HAPPY 2 BE HERE WITH YOU,"¥$ - Aperol Spritz [V4]
(feat Ant Clemons) (prod. damn james! & TheLoudPack)
(Aperol Spritz, We Back Outside, SHE'S BACK OUTSIDE)","OG Filename: Aperol spritz 9 24
Initial version with Ant Clemons vocals, recorded in Italy. During a Twitch stream on December 24th, 2025, AyoAA was reading out filenames and said ""Aperol spritz 9 24"". This is likely the file he was sent to add production to. Before the tracklist version as it doesn't have Ye's snare yet.",,"Sep 24, 2023",,Confirmed,Not Available,
HAPPY 2 BE HERE WITH YOU,"¥$ - Back Outside [V5]
(feat. Ant Clemons) (prod. damn james!, TheLoudPack & AyoAA)
(Aperol Spritz, SHE'S BACK OUTSIDE)","Has alternate production from AyoAA which reuses Digital Nas' snare rolls from ""LOUIE BAGS"". Previewed by AyoAA on a Twitch stream November 25th, 2025.",,,"Nov 25, 2025",Partial,Recording,https://pillows.su/f/6fb4f5ece1a3be6cd90d9c9d661356f1
HAPPY 2 BE HERE WITH YOU,"¥$ - We Back Outside [V6]
(prod. TheLoudPack & Digital Nas)
(Aperol Spritz, SHE'S BACK OUTSIDE)","OG Filename: we back outside [dn]
Digital Nas-produced version with different drums. Uses a formant shifted version of Ty's hook.",1:32,,"Dec 25, 2023",Full,High Quality,https://pillows.su/f/b3bb67ecaa91516dba1310b2ac5a7aec
HAPPY 2 BE HERE WITH YOU,"¥$ - Aperol Spritz (Back Outside) [V7]
(feat. Ant Clemons) (prod. damn james!, TheLoudPack & Kanye West)
(Aperol Spritz, We Back Outside, SHE'S BACK OUTSIDE)","Seen on the tracklist in the ""BACK TO ME"" video. Similar to previous versions but with a new snare, which was done by Ye in Italy according to damn james!. Snippet leaked August 9th, 2024.",,Oct 2023,"Aug 9, 2024",Snippet,CD Quality,"https://pillows.su/f/571d11929e4e3a7fb273de7e3b10f6a1
https://pillows.su/f/1d3841fbe76ccce26008222d8d6ac155"
HAPPY 2 BE HERE WITH YOU,"¥$ - Amazing [V3]
(feat. Ant Clemons) (prod. Skrillex & ???)","OG Filename: 20 amazing_01
Originally an Ant Clemons reference track from Yandhi sessions, seemingly brought back during Italy sessions with Ty vocals, as evidenced by it's name appearing on an Italy-era tracklist. Has Ty doing part of Ant's verse and harmonies on the hook. Unknown if Ye ever recorded for this during either Yandhi or ¥$ sessions. Filename seen in a list of files on damn james!'s laptop during an Instagram Live on November 21st, 2025. Played by Ty on stream December 7th, 2025.",,"Aug 30, 2023","Dec 7, 2025",Full,Recording,https://pillows.su/f/e47ddbca4d1cae1277577903c1cb53b8
HAPPY 2 BE HERE WITH YOU,"¥$ - Amazing [V4-V6]
(feat. Ant Clemons) (prod. Skrillex & ???)",Earlier versions proven by the filename below.,,,,Confirmed,Not Available,
HAPPY 2 BE HERE WITH YOU,"⭐ ¥$ - Amazing [V4]
(ref. Ant Clemons) (prod. Skrillex & Ojivolta)","OG Filename: amazing ( OV) 3
Later version with more Ant Clemons vocals and an open verse for Ye to record over. Snippet leaked June 9th, 2026.",2:54,,"Jun 28, 2026",OG File,CD Quality,https://pillows.su/f/cab3b0bb6063317588325eed702c13d4
HAPPY 2 BE HERE WITH YOU,"¥$ - Bad Bitch Playbook
(ref. Ant Clemons) (prod. Camper)","OG Filename: BAD BITCH PLAYBOOK 10.29.23
Bad Bitch Playbook title track with reference vocals from Ant Clemons. Unknown if a Ye version exists, although seeing as how this is dated after most of the era had already passed and they were in Saudi, it's likely. Interpolates ""Super Freak"" by Rick James. Original snippet leaked June 9th, 2026.",3:48,"Oct 29, 2023","Jun 28, 2026",OG File,High Quality,https://pillows.su/f/a1f4ddf30652dd415eb6d2327f1db942
HAPPY 2 BE HERE WITH YOU,"¥$ - Beg For Forgiveness [V11]
(prod. Kanye West)
(Beg Forgiveness)","OG Filename: 03 Beg for Forgiveness_01
Rebounce of the original YEBU beat. Filename seen in a list of files on damn james!'s laptop during an Instagram Live on November 21st, 2025. Played by damn james! on stream December 18th, 2025.",3:16,"Aug 30, 2023","Dec 18, 2025",Full,Recording,https://pillows.su/f/7bca79e4d45722488f4da412a032c4a4
HAPPY 2 BE HERE WITH YOU,"¥$ - Beg Forgiveness [V12]
(prod. Kanye West)",Version seen on the Italy tracklist. Changes are unknown.,,,,Confirmed,Not Available,
HAPPY 2 BE HERE WITH YOU,"¥$ - Beg Forgiveness [V13]
(ref. Ant Clemons) (prod. Kanye West)","First known Ant Clemons reference track for the song. Snippet leaked June 24th, 2026.",,,"Jun 24, 2026",Snippet,High Quality,https://pillows.su/f/4807654144e233fdd6f50c7e006517c5
HAPPY 2 BE HERE WITH YOU,"¥$ - Beg Forgiveness [V14]
(ref. Fat Money) (prod. Kanye West)","Early reference done by Fat Money. Leaked by Fat Money himself as a response to the release of VULTURES 2. Likely made in Italy as it uses the original YEBU beat and has no Chris Brown vocals, which were recorded in Saudi.",3:08,,"Aug 3, 2024",Full,CD Quality,https://pillows.su/f/5f32e6edf4e10683c02d3f42807e8369
HAPPY 2 BE HERE WITH YOU,"¥$ - BEG FORGIVENESS [V22]
(feat. Chris Brown) (prod. Kanye West, Anthony Kilhoffer, London On Da Track & VITALS)",V1A version with more production proven to exist by there being a V1B mix.,,,,Confirmed,Not Available,
HAPPY 2 BE HERE WITH YOU,"¥$ - BEG FORGIVENESS [V23]
(feat. Chris Brown) (prod. Kanye West, Anthony Kilhoffer, London On Da Track & VITALS)","OG Filename: BEG FORGIVENESS V1B WITH DRUMS
Final version by London on da Track and VITALS that has some production which carried over to release, but a ton of production not seen in release at all, such as drums. Also has Ty doing backing vocals. Has no Ye.",3:16,"Dec 17, 2023","Jul 31, 2024",Stem Bounce,Lossless,https://pillows.su/f/ea93af859db873cf1a5d9e4192052f15
HAPPY 2 BE HERE WITH YOU,"¥$ - BEG FORGIVENESS [V24]
(ref. Ant Clemons) (feat. Chris Brown) (prod. Kanye West, Anthony Kilhoffer, London on da Track & VITALS)","Second Ant Clemons reference track. Snippet leaked June 24th, 2026.",,,"Jun 24, 2026",Snippet,High Quality,https://pillows.su/f/a0ab74baa28f8b18b8075cb53387a5fd
HAPPY 2 BE HERE WITH YOU,"¥$ - BEG FORGIVENESS [V24]
(ref. Fat Money) (feat. Chris Brown) (prod. Kanye West, Anthony Kilhoffer, London on da Track & VITALS)","Second Fat Money reference track. It's unknown if Fat Money is doing a reference for Ye or Ty, but most likely for Ye. Played March 9th 2024. Leaked August 3rd 2024 by Fat Money himself as a response to the release of VULTURES 2. Likely from January 2024 as it uses the LODT x VITALS production.",3:16,,"Aug 3, 2024",Full,CD Quality,https://pillows.su/f/007e3f0e3bd69fe6f08f90f07ac6f472
HAPPY 2 BE HERE WITH YOU,"¥$ - BEG FORGIVENESS [V25]
(ref. Quentin Miller) (prod. Kanye West, Anthony Kilhoffer, London on da Track & VITALS)","Reference track done by Quentin Miller, confirmed by writing credits on release. Likely recorded late into the song's development.",,,,Confirmed,Not Available,
HAPPY 2 BE HERE WITH YOU,"¥$ - BEG FORGIVENESS [V26]
(feat. Chris Brown) (prod. Kanye West, Anthony Kilhoffer, London on da Track & VITALS)",Version with Chris Brown and Ye vocals. No Ty$ vocals are present on this version. Possibly unfinished and an earlier version.,,,,Rumored,Not Available,N/A
HAPPY 2 BE HERE WITH YOU,"¥$ - BEG FORGIVENESS [V27]
(feat. Playboi Carti) (prod. JPEGMAFIA & Aver Ray)","Version with Playboi Carti vocals over the beatswitch, unknown if the original beat is attached or if Chris Brown is featured. Likely made very late into the song's development. Has much more production such as drums and 808s not found on release. Played by Ty on stream December 7th, 2025.",,,"Dec 7, 2025",Snippet,Recording,https://pillows.su/f/04127197abf441ef8addc9e8fc91537a
HAPPY 2 BE HERE WITH YOU,"¥$ - BEG FORGIVENESS [V28]
(feat. Chris Brown) (prod. ¥$, London On Da Track, VITALS, JPEGMAFIA & Anthony Kilhoffer)","Version played at the Chicago listening party. Has an added Ye verse, and a beatswitch with more Ty Dolla $ign vocals.",6:09,,"Feb 8, 2024",Full,High Quality,https://pillows.su/f/a8a30b65ee1d6a4efb7424ec6f6dfbf7
HAPPY 2 BE HERE WITH YOU,"¥$ - BEG FORGIVENESS [V29-V35]
(feat. Chris Brown) (prod. ¥$, London On Da Track, VITALS, JPEGMAFIA & Anthony Kilhoffer)","Earlier versions proven by a filename including ""M7"" and ""V2"". Most likely that they have some small mixing changes.",,,,Confirmed,Not Available,
HAPPY 2 BE HERE WITH YOU,"¥$ - BEG FORGIVENESS [V36]
(feat. Chris Brown) (prod. ¥$, London On Da Track, VITALS, JPEGMAFIA & Anthony Kilhoffer)
(Beg For Forgiveness)","OG Filename: BEG FORGIVENESS M7 Ye Vers V2 MT001 SPLICED-TUCCI MASTER-24BIT-48kHz
Post-release mix, leaked after a groupbuy. Has an actual outro that does not cut out prematurely, unlike release. This version was also played at the Italy and France Listening Party events.",6:28,"Feb 12, 2024","Oct 17, 2024",OG File,Lossless,https://pillows.su/f/0d8b11cba118cacab3e6d914e0407fe5
HAPPY 2 BE HERE WITH YOU,"¥$ - BEG FORGIVENESS [V36]
(feat. Chris Brown & The Hooligans) (prod. ¥$, London On Da Track, VITALS, JPEGMAFIA & Anthony Kilhoffer)
(Beg For Forgiveness)","Played at the Footprint center listening event. Has added vocals from The Ultras, also known as The Hooligans.",,,"Mar 10, 2024",Partial,Recording,https://pillows.su/f/92c60198fbda53d7875b3aecd2e805ae
HAPPY 2 BE HERE WITH YOU,"¥$ - Dead [V2]
(ref. Ty Dolla $ign & Fre$h) (feat. Future & Lil Durk) (prod. ATL Jacob)","OG Filename: DEAD - ty ref
Ty and Fre$h reference track, later recorded over by Ye. Largely Ty vocals, with Fre$h doing the lines with references to jewish people, later cut for release. Original snippet leaked October 19th, 2024.",4:57,,"Oct 21, 2024",OG File,CD Quality,https://pillows.su/f/ef35faa4b36e18e84cb20429f133c7a1
HAPPY 2 BE HERE WITH YOU,"¥$ - Dead [V3]
(feat. Future & Lil Durk) (prod. ATL Jacob)","OG Filename: dead w/ jew freestyle
Original freestyle. Contains the same first 5 minutes as the Las Vegas version, with a three minute low mumble freestyle from Ye following it, with the freestyle starting off with lyrics about Jewish people, hence the filename ""dead w/ jew freestyle"". Was made before the Las Vegas version as it doesn't have the Khloé bar.",8:12,,"Oct 5, 2024",OG File,CD Quality,https://pillows.su/f/91a55f529d0062a157a7002daa9644ac
HAPPY 2 BE HERE WITH YOU,"🏅 ¥$ - Dead [V4]
(ref. Denzel Curry & Ant Clemons) (feat. Future & Lil Durk) (prod. ATL Jacob)","Denzel Curry reference track made during a session where Ant Clemons & Fya Man were also present. This was later confirmed by Denzel Curry in an interview. Denzel said he went ""back and forth"" with ideas with Ant Clemons, so it's possible Ant was on it too.",,,,Confirmed,Not Available,https://pillows.su/f/806f442e907561ed5a8497f3fc92b405
HAPPY 2 BE HERE WITH YOU,"¥$ - Dead [V5]
(ref. Fat Money) (feat. Future & Lil Durk) (prod. ATL Jacob)","Fat Money reference. Has him trading off with the open parts in Ty's verse. Snippet leaked August 6th, 2024.",,,"Aug 6, 2024",Partial,Recording,https://pillows.su/f/36da07e78f82c4a91192241d2c9d3f2f
HAPPY 2 BE HERE WITH YOU,"¥$ - Dead [V6]
(ref. Rooga) (feat. Future & Lil Durk) (prod. ATL Jacob)","According to Rooga, he did reference tracks for ""VULTURES"" as well as other Ye and Lil Durk songs. Likely includes this song.",,,,Rumored,Not Available,https://youtu.be/jKqNfVNbvDM?si=QZS5d9OR345swixT
HAPPY 2 BE HERE WITH YOU,"¥$ - Dead [V7]
(feat. Future & Lil Durk) (prod. ATL Jacob)",Previewed on Fat Money's instagram livestream. The song is slightly sped up and is possibly a reference track.,,,"Jan 29, 2024",Snippet,Recording,https://pillows.su/f/f673b5a7e6e529ef04707b8321ea7a9f
HAPPY 2 BE HERE WITH YOU,"¥$ - Dead [V8]
(ref. Lil Baby) (feat. Future & Lil Durk) (prod. ATL Jacob)","OG Filename: dead MIAMI BABY 20 - YE
Version with vocals from Lil Baby most likely meant as a reference due to the filename. Has a completely alternate Ty Dolla $ign verse. Original snippets leaked August 8th, 2024 and October 14th, 2024.",3:27,,"Oct 16, 2024",OG File,CD Quality,https://pillows.su/f/20db0dcc512f1339e5dad00ce0631aec
HAPPY 2 BE HERE WITH YOU,"¥$ - Dead [V9]
(feat. Future & Lil Durk) (prod. ATL Jacob)","OG Filename: dead - Track 1
Original version with an alternate line ""Tristan bought you Khloé keep it true with me / All I ever wanted was you to be true with me"" and an alternate Ty line. Made on or before December 14th, 2023",5:04,,"Jul 31, 2024",OG File,Lossless,https://pillows.su/f/dd8bae6d0509eb978b3cbc8ba442edc5
HAPPY 2 BE HERE WITH YOU,"¥$ - Dead [V10]
(feat. Future & Lil Durk) (prod. ATL Jacob, London On Da Track & Wheezy)","OG Filename: Dead Intro 134
Version with added production on the intro and at the start of Ye's vocals.",5:04,"Dec 14, 2023","Jul 31, 2024",Stem Bounce,Lossless,https://pillows.su/f/3460035d4635364b0506e2f7025d4c86
HAPPY 2 BE HERE WITH YOU,"¥$ - Dead [V11]
(feat. Future & Lil Durk) (prod. ATL Jacob)",Version played at the Las Vegas rave. Reverts the alternate lines from the previous versions back to the original lines.,4:56,,"Dec 15, 2023",Full,High Quality,https://pillows.su/f/e150db0ebd1e3e7936d3c3ca63a6956e
HAPPY 2 BE HERE WITH YOU,"¥$ - Dead [V12]
(feat. Future & Lil Durk) (prod. ATL Jacob & SHDØW)","Version with added production from SHDØW. Vocals are AI extracted. Snippet leaked Dec 26th, 2024.",,,"Dec 26, 2024",Snippet,CD Quality,https://pillows.su/f/1e8fb73c87fce4b419b1907f845e9520
HAPPY 2 BE HERE WITH YOU,"¥$ - Don't Kill The Party [V9]
(ref. Ant Clemons) (prod. BNYX®, BBYKOBE, Lasik, Matty Spats & 206DEREK)","OG Filename: FaithwalkerXDontkilltheparty - FaithwalkerxAnt - B1
Version with reference vocals from Ant Clemons, cowritten by TrueFaithWalker. Snippet leaked June 9th, 2026.",2:16,,"Jun 28, 2026",OG File,CD Quality,https://pillows.su/f/dcc3c29e47a37470d27a876abb1c3ce4
HAPPY 2 BE HERE WITH YOU,"¥$ - Don't Kill The Party [V10]
(feat. Tyga) (prod. BNYX®, BBYKOBE, Lasik, Matty Spats & 206DEREK)","OG Filename: dont kill the party V1_OV
Has a Tyga feature. BNYX® production as the ""Working On Dying"" tag is used briefly and drums sounding closer to his production. The ""OV"" in the filename most likely stands for ""open verse"" as opposed to ""Ojivolta"" as they aren't credited on the released song, though it's unknown which version played has this filename. Played at the Las Vegas Vultures City afterparty on December 15th, 2023.",3:00,,"Dec 15, 2023",Full,Recording,"https://pillows.su/f/ba85fb58c23d76bb47f5523bdded8fde
https://pillows.su/f/bf350308ea76a73fde727f720b48b5ec"
HAPPY 2 BE HERE WITH YOU,"¥$ - Don't Kill The Party [V11]
(prod. BNYX®, BBYKOBE, Lasik, Matty Spats & 206DEREK)","Version without Tyga, having a fully finished Ye verse instead. Ye's verse later released as part of Ty Dolla $ign and Toney Handome's album TYCOON MASHUPS. Played at the Las Vegas Vultures City afterparty on December 15th, 2023.",3:31,,"Dec 15, 2023",Full,Recording,https://pillows.su/f/e349976a411d012e146a96fc9f6e3c75
HAPPY 2 BE HERE WITH YOU,"¥$ - Easy Come Easy Go [V3]
(ref. Ant Clemons) (prod. Ojivolta)
(LOST AND FOUND)","Version with vocals from Ant Clemons. Samples ""Pump Up The Jam"" by Technotronic. Snippet leaked June 9th, 2026.",,,"Jun 9, 2026",Snippet,High Quality,https://pillows.su/f/c14532d8ab71b41460e013350342af95
HAPPY 2 BE HERE WITH YOU,"¥$ - Lost And Found [V4]
(prod. Ojivolta)
(Easy Come Easy Go)","Seen in a list of folders in a vlog from producer Wheezy, from when he went to Saudi to work with ¥$ in November 2023. According to yougotonemore, this is the same song as ""Easy Come Easy Go"" from an Italy tracklist.",,,,Confirmed,Not Available,https://ibb.co/9kLcpQyb
HAPPY 2 BE HERE WITH YOU,"Mamii - Rain On Me [V1]
(Everything, Once Again)","OG Filename: Mamii Rain on me
According to Mamii on Twitter, this song used to be a ""country"" record that wasn't intended for VULTURES 1 before being reworked. Snippet posted Februrary 7th, 2024.",,,"Feb 7, 2024",Snippet,High Quality,https://pillows.su/f/b65eab1e7abce30719547ab58b2d929e
HAPPY 2 BE HERE WITH YOU,"¥$ - Everything [V2]
(ref. Ant Clemons) (feat. Mamii) (prod. Camper)
(ONCE AGAIN, RAIN ON ME)","OG Filename: EVERYTHING 11.1.23
According to an instagram post by Ant Clemons, he worked on ""PAID"", ""TALKING"", and ""PROBLEMATIC"", more than likely referring to reference tracks for these songs. Has a completely different instrumental compared to later versions and uses Mamii's vocals. First previewed on Ant's Instagram February 7th, 2024. Leaked after a groupbuy.",1:54,"Nov 1, 2023","Jun 28, 2026",OG File,High Quality,https://pillows.su/f/374493b094a423344896590fc6d3a95e
HAPPY 2 BE HERE WITH YOU,"¥$ - Everything [V3]
(feat. Ant Clemons) (prod. Camper)
(ONCE AGAIN, RAIN ON ME)","OG Filename: EVERYTHING 11.2.23 TY_1
Version with a completely different hook. Uses the beat from the Ant Clemons reference and uses his vocals more like a feature than a reference. Has an open verse likely for Ye to record. HQ snippet leaked June 9th, 2026.",2:54,"Nov 2, 2023","Jun 28, 2026",OG File,CD Quality,https://pillows.su/f/bdd2c3f22544645290c1435f0965d9a6
HAPPY 2 BE HERE WITH YOU,"¥$ - Everything [V4]
(feat. Ant Clemons) (prod. DJ Camper)
(ONCE AGAIN, RAIN ON ME)","Contains better mixing, and new rain sounds on the outro. Played on Ty Dolla $ign's Twitch Stream on November 17th, 2025.",~3:00,,"Nov 17, 2025",Full,Recording,https://pillows.su/f/a9dfec4947176af712040a7745bbf5b6
HAPPY 2 BE HERE WITH YOU,"¥$ - Aperol Spritz (BACK OUTSIDE) [V4]
(feat. Ant Clemons) (prod. AyoAA, damn james! & TheLoudPack)
(We Back Outside, She's Back Outside)","Has alternate production from AyoAA which reuses his snare rolls from ""LOUIE BAGS"". Previewed by AyoAA on a Twitch stream November 25th, 2025.",,,"Nov 25, 2025",Partial,Recording,https://pillows.su/f/6fb4f5ece1a3be6cd90d9c9d661356f1
HAPPY 2 BE HERE WITH YOU,"¥$ - APEROL SPRITZ [V8]
(feat. Ant Clemons) (prod. damn james!, TheLoudPack & Kanye West)
(BACK OUTSIDE)","According to Pop, this song was worked on in early April.",,,,Rumored,Not Available,N/A
HAPPY 2 BE HERE WITH YOU,"¥$ - Forever Rollin' [V4]
(feat. Lil Baby & EST Gee) (prod. FOREVEROLLING, Flex on the Beat, Audiovista, ¥$ & Mattazik Muzik)
(FOREVER ROLLING)","Version with EST's verse and mumble Ye vocals. Snippet posted on Instagram by EST Gee on January 7th, 2024.",3:35,,"Jan 7, 2024",Snippet,High Quality,https://pillows.su/f/9e53c8b58719a593184960aeecdbf0f7
HAPPY 2 BE HERE WITH YOU,"¥$ - Forever Rollin' [V5]
(ref. Ant Clemons) (feat. Lil Baby) (prod. FOREVEROLLING, Flex on the Beat, Audiovista, ¥$ & Mattazik Muzik)
(FOREVER ROLLING)","According to Rodri, Ant Clemons recorded a reference track. Confirmed by writer credits on release.",,,,Confirmed,Not Available,N/A
HAPPY 2 BE HERE WITH YOU,"¥$ - Forever Rollin' [V6]
(ref. TrueFaithWalker) (feat. Lil Baby) (prod. FOREVEROLLING, Flex on the Beat, Audiovista, ¥$ & Mattazik Muzik)
(FOREVER ROLLING)","According to Rodri, TrueFaithWalker recorded a reference. Made December 2023.",,Dec 2023,,Rumored,Not Available,N/A
HAPPY 2 BE HERE WITH YOU,"¥$ - Forever Rollin' [V7]
(feat. Lil Baby) (prod. FOREVEROLLING, Flex on the Beat, Audiovista, ¥$ & Mattazik Muzik)
(FOREVER ROLLING)","Version played at the VULTURES Miami rave. Was originally Lil Baby's song in 2021, however it was given to Ye sometime in 2023. Was later dropped on VULTURES 2 with a new beat and arrangement.",3:14,,"Dec 12, 2023",Full,High Quality,https://pillows.su/f/4d4b1456dd048a1ee116e3cb9f8eb561
HAPPY 2 BE HERE WITH YOU,"¥$ - Forever Rollin' [V8]
(feat. Lil Baby) (prod. FOREVEROLLING, Flex on the Beat, Audiovista, ¥$ & Mattazik Muzik)
(FOREVER ROLLING)","Version that was accidentally uploaded as ""Drunk"" on the December iTunes copy of VULTURES.",,,"Jul 31, 2024",Partial,CD Quality,https://pillows.su/f/eb3e1d0e22a12b5728588beffab8be30
HAPPY 2 BE HERE WITH YOU,"Rich The Kid - Bleed It [V2]
(feat. Kanye West) (prod. Digital Nas & Ojivolta)
(FRIED)","OG Filename: Bleed It
Has 2 verses and a hook done by Rich The Kid, as well as mumbly iPhone vocals from Ye. Some of Rich's lyrics would be reused by Ty in the March 20th version.",2:20,"Mar 6, 2024","Nov 3, 2024",OG File,CD Quality,https://pillows.su/f/58f7e520ef58f772fed5f51a226b3259
HAPPY 2 BE HERE WITH YOU,"Rich The Kid - Bleed [V3]
(prod. Digital Nas, Ojivolta & TheLabCook)
(BLEED IT, FRIED)","OG Filename: BLEED 150BPM LABCOOK
Has extra TheLabCook production.",2:46,,"Nov 3, 2024",Beat Only,Lossless,https://pillows.su/f/d1e17f95248eb0f8db2be0bb8c053446
HAPPY 2 BE HERE WITH YOU,"¥$ - BLEED IT [V4]
(feat. The Hooligans) (prod. Digital Nas & Ojivolta)
(FRIED)","OG Filename: BLEED IT - 3.6.24 - Hooligans beat ref skjit
Skit made for the intro. Samples an interaction that occurred between Ye & a member of the paparazzi that happened just before the release of VULTURES 1. Original leak from August 6th, 2024 turned out to be only partial - later leaked in full.",0:28,"Mar 6, 2024","Nov 3, 2024",OG File,CD Quality,https://pillows.su/f/0b62b3ee5f10a1b44d5a56bcbe2d27f6
HAPPY 2 BE HERE WITH YOU,"¥$ - FRIED [V5]
(prod. Digital Nas, Ojivolta & TheLabCook)
(BLEED IT)","Rough voice memo Ye freestyle over the original production, likely when he took the song for himself. He references his infamous ""death con 3"" tweet. Snippet leaked November 4th, 2024.",,,"Nov 4, 2024",Snippet,CD Quality,https://pillows.su/f/894a01561c64aef4ff3980b6072499e1
HAPPY 2 BE HERE WITH YOU,"¥$ - FRIED [V6]
(ref. Bump J) (prod. Digital Nas, Ojivolta & TheLabCook)
(BLEED IT)","OG Filename: FRIED hook idea
Bump J reference track, made before The Hooligans were added onto the song.",0:12,,"Nov 7, 2024",Full,High Quality,https://pillows.su/f/54d549b4d7d095f49ed746f334bb701f
HAPPY 2 BE HERE WITH YOU,"¥$ - FRIED [V7]
(ref. Ant Clemons) (prod. Digital Nas, Ojivolta & TheLabCook)
(BLEED IT)","Ant Clemons ref. Snippet leaked November 4th, 2024.",,,"Nov 4, 2024",Snippet,Lossless,https://pillows.su/f/07f366abf2b40e46cdbb77aee9f68933
HAPPY 2 BE HERE WITH YOU,"¥$ - FRIED [V8]
(feat. The Hooligans) (prod. Digital Nas, Ojivolta & TheLabCook)
(BLEED IT)","OG Filename: FRIED - ye verse v1
Has mumble and alternate Ye vocals, and rough production.",1:48,,"Oct 21, 2024",OG File,CD Quality,https://pillows.su/f/d891bdf8d67ffc83d0223f3d380c8abe
HAPPY 2 BE HERE WITH YOU,"¥$ - FRIED [V9]
(feat. The Hooligans) (prod. Digital Nas, Ojivolta & TheLabCook)
(BLEED IT)",Version played at the LA private listening event. Has different sequencing.,1:35,,"Mar 9, 2024",Full,Recording,https://pillows.su/f/5e298e39a54c5a17ef40b42745f69989
HAPPY 2 BE HERE WITH YOU,"¥$ - FRIED [V10]
(feat. The Hooligans) (prod. Digital Nas, Ojivolta & TheLabCook)
(BLEED IT)","OG Filename: FRIED_3.10.24
Played during the Phoenix listening party.",2:08,"Mar 10, 2024","Oct 21, 2024",OG File,CD Quality,https://pillows.su/f/9416903084e09761ca59e4cebcefafec
HAPPY 2 BE HERE WITH YOU,"¥$ - FRIED [V11]
(feat. The Hooligans) (prod. Digital Nas, Ojivolta & TheLabCook)
(BLEED IT)","OG Filename: FRIED_ty$ x ye
Version with different drums and alternate Ty lines that are mostly from the Rich The Kid version going back and forth with Ye. Ty also harmonises with The Hooligans at the end.",2:33,"Mar 20, 2024","Oct 21, 2024",OG File,Lossless,https://pillows.su/f/30599299db2a58d1faf67e0028388975
HAPPY 2 BE HERE WITH YOU,"¥$ - FRIED [V12]
(feat. The Hooligans) (prod. Digital Nas, Ojivolta & TheLabCook)
(BLEED IT)",Version played in an Abu Dhabi event. Seemingly has added adlibs.,,,"Apr 27, 2024",Partial,Recording,https://pillows.su/f/a6a8ebe73a63741f41ed3424b46bd637
HAPPY 2 BE HERE WITH YOU,"¥$ - FRIED [V13]
(ref. Bomani X) (feat. The Hooligans) (prod. Digital Nas, Ojivolta & TheLabCook)
(BLEED IT)","According to Rodri, Bomani X recorded a reference.",,,,Rumored,Not Available,N/A
HAPPY 2 BE HERE WITH YOU,"¥$ - FRIED [V14]
(ref. Fre$h) (feat. The Hooligans) (prod. Digital Nas, Ojivolta & TheLabCook)
(BLEED IT)","According to Rodri, Fre$h recorded a reference.",,,,Rumored,Not Available,N/A
HAPPY 2 BE HERE WITH YOU,"¥$ - FRIED [V15]
(ref. Malik Yusef) (feat. The Hooligans) (prod. Digital Nas, Ojivolta & TheLabCook)
(BLEED IT)","According to Rodri, Malik Yusef recorded a reference. Confirmed by writing credits on release.",,,,Confirmed,Not Available,N/A
HAPPY 2 BE HERE WITH YOU,"¥$ - FUK SUMN (Remix) [V2-V5]
(feat. Playboi Carti, Travis Scott, Quavo & Ant Clemons) (prod. AyoAA, BBYKOBE, Digital Nas, Timbaland, SHDØW, Hubi, Che Pope, Chrishan & JPEGMAFIA)","Earlier versions proven by a filename including ""REF 5"". Most likely that they have some small mixing changes.",,,,Confirmed,Not Available,
HAPPY 2 BE HERE WITH YOU,"¥$ - FUK SUMN (Remix) [V6]
(feat. Playboi Carti, Travis Scott, Quavo & Ant Clemons) (prod. AyoAA, BBYKOBE, Digital Nas, Timbaland, SHDØW, Hubi, Che Pope, Chrishan & JPEGMAFIA)","OG Filename: FUKK SUM 3.18.24 ME- F REF 5 ANT
Later version of the remix with added production and a new feature from Ant Clemons, replacing a portion of Ye's pitched-up vocals. Meant for release on VULTURES 2 at one point.",3:51,"Mar 18, 2024","Nov 21, 2024",OG File,CD Quality,https://pillows.su/f/c5c95c268b6a75ed41e1881980b4b9e6
HAPPY 2 BE HERE WITH YOU,"¥$ - LIFESTYLE [V6]
(ref. Ant Clemons) (feat. Lil Wayne) (prod. ¥$, Nico Baran, FNZ, London On Da Track & Wheezy)","OG Filename: Lifestyle_Ant x Ty_150 C_12.19.23
First version with reference vocals from Ant Clemons.",4:54,"Dec 19, 2023","Jun 28, 2026",OG File,CD Quality,https://pillows.su/f/4d36e2604fdc24fa19b972ce942043c8
HAPPY 2 BE HERE WITH YOU,"¥$ - LIFESTYLE [V7]
(prod. Nico Baran, FNZ, London On Da Track & SHDØW)",Has production from SHDØW and no Lil Wayne.,5:16,"Dec 20, 2023","Jul 31, 2024",Stem Bounce,Lossless,https://pillows.su/f/725bd5685b887f5f550807ea5ccaa5c9
HAPPY 2 BE HERE WITH YOU,"¥$ - LIFESTYLE [V8]
(feat. Lil Wayne) (prod. ¥$, Nico Baran, FNZ & London On Da Track & Wheezy)",Original version before the beat was completely reworked for VULTURES 2. Has added production from Wheezy and London On Da Track. Leaked during a mass VULTURES 1 song leak. Has an open verse for Ye.,5:29,"Dec 21, 2023","Jul 31, 2024",Stem Bounce,Lossless,https://pillows.su/f/1100ee5b88c36260c0c3716d414e55e3
HAPPY 2 BE HERE WITH YOU,"¥$ - LIFESTYLE [V9]
(ref. Ant Clemons) (feat. Lil Wayne) (prod. ¥$, Nico Baran, FNZ, Triangle Park, London On Da Track & Wheezy)","OG Filename: Lifestyle_Ant x Ty_ Triangle Park_150 C_12.21.23
Second version with reference vocals from Ant Clemons and alternate production from Triangle Park, a production duo consisting of Ali P and ROBOTSCOTT. New production uses the ""SO RE 80 melodic stack cherry vibes Cmaj"" loop from the Splice sound bank. Original snippet leaked June 9th, 2026.",4:54,"Dec 21, 2023","Jun 28, 2026",OG File,High Quality,https://pillows.su/f/22c9323919f5f8b381c3bbbcdf8e5192
HAPPY 2 BE HERE WITH YOU,"¥$ - LIFESTYLE [V10]
(ref. Malik Yusef) (feat. Lil Wayne) (prod. Nico Baran, FNZ, Deaton Chris Anthony, Dez Wright & London On Da Track)","According to Rodri, Malik Yusef recorded a reference, highly likely cowritten by TrueFaithWalker. Likely made around the same time Ant's reference was made, as Malik was present at Ty's studio.",,,,Rumored,Not Available,https://ibb.co/1fxGJscM
HAPPY 2 BE HERE WITH YOU,"¥$ - Paid [V5-V6]
(prod. Stryv & Chrishan)
(Get Paid, 3AM)",Earlier versions confirmed to exist by the filename below.,,,,Confirmed,Not Available,
HAPPY 2 BE HERE WITH YOU,"¥$ - Paid [V7]
(prod. Stryv & Chrishan)
(Get Paid, 3AM)","OG Filename: 25 Paid_03
Filename seen in a list of files on damn james!'s laptop during an Instagram Live on November 21st, 2025. Differences are unknown.",,"Aug 30, 2023",,Confirmed,Not Available,https://pillows.su/f/f4f8fe1f8fd031e9141f098512c95d3f
HAPPY 2 BE HERE WITH YOU,"¥$ - Paid [V8]
(ref. Ant Clemons) (feat. K-Ci) (prod. Stryv, Chrishan & Kanye West)
(Get Paid, 3AM)","Ant Clemons reference track. Original snippet leaked June 9th, 2026.",2:48,,"Jun 29, 2026",Full,CD Quality,https://pillows.su/f/e1609a846afc2f5f73195dca8d46a228
HAPPY 2 BE HERE WITH YOU,"¥$ - Paid [V9]
(feat. K-Ci) (prod. Stryv, Chrishan & Kanye West)
(Get Paid, 3AM)","Similar to the October 19th version except Ye's vocals and the beat are arranged differently and it doesn't have Traxster's outro, it's missing the ""You know why I'm here"" sample, and mutes the ""dolla sign"" part of the Jodeci sample. Played partially by Ty on a Twitch stream November 9th, 2025.",3:17,,"Nov 9, 2025",Full,Recording,https://pillows.su/f/f4c4cfa4c48e36c36488fe72b5540e18
HAPPY 2 BE HERE WITH YOU,"¥$ - Paid [V10-V11]
(feat. K-Ci) (prod. Stryv, Chrishan, Kanye West & AyoAA)
(Get Paid, 3AM)",2 earlier versions confirmed to exist by the below version's filename.,,,,Confirmed,Not Available,
HAPPY 2 BE HERE WITH YOU,"¥$ - Paid [V12]
(feat. K-Ci) (prod. Stryv, Chrishan, Kanye West & AyoAA)
(Get Paid, 3AM)","OG Filename: paid ayoaa v3 9.20
Filename shown by AyoAA on stream December 24th, 2025. Later played on the same stream.",,"Sep 20, 2023","Dec 24, 2025",Snippet,Recording,Link Needed
HAPPY 2 BE HERE WITH YOU,"¥$ - Paid [V13-V20]
(feat. K-Ci) (prod. Stryv, Chrishan, Kanye West & The Legendary Traxster)
(Get Paid, 3AM)",Previous versions confirmed by the filename below.,,,,Confirmed,Not Available,
HAPPY 2 BE HERE WITH YOU,"¥$ - Paid [V21]
(feat. K-Ci) (prod. Stryv, Chrishan, Kanye West & The Legendary Traxster)
(Get Paid, 3AM)","OG Filename: Paid OG - V8_A
Early cutdown of the Ye freestyle, with alternate production and a string outro by Traxster. Original snippet leaked February 12th, 2024. Possibly the version uploaded to Spotify's backend.",3:32,"Oct 19, 2023","Sep 7, 2025",OG File,Lossless,https://pillows.su/f/0fc83115b97debeeda15f21f7885244d
HAPPY 2 BE HERE WITH YOU,"¥$ - Paid [V22]
(feat. K-Ci) (prod. ???)
(Get Paid, 3AM)","OG Filenames: Paid Dembow &
untitled (Master)
Earlier version with a Dembow style of production. Unknown when this was made, but likely in Italy. Original snippet leaked February 12th, 2024.",3:21,,"Sep 7, 2025",OG File,Lossless,https://pillows.su/f/22afc183575bb10a974cb6d62b545eb3
HAPPY 2 BE HERE WITH YOU,"¥$ - Paid [V23]
(ref. Denzel Curry) (prod. Stryv, Chrishan, Kanye West & London On Da Track)
(Get Paid, 3AM)","Reference track done by Denzel Curry, confirmed by writing credits on release. Likely recorded around the same time as his ""Dead"" reference track with Ant Clemons.",,,,Confirmed,Not Available,
HAPPY 2 BE HERE WITH YOU,"¥$ - Paid [V24]
(feat. K-Ci) (prod. Stryv, Chrishan, Kanye West & London On Da Track)
(Get Paid, 3AM)",Version played during DJ Pharris' album premiere. Has added radio FX throughout the song.,3:00,,"Dec 14, 2023",Tagged,High Quality,https://pillows.su/f/4464731daf30ccc55fe3418e8e2d4bdc
HAPPY 2 BE HERE WITH YOU,"¥$ - Paid [V25]
(feat. K-Ci) (prod. Stryv, Chrishan, Kanye West & London On Da Track)
(Get Paid, 3AM)","Version played at the Miami VULTURES rave. Has a finished punch-in from Ye not heard on release and the original intro. Features K-Ci. Partial lossless iTunes file leaked July 31st, 2024.",3:01,,"Jul 31, 2024",Full,High Quality,"https://pillows.su/f/4a664d0575a94a5759d1494a663becc5
https://pillows.su/f/5308ad790743a5c629c8e0b0e6973ca4"
HAPPY 2 BE HERE WITH YOU,"¥$ -  Paid [V26]
(feat. K-Ci) (prod. Stryv, Chrishan, Kanye West & London On Da Track)
(Get Paid, 3AM)","OG Filename: PAID - Track 1
Version of the track made before on or December 14th 2023. Has a finished punch-in from Ye not heard on release and the original intro, though some vocals are cut from the beginning.",3:03,,"Jul 31, 2024",OG File,Lossless,https://pillows.su/f/26711a9be17a44570a4de5b16af6d36d
HAPPY 2 BE HERE WITH YOU,"¥$ - Paid [V27]
(feat. K-Ci) (prod. Stryv, Chrishan, Kanye West & London On Da Track)
(Get Paid, 3AM)","OG Filename: PAID 118STMS
Loop version with more production.",0:28,"Dec 14, 2023","Jul 31, 2024",Stem Bounce,Lossless,https://pillows.su/f/0f29fdf2270388464c87e6101c4e446d
HAPPY 2 BE HERE WITH YOU,"¥$ - Paid [V28]
(feat. K-Ci) (prod. Stryv, Chrishan, Kanye West & London On Da Track)
(Get Paid, 3AM)","OG Filename: PAID ADDS 12.14.23
Another loop version with more production",1:21,"Dec 14, 2023","Jul 31, 2024",Stem Bounce,Lossless,https://pillows.su/f/7aaf2b08e80d7127a139195d0d49215f
HAPPY 2 BE HERE WITH YOU,"¥$ - Paid [V29]
(feat. K-Ci) (prod. Stryv, Chrishan, Kanye West & London On Da Track)
(Get Paid, 3AM)","OG Filename: PAID
Version with added production.",3:03,"Dec 14, 2023","Jul 31, 2024",Stem Bounce,Lossless,https://pillows.su/f/1309ce965625ee7a01eedca0b11b9333
HAPPY 2 BE HERE WITH YOU,"¥$ - Paperwork [V3]
(prod. 88-Keys)","OG Filename: 08 Paperwork_01
Filename seen in a list of files on damn james!'s laptop during an Instagram Live on November 21st, 2025. Differences are unknown. Also seems to be the file DaBaby recorded his reference verse on.",,"Aug 30, 2023",,Confirmed,Not Available,
HAPPY 2 BE HERE WITH YOU,"¥$ - Paperwork [V4]
(ref. DaBaby) (prod. 88-Keys)","OG Filename: 08 Paperwork_01 DaBaby
DaBaby reference track. Assumed to be made during the Italy sessions, though he was never spotted in Italy so this may have been recorded earlier, possibly during Japan YEBU and Beach House 4 sessions. Seen in a list of files on damn james!'s laptop during an Instagram Live on November 21st, 2025. Original snippet leaked December 3rd, 2025. Later played in full by damn james! on stream December 14th, 2025.",,"Aug 30, 2023","Dec 14, 2025",Snippet,High Quality,"https://pillows.su/f/fd78e4a18d05765d429e6a9e5dce172c
https://pillows.su/f/d039d7f43939b9964bee5ade6d7281ab"
HAPPY 2 BE HERE WITH YOU,"¥$ - Paperwork [V5]
(ref. Ty Dolla $ign) (feat. Bianca Censori) (prod. 88-Keys)","OG Filename: Paperwork - voice memo
Early version with mumble Ye and different Ty vocals, with him having a different verse and punching in some of Ye's mumble. Contains some of the pitched up mumble vocals like how it is in the Quavo refence track. Also contains a porno sample of some sort and has some vocals from Bianca. Snippets originally leaked June 28th, 2024 and October 19th, 2024.",2:39,,"Nov 20, 2024",OG File,Recording,https://pillows.su/f/0da30bd9ab7bec4f6525127ddad8688a
HAPPY 2 BE HERE WITH YOU,"¥$ - Paperwork [V6]
(ref. Sean Leon) (prod. 88-Keys)","According to Pop, Sean Leon recorded a reference track. It's likely this was recorded during the Italy sessions.",,,,Rumored,Not Available,N/A
HAPPY 2 BE HERE WITH YOU,"¥$ - Paperwork [V7-V14]
(prod. 88-Keys)","Previous versions confirmed by ""r9"" in the filename below.",,,,Rumored,Not Available,
HAPPY 2 BE HERE WITH YOU,"¥$ - Paperwork [V15]
(ref. Quavo) (feat. Quavo) (prod. 88-Keys)","OG Filename: Paperwork - r9
Italy version that has Quavo and pitched up mumble Ye vocals, most likely recorded in September of 2023. The verse done by Quavo would later be used for Ye's finished release verse, Ye's unfinished verse was sung by Ty on release with finished lyrics and Quavo on release made a second verse.",2:03,,"Feb 8, 2024",Full,CD Quality,https://pillows.su/f/51999fd0c9e4c9a4dcecf3b874d63d3f
HAPPY 2 BE HERE WITH YOU,"¥$ - Paperwork [V16]
(prod. 88-Keys & AyoAA)","OG Filename: @AyoAA Paperwork
Partial filename shown by AyoAA (and later played) on stream December 24th, 2025.",,,"Dec 24, 2025",Snippet,Recording,Link Needed
HAPPY 2 BE HERE WITH YOU,"¥$ - Paperwork [V17]
(ref. Ant Clemons) (prod. 88-Keys)","According to Pop, Ant Clemons recorded a reference track.",,,,Rumored,Not Available,N/A
HAPPY 2 BE HERE WITH YOU,"¥$ - Paperwork [V18]
(ref. Quavo) (feat. Quavo) (prod. 88-Keys)","Version with production from 88-Keys. Played on Instagram live December 14th, 2024. All these versions use Quavo's reference that Ye would later record over, but with release production.",,,"Dec 14, 2024",Snippet,Recording,https://pillows.su/f/726dcd91fe6f452abe0df87de163cec1
HAPPY 2 BE HERE WITH YOU,"¥$ - Paperwork [V19]
(ref. Quavo) (feat. Quavo) (prod. 88-Keys)","Another version with production from 88-Keys. All these versions use Quavo's reference that Ye would later record over, but with release production.",,,"Dec 14, 2024",Snippet,Recording,https://pillows.su/f/3dd03f2d6fb0a7e8b1486ece6eb2f993
HAPPY 2 BE HERE WITH YOU,"¥$ - Paperwork [V20]
(ref. Quavo) (feat. Quavo) (prod. 88-Keys)","Another version with production from 88-Keys. All these versions use Quavo's reference that Ye would later record over, but with release production.",,,"Dec 14, 2024",Snippet,Recording,https://pillows.su/f/f6113d1abd4956364fa506da86d11c0c
HAPPY 2 BE HERE WITH YOU,"¥$ - Paperwork [V21]
(ref. Quavo) (feat. Quavo) (prod. 88-Keys)","Another version with production from 88-Keys. All these versions use Quavo's reference that Ye would later record over, but with release production.",,,"Dec 14, 2024",Snippet,Recording,https://pillows.su/f/5dda589989c4b6a0887fb39513ecdc9b
HAPPY 2 BE HERE WITH YOU,"¥$ - Paperwork [V22]
(ref. Quavo) (feat. Quavo) (prod. 88-Keys)","Another version with production from 88-Keys. All these versions use Quavo's reference that Ye would later record over, but with release production.",,,"Dec 14, 2024",Snippet,Recording,https://pillows.su/f/95b5ef3ade835683b43e7f79ea7d004d
HAPPY 2 BE HERE WITH YOU,"¥$ - Problematic [V5]
(ref. Rooga) (prod. 88-Keys)
(Ceremony Freestyle)","OG Filename: 04 Problematic_01
Filename seen in a list of files on damn james!'s laptop during an Instagram Live on November 21st, 2025. Differences are unknown, but this is the earliest currently known version from the Italy sessions.",,"Aug 30, 2023",,Confirmed,Not Available,
HAPPY 2 BE HERE WITH YOU,"¥$ - Problematic [V6]
(ref. Rooga & Sasha Hashemi) (prod. 88-Keys)
(Ceremony Freestyle)","OG Filename: 04 Problematic_01 Sasha
Sasha Hashemi reference track. Still has the Rooga reference vocals from YEBU. Filename seen in a list of files on damn james!'s laptop during an Instagram Live on November 21st, 2025. Played partially by damn james! on stream December 14th, 2025. Full recording was played December 18th, 2025.",,"Aug 30, 2023","Dec 18, 2025",Full,Recording,https://pillows.su/f/2c22af89a0987ec89957db682a06adfd
HAPPY 2 BE HERE WITH YOU,"¥$ - Problematic [V7]
(ref. Ant Clemons) (prod. 88-Keys)
(Ceremony Freestyle)","According to an Instagram post by Ant Clemons, he worked on ""PAID"", ""TALKING"", and ""PROBLEMATIC"", more than likely referring to reference tracks for these songs. It is likely that this was recorded during the Italy sessions.",,,,Confirmed,Not Available,Source Needed
HAPPY 2 BE HERE WITH YOU,"¥$ - Promotion [V5]
(feat. Future) (prod. AyoAA, Wheezy, London On Da Track & The Legendary Traxster)
(GORGEOUS)","Seen on various ¥$ tracklists. Partially played by Ty Dolla $ign on a Twitch stream September 15th, 2025, where he said that this version was ""before [Ye] got on it"".",,,"Sep 15, 2025",Partial,Recording,https://pillows.su/f/4ef17fd2bbd92d8107acd55253858bc8
HAPPY 2 BE HERE WITH YOU,"¥$ - Promotion [V6]
(prod. AyoAA, Wheezy, London On Da Track & The Legendary Traxster)
(GORGEOUS)","Initial Ye freestyle. According to Luit, the vocals from this freestyle were used in Dukunoo Jamaican Kitchen version and Melrose Listening Party version at the near end before it gets cutoff. It is also said that Ye stops recording for a moment to shout at Bianca who was in another room. Unknown if this freestyle has Future's vocals, but it's likely.",,,,Rumored,Not Available,N/A
HAPPY 2 BE HERE WITH YOU,"¥$ - Promotion [V7]
(feat. Future) (prod. AyoAA, Wheezy, London On Da Track & The Legendary Traxster)
(Gorgeous)","Track 11 on a tracklist posted by Ty Dolla $ign. Snippets played at Dukunoo Jamaican Kitchen and Vultures City. Has a Ye mumble verse, which would later be re-recorded for VULTURES 2. Snippets leaked December 10th, 2023 and October 28th, 2024.",,,"Oct 28, 2024",Snippet,Low Quality,"https://pillows.su/f/5cd8482082d01e8f0b4447226bf2fce6
https://pillows.su/f/c2e9ad2d6b159f4ee78db2d9d9301754
https://pillows.su/f/93ab04d79a609dc6455d25ae5c099686"
HAPPY 2 BE HERE WITH YOU,"¥$ - Promotion [V8]
(ref. Ant Clemons) (feat. Future) (prod. AyoAA, Wheezy, London On Da Track & The Legendary Traxster)
(GORGEOUS)","OG Filename: PROMOTION 12.11.23 ant ref_1
Ant Clemons reference track. Has an alternate take on the ""like we always do at this"" line, taken from Ye's original freestyle. Original snippet leaked June 14th, 2026.",3:31,"Dec 11, 2023","Jun 28, 2026",OG File,CD Quality,https://pillows.su/f/372c42a7ff9a6a7161ae9585228a95cb
HAPPY 2 BE HERE WITH YOU,"¥$ - Gorgeous [V9]
(prod. AyoAA, Wheezy, London On Da Track & The Legendary Traxster)
(Promotion)","OG Filename: Gorgeous
Instrumental for an early version.",2:42,"Dec 11, 2023","Jul 31, 2024",Beat Only,Lossless,https://pillows.su/f/4cbac8ac5b218cf2a9fa1d87821d9ab1
HAPPY 2 BE HERE WITH YOU,"¥$ - Gorgeous [V10]
(prod. AyoAA, Wheezy, London On Da Track & The Legendary Traxster)
(Promotion)","OG Filename: GORGEIUS STEMS V1A 157BPM
Another instrumental for an early version. Filename misspells ""Gorgeous"" as ""Gorgeius"".",2:32,"Dec 11, 2023","Jul 31, 2024",Stem Bounce,Lossless,https://pillows.su/f/372696da7c95d6da40b4609b34427bd1
HAPPY 2 BE HERE WITH YOU,"¥$ - Gorgeous [V11]
(prod. AyoAA, Wheezy, London On Da Track & The Legendary Traxster)
(Promotion)","OG Filename: GORGEOUS V1B 157BPM
Another instrumental for an early version.",2:32,"Dec 12, 2023","Jul 31, 2024",Stem Bounce,Lossless,https://pillows.su/f/16589966581a9c8c07125dc953e3c9a6
HAPPY 2 BE HERE WITH YOU,"¥$ - Promotion [V12]
(feat. Future) (prod. AyoAA, Wheezy, London On Da Track & The Legendary Traxster)
(Gorgeous)","OG Filename: promotion piano intro
Another instrumental for an early version.",2:31,"Dec 14, 2023","Jul 31, 2024",Stem Bounce,Lossless,https://pillows.su/f/ad27d74427c81acdc9f3aae9503d4b76
HAPPY 2 BE HERE WITH YOU,"¥$ - Slide [V11]
(ref. Ant Clemons) (prod. ¥$, Leon Thomas, Fred again.., AyoAA, Wheezy, Lester Nowhere & Peter Lee Johnson)
(Slide In, Slidin)","According to Rodri, Ant Clemons recorded a reference.",,,,Rumored,Not Available,N/A
HAPPY 2 BE HERE WITH YOU,"¥$ - Slide [V12]
(ref. CyHi) (prod. ¥$, Leon Thomas, Fred again.., AyoAA, Wheezy, Lester Nowhere & Peter Lee Johnson)
(Slide In, Slidin)",Reference track from CyHi. Confirmed by writer credits.,,,,Confirmed,Not Available,
HAPPY 2 BE HERE WITH YOU,"¥$ - Slide [V13]
(ref. TrueFaithWalker) (prod. ¥$, Leon Thomas, Fred again.., AyoAA, Wheezy, Lester Nowhere & Peter Lee Johnson)
(Slide In, Slidin)","According to Rodri, TrueFaithWalker recorded a reference. Made sometime in December 2023.",,,,Rumored,Not Available,N/A
HAPPY 2 BE HERE WITH YOU,"¥$ - Slidin [V14]
(prod. ¥$, Leon Thomas, Fred again.., AyoAA, Wheezy, Lester Nowhere & Peter Lee Johnson)
(Slide In, SLIDE)","OG Filename: Slidin - Track 12
Later version with different mixing. Has the open verse shown on the DJ Pharris premiere and may be that exact version, but this is not confirmed. Originally leaked after a groupbuy July 7th, 2024, with the OG file later leaking. Made on or before Dec 14, 2023.",5:15,,"Jul 31, 2024",OG File,CD Quality,https://pillows.su/f/525ab2353c78863fe9a612c231206989
HAPPY 2 BE HERE WITH YOU,"¥$ - Slide [V15]
(prod. Kanye West, Leon Thomas, Fred again.., AyoAA, Wheezy, Lester Nowhere & Peter Lee Johnson)
(Slide In, Slidin)",Track 9 on a tracklist posted by Ty Dolla $ign. Played at the VULTURES Miami rave.,3:39,,"Dec 12, 2023",Full,High Quality,https://pillows.su/f/cad5ffaf71de282d53949dde5455f9eb
HAPPY 2 BE HERE WITH YOU,"¥$ - Slidin [V16]
(prod. ¥$, Leon Thomas, Fred again.., AyoAA, London On Da Track, Wheezy, Lester Nowhere & Peter Lee Johnson)
(Slide In, SLIDE)","Version with London On Da Track production added. Original snippet leaked March 9th, 2024.",5:15,"Dec 14, 2023","Jul 31, 2024",Stem Bounce,Lossless,https://pillows.su/f/a630ebbe5fa496f74b3c7d8d70b83b91
HAPPY 2 BE HERE WITH YOU,"¥$ - Slide [V17]
(prod. ¥$, Leon Thomas, Fred again.., AyoAA, Wheezy, Lester Nowhere & Peter Lee Johnson)
(Slide In, Slidin)",Version played during DJ Pharris' album premiere. Has an open verse. Has added radio FX throughout the song.,5:00,,"Dec 14, 2023",Tagged,High Quality,https://pillows.su/f/c1087642c66eb94ed7030f1384cf5029
"0 OG File(s)
2 Full
0 Tagged
2 Partial
4 Snippet(s)
0 Stem Bounce(s)
4 Unavailable",4Play II,,,,,,,
4Play II,Uh Uh Uh,"Original mix played in the studio whilst being mixed live. Snippets posted December 14, 2025 and December 15, 2025",,,,Snippet,Recording,
4Play II,"damn james! & Ty Dolla $ign - BACK OUTSIDE [V9]
(feat. Ant Clemons) (prod. damn james! & TheLoudPack)
(APEROL SPRITZ, WE BACK OUTSIDE)","Version of the alternate beat with an offkey guitar. Briefly played by Ty Dolla $ign on stream October 7, 2025.",,,"Oct 7, 2025",Snippet,Recording,Link Needed
4Play II,"damn james! & Ty Dolla $ign - BACK OUTSIDE [V10]
(feat. Ant Clemons) (prod. damn james! & TheLoudPack)
(APEROL SPRITZ, WE BACK OUTSIDE)","Version of the song with a completely different beat made by damn james!. While being previewed, Ty stated that he didn't like this version of the beat as much as the original, so it is likely not being released. Played by Ty Dolla $ign on stream October 7, 2025.",,,"Oct 7, 2025",Partial,Recording,https://pillows.su/f/1d88b53299200ac7dd6153ddcc9d8ef4
4Play II,"damn james!, DJ Drama & Ty Dolla $ign - SHE'S BACK OUTSIDE [V11-V32]
(feat. Ant Clemons) (prod. damn james! & TheLoudPack)
(APEROL SPRITZ, WE BACK OUTSIDE)",Alternate mixes confirmed by the filename below.,,,,Confirmed,Not Available,
4Play II,"damn james!, DJ Drama & Ty Dolla $ign - SHE'S BACK OUTSIDE [V33]
(feat. Ant Clemons) (prod. damn james! & TheLoudPack)
(APEROL SPRITZ, WE BACK OUTSIDE)","OG Filename: 12 Airplane Mode 2 GG REF-23
Version with DJ Drama narration and the original beat. Leaked alongside the music video after Ty accidentally showed the link on stream.",2:31,"Nov 4, 2025","Nov 13, 2025",Full,Lossless,https://pillows.su/f/e034a3fb27d1b0ff5db4bf7da0347901
4Play II,"damn james!, DJ Drama & Ty Dolla $ign - SHE'S BACK OUTSIDE [V34]
(feat. Ant Clemons) (prod. damn james! & TheLoudPack)
(BACK OUTSIDE, WE BACK OUTSIDE, APEROL SPRITZ (BACK OUTSIDE), APEROL SPRITZ)","OG Filename: ty.stu.james.11(shes b...
Played by damn james! on stream November 27, 2025.",2:31,"Nov ??, 2025","Nov 27, 2025",Full,Recording,https://pillows.su/f/4f1e7f637a1614dcbd2df242dfbc9a22
4Play II,"damn james!, DJ Drama & Ty Dolla $ign - SHE'S BACK OUTSIDE [V35]
(feat. Ant Clemons) (prod. damn james! & TheLoudPack)
(BACK OUTSIDE, WE BACK OUTSIDE, APEROL SPRITZ (BACK OUTSIDE), APEROL SPRITZ)","OG Filename: 12 she s back outside
Final version. Played by damn james! on stream November 21, 2025.",,"Nov 16, 2025","Nov 21, 2025",Snippet,Recording,Link Needed
4Play II,"Ty Dolla $ign - SAY IT [V6]
(feat. Playboi Carti, Rema & Ant Clemons) (prod. Ty Dolla $ign, Chrishan, Aye YB, Hitmaka, Anthony Kilhoffer, Caleb Bryant, damn james!, Wax Motif, AJ Williams, FBG Goat, Varg²™, Simon On The Moon, 6ccpo & Skarp V)
(TOUCH MY)",Initial version with the reworked beat from Varg and his producers. Likely made around late July or early August.,,,,Confirmed,Not Available,
4Play II,"Ty Dolla $ign - SAY IT [V7]
(feat. Playboi Carti, Rema & Ant Clemons) (prod. Ty Dolla $ign, Chrishan, Aye YB, Hitmaka, Anthony Kilhoffer, Caleb Bryant, damn james!, Wax Motif, AJ Williams, FBG Goat, Varg²™, Simon On The Moon, 6ccpo & Skarp V)
(TOUCH MY)","Earlier mix. According to Ty, a music video was planned for the song. Uses the guitar outro from release as the beatswitch for Carti's verse. Played by Ty Dolla $ign on N3ON's stream September 25, 2025 and again on October 7, 2025. Snippet posted to Varg's instagram October 17, 2025.",,,"Oct 17, 2025",Partial,Recording,"https://pillows.su/f/3bf3bea270fb278cd5e5ea035b7dc7fc
https://pillows.su/f/30ee82650f751b2857a0d50099e11caa
https://pillows.su/f/a682b6947f99862ec3c7056f8fc186f6"
4Play II,"Ty Dolla $ign - SAY IT [V8]
(feat. Playboi Carti, Rema & Ant Clemons) (prod. Ty Dolla $ign, Chrishan, Aye YB, Hitmaka, Anthony Kilhoffer, Caleb Bryant, damn james!, Wax Motif, AJ Williams, FBG Goat, Varg²™, Simon On The Moon, 6ccpo, Skarp V & AyoAA)
(TOUCH MY)","According to AyoAA on stream, he produced a version of the song.",,,,Confirmed,Not Available,
4Play II,"Ty Dolla $ign - SAY IT [V9-V17]
(feat. Playboi Carti, Rema & Ant Clemons) (prod. Ty Dolla $ign, Chrishan, Aye YB, Hitmaka, Anthony Kilhoffer, Caleb Bryant, damn james!, Wax Motif, AJ Williams, FBG Goat, Varg²™, Simon On The Moon, 6ccpo, Skarp V & AyoAA)
(TOUCH MY)",Alternate mixes confirmed by the filename below.,,,,Confirmed,Not Available,
4Play II,"Ty Dolla $ign - SAY IT [V18]
(feat. Playboi Carti, Rema & Ant Clemons) (prod. Ty Dolla $ign, Chrishan, Aye YB, Hitmaka, Anthony Kilhoffer, Caleb Bryant, damn james!, Wax Motif, AJ Williams, FBG Goat, Varg²™, Simon On The Moon, 6ccpo, Skarp V & AyoAA)
(TOUCH MY)","OG Filename: ... - Say It M 10 MT001-REF
Version with the infamous MUSIC snare rolls and Rema singing an intro and a bridge before Carti's verse. Intended for release on TYCOON before Carti refused to clear his verse. According to Chrishan, Carti wanted to redo his verse instead of reusing his vocals from ""MELROSE"", but there wasn't enough time. Rema was left off because he only recorded fo the song because Carti was on it. According to Ty, him and Carti have another song together to make up for it. Played by Dre Sinatra on stream October 12, 2025.",,,"Oct 12, 2025",Snippet,Recording,https://pillows.su/f/42ceeccc217adec74398a95a705ec7c3
"0 OG File(s)
1 Full
0 Tagged
5 Partial
1 Snippet(s)
0 Stem Bounce(s)
2 Unavailable",Ongoing,,,,,,,
Ongoing,"???
(prod. Tyree Hawkins)",Ant Clemons confirmed in an interview that right before it he was finishing up a demo with Tyree Hawkins.,,"Apr 16, 2026",,Confirmed,Not Available,N/A
Ongoing,Unknown [Ty Dolla $ign Collaborations],Ant has been featured on multiple streams for girl music and girl music vol. 2.,,,,Confirmed,Not Available,N/A
Ongoing,"Ty Dolla $ign - ??? [V1]
(prod. Ty Dolla $ign)
(don't worry bout it)","Original instrumental. Played by Ty on stream March 22, 2026.",,,"Mar 22, 2026",Snippet,Recording,https://pillows.su/f/d55a62dcae221a011ea62fda1974d29e
Ongoing,"Ty Dolla $ign - ??? [V2]
(ref. Ant Clemons) (prod. Ty Dolla $ign)
(don't worry bout it)","Initial version recorded by Ty and Ant on stream on March 22, 2026.",,"Mar 22, 2026","Mar 22, 2026",Partial,Recording,https://pillows.su/f/a1944046f4f12786f51e1b1fb2d90ff1
Ongoing,"Ty Dolla $ign - ??? [V3]
(prod. Ty Dolla $ign)
(don't worry bout it)","Song written with Ant Clemons and recorded on stream. Played by Ty on stream March 28, 2026, with added sound effects.",,,"Mar 28, 2026",Partial,Recording,https://pillows.su/f/26d4d11dca08265cb5baecf3ac9eec22
Ongoing,"Ty Dolla $ign - ??? [V1]
(prod. Ty Dolla $ign)
(only thing)","Original instrumental which Ty and Ant would freestyle over. Played by Ty on stream March 24, 2026.",,,"Mar 24, 2026",Partial,Recording,https://pillows.su/f/6b279725fc7e21a1ca8022c120a2c450
Ongoing,"Ty Dolla $ign - ??? [V2]
(prod. Ty Dolla $ign)
(only thing)","Initial version recorded on stream on March 24, 2026.",,"Mar 24, 2026","Mar 24, 2026",Partial,Recording,"https://pillows.su/f/094ab382e3c4fa98d63ecd2ce6dfae56
https://pillows.su/f/e79f70387c835fcabfc658819c2816cc
https://pillows.su/f/615f2d6749866a7e5ac1a6a05a2b109a
https://pillows.su/f/579d2d81f756d3d182e32b6f611bfb36"
Ongoing,"Ty Dolla $ign - ??? [V3]
(feat. ???) (prod. Ty Dolla $ign)
(only thing)","Song written with Ant Clemons and recorded on stream. Features background vocals from an unidentified female artist on the outro. Played by Ty on stream March 28, 2026, with added sound effects.",3:00,,"Mar 28, 2026",Full,Recording,https://pillows.su/f/6c2b376759b8b1c656c94005807e6664
Ongoing,"Ty Dolla $ign - ???
(prod. Ty Dolla $ign)","Instrumental played by Ty on stream March 24, 2026, that he and Ant Clemons would freestyle over.",,,"Mar 24, 2026",Partial,Recording,https://pillows.su/f/2bc6110b19271246ed4c28fbd14150ce
