Era,Name,Notes,Date,Type,Currently Available,Quality,Link(s),,,,,,,,,,,,,,,,
,"Steppin' On To The Scene
(Collaboration with Bassmint Productions)","(??/??/1989) (Chaos Kid & Manix join M&M & D.J. Butter Fingers, forming Bassmint Productions)
(??/??/1990) (The Steppin' On To The Scene EP releases)",,,,,,,,,,,,,,,,,,,,,
Steppin' On To The Scene,Ass Lick,Track that shows up on a CD compilation of tracks that D.J. Butter Fingers gave to a so-called fan. Year is unknown. Leaked for fun by The Soul Intent Enthusiast.,,Skit,Full,Low Quality,https://pillows.su/f/506d6274c7bcae69249026bb05bf68df,,,,,,,,,,,,,,,,
,Pre-Still In The Bassmint / The M&M Solo Tape,"(XX/XX/1990) (The Steppin' On To The Scene EP releases)
(XX/XX/1991) (Soul Intent forms)",,,,,,,,,,,,,,,,,,,,,
Pre-SITB / M&MST,Choose Me,Track that shows up on a CD compilation of tracks that D.J. Butter Fingers gave to a so-called fan. Year is unknown. Leaked for fun by The Soul Intent Enthusiast.,,Skit,Full,Low Quality,https://pillows.su/f/f4eccf3c946311b9d47dcf9e5ad180e4,,,,,,,,,,,,,,,,
,1990 Suckerin' Rhymes,,,,,,,,,,,,,,,,,,,,,,
Pre-SITB / M&MST,As The Doom Surrounds With Gloom,A Suckerin' Rhyme (Freestyle).,,Freestyle,Full,Low Quality,https://pillows.su/f/13f21334827d8eb2e9dbcb8f3a9e4f21,,,,,,,,,,,,,,,,
Pre-SITB / M&MST,🗑️ Foolish Pride,"A Suckerin' Rhyme (Freestyle). Probably the most well-known pre-Infinite era Eminem song, since it was referenced on Yellow Brick Road. Leaked on the same CD as the ""So Many Styles"" snippet.",,Freestyle,Full,Low Quality,https://pillows.su/f/35b09480890bbfa9c4aa3539386e9a08,,,,,,,,,,,,,,,,
Pre-SITB / M&MST,"Herpes At Christmas Time
(feat. Vitamin C.)",A Suckerin' Rhyme (Freestyle).,,Freestyle,Full,Low Quality,https://pillows.su/f/9444013b4d5f9f07e59bbff55e3713fc,,,,,,,,,,,,,,,,
Pre-SITB / M&MST,"Mic Check, One Two",A Suckerin' Rhyme (Freestyle).,,Freestyle,Full,Low Quality,https:///folder/0lJFHagJ#3tKui_P2n1BtLwLw_cKXQQ/file/4w4EUaKA,,,,,,,,,,,,,,,,
Pre-SITB / M&MST,Purple Pimp Saga Bellbottom Pants,A Suckerin' Rhyme (Freestyle).,,Freestyle,Full,Low Quality,https://pillows.su/f/a682f90366e21840ea1ce76bcc4ac4de,,,,,,,,,,,,,,,,
Pre-SITB / M&MST,Studio Lines,A Suckerin' Rhyme (Freestyle).,,Freestyle,Full,Low Quality,https://pillows.su/f/da8f7281d27ee4ce5e359bccfde9a670,,,,,,,,,,,,,,,,
Pre-SITB / M&MST,That's When I Died In Bed,A Suckerin' Rhyme (Freestyle).,,Freestyle,Full,Low Quality,https://pillows.su/f/d874f77b7c07e5b752a61298fbb71190,,,,,,,,,,,,,,,,
Pre-SITB / M&MST,Van Vs. Ham,A track where Eminem & Proof take on the roles of Vanilla Ice & MC Hammer and have a rap battle.,,Freestyle,Full,Low Quality,https://pillows.su/f/1388a52b082c0bbccea05ec6e1846e33,,,,,,,,,,,,,,,,
Pre-SITB / M&MST,We're Rockin' Babe,A Suckerin' Rhyme (Freestyle).,,Freestyle,Full,Low Quality,https://pillows.su/f/69014938ecca7d4947b66ad085bf78d8,,,,,,,,,,,,,,,,
,1991 Suckerin' Rhymes,,,,,,,,,,,,,,,,,,,,,,
Pre-SITB / M&MST,Bassmint Productions Freestyle,A Suckerin' Rhyme (Freestyle).,,Freestyle,Full,Low Quality,https://pillows.su/f/af3458ab6a36ac9f506a92c4832ab71d,,,,,,,,,,,,,,,,
Pre-SITB / M&MST,"It's Not Your Hair, I Think It's Your Armpits",A Suckerin' Rhyme (Freestyle).,,Freestyle,Full,Low Quality,https://pillows.su/f/10c72d9831add9810aca1e4c1ff1b92c,,,,,,,,,,,,,,,,
Pre-SITB / M&MST,Phone Cabbage,A Suckerin' Rhyme (Freestyle).,,Freestyle,Full,Low Quality,https://pillows.su/f/2c18364c14a8fa6dda4d02ec7a967b85,,,,,,,,,,,,,,,,
Pre-SITB / M&MST,Racist Rap Hour,Was apparently one of the tracks The Source acquired.,,Freestyle,Full,Low Quality,https://i.imgur.com/x1ADiR5.jpg,,,,,,,,,,,,,,,,
Pre-SITB / M&MST,"Rock Your World
(feat. V-Top)",A Suckerin' Rhyme (Freestyle).,,Freestyle,Full,Low Quality,https://pillows.su/f/32afe05a069473442433bd80e757c151,,,,,,,,,,,,,,,,
Pre-SITB / M&MST,The Introduction,A Suckerin' Rhyme (Freestyle).,,Freestyle,Full,Low Quality,https://pillows.su/f/7fb3711dc7924191974f8d11cea5d7b3,,,,,,,,,,,,,,,,
,Soul Intent,"(XX/XX/1992) (The Still In The Bassmint EP & The M&M Solo Tape EP release)
(XX/XX/1995) (Work on Infinite starts)",,,,,,,,,,,,,,,,,,,,,
,1992-95 Suckerin' Rhymes,,,,,,,,,,,,,,,,,,,,,,
Soul Intent,Hard Motherfucker,From the New Jacks bootleg.,,Freestyle,Full,Low Quality,https://pillows.su/f/04d8b82809efecc9c1d1bcb59fd107ad,,,,,,,,,,,,,,,,
Soul Intent,"Masters Of Slang
(feat. Chaos Kid)",A Suckerin' Rhyme (Freestyle).,,Freestyle,Full,Low Quality,https://pillows.su/f/c65f4833ed7ff9f0928dd476931f145e,,,,,,,,,,,,,,,,
Soul Intent,"⭐ Untitled Freestyle
(feat. Chaos Kid)
(So Many Styles)","A Suckerin' Rhyme (Freestyle). Similarly to Foolish Pride, it's a racist song. Only a snippet has surfaced and in said snippet Eminem says the n-word. According to court documents there is an unheard line about Nathan Mathers requesting a ride home. Also according to the court documents, the version The Source obtained is a 13 minute version.",,Freestyle,Snippet,Low Quality,https://pillows.su/f/d28fb20f282307284a28b08af40d83e9,,,,,,,,,,,,,,,,
Soul Intent,"Untitled Freestyle
(Wicked Shit, '94 Shit)","Sometimes referred to as ""'94 Shit"" or ""Wicked Shit"". Has 3 snippets. The file linked is all 3 of them edited together for convenience. The first and third snippets come from the D12 World forums. middle snippet was leaked by The Soul Intent Enthusiast after it was given to him by a known scammer.",,Freestyle,Full,Low Quality,https://pillows.su/f/f29b2b30ec1405c8eea9c149717ccdbf,,,,,,,,,,,,,,,,
Soul Intent,"Mad Cold Blunts In The House
(with Soul Intent)",A Suckerin' Rhyme (Freestyle).,,Freestyle,Full,Low Quality,https://pillows.su/f/5101572047e53f9974c41dd0abaf92c3,,,,,,,,,,,,,,,,
,Infinite,"(XX/XX/1995) (Work on Infinite begins)
(11/12/1996) (Infinite releases)",,"Infinite was Eminem's first studio album. According to Eminem, it sold maybe 20 copies and didn't get great feedback. A lot of people thought he sounded like Nas, which was a heavy influence for him at the time. A little after its release, Eminem attempted suicide by swallowing tylenol pills. Thankfully he lived and went on to work on the Slim Shady EP afterwards.",,,,,,,,,,,,,,,,,,,
Infinite,Eminem vs Kuniva Freestyle Battle ,"Eminem battling Kuniva at Maurice Malone’s Hip-Hop Shop in Detroit, February 17, 1996.",,Freestyle,Full,Low Quality,,,,,,,,,,,,,,,,,
Infinite,"Halloween
(prod. DJ Rec)",Was on an Infinite Demo CD. Was only a beat.,,Other,Never Recorded,N/A,,,,,,,,,,,,,,,,,
,Live Performances,,,,,,,,,,,,,,,,,,,,,,
Infinite,Infinite [Live],"A snippet from a lost documentary from Sky One called The Real Slim Shady from 2003, it is the only live footage of Infinite ever being performed live.",,Live Performance,Confirmed,Not Available,,,,,,,,,,,,,,,,,
Infinite,Jealousy Woes II [Live],"A snippet of the unreleased live performance of Jealousy Woes 2, featured in the How Come music video filmed at Ebony Showcase, the club owner's daughter posted an unseen clip of it on Twitter.",,Live Performance,Confirmed,Not Available,https://x.com/GryphonsRain/status/1378488065380003846,,,,,,,,,,,,,,,,
,Slim Shady EP,"(11/12/1996) (Infinite releases)
(12/16/1997) (SSEP releases)",,"After his failed suicide attempt, Eminem worked on the Slim Shady EP. It got some buzz in the underground and online sites couldn't keep it in stock. Following the Rap Olympics, Dean Geistlinger from Interscope, an assistant in Jimmy Iovine's office at that time would be given the demo by Eminem. The tape then would eventually find its way to Dr. Dre & Jimmy Iovine's hands, who loved it.",,,,,,,,,,,,,,,,,,,
,Freestyles,,,,,,,,,,,,,,,,,,,,,,
Slim Shady EP,Weed Lacer Freestyle,"A 1997 or 1998 Freestyle that reuses lyrics from the cut SSEP track ""Slim Shady"". Uses the beat from ""H20 Proof"" by Ras Kass. Eminem would again rap the verse in his 12 minute freestyle with Royce Da 5'9 over the beat of ""Dignified Soldiers"" by Showbiz & AG as well as on Tim Westwood with Proof over the beat of 4,3,2,1 by LL Cool J.",,Freestyle,Full,Low Quality,https://youtu.be/BHYy4OBUpTY?si=dn0CjzTudZn3D0Pi,,,,,,,,,,,,,,,,
Slim Shady EP,"Untitled Freestyle
(w/ Snafu & DJ Rec)
(Off the Top of The Dome)","A Slim Shady EP era freestyle starring Eminem, Snafu (formerly known as Chaos Kid) & DJ Rec, Snippet was played on Hush's Instagram.",,Freestyle,Snippet,Low Quality,"https://www.instagram.com/reel/BlE_cpwFxxq/
https://www.instagram.com/reel/Bks4l8zhgkT/",,,,,,,,,,,,,,,,
,Live Perfomances,,,,,,,,,,,,,,,,,,,,,,
Slim Shady EP,Live At The Phat House ,"Eminem performed in 1997 at the Phat House with Bizarre, Swifty, and Fuzz Scoota.

1. Low, Down, Dirty 
2. Just Don't Give A Fuck
3. No One's Iller (feat. Bizarre, Fuzz Scoota, & Swifty McVay)",,Live Performance,Full,Low Quality,,,,,,,,,,,,,,,,,
,The Slim Shady LP,"(12/16/1997) (SSEP releases)
(2/23/1999) (SSLP releases)",,"Dr. Dre eventually got to work with Eminem, they made 5 songs in their first sesison together (My Name Is, Role Model, Being Partners, When Hell Freezes Over & Night And Day), 3 of those would be release on The Slim Shady LP. This is usually considered to be Eminem's first studio album.",,,,,,,,,,,,,,,,,,,
,Music Videos,,,,,,,,,,,,,,,,,,,,,,
The Slim Shady LP,Greg Freestyle,"The original freestyle that was re-recorded for the Greg A-Cappella on the SSLP deluxe edition. Also features another verse that was never re-recorded. The first verse uses the beat to ""Kick In The Door"" by Notorious B.I.G. and the second one ""Wordplay"" by The X-ecutioners.",,Freestyle,Full,Low Quality,https://www.youtube.com/watch?v=r-CClDYfn9c,,,,,,,,,,,,,,,,
,Live Perfomances,,,,,,,,,,,,,,,,,,,,,,
The Slim Shady LP,Live At Tramps 1999,A live performance in New York shortly before the release of Slim Shady LP. This performance was split into pieces and put as audio-only on The Eminem Show (Expanded Edition) in 2022.,"Jan 9, 1999",Live Performance,Full,High Quality,https://youtu.be/5Ze4XNPA2MA?si=93myFX1zzHEf8Hgn,,,,,,,,,,,,,,,,
,Never Recorded,,,,,,,,,,,,,,,,,,,,,,
The Slim Shady LP,"97 Bonnie & Clyde
(feat. Marilyn Manson)","Eminem wanted Marilyn Manson on the hook for '97 Bonnie & Clyde, but Marilyn thought the song was too violent and declined.",,OG,Never Recorded,N/A,,,,,,,,,,,,,,,,,
The Slim Shady LP,"Ghost Stories
(feat. Thirstin Howl)",Eminem mentioned in Angry Blonde that he wanted Thirstin Howl to feature on the song. Thirstin Howl later confirmed to a member of the community he didn't record for it.,,Throwaway,Never Recorded,N/A,,,,,,,,,,,,,,,,,
The Slim Shady LP,My Fault (Pizza Mix) [Music Video],"A music video for the song was planned, but was never recorded.",,Music Video,Never Recorded,N/A,,,,,,,,,,,,,,,,,
The Slim Shady LP,"My Name Is [No Sample]
(prod. Dr. Dre)","Eminem mentioned that him and Dre tried to rework the beat of My Name Is to remove the sample instead of replacing the controversial line, but none of them worked and the line was replaced.",,Other,Never Recorded,N/A,,,,,,,,,,,,,,,,,
The Slim Shady LP,"Madd Rapper - Stir Crazy
(feat. Eminem & Busta Rhymes) (prod. Kanye West)","According to Eminem, Busta was supposed to be on Stir Crazy, but for some reason he couldn't be on it anymore. The way it's worded makes it sound like he recorded for it but it's unknown if he did.",,Feature,Never Recorded,N/A,,,,,,,,,,,,,,,,,
The Slim Shady LP,"Shabaam Sahdeeq - 5 Star Generals
(feat. Shadow, , Eminem, Kwest The Madd Lad, A.L., & SKAM2?)","According to SKAM2?, Shadow was originally supposed to be on 5 Star Generals but couldn't go to the studio because him and Skam didn't have enough money.",,OG,Never Recorded,N/A,https://share.google/ej8Cp70ceMCKDFVy7,,,,,,,,,,,,,,,,
The Slim Shady LP,"Chris ""The Glove"" Taylor Collaboration","The Glove was going to do production on Eminem's debut album however the day after he made the Xxplosive and Hello beat he underwent a brain surgery and left Aftermath shortly afterwards. The only time Eminem would rap over a The Glove beat was when he wrote Dre's verse on ""Hello"" by Ice Cube.",,Throwaway,Never Recorded,N/A,,,,,,,,,,,,,,,,,
,Other,,,,,,,,,,,,,,,,,,,,,,
The Slim Shady LP,The Slim Shady LP Snippet Tape,,,Other,Full,High Quality,https://youtu.be/oZrpXaMynXM?si=gnI8SCPTW78i3DoT,,,,,,,,,,,,,,,,
,"The Marshall Mathers LP
(Amsterdam, Amsterdamn)","(2/23/1999) (SSLP releases)
(5/23/2000) (MMLP releases)",,"With the success of The Slim Shady LP, Eminem had to make another album. Originally titled ""Amsterdamn"", which was one of his favorite cities, this and a combination of being ""irked"" by Dutch journalists (which he'd write several songs about on his first trip) and the legal drugs it had to offer is what inspired the original title. The name would go from ""Amsterdamn"" to ""The Marshall Mathers LP"" after he made the song ""Marshall Mathers"". This is widley considered to be one of, if not, Eminem's best album, The Marshall Mathers LP sold 1.78 million copies in its first week, which made it one of the fastest-selling studio albums in the United States.",,,,,,,,,,,,,,,,,,,
,Music Videos,,,,,,,,,,,,,,,,,,,,,,
The Marshall Mathers LP,The Way I Am [Music Video],Official music video for The Way I Am.,,Music Video,Full,CD Quality,https://youtu.be/mQvteoFiMlg?si=mWlwADJyTlXPN8fS,,,,,,,,,,,,,,,,
The Marshall Mathers LP,The Real Slim Shady [Music Video],Official music video for The Real Slim Shady.,,Music Video,Full,CD Quality,https://youtu.be/eJO5HU_7_1w?si=l8yUxBkl8DAI5evb,,,,,,,,,,,,,,,,
The Marshall Mathers LP,"Stan (Long Version) [Music Video]
(feat. Dido)",Official music video for Stan.,,Music Video,Full,CD Quality,Eminem - Stan (Long Version) ft. Dido,,,,,,,,,,,,,,,,
The Marshall Mathers LP,"Dr. Dre - Forgot About Dre [Music Video]
(feat. Eminem)",Official music video for Forgot About Dre.,,Music Video,Full,CD Quality,https://youtu.be/QFcv5Ma8u8k?si=o5ePxUdrw3FVG_Qc,,,,,,,,,,,,,,,,
The Marshall Mathers LP,"Dr. Dre - Still D.R.E. [Music Video]
(feat. Snoop Dogg)",Official music video for Still D.R.E.. Em makes a few second cameo running on the beach.,,Music Video,Full,CD Quality,https://youtu.be/_CL6n0FJZpk?si=XRzcr9prDpRmPEu3,,,,,,,,,,,,,,,,
,"Live Perfomances
",,,,,,,,,,,,,,,,,,,,,,
The Marshall Mathers LP,Live at Top of The Pops,1. My Name Is,"Apr 9, 1999",Live Performance,Full,CD Quality,https://pixeldrain.com/u/LFG8CbRi,,,,,,,,,,,,,,,,
,Never Recorded,,,,,,,,,,,,,,,,,,,,,,
The Marshall Mathers LP,"✨ ???
(feat. Hailie Jade)","Song that was never recorded, but featured Hailie Jade. The lyric sheet was featured in The Way I Am book. Em described it as a ""bad idea"". Written on the same type of paper as the Angry Blonde lyric sheet, which means they were probably written around the same time. The lyrics in yellow are Hailie's.

""I'm just a regular person who got a problem with cursin
probably cuss 86 times in a 5 minute verse but I'm
just me, I ain't no fuckin TV star
Hailie thinks its a tape in the VCR
but she knows we ain't poor no more
I drive a 1999 four door ford explorer
wit the whole passenger side crashed up & dented
cuz I backed into a truck smashed up & bent it
we got TVs now wit remote controls
Hailie's jumpin on the furniture pokin holes
but we don't give a fuck shit we're just rich white trash
right, Hailie tell em baby kiss my ass
dad is mom gonna be mad now baby we had a talk
& she said you could be bad
but just this once put a finger up
& tell em baby we don't give a what - fuck""",,Throwaway,Never Recorded,N/A,https://imgur.com/a/qmJ8Bl0,,,,,,,,,,,,,,,,
The Marshall Mathers LP,"???
(prod. Pharrell Williams)
(Wait A Minute)","The beat for Ray J's song 'Wait A Minute' was originally made by Pharrell in New York during the Rock City sessions with Royce Da 5'9"" for Eminem to record on, with him even writing a verse that Pharrell said was ""amazing"". This verse was the one Eminem used for the original version of ""She's The One"".",,Throwaway,Never Recorded,N/A,https://youtu.be/4sEf6LxAZnc?si=Xil_n1in3db4ic2q,,,,,,,,,,,,,,,,
The Marshall Mathers LP,Kim (Clean),"On the clean version of MMLP, Kim is replaced with The Kids. It's unknown if a clean version of Kim exists.",,Other,Never Recorded,N/A,,,,,,,,,,,,,,,,,
The Marshall Mathers LP,"Canibus - Phuck U 
(feat. Eminem) (prod. Michael “Punch” Harper)","Canibus came to see Eminem during the Warped Tour '99 to apologise and see if he was down for another collab, that song was ""Phuck U"" off ""2000 B.C."" but Eminem denied it cause he wasn't feeling it, and later revealed the actual reason was because it felt like a diss towards him or LL Cool J.",,Feature,Never Recorded,N/A,,,,,,,,,,,,,,,,,
The Marshall Mathers LP,"Dilated Peoples - Ear Drums Pop (Remix)
(feat. Eminem)","Eminem was supposed to be on the Ear Drums Pop remix, but never ended up recording.",,Remix,Never Recorded,N/A,,,,,,,,,,,,,,,,,
The Marshall Mathers LP,"Sticky Fingaz - What If I Was White
(feat. Fred Durst)","Sticky mentioned that the wanted Fred Durst on the song before Em, but Fred said no.",,OG,Never Recorded,N/A,https://www.gigwise.com/features/107076/celebrating-15-years-of-black-trash-sticky-fingaz-talks-broken-bones-studio-fights-&-eminem-owing-him-a-verse/,,,,,,,,,,,,,,,,
,Other,,,,,,,,,,,,,,,,,,,,,,
The Marshall Mathers LP,Britney Spears Notebook,Em had a Britney Spears notebook full of lyrics that he lost.,,Lyric Sheet,Lost Media,N/A,,,,,,,,,,,,,,,,,
The Marshall Mathers LP,Drunk Cypher with Poison Pen & Bizarre,"According to Poison Pen, he owns footage of himself, Eminem and Bizarre rapping while drunk.",,Freestyle,Confirmed,Not Available,,,,,,,,,,,,,,,,,
The Marshall Mathers LP,✨ Dear Ronnie,"A song that would've had a recording of Em's uncle Ronnie on the intro. This was meant to be on MMLP. Thought to have been never recorded, but according to an info dumper, the song was recorded but the master was destroyed by Eminem's grandmother, who recieved the master via court order. It is extremely unlikely there were any other copies of the song. The lyrics are as follows:

""the guy you just heard on the tape is dead
he shot himself & blew off the whole top of his head
that was my uncle Ronnie grew up with from the cradle
we thought he was crazy but never thought he'd do something fatal""

There are other loose lyrics on the sheet written in the same pencil, which means they were most likely also part of the song:

""loved life""
""you faggots can't do nothing to hurt my feelings""
""talk him out of it""
""shared some""
""bring myself to visit his grave""
""phone call""
""if he could see me now""
""my mother lies a lot but somehow this time""",,Throwaway,Lost Media,N/A,"dearronnie1.png
dearronnie2.png
https://pixeldrain.com/u/VjzBnke9",,,,,,,,,,,,,,,,
The Marshall Mathers LP,✨ Stan [V1],"According to Eminem himself on Genius, about 3rd verse:

""When we recorded Stan I worked with a couple different engineers but this particular engineer I had never worked with before. While we were recording the third verse of Stan, he started rolling a joint and asked me if I minded if he smoked while we cut. What was I gonna do? Say no? He was already rolling it so I told him “no problem”. Everything was cool and I had gotten all the way to the last 3 lines and I screwed up so all he had to do was punch in my vocals at the end so I could re-do that line and the verse was finished. Back then we were recording on 2 inch tape, so once you recorded over something it’s gone forever. So I’m in the booth waiting and he backs the tape up all the way to the beginning of the verse and punches me in. I realize he’s in the wrong spot and I can’t hear any of my vocals so I start waving my arms and yelling in the mic to try to get his attention. He doesn’t notice so I run into the control room through a cloud of smoke and yell “Yo, I wanted to keep those vocals” he just looked at me and said “My bad man…you wanna hit this?”

The first half of the verse was GONE. I re-recorded it but you should have heard the original take that shit was WAY better…oh well!""",,OG,Lost Media,N/A,,,,,,,,,,,,,,,,,
The Marshall Mathers LP,The Real Slim Shady [Lyric Sheet],"Lyric sheet for The Real Slim Shady featured in The Way I Am book. Said to have been written in Los Angeles. It's worth noting that almost none of the lyrics on this sheet were used for the released version of the song, which means that there is a possibly an early version of the song with alternate lyrics.",,Lyric Sheet,Full,CD Quality,,,,,,,,,,,,,,,,,
The Marshall Mathers LP,The Marshall Mathers LP Snippet Tape,,,Other,Full,High Quality,,,,,,,,,,,,,,,,,
The Marshall Mathers LP,The Way I Am ,"Seen on an early tracklist. The Steve Berman skit isn't present on the list so it's most likely missing the ""Man, whatever"" transition. Found in very low quality on the 2002 Shady Records website archive by Ares.",,Other,Full,Low Quality,https://pillows.su/f/b4565720deb413a93252656aab11b063,,,,,,,,,,,,,,,,
The Marshall Mathers LP,"Dr. Dre - Shoot Out
(feat. Eminem)","Seen on a prerelease version of 2001 titled ""Chronic 2001: No Seeds"". Thought for the longest time to be an unheard song with Dr. Dre and Eminem, but after Neo discovered a tape with Shoot Out on it on Youtube, it was confirmed to just be Bad Guys Always Die. It's so over. This song not being real is the worst thing to ever happen involving the number ""2001"".",,Feature,Confirmed,Not Available,,,,,,,,,,,,,,,,,
,"Devil's Night
(Collaboration with D12)
(Trouble)","(5/23/2000) MMLP releases
(6/19/2001) (Devil's Night releases)",,"After the success of The Slim Shady LP, Eminem kept his promise and brought D12 with him. Making their first appearences on MMLP (Amityville & Under The Influence respectively). They would name Devil's Night after a tradition in Detroit where the night before Halloween (October 30th), which had to do with vandelism and arson.",,,,,,,,,,,,,,,,,,,
,Music Videos,,,,,,,,,,,,,,,,,,,,,,
Devil's Night,Purple Hills [Music Video],Has a lot of different lyrics to not make much references to drugs.,,Music Video,Full,CD Quality,https://youtu.be/Uuq6HgKgEFQ?si=tLhXqw_qaI6ee3hU,,,,,,,,,,,,,,,,
Devil's Night,Fight Music [Music Video],Official music video for Fight Music.,,Music Video,Full,CD Quality,https://youtu.be/7pVfBW6N7QA?si=NOAgxlHu0JeukMef,,,,,,,,,,,,,,,,
Devil's Night,Fight Music [Music Video] (MTV Version),"Is the same as entry below, but was censored for MTV.",,Music Video,Full,CD Quality,https://www.youtube.com/watch?v=3piTDgZgiTQ,,,,,,,,,,,,,,,,
Devil's Night,Fight Music [Music Video] (Director's Cut),Has alternate scenes and includes swear words. From a promotional CD.,,Music Video,Full,CD Quality,https://www.youtube.com/watch?v=uNw35rNwytA,,,,,,,,,,,,,,,,
,Never Recorded,,,,,,,,,,,,,,,,,,,,,,
Devil's Night,"Quitter
(feat. Limp Bizkit)","Originally, Limp Bizkit was supposed to feature on the Everlast diss track ""Quitter"", but all members of the group pulled out of recording for different reasons and the song was scrapped after DJ Lethal of the group said that Everlast would ""kick Eminem's ass"" in a fight during an MTV interview around the same time. Em talks about this in the song ""Girls"".",,Other,Never Recorded,N/A,https://genius.com/Eminem-girls-lyrics,,,,,,,,,,,,,,,,
,Freestyles,,,,,,,,,,,,,,,,,,,,,,
Devil's Night,Backstage in London 2001,"A 40 minute freestyle done sometime in 2001, includes the beats to: Pause by Jay Dee, ""No Escapin This"" by The Beatnuts, Oochie Wally by Nas, Oh No by Mos Def, The Next Episode by Dr. Dre, I Just Wanna Love U by Jay-Z, Blast by Hi-Tek, WW III by Ruff Ryders, Keep It Thoro by Prodigy, Da Rockwilder by Method Man & Redman, Shyne by Bad Boys, Boom by Royce Da 5'9"", Cold As Ice by M.O.P., Still D.R.E. by Dr. Dre, Southern Hospitality by Ludacris, Xplosive by Dr. Dre, 1,2,1,2 by Method Man & Redman, and Phone Tap by The Firm.",,Freestyle,Full,CD Quality,https://pillows.su/f/24ec04d529ada195519c39a82edfe05d,,,,,,,,,,,,,,,,
,"The Eminem Show
(Nothing Mathers, The Eminem LP)","(5/23/2000) (MMLP releases)
(5/26/2002) (TES releases)",,"Work on The Eminem Show would start during the making of 8 Mile with the song ""Sing For The Moment"". Originally slated for a June 4th, 2002 release, but was pushed ahead after it got leaked weeks in advance. The song ""Stimulate"" was supposed to be in Say Goodbye To Hollywood's place.",,,,,,,,,,,,,,,,,,,
,Music Videos,,,,,,,,,,,,,,,,,,,,,,
The Eminem Show,White America [Music Video],Official music video for White America.,,Music Video,Full,CD Quality,https://youtu.be/RZIzD0ZfTFg?si=r-SFWSAFvMeOJuyB,,,,,,,,,,,,,,,,
The Eminem Show,Cleanin' Out My Closet [Music Video],Official music video for Cleanin' Out My Closet.,,Music Video,Full,CD Quality,https://youtu.be/RQ9_TKayu9s?si=KTio0pfEjF4C2stB,,,,,,,,,,,,,,,,
The Eminem Show,Without Me [Music Video],Official music video for Without Me.,,Music Video,Full,CD Quality,https://youtu.be/YVkUvmDQ3HY?si=LSKQkS8ZurCWAL44,,,,,,,,,,,,,,,,
The Eminem Show,Superman [Music Video],Official music video for Superman.,,Music Video,Full,CD Quality,https://youtu.be/8kYkciD9VjU?si=pAaIZzw3xiYfPBWR,,,,,,,,,,,,,,,,
The Eminem Show,Sing For The Moment [Music Video],Official music video for Sing For The Moment.,,Music Video,Full,CD Quality,https://youtu.be/D4hAVemuQXY?si=ycNXK5wI0Ku88U8X,,,,,,,,,,,,,,,,
,Live Performances,,,,,,,,,,,,,,,,,,,,,,
The Eminem Show,The Real Slim Shady & The Way I Am (Live from the MTV Music Video Awards),"Later released as audio-only on The Marshall Mathers LP (Anniversary Edition), alongside higher quality footage being uploaded to Eminem's YouTube channel.","Sep 7, 2000",Live Performance,Full,CD Quality,https://youtu.be/cdssTIMXQ1Y?si=bgGPOvx-A5Z27HfG,,,,,,,,,,,,,,,,
The Eminem Show,The Way I Am (Live From Fuji Rock Festival),Later released as audio-only on The Eminem Show (Expanded Edition).,"Jul 29, 2001",Live Performance,Full,CD Quality,https://youtu.be/v6JxMMQwoYE?si=rzkcilt6xk9xJrea,,,,,,,,,,,,,,,,
The Eminem Show,The Real Slim Shady (Live From Fuji Rock Festival),Later released as audio-only on The Eminem Show (Expanded Edition).,"Jul 29, 2001",Live Performance,Full,CD Quality,https://youtu.be/Ojok_-kp4HM?si=Imoqh6X5avTGf4_q,,,,,,,,,,,,,,,,
,Never Recorded,,,,,,,,,,,,,,,,,,,,,,
The Eminem Show,"Jadakiss - ???
(feat. Eminem)","In a HipHopDX article from March 2001, Eminem was listed as a feature on ""Kiss Tha Game Goodbye"". Everyone else from the list of features aside from Dre ended up being on the album. It was later revealed that Jadakiss wasn't able to do anything with Em.",,Feature,Never Recorded,N/A,https://hiphopdx.com/news/jadakiss-finishing-up-debut/,,,,,,,,,,,,,,,,
The Eminem Show,"JAY-Z - ???
(feat. Eminem)","JAY-Z originally wanted to do a song with Em for his album, The Blueprint. This never happened because the album was too close to releasing for them to be able to make a new song in time. Em decided to just send him Renegade instead.",,Feature,Never Recorded,N/A,,,,,,,,,,,,,,,,,
The Eminem Show,"Masta Ace - Something's Wrong
(feat. Eminem, Strick & Young Zee)","Masta Ace mentioned that he was trying to get Eminem to record on Something's Wrong, but Em was famous by then and didn't end up recording.",,OG,Never Recorded,N/A,https://youtu.be/rnuLxAagJ1I?si=BSavw2Tcf3HLNRN9&t=111,,,,,,,,,,,,,,,,
The Eminem Show,"Proof - Back Up
(feat. Eminem, Royce Da 5'9"" & Obie Trice)","Track 12 on the unreleased album ""Cromatic"", mentioned on BigProof.com.",,Feature,Never Recorded,N/A,https://web.archive.org/web/20020109071227fw_/http://bigproof22.tripod.com/news.html,,,,,,,,,,,,,,,,
The Eminem Show,"Proof - Commercial Break (Skit #1)
(feat. Eminem & Royce Da 5'9"")","Track 7 on the unreleased album ""Cromatic"", mentioned on BigProof.com.",,Other,Never Recorded,N/A,https://web.archive.org/web/20020109071227fw_/http://bigproof22.tripod.com/news.html,,,,,,,,,,,,,,,,
The Eminem Show,"Proof - Commercial Break (Skit #2)
(feat. Eminem & Royce Da 5'9"")","Track 12 on the unreleased album ""Cromatic"", mentioned on BigProof.com.",,Other,Never Recorded,N/A,https://web.archive.org/web/20020109071227fw_/http://bigproof22.tripod.com/news.html,,,,,,,,,,,,,,,,
The Eminem Show,"Proof - It's Just Us
(feat. D12 & Obie Trice)","Track 18 on the unreleased album ""Cromatic"", mentioned on BigProof.com.",,Feature,Never Recorded,N/A,https://web.archive.org/web/20020109071227fw_/http://bigproof22.tripod.com/news.html,,,,,,,,,,,,,,,,
The Eminem Show,"Rakim - ???
(feat. Eminem)","According to Rakim, Em was supposed to record for his scrapped Aftermath debut but it never happened",,Feature,Never Recorded,N/A,,,,,,,,,,,,,,,,,
,Other,,,,,,,,,,,,,,,,,,,,,,
The Eminem Show,Eminem Browser,In 2002 Eminem had his own browser. It still runs on modern Windows albeit buggy.,,Other,Full,N/A,https://web.archive.org/web/20011218125003/http://ftp.neoplanet.com/pub/setup-interscope-eminem.exe,,,,,,,,,,,,,,,,
The Eminem Show,"Slim Shady World Instrumental
(My Mom)",Instrumental from the Slim Shady World website in 2000 that was later sampled/interpolated for My Mom on Relapse.,,Other,Full,Low Quality,https://pillows.su/f/2a353a5b4dee2ee52530825c24549960,,,,,,,,,,,,,,,,
The Eminem Show,Slim Shady World Trailer Massacre 2,"OG Filename: shooting.swf
This was a game on the old Slim Shady World website in March of 2001. While the landing page for playing the games still exists, the actual game file itself is missing and not in the archive. Its rumored (based on a reddit post) the game was also distributed on CD-ROMS.",,Other,Lost Media,N/A,,,,,,,,,,,,,,,,,
The Eminem Show,"Xzibit - Don't Approach Me [""Music Video""]
(feat. Eminem)","A ""music video"" for Don't Approach Me that was included on the Restless DVD. ",,BTS Video,Full,High Quality,https://youtu.be/tlr8GNtNsuE?si=Ibi9CE9oYL9xPVz3,,,,,,,,,,,,,,,,
,"8 Mile Soundtrack
(Collaboration with various artists)","(5/26/2002) (TES releases)
(10/29/2002) (8 Mile soundtrack releases)",,"A soundtrack that was made alongside the 2002 semi-autobiographical movie 8 Mile, starring Eminem. ",,,,,,,,,,,,,,,,,,,
,Music Videos,,,,,,,,,,,,,,,,,,,,,,
8 Mile Soundtrack,Lose Yourself [Music Video],Official music video for Lose Yourself.,,Music Video,Full,CD Quality,https://youtu.be/xFYQQPAOz7Y?si=PWBGwAHXs5DtONrh,,,,,,,,,,,,,,,,
8 Mile Soundtrack,Obie Trice - Rap Name [Music Video],Eminem appears in the music video with Proof.,,Music Video,Full,High Quality,https://youtu.be/k0CukaaPmpk?si=YPjP5cWOy8pseWNU,,,,,,,,,,,,,,,,
"4 Leaks
2 Snippets
3 Unavailable","D12 World
(Collaboration with D12)
(Devil's Night Part II, Halloween)","(6/19/2001) (Devil's Night releases)
(4/27/2004) (D12 World releases)",,"Originally titled ""Devil's Night Part II"", as mentioned by Bizarre on Census Bureau and on the outro to Cheers by Obie Trice. D12 World is the second and final studio album by D12.",,,,,,,,,,,,,,,,,,,
,Music Videos,,,,,,,,,,,,,,,,,,,,,,
D12 World,Git Up [Music Video],Official music video for Git Up.,,Music Video,Full,CD Quality,https://youtu.be/6pJ2waFz-LU?si=KMnqIRYcVBeMMZGR,,,,,,,,,,,,,,,,
D12 World,U R The One [Music Video],Uses the Eminem remix of the song.,,Music Video,Full,CD Quality,https://youtu.be/WKZrHIH5ih4?si=CYaj10b2qVQMNXrG,,,,,,,,,,,,,,,,
D12 World,My Band [Music Video],Official music video for My Band.,,Music Video,Full,CD Quality,https://youtu.be/ttWQK5VXskA?si=VvSaxYlpvqcquP6Z,,,,,,,,,,,,,,,,
D12 World,How Come [Music Video],Paired with a part of Git Up's music video for some reason.,,Music Video,Full,CD Quality,https://youtu.be/h4eTUrunPXU?si=fNR4v5iGDYj4j6wX,,,,,,,,,,,,,,,,
D12 World,40 Oz. [Music Video],Official music video for 40 Oz..,,Music Video,Full,CD Quality,https://youtu.be/3woEPxaJUAI?si=uos19_AEPdIOeyWb,,,,,,,,,,,,,,,,
,Videos,,,,,,,,,,,,,,,,,,,,,,
D12 World,D12 World (Behind The Scenes),Behind the scenes video for D12 world.,,BTS Video,Full,Low Quality,,,,,,,,,,,,,,,,,
,Encore,"(5/26/2002) (TES releases)
(11/12/2004) (Encore releases)",,"From 2002-2004, Eminem was in the middle of some beef with Ja Rule & Benzino, making several diss tracks aimed at them, which were (for the most part) on the Invasion mixtape series hosted by DJ Green Lantern. Eminem would also sign Stat Quo in 2003. In November of 2003, a demo tape called ""Straight From The Lab"" would be leaked online in low quality by Nate's friend (not Nate as in Nate Dogg). This would cause Encore to be worked on even more with the leaks being replaced last minute. The song ""Like Toy Soldiers"" would also mark the end of his beef with Ja Rule & Benzino.",,,,,,,,,,,,,,,,,,,
,Music Videos,,,,,,,,,,,,,,,,,,,,,,
Encore,"Royce Da 5'9"" - Rock City [Music Video]
(feat. Eminem)",Official music video for Rock City (Unknown when it was released but it's around late 2002) ,,Music Video,Full,CD Quality,https://www.youtube.com/watch?v=xyMIQlugz4M&list=RDxyMIQlugz4M&start_radio=1,,,,,,,,,,,,,,,,
Encore,Like Toy Soldiers [Music Video],Official music video for Like Toy Soldiers.,,Music Video,Full,CD Quality,https://youtu.be/lexLAjh8fPA?si=ML7ZiMERGDv77G-l,,,,,,,,,,,,,,,,
Encore,Mosh [Music Video],Official music video for Mosh.,,Music Video,Full,CD Quality,https://youtu.be/9wRLd5l7WYE?si=_YpYqsHK4dFFx6VP,,,,,,,,,,,,,,,,
Encore,Just Lose It [Music Video],Official music video for Just Lose It.,,Music Video,Full,CD Quality,https://youtu.be/9dcVOmEQzKA?si=DkCjtmMDkQQDTnV4,,,,,,,,,,,,,,,,
Encore,Ass Like That [Music Video],Official music video for Ass Like That.,,Music Video,Full,CD Quality,https://youtu.be/um4-d7VzZiE?si=vhtZRunPK4NaNqwM,,,,,,,,,,,,,,,,
Encore,Mockingbird [Master Music Video],Joe Strange sent a photo of a VHS tape labeled 'Mockingbird' during the leak negotiations. This is a master of the Mockingbird music video with the faces unblurred. ,,Music Video,Confirmed,Not Available,https://pixeldrain.com/u/8SZn1pcH,,,,,,,,,,,,,,,,
Encore,Mockingbird [Music Video],Official music video for Mockingbird.,,Music Video,Full,CD Quality,https://youtu.be/S9bCLPwzSC0?si=er-vXRGl9AyhTSl4,,,,,,,,,,,,,,,,
Encore,G-Unit - My Buddy [Music Video],Official music video for My Buddy.,,Music Video,Full,CD Quality,https://youtu.be/RzUb6FsxWzk?si=pVqHXO7ovvHEOZGn,,,,,,,,,,,,,,,,
Encore,Obie Lice - Don't Come Down [Music Video],Official music video for Don't Come Down.,,Music Video,Full,High Quality,https://youtu.be/4RS-1Jztbgk?si=ATZ6WtR4sOKJBZRF,,,,,,,,,,,,,,,,
,Never Recorded,,,,,,,,,,,,,,,,,,,,,,
Encore,"2Pac - Po Nigga Blues
(prod. Eminem)","The only bonus track from 'Loyal To The Game' to not have an Eminem remix, possibly due to the name. No evidence of it ever being made.",,Remix,Never Recorded,N/A,,,,,,,,,,,,,,,,,
Encore,Unknown [3 Beats for JAY-Z],JAY-Z mentioned that Em gave him 4 beats to use but out of those 4 JAY only recorded over Moment of Clarity.,,Production,Never Recorded,N/A,,,,,,,,,,,,,,,,,
,Live Performances,,,,,,,,,,,,,,,,,,,,,,
Encore,Business (Live),A live performance of Business was released as an audio-only on the Ass Like That single.,,Live Performance,Full,CD Quality,https://pillows.su/f/d258f57f6172a116a04c41a016f5fe9c,,,,,,,,,,,,,,,,
Encore,"Live at Maddison Square Garden (2003)
(with The Roots)",Lose Yourself performed live at the Maddison Square Garden for the 45th Grammy Awards.,,Live Performance,Full,CD Quality,"Eminem with The Roots - ""Lose Yourself"" LIVE (2003) [HD] 5.1",,,,,,,,,,,,,,,,
Encore,"Nas - The Cross [Live]
(prod. Eminem)",Live performance of The Cross. Taken from Made You Look: God's Son Live. Only the first verse is performed.,,Live Performance,Full,CD Quality,https://youtu.be/6qhmMAfOya4?si=CjKS4FbkYah2DbG1,,,,,,,,,,,,,,,,
,Freestyles,,,,,,,,,,,,,,,,,,,,,,
Encore,Shitty Claus (Poem),Possibly the highest Eminem has ever sounded in any recording we have of him. Features a skit about keys at the end. Originates from this video.,,Freestyle,Full,High Quality,https://pillows.su/f/3e76f030ae0d17702359f9f1cf439b18,,,,,,,,,,,,,,,,
,Other,,,,,,,,,,,,,,,,,,,,,,
Encore,Encore - Liners,A set of liners played on Shade45 to play during commercial to promote Encore.,,Other,Full,CD Quality,https://pillows.su/f/a1c2b01f10b9de890f1c647bc5b0b563,,,,,,,,,,,,,,,,
Encore,Girls Go Wild Footage,"Back in 2002 during the first iteration of the Anger Management Tour, the camera crew of Girls Gone Wild recorded footage of Eminem and ""all his fans showing their goods"" (2002 🔥) for the show, however, it didn't came out.

According to W. David Marx on X:

""To explain why Eminem never released the Girls Gone Wild video he shot in 2002, Joe Francis claimed, ""I'm 6'2"" and Eminem can’t be more than 5'3"", we made an awkward pair on camera, and I think it made him feel insecure.""",,Other,Lost Media,N/A,"https://hiphopdx.com/news/id.1107/title.girls-go-wild-with-eminem

https://x.com/wdavidmarx/status/1816272700656238615",,,,,,,,,,,,,,,,
Encore,Mockingbird [VHS Tape],Joe Strange sent a photo of a VHS tape labeled 'Mockingbird' during the leak negotiations. This is a master of the Mockingbird music video with the faces unblurred. It's unknown if anyone else is in possession of this VHS tape besides him. ,,Other,Confirmed,N/A,https://pixeldrain.com/u/8SZn1pcH,,,,,,,,,,,,,,,,
,"Curtain Call
(The Funeral, Hiatus)","(11/12/2004) (Encore releases)
(12/6/2005) (Curtain Call releases)",,"After Encore's release, Eminem would start work on some new music. He would also embark on the Anger Management 3 Tour alongside Lil Jon & 50 Cent. However, the European leg of the tour would be cancelled because Eminem checked into rehab for sleep medication. He would leave rehab in October 2005 and write Beautiful, as well as wrap up Curtain Call and release it in December.",,,,,,,,,,,,,,,,,,,
,Music Videos,,,,,,,,,,,,,,,,,,,,,,
Curtain Call,Shake That [Music Video],Official music video for Shake That.,,Music Video,Full,CD Quality,https://youtu.be/WrjwGPb0Hvw?si=C1HoAB-2q1qxisqZ,,,,,,,,,,,,,,,,
Curtain Call,When I'm Gone [Music Video],Official music video for When I'm Gone.,,Music Video,Full,CD Quality,https://youtu.be/1wYNFfgrXTI?si=TpXg0s91iAi1OkLN,,,,,,,,,,,,,,,,
Curtain Call,50 Cent - Ski Mask Way [Music Video],Official music video for Ski Mask Way.,,Music Video,Full,High Quality,https://youtu.be/802m4HPvXas?si=JBv26fh1EJ_xMiQb,,,,,,,,,,,,,,,,
Curtain Call,Bizarre - Hip Hop [Music Video],Doesn't have Eminem's verse.,,Music Video,Full,High Quality,https://youtu.be/T9Em7CqlgPI?si=oyCC4byFVbBMz2Ta,,,,,,,,,,,,,,,,
,Never Recorded,,,,,,,,,,,,,,,,,,,,,,
Curtain Call,"???
(prod. Dr. Dre)","According to Em, he had a session with Dre to make songs for Curtain Call, but because Em couldn't come up with anything nothing was recorded.",,Throwaway,Never Recorded,N/A,,,,,,,,,,,,,,,,,
Curtain Call,Unknown [Prodigy Collaborations],"Prodigy mentioned that him and Em talked about collaborating in 2005, but it never happened.",,Unknown,Never Recorded,N/A,https://youtu.be/NkwwfQKwgIM?si=5p20sfJ3gnAKZVrS,,,,,,,,,,,,,,,,
Curtain Call,"Lil Wayne - ???
(prod. Eminem)","Lil Wayne was told that Em wanted to speak with him while he was discussing who would appear on Tha Carter II. Wayne mentioned right before that ""They don't wanna send me no beat"", which would imply that he wanted Eminem to produce a song for him. It's unclear if they ever ended up making the song, but likely not, so it'll stay here for now.",,Production,Never Recorded,N/A,https://pixeldrain.com/u/kbFgdcPZ,,,,,,,,,,,,,,,,
,Live Performances,,,,,,,,,,,,,,,,,,,,,,
Curtain Call,Live From New York City,"Live performance at Maddison Square Garden as part of the Anger Management 3 tour. The version linked is a 4K remaster by ePro.

1. Evil Deeds
2. Mosh
3. Business
4. Rain Man
5. Ass Like That
6. Puke
7. Kill You
8. Like Toy Soldiers
9. Git Up (with D12)
10. How Come (with D12)
11. Rock Star (with Bizarre)
12. 40 Oz. (with D12)
13. My Band (with D12)
14. Stan
15. The Way I Am
16. Just Don't Give A Fuck
17. Got Some Teeth (with Obie Trice)
18. Stay 'Bout It (with Obie Trice)
19. The Set Up (with Obie Trice)
20. Like Dat (with Obie Trice)
21. Cleanin' Out My Closet
22. Mockingbird
23. Just Lose It
24. Lose Yourself",,Live Performance,Full,CD Quality,Eminem: Live from New York City [4k / Ultra HD Version 2015] ePro Exclusive,,,,,,,,,,,,,,,,
Curtain Call,Live From New York City (Vocals Only),Only the vocal track for the Live From New York performance.,,Live Performance,Full,CD Quality,Eminem - Live From New York City 2005 (Vocals Only),,,,,,,,,,,,,,,,
,Other,,,,,,,,,,,,,,,,,,,,,,
Curtain Call,50 Cent: Bulletproof (All Eminem & Dr. Dre Cutscenes),All cutscenes from 50 Cent: Bulletproof that include Eminem & Dr. Dre.,,Other,Full,High Quality,https://archive.org/details/bulletproof-scenes-50,,,,,,,,,,,,,,,,
Curtain Call,Antichrist [Lyric Sheet],"Shared after the song leaked. The sheet contains the whole 2nd verse from V3 as well as some seemingly random words and possibly unused lyrics for the song:

""Who's the man in the mask if they ask me
it's Marshall, Mr. Jackson if you're nasty""

""Makes me wish I woulda took my seat at the Grammys""

""dodge it
all you can do is to try and duck it
but fuck it it's gonna [?] touches stomach""

""Callin the [grand dragon?] 2 squash the beef""

""Imma keep it short, sweet, simple & to the point
she [?] your 10 year old little boy
3 o'clock we meet & you bring reward
million dollars call police he'll be destroyed""

""Kuniv and Kon are like Michael & Janet
you can't tell them apart""",,Lyric Sheet,Full,High Quality,https://imgur.com/a/iqVDLtd,,,,,,,,,,,,,,,,
Curtain Call,iPod Commercial [2005],A 2005 commercial meant to advertise iPod/iTunes and Curtain Call.,,Other,Full,CD Quality,https://youtu.be/njIDSdC8VwM?si=DF2YHr_Ji5wKXnSS,,,,,,,,,,,,,,,,
Curtain Call,Eminem DeskSiteV2 [2005],"A version of Eminems ""desksite"" from 2005. Errors during install on modern windows so unsure how it works.",,Other,Full,N/A,http://sr15.eminem.pro/add/eminemdesksite/eminemdesksite2005/EminemDeskSiteV2.exe,,,,,,,,,,,,,,,,
Curtain Call,"Mr. Porter - ???
(prod. Mr. Porter)
(The Club Song)","Originally posted to runyonave.com by Denaun Porter back in 2005. This beat was falsely associated to Jump Out but it's dope so it'll be here, features a skit at the end and a transition into another track following the skit. Later used by Wreck 1 for The Club Song.",1:46,Other,Full,High Quality,https://pillows.su/f/5dadc503fb52dc4f04498ab86f2c698f,High Quality,https://pillows.su/f/ab9be32c116ec413601ee6504ac6f30a,,,,,,,,,,,,,,
,"Unknown Album
(Collaboration with D12)
(Living Proof, The Ambition)","(4/27/2004) (D12 World releases)
(7/XX/2007) (Work on the 3rd D12 album stops)",,"In 2006, Proof would mention that a third D12 album was in the works. On April 11th, 2006, Proof got shot and killed at a night cluib in Detroit. This effectively killed the group in the process, but work on the third album would continue. In April 2007, Mr. Porter would mention that he was guiding the album since and waiting on Eminem to sign off on the album. Eventually, in July 2007, Mr. Porter mentioned he wasn't having fun doing the album anymore, since Eminem was busy with his own projects and everyone else was doing their own thing. The songs ""Where I'm From"" & ""Don't Hate"" could've been meant for this album.",,,,,,,,,,,,,,,,,,,
,Freestyles,,,,,,,,,,,,,,,,,,,,,,
Unknown Album,"2004 Tim Westwood Freestyle
(with Stat Quo)","Freestyle on Tim Westwood done after Encore released, features Eminem, Proof, Swifty McVay & Stat Quo. Posted by the man himself on April 28, 2016. Uses the beats to: Drop It Like It's Hot by Snoop Dogg, Westside Story by The Game, No Problem by Lil Scrappy, American Psycho II by D12, Wanksta by 50 Cent, Dead Wrong by The Notorious B.I.G., Fuck You by The LOX, My Lifestyle by Fat Joe, Xxplosive by Dr. Dre, Guess Who's Back by Scarface, Queen Bitch by Lil' Kim, Deep Cover by Dr. Dre, Bitches Ain’t Shit by Dr. Dre & Shorty Wanna Ride by Young Buck",,Freestyle,Full,Recording,Eminem freestyle never heard before! with D12 Throwback 2004 - Westwood,,,,,,,,,,,,,,,,
,Never Recorded,,,,,,,,,,,,,,,,,,,,,,
Unknown Album,"Holding Our Own 
(feat. Busta Rhymes)","According to Kuniva, they wanted to get Busta Rhymes for the hook on Holding Our Own, but for some reason it didn't happen.",,OG,Never Recorded,N/A,,,,,,,,,,,,,,,,,
,"The Re-Up
(Collaboration with Shady Records)
(Hand 2 Hand)","(12/6/2005) (Curtain Call releases)
(12/5/2006) (The Re-Up releases)",,"In early 2006, Eminem would sign Ca$his & Bobby Creekwater to Shady Records. The Re-Up was originally supposed to be a mixtape, until Eminem liked the material enough to want to turn it into a compilation so it could give Stat, Bobby & Ca$his a ""real boost"".",,,,,,,,,,,,,,,,,,,
,Music Videos,,,,,,,,,,,,,,,,,,,,,,
The Re-Up,You Don't Know [Music Video],Official music video for You Don't Know. Ca$his' verse has a lot of different lyrics.,,Music Video,Full,CD Quality,https://youtu.be/ngH0fkiNo-g?si=njdo0EsjCVwgng_K,,,,,,,,,,,,,,,,
,Album 6,"(12/6/2005) (Curtain Call releases)
(12/12/2005) (The first song from the album 6 folder is made)
(7/21/2006) (The last song from the album 6 folder is made)",,"Sometime after Curtain Call released, Eminem would start work on his next album. He would even sign Bobby Creekwater & Ca$his during this time period. Not a whole lot is known about this era beyond a folder for the album exists plus some songs made during the time period. Some of these tracks were evolved for king mathers only 3 were ever officialy released on relapse refill but they were most likely reworked.",,,,,,,,,,,,,,,,,,,
,Music Videos,,,,,,,,,,,,,,,,,,,,,,
Album 6,Smack That [Music Video],Official music video for Smack That.,,Music Video,Full,CD Quality,https://youtu.be/bKDdT_nyP54?si=QzNMlmFfJB08zAw4,,,,,,,,,,,,,,,,
,Never Recorded,,,,,,,,,,,,,,,,,,,,,,
Album 6,"Obie Trice - Lay Down
(feat. Stat Quo)","According to Obie, Stat Quo was supposed to record on Lay Down, but he never did.",,OG,Never Recorded,N/A,https://youtu.be/5iItvsxe52M?si=heCGvM3yar65mggm,,,,,,,,,,,,,,,,
Album 6,"Tech N9ne - My World
(feat. Brotha Lynch Hung & Eminem)","Tech N9ne mentioned in an interview that Eminem was supposed to appear on ""My World"", but due to the stuff he was going through after Proof's death, he couldn't record it.",,OG,Never Recorded,N/A,"https://hiphopdx.com/interviews/tech-n9ne-someone-to-believe-in/
https://www.dubcnn.com/connect/index.php/topic,103859.msg1072018.html#msg1072018",,,,,,,,,,,,,,,,
,King Mathers,"(7/21/2006) (The last song from the album 6 folder is made)
(4/20/2008) (Eminem becomes sober)",,"In early 2006, Eminem would sign Ca$his & Bobby Creekwater to Shady Records. After Proof's death, Eminem's drug addiction would get way worse. He would continue to work on Ca$his' projects, Bobby Creekwater's album ""A Brilliant Mistake"", Stat Quo's album ""Statlanta"" and The Re-Up alongside his next project, ""King Mathers"". Ca$his was the one who gave Eminem that album title, and Eminem gave Ca$his the album title ""Loose Cannon"". On December 24th, 2007, Eminem overdosed and nearly died. His publicist would later say it was pneumonia, which was then debunked later on. Eminem would also reconcile with Royce too, thanks to Ca$his. On April 20th, 2008, Eminem would become sober.",,,,,,,,,,,,,,,,,,,
,Music Videos,,,,,,,,,,,,,,,,,,,,,,
King Mathers,"Syllables [Music Video]
(feat. JAY-Z, Dr. Dre, 50 Cent, Stat Quo & Ca$his)","According to Ca$his, a music video for Syllables was shot and it was ""crazy"".",,Music Video,Confirmed,N/A,,,,,,,,,,,,,,,,,
King Mathers,"Stat Quo - Testify [Music Video]
(feat. Eminem)",A music video to the song was shot in April of 2007 according to a Statlanta event calendar.,"Apr 15, 2007",Music Video,Confirmed,Not Available,,,,,,,,,,,,,,,,,
,Never Recorded,,,,,,,,,,,,,,,,,,,,,,
King Mathers,"Have Gun, Will Travel Sountrack",Eminem signed on to help with the soundtrack for this movie but the movie got stuck in some development hell or scrapped alltogether so nothing was ever made.,,Other,Never Recorded,N/A,,,,,,,,,,,,,,,,,
King Mathers,"Keys To The City (Remix)
(prod. DJ Premier)","Eminem sent Keys To The City to DJ Premier to remix, but due to Premier jumping the gun on announcing it he never got to do it.",,Throwaway,Never Recorded,N/A,,,,,,,,,,,,,,,,,
King Mathers,"Beanie Sigel - Rock Out With Your Cock Out
(feat. Eminem & Kid Rock)","According to Beanie Sigel himself:
""It’s a rock track I wanna do with Kid Rock and Eminem,” he told MTV recently. “It’s called ‘Rock Out With Your C— Out.’ I might have to get the Big Homie to pull a trump card or something. If I could pull it off, then that’s good. Other than that, it’s just getting Jay in here to do his features. I been gone for a minute so I just wanted to give them me on this album.”",,Other,Never Recorded,N/A,"https://hiphopdx.com/news/id.5164/title.beanie-sigel-back-with-the-roc
https://www.thefader.com/2007/04/18/track-by-track-beanie-sigels-the-solution",,,,,,,,,,,,,,,,
King Mathers,Ca$his - Brand New Chucks [Music Video],A video for Brand New Chucks was meant to be filmed but never was as the song wasn't released.,,Music Video,Never Recorded,N/A,,,,,,,,,,,,,,,,,
King Mathers,"Lil Wayne - ???
(feat. Eminem)","On October 30th, 2007 Lil Wayne said he wanted to worked with Eminem and had the ""craziest song"" that he wanted to send over but said he ""hasn't send it over it yet"".",,Feature,Never Recorded,N/A,https://web.archive.org/web/20071101045256/http://www.mtv.com/bands/m/mixtape_monday/102907/,,,,,,,,,,,,,,,,
King Mathers,"Lupe Fiasco - Superstar (Remix)
(feat. Jeezy, T.I. & Eminem) (prod. Soundtrakk)","""I just wish @Eminem and @LupeFiasco would do a song together before I die""
Lupe replied:
""Wanted him on the superstar remix. Jezzy, TI & Em...lol that didn’t happen""",,Remix,Never Recorded,N/A,https://x.com/LupeFiasco/status/1218585657595125760?ref_src=twsrc%5Etfw%7Ctwcamp%5Etweetembed%7Ctwterm%5E1218585657595125760%7Ctwgr%5E680bb86de6548377ced7f744956938400c78b8bb%7Ctwcon%5Es1_&ref_url=https%3A%2F%2Feminem.news%2Flupe-fiasco-collabo-with-em.html,,,,,,,,,,,,,,,,
King Mathers,Unknown [Bishop Lamont Collaboration],"Bishop mentioned in an interview that he wanted to do a Bad Meets Evil Pt. 2 type track with Eminem, but seemingly this never happened.",,Feature,Never Recorded,N/A,,,,,,,,,,,,,,,,,
King Mathers,Unknown [Lil Wayne Diss],"According to Em, he never actually recorded any diss songs and only had the thoughts of doing it, which would mean that a full Lil Wayne diss does not exist.",,Throwaway,Never Recorded,N/A,https://hiphopdx.com/news/eminem-details-almost-dissing-lil-wayne-kanye-west/,,,,,,,,,,,,,,,,
King Mathers,Unknown [Kanye West Diss],"Some lyrics to a what was thought to be a diss can be seen in the book ""The Way I Am"" where he mentions that Jesus Walks was ghost-written. According to Em, he never actually recorded any diss songs and only had the thoughts of doing it, which would mean these lyrics were not used or are part of a different song that isn't a full Kanye diss.

""I don't know if anyone knows this/but Jesus Walks I just found out was ghostwrit/And it's so sick"".",,Throwaway,Never Recorded,N/A,https://hiphopdx.com/news/eminem-details-almost-dissing-lil-wayne-kanye-west/,,,,,,,,,,,,,,,,
,Freestyles,,,,,,,,,,,,,,,,,,,,,,
King Mathers,Step Right Up,"Freestyle premiered on Shade 45 back on October 2, 2007, originally recorded around late 2004 when Em was working on the Encore follow up album, the lyrics include references to Foolish Pride, R. Kelly and MJ. Dozens of tags and censored.",,Freestyle,Full,High Quality,https://pillows.su/f/a43eccb8434ea3eecdc7ff366774ee94,,,,,,,,,,,,,,,,
,Other,,,,,,,,,,,,,,,,,,,,,,
King Mathers,Music Man,"Cover of the first few bars of Masta Ace's ""Music Man"".",,Other,Full,High Quality,https://pillows.su/f/842c15098bde21661617c544b3908afe,,,,,,,,,,,,,,,,
King Mathers,The Music Of Grand Theft Auto IV [V1],"The Game & Eminem's song 'We Ain't' was originally supposed to appear on the Grand Theft Auto IV soundtrack, as seen in a leaked 2007 version of the album on a developer's portfolio page, but was cut from final release in 2008.",,Full Album Copy,Confirmed,N/A,https://x.com/ash_735/status/1904916269687537986,,,,,,,,,,,,,,,,
,Relapse,"(11/12/2004) (Encore releases)
(5/15/2009) (Relapse releases)",,"After Eminem sobered up, he would basically learn how to rap again. He would make some warm up tracks like ""Detroit Basketball"" and ""Wee Wee"". Eventually, Eminem would team up with Dr. Dre, and they would work on Detox and Relapse. Eminem mentioned that he made enough material during the sesions for three Relapse albums. He would also hint at a sequel and confirm it in interviews and the Steve Berman skit.",,,,,,,,,,,,,,,,,,,
,Music Videos,,,,,,,,,,,,,,,,,,,,,,
Relapse,"We Made You [Music Video]
(dir. Joseph Kahn)",Official music video for We Made You. 50 Cent and Dr. Dre make guest appearances with infamous YouTuber Trisha Paytas playing the girl in the intro. Also the pornstar Lisa Ann is in this for all the old head gooners.,"Apr 7, 2009",Music Video,Full,CD Quality,https://www.youtube.com/watch?v=RSdKmX2BH7o,,,,,,,,,,,,,,,,
Relapse,"We Made You [Director's Cut Music Video]
(dir. Joseph Kahn)",Uncensored We Made You music video that was only shown once. Features Eminem playing with Lisa Ann's breasts.,,Music Video,Full,CD Quality,https://drive.google.com/file/d/14fWAt2dSj7TTCds0hL_voWYJH1y-onH-/view,,,,,,,,,,,,,,,,
Relapse,"Crack A Bottle [Music Video]
(feat. Dr. Dre & 50 Cent)","A music video for the song was fully shot, and even briefly shown in the 3 a.m. music video, but never released. Eventually released on August 11, 2022 on Eminem's YouTube channel as promo for Curtain Call 2. Ca$his is seen in the music video.","Aug 11, 2022",Music Video,Full,High Quality,"Eminem, Dr. Dre, & 50 Cent - Crack A Bottle (Official Music Video)",,,,,,,,,,,,,,,,
Relapse,3 a.m. [Music Video],Official music video for 3 a.m..,"Jun 16, 2009",Music Video,Full,CD Quality,Eminem - 3 a.m. (Official Music Video),,,,,,,,,,,,,,,,
Relapse,Beautiful [Music Video],Lacks the 3rd verse and has a shorter outro.,"Nov 25, 2009",Music Video,Full,CD Quality,Eminem - Beautiful (Official Music Video),,,,,,,,,,,,,,,,
,Never Recorded,,,,,,,,,,,,,,,,,,,,,,
Relapse,"Stan Pt. 2
(prod. Swizz Beatz)
(Dear Anne)","Swizz Beatz created a beat for Em inspired by the song Stan during the Relapse sessions. He refers to it in an MTV interview as ""part 2"" of Stan, but later said that he never agreed with Em that that was the title, just what it ""felt like"". It's unknown whether or not Em recorded for the song as Swizz was not in the studio with him. The beat was later used for Lil Wayne's unreleased song ""Dear Anne"" which was meant for Tha Carter IV.",,OG,Never Recorded,N/A,"https://web.archive.org/web/20230319100125/https://www.mtv.com/news/s29i82/eminems-relapse-swizz-beatz-talks-about-songs-he-submitted-for-lp-including-collaboration-with-50-cent-dr-dre
https://web.archive.org/web/20081228040241/http://www.rapbasement.com/eminem/122408-swizz-beatz-clears-up-the-stan-part-2-song-from-eminem-rumors-says-he-never-said-that.html",,,,,,,,,,,,,,,,
Relapse,"???
(feat. Dr. Dre & 50 Cent) (prod. Swizz Beatz)","Swizz Beatz claimed he submitted a song for Relapse which featured 50 Cent and Dr. Dre. ""I don't know the title yet, but it's classic."" Unknown if Em ever recorded. Almost definitely unrelated to Crack A Bottle.",,Unknown,Never Recorded,N/A,https://web.archive.org/web/20230319100125/https://www.mtv.com/news/s29i82/eminems-relapse-swizz-beatz-talks-about-songs-he-submitted-for-lp-including-collaboration-with-50-cent-dr-dre,,,,,,,,,,,,,,,,
Relapse,"??? [V1]
(prod. Dr. Dre & Mark Batson)
(Death To My Enemies)","According to M Solo, the beat to Death To My Enemies was originally made for Eminem. It's unlikely that Em recorded, so this will be here.",,OG,Never Recorded,N/A,,,,,,,,,,,,,,,,,
Relapse,"??? [V1]
(prod. Dr. Dre)
(I Get It In) ","Dr. Dre originally made the beat for Em to record on, but it was given to 50 instead.",,OG,Never Recorded,N/A,https://web.archive.org/web/20090216211344/http://mtv.com:80/news/articles/1602122/20090106/50_cent.jhtml,,,,,,,,,,,,,,,,
Relapse,"??? [V1]
(prod. Dr. Dre & Mark Batson)
(OK, You're Right)","According to M Solo, the beat to OK, You're Right was originally made for Eminem. It's unlikely that Em recorded, so this will be here.",,OG,Never Recorded,N/A,,,,,,,,,,,,,,,,,
Relapse,"???
(feat. Amy Winehouse)","Eminem apparently wanted Amy Winehouse to feature on a track for Relapse in a similar fashion to Stan. It's unknown if the track ever made it past the idea stage, as Amy never recorded for it. Take this with a grain of salt, as the only proof is an old, deleted article from The Sun. (This may be the song Em gave to Ca$his with Amy Winehouse he turned down)",,Throwaway,Never Recorded,N/A,https://web.archive.org/web/20090413132049/http://www.thesun.co.uk/sol/homepage/showbiz/bizarre/article2371911.ece,,,,,,,,,,,,,,,,
Relapse,Unknown [3 Swizz Beatz Productions],"Swizz Beatz said he submitted five tracks for Relapse, one of which being Stan Pt. 2 and another being the unknown Dre and 50 collab. This leaves three other tracks unaccounted for. Unknown if Em recorded on any of these tracks.",,Unknown,Never Recorded,N/A,https://web.archive.org/web/20230319100125/https://www.mtv.com/news/s29i82/eminems-relapse-swizz-beatz-talks-about-songs-he-submitted-for-lp-including-collaboration-with-50-cent-dr-dre,,,,,,,,,,,,,,,,
Relapse,"Red Café - We Made You
(prod. Doc Ish)",We Made You was originally shopped to rapper Red Café before being bought by Eminem for Bizarre to record on.,,OG,Never Recorded,N/A,https://rapradar.com/2009/05/14/red-cafe-passed-on-eminems-qwe-made-youq-track,,,,,,,,,,,,,,,,
,Live Performances,,,,,,,,,,,,,,,,,,,,,,
Relapse,Live At MTV VMA's 2009,"1. We Made You
2. Crack A Bottle",,Live Performance,Full,High Quality,https://pixeldrain.com/u/rzNHNfAB,,,,,,,,,,,,,,,,
Relapse,Relapse Release Concert,"Eminem held a secret ""Relapse"" release event on May 19, 2009 in his home town of Detroit. Eminem performed multiple songs from his new album including ""3 AM,"" ""Hello,"" ""Insane,"" ""Beautiful,"" ""Crack A Bottle,"" ""We Made You, and ""Underground."", all before an encore where Eminem brought out his D12 members to perform ""Lose Yourself.""

1. 3 a.m.
2. Hello
3. Insane
4. Underground
5. We Made You
6. Beautiful
7. Crack A Bottle
8. Lose Yourself (with D12)","May 19, 2009",Live Performance,Full,High Quality,,,,,,,,,,,,,,,,,
Relapse,Live At Voodoo Festival 2009,"1. 3 a.m.
2. Square Dance
3. Business
4. Hello
5. Kill You
6. Cleaning Out My Closet
7. The Way I Am
8. When The Music Stops
9. Under The Influence
10. Fight Music
11. Purple Pills
12. My Band
13. Stan
14. Sing For The Moment
15. Like Toy Soldiers
16. Beautiful
17. Crack A Bottle
18. Forever
19. Superman
20. Drug Ballad
21. We Made You
22. The Real Slim Shady
23. Without Me
24. Lose Yourself","Oct 30, 2009",Live Performance,Full,Low Quality,,,,,,,,,,,,,,,,,
,Freestyles,,,,,,,,,,,,,,,,,,,,,,
Relapse,"TV Total Freestyle 
(feat. Stefan Raab)","Freestyle on the German TV Show ""TV Total"" aired 1 week before Relapse came out, the hook by Stefan Raab comes from the song ""Zucker im Kaffee"" by Erik Silvester.",,Freestyle,Full,High Quality,Eminem-Mania bei TV total - TV total,,,,,,,,,,,,,,,,
Relapse,"Tim Westwood Freestyle
(with Kon Artis)","Freestyle on Tim Westwood's show done shortly before the release of Relapse. Has three different freestyles: Chonkyfire, Microphone and Respect My Conglomerate.","May 12, 2009",Freestyle,Full,High Quality,https://youtu.be/4cTom5GzISg?si=ELFFcRY9kM6F2YQL,,,,,,,,,,,,,,,,
,Other,,,,,,,,,,,,,,,,,,,,,,
Relapse ,Relapse: Resistance,"iPhone game released on May 19, 2009 to promote the release of Relapse, features a 2D Arcade gameplay, official description: 

""Shady Games and DS Media Labs bring you Eminem Relapse Resistance. The game accompanies the release of Eminem’s new album Relapse. In Relapse Resistance, you assume the role of Eminem as he fights his way out of  Popsomp Hills, the rehab center he was remanded to. Insane patients, Orderlies, and Nurses will stop at nothing to see that Em never makes it out alive. Use the weapons at your disposal to keep the mobs back use your fists, pistol or Machine gun to fight off the waves of enemies."" 

Was considered lost media before being found in late 2024 with footage of gameplay recorded by Aceleaks aka ItsWiird and ShadyFanEdits. Later a video on it was made by COBYSUCKS!.",,Other,Full,N/A,https://archive.org/details/relapse-1.0.0,,,,,,,,,,,,,,,,
Relapse ,Same Song & Dance - Lyric Sheet (60 Minute Interview),,,Lyric Sheet,Full,High Quality,https://imgur.com/a/NLGfHE5,,,,,,,,,,,,,,,,
,Relapse 2,"(5/15/2009) (Relapse releases)
(11/17/2009) (Relapse 2 is scrapped)",,"Initially comprising of leftovers from Relapse, Eminem would work on Relapse 2. Eminem, Mr. Porter & Dr. Dre would fly out to Hawaii and work on Relapse 2. During these sessions Eminem would transition from using accents to using none at all. Dre would eventually leave to work on Detox. Eminem would return and work with Just Blaze. In October 2009, Eminem mentioned that Relapse 2 was done and just needed to be mixed. To hold the fans over, Eminem would re-release Relapse as ""Relapse: Refill"" with some bonus tracks. In March 2010, Just Blaze started working with Eminem again to mix Relapse 2, Eminem would also tease the track ""Hit Me With Your Best Shot"" featuring D12. On April 14th, 2010, Eminem would tweet that ""There is no Relapse 2"".",,,,,,,,,,,,,,,,,,,
,Music Videos,,,,,,,,,,,,,,,,,,,,,,
Relapse 2,"Drake - Forever [Music Video]
(feat. Kanye West, Lil Wayne & Eminem) (dir. Hype Williams)","Official music video for ""Forever"". Slaughterhouse, The Alchemist, Trick Trick and D12 all make a background appearance during Eminem's verse.","Nov 25, 2009",Music Video,Full,CD Quality,https://youtu.be/eDuRoPIOBjE?si=Re2YNrjMwwcgyiAB,,,,,,,,,,,,,,,,
,Videos,,,,,,,,,,,,,,,,,,,,,,
Relapse 2,The American Music Awards 2009 | Behind The Scenes,,,BTS Video,Full,CD Quality,50 Cent x Eminem - The American Music Awards 2009 | Behind The Scenes | 50 Cent Music,,,,,,,,,,,,,,,,
,"Live Performances
",,,,,,,,,,,,,,,,,,,,,,
Relapse 2,E3 DJ Hero Party,"Unfortunately 3 A.M. is not available. Please send in the tracker chat if the entire performance is found.

1. Renegade
2. 3 A.M.
3. We Made You
4. Lose Yourself
?. Crack A Bottle",,Live Performance,Full,High Quality,"Renegade
Lose Yourself (LQ)
We Made You (LQ)
Crack A Bottle (LQ)",,,,,,,,,,,,,,,,
,Freestyles,,,,,,,,,,,,,,,,,,,,,,
Relapse 2,"BET Hip-Hop Awards Cypher 2009
(with Mos Def & Black Thought)",Freestyle cypher with Mos Def and Black Thought for the 2009 BET Hip-Hop Awards.,,Freestyle,Full,High Quality,Mos Def Feat  Black Thought & Eminem   Freestyle The Cypher,,,,,,,,,,,,,,,,
Relapse 2,"Rap City 2009 
(with Kon Artis and Big Tigger)","Freestyle on Rap City, June 2009, Mr. Porter reuses his Runyon Ave Records verse. The 2nd beat is ""Kinda Like A Big Deal"" by Clipse.",,Freestyle,Full,High Quality,Eminem Freestyle with 50 Cent | Sick Live Freestyle on «Rap City» | «Relapse» (2009),,,,,,,,,,,,,,,,
,Never Recorded,,,,,,,,,,,,,,,,,,,,,,
Relapse 2,"???
(prod. DJ Khalil)
(The One)","According to DJ Khalil, he originally pitched the beat to ""The One"" by Slaughterhouse to Eminem, but it ""never worked out"".",,OG,Never Recorded,N/A,https://www.complex.com/music/a/insanul-ahmed/dj-khalil-tells-all,,,,,,,,,,,,,,,,
,Recovery,"(11/17/2009) (Relapse 2 is scrapped)
(06/18/2010) (Recovery releases)",,"Due to a combination of the material being different from Relapse as well as the critical reception of Relapse,
Eminem would spend the next two months transforming Relapse 2 into Recovery. 
Recording songs like Not Afraid, Seduction & Love The Way You Lie.",,,,,,,,,,,,,,,,,,,
,Music Videos,,,,,,,,,,,,,,,,,,,,,,
Recovery,Not Afraid [Music Video],Official music video for Not Afraid.,,Music Video,Full,CD Quality,https://youtu.be/j5-yKhDd64s?si=mABbmpPkY75zt299,,,,,,,,,,,,,,,,
Recovery,"No Love [Music Video]
(feat. Lil Wayne)",Official music video for No Love.,,Music Video,Full,CD Quality,Eminem - No Love (Explicit Version) ft. Lil Wayne,,,,,,,,,,,,,,,,
Recovery,Space Bound [Music Video],Official music video for Space Bound.,,Music Video,Full,CD Quality,https://youtu.be/JByDbPn6A1o?si=AGIP9s-MnKGXBKat,,,,,,,,,,,,,,,,
Recovery,"Love The Way You Lie [Music Video]
(feat. Rihanna)",Official music video for Love The Way You Lie.,,Music Video,Full,CD Quality,https://youtu.be/uelHwf8o7_U?si=5blh5X7RS0o4a4c_,,,,,,,,,,,,,,,,
Recovery,"Lil Wayne - Drop The World [Music Video]
(feat. Eminem)",Official music video for Drop The World.,,Music Video,Full,CD Quality,https://youtu.be/ErCAOMi5EGM?si=cKjFG_PzyKlk24IK,,,,,,,,,,,,,,,,
,Videos,,,,,,,,,,,,,,,,,,,,,,
Recovery,Not Afraid [Behind The Scenes Videos],Official behind the scenes for Not Afraid.,,BTS Video,Full,High Quality,"https://youtu.be/kqwiIrmaPR4?si=gckweRvEBfMF6UGP

https://youtu.be/l1z9gUge-wg?si=x8_gQdQ6Y9mL19Cw",,,,,,,,,,,,,,,,
Recovery,"Cinderella Man [Lyric Video]
(dir. Stefano Bertelli)",Released in 2022 in the lead up to the release of Curtain Call 2.,,Lyric Video,Full,CD Quality,Eminem - Cinderella Man (Lyric Video),,,,,,,,,,,,,,,,
Recovery,"Won't Back Down [Lyric Video]
(feat. P!NK)",Released in 2022 in the lead up to the release of Curtain Call 2.,,Lyric Video,Full,CD Quality,Eminem - Won't Back Down (Ft. P!nk) [Lyric Video] ft. P!nk,,,,,,,,,,,,,,,,
Recovery,Just Blaze And Eminem Playing Basketball,"Just Blaze records Eminem hooping on the court, likely made during a studio session.","Mar 2, 2010",Other,Full,Low Quality,https://youtu.be/3dsRGOl80bU?si=C0CK778WHrzqgF2D,,,,,,,,,,,,,,,,
,Live Performances,,,,,,,,,,,,,,,,,,,,,,
Recovery,Not Afraid on Friday Night With Jonathan Ross,,,Live Performance,Full,CD Quality,https://www.youtube.com/watch?v=enecGcSojPY,,,,,,,,,,,,,,,,
Recovery,"Live At American Music Awards
(feat. Dr. Dre & 50 Cent)","1. Crack A Bottle
2. Forever","Nov 22, 2009",Live Performance,Full,High Quality,https://youtu.be/UkIqq58GSqI?si=Ng1RXyEDBP8wmg3U,,,,,,,,,,,,,,,,
Recovery,"Live at Activision E3
(feat. Rihanna)","Attached is a playlist with the performance split into 4 parts.

1. Won't Back Down
2. Airplanes (Pt. 2)
3. Forever
4. Not Afraid
5. Love The Way You Lie (feat. Rihanna)
6. Lose Yourself",,Live Performance,Full,High Quality,https://www.youtube.com/playlist?list=PLWfGIRu_3o5JnsgUndKwRbXAN8ctjtqyT,,,,,,,,,,,,,,,,
,Never Recorded,,,,,,,,,,,,,,,,,,,,,,
Recovery,"Fly Away
(feat. Rihanna)",Just Blaze's vocals on Fly Away were a reference for Rihanna. She never recorded for the song.,,Throwaway,Never Recorded,N/A,,,,,,,,,,,,,,,,,
Recovery,"???
(prod. Havoc)","Havoc mentioned that he sent 3 beats for Em to use on Recovery, one of which is Untitled, one is likely Welcome 2 Hell and the last one seemingly went unused.",,Throwaway,Never Recorded,N/A,https://youtu.be/fjJfhLhLoRI?si=uhuv9DHdfHHzLeJX,,,,,,,,,,,,,,,,
Recovery,"Nicki Minaj - ???
(feat. Eminem)","When Nicki Minaj was making her album Pink Friday and wanted to get an Eminem feature, she sent over a different record for him to record on than Roman's Revenge. He asked if she could send him something a bit more ""me"".",,Feature,Never Recorded,N/A,https://fixupx.com/mikiminach____/status/1823917021979156580,,,,,,,,,,,,,,,,
,Freestyles,,,,,,,,,,,,,,,,,,,,,,
Recovery,"Tim Westwood Freestyle
(with Mr. Porter & Royce Da 5'9"")",Freestyle session done shortly before the release of Recovery.,"Jun 4, 2010",Freestyle,Full,CD Quality,Eminem ft Royce Da 5'9 & Mr Porter freestyle - Westwood,,,,,,,,,,,,,,,,
,Other,,,,,,,,,,,,,,,,,,,,,,
Recovery,Not Afraid (Protools Session Photo),"Protools image for Not Afraid. This composite screen capture shows the Pro Tools Session for 'Not Afraid'. Eminem's vocals are near the top, colour‑coded blue and red (at the extreme left), above Luis Resto's instrumental parts (purple and green), with the components of Boi‑1da's original beat (orange) below those. Sourced from an article about the techniques and mixing behind Recovery.",,Other,Full,CD Quality,https://pixeldrain.com/u/arMNcLsT,,,,,,,,,,,,,,,,
Recovery,Won't Back Down [Lyric Sheet],Lyric sheet for the third verse of Won't Back Down. Leaked alongside Survival [V1] and the Back And Forth snippet.,"Aug 1, 2024",Lyric Sheet,Full,CD Quality,https://imgur.com/a/U67yCBZ,,,,,,,,,,,,,,,,
Recovery,Recovery,"Before the album officially released it leaked with one minor difference (besides it being lower quality) and that is ""Untitled"" going under the name ""Gun Go Off"". Searching up Gun Go Off on YouTube reveals plenty of content related to Untitled. No other differences except audio quality.",,Full Album Copy,Full,High Quality,https://pixeldrain.com/u/BCXd6SH9,,,,,,,,,,,,,,,,
,"Hell: The Sequel
(Collaboration with Royce Da 5'9"")","(6/18/2010) (Recovery releases)
(6/13/2011) (Hell: The Sequel releases)",,"In late 2010, Eminem & Royce would start work on Hell: The Sequel. The album name comes from a song they made in 1999 named ""Bad Meets Evil"" where Eminem raps at the end ""see you in hell for the sequel"". Em & Royce had a falling out later on and wouldn't reconcile until mid-2008 with the help of Ca$his. During the recording sessions for this album, Koolo had got his hands on some of the songs as they were being made, and decided to leak demos for the songs ""Echo"" and ""Living Proof"" in November 2010. This caused those tracks to be pushed to the deluxe edition, and a song called ""Take From Me"" was made about the leaks. Royce was beefing with Koolo on Twitter during this time, so Koolo would also leak a snippet for the song ""Take From Me"", as a way to get back at Royce for ""disrespecting his mother"".",,,,,,,,,,,,,,,,,,,
,Music Videos,,,,,,,,,,,,,,,,,,,,,,
Hell: The Sequel,Fast Lane [Music Video],Official music video for Fast Lane.,"Jun 8, 2011",Music Video,Full,CD Quality,"Bad Meets Evil - Fast Lane ft. Eminem, Royce Da 5'9",,,,,,,,,,,,,,,,
Hell: The Sequel,Fast Lane [Music Video] (Clean),"Snippets of the unreleased clean version of the music video were available on MCdontstop's YouTube channel, but it seems his channel has been terminated or deleted. Full video shared by GrimR3xx on 3/21/2025. 1080p version seems to be currently not available.","Mar 21, 2025",Music Video,Full,High Quality,Bad_Meets_Evil_-_Fast_Lane_Alt_Version.mp4,,,,,,,,,,,,,,,,
Hell: The Sequel,"Lighters [Music Video]
(feat. Bruno Mars)",Official music video for Lighters.,"Aug 22, 2011",Music Video,Full,CD Quality,Bad Meets Evil - Lighters ft. Bruno Mars,,,,,,,,,,,,,,,,
,Videos,,,,,,,,,,,,,,,,,,,,,,
Hell: The Sequel,Hell: The Sequel Commercial,A commercial for the EP that mimics the cowboy intro from the Bad Meets Evil SSLP track.,"Jun 6, 2011",Other,Full,CD Quality,https://youtu.be/5uhE3wDWNVE?si=xIRahdWsJXSAR9bu,,,,,,,,,,,,,,,,
Hell: The Sequel,Lighters [Behind The Scenes Video],Official behind the scenes for Lighters.,"Sep 12, 2011",BTS Video,Full,CD Quality,https://youtu.be/v4WUzlm0j4c?si=M3bz9tIeLN7ioVmJ,,,,,,,,,,,,,,,,
,Never Recorded,,,,,,,,,,,,,,,,,,,,,,
Hell: The Sequel,"Living Proof
(prod. Mr. Porter & Travis Barker)","According to Mr. Porter, he was planning to get Travis Barker to do the drums for Living Proof, but after the song leaked this idea was scrapped.",,OG,Never Recorded,N/A,https://web.archive.org/web/20250803211615/https://hiphopdx.com/interviews/producers-corner-mr-porter/,,,,,,,,,,,,,,,,
Hell: The Sequel,"Eminem - Echo
(feat. T.I. & Liz Rodriguez)",Echo was originally meant to feature T.I. instead of Royce.,,OG,Never Recorded,N/A,,,,,,,,,,,,,,,,,
"4 Leaks
22 Unavailable","Return Of The Dozen Vol. 2
(Collaboration with D12)","(6/5/2008) (ROTD1 releases)
(4/12/2011) (ROTD2 releases)",,"A mixtape D12 was originally going to release in 2009, but delayed it until 2011. 
Eminem was only on one song on the released version.",,,,,,,,,,,,,,,,,,,
Return Of The Dozen Vol. 2,,,,,Confirmed,N/A,,,,,,,,,,,,,,,,,
,The Marshall Mathers LP 2,"(6/18/2010) (Recovery releases)
(11/5/2013) (MMLP2 releases)",,"Eminem would team up with Rick Rubin to work on a sequel to MMLP. It would have a tie-in with Call Of Duty: Ghosts, and was available to preorder. Not only was the song ""Survival"" used as a single for it, but the song ""Don't Front"" was included. The track was included in the special edition of COD ghosts & MMLP2.",,,,,,,,,,,,,,,,,,,
,Music Videos,,,,,,,,,,,,,,,,,,,,,,
The Marshall Mathers LP 2,Berzerk [Music Video],Official music video for Berzerk.,,Music Video,Full,CD Quality,https://youtu.be/ab9176Srb5Y?si=Y69r0_hlUN7CQvWV,,,,,,,,,,,,,,,,
The Marshall Mathers LP 2,Berzerk [Lyric Video],Official lyric video for Berzerk.,,Lyric Video,Full,CD Quality,https://youtu.be/AvKCib3O03g?si=WfJhPVmxaebwkhsz,,,,,,,,,,,,,,,,
The Marshall Mathers LP 2,Survival [Music Video],Official music video for Survival.,,Music Video,Full,CD Quality,https://youtu.be/NlmezywdxPI?si=CLYVRrCLAbiuyNXm,,,,,,,,,,,,,,,,
The Marshall Mathers LP 2,"Rap God [Music Video]
(dir. Rich Lee)",Official music video for Rap God.,,Music Video,Full,CD Quality,Eminem - Rap God (Explicit),,,,,,,,,,,,,,,,
The Marshall Mathers LP 2,"The Monster [Music Video]
(feat. Rihanna)",Official music video for The Monster.,,Music Video,Full,CD Quality,https://youtu.be/EHkozMIXZ8w?si=_Mh8iEpj5s7zj2RU,,,,,,,,,,,,,,,,
The Marshall Mathers LP 2,"Headlights [Music Video]
(feat. Nate Ruess) (dir. Spike Lee)",Official music video for Headlights.,,Music Video,Full,CD Quality,Eminem - Headlights (Explicit) ft. Nate Ruess,,,,,,,,,,,,,,,,
The Marshall Mathers LP 2,"50 Cent - My Life [Music Video]
(feat. Eminem & Adam Levine)",Official music video for My Life.,,Music Video,Full,CD Quality,"50 Cent - My Life ft. Eminem, Adam Levine",,,,,,,,,,,,,,,,
The Marshall Mathers LP 2,"Ca$his - Ask About Me [Music Video]
(prod. Eminem)",Rikanatti mentioned in a tweet that they were shooting music videos for Serenade My Life and Ask About Me.,,Music Video,Confirmed,Not Available,https://x.com/Rikanatti/status/391983072955998208,,,,,,,,,,,,,,,,
The Marshall Mathers LP 2,"Ca$his - Layin' In The Cut [Music Video]
(prod. Eminem & Rikanatti)","Official music video for ""Layin' In The Cut"".",,Music Video,Full,CD Quality,https://youtu.be/tsuM941T0aM?si=OIU4vYRnfAqYnKzW,,,,,,,,,,,,,,,,
The Marshall Mathers LP 2,"Skylar Grey - C'mon Let Me Ride [Music Video]
(feat. Eminem)","Official music video for ""C'mon Let Me Ride"".",,Music Video,Full,CD Quality,,,,,,,,,,,,,,,,,
,Videos,,,,,,,,,,,,,,,,,,,,,,
The Marshall Mathers LP 2,Berzerk [Behind The Scenes Video],Official behind the scenes for Berzerk.,,BTS Video,Full,CD Quality,Eminem - Berzerk Explained: Behind The Scenes 1,,,,,,,,,,,,,,,,
The Marshall Mathers LP 2,Berzerk Beats By Dre Ad,Ads for beats by Dre that heavily features unused berzerk music video footage.,,Other,Full,High Quality,https://www.youtube.com/watch?v=PcIlYQ9s4uc,,,,,,,,,,,,,,,,
The Marshall Mathers LP 2,Beats By Dre Commercial,,,Other,Full,CD Quality,https://www.youtube.com/watch?v=Z4X2SYlW0x0,,,,,,,,,,,,,,,,
The Marshall Mathers LP 2,Brisk AD Super Bowl 2011,"Stop-Motion AD featuring claymation Eminem and a short ""freestyle"" (ig) along with easter eggs representing his albums, aired during Super Bowl XLV.",,Other,Full,CD Quality,em web 020811 rev4,,,,,,,,,,,,,,,,
The Marshall Mathers LP 2,Eminem's First 'Sober' Tour Documentary,16 minutes documentary about his European tour back in summer 2010 after Recovery came out.,,Other,Full,CD Quality,"Unreleased Eminem's first 'Sober' Tour documentary (Recovery Tour, Europe, Summer 2010) 4K",,,,,,,,,,,,,,,,
The Marshall Mathers LP 2,Survival Music Video Announcement,Announced at the Call Of Duty: Ghosts Multiplayer event. It seems Em didn't take any acting classes after 8 Mile.,,Other,Full,High Quality,"Eminem Introduces ""Survival"" | Call of Duty: Ghosts Multiplayer Event (1080p)",,,,,,,,,,,,,,,,
The Marshall Mathers LP 2,The Monster [Behind The Scenes Video],Official behind the scenes for The Monster.,,BTS Video,Full,CD Quality,Eminem - The Monster Explained (Behind The Scenes) ft. Rihanna,,,,,,,,,,,,,,,,
The Marshall Mathers LP 2,"50 Cent - New Day (Lyric Videos)
(feat. Dr. Dre & Alicia Keys) (prod. Dr. Dre, Swizz Beatz & Eminem)","Official lyric videos for ""New Day"".",,Lyric Video,Full,CD Quality,"https://youtu.be/x0mmajhLKh8?si=EQIghM3kpItviDqm
https://youtu.be/la6Jq1Zj_vY?si=eSFRIygc24-CuGtW",,,,,,,,,,,,,,,,
The Marshall Mathers LP 2,"Skylar Grey - C'mon Let Me Ride [Behind The Scenes]
(feat. Eminem)","Official behind the scenes for ""C'mon Let Me Ride"".",,BTS Video,Full,CD Quality,https://youtu.be/5EHQjo_R5ss?si=VGz6u_7RRuEdCCaN,,,,,,,,,,,,,,,,
,Live Performances,,,,,,,,,,,,,,,,,,,,,,
The Marshall Mathers LP 2,Berzerk (Live On SNL),,"Nov 3, 2013",Live Performance,Full,CD Quality,https://youtu.be/w7IlXq2qlRc?si=2vpxhr2zCFyhjtqG,,,,,,,,,,,,,,,,
The Marshall Mathers LP 2,"Survival (Live On SNL)
(feat. Skylar Grey)",Skylar Grey covers Liz Rodrigues' hook. Em's mic is extremely drowned out.,"Nov 3, 2013",Live Performance,Full,CD Quality,Eminem - Survival (Live on SNL),,,,,,,,,,,,,,,,
The Marshall Mathers LP 2,Rap God [Live at YouTube Music Awards],Eminem performed Rap God at the YouTube Music Awards on the release day of MMLP2.,"Nov 5, 2013",Live Performance,Full,CD Quality,https://youtu.be/F3MU0G0ekkE?si=6-UoD_CGJlsyXJoH,,,,,,,,,,,,,,,,
The Marshall Mathers LP 2,Home & Home - Live From Comerica Park,,,Live Performance,Full,CD Quality,,,,,,,,,,,,,,,,,
The Marshall Mathers LP 2,"Late Show with David Letterman Episode 72
(feat. JAY-Z & Eminem)","Eminem and JAY-Z were invited to the 72nd episode of Late Show with David Letterman, they also performed live at the end of the episode.

1. Not Afraid 
2. On to the Next One
3. Renegade","Jun 25, 2010",Other,Full,CD Quality,https://youtu.be/z0K30V9yiY4?si=Lnoo3tFlsFz8C8gp,,,,,,,,,,,,,,,,
The Marshall Mathers LP 2,"Live At BET Awards 2010
(feat. B.o.B)","Unfortunately has two watermarks, Royce Da 5'9"" can be spotted in the crowd.

1. Airplanes Part II
2. Not Afraid","Jun 27, 2010",Live Performance,Tagged,CD Quality,https://pixeldrain.com/u/vFr6CWJf,,,,,,,,,,,,,,,,
The Marshall Mathers LP 2,"Live At MTV VMAs 2010
(feat. Rihanna)"," 1. Love the Way You Lie 
2. Not Afraid","Sep 12, 2010",Live Performance,Full,CD Quality,https://www.youtube.com/watch?v=Ul-b1-ar0p0,,,,,,,,,,,,,,,,
The Marshall Mathers LP 2,"No Love (Live On SNL)
(feat. Lil Wayne)",Epic near year final live performance of No Love that was for SNL. 1080p file found by Squiggles.,"Dec 19, 2010",Live Performance,Full,CD Quality,https://pixeldrain.com/u/5nDRjgDv,,,,,,,,,,,,,,,,
The Marshall Mathers LP 2,"Live At The Grammy Awards 2011
(feat. Dr Dre, Rihanna, Skylar Grey)","Adam Levine plays piano for Love The Way You Lie.

1. Love The Way You Lie, Part II
2. I Need A Doctor","Feb 13, 2011",Live Performance,Full,CD Quality,https://pixeldrain.com/u/BqdUas5S,,,,,,,,,,,,,,,,
The Marshall Mathers LP 2,Won't Back Down (Live On SNL),Won't Back Down performed live for SNL with Denaun as hypeman. Luis Resto plays keys (Yamaha Motif) and Alchemist does DJ work. Performed along with No Love with Lil Wayne. 1080p file found by Squiggles.,"Dec 19, 2010",Live Performance,Full,CD Quality,https://pixeldrain.com/u/Z4tCc7tt,,,,,,,,,,,,,,,,
,Freestyles,,,,,,,,,,,,,,,,,,,,,,
The Marshall Mathers LP 2,"Shady 2.0 BET Cypher
(with Yelawolf & Slaughterhouse)","BET Cypher featuring all Shady Records signees. Beat used is ""Tried by 12"" by East Flatbush Project.","Oct 11, 2011",Freestyle,Full,High Quality,"SHADY 2.0 CYPHER - EMINEM, YELAWOLF & SLAUGHTERHOUSE (UNCENSORED/DIRTY) 2011 BET",,,,,,,,,,,,,,,,
,Never Recorded,,,,,,,,,,,,,,,,,,,,,,
The Marshall Mathers LP 2,"Bad Guy
(feat. Dido)","Eminem originally wanted Dido to sing the hook to Bad Guy, but he thought that her presence on the song would ""give away"" the fact it was a sequel to Stan. The hook in the released version is performed uncredited by Liz Rodriguez.",,OG,Never Recorded,N/A,,,,,,,,,,,,,,,,,
The Marshall Mathers LP 2,"???
(prod. Dr. Dre)","In a HipHopDX interview, Royce Da 5'9"" confirmed that Slaughterhouse recorded a song on a Dre beat Eminem had, but it wasn't for the album and that ""it exist"". Em was probably given the beat to record on but likely never did if he gave it away.",,Throwaway,Never Recorded,N/A,"https://hiphopdx.com/news/id.15032/title.royce-da-59-talks-eminems-ocd-delusional-canibus-and-writing-for-dr-dres-detox?utm_source=deez_nuts
https://www.vibe.com/news/entertainment/v-exclusive-royce-da-59-says-dr-dre-produced-slaughterhouse-record-could-make-next-solo-59381/",,,,,,,,,,,,,,,,
The Marshall Mathers LP 2,"Dr. Dre - I Need A Doctor
(feat. Eminem & Lady Gaga)","INAD's hook was originally ghost-written by Skylar Grey for Lady Gaga, but Em decided to keep Skylar on the song as a thank you for Love The Way You Lie's success.",,OG,Never Recorded,N/A,,,,,,,,,,,,,,,,,
The Marshall Mathers LP 2,"Goodie Mob - White Power
(feat. Eminem)
(Power)","CeeLo Green wanted Eminem to feature on the song ""White Power"", but it didn't work out and Em never recorded.",,OG,Never Recorded,N/A,https://eminem.news/cee-lo-wanted-eminem-for-goodie-mob-s-white-power.html,,,,,,,,,,,,,,,,
The Marshall Mathers LP 2,"Lupe Fiasco - The Monster
(feat. Bebe Rexha)",Bebe Rexha mentioned that the song was originally intended to be her and Lupe Fiasco but Em stepped in before Lupe could record.,,OG,Never Recorded,N/A,https://annaquintana.com/bebe-rexha-rihanna,,,,,,,,,,,,,,,,
The Marshall Mathers LP 2,"Nas - Daughters (Remix)
(feat. Eminem & JAY-Z)","Nas wanted Eminem and JAY-Z on a remix of his song 'Daughters' from Life Is Good but it was never recorded. Eminem himself respectfully declined because at the time it was a ""sensitive issue with all the music he was pulling out"", and Jay's schedules didn't fit.",,Remix,Never Recorded,N/A,"https://www.vibe.com/music/music-news/nas-talks-life-good-wanting-eminem-and-jay-z-daughters-remix-104442/

https://x.com/i/status/2000609949731500106",The Marshall Mathers LP 3,"Nas - Daughters (Remix)
(feat. Eminem & JAY-Z)","Nas wanted Eminem and JAY-Z on a remix of his song 'Daughters' from Life Is Good but it was never recorded. Eminem himself respectfully declined because at the time it was a ""sensitive issue with all the music with all the music he was pulling out"", and Jay's schedules didn't fit.",,Remix,Never Recorded,N/A,https://www.vibe.com/music/music-news/nas-talks-life-good-wanting-eminem-and-jay-z-daughters-remix-104442/,The Marshall Mathers LP 4,"Nas - Daughters (Remix)
(feat. Eminem & JAY-Z)","Nas wanted Eminem and JAY-Z on a remix of his song 'Daughters' from Life Is Good but it was never recorded. Eminem himself respectfully declined because at the time it was a ""sensitive issue with all the music with all the music he was pulling out"", and Jay's schedules didn't fit.",,Remix,Never Recorded,N/A,https://www.vibe.com/music/music-news/nas-talks-life-good-wanting-eminem-and-jay-z-daughters-remix-104442/
The Marshall Mathers LP 2,"Slaughterhouse - ???
(prod. Ging & Cardiak)
(Groundhog Day)",Cardiak said he originally made the beat with Slaughterhouse in mind.,,OG,Never Recorded,N/A,https://djbooth.net/features/2017-04-26-cardiak-beat-break-interview/,,,,,,,,,,,,,,,,
The Marshall Mathers LP 2,"Tech N9ne - ???
(feat. Eminem)","Tech N9ne mentioned that Em agreed to appear on his album, ""So Lonely"", but couldn't record because he was overseas.",,Feature,Never Recorded,N/A,https://www.youtube.com/watch?v=PZwGQ63vK7c,,,,,,,,,,,,,,,,
,"Shady XV
(Collaboration with Shady Records)","(11/5/2013) (MMLP2 releases)
(11/24/2014) (Shady XV releases)",,"A compilation released to celebrate 15 years of Shady Records. 
Disc 1 consisted of new material, and Disc 2 was older songs.
It also conatined a demo of Lose Yourself.",,,,,,,,,,,,,,,,,,,
,Music Videos,,,,,,,,,,,,,,,,,,,,,,
Shady XV,"Busta Rhymes - Calm Down [Lyric Video]
(feat. Eminem)","Official lyric video for ""Calm Down"".",,Lyric Video,Full,CD Quality,Busta Rhymes ft. Eminem - Calm Down (Official Lyric Video) - YouTube,,,,,,,,,,,,,,,,
Shady XV,"Guts Over Fear [Music Video]
(feat. Sia)",Official music video for Guts Over Fear.,,Music Video,Full,CD Quality,Eminem - Guts Over Fear ft. Sia,,,,,,,,,,,,,,,,
Shady XV,"Guts Over Fear [Lyric Video]
(feat. Sia)",Official lyric video for Guts Over Fear.,,Lyric Video,Full,CD Quality,Eminem - Guts Over Fear ft. Sia (Lyric Video) - YouTube,,,,,,,,,,,,,,,,
Shady XV,"Detroit Vs. Everybody [Lyric Video]
(feat. Royce Da 5'9"", Big Sean, Danny Brown, Dej Loaf & Trick Trick)",Official lyric video for Detroit Vs. Everybody.,,Lyric Video,Full,CD Quality,Detroit Vs. Everybody (Lyric Video) - YouTube,,,,,,,,,,,,,,,,
Shady XV,"Detroit Vs. Everybody [Music Video]
(feat. Royce Da 5'9"", Big Sean, Danny Brown, Dej Loaf & Trick Trick) (dir. Syndrome)",Official music video for Detroit Vs. Everybody.,"Jan 23, 2015",Music Video,Full,CD Quality,"Eminem, Royce da 5'9"", Big Sean, Danny Brown, Dej Loaf, Trick Trick - Detroit Vs. Everybody",,,,,,,,,,,,,,,,
,Never Recorded,,,,,,,,,,,,,,,,,,,,,,
Shady XV,"Jon Connor - ???
(feat. Kendrick Lamar & Eminem) (prod. Dr. Dre)","According to Jon Connor in an AMA on Reddit, he would love to have a song with him, Eminem and Kendrick on a Dre beat. This song very likely never happened. Would've been recorded for Jon's unreleased Aftermath album, Vehicle City.",,Feature,Never Recorded,N/A,https://www.reddit.com/r/hiphopheads/comments/26bol7/comment/chpk4bd/?utm_source=share&utm_medium=web3x&utm_name=web3xcss&utm_term=1&utm_content=share_button,,,,,,,,,,,,,,,,
Shady XV,Rihanna - Kill For You,"According to Skylar Grey, the song was planned to be given to Rihanna but that did not happen.",,OG,Never Recorded,N/A,,,,,,,,,,,,,,,,,
,Videos,,,,,,,,,,,,,,,,,,,,,,
Shady XV,"Detroit Vs. Everybody [Behind The Scenes Video]
(feat. Royce Da 5'9"", Big Sean, Danny Brown, Dej Loaf & Trick Trick)",Official behind the scenes for Detroit Vs. Everybody.,"Mar 18, 2015",BTS Video,Full,CD Quality,Detroit Vs. Everybody (Behind The Scenes) - YouTube,,,,,,,,,,,,,,,,
Shady XV,Shady CXVPHER [Behind The Scenes Video],Official behind the scenes for the Shady CXVPHER. Has the Instrumental from Y'all Ready Know playing during the background.,"Dec 18, 2014",BTS Video,Full,CD Quality,"Eminem, Slaughterhouse, Yelawolf - CXVPHER (Behind The Scenes)",,,,,,,,,,,,,,,,
Shady XV,Shady XV TV Spot,,,Other,Full,CD Quality,Eminem - SHADYXV (official TV Spot),,,,,,,,,,,,,,,,
,Freestyles,,,,,,,,,,,,,,,,,,,,,,
Shady XV,"Shady CXVPHER
(with Yelawolf & Slaughterhouse)",Cypher done in the lead up to the release of ShadyXV.,"Nov 11, 2014",Freestyle,Full,CD Quality,Vevo Presents: Shady CXVPHER,,,,,,,,,,,,,,,,
,Live Performances,,,,,,,,,,,,,,,,,,,,,,
Shady XV,Berzerk Live on Le Grand Journal,,,Live Performance,Full,CD Quality,https://youtu.be/lYXZT40Qkuk?si=6xgd-7bT9JU0AGk-,,,,,,,,,,,,,,,,
Shady XV,"Live At The Concert for Valor
(with Rihanna)","1. Diamonds
2. Stay
3. The Monster
4. Guts Over Fear
5. Not Afraid
6. Lose Yourself","Nov 11, 2014",Live Performance,Full,CD Quality,https://pixeldrain.com/l/9YSYexc8,,,,,,,,,,,,,,,,
Shady XV,Live On BBC Radio 1 ,"Eminem performed on BBC Radio 1's Maida Vale Studios right after the release of MMLP2.

1. Berzerk
2. Stan 
3. Not Afraid
4. Survival",,Live Performance,Full,CD Quality,"https://youtu.be/7ITot0ej4nw?si=guZ3lh6YyxXt1qRs
https://youtu.be/Tyr-paHKmc4?si=Re1J51zAB_H0g6_V
https://youtu.be/KZYBe5XIjIY?si=UpBA_7KH9wdEQsJV
https://youtu.be/ZIRqNm9Zz8Q?si=4OqRRPh5YF7LHGRm",,,,,,,,,,,,,,,,
Shady XV,Live at the Beats Music Event,"Eminem performed at the Beats Music Event alongside Dr. Dre.

1. My Name Is
2. Forgot About Dre (feat. Dr. Dre)
3. Lose Yourself","Apr 21, 2014",Live Performance,Full,CD Quality,https://youtu.be/Dn3qfGz_Yq8?si=jcABS8FQMajhZ1vI,,,,,,,,,,,,,,,,
,Other,,,,,,,,,,,,,,,,,,,,,,
Shady XV,Eminem & Rihanna: The Monster Tour [Visuals],"The visuals and digital effects for Eminem and Rihanna's Monster Tour, made by PSBL.",,Other,Full,CD Quality,https://vimeo.com/108498418,,,,,,,,,,,,,,,,
Shady XV,Skylar Grey - Heart of Glass,Demo by Skylar Grey for Eminem to use for a song. Unknown if this was ever used by Eminem. Was owned by Joe Strange and not purchased during the SFTL 3 buys. Leaked 12/19/2025.,,Other,Snippet,Recording,https://pillows.su/f/57fbd7e6ac9d4a4dc9b2199c096eb3e8,,,,,,,,,,,,,,,,
Shady XV,"Busta Rhymes - Calm Down [Teaser]
(feat. Eminem)",,,Other,Full,CD Quality,https://youtu.be/VRjLGRUyDoQ?si=PJwbqKIGY6vIXN4a,,,,,,,,,,,,,,,,
,"Southpaw Soundtrack
(Collaboration with various artists)","(11/24/2014) (Shady XV releases)
(7/24/2015) (Southpaw soundtrack releases)",,"A soundtrack made for Southpaw.
Eminem was supposed to star in the movie, but he turned it down.",,,,,,,,,,,,,,,,,,,
,Music Videos,,,,,,,,,,,,,,,,,,,,,,
Southpaw Soundtrack,Phenomenal [Lyric Video],Official lyric video for Phenomenal.,,Lyric Video,Full,CD Quality,Eminem - Phenomenal (Lyric Video),,,,,,,,,,,,,,,,
Southpaw Soundtrack,Phenomenal [Music Video],Official music video for Phenomenal.,,Music Video,Full,CD Quality,Eminem - Phenomenal - YouTube,,,,,,,,,,,,,,,,
Southpaw Soundtrack,"Kings Never Die [Lyric Video]
(feat. Gwen Stafani)",Official lyric video for Kings Never Die.,,Lyric Video,Full,CD Quality,Eminem - Kings Never Die (Lyric Video) ft. Gwen Stefani - YouTube,,,,,,,,,,,,,,,,
,Never Recorded,,,,,,,,,,,,,,,,,,,,,,
Southpaw Soundtrack,See You Again,"The Paul Walker tribute song ""See You Again"" was originally offered to Eminem instead of Wiz Khalifa, but Em turned it down due to Southpaw coming out around the same time as Furious 7. The song was also offered to 50 Cent, Tyga, and Chris Brown before it came to Wiz and Charlie Puth.",,Throwaway,Never Recorded,N/A,,,,,,,,,,,,,,,,,
Southpaw Soundtrack,"Rob Bailey & The Hustle Standard - Beast (Southpaw Remix)
(feat. Busta Rhymes, Tech N9ne, KXNG Crooked & Eminem)","According to KXNG Crooked on Twitter, Eminem was very close to hopping on the Beast remix, sadly it never happened.",,OG,Never Recorded,N/A,https://x.com/CrookedIntriago/status/1625289867205935104,,,,,,,,,,,,,,,,
Southpaw Soundtrack,"Dr. Dre - Loose Cannons 
(feat. Cold 187um, Eminem & Sly Pyper)","According to Cold 187um, Eminem was considered to be on Loose Cannons before Xzibit was on the song.",,Feature,Never Recorded,N/A,https://youtu.be/MwP3PZ4I0S4?si=aH4L790rRP9Vpd_X&t=237,,,,,,,,,,,,,,,,
Southpaw Soundtrack,"KXNG Crooked - ???
(prod. Eminem)","Crook posted a picture of an Eminem beat CD dated to January 14, 2015 on his Twitter. It's unclear if Crooked ever recorded to these, but seemingly not.",,Production,Never Recorded,N/A,,,,,,,,,,,,,,,,,
,Videos,,,,,,,,,,,,,,,,,,,,,,
Southpaw Soundtrack,"Yelawolf - Best Friend [Behind The Scenes]
(feat. Eminem)","Official behind the scenes for ""Best Friend"".",,BTS Video,Full,CD Quality,https://youtu.be/fOsjNBJP_PE?si=Bvi6ARZG8ySjFci_,,,,,,,,,,,,,,,,
,Revival,"(11/5/2013) (MMLP2 releases)
(12/15/2017) (Revival releases)",,"After not releasing an album since 2013, Eminem made a return. 
Starting with the single titled ""Campaign Speech"", Starting the rollout for Revival.
It was promoted using a cryptic marketing campaign for a fake pharmaceutical company, in late October 2017. 
This name ties into his continued use of drug references - Relapse (2009) and Recovery (2010) -in his album titles.
When it released it was met with negative reception.",,,,,,,,,,,,,,,,,,,
,Music Videos,,,,,,,,,,,,,,,,,,,,,,
Revival,"Walk On Water [Lyric Video]
(feat. Beyoncé)",Official lyric video for Walk On Water.,,Music Video,Full,CD Quality,Eminem ft. Beyoncé - Walk On Water (Official Lyric Video),,,,,,,,,,,,,,,,
Revival,"Walk On Water [Music Video]
(feat. Beyoncé)",Official music video for Walk On Water.,,Music Video,Full,CD Quality,Eminem - Walk On Water (Official Video),,,,,,,,,,,,,,,,
Revival,"River [Music Video]
(feat. Ed Sheeran)",Official music video for River.,,Music Video,Full,CD Quality,Eminem - River ft. Ed Sheeran,,,,,,,,,,,,,,,,
Revival,Untouchable [Lyric Video],Official lyric video for Untouchable.,,Lyric Video,Full,CD Quality,Eminem - Untouchable (Lyric Video),,,,,,,,,,,,,,,,
Revival,Framed [Music Video],Official music video for Framed.,,Music Video,Full,CD Quality,Eminem - Framed,,,,,,,,,,,,,,,,
Revival,Framed [Lyric Video],Made by Raed Al Murish. Not posted by the official Eminem account on YouTube but it is official.,,Lyric Video,Full,CD Quality,Eminem  -  Framed [Official Lyric Video],,,,,,,,,,,,,,,,
Revival,"P!NK - Revenge [Music Video]
(feat. Eminem)","Leaked music video for Revenge, features Slim Shady doppelgangers instead of Em himself.",,Music Video,Full,CD Quality,https://youtu.be/xBo-1EjUmoc?si=nPk6MzlvM3tuY39z,,,,,,,,,,,,,,,,
,Videos,,,,,,,,,,,,,,,,,,,,,,
Revival,Revival Album Art Reveal,Video showcasing Revival album art put up across buildings in Detroit. This was also the first time art for the album was shown to the public.,,Other,Full,CD Quality,Revival Album Art Reveal,,,,,,,,,,,,,,,,
Revival,Revival Release Trailer,Only on the Universal Music Austria channel but it seems official.,,Other,Full,CD Quality,Eminem - Revival - Out Now (official Trailer),,,,,,,,,,,,,,,,
Revival,Walk On Water (Behind The Scenes),A BTS for the Walk On Water music video.,,BTS Video,Full,CD Quality,Eminem - Walk On Water ft. Beyoncé (Official Behind The Scenes Video),,,,,,,,,,,,,,,,
Revival,River (Behind The Scenes),Official behind the scenes for River.,,BTS Video,Full,CD Quality,Eminem - River (Behind the Scenes) ft. Ed Sheeran,,,,,,,,,,,,,,,,
,Live Performances,,,,,,,,,,,,,,,,,,,,,,
Revival,"Live at Glasgow Summer Sessions 2017
(with Royce Da 5'9"")","Full performance at the 2017 Glasgow Summer Sessions in Bellahouston Park, Glasgow, Scotland. Has his first live performance of Soldier since 2003 and features Royce Da 5'9"" as a special guest.

1. Band Intro
2. Square Dance
3. Won't Back Down
4. 3 a.m.
5. Business
6. Kill You
7. White America
8. Mosh
9. Evil Deeds
10. Rap God
11. Soldier
12. Just Don't Give A Fuck
13. Criminal
14. The Way I Am
15. Detroit Vs. Everybody (with Royce Da 5'9"")
16. Fast Lane (with Royce Da 5'9"")
17. The Hills (Remix)
18. Drop The World
19. Airplanes, Pt. II
20. Stan
21. Sing For The Moment
22. Like Toy Soldiers
23. Forever
24. Love The Way You Lie
25. Berzerk
26. Till I Collapse
27. Cinderella Man
28. The Monster
29. My Name Is
30. The Real Slim Shady
31. Without Me
32. Not Afraid
33. Lose Yourself",,Live Performance,Full,Recording,Eminem Live at Glasgow Summer Sessions 2017 (Full Multicam Concert by Eminem.Pro x 4street4life),,,,,,,,,,,,,,,,
Revival,Live At Reading Festival 2017,"Full performance at the 2017 Reading Festival in Reading, England. Has the same setlist as Bellahouston Park and also features Royce Da 5'9"" as a special guest. This performance is more well known, as the audio quality is better and it also had a bootleg vinyl pressing.

1. Band Intro
2. Square Dance
3. Won't Back Down
4. 3 a.m.
5. Business
6. Kill You
7. White America
8. Mosh
9. Evil Deeds
10. Rap God
11. Soldier
12. Just Don't Give A Fuck
13. Criminal
14. The Way I Am
15. Detroit Vs. Everybody (with Royce Da 5'9"")
16. Fast Lane (with Royce Da 5'9"")
17. The Hills (Remix)
18. Drop The World
19. Airplanes, Pt. II
20. Stan
21. Sing For The Moment
22. Like Toy Soldiers
23. Forever
24. Love The Way You Lie
25. Berzerk
26. Till I Collapse
27. Cinderella Man
28. The Monster
29. My Name Is
30. The Real Slim Shady
31. Without Me
32. Not Afraid
33. Lose Yourself","Aug 26, 2017",Live Performance,Full,High Quality,Eminem Live at Reading Festival 2017 (Full Multicam Concert by Eminem.Pro x 4street4life),,,,,,,,,,,,,,,,
Revival,"Medley (Live On SNL)
(feat. Skylar Grey)","Medley of hits performed live on SNL. Has Skylar Grey covering the hooks of each song.

1. Walk On Water
2. Stan
3. Love The Way You Lie",,Live Performance,Full,CD Quality,Walk On Water/Stan/Love The Way You Lie (Medley/Live From Saturday Night Live/2017),,,,,,,,,,,,,,,,
Revival,"Medley (Live on BBC One)
(feat. Skylar Grey)","Medley of hits performed live on BBC One. Has Skylar Grey covering the hooks of each song. Was split into 4 different videos on the official account.

1. Walk On Water
2. Stan
3. Berzerk
4. Skylar Grey - Love The Way You Lie, Pt. 2 (First verse)
5. Love The Way You Lie
6. Won't Back Down",,Live Performance,Full,CD Quality,Eminem   BBC Radio 1 Live Music 2017,,,,,,,,,,,,,,,,
Revival,"Walk On Water (Live at MTV EMAs)
(feat. Skylar Grey)",Walk On Water performed live at the MTV European Music Awards with Skylar doing the hook. 1080p uncensored version found by ClockedOut.,"Nov 12, 2017",Live Performance,Full,CD Quality,https://pixeldrain.com/u/GdWTaZm1,,,,,,,,,,,,,,,,
,Freestyles,,,,,,,,,,,,,,,,,,,,,,
Revival,"2017 BET Hip Hop Awards - Cypher 5
(The Storm)","Also known as ""The Storm"", is entirely addressed to Donald Trump. From nuclear war, to athletes taking a knee, to his financial decisions, Em assails Trump for how he’s handled current events and his presidency.",,Freestyle,Full,CD Quality,https://pillows.su/f/be09cdc8c1e9e540e64565221baf7789,,,,,,,,,,,,,,,,
,Never Recorded,,,,,,,,,,,,,,,,,,,,,,
Revival,"Chloraseptic
(feat. 2 Chainz) (prod. Denaun)",2 Chainz was supposed to just do the hook and some adlibs on Chloraseptic but never recorded for it since he wanted to do a verse instead. He was told he can do a verse but it'd be put out for a remix and not the main track.,,OG,Never Recorded,N/A,https://youtu.be/Jpr5ngzqTNw?si=WtDeJ81cWYEFJQ8A,,,,,,,,,,,,,,,,
Revival,Infinite (Remasters),"Eminem's 1996 debut album ""Infinite""  was scheduled for a re-release/remix in 2016. They couldn't directly re-release the album because of sampling issues, ultimately the project was scrapped with only the title track being released as a remix. It is unknown if any of the other tracks got remixed.",,Remix,Never Recorded,N/A,,,,,,,,,,,,,,,,,
Revival,"I'm Twisted
(feat. André 3000)","According to Denaun, I'm Twisted was sent to André 3000 for him to record over but unfortunately André never recorded.",,OG,Never Recorded,N/A,,,,,,,,,,,,,,,,,
Revival,"Walk On Water
(feat. Adele)","According to Denaun, Adele was planned to be on the hook of the song, but she couldn't do it.",,OG,Never Recorded,N/A,,,,,,,,,,,,,,,,,
Revival,"Walk On Water (with Drums)
(prod. Rick Rubin & Skylar Grey)","After Eminem recorded the song Rick Rubin and Eminem discussed putting drums in there but decided against it.

""We had debated on should we put a beat in there? Should we put drums in there? After I recorded it, I played it for Rick [Rubin] and then we had discussed it. We were both like, “Nah, we should just leave it like this so you can understand, hear everything and maybe hopefully get it the first time you hear it.”",,Other,Never Recorded,N/A,https://www.complex.com/music/a/damien-scott/eminem-interview-2017-cover-story,,,,,,,,,,,,,,,,
Revival,"DJ Khaled - I Got The Keys
(feat. JAY-Z, Eminem & Future) (prod. DJ Khaled, Southside, Jake One & G Koop)","According to DJ Khaled, if JAY-Z didn't record a second verse for ""I Got The Keys"", he would've hit up Eminem to get a verse.",,OG,Never Recorded,N/A,https://genius.com/10713787/Dj-khaled-i-got-the-keys/Verse-2-jay-z,,,,,,,,,,,,,,,,
Revival,P!NK - Walk On Water,Skylar had sent the song to Eminem but Eminem hadn't yet confirmed if he wanted it. In the meantime P!nk asked for the song but shortly after Eminem then said he wanted it. Skylar ended up giving the song to Eminem.,,OG,Never Recorded,N/A,https://youtu.be/Yih6KuxcXIs?si=w9I3rR7-624hXXmY,,,,,,,,,,,,,,,,
Revival,"Daylyt - ???
(feat. Eminem)","Daylyt confirmed Eminem was supposed to feature on his album, but it never released. It should be noted that Daylyt is known to be a compulsive liar and troll so the chances this actually exist is almost 0.",,,Never Recorded,N/A,,Not Available,,,,,,,,,,,,,,,
Revival,Unknown [DJ Khaled Collaboration],"DJ Khaled mentioned in 2016 that he sent Eminem a song to record on, but Em never did.",,Feature,Never Recorded,N/A,https://hiphopdx.com/news/dj-khaled-waiting-on-eminem-verse/,,,,,,,,,,,,,,,,
Revival,Unknown [Halsey Collaboration],"Halsey said she would have been on Revival if she didn't record ""Him & I"" and also responded to the name drop on Killshot. Both Revival and The Beautiful & Damned (G-Eazy's album) dropped on the same day so she likely means she was just busy and never reached out for a collaboration or Em's team reached out but she didn't have time.",,Throwaway,Never Recorded,N/A,why are reddit image links so long,,,,,,,,,,,,,,,,
Revival,Unknown [Nasaan Collaboration],"Eminem & Nasaan were spotted in the studio together. Nasaan replied to someone asking him about it with ""tell Em drop it"". As of 2023, Nasaan mentioned he lost the song and said he was ""robbed"". In 2024 it was revealed that Nasaan lied about this.",,Feature,Never Recorded,N/A,https://youtu.be/Ql3rAdsr1NM and https://imgur.com/a/xipb158,,,,,,,,,,,,,,,,
,Kamikaze,"(12/15/2017) (Revival releases)
(8/31/2018) (Kamikaze releases)",,"On August 31, 2018, Eminem unexpectedly released his tenth studio album, Kamikaze. 
The follow-up to his December 2017 album Revival. Due to Revival's reception, 
Eminem was mad and made a whole album expressing his anger while dissing a lot of people.",,,,,,,,,,,,,,,,,,,
,Music Videos,,,,,,,,,,,,,,,,,,,,,,
Kamikaze,"Royce Da 5'9"" - Caterpillar [Music Video]
(feat. Eminem & King Green)",Official music video for Caterpillar.,,Music Video,Full,CD Quality,"Royce da 5'9"" - Caterpillar ft. Eminem, King Green",,,,,,,,,,,,,,,,
Kamikaze,"Fall [Music Video]
(add. Bon Iver)",Official music video for Fall.,,Music Video,Full,CD Quality,Eminem - Fall (Official Music Video),,,,,,,,,,,,,,,,
Kamikaze,"Lucky You [Music Video]
(feat. Joyner Lucas)",Official music video for Lucky You.,,Music Video,Full,CD Quality,Eminem - Lucky You (Official Music Video) ft. Joyner Lucas,,,,,,,,,,,,,,,,
Kamikaze,Venom [Music Video],Official music video for Venom.,,Music Video,Full,CD Quality,Eminem - Venom,,,,,,,,,,,,,,,,
Kamikaze,"Good Guy [Music Video]
(feat. Jessie Reyez)",Official music video for Good Guy.,,Music Video,Full,CD Quality,Eminem - Good Guy (Official Music Video) ft. Jessie Reyez,,,,,,,,,,,,,,,,
,Live Performances,,,,,,,,,,,,,,,,,,,,,,
Kamikaze,Live at the Empire State Building,Eminem performed Venom live at the Empire State Building.,,Live Performance,Full,CD Quality,https://youtu.be/bdCyEBdUSTE?si=2N1c7MGUJKFE90bv,,,,,,,,,,,,,,,,
Kamikaze,Eminem Live at the Governors Ball Music Festival NY,"1. Medicine Man
2. Won't Back Down
3. 3 AM
4. Square Dance
5. Kill You
6. White America
7. Rap God
8. Sing For The Moment
9. Chloraseptic (Remix) [feat. Phresher]
10. Just Don't Give A Fuck
11. Framed
12. Criminal
13. The Way I Am
14. Walk On Water (feat. Skylar Grey)
15. Stan (feat. Skylar Grey)
16. Skylar Grey - Love The Way You Lie Pt. 2
17. Love The Way You Lie (feat. Skylar Grey)
18. 50 Cent - Patiently Waiting (feat. Eminem)
19. 50 Cent - I Get Money (feat. Eminem)
20. 50 Cent - In Da Club (feat. Eminem)
21. Crack A Bottle (feat. 50 Cent)
22. Bad Meets Evil - Fast Lane
23. River
24. The Monster
25. Nowhere Fast (Extended)
26. My Name Is
27. The Real Slim Shady
28. Without Me
29. Not Afraid
30. Lose Yourself","Mar 6, 2018",Live Performance,Full,CD Quality,,,,,,,,,,,,,,,,,
Kamikaze,"Nowhere Fast (Extended) Live at the iHeart Music Awards
(feat. Kehlani)","The extended version of Nowhere Fast was performed live at the iHeart music awards, notably before its streaming release.","Mar 11, 2018",Live Performance,Full,CD Quality,https://youtu.be/Cn1MJ3nVDX0?si=oo1UIc5dQnAxN40w,,,,,,,,,,,,,,,,
,Videos,,,,,,,,,,,,,,,,,,,,,,
Kamikaze,Venom [Empire State Building BTS],Official behind the scenes video for Venom.,,BTS Video,Full,CD Quality,https://youtu.be/OI8Ic8sCxcw?si=OPggX-JCE-F72aWg,,,,,,,,,,,,,,,,
Kamikaze,"Good Guy [Behind The Scenes Video]
(feat. Jessie Reyez)",Official behind the scenes video for Good Guy.,,BTS Video,Full,CD Quality,Eminem - Good Guy (Behind The Scenes) ft. Jessie Reyez,,,,,,,,,,,,,,,,
,Never Recorded,,,,,,,,,,,,,,,,,,,,,,
Kamikaze,"Forever M.C. - King Kong 
(feat. DMX, Royce Da 5'9"", KXNG Crooked, DJ Statik Selektah & Eminem)","Forever M.C. mentioned in an Instagram DM that Em was planned to be on the song but they ""couldn't work out the details"".",,OG,Never Recorded,N/A,https://imgur.com/gallery/qsy2i,,,,,,,,,,,,,,,,
Kamikaze,"Giggs - ???
(Killshot)","IllaDaProducer mentioned in an interview that he made the beat for Giggs, but after Rap Devil came out he decided to give it to Em instead.",,OG,Never Recorded,N/A,https://youtu.be/KSzcXcwsp7Q?si=whqGC0ygHnGZ1Itq,,,,,,,,,,,,,,,,
Kamikaze,"Joyner Lucas - What If? [Music Video]
(feat. Eminem)",What If? was supposed to have a music video with George Lopez playing Joyner's character's dad and lip-syncing Eminem's verse akin to the music video for I'm Not Racist.,,Music Video,Never Recorded,N/A,"Joyner Lucas On Dating Ashanti, Calling Out Lil Nas & Karen Civil, Working With Eminem & Will Smith",,,,,,,,,,,,,,,,
Kamikaze,"Joyner Lucas - What If?
(feat. Eminem & Frank Ocean)",Frank Ocean was considered for the hook of What If?,,Feature,Never Recorded,N/A,"Joyner Lucas On Dating Ashanti, Calling Out Lil Nas & Karen Civil, Working With Eminem & Will Smith",,,,,,,,,,,,,,,,
Kamikaze,"Joyner Lucas - What If?
(feat. Eminem & Sam Smith)",Sam Smith was considered for the hook of What If?,,Feature,Never Recorded,N/A,"Joyner Lucas On Dating Ashanti, Calling Out Lil Nas & Karen Civil, Working With Eminem & Will Smith",,,,,,,,,,,,,,,,
,Music To Be Murdered By,"(8/31/2018) (Kamikaze releases)
(1/17/2020) (MTBMB releases)",,"Music To Be Murdered By would be released as a surprise drop on January 17th, 2020, and is the eleventh studio by now. Following Kamikaze's reception, the album was inspired by Sir Alfred Hitchcock (1899–1980) One of the most influential and prominent directors and filmmakers of all time, who titled his 1958 music album, ""Music to Be Murdered By"".",,,,,,,,,,,,,,,,,,,
,Music Videos,,,,,,,,,,,,,,,,,,,,,,
Music To Be Murdered By,Darkness [Music Video],Official music video for Darkness.,,Music Video,Full,CD Quality,Eminem - Darkness (Official Video),,,,,,,,,,,,,,,,
Music To Be Murdered By,"Godzilla [Lyric Video]
(feat. Juice WRLD)",Official lyric video for Godzilla.,,Lyric Video,Full,CD Quality,Eminem - Godzilla (Lyric Video) ft. Juice WRLD,,,,,,,,,,,,,,,,
Music To Be Murdered By,"Godzilla [Music Video]
(feat. Juice WRLD) (dir. Cole Bennett)",Official music video for Godzilla.,,Music Video,Full,CD Quality,Eminem - Godzilla ft. Juice WRLD (Official Music Video),,,,,,,,,,,,,,,,
Music To Be Murdered By,"Logic - Homicide [Music Video]
(feat. Eminem)",Official music video for Homicide.,,Music Video,Full,CD Quality,https://youtu.be/eQkSArQxYJg?si=3rKWaWZPmKF3jEYK,,,,,,,,,,,,,,,,
Music To Be Murdered By,"Ed Sheeran - Remember The Name [Lyric Video]
(feat. Eminem & 50 Cent)",Official lyric video for Remember The Name.,,Lyric Video,Full,CD Quality,,,,,,,,,,,,,,,,,
,Freestyles,,,,,,,,,,,,,,,,,,,,,,
Music To Be Murdered By,Kick Off ,"10 Minutes acapella freestyle uploaded on YouTube previously announced by Eminem on Twitter, Shot at The Shelter at St. Andrew's in Detroit, Michigan. 
""It's fun for me just to grab a boob
Plus my penis got an attitude""","Nov 30, 2018",Freestyle,Full,CD Quality,"Eminem - ""Kick Off"" (Freestyle)",,,,,,,,,,,,,,,,
,Never Recorded,,,,,,,,,,,,,,,,,,,,,,
Music To Be Murdered By,"Joyner Lucas - Isis
(feat. Eminem)","Joyner Lucas mentioned that he sent Isis to Eminem for Eminem to record on, but Eminem never sent his verse back leading Joyner to show the beat to Logic instead.",,OG,Never Recorded,N/A,https://southpawers.com/2020/11/16/joyner-lucas-eminem-isis-logic/,,,,,,,,,,,,,,,,
Music To Be Murdered By,"Royce Da 5'9"" - You Gon' Learn
(feat. White Gold, Kid Vishis & Ashley Sorell)","The OG version of You Gon Learn was actually meant to be a posse cut with Kid Vishis, White Gold and Ashley Sorell however it never happened since Em took the song before they could record.",,OG,Never Recorded,N/A,https://www.youtube.com/watch?v=FsvDQ0-bINA,,,,,,,,,,,,,,,,
Music To Be Murdered By,"Post Malone - ???
(feat. Eminem)","Eminem was meant to be on Post Malone's 2019 album Hollywood's Bleeding, but was unable to record due to scheduling conflicts.",,Feature,Never Recorded,N/A,https://www.nme.com/news/music/post-malone-on-why-his-eminem-collab-for-hollwoods-bleeding-fell-through-2546053,,,,,,,,,,,,,,,,
,Other,,,,,,,,,,,,,,,,,,,,,,
Music To Be Murdered By,Unknown [Shady XX Songs],"Mike Saputo confirmed on IG that Shady XX was in the works at some point, releasing some concept arts of it, it's unknown if songs were made for it.",,Other,Confirmed,Not Available,https://www.instagram.com/p/CFIA470F_1a/,,,,,,,,,,,,,,,,
,Music To Be Murdered By: Side B,"(1/17/2020) (MTBMB releases)
(12/18/2020) (Side B releases)",,"Less than a year after the release of the standard edition, Eminem would drop a deluxe version to MTBMB. This was originally intended to be a surprise release, but the cover art would end up leaking days before the release. The surprise release of the album contains a reference to Side B in the standard edition, specifically in ""You Gon' Learn"" A possible foreshadow, ""Thought my name was B-side 'cause they flipped over my tape"".",,,,,,,,,,,,,,,,,,,
,Music Videos,,,,,,,,,,,,,,,,,,,,,,
Side B,"Gnat [Music Video]
(dir. Cole Bennett)",Official music video for Gnat.,,Music Video,Full,CD Quality,Eminem - GNAT (Official Music Video) - YouTube,,,,,,,,,,,,,,,,
Side B,Higher [Music Video],Official music video for Higher.,,Music Video,Full,CD Quality,Eminem - Higher (Official Video) Explicit,,,,,,,,,,,,,,,,
Side B,"Tone Deaf [Lyric Video]
(dir. Randy Chriz)",Official lyric video for Tone Deaf.,,Lyric Video,Full,CD Quality,Eminem - Tone Deaf (Lyric Video),,,,,,,,,,,,,,,,
Side B,Alfred's Theme [Lyric Video],Official lyric video for Alfred's Theme.,,Lyric Video,Full,CD Quality,Eminem - Alfred's Theme (Lyric Video),,,,,,,,,,,,,,,,
,Live Performances,,,,,,,,,,,,,,,,,,,,,,
Side B,Lose Yourself Live at the Oscars,,,Live Performance,Full,CD Quality,https://www.youtube.com/watch?v=Cbtgk20s6wA,,,,,,,,,,,,,,,,
,Never Recorded,,,,,,,,,,,,,,,,,,,,,,
Side B,"These Demons
(feat. Kid Cudi)","According to White Gold, Kid Cudi was supposed to be on These Demons, but it got given to MAJ instead.",,OG,Never Recorded,N/A,https://southpawers.com/2021/01/14/post-malone-eminem-new-song/,,,,,,,,,,,,,,,,
Side B,"Bad Meets Evil - ???
(prod. Erick Sermon)
(Get Ya Money)","The beat for Joell Ortiz and KXNG Crooked's song ""Get Ya Money"" was sent to them by mistake by Royce when sending his own beats. Erick originally sent the beat to Royce to use for a Bad Meets Evil song however, this never happened.",,OG,Never Recorded,N/A,https://web.archive.org/web/20200628073020/https://www.hotnewhiphop.com/kxng-crooked-and-joell-ortiz-deep-dive-into-hard-slaughterhouse-history-eminem-and-more-news.113049.html,,,,,,,,,,,,,,,,
Side B,"Big Sean - ???
(feat. Eminem) (prod. J Dilla)","Big Sean got a hold of an unreleased J Dilla beat that he was planning to use on his album Detroit 2, and sent it to Eminem for a feature. This never materialised, unfortunately.",,Feature,Never Recorded,N/A,https://hiphopdx.com/news/big-sean-eminem-j-dilla-beat,,,,,,,,,,,,,,,,
Side B,"Cordae - Sinister
(feat. Lil Wayne & Eminem)","Cordae mentioned that he was planning to put Eminem on Sinister along Lil Wayne, but according to him ""it would not have been the proper record"".",,Feature,Never Recorded,N/A,https://southpawers.com/2022/01/31/cordae-eminem-lil-wayne-song/,,,,,,,,,,,,,,,,
,Curtain Call 2,"(12/18/2020) (Side B releases)
(8/5/2022) (Curtain Call 2 releases)",,"Curtain Call 2 is the second greatest hits collection by Eminem. The project serves as the sequel to his December 2005 album, Curtain Call: The Hits. 
The album includes music from 2005 to 2022, with music included from albums like May 2009’s Relapse, June 2010’s Recovery, November 2013’s The Marshall Mathers LP2, and more. Featured a re-recorded version of Is This Love.",,,,,,,,,,,,,,,,,,,
,Music Videos,,,,,,,,,,,,,,,,,,,,,,
Curtain Call 2,"Skylar Grey - Last One Standing [Lyric Video]
(feat. Polo G, Mozzy & Eminem)",Official lyric video for Last One Standing.,,Lyric Video,Full,CD Quality,"Skylar Grey, Polo G, Mozzy, Eminem - Last One Standing (Lyric Video)",,,,,,,,,,,,,,,,
Curtain Call 2,"From The D 2 The LBC [Music Video]
(feat. Snoop Dogg)",Official music video for From The D 2 The LBC. NFT hybrid music video 😭,,Music Video,Full,CD Quality,Eminem & Snoop Dogg - From The D 2 The LBC [Official Music Video],,,,,,,,,,,,,,,,
Curtain Call 2,"Is This Love ('09) [Visualizer]
(feat. 50 Cent) (dir. Richard Selvi)",Official visualizer for Is This Love ('09).,,Visualizer,Full,CD Quality,"Eminem, 50 Cent - Is This Love ('09) [Visualizer]",,,,,,,,,,,,,,,,
Curtain Call 2,"Tom McDonald - Dear Slim [Music Video]
(prod. Eminem)",Official lyric video for Dear Slim.,,Music Video,Full,CD Quality,https://youtu.be/NWj4BSQMkq0?si=w0wOxhZQeOR2eHaV,,,,,,,,,,,,,,,,
,Live Performances,,,,,,,,,,,,,,,,,,,,,,
Curtain Call 2,"Super Bowl Performance
(feat. Dr. Dre, Snoop Dogg, Eminem, Mary J. Blige, & 50 Cent)","Studio Super Bowl audio performance of February 13th, 2022 that was forceleaked on October 11th, 2023. Kendrick extended part from the live performance is mumble.","Feb 13, 2022",Live Performance,Full,CD Quality,https://pillows.su/f/3940ad4f9ecba4819ffe114c31b19bee,,,,,,,,,,,,,,,,
Curtain Call 2,"LL COOL J - Rock And Roll Hall Of Fame Performance
(feat. Eminem)","1. Going Back To Cali
2. Rock The Bells",,Live Performance,Full,CD Quality,https://youtu.be/Av8Kq0zRf3I?si=vlcmWtAVFS8wMddq,,,,,,,,,,,,,,,,
,The Death of Slim Shady (Coup de Grâce),"(8/5/2022) (Curtain Call 2 releases)
(7/12/2024) (The Death of Slim Shady (Coupe de Grâce) Releases)",,"Following a hiatus after the release of Music To Be Murdered By: Side B, Eminem began teasing a new album in early 2024. A teaser for the album released on April 26th, 2024 that featured a fake news report about the murder of Slim Shady. Following the single release of 'Houdini' and another album trailer with a callback to Popsomp Hills from the Relapse era, The Death Of Slim Shady (Coupe de Grace) released on July 12th, 2024.",,,,,,,,,,,,,,,,,,,
,Music Videos,,,,,,,,,,,,,,,,,,,,,,
The Death of Slim Shady (Coup de Grâce),"Lyrical Lemonade - Doomsday Pt. 2 [Music Video]
(feat. Eminem) (dir. Cole Bennett)",Official music video for Doomsday Pt. 2.,,Music Video,Full,CD Quality,Eminem - Doomsday 2 (Official Music Video),,,,,,,,,,,,,,,,
The Death of Slim Shady (Coup de Grâce),"Houdini [Music Video]
(dir. Rich Lee)",Official music video for Houdini.,"May 31, 2024",Music Video,Full,CD Quality,Eminem - Houdini [Official Music Video],,,,,,,,,,,,,,,,
The Death of Slim Shady (Coup de Grâce),"Tobey [Music Video]
(feat. Big Sean & BabyTron) (dir. Cole Bennett)",Official music video for Tobey.,,Music Video,Full,CD Quality,Eminem - Tobey feat. Big Sean & BabyTron (Official Music Video),,,,,,,,,,,,,,,,
The Death of Slim Shady (Coup de Grâce),"Somebody Save Me [Music Video]
(feat. Jelly Roll) (dir. Emil Nava)",Official music video for Somebody Save Me.,,Music Video,Full,CD Quality,Eminem - Somebody Save Me (feat. Jelly Roll) [Official Music Video],,,,,,,,,,,,,,,,
The Death of Slim Shady (Coup de Grâce),"Temporary [Music Video]
(feat. Skylar Grey)",Official music video for Temporary.,,Music Video,Full,CD Quality,Eminem - Temporary (feat. Skylar Grey) [Official Music Video],,,,,,,,,,,,,,,,
The Death of Slim Shady (Coup de Grâce),Guilty Conscience 2 [Music Video],"An unofficial music video made by the same people who made the Tone Deaf video. Sent to Interscope to be made official but was scrapped due to too much ""Red Tape"".",,Music Video,Full,CD Quality,Eminem - Guilty Conscience 2 [Animated Music Video],,,,,,,,,,,,,,,,
The Death of Slim Shady (Coup de Grâce),"Fuel [Lyric Video]
(feat. JID) ",Official lyric video for Fuel.,,Lyric Video,Full,CD Quality,Eminem - Fuel (feat. JID) [Official Lyric Video],,,,,,,,,,,,,,,,
The Death of Slim Shady (Coup de Grâce),"LL Cool J - Murdergram Deux [Music Video]
(feat. Eminem)",Official music video for Murdergram Deux.,,Music Video,Full,CD Quality,LL COOL J - Murdergram Deux ft. Eminem - YouTube,,,,,,,,,,,,,,,,
,Videos,,,,,,,,,,,,,,,,,,,,,,
The Death of Slim Shady (Coup de Grâce),The Death of Slim Shady (Coup de Grâce) Announcement Trailer,Trailer and reveal for TDoSS.,"Apr 25, 2024",Other,Full,CD Quality,Eminem - THE DEATH OF SLIM SHADY (COUP DE GRÂCE),,,,,,,,,,,,,,,,
The Death of Slim Shady (Coup de Grâce),The Death of Slim Shady (Coup de Grâce) Trailer,Trailer for TDoSS set in Pompsomp Hills hospital. Has a bunch of Relapse references for some reason.,"Jul 1, 2024",Other,Full,CD Quality,Eminem - The Death of Slim Shady [Album Trailer],,,,,,,,,,,,,,,,
The Death of Slim Shady (Coup de Grâce),The Death of Slim Shady (Coup de Grâce) Graveyard Trailer,"Another Trailer for TDoSS, extended version of Renaissances intro.","Jul 10, 2024",Other,Full,CD Quality,Eminem - The Death of Slim Shady [Graveyard Album Trailer],,,,,,,,,,,,,,,,
The Death of Slim Shady (Coup de Grâce),The Death of Slim Shady (Coup de Grâce) Basement Trailer,Final trailer before TDoSS released. Features a part of the Breaking News (Skit).,"Jul 11, 2024",Other,Full,CD Quality,Eminem - The Death of Slim Shady (Basement Trailer),,,,,,,,,,,,,,,,
The Death of Slim Shady (Coup de Grâce),The Death of Slim Shady (Coup de Grâce) [Expanded Mourners Edition] Trailer,Trailer for the deluxe version of TDoSS.,"Sep 10, 2024",Other,Full,CD Quality,MISSING: SLIM SHADY [Expanded Mourner’s Edition Trailer],,,,,,,,,,,,,,,,
,Live Performances,,,,,,,,,,,,,,,,,,,,,,
The Death of Slim Shady (Coup de Grâce),"From The D 2 The LBC Live at the VMAs
(feat. Snoop Dogg)",,,Live Performance,Full,CD Quality,https://youtu.be/cE2E6bj0Hg4?si=u7y9nWQ599FxloET,,,,,,,,,,,,,,,,
The Death of Slim Shady (Coup de Grâce),"Live in Michigan
(feat. Jelly Roll & Trick Trick)","1. Houdini
2. Sing For The Moment (feat. Jelly Roll)
3. Welcome 2 Detroit (feat. Trick Trick)
4. Not Afraid",,Live Performance,Full,CD Quality,https://youtu.be/v9d4fOrtmnw?si=4OWQ6vH59hf0T9yE,,,,,,,,,,,,,,,,
The Death of Slim Shady (Coup de Grâce),"Rock And Roll Hall Of Fame Performance
(feat. Steven Tyler & Ed Sheeran)","1. My Name Is
2. Rap God
3. Sing For The Moment (feat. Steven Tyler)
4. Stan (feat. Ed Sheeran)
5. Forever
6. Not Afraid",,Live Performance,Full,CD Quality,https://youtu.be/7_We5YFmS8Q?si=_d2AqKoc__x9gQ_X,,,,,,,,,,,,,,,,
,Never Recorded,,,,,,,,,,,,,,,,,,,,,,
The Death of Slim Shady (Coup de Grâce),"Badguy
(ref. ???)","OG Filename: Badguy Ref V2 DVLP
Found in the EF folder dump. Supposedly a hook ref for Em. Unknown if he ever recorded for it, but most likely not. All of them have the same unknown woman on the hooks.",,Ref Track,Never Recorded,N/A,https://pillows.su/f/d0c3630d34aebcb91c27c9a826d96abf,,,,,,,,,,,,,,,,
The Death of Slim Shady (Coup de Grâce),"Fuel [V1]
(feat. Kendrick Lamar) (prod. Mr. Porter & Eminem)",Denaun mentioned during his interview on The 3rd Verse that he originally wanted to get Kendrick on Fuel as a feature.,,OG,Never Recorded,N/A,,,,,,,,,,,,,,,,,
The Death of Slim Shady (Coup de Grâce),"I Tried
(ref. ???)","OG Filename: I tried ref v4 DVLP
Found in the EF folder dump. Supposedly a hook ref for Em. Unknown if he ever recorded for it, but most likely not. All of them have the same unknown woman on the hooks.",,Ref Track,Never Recorded,N/A,https://pillows.su/f/558a678b110366a0cb4ca7238d81ec0c,,,,,,,,,,,,,,,,
The Death of Slim Shady (Coup de Grâce),"No Distance
(ref. ???)","OG Filename: No Distance Ref V1 DVLP
Found in the EF folder dump. Supposedly a hook ref for Em. Unknown if he ever recorded for it, but most likely not. All of them have the same unknown woman on the hooks.",,Ref Track,Never Recorded,N/A,https://pillows.su/f/e629aff0c770e28dc22393785377a80c,,,,,,,,,,,,,,,,
The Death of Slim Shady (Coup de Grâce),"These Thoughts
(ref. ???)","OG Filename: These Thoughts ref V3 DVLP
Found in the EF folder dump. Supposedly a hook ref for Em. Unknown if he ever recorded for it, but most likely not. All of them have the same unknown woman on the hooks.",,Ref Track,Never Recorded,N/A,https://pillows.su/f/7e5596b9523ff01839a6ef3507c0ff20,,,,,,,,,,,,,,,,
The Death of Slim Shady (Coup de Grâce),"2 Chainz & Lil Wayne - Kyrie & Luka
(feat. Eminem)","2 Chainz originally wanted Kyrie & Luka to appear on his collab album with Lil Wayne 'Welcome 2 Collegrove', but thought that the song would be too long with both Wayne and Em on it, so he never got Wayne to record.",,OG,Never Recorded,N/A,,,,,,,,,,,,,,,,,
The Death of Slim Shady (Coup de Grâce),"Ed Sheeran - Temporary
(prod. Skylar Grey)","Skylar Grey said in an interview that she imagined Ed Sheeran finishing Temporary, and told Em to send it to Ed, before Em kept it for himself. ",,OG,Never Recorded,N/A,https://eminem.news/skylar-grey-temporary-story.html,,,,,,,,,,,,,,,,
The Death of Slim Shady (Coup de Grâce),White Gold - ???,White Gold teased a song with him talking to Eminem from Slim's perspective and talking about how he's aged and bored with rap. He later clarified that he never sent it to Em and that it was a personal project he never finished and doesn't plan on releasing.,,Demo,Never Recorded,N/A,https://pillows.su/f/78443e5fb45d07b379d42558c4e7f174,,,,,,,,,,,,,,,,
The Death of Slim Shady (Coup de Grâce),"???
(prod. Metro Boomin)","Metro Boomin stated he wanted to collab with Em when TDOSS was announced, but this seemingly never happened (unless he's working on Em's next album).",,Throwaway,Never Recorded,N/A,,,,,,,,,,,,,,,,,
,LP13,"(07/12/2024) (The Death of Slim Shady (Coup de Grâce) Releases)
(Ongoing)",,,,,,,,,,,,,,,,,,,,,
,Live Performances,,,,,,,,,,,,,,,,,,,,,,
LP13,Live At MTV VMAs 2024,"1. Houdini
2. Somebody Save Me",,Live Performance,Full,CD Quality,Eminem - Somebody Save Me & Houdini (Live from the MTV VMA’s 2024),,,,,,,,,,,,,,,,
LP13,Gin & Juice Launch Concert,"1. Dr. Dre - Forgot About Dre (feat. Eminem)
2. Houdini","Jul 21, 2024",Live Performance,Full,CD Quality,"Eminem & Dr. Dre - ""Forgot About Dre"" [Live Performance] - YouTube
Eminem - Houdini [Live Performance]",,,,,,,,,,,,,,,,
LP13,Live At Abu Dhabi 2024,"No full recording of this and of the ones out there the vocals sound extremely drowned out.

1. Lucifer
2. Square Dance
3. Won't Back Down
4. 3 a.m.
5. Kill You
6. White America
7. Godzilla
8. Rap God
9. Sing For The Moment
10. Like Toy Soldiers
11. Venom
12. Forever
13. Marshall Mathers
14. Just Don't Give A Fuck
15. Criminal
16. The Way I Am
17. Stan (feat. Skylar Grey)
18. Love The Way You Lie (feat. Skylar Grey)
19. Berzerk
20. Higher
21. Till I Collapse
22. Cinderella Man
23. Temporary (feat. Skylar Grey)
24. Somebody Save Me (feat. Skylar Grey)
25. The Monster (feat. Skylar Grey)
26. My Name Is
27. The Real Slim Shady
28. Without Me
29. Houdini
30. Not Afraid
31. Lose Yourself","Dec 7, 2024",Live Performance,Partial,Recording,,,,,,,,,,,,,,,,,
LP13,"Live At Beyon Al Dana Amphitheatre, Aş Şakhīr, Bahrain","1. Lucifer
2. Square Dance
3. Won't Back Down
4. 3 a.m.
5. Kill You
6. White America
7. Godzilla
8. Rap God
9. Sing For The Moment
10. Like Toy Soldiers
11. Venom
12. Forever
13. Marshall Mathers
14. Just Don't Give A Fuck
15. Criminal
16. The Way I Am
17. Stan (feat. Skylar Grey)
18. Love The Way You Lie (feat. Skylar Grey)
19. Berzerk
20. Higher
21. Till I Collapse
22. Cinderella Man
23. Temporary (feat. Skylar Grey)
24. Somebody Save Me (feat. Skylar Grey)
25. The Monster (feat. Skylar Grey)
26. My Name Is
27. The Real Slim Shady
28. Without Me
29. Houdini
30. Not Afraid
31. Lose Yourself","Dec 10, 2024",Live Performance,Full,CD Quality,https://youtu.be/bE7ZtTD1KCE?si=DZoOhWo5sezB_j5o,,,,,,,,,,,,,,,,
LP13,Live At Soundstorm Festival 2024,"1. Lucifer
2. Square Dance
3. Won't Back Down
4. 3 a.m.
5. Kill You
6. White America
7. Godzilla
8. Rap God
9. Sing For The Moment
10. Like Toy Soldiers
11. Venom
12. Forever
13. Marshall Mathers
14. Just Don't Give A Fuck
15. Criminal
16. The Way I Am
17. Stan (feat. Skylar Grey)
18. Love The Way You Lie (feat. Skylar Grey)
19. Berzerk
20. Higher
21. Till I Collapse
22. Cinderella Man
23. Temporary (feat. Skylar Grey)
24. Somebody Save Me (feat. Skylar Grey)
25. The Monster (feat. Skylar Grey)
26. My Name Is
27. The Real Slim Shady
28. Without Me
29. Houdini
30. Not Afraid
31. Lose Yourself","Dec 12, 2024",Live Performance,Full,CD Quality,https://youtu.be/_pE8RySZ3b8?si=WgictOl4xd9rXPVF,,,,,,,,,,,,,,,,
,Videos,,,,,,,,,,,,,,,,,,,,,,
LP13,Stans (Trailer),"Trailer for the ""Stans"" movie.","Jul 15, 2025",Other,Full,CD Quality,https://youtu.be/DZkDackH-H8?si=gRXNyIGySvSB2dV7,,,,,,,,,,,,,,,,
LP13,"JID - Animals Pt. 1 [Lyric Video]
(feat. Eminem)","Official lyric video for ""Animals Pt. 1"".","Jun 4, 2025",Lyric Video,Full,CD Quality,https://youtu.be/JPyOYoNleFo?si=r2jVGI1f8s0myJCr,,,,,,,,,,,,,,,,
LP13,HITMAN Eminem vs. Slim Shady Elusive Target (Trailer),Trailer for the Eminem x HITMAN collab.,"Nov 20, 2025",Other,Full,CD Quality,https://youtu.be/qk6wSOEqMHU?si=XXcwePzsZyWIastJ,,,,,,,,,,,,,,,,
,Never Recorded,,,,,,,,,,,,,,,,,,,,,,
LP13,"Rapsody - Abandoned Me
(feat. Eminem) (prod. Mr. Porter)",Rapsody mentioned that she wanted to feature Eminem on her song Abandoned Me but couldn't due to deadlines.,,Feature,Never Recorded,N/A,https://youtu.be/md1X_LNpLRU?si=ZnFW4apEqegcuwAw&t=2715,,,,,,,,,,,,,,,,
,Other,,,,,,,,,,,,,,,,,,,,,,
LP13,🗑️ Scram Jones - Eminem: The Coup De Grace Mix (DJ Mix),"Released on Halloween, this mixtape was put only on Apple Music and officially backed by Eminem/Shady Records. It's pretty much worthless trash and the only thing worth noting is that I'll Hurt You is on here in maybe the best quality we've heard yet but its been edited down (it's actually the same quality as the leak lol).","Oct 31, 2024",Full Album Copy,Full,CD Quality,https://pixeldrain.com/u/m8JVZbZj,,,,,,,,,,,,,,,,
LP13,🗑️ Scram Jones - Eminem: The Coup De Grace Mix (DJ Mix) [Master Files],"Master files for the Apple Music exclusive mixtape. Includes revised files that were used for release. Leaked on March 14th, 2026 from a mass Box leak from The Engine Room recording studios in NYC.","Oct 1, 2024",Other,Full,Lossless,https://drive.google.com/drive/folders/1nyGvsR-03lZKKeJtBWK0-4r1DC_sV7Br?usp=sharing,,,,,,,,,,,,,,,,
LP13,🗑️ Scram Jones - Eminem: The Coup De Grace Mix (DJ Mix) [Sequenced Copy],"OG Filename: Eminem - Scram Jones Full Program MAIN 24bit FINAL 10 2 24
Fully sequenced copy of the mixtape. Made one day after the final mixes.","Oct 2, 2024",Full Album Copy,Full,Lossless,https://drive.google.com/file/d/1UfepoZ5w5bQ6UD57q5trdNy9k-uia5Sw/view?usp=sharing,,,,,,,,,,,,,,,,
LP13,Unused Happy Gilmore 2 Footage,"Adam Sandler mentioned that there's a hour worth of unused Eminem clips that were ""hilarious"". ",,Other,Confirmed,Not Available,https://youtube.com/shorts/R5AO5uSui1E?si=nZ_LRSvtcqB0U41w,,,,,,,,,,,,,,,,