 Era,Name,Notes,Source,Type,Currently Available,Link(s),,
"9 Total
4 Instrumental
3 Acapella
1 Other
1 TV Track",Pre-Infinite,"(10/17/1972) (Marshall Bruce Mathers III is born in Missouri)
(XX/XX/1995) (Work on Infinite begins)",,,,,,
,Instrumentals,,,,,,,
Pre-Infinite,Biterphobia (Instrumental),Full version hasn't leaked yet.,Leak,Instrumental,LQ Snippet,https://pillows.su/f/ceb66115b7db36a9c3eeb545f1c02c7e   https://pillows.su/f/340d9930f652cfaede64fe0d32c3683c,,
Pre-Infinite,Steppin' On To The Scene (Instrumental),A version of the instrumental that was accidently cut off was on the Under New Management/Cold Room On This Defin' Tape.,Tape,Instrumental,LQ Snippet,https://pillows.su/f/2b64d638cacbfd928893233b81233c6a,,
Pre-Infinite,Under New Management (Instrumental),Leaked instrumental for Under New Management. Currently all we have of the song.,Leak,Instrumental,Full LQ,https://pillows.su/f/1a97820bea88a11c90bccc2a44e42a82,,
Pre-Infinite,2Pac - Out On Bail [V1] (Instrumental),Source unknown.,Unknown,Instrumental,Full HQ,https://pillows.su/f/34098b36067848d02f08907963926bd9,,
,Acapellas,,,,,,,
Pre-Infinite,2Pac - Black Cotton [V1] (Acapella),Source unknown. Lacks Mopreme's parts.,Unknown,Acapella,Partial HQ,https://pillows.su/f/d0bd752576de923eb224ba753087ae9f,,
Pre-Infinite,2Pac - Hennessy [V1] (Acapella),Source unknown. Weirdly has different layers panned to different ears.,Unknown,Acapella,Partial HQ,https://pillows.su/f/5d1a4b36cb5fddfe614cbfa96c290678,,
Pre-Infinite,2Pac - Out On Bail [V1] (Acapella),Source unknown. Lacks the chorus.,Unknown,Acapella,Partial CDQ,https://pillows.su/f/2b75f0bd284aff85691f670ffbca8d95,,
,Other,,,,,,,
Pre-Infinite,2Pac - Black Cotton [V1] (Ad-libs) (Acapella),Only has the layers and ad-libs.,Unknown,Other,Full HQ,https://pillows.su/f/3c024d92fc47150f8e90527777e25596,,
Pre-Infinite,2Pac - Hennessy [V1] (TV Track),Source unknown.,Unknown,TV Track,Full HQ,https://pillows.su/f/31c02657eb0326df3fc6e35f5e58771f,,
"7 Total
4 Instrumental
3 Acapella",Slim Shady EP,"(11/12/1996) (Infinite releases)
(12/16/1997) (SSEP releases)",,,"After his failed suicide attempt, Eminem worked on the Slim Shady EP. It got some buzz in the underground and online sites couldn't keep it in stock. Following the Rap Olympics, Dean Geistlinger from Interscope, an assistant in Jimmy Iovine's office at that time would be given the demo by Eminem. The tape then would eventually find its way to Dr. Dre & Jimmy Iovine's hands, who loved it.",,,
,Instrumentals,"
",,,,,,
Slim Shady EP,Just Don't Give A Fuck (Instrumental) [V1-V4],"According to Mr. Porter, he tackled the beat about 4 times before the SSEP version.",Info,Instrumental,Not Available,,,
Slim Shady EP,Just Don't Give A Fuck (Instrumental) [EP Version],"Official instrumental for ""Just Don't Give A Fuck (EP Version)"".",Unknown,Instrumental,Full Lossless,https://pillows.su/f/50e5059fad5cc8880ecb9e3d75399bc2,,
Slim Shady EP,"Outsidaz - Macosa (Instrumental)
(prod. Pacewon)","Official instrumental for ""Macosa"".",Single Vinyl,Instrumental,Full HQ,https://pillows.su/f/634c20a4cc17ccc1536720399716c208,,
Slim Shady EP,The Anonymous - Green and Gold (Instrumental),"Official instrumental for ""Green and Gold"".",Digital Single,Instrumental,Full Lossless,https://pillows.su/f/0c6685c6cbf46f04bb095b790e4ad9da,,
,Acapellas,"
",,,,,,
Slim Shady EP,Just Don't Give A Fuck (Acapella) [EP Version],"Official acapella for ""Just Don't Give A Fuck (EP Version)"".",Unknown,Acapella,Full Lossless,https://pillows.su/f/fb7cddc7528df256b59af457035c1e22,,
Slim Shady EP,"Indigenous Tribe - Fists-O-Fury (Acapella)
(feat. Eminem)
(Drastic Measures, Microphone Autopsy, Proximity Mine)","A snippet of the acapella, only includes Em's verse. ",Single Vinyl,Acapella,HQ Snippet,https://pillows.su/f/0aebd023c5f2fec5334656695f9d42ce,,
Slim Shady EP,"Outsidaz - Macosa (Acapella)
(feat. Eminem)","Official acapella for ""Macosa"".",Single Vinyl,Acapella,Full HQ,https://pillows.su/f/4b34df98081b597d2cd7b3d20e3f4b62,,
"24 Total
14 Instrumental
10 Acapella",The Slim Shady LP,"(12/16/1997) (Slim Shady EP releases)
(02/23/1999) (The Slim Shady LP releases)",,,"Dr. Dre eventually got to work with Eminem, they made 5 songs in their first sesison together (My Name Is, Role Model, Being Partners, When Hell Freezes Over & Night And Day), 3 of those would be release on The Slim Shady LP. This is usually considered to be Eminem's first studio album.",,,
,Instrumentals,,,,,,,
The Slim Shady LP,"My Name Is (Instrumental)
(prod. Dr. Dre)","Official instrumental for ""My Name Is"".",Expanded Edition,Instrumental,Full Lossless,https://pillows.su/f/562994a1352a7a9217613cc7521bb21e,,
The Slim Shady LP,"Guilty Conscience (Instrumental) [Hook Version]
(prod. Dr. Dre & Eminem)","Official instrumental for ""Guilty Conscience"".",Expanded Edition,Instrumental,Full Lossless,https://pillows.su/f/c0ca2e7e097037e80851c6fe84e3ad8d,,
The Slim Shady LP,"Role Model (Instrumental)
(prod. Dr. Dre & Mel-Man)","Official instrumental for ""Role Model"".",Single Vinyl,Instrumental,Full Lossless,https://pillows.su/f/4e0b146bf8e7928702b2d4124d7cf781,,
The Slim Shady LP,"Cum On Everybody (Instrumental)
(prod. Bass Brothers)","Official instrumental for ""Cum On Everybody"".",Single Vinyl,Instrumental,Full Lossless,https://pillows.su/f/b2cf1dd375c8294ed7f79984e8eba412,,
The Slim Shady LP,"Just Don't Give A Fuck (Instrumental)
(prod. Bass Brothers, Eminem & Mr. Porter)","Official instrumental for ""Just Don't Give A Fuck"".",Expanded Edition,Instrumental,Full Lossless,https://pillows.su/f/4466374bd5b46d2d70865d0e9cca0c5f,,
The Slim Shady LP,"I'm Shady (Instrumental)
(prod. Bass Brothers & Eminem)","Official instrumental for ""I'm Shady"".",Single Vinyl,Instrumental,Full Lossless,https://pillows.su/f/bd75501086a0ab3c0afedd3abd798d85,,
The Slim Shady LP,"Get You Mad (Instrumental)
(prod. King Tech)","Official instrumental for ""Get You Mad"".",Single Vinyl,Instrumental,Full CDQ,https://pillows.su/f/cabae59b106fd4c78652d6fcea3e753c,,
The Slim Shady LP,Bad Meets Evil - Nuttin' To Do (Instrumental),"Official instrumental for ""Nuttin' To Do"".",Maxi Single,Instrumental,Full Lossless,https://pillows.su/f/91954eab6d30316de02802d95f90196e,,
The Slim Shady LP,Bad Meets Evil - Scary Movies (Instrumental),"Official instrumental for ""Scary Movies"".",Maxi Single,Instrumental,Full Lossless,https://pillows.su/f/abde1f6ceb3e57b5ae0e1cd35633fdff,,
The Slim Shady LP,Da Ruckus - We Shine (Instrumental) [Ruff & Rugged Remix],"Official instrumental for the Ruff & Rugged remix of ""We Shine"".",Single Vinyl,Instrumental,Full HQ,https://pillows.su/f/60f851138c4b9f254cec15ac9c2d8d04,,
The Slim Shady LP,"Dr. Dre - What's The Difference? (Instrumental) [V1]
(prod. Dr. Dre & Mel-Man)","Dreamskillz mentioned that the B-side of the demo tape he owned featured 8 instrumentals, one of which was an early instrumental for What's The Difference.",Info,Instrumental,Not Available,https://www.valueyourmusic.com/items/143571967686-dr-dre-chronic-2001-demo-tape-rare-unreleased-rap-98-hear-60-minutes,,
The Slim Shady LP,"DJ Spinna - Watch Deez (Instrumental)
(prod. DJ Spinna)","Official instrumental for ""Watch Deez"".",CD Single,Instrumental,Full HQ,https://pillows.su/f/a266826f4205c59e45e18f448ad809b3,,
The Slim Shady LP,OldWorlDisorder - 3hree6ix5ive (Instrumental),"Official instrumental for ""3hree6ix5ive"".",Digital Single,Instrumental,Full Lossless,https://pillows.su/f/70f772a1e7713503f9ace127e5093611,,
The Slim Shady LP,Shabaam Sahdeeq - 5 Star Generals (Instrumental),"Official instrumental for ""5 Star Generals"".",Unknown,Instrumental,Full Lossless,https://pillows.su/f/fa4dacd34d55cb71965629ebb0356aba,,
,Acapellas,"
",,,,,,
The Slim Shady LP,Just Don't Give A Fuck (Acapella),"Official acapella for ""Just Don't Give A Fuck"".",Expanded Edition,Acapella,Full Lossless,https://pillows.su/f/76058c5ff1206fc54e0742e36e5b2d98,,
The Slim Shady LP,Guilty Conscience (Acapella) [Clean],"Official acapella for ""Guilty Conscience"".",Expanded Edition,Acapella,Full Lossless,https://pillows.su/f/b440b4991d7790456e65554db47665b9,,
The Slim Shady LP,Greg (Acapella),"Official acapella for ""Greg"".",Expanded Edition,Acapella,Full Lossless,https://pillows.su/f/683fdb0ed46d140f492fabb7b0808850,,
The Slim Shady LP,Hazardous Youth (Acapella),"Official acapella for ""Hazardous Youth"".",Expanded Edition,Acapella,Full Lossless,https://pillows.su/f/aa81f9ea44cbb97818ffc2787d58f649,,
The Slim Shady LP,I'm Shady (Acapella),Source unknown.,Promo Vinyl,Acapella,Full Lossless,https://pillows.su/f/edda3dd3a702310eca60e04b8e2a624d,,
The Slim Shady LP,Cum On Everybody (Acapella),Source unknown.,Unknown,Acapella,Full HQ,LINK NEEDED,,
The Slim Shady LP,My Name Is [V4] (Acapella),"OG Filename: my name is aca
Has weird splices in the acapella. Leaked in an acapella package on April 16th, 2025.",Leak,Acapella,Full HQ,https://pillows.su/f/231f7ab627091b222f0dc47479366e8e,,
The Slim Shady LP,My Name Is [V4] (Acapella),"Uncensored acapella for ""My Name Is"".",Promo CD,Acapella,Full Lossless,https://pillows.su/f/b5dbb8ed0a02c567ac43e88abf897be6,,
The Slim Shady LP,Get You Mad (Acapella) [Clean],"Official acapella for ""Get You Mad"".",Single Vinyl,Acapella,Full CDQ,https://pillows.su/f/4b7c12ed4be71212da433b20cee3e1e4,,
The Slim Shady LP,"The High & Mighty - The Last Hit (Acapella)
(feat. Eminem)",Snippet shared on Twitter.,Leak,Acapella,CDQ Snippet,https://fxtwitter.com/DjMightyMi/status/907742676887277568,,
"27 Total
16 Instrumental
11 Acapella","The Marshall Mathers LP
(Amsterdam, Amsterdamn)","(02/23/1999) (The Slim Shady LP releases)
(05/23/2000) (The Marshall Mathers LP releases)",,,"With the success of The Slim Shady LP, Eminem had to make another album. Originally titled ""Amsterdamn"", which was one of his favorite cities, this and a combination of being ""irked"" by Dutch journalists (which he'd write several songs about on his first trip) and the legal drugs it had to offer is what inspired the original title. The name would go from ""Amsterdamn"" to ""The Marshall Mathers LP"" after he made the song ""Marshall Mathers"". This is widley considered to be one of, if not, Eminem's best album, The Marshall Mathers LP sold 1.78 million copies in its first week, which made it one of the fastest-selling studio albums in the United States.",,,
,Instrumentals,,,,,,,
The Marshall Mathers LP,"Stan (Instrumental)
(prod. The 45 King & Eminem)","Official instrumental for ""Stan"".",Expanded Edition,Instrumental,Full Lossless,https://pillows.su/f/5fd0dd2c60209c775a8470b0cf357862,,
The Marshall Mathers LP,"The Way I Am (Instrumental)
(prod. Eminem)","Official instrumental for ""The Way I Am"".",Expanded Edition,Instrumental,Full Lossless,https://pillows.su/f/ae9495e902de3b366ce9e5b133abb3d0,,
The Marshall Mathers LP,"The Real Slim Shady (Instrumental)
(prod. Dr. Dre & Mel-Man)","Official instrumental for ""The Real Slim Shady"".",Expanded Edition,Instrumental,Full Lossless,https://pillows.su/f/1d6afb25fe38e6050f39ae25069d8fc2,,
The Marshall Mathers LP,"Marshall Mathers (Instrumental)
(prod. Eminem & Bass Brothers)",Leaked by Joe Strange.,Leak,Instrumental,Full CDQ,https://pillows.su/f/75914900c0e7c8be298647e579a455fa,,
The Marshall Mathers LP,"Drug Ballad (Instrumental)
(prod. Eminem & Bass Brothers)",Leaked by Joe Strange.,Leak,Instrumental,Full CDQ,https://pillows.su/f/6652fd1bdbf231cec505b4385b783c62,,
The Marshall Mathers LP,"Amityville (Instrumental)
(prod. Eminem & Bass Brothers)",Leaked by Joe Strange.,Leak,Instrumental,Full CDQ,https://pillows.su/f/fe7604fa74529022e1ff82fa22eb120a,,
The Marshall Mathers LP,"Bitch Please II (Instrumental)
(prod. Dr. Dre)","Official instrumental for ""Bitch Please II"".",Single Vinyl,Instrumental,Full HQ,https://pillows.su/f/43ef475e72a142b82a49e4598c3d2e79,,
The Marshall Mathers LP,"Kim (Instrumental)
(prod. Bass Brothers)",Leaked by Joe Strange. Beat features the radio sample cut in release.,Leak,Instrumental,Full CDQ,https://pillows.su/f/5e77e00bc7223aac115f85c66544f7e5,,
The Marshall Mathers LP,"Any Man (Instrumental)
(prod. Da Beatminerz)","Official instrumental for ""Any Man"".",Single Vinyl,Instrumental,Full Lossless,https://pillows.su/f/985584d0f153348e77f64e7ec4f7d040,,
The Marshall Mathers LP,Beautiful (Instrumental) [V1],"Joe Strange suggested that the instrumental could originate from the MMLP times, however this is not confirmed. Was likely untitled at that point.",Info,Instrumental,Rumored,,,
The Marshall Mathers LP,"Dr. Dre - Forgot About Dre (Instrumental)
(prod. Dr. Dre & Mel-Man)","Official instrumental for ""Forgot About Dre"".",Instrumental Album,Instrumental,Full Lossless,https://pillows.su/f/43b9651d5c86e22e6988a4d5b2cf52b8,,
The Marshall Mathers LP,"Dr. Dre - The Watcher (Instrumental)
(prod. Dr. Dre & Mel-Man)",Released on the 2001 Instrumental album.,Instrumental Album,Instrumental,Full Lossless,https://pillows.su/f/63ecc7e37f8c6972e11c63be078cbeaf,,
The Marshall Mathers LP,"Dr. Dre - What's The Difference? (Instrumental)
(prod. Dr. Dre & Mel-Man)",Released on the 2001 Instrumental album.,Instrumental Album,Instrumental,Full Lossless,https://pillows.su/f/a4fd595301a5cb557be59ddfa0dbd96b,,
The Marshall Mathers LP,"Funkmaster Flex & Big Kap - If I Get Locked Up (Instrumental)
(prod. Rockwilder)","Official Instrumental for ""If I Get Locked Up"".",Instrumental Album,Instrumental,Full CDQ,https://pillows.su/f/10c42ba7983db50072831511949aba53,,
The Marshall Mathers LP,Sway & King Tech - The Anthem (Instrumental),"Official Instrumental for ""The Anthem""",CD Single,Instrumental,Full Lossless,https://pillows.su/f/11ecfe2b7dadb1d3203543435e02bd45,,
The Marshall Mathers LP,"The Notorious B.I.G. - Dead Wrong (Instrumental)
(prod. Chucky Thompson, Yello Man & P. Diddy)","Has one instrumental from vinyl, and another from a promo CD.",Other,Instrumental,Full Lossless,"https://pillows.su/f/9c8fab7b43f439d113858eb76ca75dd0
https://pillows.su/f/41e1c3540645d3f3a949300cd30cc34b",,
,Acapellas,"
",,,,,,
The Marshall Mathers LP,Kill You (Acapella),"OG Filenames: Kill You-ACCA / Kill You-ACCA-04 / Kill You Accent Track_01 / Kill You ALT Accent Track_01
Includes 2 different files for the vocals and 2 ""accent"" tracks. Leaked in an acapella package on April 16th, 2025.",Leak,Acapella,Full Lossless,"Acapella
Alternate
Accent Track 1
Accent Track 2",,
The Marshall Mathers LP,Stan (Acapella),"OG Filename: Stan ACCA
The acapella replays itself. Leaked in an acapella package on April 16th, 2025.",Leak,Acapella,Full Lossless,https://pillows.su/f/079d04fc068b27439a690035b2f1b25c,,
The Marshall Mathers LP,The Way I Am (Acapella) [Explicit],"Official explicit acapella for ""The Way I Am"".",Single Vinyl,Acapella,Full Lossless,https://pillows.su/f/aeeb595e78f173374399730ea532d376,,
The Marshall Mathers LP,The Way I Am (Acapella) [Clean],"OG Filename: The Way I Am - ACCA
Leaked in an acapella package on April 16th, 2025.",Leak,Acapella,Full Lossless,https://pillows.su/f/f32cf3a4597e522e374b59e8f0687630,,
The Marshall Mathers LP,The Real Slim Shady (Acapella),"Official acapella for ""The Real Slim Shady""",CD Single,Acapella,Full Lossless,https://pillows.su/f/8e79f573d517369e1a99b8cf8a6b2eae,,
The Marshall Mathers LP,"Under The Influence [V1] (Acapella)
(feat. D12)","OG Filename: Under The Influence_ACCA
Contains additional unheard Proof vocals in the outro. Leaked in an acapella package on April 16th, 2025.",Leak,Acapella,Full Lossless,https://pillows.su/f/9279e770fc3a67a5a3f1524a7ca2191c,,
The Marshall Mathers LP,Any Man (Acapella),"Official acapella for ""Any Man"".",Single Vinyl,Acapella,Full Lossless,https://pillows.su/f/22f92316a8f3c25a654c8d5ca058e788,,
The Marshall Mathers LP,"Dr. Dre - Forgot About Dre (Acapella)
(feat. Eminem)",Source unknown.,Unknown,Acapella,Full HQ,https://pillows.su/f/564e51da33742d94ef70ef6cc3ccb16d,,
The Marshall Mathers LP,"Sway & King Tech - The Anthem (Acapella)
(feat. RZA, Tech N9ne, Eminem, Xzibit, Pharaohe Monch, Kool G Rap, Chino XL, KRS-One & Jayo Felony)","Official acapella for ""The Anthem"".",CD Single,Acapella,Full CDQ,https://pillows.su/f/dde4fdec66b1ec1860f091ec8020d7bb,,
The Marshall Mathers LP,"Sway & King Tech - The Anthem (Acapella) [Clean]
(feat. RZA, Tech N9ne, Eminem, Xzibit, Pharaohe Monch, Kool G Rap, Chino XL, KRS-One & Jayo Felony)","Official clean acapella for ""The Anthem"".",CD Single,Acapella,Full Lossless,https://pillows.su/f/0097ad03521e393a2a22eedbe2d4a12b,,
The Marshall Mathers LP,The Notorious B.I.G. - Dead Wrong (Acapella),Source unknown. Lacks Eminem's verse.,Unknown,Acapella,Partial HQ,https://pillows.su/f/413bc5ce190ba47a996c9cbf037ae486,,
"12 Total
6 Instrumental
6 Acapella","Devil's Night
(Collaboration with D12)
(Trouble)","(05/23/2000) (The Marshall Mathers LP releases)
(06/19/2001) (Devil's Night releases)",,,"After the success of The Slim Shady LP, Eminem kept his promise and brought D12 with him. Making their first appearences on MMLP (Amityville & Under The Influence respectively). They would name Devil's Night after a tradition in Detroit where the night before Halloween (October 30th), which had to do with vandelism and arson.",,,
,Instrumentals,,,,,,,
Devil's Night,"Pistol Pistol (Instrumental)
(prod. Eminem)","Official instrumental for ""Pistol Pistol"".",Promo CD,Instrumental,Full CDQ,https://pillows.su/f/993ba2414ab3aaa461da2b8498199a5c,,
Devil's Night,"That's How (Instrumental)
(prod. Mr. Porter & Eminem)","Official instrumental for ""That's How"".",Single Vinyl,Instrumental,Full HQ,https://pillows.su/f/a17ec4fa49d9e8209563ce560b343eac,,
Devil's Night,"Purple Pills (Instrumental)
(prod. Eminem)","Official instrumental for ""Purple Pills"".",Expanded Edition,Instrumental,Full Lossless,https://pillows.su/f/f6121e266035864051553e59e4be954f,,
Devil's Night,"Fight Music (Instrumental)
(prod. Dr. Dre)","Official instrumental for ""Fight Music"".",Expanded Edition,Instrumental,Full Lossless,https://pillows.su/f/7ac9402846c4102cae301440d6119899,,
Devil's Night,"Blow My Buzz (Instrumental)
(prod. Eminem)","Official instrumental for ""Blow My Buzz"".",Expanded Edition,Instrumental,Full Lossless,https://pillows.su/f/5433b501be15defcffc3c35f6f96d9b8,,
Devil's Night,"Shit On You (Instrumental)
(prod. DJ Head & Eminem)","Official instrumental for ""Shit On You"".",Expanded Edition,Instrumental,Full Lossless,https://pillows.su/f/ca7fe9cf53c0496a8b1b86e21e3345b2,,
,Acapellas,"
",,,,,,
Devil's Night,Pistol Pistol (Acapella),"Official acapella for ""Pistol Pistol"".",Single Vinyl,Acapella,Full HQ,https://pillows.su/f/98e65626638a4989b01412374e649fb1,,
Devil's Night,That's How (Acapella),"Official acapella for ""That's How"".",Single Vinyl,Acapella,Full HQ,https://pillows.su/f/555e063f97c1916817cb9c414b73178e,,
Devil's Night,Purple Pills [V1] (Acapella),"OG Filename: Purple Pills ACCA
Contains the uncensored ""infant"" line. Leaked in an acapella package on April 16th, 2025.",Leak,Acapella,Full Lossless,https://pillows.su/f/7c72682dcc8395eb1cfd2c9aa4ab613b,,
Devil's Night,Fight Music (Acapella),"OG Filename: Fight music ACCA
Leaked in an acapella package on April 16th, 2025.",Leak,Acapella,Full Lossless,https://pillows.su/f/db181fbb9102f29c0b85746d6fb3ddd7,,
Devil's Night,Blow My Buzz (Acapella),"Official acapella for ""Blow My Buzz"".",Single Vinyl,Acapella,Full HQ,https://pillows.su/f/218fe73fa19ac8bb0cdf782e942e96b3,,
Devil's Night,Shit On You (Acapella),"Official acapella for ""Shit On You"".",Expanded Edition,Acapella,Full Lossless,https://pillows.su/f/c925a90841c0441fd4a8be3ac85452b1,,
"39 Total
22 Instrumental
17 Acapella","The Eminem Show
(Nothing Mathers, The Eminem LP)","(05/23/2000) (The Marshall Mathers LP releases)
(05/26/2002) (The Eminem Show releases)",,,"Work on The Eminem Show would start during the making of 8 Mile with the song ""Sing For The Moment"". Originally slated for a June 4th, 2002 release, but was pushed ahead after it got leaked weeks in advance. The song ""Stimulate"" was supposed to be in Say Goodbye To Hollywood's place.",,,
,Instrumentals,,,,,,,
The Eminem Show,"White America (Instrumental)
(prod. Eminem & Jeff Bass)",Leaked by Joe Strange.,Leak,Instrumental,Full CDQ,https://pillows.su/f/95bb5219ee586a511ec9701056e43c07,,
The Eminem Show,"Business (Instrumental)
(prod. Dr. Dre)","Official instrumental for ""Business"".",Expanded Edition,Instrumental,Full CDQ,https://pillows.su/f/7cd55b6b3203472a3bb8a409b04dcaa1,,
The Eminem Show,"Cleanin' Out My Closet [V3] (Instrumental)
(prod. Eminem, DJ Head & Jeff Bass)","Official instrumental for ""Cleanin' Out My Closet"", slightly longer than release.",Expanded Edition,Instrumental,Full CDQ,https://pillows.su/f/7ddf6362f3c47bf60a1563f339d99fe4,,
The Eminem Show,"Square Dance [V1] (Instrumental)
(prod. Eminem & Jeff Bass)","Official instrumental for ""Square Dance"". Slightly longer than release.",Expanded Edition,Instrumental,Full CDQ,https://pillows.su/f/2dc9c0ed891d8400fff5e0b8882b82fa,,
The Eminem Show,"Soldier (Instrumental)
(prod. Eminem)",Leaked by Joe Strange. Includes the part from The Kiss.,Leak,Instrumental,Full CDQ,https://pillows.su/f/2c0ac17edbd96fcd9862f3f90d9835b9,,
The Eminem Show,"Say Goodbye Hollywood (Instrumental)
(prod. Eminem)",Leaked by Joe Strange.,Leak,Instrumental,Full CDQ,https://pillows.su/f/ead8328972dc177318ef07ef6a4c79ec,,
The Eminem Show,"Drips (Instrumental)
(prod. Eminem & Jeff Bass)",Leaked by Joe Strange.,Leak,Instrumental,Full CDQ,https://pillows.su/f/fe28e99c99cc810783a55d92a303120d,,
The Eminem Show,"Without Me (Instrumental)
(prod. Eminem, Jeff Bass & DJ Head)","Official instrumental for ""Without Me"".",Expanded Edition,Instrumental,Full CDQ,https://pillows.su/f/ee290b81570ded9f77e40dce4a2a7524,,
The Eminem Show,"Sing For The Moment (Instrumental)
(prod. Eminem & Jeff Bass)","Official instrumental for ""Sing For The Moment"", slightly longer than release.",Expanded Edition,Instrumental,Full CDQ,https://pillows.su/f/ada0778c6c0862ec97aaf92d4e737a6c,,
The Eminem Show,"Superman [V2] (Instrumental)
(prod. Eminem & Jeff Bass)","Version of the Superman instrumental that was released the Expanded Edition, longer than release.",Expanded Edition,Instrumental,Full CDQ,https://pillows.su/f/d08d9370eae5812b986028416172da1a,,
The Eminem Show,"Superman (Instrumental)
(prod. Eminem & Jeff Bass)","Official instrumental for ""Superman"".",Single Vinyl,Instrumental,Full Lossless,https://pillows.su/f/044973d6c68ebf1ff7a9a27230fd0b3c,,
The Eminem Show,"Hailie's Song [V2] (Instrumental)
(prod. Eminem)","Leaked by Joe Strange, has an extended outro.",Leak,Instrumental,Full CDQ,https://pillows.su/f/309f48195c7169033334ee9501123ac8,,
The Eminem Show,"When The Music Stops (Instrumental)
(prod. Eminem & Mr. Porter)",Leaked by Joe Strange.,Leak,Instrumental,Full CDQ,https://pillows.su/f/52914281f067ee971cd771eada7575c2,,
The Eminem Show,"Say What You Say (Instrumental)
(prod. Dr. Dre)","Official instrumental for ""Say What You Say"".",Expanded Edition,Instrumental,Full CDQ,https://pillows.su/f/4ac7034d51798c42525c8b9896a6ac06,,
The Eminem Show,"Till I Collapse (Instrumental)
(prod. Eminem)","Official instrumental for ""Till I Collapse"".",Expanded Edition,Instrumental,Full HQ,https://pillows.su/f/4e4f8260aeae22325b8a849d0565bb2e,,
The Eminem Show,"My Dad's Gone Crazy (Instrumental)
(prod. Dr. Dre)",Leaked by Joe Strange.,Leak,Instrumental,Full CDQ,https://pillows.su/f/d485244dfc4ec9c028a8b021a5ab7a9f,,
The Eminem Show,"Hellbound (H&H Remix) (Instrumental)
(prod. DJ Rob & Domingo)","Official instrumental for ""Hellbound"".",Single Vinyl,Instrumental,Full HQ,https://pillows.su/f/346888eb5333636dbf079d30e9666e31,,
The Eminem Show,I Remember (Instrumental),"Official instrumental for ""I Remember"".",Single Vinyl,Instrumental,Full CDQ,https://pillows.su/f/df05227a3df2d0c2e5e9db4b7dbf6a58,,
The Eminem Show,"Lose Yourself (Instrumental) [V1]
(prod. Jeff Bass & Eminem)","According to Eminem, the Lose Yourself loop was originally on a Jeff Bass beat CD, and Em decided to make it into a full beat and record on it.",Info,Instrumental,Not Available,https://genius.com/5140246,,
The Eminem Show,"JAY-Z - Renegade (Instrumental)
(prod. Eminem)","Official instrumental for ""Renegade"".",Single Vinyl,Instrumental,Full HQ,https://pillows.su/f/353042c0d3cb0cb0f13c278625574879,,
The Eminem Show,"Royce Da 5'9"" - Rock City [V1] (Instrumental)
(prod. Red Spyda)","Official instrumental for the original version of ""Rock City"".",Single Vinyl,Instrumental,Full HQ,https://pillows.su/f/98f67c250962c19f23b0524cf38d1bb5,,
The Eminem Show,"Royce Da 5'9"" - Rock City [V2] (Instrumental)
(prod. Red Spyda & Eminem)","Official instrumental for the 2nd version of ""Rock City"".",CD Single,Instrumental,Full CDQ,https://pillows.su/f/c7b79a3a370b8b07ff298c4e3fbd7203,,
,Acapellas,"
",,,,,,
The Eminem Show,White America (Acapella),"OG Filename: White Ameri ACA
Leaked in an acapella package on April 16th, 2025.",Leak,Acapella,Full Lossless,https://pillows.su/f/b54569a7c77c9fe5136e38d8e74aec1d,,
The Eminem Show,Business (Acapella),"OG Filename: Business
Leaked in an acapella package on April 16th, 2025.",Leak,Acapella,Full Lossless,https://pillows.su/f/76ba47eaa8ec276dbfb6cc73ca6ce4ff,,
The Eminem Show,Cleanin' Out My Closet (Acapella),"OG Filename: Closet aca
Leaked in an acapella package on April 16th, 2025.",Leak,Acapella,Full Lossless,https://pillows.su/f/8f4ba716d0d4f502cc3ad6dca552e1ee,,
The Eminem Show,Cleanin' Out My Closet (Acapella) [Clean],"Official instrumental, released on the promo vinyl.",Promo CD,Acapella,Full CDQ,https://pillows.su/f/ff953707ebed3dcb623067a39cae7fca,,
The Eminem Show,Soldier (Acapella),"OG Filename: Soldier aca
Has a different BPM compared to release. Leaked in an acapella package on April 16th, 2025.",Leak,Acapella,Full Lossless,https://pillows.su/f/696b19f48026559a4c08614dd5b9b2e3,,
The Eminem Show,"Drips (Acapella)
(feat. Obie Trice)","OG Filename: Drips aca
Leaked in an acapella package on April 16th, 2025.",Leak,Acapella,Full Lossless,https://pillows.su/f/a33066a45f84edaadd8cb9478f803669,,
The Eminem Show,Without Me (Acapella) [Explicit],"Official acapella for ""Without Me""",CD Single,Acapella,Full Lossless,https://pillows.su/f/aca501f6a12c3e11558deb458af2ba35,,
The Eminem Show,Without Me (Acapella) [Clean],"OG Filename: Without Me aca
Leaked in an acapella package on April 16th, 2025.",Leak,Acapella,Full Lossless,https://pillows.su/f/1b2d0946bff0f6c8c731e36d5592741e,,
The Eminem Show,"Superman (Acapella) [V2]
(feat. Dina Rae)",An acapella of Superman with an extended outro is in circulation.,Info,Acapella,Not Available,,,
The Eminem Show,"Superman (Acapella) [V3]
(feat. Dina Rae)","Official acapella for ""Superman""",Single Vinyl,Acapella,Full Lossless,https://pillows.su/f/57256afdea8a8a595f72d8c32efe8456,,
The Eminem Show,Sing For The Moment (Acapella),"OG Filename: Sing aca
Leaked in an acapella package on April 16th, 2025.",Leak,Acapella,Full Lossless,https://pillows.su/f/dd08ba14a30fc11d6fe0d7d9a0ef7ef0,,
The Eminem Show,Sing For The Moment (TV Track) [Acapella],Backing track of the acapella that was released on the promo CD. Has the same BPM of the full acapella that leaked in 2025.,Promo CD,Acapella,Full Lossless,https://pillows.su/f/fecae6239c54c90e36e0ffded721f28a,,
The Eminem Show,Hailie's Song (Acapella),"OG Filename: Hallie aca
Leaked in an acapella package on April 16th, 2025.",Leak,Acapella,Full Lossless,https://pillows.su/f/68579cbde5c1a74cf870099ff2960f29,,
The Eminem Show,"When The Music Stops (Acapella)
(feat. D12)","OG Filename: Music Stops aca
Bizarre isn't cut off at the end. Headphone bleed: a snare can be heard at certain points during Bizarre's intro. Leaked in an acapella package on April 16th, 2025.",Leak,Acapella,Full Lossless,https://pillows.su/f/b0bc41e63c1bc8adeef8acbb9c7253bd,,
The Eminem Show,"Till I Collapse (Acapella)
(feat. Nate Dogg)","OG Filename: Till I Collapse Full Acca
Leaked in an acapella package on April 16th, 2025.",Leak,Acapella,Full Lossless,https://pillows.su/f/e93b90c5f3dbde412a4a06403220c7e1,,
The Eminem Show,"JAY-Z - Renegade (Acapella)
(feat. Eminem)",Only contains Eminem's parts.,Unknown,Acapella,Partial HQ,https://pillows.su/f/2d003ceb639b8767ec080ca987256807,,
The Eminem Show,"Royce Da 5'9"" - Rock City [V2] (Acapella) [Clean]
(feat. Eminem)","Official acapella for the 2nd version of ""Rock City""",CD Single,Acapella,Full HQ,https://pillows.su/f/b53bc1d0385529092ef562ab544e5ece,,
"21 Total
18 Instrumental
3 Acapella","8 Mile Soundtrack
(Collaboration with various artists)","(05/26/2002) (The Eminem Show releases)
(10/29/2002) (8 Mile soundtrack releases)",,,"A soundtrack that was made alongside the 2002 semi-autobiographical movie 8 Mile, starring Eminem. ",,,
,Instrumentals,,,,,,,
8 Mile Soundtrack,8 Mile (Instrumentals),The full 8 Mile Soundtrack instrumental album.,Instrumental Album,Instrumental,Full Lossless,https://pixeldrain.com/u/RrVtHSaR,,
8 Mile Soundtrack,"Lose Yourself (Instrumental)
(prod. Eminem & Jeff Bass)","Official instrumental for ""Lose Yourself""",Expanded Edition,Instrumental,Full Lossless,https://pillows.su/f/749b7dbe8001d2047ac47aeb2b9ff971,,
8 Mile Soundtrack,"Obie Trice - Love Me (Instrumental)
(prod. Eminem & Luis Resto)","Official instrumental for ""Love Me""",Expanded Edition,Instrumental,Full Lossless,https://pillows.su/f/12c650de008c14c56772c53ea64522c9,,
8 Mile Soundtrack,"8 Mile (Instrumental)
(prod. Eminem & Luis Resto)","Official instrumental for ""8 Mile""",Expanded Edition,Instrumental,Full Lossless,https://pillows.su/f/6bdc0580cde3288b9629d40196a9a5e2,,
8 Mile Soundtrack,"Obie Trice - Adrenaline Rush (Instrumental)
(prod. Red Spyda & Rush)","Official instrumental for ""Adrenaline Rush""",Expanded Edition,Instrumental,Full Lossless,https://pillows.su/f/447fe35b3dbf932f2fd8bc8a3d785ee9,,
8 Mile Soundtrack,"50 Cent - Places To Go (Instrumental)
(prod. Eminem)","Official instrumental for ""Places To Go""",Expanded Edition,Instrumental,Full Lossless,https://pillows.su/f/ccadd259518961ce1fe8c89c463cc413,,
8 Mile Soundtrack,"D12 - Rap Game (Instrumental)
(prod. Mr. Porter & Eminem)","Official instrumental for ""Rap Game""",Expanded Edition,Instrumental,Full Lossless,https://pillows.su/f/6252e8f60d74d258b1c48b539d7878c0,,
8 Mile Soundtrack,"JAY-Z - 8 Miles And Runnin' (Instrumental)
(prod. Eminem)","Official instrumental for ""8 Miles And Runnin'""",Expanded Edition,Instrumental,Full Lossless,https://pillows.su/f/d84f3c9754d24ca2066ab2e0a3908cf5,,
8 Mile Soundtrack,"Xzibit - Spit Shine (Instrumental)
(prod. Mr. Porter)","Official instrumental for ""Spit Shine""",Expanded Edition,Instrumental,Full Lossless,https://pillows.su/f/ed672ff792ab3eaa30bee020327a6e93,,
8 Mile Soundtrack,"Macy Gray - Time Of My Life (Instrumental)
(prod. Dante Ross & John Gamble)","Official instrumental for ""Time Of My Life""",Expanded Edition,Instrumental,Full Lossless,https://pillows.su/f/3f7d3e6349d9ff5e94b37451ab78c0d2,,
8 Mile Soundtrack,"Nas - U Wanna Be Me (Instrumental)
(prod. Chucky Thompson & Nas)","Official instrumental for ""U Wanna Be Me""",Expanded Edition,Instrumental,Full Lossless,https://pillows.su/f/c58d2e0b13c7135e9c3e6ceca57f2cb9,,
8 Mile Soundtrack,"50 Cent - Wanksta (Instrumental)
(prod. J-Praize, Freeman & Sha Money XL)","Official instrumental for ""Wanksta""",Expanded Edition,Instrumental,Full Lossless,https://pillows.su/f/86140f8feb09ec2417985f9aba26bf79,,
8 Mile Soundtrack,"Boomkat - Wasting My Time (Instrumental)
(prod. Kellin Manning & Martin Pradler)",Not on the 8 Mile Expanded Edition :(,None Yet,Instrumental,Not Available,:(,,
8 Mile Soundtrack,"Rakim - R.A.K.I.M. (Instrumental)
(prod. Mr. Porter)","Official instrumental for ""R.A.K.I.M.""",Expanded Edition,Instrumental,Full Lossless,https://pillows.su/f/57249b2d8efb172424e53d9fe01e0d06,,
8 Mile Soundtrack,"Young Zee - That's My Nigga Fo' Real (Instrumental)
(prod. Dante Ross & John Gamble)","Official instrumental for ""That's My Nigga Fo' Real""",Expanded Edition,Instrumental,Full Lossless,https://pillows.su/f/8961df5506cec8b08fa72854c613252c,,
8 Mile Soundtrack,"Gang Starr - Battle (Instrumental)
(prod. DJ Premier)","Official instrumental for ""Battle""",Expanded Edition,Instrumental,Full Lossless,https://pillows.su/f/0e047a451e766cb7e409e2fa9dad29fb,,
8 Mile Soundtrack,"Rabbit Run (Instrumental)
(prod. Eminem & Luis Resto)","Official instrumental for ""Rabbit Run""",Expanded Edition,Instrumental,Full Lossless,https://pillows.su/f/a2d07829d0648f05c33018da8a423365,,
8 Mile Soundtrack,Obie Trice - Rap Name (Instrumental),"Official instrumental for ""Rap Name""",Single Vinyl,Instrumental,Full HQ,https://pillows.su/f/0c3489c75640cb27574d73ca0b150179,,
,Acapellas,"
",,,,,,
8 Mile Soundtrack,Lose Yourself (Acapella),"Leaked in an acapella package on April 16th, 2025.",Leak,Acapella,Full Lossless,https://pillows.su/f/2111ac0dbe7ab52c1142024693c548ae,,
8 Mile Soundtrack,"Obie Trice - Love Me (Acapella)
(feat. 50 Cent & Eminem)","Official acapella for ""Love Me""",Single Vinyl,Acapella,Full Lossless,https://pillows.su/f/ea48eb2697efb7131bcbfbe70ce274a4,,
8 Mile Soundtrack,Obie Trice - Rap Name (Acapella) ,"Official acapella for ""Rap Name""",Single Vinyl,Acapella,Full HQ,https://pillows.su/f/813d58b51a2214f75d7b7caaa101863b,,
"13 Total
7 Instrumental
6 Acapella","D12 World
(Collaboration with D12)
(Devil's Night Part II, Halloween)","(6/19/2001) (Devil's Night releases)
(4/27/2004) (D12 World releases)",,,"Originally titled ""Devil's Night Part II"", as mentioned by Bizarre on Census Bureau and on the outro to Cheers by Obie Trice. D12 World is the second and final studio album by D12.",,,
,Instrumentals,,,,,,,
D12 World,"My Band (Instrumental)
(prod. Eminem & Luis Resto)","Official instrumental for ""My Band""",CD Single,Instrumental,Full Lossless,https://pillows.su/f/9c69b418de5c10e7b99838ef38bb99a3,,
D12 World,"U R The One (Instrumental)
(prod. Mr. Porter)","Official instrumental for ""U R The One""",Single Vinyl,Instrumental,Full Lossless,https://pillows.su/f/04cf039fbada6b9f7acd3f74dbc5e2fc,,
D12 World,"U R The One (Instrumental) [Eminem Remix]
(prod. Mr. Porter & Eminem)","Official instrumental for the Eminem remix of ""U R The One""",Single Vinyl,Instrumental,Full Lossless,https://pillows.su/f/8c72ff12abbf19f95b759bf21960f365,,
D12 World,"How Come (Instrumental)
(prod. Witt & Pep)","Official instrumental for ""How Come""",CD Single,Instrumental,Full Lossless,https://pillows.su/f/cfbab46ee8748498cb039eafc1bbc178,,
D12 World,"40 Oz. (Instrumental)
(prod. Trackboyz)","Official instrumental for ""40 Oz.""",CD Single,Instrumental,Full Lossless,https://pillows.su/f/b64b019456b2d5c087db127c6e415107,,
D12 World,"40 Oz. (Instrumental) [Remix]
(prod. Lil Jon)","Official instrumental for the Lil Jon remix of ""40 Oz.""",Promo CD,Instrumental,Full Lossless,https://pillows.su/f/2d0590991af1306f99b8bc61ce26a413,,
D12 World,"American Psycho II (Instrumental)
(prod. Dr. Dre & Mike Elizondo)","Official instrumental for ""American Psycho II""",Promo CD,Instrumental,Full HQ,https://pillows.su/f/771657a54fca20837fad3b9647261ef4,,
,Acapellas,"
",,,,,,
D12 World,My Band (Acapella),"OG Filename: MY BAND ACCA
Leaked in an acapella package on April 16th, 2025.",Leak,Acapella,Full Lossless,https://pillows.su/f/ce00b94d9f57e59f10a8cc523555dc90,,
D12 World,U R The One (Acapella),"Official acapella for ""U R The One""",Single Vinyl,Acapella,Full Lossless,https://pillows.su/f/33692e0a6eb4b848c1fdd722c6efb2f0,,
D12 World,U R The One (Acapella) [Eminem Remix],"Official acapella for the Eminem remix of ""U R The One""",Single Vinyl,Acapella,Full Lossless,https://pillows.su/f/87293977bfaec773ca382533d060b8e4,,
D12 World,How Come (Acapella),"OG Filename: How Come ACCA
Leaked in an acapella package on April 16th, 2025. Has part of Denaun's verse missing and the third hook. Has weird Hi-Hats before the acapella starts. These exporting issues likely come from Joe Strange messing it up.",Leak,Acapella,Full Lossless,https://pillows.su/f/920b3ecb409e00a23a463c9a8c949c40,,
D12 World,40 Oz. (Acapella),"Official acapella for ""40 Oz.""",Single Vinyl,Acapella,Full HQ,https://pillows.su/f/c794655ed28506603b4532b4daebb2c8,,
D12 World,40 Oz. (Acapella) [Remix],"Official acapella for the Lil Jon remix of ""40 Oz.""",Promo CD,Acapella,Full Lossless,https://pillows.su/f/c794655ed28506603b4532b4daebb2c8,,
"47 Total
34 Instrumental
13 Acapella",Encore,"(5/26/2002) (TES releases)
(11/12/2004) (Encore releases)",,,"From 2002-2004, Eminem was in the middle of some beef with Ja Rule & Benzino, making several diss tracks aimed at them, which were (for the most part) on the Invasion mixtape series hosted by DJ Green Lantern. Eminem would also sign Stat Quo in 2003. In November of 2003, a demo tape called ""Straight From The Lab"" would be leaked online in low quality by Nate's friend (not Nate as in Nate Dogg). This would cause Encore to be worked on even more with the leaks being replaced last minute. The song ""Like Toy Soldiers"" would also mark the end of his beef with Ja Rule & Benzino.",,,
,Instrumentals,,,,,,,
Encore,"Evil Deeds [V1] (Instrumental)
(prod. Dr. Dre)","Leaked by Joe Strange. Lacks the Curtains Up and Never Enough transitions, has a very long outro fadeout and breathing noises in the intro.",Leak,Instrumental,Full CDQ,https://pillows.su/f/bf2db34e8a0d4d2e3f0705dc43571b06,,
Encore,"Never Enough (Instrumental)
(prod. Dr. Dre & Mike Elizondo)",Leaked by Joe Strange. Lacks the Evil Deeds transition.,Leak,Instrumental,Full CDQ,https://pillows.su/f/d6da4702b42d2601d69b962e99cb9ec5,,
Encore,"Yellow Brick Road [V1] (Instrumental)
(prod. Eminem & Luis Resto)",Leaked by Joe Strange. Slightly longer outro.,Leak,Instrumental,Full CDQ,https://pillows.su/f/8ad78949333c75646fc076c3e60b5239,,
Encore,"Like Toy Soldiers (Instrumental)
(prod. Eminem & Luis Resto)","Official instrumental for ""Like Toy Soldiers"". Lacks the sample during the chorus parts, as it's in the acapella.",Promo CD,Instrumental,Full Lossless,https://pillows.su/f/0b02b41784ae70a27d00598a54dc9912,,
Encore,"Puke (Instrumental)
(prod. Eminem & Luis Resto)",Leaked by Joe Strange.,Leak,Instrumental,Full CDQ,https://pillows.su/f/8b757e87d58b6e55ae9ba7dda9e6c3e1,,
Encore,"Rain Man (Instrumental)
(prod. Dr. Dre)",Leaked by Joe Strange.,Leak,Instrumental,Full HQ,https://pillows.su/f/e4fcd3043b77f87176b280dd16c1d0c1,,
Encore,"Just Lose It (Instrumental)
(prod. Dr. Dre & Mike Elizondo)","Official instrumental for ""Just Lose It""",CD Single,Instrumental,Full Lossless,https://pillows.su/f/2a0dfcf6bef9782eff9dc22235a4ced5,,
Encore,"Ass Like That (Instrumental)
(prod. Dr. Dre & Mike Elizondo)","Official instrumental for ""Ass Like That""",CD Single,Instrumental,Full Lossless,https://pillows.su/f/44014b1b14714ddf66fe5134986366cc,,
Encore,"Mockingbird (Instrumental)
(prod. Eminem & Luis Resto)","Official instrumental for ""Mockingbird""",CD Single,Instrumental,Full Lossless,https://pillows.su/f/be483c6af956e4b0bc9e8ef3ffdc9b24,,
Encore,"Encore (Instrumental)
(prod. Dr. Dre & Mark Batson)","Official instrumental for ""Encore""",Single Vinyl,Instrumental,Full Lossless,https://pillows.su/f/9c3030879e557c6a482e5553b58de228,,
Encore,"We As Americans (Instrumental) 
(prod. Eminem & Luis Resto)","Leaked by Joe Strange. Has a slightly longer outro, different news segments in the intro, and ""Do you live in America? Do you love America?"" vocals in the outro.",Leak,Instrumental,Full CDQ,https://pillows.su/f/edd8ddbe4dc6bd3aa46445dc00822e5b,,
Encore,"Love You More (Instrumental)
(prod. Eminem & Luis Resto)",Leaked by Joe Strange. This is the same instrumental used on the clean version of the song.,Leak,Instrumental,Full CDQ,https://pillows.su/f/ffd7b4a16d14d247d1ad5f2c14d8e2b6,,
Encore,Beautiful (Instrumental) [V2],Joe Strange mentioned that a version of the Beautiful beat from the post-8 Mile period exists. Likely untitled at this point.,Info,Instrumental,Not Available,,,
Encore,Careful What You Wish For (Instrumental) [V1],"According to Joe Strange, the instrumental started during the TES / Encore time periods (unsure which one exactly so this is going in here for now). When listening to the headphone bleed of the New Perc stem from the 2006 version stems, you can hear an alternate beat, likely from this version.",Info,Instrumental,LQ Snippet,https://pillows.su/f/74f8a8704af6cfcea89ec86fa0af4815,,
Encore,"Christopher Reeves [V1] (Instrumental)
(prod. Eminem)
(Brand New Dance)",Leaked by Joe Strange. Has the same outro as the TDOSS release.,Leak,Instrumental,Full HQ,https://pillows.su/f/572613626f1310482f0289bd5c8963ce,,
Encore,"Go To Sleep (Instrumental)
(prod. Eminem)","Official instrumental for ""Go To Sleep"". Judging by the pitch, likely comes from a ""12 vinyl.",Single Vinyl,Instrumental,Full HQ,https://pillows.su/f/baf341055bddea73fe1e4155cef56fab,,
Encore,"Let's Lay Her
(Smack You (Instrumental))","The instrumental to Smack You was titled Let's Lay Her. Dated to April 10, 2003.",Info,Instrumental,Not Available,,,
Encore,"2Pac - One Day At A Time [Em's Version] (Instrumental)
(prod. Eminem)","Official instrumental for ""One Day At A Time""",Promo CD,Instrumental,Full CDQ,https://pillows.su/f/eb37a9aa6578680884b726d5b04e1ee8,,
Encore,"2Pac - Runnin' (Dying To Live) (Instrumental)
(prod. Eminem)","Official instrumental for ""Runnin' (Dying To Live)""",CD Single,Instrumental,Full CDQ,https://pillows.su/f/6202c741ef59490ed63e178eec63d913,,
Encore,"50 Cent - Many Men (Wish Death) (Instrumental)
(prod. Digga, Eminem & Luis Resto)","Official instrumental for ""Many Men (Wish Death)",Single Vinyl,Instrumental,Full HQ,https://pillows.su/f/be9dff1c36b8da508bc6ba57188ac37a,,
Encore,"50 Cent - Patiently Waiting (Instrumental)
(feat. Eminem) (prod. Eminem)",Longer than release.,Unknown,Instrumental,Full HQ,https://pillows.su/f/47cafe22ee8a911fac08572cb4b5e139,,
Encore,"50 Cent - Poor Lil Rich (Instrumental)
(prod. Sha Money XL & Eminem)",Source unknown.,Unknown,Instrumental,Full Lossless,https://pillows.su/f/deca95151af631ce0912d87e3c84a7b9,,
Encore,"DJ Kay Slay - I'm Gone (Instrumental)
(prod. Eminem & Luis Resto)","Official instrumental for ""I'm Gone""",Single Vinyl,Instrumental,Full HQ,https://pillows.su/f/4e4aeb3ee5a76108a54553df36d4fad4,,
Encore,"DJ Rectangle - You Must Be Crazy (Instrumental)
(prod. DJ Rectangle)","Official instrumental for ""You Must Be Crazy"". For some reason, it's almost 2 minutes shorter than the actual song.",Single Vinyl,Instrumental,Full HQ,https://pillows.su/f/09a7ec580e52eeca2ed63d400f700e9b,,
Encore,"G-Unit - I'm So Hood (Instrumental)
(prod. DJ Twinz, Eminem & Luis Resto)",Source unknown.,Unknown,Instrumental,Full Lossless,https://pillows.su/f/375ba9518f133da899238ec63d7fe23c,,
Encore,"King Gordy - Nightmares (Instrumental)
(prod. Bass Brothers & Eminem)","Official instrumental for ""Nightmares""",Single Vinyl,Instrumental,Full CDQ,https://pillows.su/f/cad079dae0e70a5321813b04e1ea372a,,
Encore,"King Gordy - The Pain (Instrumental)
(prod. Bass Brothers & Eminem)","Official instrumental for ""The Pain""",Single Vinyl,Instrumental,Full HQ,https://pillows.su/f/95f1a274829ce0f4a5605cd38efd1cd2,,
Encore,"Lloyd Banks - On Fire (Instrumental) [V1]
(prod. K1 Mil)","According to Eminem, the On Fire instrumental was originally produced by Kwame (a.k.a. K1 Mil) and only had a bass line, the kick, the snare and the synth lick.",Info,Instrumental,Not Available,,,
Encore,"Lloyd Banks - On Fire (Instrumental)
(prod. K1 Mil, Eminem & Luis Resto)","Official instrumental for ""On Fire""",Promo CD,Instrumental,Full HQ,https://pillows.su/f/85b6ecc65e484b53ac5c4cf4b739fc32,,
Encore,"Lloyd Banks - Warrior Part 2 (Instrumental)
(prod. Eminem)","Official instrumental for ""Warrior Pt. 2""",Single Vinyl,Instrumental,Full HQ,https://pillows.su/f/1a316ed19eccc50abbf188f430dde87b,,
Encore,"Nas - The Cross (Instrumental)
(prod. Eminem)","Official instrumental for ""The Cross""",Instrumental Album,Instrumental,Full Lossless,https://pillows.su/f/61710c3c132a0237c63ac2d70e61be6a,,
Encore,"Obie Trice - Don't Come Down (Instrumental)
(prod. Emile Haynie & Eminem)","Official instrumental for ""Don't Come Down""",Single Vinyl,Instrumental,Full HQ,https://pillows.su/f/e3455cff3f91bbc6cc9cb74af5be4b54,,
Encore,"Obie Trice - Got Some Teeth (Instrumental)
(prod. Eminem)","Official instrumental for ""Got Some Teeth""",CD Single,Instrumental,Full Lossless,https://pillows.su/f/91f93767220a6cac2bb567f1411bd8f5,,
Encore,"Obie Trice - Shit Hits The Fan (Instrumental)
(prod. Dr. Dre)","Official instrumental for ""Shit Hits The Fan""",CD Single,Instrumental,Full Lossless,https://pillows.su/f/7dd143cb89f9263163e04238bd3b2cd5,,
,Acapellas,"
",,,,,,
Encore,Like Toy Soldiers (Acapella),"OG Filename: Toy Soldiers ACCA
Leaked in an acapella package on April 16th, 2025. Includes the sample.",Leak,Acapella,Full Lossless,https://pillows.su/f/84f5377210b7d2d839aa814a2ec31aa7,,
Encore,Just Lose It (Acapella),"OG Filename: Just Lose It ACCA
Leaked in an acapella package on April 16th, 2025.",Leak,Acapella,Full Lossless,https://pillows.su/f/7b3719b597de86b2ab19cd8dc39ccaf0,,
Encore,Ass Like That (Acapella),"Official acapella for ""Ass Like That"".",Single Vinyl,Acapella,Full Lossless,https://pillows.su/f/83cad048d9edb6370394a427554befa9,,
Encore,"Encore (Acapella)
(feat. Dr. Dre & 50 Cent)","Official acapella for ""Encore""",Single Vinyl,Acapella,Full Lossless,https://pillows.su/f/89ce825b739ecd0065861ffc856e1c0e,,
Encore,Mockingbird (Acapella),"Official acapella for ""Mockingbird"".",Single Vinyl,Acapella,Full HQ,https://pillows.su/f/4e12600782612f7dbe8102e6a55e62b0,,
Encore,"50 Cent - Patiently Waiting [V2] (Acapella)
(feat. Eminem)",Has an extended intro with 50 Cent laughing.,Promo CD,Acapella,Full CDQ,https://pillows.su/f/858c5bf02444784d40eeb03e5a54533b,,
Encore,50 Cent - Many Men (Wish Death) (Acapella),Source unknown.,Unknown,Acapella,Full HQ,https://pillows.su/f/8d7c0ce4fe3e02d6b203f6115c3bb3c0,,
Encore,50 Cent - High All The Time (Acapella),Source unknown.,Unknown,Acapella,Full HQ,https://pillows.su/f/58a5480850aeb19a87791614a515bbf8,,
Encore,JAY-Z - Moment Of Clarity (Acapella),"Official acapella for ""Moment Of Clarity""",Acapella Album,Acapella,Full Lossless,https://open.spotify.com/track/6rYTwNecHoXZX9skXmsHZu?si=88192c54a3e442c4,,
Encore,Nas - The Cross (Acapella),Source unknown.,Unknown,Acapella,Full HQ,https://pillows.su/f/57a0fce8f9445799b9d0f2686af28914,,
Encore,Obie Trice - Got Some Teeth (Acapella),"Official acapella for ""Got Some Teeth""",CD Single,Acapella,Full Lossless,https://pillows.su/f/bb3840f10ae2198e8ad73d9cb8b28c27,,
Encore,"Obie Trice - Shit Hits The Fan (Acapella)
(feat. Dr. Dre & Eminem)","Official acapella for ""Shit Hits The Fan""",CD Single,Acapella,Full Lossless,https://pillows.su/f/20b2ea50d82a85d3158b0b89ed93498e,,
Encore,"Lloyd Banks - Warrior Part 2 (Acapella)
(feat. Eminem, 50 Cent & Nate Dogg)","Official acapella for ""Warrior Part 2"".",Single Vinyl,Acapella,Full HQ,https://pillows.su/f/5792f43f348a452a35d8452f6fa9f4e8,,
"13 Total
8 Instrumental
5 Acapella","Curtain Call
(The Funeral, Hiatus)","(11/12/2004) (Encore releases)
(12/6/2005) (Curtain Call releases)",,,"After Encore's release, Eminem would start work on some new music. He would also embark on the Anger Management 3 Tour alongside Lil Jon & 50 Cent. However, the European leg of the tour would be cancelled because Eminem checked into rehab for sleep medication. He would leave rehab in October 2005 and write Beautiful, as well as wrap up Curtain Call and release it in December.",,,
,Instrumentals,,,,,,,
Curtain Call,"Shake That (Instrumental)
(prod. Eminem & Luis Resto)","Official instrumental for ""Shake That""",CD Single,Instrumental,Full Lossless,https://pillows.su/f/cf0fd6ffe6b4f84a9d0cacfa6db5f114,,
Curtain Call,"When I'm Gone (Instrumental)
(prod. Eminem & Luis Resto)","Official instrumental for ""When I'm Gone""",CD Single,Instrumental,Full Lossless,https://pillows.su/f/11309370975370583cab78b2d2fea78c,,
Curtain Call,"2Pac - Ghetto Gospel (Instrumental)
(prod. Eminem & Luis Resto)",Source unknown.,Unknown,Instrumental,Full Lossless,https://pillows.su/f/c407278678d88285d9f8ac8a09db839b,,
Curtain Call,"2Pac - Thugs Get Lonely Too (Instrumental)
(prod. Eminem & Luis Resto)",Source unknown.,Unknown,Instrumental,Full Lossless,https://pillows.su/f/6ce4964ad956c13b8c6557d5f332e9e1,,
Curtain Call,"50 Cent - Ski Mask Way (Instrumental)
(prod. Disco D & Eminem)",Source unknown.,Unknown,Instrumental,Full Lossless,https://pillows.su/f/964d700bc9f8e28dfdf8957994e37400,,
Curtain Call,"Bizarre - Rockstar (Instrumental)
(prod. Eminem & Luis Resto)","Official instrumental for ""Rockstar""",CD Single,Instrumental,Full Lossless,https://pillows.su/f/da813eb9a66cc9707d382acdefb4e2ef,,
Curtain Call,"Tony Yayo - Drama Setter (Instrumental)
(prod. Eminem, Jeff Bass & Luis Resto)","Official instrumental for ""Drama Setter""",Promo CD,Instrumental,Full Lossless,https://pillows.su/f/7fc8e3afb2d73b3e9abc87d7ce3721a5,,
Curtain Call,"Trick Trick - Welcome 2 Detroit (Instrumental)
(prod. Eminem & Luis Resto)","Official instrumental for ""Welcome 2 Detroit""",CD Single,Instrumental,Full Lossless,https://pillows.su/f/0d312f506228d4a047999f7e63ebe3d9,,
,Acapellas,"
",,,,,,
Curtain Call,"Shake That (Acapella)
(feat. Nate Dogg)",Unknown source.,Unknown,Acapella,Full CDQ,https://pillows.su/f/bd7f559433a921be9d67b3692dbb65fb,,
Curtain Call,When I'm Gone (Acapella),"Official acapella for ""When I'm Gone""",Single Vinyl,Acapella,Full HQ,https://pillows.su/f/bfe6e2717375388f61ccde1a7c0ff822,,
Curtain Call,"50 Cent - GATman and Robbin (Acapella)
(feat. Eminem)",Unknown source.,Unknown,Acapella,Full HQ,https://pillows.su/f/d2eeb11ac9245918121acc504694a713,,
Curtain Call,Bizarre - Rockstar (Acapella),"Official acapella for ""Rockstar""",CD Single,Acapella,Full Lossless,https://pillows.su/f/901798acf1e713cfbc43eefba168ba59,,
Curtain Call,"Tony Yayo - Drama Setter (Acapella)
(feat. Eminem & Obie Trice)","Official acapella for ""Drama Setter""",Promo CD,Acapella,Full HQ,https://pillows.su/f/ba00263cdb0cf2b5b992eb181f683042,,
"13 Total
6 Instrumental
6 Acapella
1 Studio Multitrack",Album 6,"(12/06/2005) (Curtain Call releases)
(12/12/2005) (The first song from the album 6 folder is made)
(07/21/2006) (The last song from the album 6 folder is made)
(11/??/2006) (Album 6 is scrapped)",,,"Sometime after Curtain Call released, Eminem would start work on his next album. He would even sign Bobby Creekwater & Ca$his during this time period. Not a whole lot is known about this era beyond a folder for the album exists plus some songs made during the time period. Some of these tracks were evolved for King Mathers & only 3 were ever officialy released on Relapse: Refill but they were reworked.",,,
,Instrumentals,,,,,,,
Album 6,Careful What You Wish For [V2] (Instrumental),"OG Filename: 5.26.06 Careful Orig Instr_01
Instrumental without news segments and unfinished production.",Leak,Instrumental,Full Lossless,https://pillows.su/f/e23dc51f661eb2dc863363bed959fc45,,
Album 6,Careful What You Wish For [V3] (Instrumental),"OG Filename: 5.26.06 Careful Full Instr_02 / 5.26.2006 Careful Song Instr_01
Full instrumental, seen in the stems folder. Weirdly cuts off at the end, likely the reason Joe Strange combined it with the news-only file for the Dope Edit YouTube channel. Has a version with and without the news segments parts.",Leak,Instrumental,Full Lossless,"With News
W/o News",,
Album 6,"50 Cent - Peep Show (Instrumental) [V1]
(prod. Eminem)",Has a longer outro.,Promo CD,Instrumental,Full HQ,https://pillows.su/f/5c0754226640ced6ba92e6fc1919de10,,
Album 6,"Akon - Smack That (Instrumental)
(prod. Eminem)","Official Instrumental for ""Smack That""",Promo CD,Instrumental,Full Lossless,https://pillows.su/f/a7b21b5311ea4cb65fc1ced6f6f04553,,
Album 6,"Lloyd Banks - Hands Up (Instrumental)
(prod. Eminem & Luis Resto)","Official Instrumental for ""Hands Up""",CD Single,Instrumental,Full Lossless,https://pillows.su/f/56a05475d5d3258d96550fd9f9ef7622,,
Album 6,"Obie Trice - Jamaican Girl (Instrumental)
(prod. Eminem)",Source unknown.,CD Single,Instrumental,Full HQ,https://pillows.su/f/c3e87c9bbdfe2782fdfd28f939e085c8,,
,Acapellas,,,,,,,
Album 6,Careful What You Wish For [V2] (Acapella) (Unlayered),"OG Filename: 5.26.06 Careful MN Vox_01 / 5.26.06 Careful Hook ACCA_01
Acapella without layering, seen in the stems folder and later used for the MN Main edit until that was confirmed as fake.",Leak,Acapella,Full Lossless,https://pillows.su/f/d903703a42b5d229cce2f0014d99d393,,
Album 6,Careful What You Wish For [V2] (Acapella),"OG Filename: 5.26.06 Careful Verse ACCA_01 / 5.26.06 Careful Hook ACCA_01
Seen in the stems folder and later used for the release version of the song.",Leak,Acapella,Full Lossless,"Verse
Hook",,
Album 6,Careful What You Wish For [V2] (TV Track Acapella),"OG Filename: 5.26.06 Careful TV ACCA_01
Acapella to the TV track, seen in the stems folder. Lacks the intro speaking bit and has the hook.",Leak,Acapella,Full Lossless,https://pillows.su/f/d80a3f1977627b2916fa87abc423e3d2,,
Album 6,"Lloyd Banks - Hands Up (Acapella)
(feat. 50 Cent)",Source unknown.,Unknown,Acapella,Full HQ,https://pillows.su/f/25ff494dffad18e7a3cd03c12d1521bd,,
Album 6,"Obie Trice - Jamaican Girl (Acapella)
(feat. Brick & Lace)",Source unknown.,CD Single,Acapella,Full HQ,https://pillows.su/f/e9dcc71260e71bd10f0ea56e8d1bdf3e,,
,TV Tracks,,,,,,,
Album 6,Careful What You Wish For [V2] (TV Track),"OG Filename: 5.26.06 Careful TVFullSong_01 / 5.26.06 Careful TVSongOnly_01
Includes the hook and secondary vocal layer. Has a version with and without news segments.",Leak,Acapella,Full Lossless,"With News
W/o News",,
,Multi-Tracks,,,,,,,
Album 6,Careful What You Wish For [V2] (Stems),"Full stems for the 2006 version of CWYWF. Dated May 26th, 2006.",Leak,Studio Multitrack,Full Lossless,https://drive.google.com/file/d/1jom9Ixb2XaaIVhXtsQ4YhXv5ErAgXz9p/view?usp=sharing,,
"3 Total
2 Instrumental
1 Acapella","The Re-Up
(Collaboration with Shady Records)
(Hand 2 Hand)","(12/6/2005) (Curtain Call releases)
(12/5/2006) (The Re-Up releases)",,,"In early 2006, Eminem would sign Ca$his & Bobby Creekwater to Shady Records. The Re-Up was originally supposed to be a mixtape, until Eminem liked the material enough to want to turn it into a compilation so it could give Stat, Bobby & Ca$his a ""real boost"".",,,
,Instrumentals,,,,,,,
The Re-Up,"Jimmy Crack Corn (Instrumental) [Vocal Remix]
(prod. Eminem & Luis Resto)","Official Instrumental for ""Jimmy Crack Corn"".",Single Vinyl,Instrumental,Full HQ,https://pillows.su/f/c2a53c16fbd10d38e10d2f0fd4d4ca88,,
The Re-Up,"You Don't Know (Instrumental)
(prod. Eminem & Luis Resto)","Official Instrumental for ""You Don't Know"".",CD Single,Instrumental,Full Lossless,https://pillows.su/f/2bfd1540ab5b1cf27caa72c14456e6d6,,
,Acapellas,"
",,,,,,
The Re-Up,"You Don't Know (Acapella)
(feat. 50 Cent, Ca$his, Lloyd Banks)","Official acapella for ""You Don't Know"".",CD Single,Acapella,Full Lossless,https://pillows.su/f/2abf0e9fffc51fcdd21ba076d79dc2d9,,
"5 Total
3 Instrumental
2 Acapella",King Mathers,"(7/21/2006) (The last song from the album 6 folder is made)
(4/20/2008) (Eminem becomes sober)",,,"In early 2006, Eminem would sign Ca$his & Bobby Creekwater to Shady Records. After Proof's death, Eminem's drug addiction would get way worse. He would continue to work on Ca$his' projects, Bobby Creekwater's album ""A Brilliant Mistake"", Stat Quo's album ""Statlanta"" and The Re-Up alongside his next project, ""King Mathers"". Ca$his was the one who gave Eminem that album title, and Eminem gave Ca$his the album title ""Loose Cannon"". On December 24th, 2007, Eminem overdosed and nearly died. His publicist would later say it was pneumonia, which was then debunked later on. Eminem would also reconcile with Royce too, thanks to Ca$his. On April 20th, 2008, Eminem would become sober.",,,
,Instrumentals,,,,,,,
King Mathers,"Sad Keys 
(Difficult (Instrumental))","The instrumental to Difficult was exported as ""Sad Keys"".",Info,Instrumental,Not Available,,,
King Mathers,"Ca$his - Lac Motion (Instrumental)
(prod. Eminem)","Official instrumental for ""Lac Motion""",Promo Vinyl,Instrumental,Full HQ,https://pillows.su/f/9471e2b95bdf1c09902bb106e7cef6f0,,
King Mathers,"T.I. - Touchdown (Instrumental)
(prod. Eminem & Jeff Bass)",Released on the T.I. vs. T.I.P. Instrumentals album.,Instrumental Album,Instrumental,Full CDQ,https://pillows.su/f/c44ac6b232a3f7d47b4bdd9e2b818656,,
,Acapellas,"
",,,,,,
King Mathers,"Jimmy Crack Corn (Vocal Remix) (Acapella)
(feat. Ca$his)","Official acapella for the Ca$his vocal remix of ""Jimmy Crack Corn"". Was given to people to download for free as part of the Shade45 producer contest.",Other,Acapella,Full CDQ,https://pillows.su/f/a62ce1d66f15b2574cbae6259b85427b,,
King Mathers,Ca$his - Lac Motion (Acapella),"Official acapella for ""Lac Motion"".",Promo Vinyl,Acapella,Full HQ,https://pillows.su/f/1afa0640b50c65387c24f7c4c0f78c8d,,
"32 Total
14 Instrumental
18 Acapella",Relapse,"(07/XX/2008) (The second and final version of King Mathers is scrapped)
(05/15/2009) (Relapse releases)",,,"After Eminem sobered up, he would basically learn how to rap again. He would make some warm up tracks like ""Detroit Basketball"" and ""Wee Wee"". Eventually, Eminem would team up with Dr. Dre, and they would work on Detox and Relapse. Eminem mentioned that he made enough material during the sesions for three Relapse albums. He would also hint at a sequel and confirm it in interviews and the Steve Berman skit.",,,
,Instrumentals,,,,,,,
Relapse,"Insane (Instrumental)
(prod. Dr. Dre)",Leaked by Joe Strange.,Leak,Instrumental,Full CDQ,https://pillows.su/f/3ce7ec4806ae014a8a8cf7050c125816,,
Relapse,"Bagpipes From Baghdad [V2] (Instrumental)
(prod. Dr. Dre & Trevor Lawrence Jr.)",Leaked by Joe Strange. Has a slightly longer outro and lacks the Hello transition.,Leak,Instrumental,Full CDQ,https://pillows.su/f/be831dc49a1cb763c7a65efcba390241,,
Relapse,"Same Song & Dance (Instrumental)
(prod. Dr. Dre & Dawaun Parker)",Leaked by Joe Strange.,Leak,Instrumental,Full CDQ,https://pillows.su/f/264c993211c1281550a70b9604c858c4,,
Relapse,"We Made You (Instrumental)
(prod. Dr. Dre, Doc Ish & Eminem)","Official instrumental for ""We Made You""",Promo CD,Instrumental,Full Lossless,https://pillows.su/f/9d8060a8ba577d7cbe755f796288ddad,,
Relapse,"Deja Vu [V1] (Instrumental)
(prod. Dr. Dre)","Version of the Deja Vu instrumental that is slightly longer, featuring more of the electric guitar in the outro. Leaked by Joe Strange.",Leak,Instrumental,Full CDQ,https://pillows.su/f/8b71c73e3ed0a3f9d61b3f99c725e244,,
Relapse,"Beautiful (Instrumental) [V3]
(prod. Eminem & Jeff Bass)","Official instrumental for ""Beautiful""",CD Single,Instrumental,Full Lossless,https://pillows.su/f/9070baba1d48876a2003821a55f1be74,,
Relapse,"Crack A Bottle (Instrumental)
(prod. Dr. Dre)","Official instrumental for ""Crack A Bottle""",CD Single,Instrumental,Full Lossless,https://pillows.su/f/b529b476b8a59d414ab116778cd3a1c9,,
Relapse,"Careful What You Wish For [V4-??] (Instrumentals)
(prod. Eminem & Luis Resto)", Joe Strange mentioned that CWYWF was worked on during the Relapse time period in 2008-2009.,Info,Instrumental,Not Available,,,
Relapse,"My Darling (Instrumental)
(prod. Eminem)",Leaked by Joe Strange. Lossless version is in circulation.,Leak,Instrumental,Full CDQ,https://pillows.su/f/87f8d01b5d139edb42cb9836ad28c0b9,,
Relapse,Blade Kill (Instrumental),"OG Filename: Blade Kill 92
Instrumental for Blade Kill. 92 refers to the BPM.",Info,Instrumental,Not Available,,,
Relapse,"Bounced Pizz 120
(Here Comes Shady)","OG Filename: Bounced Pizz 120
Instrumental for Here Comes Shady. 120 refers to the BPM.",Info,Instrumental,Not Available,,,
Relapse,"Da Da Dee (Instrumental) [V1]
(prod. Supa Dups)
(Fast Lane)","Dart Parker mentioned that Mr. Morgan (Supa Dups' manager) sent him the beat to Fast Lane in early 2009, and it was titled ""Da Da Dee"".",Info,Instrumental,Not Available,https://www.complex.com/music/a/insanul-ahmed/the-making-of-bad-meets-evil-hell-the-sequel,,
Relapse,Elton (Instrumental),"OG Filename: 10.01.08 Elton
Unknown if this instrumental is related to On My Own however it was made the day before the song while Elton John was still at Effigy so it seems extremely likely. Elton John plays the piano for this beat.",Info,Instrumental,Not Available,,,
Relapse,"So Bad (Instrumental) [V1]
(prod. Nick Brongers)","In 2008 Nick Brongers sent over ""samples"" that he made to Dre for use on Detox. One of these ended up being used for So Bad.",Info,Instrumental,Not Available,https://vernonmorningstar.com/2011/02/15/local-hopes-to-produce-a-few-grammys/,,
,Acapellas,"
",,,,,,
Relapse,3 A.M. (Acapella),"OG Filename: 12.20.08 3am New ACCA_06
Doesn't contain the ""WOAHH"" in the hook, no female screaming in the bridge and no ""evil, riiise"" whisper in the outro. Leaked in an acapella package on April 16th, 2025.",Leak,Acapella,Full Lossless,https://pillows.su/f/d8cd16876d8ff55fee47d14567e505e3,,
Relapse,My Mom (Acapella),"OG Filename: 1.8.09 My Mom with VSO ACCA.02_01
Leaked in an acapella package on April 16th, 2025.",Leak,Acapella,Full Lossless,https://pillows.su/f/c21749c7dbc80011704baa5cbed4ea30,,
Relapse,Insane (Acapella),"OG Filename: 1.8.09 Insane ACCA End Edit_01
A version of the beat without the scratches is heard in the headphone bleed. Leaked in an acapella package on April 16th, 2025.",Leak,Acapella,Full Lossless,https://pillows.su/f/536316d98e1efa7436b54d591041176b,,
Relapse,Bagpipes From Baghdad (Acapella),"OG Filename: 4.8.09 Bagpipes Aca_04
Leaked in an acapella package on April 16th, 2025.",Leak,Acapella,Full Lossless,https://pillows.su/f/7081f32c6948799a5c94d1d5b181f443,,
Relapse,Hello / Tonya (Skit) (Acapella),"OG Filename: Hello Aca W Skit
Has the Tonya skit attached, possibly indicating that it was meant to be together at a point. Modified on April 9th, 2009. Leaked in an acapella package on April 16th, 2025.",Leak,Acapella,Full Lossless,https://pillows.su/f/87ce8964d940cc66a3a6d8dae46822b7,,
Relapse,Same Song & Dance (Acapella),"OG Filename: 1.6.09 Same Song and Dance Edit Acca_01
Leaked in an acapella package on April 16th, 2025.",Leak,Acapella,Full Lossless,https://pillows.su/f/c3ff6dd92c675b629dfbaf4e8960b057,,
Relapse,We Made You [V1] (Acapella),"OG Filename: 1.22.09 We Made U Ac apela
Same as the release acapella, besides being unmastered and having extra silence. Leaked in an acapella package on April 16th, 2025.",Leak,Acapella,Full Lossless,https://pillows.su/f/9719c29427e1913fb2478d0ff394a9fe,,
Relapse,We Made You (Acapella),"Official acapella for ""We Made You""",Promo CD,Acapella,Full Lossless,https://pillows.su/f/230bf1d60d58b0c6dcf0499644a673e2,,
Relapse,Medicine Ball (Acapella),"OG Filename: 2.6.09 Medicine Ball Aca_01
Leaked in an acapella package on April 16th, 2025.",Leak,Acapella,Full Lossless,https://pillows.su/f/b371826878b14cb0652f30817311a0ef,,
Relapse,Stay Wide Awake (Acapella),"OG Filename: 12.20.08 Stay Awake Edit Aca_02
Leaked in an acapella package on April 16th, 2025.",Leak,Acapella,Full Lossless,https://pillows.su/f/a749f9a1e49e6d16fc47dfa4815675e8,,
Relapse,"Old Time's Sake (Acapella)
(feat. Dr. Dre)","OG Filename: 1.20.09 OL Times Sake #3 Acca_01
Lacks the Must Be The Ganja transition, likely recorded over a longer version of the instrumental. Leaked in an acapella package on April 16th, 2025.",Leak,Acapella,Full Lossless,https://pillows.su/f/8d719c795354ceb5123715a751a249a4,,
Relapse,Must Be The Ganja (Acapella),"OG Filename: 1.30.09 Ganja for Deja#2 Aca_01
Leaked in an acapella package on April 16th, 2025.",Leak,Acapella,Full Lossless,https://pillows.su/f/34fbc00d144d067b0e8af3ec48334c4e,,
Relapse,Mr. Mathers / Deja Vu (Acapella),"OG Filename: 2.3.09 Deja Vu Skit& Song Aca_01
Has the Mr. Mathers skit attached. This is likely the same version as the one on the tracklist compiled between January and March of 2009 for Relapse. Leaked in an acapella package on April 16th, 2025.",Leak,Acapella,Full Lossless,https://pillows.su/f/ba42ac5b51a703f1ea23ff37e0c5c431,,
Relapse,Beautiful [V3] (Acapella),"OG FIlename: 1.24.09 Beautiful Aca_01
Has different panning on the hook and a breath before the first verse starts. Leaked in an acapella package on April 16th, 2025.",Leak,Acapella,Full Lossless,https://pillows.su/f/75d024e66f57bc396457ab9aec665d0a,,
Relapse,"Crack A Bottle (Acapella)
(feat. Dr. Dre & 50 Cent)","OG Filename: Crack A Bottle - A Cappella 12-12-08
Leaked in an acapella package on April 16th, 2025.",Leak,Acapella,Full Lossless,https://pillows.su/f/ce404da12ac033f488ae481f400c847c,,
Relapse,Underground (Acapella),"OG FIlename: 3.27.09 Underground Aca_02
Has additional adlibs, as well as the ones that were already present having louder mixing. Leaked in an acapella package on April 16th, 2025.",Leak,Acapella,Full Lossless,https://pillows.su/f/1a2ed19823b9a00b361419299b3b898a,,
Relapse,Taking My Ball [V1] (Acapella),"OG Filename: 3.30.09 Taking My Ball Aca_01
Contains the infamous Michael Jackson lines in verse 3, intended for Relapse. Leaked in an acapella package on April 16th, 2025.",Leak,Acapella,Full Lossless,https://pillows.su/f/a2686bc8283f4b716311c50fb1f7b1bf,,
Relapse,My Darling (Acapella),"OG Filename: 1.29.08 My Darling ACCA_13
Contains a chainsawless version of the beat in the intro bleed. Has a lot of splices in the intro. Leaked in an acapella package on April 16th, 2025.",Leak,Acapella,Full Lossless,https://pillows.su/f/b6292da6b29c22f6ac7eb43695c41990,,
"15 Total
6 Instrumental
8 Acapella
1 TV Track",Relapse 2,"(5/15/2009) (Relapse releases)
(11/17/2009) (Relapse 2 is scrapped)",,,"Initially comprising of leftovers from Relapse, Eminem would work on Relapse 2. Eminem, Mr. Porter & Dr. Dre would fly out to Hawaii and work on Relapse 2. During these sessions Eminem would transition from using accents to using none at all. Dre would eventually leave to work on Detox. Eminem would return and work with Just Blaze. In October 2009, Eminem mentioned that Relapse 2 was done and just needed to be mixed. To hold the fans over, Eminem would re-release Relapse as ""Relapse: Refill"" with some bonus tracks. On April 14th, 2010, Eminem would tweet that ""There is no Relapse 2"".",,,
,Instrumentals,,,,,,,
Relapse 2,"So Bad [V1] (Instrumental)
(prod. Dr. Dre & Nick Brongers)",Leaked by Joe Strange. Has a longer outro.,Leak,Instrumental,Full CDQ,https://pillows.su/f/18ce59e0ea8044065d97bd13a55999b4,,
Relapse 2,"Going Through Changes (Instrumental) [V1]
(prod. Emile Haynie)",Leaked by Joe Strange. Has an extended outro and no sound effects.,Leak,Instrumental,Full CDQ,https://pillows.su/f/b4cfed8161e45a0217dc679e43ae6120,,
Relapse 2,"??? (Instrumental) [V1]
(prod. Matthew Burnett & Jordan Evans)
(Not Afraid)","According to Boi-1da, the Not Afraid instrumental started off as a dance beat. From Summer 2009.",Info,Instrumental,Not Available,https://djbooth.net/features/2018-02-12-boi-1da-interview-beat-break/,,
Relapse 2,"50 Cent - Psycho (Instrumental)
(prod. Dr. Dre)","Official instrumental for ""Psycho"", included in a CD for DJs to promote Before I Self Destruct.",Promo CD,Instrumental,Full Lossless,https://pillows.su/f/6cb75ef56f1d5c8a130806e56e4e65bd,,
Relapse 2,"Drake - Forever (Instrumental)
(prod. Boi-1da)","Official instrumental for ""Forever"". ",Promo CD,Instrumental,Full Lossless,https://pillows.su/f/7cccf0354dd4695d73d02b4a38e85cb6,,
Relapse 2,"The Alchemist - Chemical Warfare
(prod. The Alchemist)","Official instrumental for ""Chemical Warfare""",Instrumental Album,Instrumental,Full Lossless,https://pillows.su/f/95ae451ecf9f41b4e58ea46e9550c200,,
,Acapellas,"
",,,,,,
Relapse 2,Buffalo Bill (Acapella),"OG Filename: 12.26.08 Buffalo Bill Acca_01
Lacks the skit. Leaked in an acapella package on April 16th, 2025.",Leak,Acapella,Full Lossless,https://pillows.su/f/c198da69a50af689aba94ff0de595310,,
Relapse 2,On Fire [V2] (Acapella),"OG Filename: On Fire Aca
Modified on June 28, 2010. This is the acapella to the Hawaii version of the song, thus lacks the Recovery layering that was likely recorded later in Detroit. Leaked in an acapella package on April 16th, 2025.",Leak,Acapella,Full Lossless,https://pillows.su/f/4650769474e34c604cd1dfc37d44d9dd,,
Relapse 2,Elevator (Acapella),"OG Filename: Elevator aca
Modified on November 17th, 2009 when Relapse 2 was scrapped. Leaked in an acapella package on April 16th, 2025.",Leak,Acapella,Full Lossless,https://pillows.su/f/d91e9b777b3755d7578dee3f3e247046,,
Relapse 2,"Hell Breaks Loose (Acapella)
(feat. Dr. Dre)","OG Filename: Hell Breaks Loose Aca
Modified on November 17th, 2009 when Relapse 2 was scrapped. Leaked in an acapella package on April 16th, 2025.",Leak,Acapella,Full Lossless,https://pillows.su/f/25d51e7c441f802cf790b4726cf242c9,,
Relapse 2,Music Box [V1] (Acapella),"OG Filename: Music Box Aca_03-04
Modified on November 17th, 2009 when Relapse 2 was scrapped. Leaked in an acapella package on April 16th, 2025.",Leak,Acapella,Full Lossless,https://pillows.su/f/2cb45c2dfc374e8b91d08b9a6383d5f1,,
Relapse 2,So Bad [V1] (Acapella),"OG Filename: So Bad Aca 5.25.10
Lacks the outro fadeout. Leaked in an acapella package on April 16th, 2025. Was rebounced for Recovery but the vocals are from Relapse 2 Hawaii sessions.",Leak,Acapella,Full Lossless,https://pillows.su/f/f6d09ff5f25e0793d106693497b21e4f,,
Relapse 2,"Drake - Forever (Acapella) [Explicit]
(feat. Kanye West, Lil Wayne & Eminem)","Official acapella for ""Forever"". ",Digital Single,Acapella,Full Lossless,https://pillows.su/f/3a9ab8fcf203bb6c4ce03b8d4788a252,,
Relapse 2,"Drake - Forever (Acapella) [Clean]
(feat. Kanye West, Lil Wayne & Eminem)","Official acapella for ""Forever"". Does not include the hook.",Promo CD,Acapella,Full Lossless,https://pillows.su/f/6f122dbf2d9fcc2639ef70abb3629190,,
,TV Tracks,"
",,,,,,
Relapse 2,"Drake - Forever (TV Track)
(prod. Boi-1da)","TV track for ""Forever"" by Drake.",Digital Single,TV Track,Full Lossless,https://pillows.su/f/c74dab842dff7eacc7012124912c67e5,Lossless,https://plwcse.top/f/c74dab842dff7eacc7012124912c67e5
"31 Total
12 Instrumental
18 Acapella
1 Sessions",Recovery,"(11/17/2009) (Relapse 2 is scrapped)
(6/18/2010) (Recovery releases)",,,"Due to a combination of the material being different from Relapse as well as the critical reception of Relapse,
Eminem would spend the next two months transforming Relapse 2 into Recovery. 
Recording songs like Not Afraid, Seduction & Love The Way You Lie.",,,
,Instrumentals,,,,,,,
Recovery,"Cold Wind Blows (Instrumental)
(prod. Just Blaze)",Leaked by Joe Strange.,Leak,Instrumental,Full CDQ,https://pillows.su/f/e90cd8170e39981b73c3b56b366e303d,,
Recovery,"Talkin' 2 Myself (Instrumental)
(prod. DJ Khalil)",Source unknown.,Unknown,Instrumental,Full HQ,https://pillows.su/f/b3f746b8b4ab3058a36eccec1c8d4b14,,
Recovery,"On Fire (Instrumental)
(prod. Mr. Porter)",Leaked by Joe Strange. ,Leak,Instrumental,Full CDQ,https://pillows.su/f/c7b3a495f549b4302720a6ba9180e613,,
Recovery,"Won't Back Down (Instrumental)
(prod. DJ Khalil)",Source unknown.,Unknown,Instrumental,Full HQ,https://pillows.su/f/2c07ec833f5f8a091f3c91bb58136285,,
Recovery,"Not Afraid (Instrumental)
(prod. Boi-1da, Matthew Burnett & Jordan Evans)","Official instrumental for ""Not Afraid""",CD Single,Instrumental,Full Lossless,https://pillows.su/f/fcae697891419be9fb59105012a99098,,
Recovery,"Seduction (Instrumental)
(prod. Boi-1da)",Leaked by Joe Strange.,Leak,Instrumental,Full HQ,https://pillows.su/f/2bbb50f34979cbba9fb1bc6ec9dfd92d,,
Recovery,"No Love (Instrumental)
(prod. Just Blaze)","Official instrumental for ""No Love""",Promo CD,Instrumental,Full CDQ,https://pillows.su/f/9a42ca60016c92911508402c045e7266,,
Recovery,"Space Bound (Instrumental)
(prod. Jim Jonsin)",Leaked by Joe Strange.,Leak,Instrumental,Full CDQ,https://pillows.su/f/de948cfd0a45cc51488198f56190c4cb,,
Recovery,"Almost Famous (Instrumental)
(prod. DJ Khalil)",Leaked by Joe Strange.,Leak,Instrumental,Full CDQ,https://pillows.su/f/8d0867f6ebe1e2530a690507bd5b6517,,
Recovery,"Love The Way You Lie (Instrumental)
(prod. Alex Da Kid)","Official instrumental for ""Love The Way You Lie"".",Promo CD,Instrumental,Full CDQ,https://pillows.su/f/b5dc1857ea4366dd3cef176460e07ed8,,
Recovery,"You're Never Over (Instrumental) 
(prod. Just Blaze)",Leaked by Joe Strange.,Leak,Instrumental,Full CDQ,https://pillows.su/f/2aa557250a9a5f4b8406230e5ce528ac,,
Recovery,"Lil Wayne - Drop The World (Instrumental)
(prod. Chase N. Cashe & B.CaRR)","Official instrumental for ""Drop The World"".",CD Single,Instrumental,Full HQ,https://pillows.su/f/12b6622d947bc1b77846ed012da00163,,
,Acapellas,"
",,,,,,
Recovery,Cold Wind Blows (Acapella),"OG Filename: Cold Wind Aca
Modified on May 18, 2010 and later August 20, 2023. Leaked in an acapella package on April 16th, 2025.",Leak,Acapella,Full Lossless,https://pillows.su/f/a3c3e7f6575b655e6a1fdb93aecc6f49,,
Recovery,"Talkin' 2 Myself (Acapella)
(feat. Kobe Honeycutt)","OG Filename: Talkin to Myself Aca
Modified on May 17, 2010. Leaked in an acapella package on April 16th, 2025.",Leak,Acapella,Full Lossless,https://pillows.su/f/a95fde00f61c59d8fec3f7dd4d93aa2f,,
Recovery,"Won't Back Down (Acapella)
(feat. P!NK)","OG Filename: Wont Back Down Aca
Modified on May 20, 2010. Leaked in an acapella package on April 16th, 2025.",Leak,Acapella,Full Lossless,https://pillows.su/f/5aeaff9024065635a52b1b8aa4f1738a,,
Recovery,White Trash Party [V1] (Acapella),"OG Filename: White Trash Aca
Modifed on June 28, 2010. Lacks vocal layers at the start of the third verse. Leaked in an acapella package on April 16th, 2025.",Leak,Acapella,Full Lossless,https://pillows.su/f/096797f9264554228772f3e0e9d308c6,,
Recovery,Going Through Changes (Acapella),"OG Filename: Changes Aca
Modified on June 28, 2010. Leaked in an acapella package on April 16th, 2025.",Leak,Acapella,Full Lossless,https://pillows.su/f/6f79c6506f58259d6bce0c0752b30774,,
Recovery,Not Afraid (Acapella),"OG Filename: Not Afraid Aca Dirty
Modified on June 9, 2010. Leaked in an acapella package on April 16th, 2025.",Leak,Acapella,Full Lossless,https://pillows.su/f/a0b9aa446a43fdd6205dd22956acb8c9,,
Recovery,Seduction (Acapella),"OG Filename: Seduction Aca
Modified on May 17, 2010. Leaked in an acapella package on April 16th, 2025.",Leak,Acapella,Full Lossless,https://pillows.su/f/fcc42c692a37affff3e276dd764165be,,
Recovery,"No Love (Acapella)
(feat. Lil Wayne)","OG Filename: No Love Aca
All Lil Wayne vocals panned slightly left yet Em's vocals are centered for unknown reasons. Modified on May 18, 2010. Leaked in an acapella package on April 16th, 2025.",Leak,Acapella,Full Lossless,https://pillows.su/f/56cf942d130d0124db7e18c38e587499,,
Recovery,Space Bound (Acapella),"OG Filename: Space Bound Aca
Modified on June 28, 2010. Leaked in an acapella package on April 16th, 2025.",Leak,Acapella,Full Lossless,https://pillows.su/f/0b6361a70f152c0c3a1f2147b3243cde,,
Recovery,Cinderella Man (Acapella),"OG Filename: Cinderella Man Aca
Modified on June 24, 2010. Leaked in an acapella package on April 16th, 2025.",Leak,Acapella,Full Lossless,https://pillows.su/f/d1abfdd59c4d8c732f7c5509a5fc10f8,,
Recovery,25 To Life (Acapella),"OG Filename: 25 to Life Aca
Modified on June 24, 2010, and later on August 20, 2023. Leaked in an acapella package on April 16th, 2025.",Leak,Acapella,Full Lossless,https://pillows.su/f/a27b28cc2f9b09059b86f930e29b2aae,,
Recovery,Almost Famous (Acapella),"OG Filename: Almost Famous Aca
Modified on May 17, 2010. Leaked in an acapella package on April 16th, 2025.",Leak,Acapella,Full Lossless,https://pillows.su/f/39fe48343afd2a221e00ca5618ddfd22,,
Recovery,"Love The Way You Lie (Acapella)
(feat. Rihanna)","OG Filename: Lie Aca
Modified on May 24, 2010. Leaked in an acapella package on April 16th, 2025.",Leak,Acapella,Full Lossless,https://pillows.su/f/451370fbe184e506239a94a00b2cc512,,
Recovery,You're Never Over (Acapella),"OG FIlename: Lost Boys Aca
Modified on June 28th, 2010. Leaked in an acapella package on April 16th, 2025.",Leak,Acapella,Full Lossless,https://pillows.su/f/771b1ab8f2938ca0042714c1b26bf20a,,
Recovery,Untitled (Acapella),"OG Filename: Havoc Aca
Modified on May 18, 2010. Leaked in an acapella package on April 16th, 2025.",Leak,Acapella,Full Lossless,https://pillows.su/f/4744d23b0074c28687a1984ea3dca508,,
Recovery,Despicable [V2] (Acapella),"OG Filename: Despicable Tv Aca
Modified on June 21st, 2010. Leaked in an acapella package on April 16th, 2025.",Leak,Acapella,Full Lossless,https://pillows.su/f/064e88413f5aed89c53367c333bd279e,,
Recovery,"B.O.B. - Airplanes Pt. II (Acapella)
(feat. Eminem & Hayley Williams)","OG Filename: Airplanes Aca
Modified on March 25th, 2010. Leaked in an acapella package on April 16th, 2025.",Leak,Acapella,Full Lossless,https://pillows.su/f/2c1737deb180e1cd4828ed2f22ad89b0,,
Recovery,"Lil Wayne - Drop The World (Acapella)
(feat. Eminem)","OG Filename: Drop The World Aca
Modified on November 30th, 2009. Leaked in an acapella package on April 16th, 2025.",Leak,Acapella,Full Lossless,https://pillows.su/f/5d40b52a9b56239f51001ca2d64542c0,,
,Sessions,,,,,,,
Recovery,Not Afraid (Session),"OG Session Name: not afraid Mix 2
A screenshot of the Pro Tools session was previewed by Mike Strange.",Info,Sessions,Not Available,https://pillows.su/f/19d718843bdbcdb0eacb1f69af141884,,
"7 Total
7 Instrumental","Hell: The Sequel
(Collaboration with Royce Da 5'9"")","(6/18/2010) (Recovery releases)
(6/13/2011) (Hell: The Sequel releases)",,,"In late 2010, Eminem & Royce would start work on Hell: The Sequel. The album name comes from a song they made in 1999 named ""Bad Meets Evil"" where Eminem raps at the end ""see you in hell for the sequel"". Em & Royce had a falling out later on and wouldn't reconcile until mid-2008 with the help of Ca$his. During the recording sessions for this album, Koolo had got his hands on some of the songs as they were being made, and decided to leak demos for the songs ""Echo"" and ""Living Proof"" in November 2010. This caused those tracks to be pushed to the deluxe edition, and a song called ""Take From Me"" was made about the leaks. Royce was beefing with Koolo on Twitter during this time, so Koolo would also leak a snippet for the song ""Take From Me"", as a way to get back at Royce for ""disrespecting his mother"".",,,
Hell: The Sequel,"Welcome 2 Hell (Instrumental)
(prod. Havoc & Magnedo7)",Leaked by Joe Strange.,Leak,Instrumental,Full HQ,https://pillows.su/f/7ad8f6925651838d70ea37bba3708300,,
Hell: The Sequel,"Fast Lane (Instrumental)
(prod. Supa Dups, Eminem & JG)",Leaked by Joe Strange.,Leak,Instrumental,Full HQ,https://pillows.su/f/6b4569a43d1e910173305cc87abde3a2,,
Hell: The Sequel,"The Reunion (Instrumental)
(prod. Sid Roams & Eminem)",Leaked by Joe Strange.,Leak,Instrumental,Full HQ,https://pillows.su/f/56e345b7f5ebe9149511a22646687b6e,,
Hell: The Sequel,"A Kiss (Instrumental)
(prod. Mr. Bangladesh & branNu)",Leaked by Joe Strange.,Leak,Instrumental,Full HQ,https://pillows.su/f/ac68ae716f9d15d88b57527ccc920f6d,,
Hell: The Sequel,"Lighters (Instrumental)
(prod. Eminem, The SmeeZingtons & Battle Roy)",Leaked by Joe Strange.,Leak,Instrumental,Full HQ,https://pillows.su/f/a919b87fd7b1dfb78e1dc85bd15e8388,,
Hell: The Sequel,"Take From Me (Instrumental)
(prod. Mr. Porter & ""56"")",The irony of this song being about music leaking then having the instrumental leak is too good. Leaked by Joe Strange.,Leak,Instrumental,Full CDQ,https://pillows.su/f/704737db70965e0db9cca6df38ef8b18,,
Hell: The Sequel,"Echo (Instrumental)
(prod. DJ Khalil)",Leaked by Joe Strange.,Leak,Instrumental,Full HQ,https://pillows.su/f/20694471435bc3c2e8e359d479009539,,
"48 Total
24 Instrumental
22 Acapella
2 Sessions",The Marshall Mathers LP 2,"(6/18/2010) (Recovery releases)
(11/5/2013) (MMLP2 releases)",,,"Eminem would team up with Rick Rubin to work on a sequel to MMLP.
It would have a tie-in with Call Of Duty: Ghosts, and was available to preorder.
Not only was the song ""Survival"" used as a single for it, but the song ""Don't Front"" was included.
The track was included in the special edition of COD Ghosts & MMLP2.",,,
,Instrumentals,,,,,,,
The Marshall Mathers LP 2,The Marshall Mathers LP 2 (Instrumentals),"Full stems and sessions for MMLP2 are in circulation, this is where the instrumental and acapella for Love Game originated from.",Info,Instrumental,Not Available,,,
The Marshall Mathers LP 2,"Bad Guy (Instrumental With Hook)
(prod. S1 & STREETRUNNER)",Leaked by Joe Strange,Leak,Instrumental,Full CDQ,https://pillows.su/f/b6223cdf84c1c20f01f21062b2bcc76a,,
The Marshall Mathers LP 2,"Survival (Instrumental)
(prod. DJ Khalil)","Official instrumental for ""Survival""",Expanded Edition,Instrumental,Full Lossless,https://pillows.su/f/ed8fd912c6e6177d577cd91711e5c1cc,,
The Marshall Mathers LP 2,"Berzerk (Instrumental)
(prod. Rick Rubin)","Official instrumental for ""Berzerk""",Expanded Edition,Instrumental,Full Lossless,https://pillows.su/f/c75def298047891daad486db9432aa2c,,
The Marshall Mathers LP 2,"Rap God (Instrumental) [V1]
(prod. DVLP)",Leaked by Joe Strange. Minor mixing differences.,Leak,Instrumental,Full CDQ,https://pillows.su/f/d025b6ebea04846d68f1cb606d9e8825,,
The Marshall Mathers LP 2,"Rap God (Instrumental)
(prod. DVLP)",Released on The Marshall Mathers LP2 (Expanded Edition). 3 seconds longer than the released song and 1 second shorter than the leaked version.,Expanded Edition,Instrumental,Full Lossless,https://pillows.su/f/5a551ad8c190aede3179050a0d62a5b5,,
The Marshall Mathers LP 2,"Stronger Than I Was (Instrumental)
(prod. Eminem & Luis Resto)",Leaked by Joe Strange.,Leak,Instrumental,Full CDQ,https://pillows.su/f/6a0411f9cf16fe20f9e857f72af4866f,,
The Marshall Mathers LP 2,"The Monster (Instrumental)
(prod. Frequency & Aalias)","Official instrumental for ""The Monster"".",Expanded Edition,Instrumental,Full Lossless,https://pillows.su/f/7c1855b688f0017bbf2c724c059c475c,,
The Marshall Mathers LP 2,"Love Game (Instrumental)
(prod. Rick Rubin)",Leaked in 2022.,Leak,Instrumental,Full Lossless,https://pillows.su/f/df9cf5824efc3f2844e86d8f0b7f58e9,,
The Marshall Mathers LP 2,"Headlights (Instrumental)
(prod. Emile Haynie, Jeff Bhasker & Eminem)","Official instrumental for ""Headlights"".",Expanded Edition,Instrumental,Full Lossless,https://pillows.su/f/0029f06eac4d189cb05f615cd124ae86,,
The Marshall Mathers LP 2,"Evil Twin (Instrumental)
(prod. Sid Roams & Eminem)",Leaked by Joe Strange.,Leak,Instrumental,Full CDQ,https://pillows.su/f/6aa23ed7bf80b8d857628257df22a788,,
The Marshall Mathers LP 2,"Get Slaughtered (Instrumental) [V1]
(prod. Ging)
(Groundhog Day)",Original sample of the song which was made by Frank Dukes aka Ging. This was sent to Cardiak to turn it into a proper beat.,Other,Instrumental,Recording,,,
The Marshall Mathers LP 2,"Get Slaughtered (Instrumental) [V2]
(prod. Ging & Cardiak)
(Groundhog Day)","OG Filename: get slaughtered 2-29-12
Original version of the beat produced with no extra Eminem production. Played in a video about the making of the beat. Eminem added more instrumentation, sound effects and chopped an instrument.",Other,Instrumental,Recording,,,
The Marshall Mathers LP 2,"Groundhog Day (Instrumental)
(prod. Ging, Cardiak & Eminem)
(Get Slaughtered)",Leaked by Joe Strange.,Leak,Instrumental,Full CDQ,https://pillows.su/f/134f87390515e1c06f5807c0f0320c04,,
The Marshall Mathers LP 2,"Wicked Ways (Instrumental)
(prod. Alex Da Kid)",Leaked by Joe Strange.,Leak,Instrumental,Full CDQ,https://pillows.su/f/57edefbae4349b545a56ac07bf67c6e4,,
The Marshall Mathers LP 2,"Ritz (Instrumental)
(prod. Eminem & Luis Resto)","OG Filename: Ritz Instrumental
Leaked by Joe Strange.",Leak,Instrumental,Full Lossless,https://pillows.su/f/5978f73ad2551d45d170b0f6650164f9,,
The Marshall Mathers LP 2,"??? (Instrumental) [V1]
(prod. Mr. Porter)
(Yah Yah)","In an interview, Denaun said he originally created the beat for Yah Yah in 2012.",Info,Instrumental,Not Available,https://www.youtube.com/watch?v=sDNZIqbDKJs&t=1811s,,
The Marshall Mathers LP 2,"50 Cent - Murder One (Instrumental)
(prod. araabMUZIK)",Comes from a DatPiff mixtape from 2016. If you can find this file in a better format / quality let a tracker editor know.,Leak,Instrumental,Full HQ,https://pillows.su/f/ed61018741c28f986c9b8b5f799c7c89,,
The Marshall Mathers LP 2,"50 Cent - New Day (Instrumental)
(prod. Dr. Dre, Swizz Beatz & Eminem)","OG FIlename: New Day INST FINAL 7 12 12
Leaked in a mass Box leak from The Engine Room recording studios in NYC.",Leak,Instrumental,Full Lossless,https://pillows.su/f/c94f6e27f1d9164536a070eac068b2a0,,
The Marshall Mathers LP 2,"Dr. Dre - I Need A Doctor
(Instrumental)
(prod. Alex Da Kid)",Source unknown.,Unknown,Instrumental,Full HQ,https://pillows.su/f/6081f54e2b5cb777b05032b6413cad87,,
The Marshall Mathers LP 2,Nicki Minaj - Roman's Revenge (Instrumental),Source unknown.,Unknown,Instrumental,Full HQ,https://pillows.su/f/e5fc78dae124babcd5ef116878741e9e,,
The Marshall Mathers LP 2,"Royce Da 5'9"" - Writer's Block (Instrumental) [V1]
(prod. Soram & STREETRUNNER)",Originates from a giant pack of leaked instrumentals (which can be found on torrent sites but it has no seeders so it's dead). Shorter than release and has a different outro,Leak,Instrumental,Full CDQ,https://pillows.su/f/e210690cd01f10f6686c798f14cf579f,,
The Marshall Mathers LP 2,"Royce Da 5'9"" - Writer's Block (Instrumental) [DJ Premier Remix]
(prod. DJ Premier)","Official instrumental for ""Writer's Block (DJ Premier Remix)""",Digital Single,Instrumental,Full CDQ,https://pillows.su/f/227cfeadb5683891066060ad595c8373,,
The Marshall Mathers LP 2,"Slaughterhouse - Throw It Away (Instrumental) 
(prod. Mr. Porter & Eminem)","Official instrumental for Throw It Away. Actual file is not sourced from the Promo CD, but some sort of hip-hop compilation.",Promo CD,Instrumental,Full CDQ,https://pillows.su/f/eb5d95ab519a3545a7b2c6b280ccc669,,
,Acapellas,"
",,,,,,
The Marshall Mathers LP 2,Bad Guy (Acapella),"OG Filename: Bad Guy Aca
Leaked in an acapella package on April 16th, 2025.",Leak,Acapella,Full Lossless,https://pillows.su/f/ca12bf4bd1fb09ee239854894872970b,,
The Marshall Mathers LP 2,Rhyme Or Reason [V1] (Acapella),"OG Filename: Rhyme or Reason Aca
Has Em misspelling ""Padawan"" as ""Pant-a-wan"". Em can also be heard singing the sample as a reference for the engineer. Leaked in an acapella package on April 16th, 2025.",Leak,Acapella,Full Lossless,https://pillows.su/f/4f6f056c2f70c7c62fd1d7473c127a85,,
The Marshall Mathers LP 2,So Much Better (Acapella),"OG Filename: So Much Better Aca
Leaked in an acapella package on April 16th, 2025.",Leak,Acapella,Full Lossless,https://pillows.su/f/23d11c4f28d64f7c913b73848ab66dab,,
The Marshall Mathers LP 2,Survival (Acapella),"OG Filename: Survival Verse Aca / Survival Hook Aca
Leaked in an acapella package on April 16th, 2025.",Leak,Acapella,Full Lossless,"Verse
Hook",,
The Marshall Mathers LP 2,Legacy (Acapella),"OG Filename: Legacy Aca
Leaked in an acapella package on April 16th, 2025.",Leak,Acapella,Full Lossless,https://pillows.su/f/c355c53881ba1ab9b0375c61585e771c,,
The Marshall Mathers LP 2,"Asshole (Acapella)
(feat. Skylar Grey)","OG Filenames: Asshole Verse Aca / Asshole Hook Aca
Leaked in an acapella package on April 16th, 2025.",Leak,Acapella,Full Lossless,"Verse
Hook",,
The Marshall Mathers LP 2,Berzerk (Acapella),"OG Filename: Berzerk Acca
Leaked in an acapella package on April 16th, 2025.",Leak,Acapella,Full Lossless,https://pillows.su/f/996305fee942f73b9586c53971a0a60a,,
The Marshall Mathers LP 2,Rap God [V1] (Acapella),"OG Filename: Rap God Aca
Lacks the ""6 minutes, Slim Shady, you're on"" vocals in the intro. The sample is also panned weird. Leaked in an acapella package on April 16th, 2025.",Leak,Acapella,Full Lossless,https://pillows.su/f/4bb7eac0624ed7b0ad6ba2f13ca9c3a4,,
The Marshall Mathers LP 2,Brainless (Acapella),"OG Filename: Brainless Aca
Leaked in an acapella package on April 16th, 2025.",Leak,Acapella,Full Lossless,https://pillows.su/f/3b12c5765b7eb5fe63e6cef0e24c68b9,,
The Marshall Mathers LP 2,Stronger Than I Was (Acapella),"OG Filename: Stronger Than I Was Aca
Leaked in an acapella package on April 16th, 2025.",Leak,Acapella,Full Lossless,https://pillows.su/f/2534d6dc2292cdaa051d79f2a6fa310f,,
The Marshall Mathers LP 2,"The Monster (Acapella)
(feat. Rihanna)","OG Filename: Monster Verse Aca / Monster Hook Aca
Leaked in an acapella package on April 16th, 2025.",Leak,Acapella,Full Lossless,"Verse
Hook",,
The Marshall Mathers LP 2,So Far... (Acapella),"OG Filename: Lifes Been Good Aca
Leaked in an acapella package on April 16th, 2025.",Leak,Acapella,Full Lossless,https://pillows.su/f/9aaee3517673d2b58ba78af61b3afa16,,
The Marshall Mathers LP 2,"Love Game (Acapella)
(feat. Kendrick Lamar)",Leaked in 2022,Leak,Acapella,Full Lossless,https://pillows.su/f/598aca91cdb013aed10b5604fc090043,,
The Marshall Mathers LP 2,"Headlights (Acapella)
(feat. Nate Ruess)","OG Filename: Headlights Aca
Leaked in an acapella package on April 16th, 2025.",Leak,Acapella,Full Lossless,https://pillows.su/f/bdba24d606b4996b823fdd8d36943fb9,,
The Marshall Mathers LP 2,Evil Twin (Acapella),"OG Filename: Evil Twin Aca
Leaked in an acapella package on April 16th, 2025.",Leak,Acapella,Full Lossless,https://pillows.su/f/7bb2ea272b28c1506b25fd573634cfb5,,
The Marshall Mathers LP 2,Baby (Acapella),"OG Filenames: Baby Verse Aca / Baby Hook Aca
Leaked in an acapella package on April 16th, 2025.",Leak,Acapella,Full Lossless,"Verse
Hook",,
The Marshall Mathers LP 2,"Desperation (Acapella)
(feat. Jamie N Commons)","OG Filenames: Desperation Verse Aca / Desperation Hook Aca
Leaked in an acapella package on April 16th, 2025.",Leak,Acapella,Full Lossless,"Verse 
Hook",,
The Marshall Mathers LP 2,Groundhog Day (Acapella),"OG Filename: Groundhog Day Aca
Leaked in an acapella package on April 16th, 2025.",Leak,Acapella,Full Lossless,https://pillows.su/f/fe6ae77a398dcaae0a819111099ae56b,,
The Marshall Mathers LP 2,"Beautiful Pain (Acapella)
(feat. Sia)","OG Filenames: Flame Verse Aca / Flame Hook Aca
Leaked in an acapella package on April 16th, 2025.",Leak,Acapella,Full Lossless,"Verse
Hook",,
The Marshall Mathers LP 2,Ken Kaniff (Skit) (Acapella),"OG Filenames: Ken Skit 2013 Em Aca / Ken Skit 2013 Ken Aca
Leaked in an acapella package on April 16th, 2025.",Leak,Acapella,Full Lossless,"Eminem
Ken Kaniff",,
The Marshall Mathers LP 2,"Don't Front (Acapella)
(feat. Buckshot)","OG Filenames: Don't Front Em Aca / Don't Front Hook Aca
Leaked in an acapella package on April 16th, 2025.",Leak,Acapella,Full Lossless,"Verse
Hook",,
The Marshall Mathers LP 2,Ritz (Acapella),Confirmed to be in circulation as it was originally intended for a SFTV type project.,Info,Acapella,CDQ Snippet,https://pillows.su/f/eedbc36b9ddc667198a0e28af43c9e38,,
,Sessions,,,,,,,
The Marshall Mathers LP 2,Bad Guy [V1] (Sessions),"Found by fireh9lly. Contains several unused loops and melodies, and even the acapella for Sarah Jaffe",Other,Sessions,Full Lossless,https://pillows.su/f/8a0b46de70c3e4d432814962151177db,,
The Marshall Mathers LP 2,Survival (Sessions),"Sessions for Survival, previewed by DJ Khalil.",Other,Sessions,Recording,https://youtu.be/2acYBXvvnIM?si=2616f3km1kNr6ycx,,
"4 Total
4 Instrumental","Shady XV
(Collaboration with Shady Records)","(11/5/2013) (MMLP2 releases)
(11/24/2014) (Shady XV releases)",,,"A compilation released to celebrate 15 years of Shady Records. 
Disc 1 consisted of new material, and Disc 2 was older songs.
It also conatined a demo of Lose Yourself.",,,
Shady XV,"All These Things [V1] (Instrumental)
(River, Stepping Stone)","OG Filename: 04-16-14 All These Things ins
Leaked in January 2026. Extremely barebones, but already has the sample. Dated to April 16, 2014.",Leak,Instrumental,Full Lossless,https://pillows.su/f/9658efce8be5086081d9dba98c1c9a3a,,
Shady XV,"Busta Rhymes - Calm Down (Instrumental)
(prod. Scoop DeVille & Eminem)","Official instrumental for ""Calm Down"".",Promo EP,Instrumental,Full Lossless,https://pillows.su/f/7538938b9c287534d7e1a4018045df19,,
Shady XV,"Slaughterhouse - Psychopath Killer (Instrumental)
(prod. Boi-1da & Just Blaze)",Leaked by Joe Strange. Has a different outro.,Leak,Instrumental,Full CDQ,https://pillows.su/f/0a427b97e7ff05fc574ee67bc925d8a6,,
Shady XV,"Trick Trick - Twerk Dat Pop That (Instrumental)
(prod. Antt Beatz)","Official instrumental for ""Twerk Dat Pop That"". Originates from a no longer existing Amazon Music page.",Digital Single,Instrumental,Full CDQ,https://pillows.su/f/0f4ff46b138831a423e95e1ae6eca743,,
"2 Total
1 Instrumental
1 Acapella","Southpaw Soundtrack
(Collaboration with various artists)","(11/24/2014) (Shady XV releases)
(7/24/2015) (Southpaw soundtrack releases)",,,"A soundtrack made for Southpaw.
Eminem was supposed to star in the movie, but he turned it down.",,,
Southpaw Soundtrack,Tech N9ne - Speedom (Instrumental),Leaked by Joe Strange,Leak,Instrumental,Full CDQ,https://pillows.su/f/a9734158c7a2da9d9d5fd039a5146803,,
,Acapellas,,,,,,,
Southpaw Soundtrack,"Yelawolf - Best Friend (Acapella)
(feat. Eminem)","OG Filename: PR 7.2.14 Best Friend Main Aca
Leaked in an acapella package on April 16th, 2025.",Leak,Acapella,Full Lossless,https://pillows.su/f/9e1f6d3528f9b778b3e33564c81e24af,,
"21 Total
11 Instrumental
9 Acapella
1 Studio Multitrack",Revival,"(11/5/2013) (MMLP2 releases)
(12/15/2017) (Revival releases)",,,"After not releasing an album since 2013, Eminem made a return. 
Starting with the single titled ""Campaign Speech"", Starting the rollout for Revival.
It was promoted using a cryptic marketing campaign for a fake pharmaceutical company, in late October 2017. 
This name ties into his continued use of drug references - Relapse (2009) and Recovery (2010) -in his album titles.
When it released it was met with negative reception.",,,
,Instrumentals,,,,,,,
Revival,"Walk On Water (Instrumental)
(prod. Rick Rubin & Skylar Grey)","A minute of the Walk On Water instrumental was included on the Revival art reveal video. Includes the 1st & 2nd chorus, and verse 1 instrumental.",Other,Instrumental,Partial HQ,https://pillows.su/f/045195fb3dbe219c942e8480f151ac40,,
Revival,"Believe (Instrumental)
(prod. Eminem, Luis Resto & Mr. Porter)",Leaked by Joe Strange,Leak,Instrumental,Full CDQ,https://pillows.su/f/dcd4af2c66de13fd90fb2322184479d0,,
Revival,"Remind Me (Instrumental)
(prod. Rick Rubin)",Leaked in lossless a few years ago.,Leak,Instrumental,Full Lossless,https://pillows.su/f/61a814812a2cdeb7708e718b30be4e88,,
Revival,"Nowhere Fast (Instrumental)
(prod. Rock Mafia & Hit-Boy)","Notably, is the OG file.",Leak,Instrumental,Full Lossless,https://pillows.su/f/aabbede87ed1629531c5f385207be337,,
Revival,"Offended (Instrumental)
(prod. IllaDaProducer)",Leaked by Joe Strange.,Leak,Instrumental,Full CDQ,https://pillows.su/f/94a47d3b934cbf7218b84a1f9a46eaa8,,
Revival,"Castle (Instrumental with hook)
(prod. DJ Khalil)",Leaked by Joe Strange.,Leak,Instrumental,Full CDQ,https://pillows.su/f/56c23a938c89b4e3d4b2cadff8c0b27a,,
Revival,"I'm Twisted
(prod. IllaDaProducer)","The instrumental to the leaked freestyle was said to be called I'm Twisted, as the actual filename for the freestyle was ""With Vocals"".",Info,Instrumental,Not Available,,,
Revival,"Shoes On Fire
(prod. Mr. Porter)
(Freak (Instrumental))","The instrumental to freak was said to be titled ""Shoes On Fire"".",Info,Instrumental,Not Available,,,
Revival,"Dr. Dre - Medicine Man (Instrumental)
(prod. Dem Jointz & Focus...)",Vinyl rip from 'Compton Instrumentals'.,Instrumental Album,Instrumental,Full Lossless,https://pillows.su/f/cea4318f34980650122dd011643b310f,,
Revival,"P!nk - Revenge (Instrumental)
(prod. Shellback & Max Martin)",Source unknown.,Unknown,Instrumental,Full HQ,https://pillows.su/f/672893377f95b6ed2fa783a4b1098061,,
Revival,"Big Sean - No Favors (Instrumental)
(prod. WondaGurl, Big Sean & FrancisGotHeat)",Leaked by Joe Strange.,Leak,Instrumental,Full CDQ,https://pillows.su/f/290840b0008b1911e293d66097ce7880,,
,Acapellas,"
",,,,,,
Revival,Believe (Acapella),"OG Filename: 11.15.17 Believe Final Acapella 32Bit44.1k
Leaked in an acapella package on April 16th, 2025.",Leak,Acapella,Full Lossless,https://pillows.su/f/6db0dd932489335cfdca365550862434,,
Revival,"Chloraseptic (Acapella)
(feat. PHresher)","OG Filename: 12.1.17 Chloraseptic Acapella 32Bit 44.1K
Leaked in an acapella package on April 16th, 2025.",Leak,Acapella,Full Lossless,https://pillows.su/f/fd991fbd93f7fd69cb79c9e89d2e568f,,
Revival,"Revival (Interlude) (Acapella)
(feat. Alice and the Glass Lake)","OG Filename: 11.18.17 Revival Acapella 32Bit 44.1K
Leaked in an acapella package on April 16th, 2025.",Leak,Acapella,Full Lossless,https://pillows.su/f/7cd67defc720a289b6e69e201ef4d8a5,,
Revival,"Tragic Endings (Acapella)
(feat. Skylar Grey)","OG Filename: Tragic Endings Acapella 24Bit 44.1K
Leaked in an acapella package on April 16th, 2025.",Leak,Acapella,Full Lossless,https://pillows.su/f/b9b7ed758e95a7151b2a7a73afc567dc,,
Revival,Heat (Acapella),"OG Filename: Boogie Nights RE1 2.3 Final Acapella
Panned 12.5% left. Leaked in an acapella package on April 16th, 2025.",Leak,Acapella,Full Lossless,https://pillows.su/f/1a67744a649dda738f6953e17d84d44d,,
Revival,Offended (Acapella),"OG Filename: 12.3.17 Offended 32Bit 44.1K FINAL
A different hook is heard in the bleed. Leaked in an acapella package on April 16th, 2025.",Leak,Acapella,Full Lossless,https://pillows.su/f/3a7426d456161f03fe477ccacada30f2,,
Revival,Castle (Acapella),"OG Filename: 11.20.17 Castle Final Acapella 24Bit 44.1K
Leaked in an acapella package on April 16th, 2025.",Leak,Acapella,Full Lossless,https://pillows.su/f/a7d828b75a131e6abc2f72e66143c91c,,
Revival,Arose (Acapella),"OG Filename: 11.29.17 Rose Final Acapella 32Bit 44.1K_08
Lacks the ""I don't want it"" vocal from the Castle section, and has a different rewind effect in the bleed. Leaked in an acapella package on April 16th, 2025.",Leak,Acapella,Full Lossless,https://pillows.su/f/65a2e252d55d0641b5c4c619e640e3aa,,
Revival,"Big Sean - No Favors (Acapella)
(feat. Eminem)",Found by AllTimeLow due to a bad Dolby mixer leaving the acapella channel empty (does contain minor headphone bleed on Em's verse like the other official acapellas),Other,Acapella,Full Lossless,https://pillows.su/f/2f2e88e43400f3d76392d182df091e93,,
,Multi-Tracks,,,,,,,
Revival,"P!nk - Revenge 
(feat. Eminem)","Bought by AllTimeLow in a PB, unfortunately the seller only had two Em tracks (both of which are for ad-libs).",Leak,Studio Multitrack,Full Lossless,https://pixeldrain.com/u/2YqY2CD7,,
"23 Total
11 Instrumental
12 Acapella",Kamikaze,"(12/15/2017) (Revival releases)
(8/31/2018) (Kamikaze releases)",,,"On August 31, 2018, Eminem unexpectedly released his tenth studio album, Kamikaze. 
The follow-up to his December 2017 album Revival. Due to Revival's reception, 
Eminem was mad and made a whole album expressing his anger while dissing a lot of people.",,,
,Instrumentals,,,,,,,
Kamikaze,"The Ringer (Instrumental)
(prod. IllaDaProducer, Ronny J & Eminem)",Leaked by Joe Strange.,Leak,Instrumental,Full HQ,https://pillows.su/f/042883b1a8b2fbc6a9f69e4c5352600e,,
Kamikaze,"Greatest (Instrumental)
(prod. Mike WILL Made-It & Backpack)",Leaked by Joe Strange.,Leak,Instrumental,Full CDQ,https://pillows.su/f/a0f34ac0be8587eb077eb6bed6b98bf1,,
Kamikaze,"Lucky You (Instrumental)
(prod. Boi-1da, Jahaan Sweet, IllaDaProducer & Eminem)",Leaked by Joe Strange.,Leak,Instrumental,Full CDQ,https://pillows.su/f/c348f5a14cf2ee85efeac7950c42b256,,
Kamikaze,"Normal (Instrumental)
(prod. IllaDaProducer, Lonestarrmusik & S1)",Leaked by Joe Strange.,Leak,Instrumental,Full CDQ,https://pillows.su/f/4210a98a1836921aa5f760c6f38a8252,,
Kamikaze,"Stepping Stone (Instrumental)
(prod. Eminem & Luis Resto)",Leaked by Joe Strange.,Leak,Instrumental,Full CDQ,https://pillows.su/f/bb8677ffc37e583ec5a55e43e9b36d9a,,
Kamikaze,"Not Alike (Instrumental)
(prod. Tay Keith, Ronny J & Eminem)",Leaked by Joe Strange.,Leak,Instrumental,Full CDQ,https://pillows.su/f/11096037c5206a3037e9d993ae5f6877,,
Kamikaze,"Good Guy (Instrumental)
(prod. IllaDaProducer & Eminem)",Leaked by Joe Strange. The upload combines the regular instrumental with the one used in the music video.,Leak,Instrumental,Full CDQ,https://pillows.su/f/f26f409d28861f8f0d4b669866f5c9ea,,
Kamikaze,"Venom (Instrumental)
(prod. Eminem & Luis Resto)",Leaked by Joe Strange.,Leak,Instrumental,Full CDQ,https://pillows.su/f/523a858f2247ec1064ce446d5457bbd4,,
Kamikaze,"Killshot (Instrumental) [V1]
(prod. IllaDaProducer)",Leaked by Joe Strange. Unpitched.,Leak,Instrumental,Full HQ,https://pillows.su/f/dff7af20907fba460652e2adccf7caf4,,
Kamikaze,"Royce Da 5'9"" - Caterpillar (Instrumental)
(prod. Epikh Pro & S1)",Leaked by Joe Strange. Has a longer outro.,Leak,Instrumental,Full HQ,https://pillows.su/f/67bd920d413e5abdae8416ccb42cd88d,,
Kamikaze,"???
(prod. Lonestarrmuzik)",The second beat of Discombobulated was originally made in 2018.,Info,Instrumental,Not Available,,,
,Acapellas,,,,,,,
Kamikaze,The Ringer (Acapella),"OG Filename: The Ringer Acapella
Lacks the melody switch, as heard in the bleed. Leaked in an acapella package on April 16th, 2025.",Leak,Acapella,Full Lossless,https://pillows.su/f/fd1484b6d5d7670588eaad2e4562c695,,
Kamikaze,Greatest [V1] (Acapella),"OG Filename: Greatest Em Acapella / Greatest Hook Acapella
Has Em saying ""they can eat a dick"" instead of ""eat a fuckin' dick"" in the intro. Leaked in an acapella package on April 16th, 2025.",Leak,Acapella,Full Lossless,"Verse
Hook",,
Kamikaze,"Lucky You (Acapella)
(feat. Joyner Lucas)","OG Filename: Lucky You Acapella
Leaked in an acapella package on April 16th, 2025.",Leak,Acapella,Full Lossless,https://pillows.su/f/6d18be2fdc81669a726169aa2206231f,,
Kamikaze,Normal (Acapella),"OG Filename: Normal Acapella
Leaked in an acapella package on April 16th, 2025.",Leak,Acapella,Full Lossless,https://pillows.su/f/93bc658ee72655f8f9008ca29c10ee3b,,
Kamikaze,Stepping Stone (Acapella),"OG Filename: Stepping Stone Acapella
Leaked in an acapella package on April 16th, 2025. Sample still has the instrumental.",Leak,Acapella,Full Lossless,https://pillows.su/f/ed53891c0d72e243a3f01e4ad9a61b30,,
Kamikaze,"Not Alike (Acapella)
(feat. Royce Da 5'9"")","OG Filename: Not Alike Acapella
The beat switch happens after the trojan line instead of the MGK line. Leaked in an acapella package on April 16th, 2025. ",Leak,Acapella,Full Lossless,https://pillows.su/f/d8f72f1b4670c26f6896a01797a8794c,,
Kamikaze,Kamikaze (Acapella),"OG Filename: Kamikaze Acapella
Leaked in an acapella package on April 16th, 2025.",Leak,Acapella,Full Lossless,https://pillows.su/f/5eb37950e838552cfdd9629a3c5e8091,,
Kamikaze,Fall (Acapella),"OG Filename: Fall Acapella
The censored word ""Faggot"" is reversed and doesn't have the weird censor effect that's present in the release version. Leaked in an acapella package on April 16th, 2025.",Leak,Acapella,Full Lossless,https://pillows.su/f/06c0c1af68eac9832b647e2bdcf071b0,,
Kamikaze,"Nice Guy (Acapella)
(feat. Jessie Reyez)","OG Filename: Nice Guy Acapella
Leaked in an acapella package on April 16th, 2025.",Leak,Acapella,Full Lossless,https://pillows.su/f/6fa7a2aac45fcd69c4632086aedcfb89,,
Kamikaze,"Good Guy (Acapella)
(feat. Jessie Reyez)","OG Filename: Good Guy Acapella
Leaked in an acapella package on April 16th, 2025.",Leak,Acapella,Full Lossless,https://pillows.su/f/159a56a267e59004a9379d47f8d1dd62,,
Kamikaze,Venom (Acapella),"OG Filename: Venom Acapella
Leaked in an acapella package on April 16th, 2025.",Leak,Acapella,Full Lossless,https://pillows.su/f/11141ac7f1d053ec0a19c3021e278069,,
Kamikaze,"Chloraseptic (Remix) (Acapella)
(feat. 2Chainz & PHresher)","OG Filename: 1.5.18 Chlor Remix Aca_01-01
Leaked in an acapella package on April 16th, 2025.",Leak,Acapella,Full Lossless,https://pillows.su/f/2f56c0a6c3d8a9300ef47af629482322,,
"28 Total
10 Instrumental
17 Acapella
1 Sessions",Music To Be Murdered By,"(8/31/2018) (Kamikaze releases)
(1/17/2020) (MTBMB releases)",,,"Music To Be Murdered By would be released as a surprise drop on January 17th, 2020, and is the eleventh studio by now. Following Kamikaze's reception, the album was inspired by Sir Alfred Hitchcock (1899–1980) One of the most influential and prominent directors and filmmakers of all time, who titled his 1958 music album, ""Music to Be Murdered By"".",,,
,Instrumentals,,,,,,,
Music To Be Murdered By,"Unaccommodating [V1] (Instrumental)
(prod. Tim Suby)","OG Filename: AUDIO_8093
Near release version of the instrumental found in Young MA's folder for Unaccommodating. 4 seconds longer than release.",Leak,Instrumental,Full Lossless,https://pillows.su/f/f8d06f468c5c089c29c27085a515b715,,
Music To Be Murdered By,"You Gon' Learn [V2] (Instrumental)
(prod. Royce Da 5'9"", Eminem & Luis Resto)","Leaked by Joe Strange, differing volume in the bass and drums along with missing SFX during Eminem's verse. Likely a near final mix.",Leak,Instrumental,Full CDQ,https://pillows.su/f/da77f01ea9dfbf5373b3ab774b700533,,
Music To Be Murdered By,"Those Kinda Nights (Instrumental)
(prod. D.A. Got That Dope, Eminem & Fred)",Leaked by Joe Strange.,Leak,Instrumental,Full CDQ,https://pillows.su/f/4ee657ed92e2f14f72b67f9f6401c8cd,,
Music To Be Murdered By,"In Too Deep (Instrumental)
(prod. Tim Suby & Eminem)",Leaked by Joe Strange.,Leak,Instrumental,Full CDQ,https://pillows.su/f/5df1cb8702b6e26825fa660c4803e0b4,,
Music To Be Murdered By,"Godzilla (Instrumental)
(prod. D.A. Got That Dope & Eminem)",Leaked by Joe Strange.,Leak,Instrumental,Full CDQ,https://pillows.su/f/730384aa0b0e48e1499ebefc14f1d8b6,,
Music To Be Murdered By,"Darkness [V1] (Instrumental)
(prod. Eminem, Royce Da 5'9"" & Luis Resto)",Has a slightly different mix & production. Leaked by Joe Strange.,Leak,Instrumental,Full CDQ,https://pillows.su/f/863dcafcbee510c6f9b6e2fa5cc56465,,
Music To Be Murdered By,"Little Engine (Instrumental)
(prod. Dr. Dre, Dawaun Parker, Blu2th, Trevor Lawrence Jr.)",Leaked by Joe Strange.,Leak,Instrumental,Full CDQ,https://pillows.su/f/ca9d2a6dfa9d291a6269f985eac25e65,,
Music To Be Murdered By,"No Regrets (Instrumental)
(prod. D.A. Got That Dope & Eminem)",Leaked by Joe Strange.,Leak,Instrumental,Full HQ,https://pillows.su/f/d5058ccbc3f793d04c41442e7fc8dffd,,
Music To Be Murdered By,"Ed Sheeran - Remember The Name (Instrumental)
(prod. Ed Sheeran, FRED, Max Martin & Shellback)",Source unknown.,Leak,Instrumental,Full Lossless,https://pillows.su/f/e8ee75dead520e6468187880506d9ff3,,
Music To Be Murdered By,"Logic - Homicide (Instrumental)
(prod. SHROOM & Bregma)",Apparently posted by the producers.,Other,Instrumental,Full HQ,https://pillows.su/f/1c36d840742dd11f2f5d977e663cb577,,
,Acapellas,,,,,,,
Music To Be Murdered By,Premonition (Acapella),"OG Filename: 10.21.19 Murdered By Aca_05-01
The echo after the ""murdered by"" line isn't present. Leaked in an acapella package on April 16th, 2025.",Leak,Acapella,Full Lossless,https://pillows.su/f/800d7e01cdc4b1114186bb182a2d233e,,
Music To Be Murdered By,"Unaccomodating (Acapella)
(feat. Young M.A.)","OG Filename: 1.13.20 Unacc Ac_01
Contains extra echo of ""Unaccommodating"" after the ending of the song. Leaked in an acapella package on April 16th, 2025.",Leak,Acapella,Full Lossless,https://pillows.su/f/e976b605a9ea6ebd3fa191357a9674f3,,
Music To Be Murdered By,"You Gon' Learn [V3] (Acapella)
(feat. Royce Da 5'9"" & White Gold)","OG Filename: You Gon Learn Aca
Contains the infamous Tee Grizzley line. Modified on January 20, 2020. Leaked in an acapella package on April 16th, 2025.",Leak,Acapella,Full Lossless,https://pillows.su/f/2ba494fb2a0f597501e527a426941d03,,
Music To Be Murdered By,"Those Kinda Nights (Acapella)
(feat. Ed Sheeran)","OG Filename: One of Those Nights Aca
The echo after the last ""those kinda nights"" line isn't present. Modified on January 20, 2020. Leaked in an acapella package on April 16th, 2025.",Leak,Acapella,Full Lossless,https://pillows.su/f/dd77b07e113f2c026310bf339e31332e,,
Music To Be Murdered By,In Too Deep (Acapella),"OG Filename: In to Deep Aca
Modified on January 20, 2020. Leaked in an acapella package on April 16th, 2025.",Leak,Acapella,Full Lossless,https://pillows.su/f/896a0cb457cdb46552859218643847cd,,
Music To Be Murdered By,Darkness (Acapella),"OG Filename: 11.27.19 Darkness Aca_03
Lacks the vocal sample. Leaked in an acapella package on April 16th, 2025.",Leak,Acapella,Full Lossless,https://pillows.su/f/940cbde1ef283bdd03cfb2940a0d297b,,
Music To Be Murdered By,"Leaving Heaven (Acapella)
(feat. Skylar Grey)","OG Filename: Leaving Heaven Aca
Modified on January 20, 2020. Leaked in an acapella package on April 16th, 2025.",Leak,Acapella,Full Lossless,https://pillows.su/f/37a934169a9c1073ed62cb4877f573b0,,
Music To Be Murdered By,"Yah Yah [V68] (Acapella)
(feat. Royce Da 5'9"", Black Thought, Q-Tip & Denaun)","OG Filename: 11.27.19 Yayaya Aca (No busta or BGV)_01-68
 No Busta Rhymes sample or background vocals, also lacks part of Royce's intro. Leaked in an acapella package on April 16th, 2025.",Leak,Acapella,Full Lossless,https://pillows.su/f/10aa6e3c05fc55c4ba9a24c85267349d,,
Music To Be Murdered By,Stepdad (Acapella),"OG Filename: 12.4.19 Step Dad Aca_01
Leaked in an acapella package on April 16th, 2025.",Leak,Acapella,Full Lossless,https://pillows.su/f/8db65303a4f5ec3ee5bb945cb84e05aa,,
Music To Be Murdered By,Marsh (Acapella),"OG Filename: 12.12.19 Marsh Aca_01
Leaked in an acapella package on April 16th, 2025.",Leak,Acapella,Full Lossless,https://pillows.su/f/4c9cb7e01c9503b15bc356ecb15c1222,,
Music To Be Murdered By,Never Love Again (Acapella)," OG Filename: Never (ACAPELLA) 1.6
Contains 10 seconds of silence at the start, panned 10-15% left for unknown reasons. Leaked in an acapella package on April 16th, 2025.",Leak,Acapella,Full Lossless,https://pillows.su/f/b3e92b34d694ea371efa6a199a4eb2ed,,
Music To Be Murdered By,"Lock It Up (Acapella)
(feat. Anderson .Paak)","OG Filename: 12.4.19 Lock it up Aca_01
Leaked in an acapella package on April 16th, 2025.",Leak,Acapella,Full Lossless,https://pillows.su/f/1bf6079c2f7c211c79e46bb32b25033d,,
Music To Be Murdered By,Farewell (Acapella),"OG Filename: 11.27.19 Farewell Aca_02
Leaked in an acapella package on April 16th, 2025.",Leak,Acapella,Full Lossless,https://pillows.su/f/83cf4f17b55a086c0abde3b21be196aa,,
Music To Be Murdered By,"I Will (Acapella)
(feat. Royce Da 5'9"", KXNG Crooked & Joell Ortiz)","OG Filename: 1.6.20 I Will Aca_03 
Leaked in an acapella package on April 16th, 2025.",Leak,Acapella,Full Lossless,https://pillows.su/f/7916321982c01d038d92c12c7f91198f,,
Music To Be Murdered By,"Conway The Machine - Bang (Acapella)
(feat. Eminem)","OG Filename: Em.03_01
Leaked in an acapella package on April 16th, 2025. Only contains Em's verse.",Leak,Acapella,Partial Lossless,https://pillows.su/f/7a8c6041309b8d5b42fecc6b6e2ab444,,
Music To Be Murdered By,"Griselda - Bang (Remix) (Acapella)
(feat. Eminem)","OG Filename: Bang Remix Aca
At the very start of the acapella if you turn the volume up you can hear Conway saying to someone in the studio ""Me too nigga"" before he starts his verse. Leaked in an acapella package on April 16th, 2025.",Leak,Acapella,Full Lossless,https://pillows.su/f/3b60adbe331ec9214b52e79101b5c4e7,,
Music To Be Murdered By,"WESTSIDE BOOGIE - Rainy Days (Acapella)
(feat. Eminem)","OG Filename: 9.28.18 Rainy Days#2 Aca_01
Leaked in an acapella package on April 16th, 2025.",Leak,Acapella,Full Lossless,https://pillows.su/f/45477a6918fbfb81633ba6987480b11c,,
,Sessions,,,,,,,
Music To Be Murdered By,"Unaccommodating [V2] (Session)
(feat. Young MA) (prod. Tim Suby)","OG Filename: Young M.A. Eminem Feature 10.19.19
Session for Young MA's feature on Unaccommodating. Has no Eminem vocals. Leaked March 14th, 2026.",Leak,Sessions,Full Lossless,https://drive.google.com/drive/folders/1TDN44v9H18JoUU7n3Q-xOnxnx4ydO1iq?usp=sharing,,
"13 Total
10 Instrumental
2 Acapella
1 Sessions",Music To Be Murdered By: Side B,"(1/17/2020) (MTBMB releases)
(12/18/2020) (Side B releases)",,,"Less than a year after the release of the standard edition, Eminem would drop a deluxe version to MTBMB. This was originally intended to be a surprise release, but the cover art would end up leaking days before the release. The surprise release of the album contains a reference to Side B in the standard edition, specifically in ""You Gon' Learn"" A possible foreshadow, ""Thought my name was B-side 'cause they flipped over my tape"".",,,
,Instrumentals,,,,,,,
Side B,"Book Of Rhymes (Instrumental)
(prod. Eminem, IllaDaProducer & Luis Resto)",Leaked by Joe Strange.,Leak,Instrumental,Full CDQ,https://pillows.su/f/e1d01e97ddce383569a3d183d94746a5,,
Side B,"Guns Blazing [V4] (Instrumental)
(prod. J.LBS & Eminem)",Leaked by Joe Strange. Lacks the Favorite Bitch transition.,Leak,Instrumental,Full CDQ,https://pillows.su/f/4feccf9c3c3b619c51c66069f4305c35,,
Side B,"Gnat (Instrumental)
(prod. D.A. Got That Dope)",Leaked by Joe Strange.,Leak,Instrumental,Full CDQ,https://pillows.su/f/363a9e36497b917370c1f9ce64468b89,,
Side B,"Higher (Instrumental)
(prod. Eminem)",Instrumental for Higher.,Leak,Instrumental,Full CDQ,https://pillows.su/f/64223d7354831adc2c69203c8e061c01,,
Side B,"These Demons (Instrumental)
(prod. D.A. Got That Dope, Eminem, Mike Zombie & The Loud Pack)",Leaked by Joe Strange.,Leak,Instrumental,Full CDQ,https://pillows.su/f/036b02f222c02fcddb7318d1c41dc4d7,,
Side B,"Killer (Instrumental)
(prod. D.A. Got That Dope)",Leaked by Joe Strange.,Leak,Instrumental,Full CDQ,https://pillows.su/f/6be3475c68002972112fc060512d1a71,,
Side B,"Zeus (Instrumental)
(prod. T-Minus, Eminem & Luca Mauti)",Leaked by Joe Strange.,Leak,Instrumental,Full CDQ,https://pillows.su/f/882cc83e947a98c2ed562633832342f2,,
Side B,"Discombobulated [V4] (Instrumental)
(prod. Dr. Dre, DJ Silk, Mista Choc, Black Bethoven, S1, Lonestarrmuzik & Frano)","Leaked by Joe Strange. Has less production (more similar to Back And Forth), no pitch change, no intro scratch, and different mixing.",Leak,Instrumental,Full CDQ,https://pillows.su/f/0a165d90875ca7cf9dc0ff8ff24e887c,,
Side B,"Stan's Revenge (Instrumental)
(prod. Eminem)",Ripped from the official NFT Auction. Sounds pretty rushed.,Other,Instrumental,Full HQ,https://pillows.su/f/146bf56161bf1366736b078c74127598,,
Side B,"Dr. Dre - Gospel [V4] (Instrumental)
(prod. Listen2KÖACH & Dr. Dre)",Leaked by Joe Strange. Has production differences and a different ending.,Leak,Instrumental,Full HQ,https://pillows.su/f/a9d7d444c9ded6cf23b18219c2cb60ce,,
,Acapellas,,,,,,,
Side B,Music To Be Murdered By: Side B (Acapellas),All Side B acapellas were obtained in the SFTL3 buy but they never leaked. Almost all of these contain differences and have way more adlibs than release. Lossless in circulation.,Info,Acapella,Not Available,,,
Side B,"Dr. Dre - Gospel (Acapella)
(feat. Eminem)","OG Filename: Gospel EM ACA
Only the acapella to Em's parts is available. Leaked in an acapella package on April 16th, 2025.",Leak,Acapella,Partial Lossless,https://pillows.su/f/0b005a0e2ca739c559a2085483997a7c,,
,Sessions,,,,,,,
Side B,"Kid Cudi - Trkin [V1]
(The Adventures Of Moon Man And Slim Shady)",The same person who was selling the original version of TAOMMASS also claims to have the Ableton session for it.,Info,Sessions,Rumored,,,
"3 Total
3 Instrumental","The Death of Slim Shady (Coup de Grâce)
(Marshall Mathers Vs. Slim Shady)","(08/05/2022) (Curtain Call 2 releases)
(07/12/2024) (The Death of Slim Shady (Coup de Grâce) Releases)",,,,"Following a hiatus after the release of Music To Be Murdered By: Side B, Eminem began teasing a new album in early 2024. A teaser for the album released on April 26th, 2024 that featured a fake news report about the murder of Slim Shady. Following the single release of 'Houdini' and another album trailer with a callback to Popsomp Hills from the Relapse era, The Death Of Slim Shady (Coupe de Grace) released on July 12th, 2024.",,
,Instrumentals,,,,,,,
The Death of Slim Shady (Coup de Grâce),"Fuel (Instrumental) [V1]
(prod. Mr. Farter & Eminem)",Played by Mr. Porter on a livestream.,Other,Instrumental,Recording,https://pillows.su/f/e0af2d6f25f7709fb51372ad04f8e600,,
The Death of Slim Shady (Coup de Grâce),"Houdini (Instrumental)
(prod. Eminem & Luis Resto)",Leaked instrumental for Houdini.,Leak,Instrumental,Full CDQ,https://pillows.su/f/3f25b772c9d0a0def6896a501efe63f9,,
The Death of Slim Shady (Coup de Grâce),"Lyrical Lemonade - Tobey (Instrumental) [V1]
(prod. John Nocito)","OG Filename: toreador_115_(johnnocito)
John Nocito mentioned in the How I Produced Tobey video that Tobey originally had a FNAF sample that didn't make the cut. Leaked on July 21, 2026. Samples the Five Nights at Freddy's Music Box song.",Leak,Instrumental,Full HQ,https://pillows.su/f/832d3f06745a33690dded0acb7a5dc3c,,
"2 Total
2 Instrumental",LP13 (Ongoing),"(7/12/2024) (The Death of Slim Shady (Coup de Grâce) Releases)
(Ongoing)",,,,,,
LP13,"LL Cool J - Murdergram Deux (Instrumental)
(prod. Q-Tip & Eminem)","Leaked Instrumental for Murdergram Deux. Was posted in Hipstrumentals.com on September 3, 2024",Leak,Instrumental,Full HQ,https://pillows.su/f/e4101a1d45350cf5a86b8c709277f303,,
LP13,"Snoop Dogg & Dr. Dre - Gunz & Smoke (Instrumental)
(prod. C.S Armstrong & Dr. Dre)","Official instrumental for ""Gunz N Smoke"". Missing the Dead Wrong sample and skit.",Instrumental Album,Instrumental,Full Lossless,https://pillows.su/f/42e15fe5995d954451a7a975e62f32e3,No Evidence,https://www.ddinstagram.com/reel/DDdXMlYPPPp/?igsh=eGl2enFib29qMng5