Era,Name,Notes,Track Length,File Date,Leak Date,Available Length,Quality,Link(s)
ADD,MY DISCORD FOR,SUGGESTIONS: Walterhwit,,,,,,
"0 OG File(s)
4 Full
0 Tagged
0 Partial
4 Snippet(s)
29 Unavailable",Early Days / Pre-Parachutes,,,,,,,
Early Days,Abdomen,Written by 'Pectoralz'.,,,N/A,Confirmed,Not Available,N/A
Early Days,Before I Lose,Played live at the Laurel Tree gig in 1998.,,,N/A,Confirmed,Not Available,N/A
Early Days,Big Fat Noises,Written in a notebook seen in the AHFOD Documentary.,,,N/A,Confirmed,Not Available,N/A
Early Days,Bigger Stronger (Jam),Very early instrumental take of the song.,,,,Snippet,Low Quality,Snippet
Early Days,Bigger Tractor,Played live at the Laurel Tree gig in 1998. Joke version of Bigger Stronger.,,,N/A,Confirmed,Not Available,N/A
Early Days,Brothers and Sisters (Safety),"Recorded during the Safety sessions. It featured an ""indian-sounding"" intro.",,,N/A,Confirmed,Not Available,N/A
Early Days,Call Me,Given away to Sara Garvey.,,,N/A,Rumored,Not Available,N/A
Early Days,Complete Madness,Written in a notebook seen in the AHFOD Doc.,,,N/A,Confirmed,Not Available,N/A
Early Days,December / Long December,Later turned into Violet Hill - uses the melody and first verse.,,,N/A,Confirmed,Not Available,N/A
Early Days,Don't You?,Written in Debs Wild's Life In Technicolor book. Allegedly a line from this was reused in Shiver.,,,N/A,Confirmed,Not Available,N/A
Early Days,Early Un-named Guitar Cassette Demo,Registered to ASCAP.,,,N/A,Confirmed,Not Available,N/A
Early Days,"""For Love""",Written in a notebook seen in the AHFOD Documentary.,,,N/A,Confirmed,Not Available,N/A
Early Days,Game Shows,Written in a notebook seen in the AHFOD Documentary.,,,N/A,Confirmed,Not Available,
Early Days,High Speed [V1-V3],"Apparently recorded 3 times, before settling on one take.",,,N/A,Rumored,Not Available,N/A
Early Days,I Hear Noises,Played live at the Laurel Tree gig in 1998.,,,N/A,Confirmed,Not Available,N/A
Early Days,I Love You Jim,Joke song written about a friend of Chris'.,,,"Nov 14, 2018",Full,Recording,I Love You Jim
Early Days,If All Else Fails,Played live at early shows. Recorded during the Safety sessions.,,,,Snippet,Recording,Snippet
Early Days,Jimmy Type Of Loving,Written by 'Pectoralz'.,,,N/A,Confirmed,Not Available,N/A
Early Days,🏆 Love I'm So Tired,Confirmed to be the first 'Coldplay' song.,,,N/A,Confirmed,Not Available,N/A
Early Days,Nobody Will Understand,Written by 'Pectoralz'. Planned for the Safety EP but scrapped.,,,N/A,Confirmed,Not Available,N/A
Early Days,Noone Owns Anything,Written in a notebook seen in the AHFOD Documentary.,,,N/A,Confirmed,Not Available,N/A
Early Days,Ode to Deodorant (Safety),"Recorded during the Safety sessions. It featured an ""harsher"" guitar part.",,,,Confirmed,Not Available,N/A
Early Days,Panic,Early version of Don't Panic. Played live at early shows. Recorded during the Safety sessions.,,,,Confirmed,Not Available,Snippetn
Early Days,Same Mistake,Written in a notebook seen in the AHFOD Documentary.,,,N/A,Confirmed,Not Available,N/A
Early Days,Shiver (January 1999),"Played live at early shows, different vocal melody. Seems to be different from the version performed in March and later.",,,"May 29, 2024",Snippet,Recording,"Snippet 1
Snippet 2"
Early Days,Shiver (March 1999),Early version of Shiver will different lyrics and rougher instrumental. Earliest known live performance (for this version of the song) was for Lamacq Live on BBC Radio 1.,4:59,,,Full,Recording,Shiver (March 1999)
Early Days,🏆 So Sad,Played live at early shows. A studio version allegedly doesn't exist.,,,,Snippet,Recording,"Snippet 1
Snippet 2"
Early Days,"🏆 The Blue Room [V1]
(The Blue Room, Blind(?), Square/1, Square One)""",Written in Debs Wild's Life In Technicolor book. Later re-recorded for Parachutes. Rumoured to be an early version of Square One.,,,N/A,Confirmed,Not Available,N/A
Early Days,To Likely You,Allegedly meant to be on The Blue Room EP.,,,N/A,Conflicting Sources,Not Available,N/A
Early Days,Unknown,Written in a notebook seen in the AHFOD Doc. Impossible to make out full name.,,,N/A,Confirmed,Not Available,N/A
Early Days,⭐Vitamins,"A snippet was played in the AHFOD Documentary. The song was recorded during the Safety sessions. Digitalized in 2006. A long time before the song leaked, it was apparently uploaded on YouTube by Nikki Rosetti but then quickly taken down for unknown reasons.",2:26,,"Apr 4, 2024",Full,High Quality,Vitamins
Early Days,✨ Vitamins (2020 Mix),"OG Filename: VITAMINS 1998 HAM Edit New VOC REF X 20200825N
New mix of the song from 2020, using old recordings.",1:27,,,Full,High Quality,Vitamins (2020 Mix)
Early Days,Waiting In Line,Played live at early shows. Later re-recorded for Parachutes.,,,N/A,Confirmed,Not Available,N/A
Early Days,Waiting,Written in Debs Wild's Life In Technicolor book though it is unconfirmed if it's meant to be Waiting In Line.,,,N/A,Conflicting Sources,Not Available,N/A
Early Days,We Never Change,Demo of We Never Change made for The Blue Room EP.,5:12,,,Inst Only,CD Quality,We Never Change
Early Days,What The Hell,Written in a notebook seen in the AHFOD Documentary.,,,N/A,Confirmed,Not Available,N/A
Early Days,Wooden House,Written in Debs Wild's Life In Technicolor book. Planned for the Panic EP. Likely an early version of We Never Change.,,,N/A,Confirmed,Not Available,N/A
Early Days,The World Is Not Enough,Chris Martins joe Jackson's James Bourne song. currently being auctioned.,,,,Confirmed,Not Available,
"0 OG File(s)
8 Full
0 Tagged
2 Partial
0 Snippet(s)
12 Unavailable",Parachutes,,,,,,,
Parachutes,Animals (Demo),Played live on the Parachutes tour.,5:32,,,Full,Recording,Animals (Demo)
Parachutes,Be Careful Where You Stand,Registered to ASCAP. Likely a working title for Careful Where You Stand.,,,,Confirmed,Not Available,N/A
Parachutes,✨ Bigger Stronger,Played live on the Parachutes tour. The studio instrumental is online.,4:39,,,Inst Only,Lossless,Instrumental
Parachutes,Brothers and Sisters (Rough Demo Take),Demo take of the Parachutes version of the song. The instrumental is different and rough vocals can be heard throughout. Studio Instrumental is online.,4:39,,,Inst Only,Lossless,Instrumental
Parachutes,Careful Where You Stand (Demo),Early take of the song.,,,,Partial,Medium Quality,Careful Where You Stand (Demo)
Parachutes,✨ Harmless,Played live once in 2000.,4:22,,,Full,Recording,Harmless
Parachutes,High Speed 2,Written on a whiteboard seen in the AHFOD documentary. Possibly the Parachutes version of High Speed (see below).,,,N/A,Confirmed,Not Available,N/A
Parachutes,High Speed (Parachutes Version),Leaked instrumental of a Parachutes recording of the song.,4:14,,"Jul 20, 2000",Stem Bounce,Lossless,High Speed (Parachutes)
Parachutes,In My Place (Parachutes Version),"Recorded at the end of Parachutes sessions. Played frequently throughout the tour. Additionally, over 100 demos of the song are said to exist.",,,N/A,Confirmed,Not Available,N/A
Parachutes,Lovers in Japan [V1],"Written by Chris after going to Japan for the first time, while walking in a park.",,,N/A,Confirmed,Not Available,N/A
Parachutes,Parachutes (Piano Version),Extended instrumental version of the title track played on piano.,,,N/A,Confirmed,Not Available,N/A
Parachutes,Shiver (Demo),Similar to the final mix but rougher instrumentation / vocals.,4:57,,,Full,Recording,Shiver (Demo)
Parachutes,Shiver (Alternate Mix),Alternate version with extra piano throughout the song.,4:58,,"Jul 20, 2000",Inst Only,Lossless,Shiver (Alternate Mix)
Parachutes,Shiver (Rough Take),Rougher take of the song.,5:05,,,Full,Lossless,Shiver (Rough Take)
Parachutes,Sparks (Live Demo),Similar to the final mix but rougher instrumentation / vocals.,3:27,,,Full,Recording,Sparks (Demo)
Parachutes,Sparks (Demo),Same vocal and acoustic take as the final album. Doesn't include Jonny's overdubbed guitar parts.,,,N/A,Rumored,Not Available,N/A
Parachutes,Spiderwebs,Early version of Trouble. A short snippet was played on guitar that was later uploaded to Coldplay's YouTube Channel.,0:44,,,Partial,Low Quality,Spiderwebs
Parachutes,Spies (Rough Jamming Session Demo),Similar to the final mix but rougher instrumentation / vocals.,5:40,,"May 8, 2023",Full,Medium Quality,Spies (Demo)
Parachutes,"🏆 The Blue Room [V2]
(The Blue Room, Blind(?), Square/1,Square One)",Part of an original Parachutes tracklist.,,,N/A,Confirmed,Not Available,N/A
Parachutes,Town Song,Written on a whiteboard seen in the AHFOD Doc. Likely not the final name.,,,N/A,Confirmed,Not Available,N/A
Parachutes,Trouble (Demo),Similar to the final mix but rougher instrumentation / vocals.,4:32,,,Full,High Quality,Trouble (Demo)
Parachutes,Vitamins,Written on a whiteboard seen in the AHFOD Doc.,,,N/A,Confirmed,Not Available,N/A
Parachutes,Waiting In Line,Part of an original Parachutes tracklist.,,,N/A,Confirmed,Not Available,N/A
Parachutes,Yellow (Demo 1),Slower tempo than the released version and sounded like a Neil Young song.,,,N/A,Confirmed,Not Available,N/A
Parachutes,⭐ Yellow (Demo 2),Similar to the final mix but rougher instrumentation / vocals.,4:40,,"Jun 1, 2019",Full,Lossless,Yellow (demo)
Parachutes,You Only Live Twice,Studio version of the cover.,,,N/A,Confirmed,Not Available,N/A
"1 OG File(s)
18 Full
0 Tagged
7 Partial
2 Snippet(s)
20 Unavailable",A Rush of Blood to the Head,,,,,,,
A Rush of Blood to the Head,1.36 (Demo),"Shorter length, being only 1:36 (the title of the song comes from this, No shit sherlock).",1:36,,N/A,Confirmed,Not Available,N/A
A Rush of Blood to the Head,1.36 (New Parr St. Mix),"Similar to the final, but has a noise before the track begins and silence afterwards. From an internal Parlophone CD titled ""COLDPLAY B sides?"".",2:10,,N/A,Full,Medium Quality,1.36 (New Parr St. Mix)
A Rush of Blood to the Head,42,"The title '42' is confirmed to have existed since 2002. unknown if it is the same song, that was brought back for Viva. Since the working title for that song was ""You thought you might be a ghost""",,,N/A,Confirmed,Not Available,N/A
A Rush of Blood to the Head,✨ A Ghost,Played live during a radio interview by Chris once in 2001. Registered to ASCAP.,4:34,,,Full,Recording,A Ghost
A Rush of Blood to the Head,A Spanner In The Works (Take 1),Short demo from the Clocks sessions.,0:58,,N/A,Not Publicly Available,Not Available,N/A
A Rush of Blood to the Head,A Spanner In The Works (Take 2),Alternate take with different vocals.,1:10,,N/A,Not Publicly Available,Not Available,N/A
A Rush of Blood to the Head,🏆 (A) View From The Top [V1?],"Played live once at a soundcheck on 9/16/2002. Unconfirmed name. Chris said in Tampa (6/14/22) that the song would never release. Potentially written for Gwyneth Paltrow's film of the same name, which released a year after the soundcheck. Noteworthy is that the lyric ""Echo.... My Name"" At 0:40 is heard.",4:36,,,Full,Toaster Quality,A View From The Top
A Rush of Blood to the Head,🏆 All Is Lost,Early demo of Politik from the Clocks Sessions. Completely different lyrics. Piano only.,1:00,,Coldplayut,Not Publicly Available,High Quality,Snippet
A Rush of Blood to the Head,Amsterdam (Demo),Played live on the Parachutes Tour.,4:42,,,Full,Recording,Amsterdam (Demo)
A Rush of Blood to the Head,And I've Only Got Myself,5 minute jam from the Clocks Sessions. Falsely known as Deserter.,5:48,,"Dec 31, 2021",Partial,Low Quality,"Snippet 1
Snippet 2"
A Rush of Blood to the Head,Bullets Point Towards Me,Rumoured to be sold on a cassette.,,,,Rumored,Not Available,N/A
A Rush of Blood to the Head,Clocks (Demo),Rough demo of Chris playing the riff on piano and mumbling vocals.,2:24,,"Aug 23, 2024",Full,High Quality,Clocks (Demo)
A Rush of Blood to the Head,Daylight (Alternate Mix),"Alternate rougher take of the song, featuring a longer outro which fades out in the album version.",5:37,,,Inst Only,Lossless,LINK NEEDED
A Rush of Blood to the Head,Deserter,Written on a piece of paper in 2001; also registered to ASCAP. 'And I've Only Got Myself' from the Clocks sessions was thought to be Deserter since 2021.,,,N/A,Not Publicly Available,Not Available,N/A
A Rush of Blood to the Head,Drift,Demo from the Clocks Sessions; registered to ASCAP. Potentially reworked during the AHFOD era.,3:41,,N/A,Snippet,High Quality,Snippet
A Rush of Blood to the Head,Everything Begins U,Name found in the Clocks sessions. Unknown what the song is.,,,N/A,Confirmed,Not Available,N/A
A Rush of Blood to the Head,Eyes For Eyes,Written on a piece of paper in 2001.,,,N/A,Confirmed,Not Available,N/A
A Rush of Blood to the Head,Find Home,Unknown demo.,,,N/A,Confirmed,Not Available,N/A
A Rush of Blood to the Head,Fingers Crossed,Revealed to be a scrapped song in a book from 2003. Registered to ASCAP.,,,N/A,Confirmed,Not Available,N/A
A Rush of Blood to the Head,Gravity [V1],Played live on the AROBTTH Tour. Piano only. Lyrics are the same as Embrace's version. m,4:47,,,Full,Recording,Gravity (Demo)
A Rush of Blood to the Head,Harmless,Written on an early tracklist for the album in 2001.,,,N/A,Confirmed,Not Available,N/A
A Rush of Blood to the Head,Heaviness,Name found in the Clocks sessions. Likely a code name for one of the untitled songs.,,,N/A,Confirmed,Not Available,N/A
A Rush of Blood to the Head,I Bloom Blaum (Inst. Demo),Early take of the song recorded at Mayfair Studios. Entirely instrumental; similar to the final but ends on a different chord. Audio sourced from AROBTTH camcorder recording sessions. Leaked by someone who worked for Guy in the early 2000s.,,,"Feb 14, 2026",Snippet,Recording,Snippet
A Rush of Blood to the Head,I Bloom Blaum (Demo),"Early take of the song recorded at Mayfair Studios. Similar to the final, but uses a different vocal take with more reverb. Audio sourced from AROBTTH camcorder recording sessions. Leaked by someone who worked for Guy in the early 2000s.",,,"Feb 14, 2026",Full,Recording,LINK NEEDED
A Rush of Blood to the Head,⭐ Idiot,"OG Filename: IDIOT RikMonMix FL X 20220630A
Remastered in 2022 for AROBTTH's 20th anniversary, though it wasn't finished in time.",5:16,,"Jun 21, 2024",OG File,Lossless,Idiot
A Rush of Blood to the Head,Idiot (Demo),Played live on the Parachutes Tour. Verses are completely different to the studio version.,5:47,,,Full,Recording,Idiot (Demo)
A Rush of Blood to the Head,If She Comes Back,Played live once at a soundcheck on 9/16/2002.,4:08,,,Full,Toaster Quality,If She Comes Back
A Rush of Blood to the Head,I'm Gonna Buy This Place,Working title for A Rush of Blood to the Head seen on a guitar in 2010. Played live on the parachutes tour,,,N/A,Full,Recording,Live Recording
A Rush of Blood to the Head,I Guess I Have Been Stupid,Unknown demo. Seen on a guitar in 2010.,,,N/A,Confirmed,Not Available,N/A
A Rush of Blood to the Head,I Ran Away (Mayfair Mix 21/9/01),"Similar to the final, but has about 15 seconds of silence afterwards. From an internal Parlophone CD titled ""COLDPLAY B sides?"".",4:42,,N/A,Full,Medium Quality,I Ran Away (Mayfair Mix 21/9/01)
A Rush of Blood to the Head,In Isolation (V1),Mentioned by Chris as a scrapped song during an interview. Registered to ASCAP.,,,N/A,Confirmed,Not Available,N/A
A Rush of Blood to the Head,In My Place (Demo),Written at the tail end ofd the Parachutes recording sessions and even considered to be put on the final album. Played live on the Parachutes Tour. Has an extended intro. A snippet of the studio version can be heard in a video.,4:01,,,Full,Recording,In My Place (Demo)
A Rush of Blood to the Head,Jonny Goes Jazz Jam,Snippet heard at the end of the Jonny Goes Jazz skit. Potentially a real song though this is unconfirmed.,,,,Full,Recording,Jonny Goes Jazz Jam
A Rush of Blood to the Head,Light On My Darkest Days,Alternate version of Until The Water Flows Over from the Clocks sessions.,4:57,,N/A,Not Publicly Available,Not Available,N/A
A Rush of Blood to the Head,Murder (Demo 1),Recorded at Mayfair Studios. Audio sourced from AROBTTH camcorder recording sessions. Leaked by someone who worked for Guy in the early 2000's.,,,"Feb 14, 2026",Partial,Recording,LINK NEEDED
A Rush of Blood to the Head,Murder (Demo 2),Recorded at Mayfair Studios. Audio sourced from AROBTTH camcorder recording sessions. Leaked by someone who worked for Guy in the early 2000's.,,,"Feb 14, 2026",Partial,Recording,LINK NEEDED
A Rush of Blood to the Head,Murder (Demo 3),Recorded at Mayfair Studios. Audio sourced from AROBTTH camcorder recording sessions. Leaked by someone who worked for Guy in the early 2000's.,,,"Feb 13, 2026",Partial,Recording,LINK NEEDED
A Rush of Blood to the Head,Moses,Considered for the AROBTTH20 remasters. Existence of a proper studio recording is unknown.,,,N/A,Rumored,Not Available,N/A
A Rush of Blood to the Head,✨ The One I Love (Demo),Rougher vox with an alt instrumental.,5:20,,"Mar 25, 2019",Full,Lossless,The One I Love (Demo)
A Rush of Blood to the Head,Politik (Demo),Recorded at Mayfair Studios. Audio sourced from AROBTTH camcorder recording sessions. Leaked by someone who worked for Guy in the early 2000's.,,,,Partial,Recording,N/A
A Rush of Blood to the Head,Politik (Demo 2),"Had the lyrics ""love, tell me your own politik""",,,,Confirmed,Not Available,LINK NEEDED
A Rush of Blood to the Head,Politik (Polka Version),Played live once at a soundcheck on 9/16/2002.,2:45,,,Full,Toaster Quality,Politik (Polka Version)
A Rush of Blood to the Head,Someone To Love,Played live once at a soundcheck on 9/16/2002. Unconfirmed name.,5:15,,,Full,Toaster Quality,Someone To Love
A Rush of Blood to the Head,"✨ Sweet Marianne / Oh, Sweet Mary",Written for Will's wife; Marianne Dark. Played on the A Rush Of Blood To The Head Tour.,,,,Full,Recording,Sweet Marianne
A Rush of Blood to the Head,"🏆 The Blue Room / Blind [V3]
(The Blue Room, Square/1, Square One)""",Saved for AROBTTH but ultimately scrapped. Whether these are two song titles or two titles for the same song is unknown.,,,N/A,Confirmed,Not Available,N/A
A Rush of Blood to the Head,"The One I Love (Acoustic Demo)
(John Bailey's Fave Song)",Demo from the Clocks sessions. Similar to Green Eyes in style.,0:44,,N/A,Not Publicly Available,Not Available,N/A
A Rush of Blood to the Head,The Scientist (Demo),First take of the song - rough voice memo,,,,Partial,Low Quality,Partial
A Rush of Blood to the Head,The Scientist (Tambourine Demo),Mentioned by Chris during a live performance of the song.,,,N/A,Confirmed,Not Available,N/A
A Rush of Blood to the Head,The Sun Will Shine,Name found in the Clocks sessions. Likely an early version of Daylight (A jam of the song was played along with The Scientist).,,,N/A,Confirmed,Not Available,N/A
A Rush of Blood to the Head,This Hollow Frame,Revealed to be a scrapped song in a book from 2003.,,,N/A,Confirmed,Not Available,N/A
A Rush of Blood to the Head,Until The Water Flows Over [V1],First version of the the song from the Clocks sessions. Later worked on up until 2020.,1:54,,N/A,Not Publicly Available,Not Available,N/A
A Rush of Blood to the Head,Untitled 1 (Take 1),Instrumental demo from the Clocks sessions with an unknown name.,1:33,,N/A,Not Publicly Available,Not Available,N/A
A Rush of Blood to the Head,Untitled 1 (Take 2),Alternate recording of the song - jam on piano.,7:00,,N/A,Not Publicly Available,Not Available,N/A
A Rush of Blood to the Head,Untitled 2,Demo from the Clocks sessions with an unknown name. Potentially 'Heaviness'.,1:38,,N/A,Not Publicly Available,Not Available,N/A
A Rush of Blood to the Head,The Wounded,"Might not be the songs real name but ""The wounded"" IS written in Chris's notebook.",,,,Confirmed,Not Available,N/A
A Rush of Blood to the Head,Warning Sign (Demo),Recorded at Mayfair Studios in 2001. Leaked by someone who worked for Guy in the early 2000s.,,,"Feb 12, 2026",Partial,Recording,Partial
A Rush of Blood to the Head,Lights Will Guide You Home (Fix You 2002) [V1?],Possibly improvised when chris met gwenthy palthrow. Due to her fathers passing in 2002.,,,,Rumored,Not Available,
A Rush of Blood to the Head,Where Do You Go To,Working title for I Bloom Blaum seen on a guitar in 2010.,,,N/A,Confirmed,Not Available,N/A
A Rush of Blood to the Head,Your Guess Is As Good As Mine,Working title for God Put a Smile upon Your Face. Played live on the Parachutes tour.,,,N/A,Full,Recording,Live Recording
"0 OG File(s)
7 Full
0 Tagged
1 Partial
5 Snippet(s)
24 Unavailable",X&Y,,,,,,,
X&Y,"🏆 Square/1 (V4)
(The Blue Room, Blind(?), Square One)",Featured on an old tracklist for 'Zero Theory'. Snippet heard in the AHFOD's documentary. Used the scrapped synth clock tick intro used for live preformances. theorized to use a piano outro alongside string gituar.,,,N/A,Snippet,Low Quality,Snippet 1 Snippet 2
X&Y,Something Ain't Right,Featured on an old tracklist for 'Zero Theory'.,,,N/A,Confirmed,Not Available,N/A
X&Y,⭐ Blasphemy,Featured on an old tracklist for 'Zero Theory'. Leaked during 2024. After heavy specuatalation it is confirmed to be blasphemy. Which does mean the sessions concluded in 2004,3:28,,"May 29, 2024",Full,High Quality,Blasphemy
X&Y,Deja Vu,Featured on an old tracklist for 'Zero Theory'.,,,N/A,Confirmed,Not Available,N/A
X&Y,🏆 Echo My Name (I Can't Believe You're Gone) [V2?],"Featured on an old tracklist for 'Zero Theory'. Supposedly heavily revamped verison, of ""A view  from the top"" However it could just be that the lyric inspired the song.",,,N/A,Confirmed,Not Available,N/A
X&Y,Fix You [V1],"Found from and early vocal take in the Fix You Sessions, when the instrumental is extracted we hear extra ohs not part of the sessions. Theorized to be used on both the sadder version and the explosive version.",,,N/A,Partial,Low Quality,Instrumental restored snippet
X&Y,Fix You [V2],"Originally featured a slower, sadder ending instead of the explosive one. Possibly apart of the Zero Theory 2003 sessions. Unknown if this verison was created in the chicago sessions alongside the explosive ending or if it was created after",,,N/A,Confirmed,Not Available,N/A
X&Y,Till Kingdom Come [Zero Theory Chicago 2003],A snippet was played in the AHFOD Documentary. IN REVERSE?????,,,,Snippet,Low Quality,Snippet
X&Y,What If (Piano Demo),Written and recorded by Chris during the AROBTTH Tour. It was supposedly almost fully written and arranged.,,,N/A,Confirmed,Not Available,N/A
X&Y,🏆 Leonardo,"Mentioned in the AHFOD Doc - Name confirmed by an early tracklist of X&Y. Lyrics are also allegedly ""I saw patterns in the stars at night"" supposedly apart of a finalized zero theory tracklist. Survived the 2003 chicago sessions only to be scrapped alongside In Isolation in summer 2004",,,N/A,Confirmed,Not Available,N/A
X&Y,What If (Zero Theory Chicago 2003),First fully produced studio recording of the song. A snippet was played in the AHFOD Documentary.,,,N/A,Snippet,Low Quality,Snippet
X&Y,White Shadows [Zero Theory Chicago 2003],One of the few  songs to survive the first recording sessions of Zero Theory in Chicago.,,,N/A,Confirmed,Not Available,N/A
X&Y,Zero Theory,"Possible does not exist, as Zero Theory may have just been a working title similar to alchemy. But is speculated to either be its own song. Or a early verison of the song X&Y? However X&Y is listed on the tracklist relating to Zero Theory? Is listed on a supposedly fake tracklist by the Car-Kids Discord",,,,Rumored,Not Available,
X&Y,🏆 Zurich [V1-V2?],"Early version of Low - recorded in the city of the same name. Theorized to be apart of a speculative Zero Theory tracklist. Snippet is from car-kids, so it will be listed as conflicting sources",,,N/A,Snippet,Medium Quality,Snippet
X&Y,Fury,Featured on an old tracklist for 'Zero Theory'.,,,N/A,Confirmed,Not Available,N/A
X&Y,🏆 Gravity [V2?] (Reference for embrace),Speculated to be apart of the 2003 chicago Zero Theory sessions. Allegedly a ref track for Embrace. Unknown if the AROBTTH verison was used as a reference.,,,N/A,Rumored,Not Available,N/A
X&Y,The Hardest Part [Zero Theory Chicago 2003],"Featured on an old tracklist for 'Zero Theory,",,,,Confirmed,Not Available,
X&Y,X&Y [Zero Theory Chicago 2003],"Featured on an old tracklist for 'Zero Theory, theorized that the The World Turned upside down may have been the orginal X&Y? But could had just been swapped lyrics, As the song The World Turned upside Down was orginally Turn Your World Around?",,,,Confirmed,Not Available,
X&Y,"✨ Until The Water Flows Over (Early Version) [V2]
(Solid Ground)","Played live once in 2003 due to a guitar being broken, with Chris playing solo on piano.",,,,Full,Recording,Until The Water Flows Over
X&Y,Galileo,"Mentioned during the Square/1 recording with will & Chris talking about leonardo mentioning. ""i saw patterns in the sky"" Will remarking ""Wasnt that for galieo. Its unknown if the song does exist? But more likely had become Coloratura. Or had lyrics reused for it. IF it had existed",,,,Rumored,Not Available,
X&Y,"I'm Going Out With A Witch
(feat. Simon Pegg)","Written with Simon Pegg, never recorded. ""Oi hughie, omelanda done nicked me wife. and took me wee lil lad""",,,N/A,Never Recorded,Not Available,N/A
X&Y,⭐ Ladder To The Sun,Played live on the AROBTTH Tour.,,,N/A,Full,Recording,Ladder To The Sun
X&Y,Proof (Demo),Played live on the AROBTTH Tour.,4:04,,,Full,Recording,Proof (Demo)
X&Y,The World Turned Upside Down [V1],Played live on the AROBTTH Tour. entirely different song from the one released on the B-sides? Which could add to the theory of the Zero Theory Verison of X&Y was the release verisons lyrics,,,,Full,Recording,Turn Your World Around [V1]
X&Y,The World Turned Upside Down [V2],Features different verses to V1.,,,,Full,Toaster Quality,Turn Your World Around [V2]
X&Y,Fix You (Demo 3),"Stated in the X&Y liveleak, That the explosive ending contained only chris & will, not guy & jonny & Wronguy",,,N/A,Stem Bounce,Manipulated,Snippet
X&Y,Fix you (Demo 4),Unknown if it does have any differences between the previous of third one. Or even if it exists.,,,,Rumored,Not Available,
X&Y,What If [V3-15?],mutiple discarded takes of the song are confirmed. Unknown if more or less than 15 exist.,,,,Confirmed,Not Available,
X&Y,In Isolation (V2),Reworked for X&Y. Survived the Zero theory sessions but got scrapped by late 2004.,,,N/A,Confirmed,Not Available,N/A
X&Y,Poor Me,Working title for Pour Me. Registered to ASCAP.,,,N/A,Confirmed,Not Available,N/A
X&Y,Speed of Sound (Demo),Seemingly a demo version showcased in the instrumental of the song.,4:53,,,Inst Only,Lossless,Speed of Sound (Demo)
X&Y,⭐ Talk [V2],Written after the released version but was eventually scrapped. Leaked due to Will Champion sending the file to the wrong email address.Wronguy since then handled the emails. Until he was banished into the shadow realm by chris. Since then Phil handles the emails,4:44,,"Mar 6, 2005",Full,High Quality,Talk [V2]
X&Y,Talk [V3],"In a 2025 interview, Debs Wild stated that three versions of 'Talk' were considered for X&Y. One was released and another was leaked, but the third version is unknown. (It is also unknown whether this version is newer or older than the other two.)",,,N/A,Confirmed,Not Available,N/A
X&Y,🏆Talk [V4?],"Unknown if it is the same one mentioned above, but is allegedly related to Zero theory. 2 Remix's used unused lyrics from the Talk Sessions. Also possible that the line. ""Swim a River Out to the sea"" & ""When you worry about the future and a third world war"" Came from this verison? lyrics reverted back to normal with what we have

"" *When you worry about the future or a third world war *"" - "" *when you dont know where your going but you wanna talk* ""
""can you feel your colors missing in one"" - ""When you take a picture of something you see"" Repeated 2 in the offical release
""oh please talk to me"" - ""i wanna talk""
""Please taaaalk to me"" - ""i wanna taaaalk""
""You can swim a river out to the sea"" - ""when you take a picture or something you see""
""When i take a picture of something i see"" - ""when you take a picture of something you see"" First before second repeat",,,,Conflicting Sources,Low Quality,Snippet
X&Y,The Speed Of Sound,"Working title for Speed of Sound. Seen on a early X&Y tracklist, Written alongside Swallowed in the Sea during the summer of 2004",,,N/A,Confirmed,Not Available,N/A
X&Y,Swallowed in the Sea [Demo] [v1-?],Confirmed to orginate from the mid 2004 sessions. alongside Speed of Sound & Twisted logic. Unknown how  many  verisons exist.,,,,Confirmed,,
X&Y,Twisted Logic [Demo] [V1-?],Ditto. Unknown how many verisons or takes exist,,,,Confirmed,,
X&Y,Things I Don't Understand (Alternate Mix),Seemingly a Alt version showcased in the instrumental of the song.,5:06,,,Inst Only,Lossless,Things I Don't Understand (Alternate Mix)
X&Y,Unknown,Unknown song played by Chris in the AHFOD doc.,,,,Snippet,Low Quality,Snippet
X&Y,🏆 Until The Water Flows Over [V3],"Finished version of the song from 2005. Features a full brass band with Jonny, Will and Guy singing backing vocals alongside Chris.",,,N/A,Confirmed,Not Available,N/A
X&Y,46 unknown songs,"After the Zero Theory sessions failed, the band would move to a studio in london. To where they would proceed to make 60 tracks. Some llike Speed of sound & Swallowed in the sea would be born during this desperate era, 47 of these tracks (47 including the unknown track playing in the AHFOD's DOC) Sadly until the band begins to release their unreleased material. None of these tracks will ever be heard.",,,N/A,Confirmed,Not Available,N/A
"5 OG File(s)
12 Full
0 Tagged
2 Partial
9 Snippet(s)
28 Unavailable",Viva la Vida or Death and All His Friends,,,,,,,
Viva la Vida,A L I E N S (Demo),A snippet was played in a documentary from 2009. Likely to be Alien Radio.,,,,Snippet,Low Quality,A L I E N S (Demo)
Viva la Vida,Arabesque,Written on a whiteboard between 2007 - 2008. Chris also stated that the song's original riff was written while he was temporarily kicked out of the band.,,,,Confirmed,Not Available,N/A
Viva la Vida,✨ Bloodless Revolution,Leaked recording from 2006. 'Bloodless Revolution Structure' was later seen written on a whiteboard.,2:37,,"Jul 17, 2009",Full,Lossless,Bloodless Revolution
Viva la Vida,"Bucket For A Crown
(feat. Davide Rossi)","Played live once by Chris and Davide Rossi in 2006. Written the day before its live debut (November 26th, 2006).",,,"Nov 29, 2006",Full,Recording,Bucket For A Crown
Viva la Vida,Cemeteries Of London (Demo),"Featured a verse about drowning witches, and was cut for being too brutal.",,,N/A,Confirmed,Not Available,N/A
Viva la Vida,Charm Of St. Stephen,Seen written on whiteboards. Likely related to St. Stephen.,,,N/A,Confirmed,Not Available,N/A
Viva la Vida,Chinese UFO,Likely related to Chinese Sleep Chant. Originally connected to Yes as an intro.,,,N/A,Confirmed,Not Available,N/A
Viva la Vida,Death and All His Friends (Alternate Mix),"The leaked instrumental to DAAHF only features the second half of the song, likely because it was exported around the same time as School/Rainy Day. It also goes on for 40 seconds longer, presumably for two more repetitions of the chorus.",2:57,,"Mar 28, 2011",Inst Only,CD Quality,Death and All of His Friends (Alternate Mix)
Viva la Vida,Eulogy (For A King),Registered to ASCAP.,,,N/A,Confirmed,Not Available,N/A
Viva la Vida,Famous Old Painters [V1],Earliest known recording of the song. Reassembled from an early piano and vocal stem in the Famous Old Painters sessions.,3:07,,"Jan 28, 2025",Stem Bounce,Manipulated,Famous Old Painters [V1]
Viva la Vida,Famous Old Painters [V2],"OG Filename: PAINTERSMONMIX221007
First known exported recording of the song. Piano only with a rougher vocal take.",3:00,,"Jan 28, 2025",OG File,Lossless,Famous Old Painters [V2]
Viva la Vida,Famous Old Painters [V3],"OG Filename: Famous Old Painters monmix231107
Early mix with percussion and more guitar. Only exported as an instrumental.",3:34,,"Jan 28, 2025",Inst Only,Lossless,Famous Old Painters [V3]
Viva la Vida,Famous Old Painters (Final Master),"OG Filename: FAMOUS OLD PAINTERS monmix 20071204D
Final master of the song.",3:22,,"Jan 28, 2025",OG File,Lossless,Famous Old Painters (Final Master)
Viva la Vida,⭐ Famous Old Painters [V4],"OG Filename: Painters monmix 071207a
Seemingly identical to the above, but unmastered. Leaked before the sessions did.",3:22,,"Mar 12, 2024",OG File,Lossless,Famous Old Painters [V4]
Viva la Vida,Famous Old Painters [V5],"Instrumental leaked in 2011. Different mix to the Dec 4, 2007 mix but very similar.",3:22,,"Mar 28, 2011",Inst Only,CD Quality,Famous Old Painters [V5]
Viva la Vida,Famous Old Painters [V?],"Unknown mix of Famous Old Painters, allegedly between Oct 22, 2007 mix and Nov 23, 2007 Mix",3:22,,,Conflicting Sources,Manipulated,Famous Old Painters [V?]
Viva la Vida,Famous Old Painters (Phil's Feeling) [V1],"OG Filename: Famous-PhilsFeelingGtr
Mostly acoustic version of the song, likely a mix of how Phil wanted the song to be. Has ~17 seconds of silence after the song ends.",3:39,,"Jan 28, 2025",OG File,Lossless,Famous Old Painters (Phil's Feeling) [V1]
Viva la Vida,Famous Old Painters (Phil's Feeling) [V2],"OG Filename: Famous-PhilsFeeling
Identical to the above mix, but without the acoustic guitar riff (and extra silence).",3:22,,"Jan 28, 2025",OG File,Lossless,Famous Old Painters (Phil's Feeling) [V2]
Viva la Vida,First Steps,Leaked recording from 2006.,1:29,,"Jul 20, 2009",Full,Lossless,First Steps
Viva la Vida,Four Seasons Hotel,Written on a piece of paper in 2008.,,,,Confirmed,Not Available,N/A
Viva la Vida,"Fun
(feat. Natalie Imbruglia)",Given away to Natalie Imbruglia. Coldplay's version was identical but had Chris singing harmonies.,,,N/A,Not Publicly Available,Not Available,N/A
Viva la Vida,Glass of Water (Alternate Mix),Seemingly a demo version showcased in the instrumental of the song.,,,"Mar 28, 2011",Inst Only,CD Quality,Glass of Water (Alternate Mix)
Viva la Vida,Goodbye & Goodnight,Leaked recording from 2006.,2:12,,"Jul 20, 2009",Full,Lossless,Goodbye & Goodnight
Viva la Vida,If You Love Me Let Me Know,Heavily revamped verison of Long December. Early version of Violet Hill seen on an early tracklist.,,,N/A,Confirmed,Not Available,N/A
Viva la Vida,"🏆 Leftrightleftrightleft [V1-V8]
(feat. Davide Rossi)","Part of early tracklists for Viva La Vida. About 8 different versions were made. Theorized that the live album of the same name. Would had included this track, due to the live album only being made. Because of the cancelation of the barcelona 2009 video. Rumored that the song may have been given away to Linkin Park, Due to to footage & Audio of a unreleased song called LeftRight. However it is unconfirmed and most likely false.",,,N/A,Not Publicly Available,Not Available,N/A
Viva la Vida,Lhuna (Demo),Original demo recorded by Chris to send to David Bowie; requesting him to feature on it.,,,N/A,Confirmed,Not Available,N/A
Viva la Vida,Life In Technicolor (Demo),"Confirmed to be an earlier version of Life In Technicolor ii, before being polished for the EP.",,,N/A,Confirmed,Not Available,N/A
Viva la Vida,Lost! (Demo),"Recorded at a venue in Detroit during a soundcheck while the band were trying to play ""Sting and Lost!"" by Blur. Featured a ""hip-hop beat""; Will stated that the song was 'drastically' reinvented when it was removed.",,,N/A,Confirmed,Not Available,N/A
Viva la Vida,Loveless,Leaked recording from 2006 - though only the chorus was played. Confirmed through whiteboards to have a 'whistling riff'.,0:31,,"Jul 20, 2009",Partial,Lossless,Loveless
Viva la Vida,Lovers In Japan [V2],Leaked recording from 2006. Only the first verse and chorus were played.,1:31,,"Jul 17, 2009",Full,Lossless,Lovers In Japan (Demo)
Viva la Vida,Lovers In Japan [V3] (Jam),"Pulled from the AHFOD Documentary, very short jam.",,,,Partial,Low Quality,Snippet
Viva la Vida,🏆 Lukas,Given away to Natalie Imbruglia. An instrumental version of the song leaked alongside other VLV-era instrumentals. It originally featured Chris singing in full; the echoes of his vocals can barely be heard in the instrumental.,3:50,,"Mar 29, 2011",Inst Only,Lossless,Lukas
Viva la Vida,Mining On The Moon,"A snippet was played in an interview from 2007. It was scrapped for copying another song. Allegedly played live, but never bootlegged",,,,Snippet,Low Quality,Snippets
Viva la Vida,Poppy Fields,"A longer, fuller demo of Poppyfields.",,,N/A,Confirmed,Not Available,N/A
Viva la Vida,Postcards From Far Away (Full Version),Confirmed through lyrics on official artwork.,,,N/A,Confirmed,Not Available,N/A
Viva la Vida,Princess of China,"Written ""years before"" Mylo Xyloto.",,,N/A,Confirmed,Not Available,N/A
Viva la Vida,🏆 Prospekt's March (Full Band Version),Written on a whiteboard around 2007 - 2008. Almost unrecognisable from the released version due to drums and heavy guitar.,,,,Snippet,Manipulated,Snippet
Viva la Vida,Reign Of Love (20 Minute Version),Jam. Likely instrumental.,~20m,,N/A,Confirmed,Not Available,N/A
Viva la Vida,Sad Piece,Written on a whiteboard - likely not the final name.,,,N/A,Confirmed,Not Available,N/A
Viva la Vida,School / Rainy Day,Features a piano piece called School (later repurposed as the intro to DaaHF) followed by a shortened version of Rainy Day without the final song's synths.,2:45,,"Mar 29, 2011",Inst Only,Lossless,School / Rainy Day
Viva la Vida,St. Stephen,Leaked recording from 2006. The riff was later played at a show in 2023.,1:15,,"Jul 19, 2009",Full,Lossless,St. Stephen
Viva la Vida,Strawberry Swing (Demo),"Recorded in Melbourne, Australia.",,,N/A,Confirmed,Not Available,N/A
Viva la Vida,Strawberry Swing (Rough Mix),Leaked due to being the audio for Strawberry Swing's music video on Apple Music. Features an alternate mix and alternate lyrics towards the end.,4:17,,,Full,High Quality,Strawberry Swing (Rough Mix)
Viva la Vida,¿Sudor/Sabor?,Written on a piece of paper in 2008.,,,,Confirmed,Not Available,N/A
Viva la Vida,The Butterfly [V1] (Piano),A snippet was played in an interview. A piano demo.,,,,Snippet,Medium Quality,Snippet
Viva la Vida,The Butterfly [V2],If the theory about the unknown soundcheck 2 being a more finished version of The Butterfly is correct. Then this is exactly what it might be..,,,,Rumored,Not Available,
Viva la Vida,The Dubliners,Played live on the Viva La Vida Tour - confirmed to be originally part of the Prospekt's March EP but was scrapped.,,,,Full,Recording,The Dubliners
Viva la Vida,✨ The Fall Of Man,Leaked recording from 2006.,2:10,,"Jul 20, 2009",Full,Lossless,The Fall Of Man
Viva la Vida,✨ The Man Who Swears He's God,Leaked recording from 2006 - played in 2 parts. Later turned into People Of The Pride.,2:48,,"Jul 20, 2009",Full,Lossless,"The Man Who Swears He's God (Take 1)
The Man Who Swears He's God (Take 2)"
Viva la Vida,Thought You Might Be A Ghost,Working title for 42.,,,N/A,Confirmed,Not Available,N/A
Viva la Vida,Tim's Song,Written on a whiteboard. Speculated to be called 'Time Soup' instead due to Chris' handwriting being hard to read.,,,N/A,Conflicting Sources,Not Available,N/A
Viva la Vida,Trick Of Light,Written on a whiteboard - connected to Lovers In Japan.,,,N/A,Confirmed,Not Available,N/A
Viva la Vida,Unknown,A snippet of an unknown song was featured in the South Bank Show.,,,,Snippet,Low Quality,Unknown Song
Viva la Vida,"Unknown
(feat. Timbaland)",Mentioned in an interview that a collaboration with Timbaland was scrapped from the album.,,,N/A,Confirmed,Not Available,N/A
Viva la Vida,🏆 Unknown Demo Tapes Songs,There are 2 songs from the Viva La Vida tapes that have not been leaked. It is speculated to be Viva La vida (The one we got) Or the butterfly!,,,N/A,Not Publicly Available,Not Available,N/A
Viva la Vida,Unknown Soundcheck 1,"Played during a soundcheck on the Viva la Vida Tour. Name is unknown.
Speculated to be Leftrightleftrightleft.",,,,Snippet,Recording,Snippet
Viva la Vida,Unknown Soundcheck 2,"Played during a soundcheck on the Viva la Vida Tour. Name is unknown.
Speculated to be a later more finalized verison of The Butterfly.",,,,Snippet,Recording,Snippet
Viva la Vida,✨ Until The Water Flows Over [V4],"New, shortened version of the song. Set to be an intro for Violet Hill before being scrapped. Leaked due to it being part of Violet Hill's instrumental. But due to recent advancements in Ai isolation we've been successfully able to extract the lyrics and restore the track",1:13,,"Mar 29, 2011",Full,Lossless,Until The Water Flows Over
Viva la Vida,Violet Hill (Alternate Mix),Features an different mixed Violet Hill with heavier guitar and skips the ambience intro.,3:12,,,Full,Lossless,Violet Hill (Alternate Mix)
Viva la Vida,¡Viva la Vida! (Rock Demo),"Shown in a interview. Phil & Wronguy hated it. Jonny wrote 50 riff's that didnt get used in the final song. ""Me & Phil both hated to a point, we wanted to destory the only copy"" - Wronguy Berryman 2009",,,N/A,Confirmed,Not Available,N/A
Viva la Vida,🏆 ¡Viva la Vida! (Police Siren Synth Demo),"A clear 18 second snippet was found from same interview, however thanks to modern advancements in Audio Isolation. We got a extended verison. Jonny said the synth sounded like a police siren.",,,N/A,Snippet,Manipulated,Snippet
Viva la Vida,¡Viva la Vida! (Piano Demo),A snippet of one was played in an interview.,,,,Snippet,Manipulated,Snippet
Viva la Vida,Viva la Vida (DIFFERENT SONGS!),"According to Chris, there are around 6 - 8 other songs with the name 'Viva la Vida'. They arent the same as the one we got. Its unknown if they are either the same track but different or entirely seperate from eachother",,,N/A,Confirmed,Not Available,N/A
Viva la Vida,¡Viva la Vida!,Working title for Viva la Vida.,,,N/A,Confirmed,Not Available,N/A
Viva la Vida,When You See Marie,Jam song from the Famous Old Painters sessions. Allegedly recorded as an apology to Gwyneth Paltrow after an argument. Later turned into Houston #1.,,,"Jan 28, 2025",Stem Bounce,Lossless,"When You See Marie (full recording)
When You See Marie (song only)"
Viva la Vida,Weirdo,Seen written on a whiteboard from 2007/2008.,,,,Confirmed,Not Available,N/A
Viva la Vida,Yes (Alternate Mix),"Features an alternate, shortened synth intro rather than the released version's string intro.",4:05,,"Mar 29, 2011",Inst Only,Lossless,Yes (Alternate Mix)
Viva la Vida,Yes!,Working title for Yes.,,,N/A,Confirmed,Not Available,N/A
"8 OG File(s)
2 Full
0 Tagged
2 Partial
3 Snippet(s)
19 Unavailable",The Wedding Album,,,,,,,
The Wedding Album,1000 - 1 (Ballad Of St. John) / Waltz,"Played live twice during the Viva La Vida Tour. A later version was released on Everyday Life as a hidden track on Bani Adam. During a 2025 interview with Guy, he stated that the song was originally longer and featured a full orchestra, with the piano part being an outro to the song.",,,N/A,Partial,Recording,Ballad Of St. John
The Wedding Album,Arabesque [V1],Likely similar to Arabesque Act. I from the Everyday Life Era.,,,N/A,Confirmed,Not Available,N/A
The Wedding Album,Blackwoods (Home),Seen written on a whiteboard in 2009.,,,N/A,Confirmed,Not Available,N/A
The Wedding Album,Cartoon Head,Allegedly uses elements of Charlie Brown.,,,N/A,Confirmed,Not Available,N/A
The Wedding Album,🏆 Cartoon Heart,Early version of Charlie Brown played acoustically on accordion.,,,,Snippet,Recording,Snippet
The Wedding Album,Charm Of St. Stephen,Seen written on whiteboards. Likely related to St. Stephen.,,,N/A,Confirmed,Not Available,N/A
The Wedding Album,Christmas Lights (Concept),A portion of an early version of Christmas Lights was played in an interview. It later became the second half of the released version of Christmas Lights.,,,,Snippet,Low Quality,Snippet
The Wedding Album,🏆 Don Quixote,Revamped version of Spanish Rain played on the Viva La Vida Tour. Instrumental is identical but lyrics are changed to be about the book of the same name. Will jonny guy & wronguy are confirmed on backing vocal,4:00,,,Full,Recording,Don Quixote
The Wedding Album,Drunks & Guns,Written on a whiteboard as part of an early Wedding Album tracklist.,,,N/A,Confirmed,Not Available,N/A
The Wedding Album,Every Day Life,Original version of Everyday Life from 2009. Confirmed by Chris in the Tuscany Sessions that it was an early version of Everyday Story.,,,N/A,Confirmed,Not Available,N/A
The Wedding Album,Famous Old Painters,Written on a whiteboard as part of an early Wedding Album tracklist. Likely a mix between the 2007 and 2018 Versions. But more likely used the same vocals as the Viva verison,,,N/A,Confirmed,Not Available,N/A
The Wedding Album,Fun,Rumoured to be a revamped version of the Viva la Vida version.,,,N/A,Rumored,Not Available,N/A
The Wedding Album,Gardeners On The Frontline,Written on a whiteboard in 2009.Rumored to be a beautiful song,,,N/A,Confirmed,Not Available,N/A
The Wedding Album,Kitten,Instrumental demo made in 2009. Later worked on again in 2013.,,,,Snippet,High Quality,Snippet
The Wedding Album,Love In A Lethal Dose (Loop 1),"OG Filename: LOVE IN A LETHAL loop1 monmix 20100112X
Found in the Lethal Drug Sessions. Short loop made for LIALD.",1:19,,,OG File,Lossless,LIALD Loop 1
The Wedding Album,Love In A Lethal Dose (Loop 2),"OG Filename: LOVE IN A LETHAL loop2 fback monmix 20100112X
Found in the Lethal Drug Sessions. Short loop made for LIALD.",1:42,,,OG File,Lossless,LIALD Loop 2
The Wedding Album,"Love In A Lethal Dose (Loop 3)
(Mantra)","OG Filename: LOVE IN A LETHAL loop3 mantra monmix 20100112X
Found in the Lethal Drug Sessions. Short loop made for LIALD. Commonly referred to as Mantra due to its file name. It was jammed during an Instagram live in 2020.",3:13,,,OG File,Lossless,LIALD Loop 3 (Mantra)
The Wedding Album,Love In A Lethal Dose (Idea 1),"OG Filename: LOVE IN A LETHAL idea1monmix 20100112X-02
Found in the Lethal Drug Sessions. First known recording of the song. Very rough instrumental jam session. Features one of the loops throughout.",1:46,,,OG File,Lossless,LIALD Idea 1
The Wedding Album,Love In A Lethal Dose (Idea 2),"OG Filename: LOVE IN A LETHAL idea2monmix 20100112X-03
Found in the Lethal Drug Sessions. Rough instrumental jam session.",3:54,,,OG File,Lossless,LIALD Idea 2
The Wedding Album,Love In A Lethal Dose / Umbrella Man [V1],"OG Filename: LOVE IS A LETHAL DRUG Feb09 
Early instrumental demo of LIALD, featuring a long jam called Umbrella Man at the end.",7:34,,,OG File,Lossless,Love In A Lethal Dose / Umbrella Man (V1)
The Wedding Album,Love In A Lethal Dose / Umbrella Man [V2],"OG Filename: 06 love is a lethal in a lethal dose drug umbrella man
Similar mix to the one above with minor changes and different duration but this mix has vocals.",7:07,,,OG File,Medium Quality,Love In A Lethal Dose / Umbrella Man (V2)
The Wedding Album,Lukas,Rumoured to be a revamped version of the Viva la Vida Version.,,,N/A,Rumored,Not Available,N/A
The Wedding Album,Paradise,"Confirmed to be an acoustic rendition of Paradise meant for The Wedding Album, though it is unconfirmed if the name would be the same here. But anyway Fuck paradise",,,N/A,Confirmed,Not Available,N/A
The Wedding Album,Porqupine,Likely a mispelling of 'Porcupine'. Seen on a whiteboard in 2009 and again in 2010.,,,N/A,Confirmed,Not Available,N/A
The Wedding Album,Small World,"Rumoured to be written on a whiteboard during The Wedding Album sessions. Included on a rumored ""finished"" tracklist for The Wedding Album.",,,N/A,Rumored,Not Available,N/A
The Wedding Album,Spanish Rain (Early Version),"OG Filename: SPANISH RAIN monmix 20100213
Rougher mix with more vocals on the bridge.",,,N/A,Not Publicly Available,Not Available,N/A
The Wedding Album,Spanish Rain (Alt Mixes),5 other alt mixes confirmed to exist.,,,N/A,Not Publicly Available,Not Available,N/A
The Wedding Album,⭐ Spanish Rain,"OG Filename: SPANISH RAIN monmix 20100218
Allegedly recorded in Barcelona during the Viva la Vida Tour. Early version of Don Quixote. Elements were later used in From Earth With Love.",4:06,,"Mar 12, 2024",OG File,Lossless,Spanish Rain
The Wedding Album,Tim's Song,Written on a whiteboard. Speculated to be called 'Time Soup' instead due to Chris' handwriting being hard to read.,,,N/A,Confirmed,Not Available,N/A
The Wedding Album,The Man Who Swears He's God,"Rumored to have been reworked on the wedding album, due to the fact it survived Viva, and managed to become ""People Of The Pride"".",,,,Rumored,Not Available,
The Wedding Album,Princess Of China,"Survived Viva, And possibly was brought back here.",,,N/A,Rumored,Not Available,N/A
The Wedding Album,Until The Water Flows Over [V5?],theorized to survive Viva and end up on this album. Likely more similar to the Viva version.,,,N/A,Rumored,Not Available,N/A
The Wedding Album,Us Against The World,Confirmed by Will to be written for this album. It was likely more acoustic and featured different lyrics.,,,N/A,Confirmed,Not Available,N/A
The Wedding Album,Wedding Song,A wedding song.,,,,Not Publicly Available,Medium Quality,
The Wedding Album,Wedding Bells (2009),"Played by Chris during an interview, where he stated that he preferred the song on guitar as opposed to piano.",,,,Partial,Low Quality,Wedding Bells (2009)
The Wedding Album,⭐ Wedding Bells (2010),"Played live once by Chris during an Apple Event, on piano.",2:32,,,Full,Recording,Wedding Bells (2010)
The Wedding Album,Weirdo (Jam),"Rough jam of Chris on piano. Similar to the EL version in structure, but features lyrics about a girl called Eliza instead of Agustin.",,,N/A,Not Publicly Available,Not Available,N/A
The Wedding Album,Weirdo,Demo from 2010 with accordion. Pulled out in 2013. Also on the final tracklist for the album.,,,N/A,Confirmed,Not Available,N/A
"1 OG File(s)
1 Full
0 Tagged
0 Partial
1 Snippet(s)
87 Unavailable",Mylo Xyloto,,,,,,,
Mylo Xyloto,100Kilo,Part of the scrapped album Mylo Xylotwo.,,,N/A,Confirmed,Not Available,N/A
Mylo Xyloto,A Hopeful Transmission,Seemingly another song with the same name as the MX track. Piano and vocals only.,,,N/A,Confirmed,Not Available,N/A
Mylo Xyloto,Aiko,Written on whiteboards. Originally thought to have audio (the Major Minus reprise) but was debunked. Later worked on in 2023/2024.,,,N/A,Confirmed,Not Available,N/A
Mylo Xyloto,Alien Radio,"Potentially a working title for A L I E N S, as it was written around this time.",,,N/A,Confirmed,Not Available,N/A
Mylo Xyloto,Alive Day,Written on a whiteboard in 2009.,,,N/A,Confirmed,Not Available,N/A
Mylo Xyloto,Arabesque [V2],Allegedly slated for release on Mylo Xyloto.,,,N/A,Confirmed,Not Available,N/A
Mylo Xyloto,Boom Boom Dreams,Written in the MX Pop-Up Notebook.,,,N/A,Confirmed,Not Available,N/A
Mylo Xyloto,Boyfriend,Written on a whiteboard in 2009.,,,N/A,Confirmed,Not Available,N/A
Mylo Xyloto,Buzz,Written on a whiteboard in 2009.,,,N/A,Confirmed,Not Available,N/A
Mylo Xyloto,Car Kids (Jam 1),Early jam of Car Kids.,,,N/A,Confirmed,Not Available,N/A
Mylo Xyloto,Car Kids (Jam 2),Early jam of Car Kids.,,,N/A,Confirmed,Not Available,N/A
Mylo Xyloto,🏆 Car Kids,"The most anticipated unreleased song by Coldplay. According to an interview with Guy in 2025, he stated that he remembers it turning into another song that also didn't release. Multiple versions confirmed, all consolidated into one mix, featuring: ""Cabasa, A bell, Bass, Revenge drones(?), Arpeggio magic, Right hand piano, Chris Acoustic, Jon Silvertone""


CAR KIDS STRUCTURE
Intro drum fill
Riff 
Verse One
Chorus
Verse Two
Chorus
Chorus
Kids Sing
Chorus
Jon / Kids / Chorus

Potentially had drums from Paradise. Guitar solo confirmed. 108-109BPM.",,,N/A,Confirmed,Not Available,N/A
Mylo Xyloto,Charlie Brown (Demo 1),Included a lyric about Charlie Brown (the character).,,,N/A,Confirmed,Not Available,N/A
Mylo Xyloto,Charlie Brown (Demo 2),Alternate lyrics are seen in the MX Pop-Up Notebook.,,,N/A,Confirmed,Not Available,N/A
Mylo Xyloto,Charlie Brown (Demo 3),"Seen in a list in the MX Pop-Up Notebook.
Chris notes: ""drums record (wills 1st day)""",,,N/A,Confirmed,Not Available,N/A
Mylo Xyloto,Charlie Brown (Demo 4),Seen in a list in the MX Pop-Up Notebook.,,,N/A,Confirmed,Not Available,N/A
Mylo Xyloto,Charlie Brown (Demo 5),Seen in a list in the MX Pop-Up Notebook.,,,N/A,Confirmed,Not Available,N/A
Mylo Xyloto,Charlie Brown (Demo 6),"Seen in a list in the MX Pop-Up Notebook.
""WC BV rec""",,,N/A,Confirmed,Not Available,N/A
Mylo Xyloto,Charlie Brown (Demo 7),Seen in a list in the MX Pop-Up Notebook.,,,N/A,Confirmed,Not Available,N/A
Mylo Xyloto,Chris + Brain Jam,"Unknown what ""Brain"" is. Potential mispelling of Brian?
""Bluesy thing, very short...""",,,N/A,Confirmed,Not Available,N/A
Mylo Xyloto,Don't Let It Break Your Heart (Unmixed),Unmixed version of the song without the transition to Up With The Birds.,3:49,,,Stem Bounce,CD Quality,Don't Let It Break Your Heart (Unmixed)
Mylo Xyloto,Every Teardrop is a Waterfall (Demo 1),Seen in a list in the MX Pop-Up Notebook.,,,N/A,Confirmed,Not Available,N/A
Mylo Xyloto,Every Teardrop is a Waterfall (Demo 2),Alternate lyrics are seen in the MX Pop-Up Notebook. Featured Davide Rossi but notably not Guy. At this point included MMIX as an intro.,,,N/A,Confirmed,Not Available,N/A
Mylo Xyloto,Every Teardrop is a Waterfall (Demo 3),Seen in a list in the MX Pop-Up Notebook.,,,N/A,Confirmed,Not Available,
Mylo Xyloto,Every Teardrop is a Waterfall (Demo 4),"Seen in a list in the MX Pop-Up Notebook. Stems may exist for this version.
""Stems prep for Hopkey(?)""",,,N/A,Confirmed,Not Available,
Mylo Xyloto,Every Teardrop is a Waterfall (Demo 5),Seen in a list in the MX Pop-Up Notebook.,,,N/A,Confirmed,Not Available,
Mylo Xyloto,Every Teardrop is a Waterfall (Demo 6),"Seen in a list in the MX Pop-Up Notebook.
""CM LV bitz""",,,N/A,Confirmed,Not Available,
Mylo Xyloto,Every Teardrop is a Waterfall (Demo 7),Seen in a list in the MX Pop-Up Notebook.,,,N/A,Confirmed,Not Available,N/A
Mylo Xyloto,Every Teardrop is a Waterfall (Alternate Mix),The Rockband stems feature an unmastered file with a longer outro.,4:24,,,Stem Bounce,Lossless,Every Teardrop is a Waterfall (Alternative Mix)
Mylo Xyloto,Fly,Part of the scrapped album Mylo Xylotwo.,,,N/A,Confirmed,Not Available,N/A
Mylo Xyloto,Great Expectations / Golden Arrow / Original UFO,Written on several whiteboards and the MX Pop-Up Notebook. Later turned into both Mylo Xyloto and UFO. Confirmed to be 134bpm.,,,N/A,Confirmed,Not Available,N/A
Mylo Xyloto,Harbingers of Doom,Written on a whiteboard in 2009.,,,N/A,Confirmed,Not Available,N/A
Mylo Xyloto,Harmony,Written on a whiteboard in 2009. Allegedly unrelated to Harmony (For My Song). Confirmed 132BPM(?).,,,N/A,Confirmed,Not Available,N/A
Mylo Xyloto,Harmony (For My Song),Written on a whiteboard in 2009.,,,N/A,Confirmed,Not Available,N/A
Mylo Xyloto,Hook Up,Written on a whiteboard in 2009.,,,N/A,Confirmed,Not Available,N/A
Mylo Xyloto,Hurts Like Heaven (Demo 1),Alternate lyrics are seen in the MX Pop-Up Notebook.,,,N/A,Confirmed,Not Available,N/A
Mylo Xyloto,Hurts Like Heaven (Demo 2),Seen in a list in the MX Pop-Up Notebook.,,,N/A,Confirmed,Not Available,N/A
Mylo Xyloto,Hurts Like Heaven (Demo 3),Seen in a list in the MX Pop-Up Notebook.,,,N/A,Confirmed,Not Available,N/A
Mylo Xyloto,Hurts Like Heaven (Demo 4),Seen in a list in the MX Pop-Up Notebook.,,,N/A,Confirmed,Not Available,N/A
Mylo Xyloto,Hurts Like Heaven (Demo 5),Seen in a list in the MX Pop-Up Notebook.,,,N/A,Confirmed,Not Available,N/A
Mylo Xyloto,Hurts Like Heaven (Unmixed),Unmixed version of the song without the transition from Mylo Xyloto.,4:24,,,Stem Bounce,CD Quality,Hurts Like Heaven (Unmixed)
Mylo Xyloto,Hypnofeed,Written in the MX Pop-Up Notebook.,,,N/A,Confirmed,Not Available,N/A
Mylo Xyloto,If I Ever Fall In Love Again,Written on a whiteboard in 2009.,,,N/A,Confirmed,Not Available,N/A
Mylo Xyloto,It Was A Wonderful Day,Written on a whiteboard in 2009. Likely a demo of Up With The Birds.,,,N/A,Confirmed,Not Available,N/A
Mylo Xyloto,Lela,Part of the scrapped album Mylo Xylotwo.,,,N/A,Confirmed,Not Available,N/A
Mylo Xyloto,Love In A Lethal Dose,An MX version is confirmed to exist through the notebook.,,,N/A,Confirmed,Not Available,N/A
Mylo Xyloto,Lucky Sevens,Written on a whiteboard in 2009.,,,N/A,Confirmed,Not Available,N/A
Mylo Xyloto,M.I.A,Written in the MX Pop-Up Notebook.,,,N/A,Confirmed,Not Available,N/A
Mylo Xyloto,Major Minus (Demo 1),"Written in the MX Pop-Up Notebook. Note by Chris: ""new approach""",,,N/A,Confirmed,Not Available,N/A
Mylo Xyloto,Major Minus (Demo 2),"Alternate lyrics are seen in the MX Pop-Up Notebook, confirming Major Minus was originally an updated version of The Man Who Swears He's God. Confirmed 112bpm.",,,N/A,Confirmed,Not Available,N/A
Mylo Xyloto,Major Minus (Demo 3),Seen in a list in the MX Pop-Up Notebook.,,,N/A,Confirmed,Not Available,N/A
Mylo Xyloto,Major Minus (Demo 4),"Seen in a list in the MX Pop-Up Notebook.
""Group BVs (WC, CM, GB, PH, RS)""
""CM LV dbl""",,,N/A,Confirmed,Not Available,N/A
Mylo Xyloto,Major Minus (Demo 5),Seen in a list in the MX Pop-Up Notebook.,,,N/A,Confirmed,Not Available,N/A
Mylo Xyloto,MC Squared,Part of the scrapped album Mylo Xylotwo.,,,N/A,Confirmed,Not Available,N/A
Mylo Xyloto,Mist,Written on a whiteboard in 2009. Also known as Sherlock Holmes.,,,N/A,Confirmed,Not Available,N/A
Mylo Xyloto,M.M.I.X. (Demo),Seen in a list in the MX Pop-Up Notebook.,,,N/A,Confirmed,Not Available,N/A
Mylo Xyloto,Moving To Mars (Demo 1),Alternate lyrics are seen in the MX Pop-Up Notebook.,,,N/A,Confirmed,Not Available,N/A
Mylo Xyloto,Moving To Mars (Demo 2),Seen in a list in the MX Pop-Up Notebook.,,,N/A,Confirmed,Not Available,N/A
Mylo Xyloto,Moving To Mars (Demo 3),Seen in a list in the MX Pop-Up Notebook.,,,N/A,Confirmed,Not Available,N/A
Mylo Xyloto,Mylo Xyloto (Demo),"Seen in the MX Pop-Up Notebook.
""Mylo Xyloto"" Band playthroughs, drum part ideas",,,N/A,Confirmed,Not Available,N/A
Mylo Xyloto,Paradise (Demo 1),"Seen in a list in the MX Pop-Up Notebook.
Chris notes: ""Sub bass and midi (from ?????)"" Fuck this song",,,N/A,Confirmed,Not Available,N/A
Mylo Xyloto,Paradise (Demo 2),"Seen in a list in the MX Pop-Up Notebook.
""group bv rec"" Fuck this song",,,N/A,Confirmed,Not Available,N/A
Mylo Xyloto,Paradise (Demo 3),Seen in a list in the MX Pop-Up Notebook. Fuck this song,,,N/A,Confirmed,Not Available,N/A
Mylo Xyloto,Paradise (Demo 4),Seen in a list in the MX Pop-Up Notebook. Fuck this song,,,N/A,Confirmed,Not Available,N/A
Mylo Xyloto,Paradise (Demo 5),Seen in a list in the MX Pop-Up Notebook. Fuck this song,,,N/A,Confirmed,Not Available,N/A
Mylo Xyloto,Princess Of China (Demo 1),Alternate lyrics are seen in the MX Pop-Up Notebook.,,,N/A,Confirmed,Not Available,N/A
Mylo Xyloto,Princess Of China (Demo 2),Seen in a list in the MX Pop-Up Notebook.,,,N/A,Confirmed,Not Available,N/A
Mylo Xyloto,Rescue Street,An older version used the electric guitar loop from Us Against The World.,,,N/A,Confirmed,Not Available,N/A
Mylo Xyloto,Rex,Part of the scrapped album Mylo Xylotwo.,,,N/A,Confirmed,Not Available,N/A
Mylo Xyloto,Sex N Violence,Registered to ASCAP. Allegedly related to Car Kids. Features Jon Hopkins.,,,N/A,Confirmed,Not Available,N/A
Mylo Xyloto,Silencia (Major Minus),Early version of Major Minus.,,,N/A,Confirmed,Not Available,N/A
Mylo Xyloto,Space Symphony,Early version of Moving To Mars.,,,N/A,Confirmed,Not Available,N/A
Mylo Xyloto,The Astronaut,Likely unrelated to the MOTS era song of the same name.,,,N/A,Rumored,Not Available,N/A
Mylo Xyloto,The Xylobrytes,Part of the scrapped album Mylo Xylotwo.,,,N/A,Confirmed,Not Available,N/A
Mylo Xyloto,Tomorrow [V1],Alternate version with different lyrics - these are shown on the Mylo Xyloto cover art.,,,,Snippet,Manipulated,Snippet
Mylo Xyloto,⭐ Tomorrow [V2],"OG Filename: TOMORROW monmix 20110802B NP
The only leaked demo from the MX era. Its guitar riff was later reused in Fun.",3:48,,"Mar 9, 2024",OG File,Lossless,Tomorrow
Mylo Xyloto,Tomorrow [V3],Listed (as a folder) in a screenshot given by a source.,,,N/A,Not Publicly Available,Not Available,N/A
Mylo Xyloto,UFO (Demo 1),"An early version with piano was recorded.
Chris notes: ""UFO"" CM piano takes",,,N/A,Confirmed,Not Available,N/A
Mylo Xyloto,UFO (Demo 2),"Seen in a list in the MX Pop-Up Notebook.
""import Barbados stuff""
""gtr riff arrangement stuff""
""yamaha keyboard perc ruff""",,,N/A,Confirmed,Not Available,N/A
Mylo Xyloto,UFO (Demo 3),Seen in a list in the MX Pop-Up Notebook.,,,N/A,Confirmed,Not Available,N/A
Mylo Xyloto,UFO (Demo 4),Seen in a list in the MX Pop-Up Notebook.,,,N/A,Confirmed,Not Available,N/A
Mylo Xyloto,UFO (Demo 5),"Seen in a list in the MX Pop-Up Notebook.
""group bv rec""",,,N/A,Confirmed,Not Available,N/A
Mylo Xyloto,Up In Flames,Original demo version written and recorded on July 22 2011.,,,N/A,Confirmed,Not Available,N/A
Mylo Xyloto,Up On A Wire,Lyrics are seen in the MX Pop-Up Notebook. Later turned into Paradise.,,,N/A,Confirmed,Not Available,N/A
Mylo Xyloto,Up With The Birds (Demo 1),Alternate lyrics are seen in the MX Pop-Up Notebook.,,,N/A,Confirmed,Not Available,N/A
Mylo Xyloto,Up With The Birds (Demo 2),"Alt lyric buried in the mix of the released version: ""float all over the world til I see her again""",,,N/A,Confirmed,Not Available,N/A
Mylo Xyloto,Up With The Birds (Demo 3),Seen in a list in the MX Pop-Up Notebook.,,,N/A,Confirmed,Not Available,N/A
Mylo Xyloto,Up With The Birds (Unmixed),Unmixed version of the song without the transition from DLIBYH.,3:45,,,Stem Bounce,CD Quality,Up With The Birds (Unmixed)
Mylo Xyloto,Us Against The World (Demo),"Seen in a list in the MX Pop-Up Notebook.
Chris notes: ""(based on rescue st chorus loop)
JB gtr
DR(?) violin
WC pump organ""",,,N/A,Confirmed,Not Available,N/A
Mylo Xyloto,Unknown,"A lyric seen on early MX wall art.
""Fire all over the floor""",,,,None,Not Available,N/A
Mylo Xyloto,Unknown,"A single lyric seen on early MX wall art. (Everyday Life?)
""Everyday""",,,,None,Not Available,N/A
Mylo Xyloto,Voodoo,Likely unrelated to the AHFOD era song of the same name.,,,N/A,None,Not Available,N/A
Mylo Xyloto,Waltz in E Minor,Written in the MX Pop-Up Notebook.,,,N/A,Confirmed,Not Available,N/A
Mylo Xyloto,Wedding Bells,"Played live once in 2011, shortly before Mylo Xyloto's release. Alternate version with new lyrics.",2:40,,,Full,Recording,Wedding Bells (Mylo Xyloto)
Mylo Xyloto,Weirdo,Written on tracklists for MX.,,,N/A,Confirmed,Not Available,N/A
Mylo Xyloto,Wilderness,Written on a whiteboard in 2009.,,,N/A,Confirmed,Not Available,N/A
Mylo Xyloto,Wandering Star,Written on a whiteboard in 2009.,,,N/A,Confirmed,Not Available,N/A
Mylo Xyloto,Zorin,Written in the MX Pop-Up Notebook.,,,N/A,Confirmed,Not Available,N/A
"4 OG File(s)
2 Full
0 Tagged
1 Partial
3 Snippet(s)
10 Unavailable",Ghost Stories,,,,,,,
Ghost Stories,A Sky Full Of Stars (Piano Demo),Confirmed by Chris during a show. It consisted of just 'singing and chords'. Chris sent it to Avicii who would later work on it.,,,N/A,Confirmed,Not Available,N/A
Ghost Stories,A Sky Full Of Stars (Demo 1),"OG Filename: SKY rough take v4
Earlier take of the song with rougher vocals and instrumentation.",,,N/A,Not Publicly Available,Not Available,N/A
Ghost Stories,A Sky Full Of Stars (Demo 2),The BBC has shown footage in which an earlier drop is audible.,,,N/A,Confirmed,Not Available,N/A
Ghost Stories,A Sky Full Of Stars (Ragamuff),Seemingly a ref to Avicii - guitar / piano inst with finished vocals.,,,N/A,Not Publicly Available,Not Available,N/A
Ghost Stories,A Sky Full Of Stars (Avicii Edit),Avicii's edit/remix of A Sky Full Of Stars. Longer and features an alternate vocal take.,5:32,,"Nov 23, 2022",OG File,Lossless,A Sky Full Of Stars (Avicii Edit)
Ghost Stories,Ghost Stories,Written on an early tracklist for the album. Likely a working title for Ghost Story.,,,N/A,Confirmed,Not Available,N/A
Ghost Stories,Ghost Story (Demo),"OG Filename: GHOST STORY OCT2013 ROUGH2 TK2
Shorter version of the song played on acoustic guitar. Uses finished vocals.",3:03,,N/A,Not Publicly Available,Not Available,N/A
Ghost Stories,Kiss On The Lips,Original Ghost Stories era demo of the track. Features rougher vocals and rough instrumental compared to the revamped version.,,,"Jun 12, 2024",Snippet,High Quality,Snippet
Ghost Stories,⭐ Kiss On The Lips (2020),"OG Filename: KISS ON THE LIPS HAM new voc ref X 20200910J
Revamped version of the song from 2020.",3:12,,"Apr 1, 2025",Full,High Quality,Kiss On The Lips (2020)
Ghost Stories,Kitten,Pulled out and worked on during 2013. Originally worked on in 2009.,,,N/A,Not Publicly Available,Not Available,N/A
Ghost Stories,"✨ Love Is A Lethal Drug [V1]
(feat. Avicii)",Revamped version of Love In A Lethal Dose with Avicii. More EDM / Pop elements.,3:41,,"Jan 29, 2023",OG File,Lossless,Love Is A Lethal Drug [V1]
Ghost Stories,"Love Is A Lethal Drug [V2]
(feat. Avicii)","OG Filename: Leath
Second version with Avicii, better mixed than the previous version.",3:41,,,Full,High Quality,Love Is A Lethal Drug [V2]
Ghost Stories,"Love Is A Lethal Drug [V3]
(feat. Avicii)","OG Filename: LOVE IS A LETHAL DRUG PE Work MonMix 20140214I
Features lo-fi percussion and additional elements from the Wedding Album version. Seeing as the Ghost Stories album sessions concluded in November 2013, this version of the song was likely intended for the A Sky Full of Stars EP or A Head Full of Dreams.",3:37,,"Jun 27, 2024",OG File,Lossless,Love Is A Lethal Drug [V3]
Ghost Stories,"Love Is A Lethal Drug [V4]
(feat. SZA & Avicii)","LIALD's session files include vocals by SZA (which are not present in prior demos). It is unknown whether a 2014 demo using these vocals was exported, but one likely exists.",,,N/A,Rumored,Not Available,N/A
Ghost Stories,Magic (Demo),Featured briefly in Sky's documentary on the making of Ghost Stories.,,,"Jun 12, 2024",Snippet,Low Quality,Magic (2013 Demo)
Ghost Stories,Mist,Written on a early tracklist for the album.,,,N/A,Confirmed,Not Available,N/A
Ghost Stories,O (Part 2),Working title for O (Reprise). Registered to ASCAP.,,,N/A,Confirmed,Not Available,N/A
Ghost Stories,The Race (2012),"The first version to be written was allegedly from 2012, though it was never recorded. The intro from Whatever It Takes is also confirmed to be recorded in 2012.",,,N/A,Not Publicly Available,Not Available,N/A
Ghost Stories,The Race (Demo),"OG Filename: THE RACE w vocals refmix 20130523
First known recorded version of the song. Uses the same vocals as the Oct 4 demos.",,,N/A,Not Publicly Available,Not Available,N/A
Ghost Stories,The Race (No Rik Beat),"OG Filename: THE RACE MonMix NoRikBeat X 20131004C
Early version of the song played on piano.",3:27,,N/A,Snippet,Screen Recording,The Race (No Rik Beat)
Ghost Stories,⭐ The Race (With Rik Beat),"OG Filename: THE RACE MonMix WithRikBeat X 20131004C
Early version of the song played on piano. This version has a drum loop by Rik Simpson.",3:27,,"Apr 4, 2024",OG File,Lossless,The Race (Rik Beat)
Ghost Stories,Tomorrow,"Written on a early tracklist for the album, though it was scribbled out and replaced with World Without You. Around this time the guitar riff was removed and given to Fun.",,,N/A,Confirmed,Not Available,N/A
Ghost Stories,"Touch Me (All Night Long)
(feat. The Chainsmokers)",Registered to ASCAP. Potentially a cover of a song with the same name.,,,N/A,Not Publicly Available,Not Available,N/A
Ghost Stories,True Love (Demo),"Early take of the song, though this recording is seemingly edited.",,,,Partial,Low Quality,True Love (Demo)
Ghost Stories,Unknown,"Lyrics seen in Ghost Stories Artwork:
""every human life is irrelevant, therefore it is a gift''",,,N/A,Confirmed,Not Available,N/A
Ghost Stories,Weirdo,Worked on in 2013.,,,N/A,Confirmed,Not Available,N/A
Ghost Stories,Wish You Were Here,"OG Filename: Wish You Were Here - CM - 16bit 44.1 wav - 2-22-14
Solo ref of Wish I Was Here - Rougher Instrumental with Chris singing. This song, despite being from the Ghost Stories era, was likely not meant to be put on the album.",3:10,,N/A,Not Publicly Available,Not Available,N/A
Ghost Stories,🏆 World Without You,"Written on an early tracklist for the album, replacing Tomorrow.",,,N/A,Confirmed,Not Available,N/A
"4 OG File(s)
67 Full
0 Tagged
4 Partial
7 Snippet(s)
11 Unavailable",A Head Full of Dreams,,,,,,,
A Head Full of Dreams,A Head Full Of Dreams (AIR Mix),"Rough demo with Chris mumbling, an ambient synth, and a metronome, similar to the LA demos from Music of the Spheres. Recorded at AIR Studios - likely in June 2015.",,,N/A,Partial,Manipulated,A Head Full Of Dreams (Rough)
A Head Full of Dreams,A Head Full Of Dreams (Beehive),"OG Filename: AHFOD SG BH MonMix 20150701B
Earlier mix of the song with a different intro/structure and different lyrics.",4:30,,N/A,Not Publicly Available,Not Available,N/A
A Head Full of Dreams,Adventure Of A Lifetime (Stargate) [V1],"OG Filename: Adventure Of A Lifetime SG
Rough demo with mumble vocals, but instrumental close to the final mix.",4:51,,"Feb 21, 2023",Full,High Quality,Adventure Of A Lifetime (Stargate) [V1]
A Head Full of Dreams,Adventure Of A Lifetime (Stargate) [V2],"OG Filename: Adventure Of A Lifetime SG Mix1
Rough demo with mumble vocals, but instrumental close to the final mix.",4:39,,"Feb 21, 2023",Full,High Quality,Adventure Of A Lifetime (Stargate) [V2]
A Head Full of Dreams,Adventure Of A Lifetime (Stargate) [V3],"OG Filename: Adventure Of A Lifetime SG Mix friday
Rough demo with mumble vocals, but instrumental close to the final mix.",4:35,,"Feb 21, 2023",Full,High Quality,Adventure Of A Lifetime (Stargate) [V3]
A Head Full of Dreams,Adventure Of A Lifetime (Beehive Mix),"OG Filename: ADVENTURE OF A LIFETIME BH MonMix 20150703C
Almost identical to the final mix.",,,N/A,Not Publicly Available,Not Available,N/A
A Head Full of Dreams,Amazing Day (Stargate Mix 1),"OG Filename: AMAZING DAY SG Mix1
Rougher mix of the song.",4:28,,"Feb 21, 2023",Full,High Quality,Amazing Day (Stargate Mix 1)
A Head Full of Dreams,Amazing Day (Bakery Mix),"OG Filename: AMAZING DAY SG Mix1 bakery
Rougher mix of the song.",4:29,,"Feb 21, 2023",Full,High Quality,Amazing Day (Bakery Mix)
A Head Full of Dreams,Amazing Day (AIR Mix),"OG Filename: AMAZING DAY AIR Monmix 20150612F
Almost identical to the final mix.",,,N/A,Not Publicly Available,Not Available,N/A
A Head Full of Dreams,Amor Argentina (Studio Version),Features Davide Rossi and Jon Hopkins.,,,N/A,Not Publicly Available,Not Available,N/A
A Head Full of Dreams,Army Of One (???),"OG Filename: Army of One-ref 1-ver 1
Listed in a screenshot among leaked demos.",,,N/A,Not Publicly Available,Not Available,N/A
A Head Full of Dreams,Army Of One (Beehive Mix),"OG Filename: ARMY OF ONE BH MonMix 20150703E
Earlier mix of the song with different lyrics.",,,N/A,Not Publicly Available,Not Available,N/A
A Head Full of Dreams,Army Of One (Alt Mix),Alternate Mix played live during the A Head Full Of Dreams Tour. Features a different intro and different lyrics from the version above.,,,,Full,Recording,Army Of One (Alt Mix)
A Head Full of Dreams,Birds (Stargate Alt Hook),"OG Filename: Birds SG alt Hook new bass
Early demo of Birds. Also known as Set Me Free.",4:22,,"Feb 21, 2023",Full,High Quality,Birds (Stargate Alt Hook)
A Head Full of Dreams,Birds (Stargate Mix 1),"OG Filename: Birds SG Drums Mix1
Early demo of Birds. Also known as Set Me Free.",4:30,,"Feb 21, 2023",Full,High Quality,Birds (Stargate Mix 1)
A Head Full of Dreams,Birds (Stargate Mix 2),"OG Filename: Birds SG Mix2
Early demo of Birds. Also known as Set Me Free.",4:25,,"Feb 21, 2023",Full,High Quality,Birds (Stargate Mix 2)
A Head Full of Dreams,Birds (Stargate Mix 3),"OG Filename: Birds SG Mix3
Early demo of Birds. Also known as Set Me Free.",4:25,,"Feb 21, 2023",Full,High Quality,Birds (Stargate Mix 3)
A Head Full of Dreams,Birds Set Free,"OG Filename: BIRDS SET FREE SG Mix3 BH MonMix 20150701B
Later demo of Birds. Likely close to the released version.",,,N/A,Not Publicly Available,Not Available,N/A
A Head Full of Dreams,Biutyful,"Worked on for the album, but was scrapped due to nobody liking Angel Moon. Revealed in Debs Wild's updated Life in Technicolor book.",,,N/A,Confirmed,Not Available,N/A
A Head Full of Dreams,Church,"Mentioned by Chris in an interview. ""I wrote it in 4 minutes while recording another song, but it took me 2 and a half years to record it.""",,,N/A,Confirmed,Not Available,N/A
A Head Full of Dreams,Closer To Home,Allegedly re-recorded by Coldplay after Game Of Thrones: The Musical.,,,N/A,Rumored,Not Available,N/A
A Head Full of Dreams,Drunk & High [V1],"OG Filename: Drunk & High SG Rough
Early version of Hymn for the Weekend. Has rougher vocals and no Beyonce feature.",3:26,,"Feb 21, 2023",Full,Lossless,Drunk & High [V1]
A Head Full of Dreams,Drunk & High [V2],"OG Filename: Drunk & High Rough V5
Ditto. Has improved mixing.",3:45,,"Feb 21, 2023",Full,High Quality,Drunk & High [V2]
A Head Full of Dreams,End Credits,Played on tape at the end of AHFOD tour shows. A 'live' version (the original but overlaid with audience cheers and firework noises) was featured on Live in Buenos Aires.,,,N/A,Confirmed,Not Available,N/A
A Head Full of Dreams,Everglow (Rough),"OG Filename: Everglow SG edit rough
Rougher demo, less produced - played mostly on piano.",4:50,,"Feb 21, 2023",Full,High Quality,Everglow (Rough)
A Head Full of Dreams,Everglow (Stargate Mix 4),"OG Filename: Everglow SG Mix4
More produced than the previous version - closer to the final mix.",4:49,,"Feb 21, 2023",Full,High Quality,Everglow (Stargate Mix 4)
A Head Full of Dreams,Everglow (Stargate Air Mix 4),"OG Filename: EVERGLOW SG Mix4 AIRst1 MonMix X 20150610H
Close to the final mix.",4:52,,N/A,Not Publicly Available,Not Available,N/A
A Head Full of Dreams,Family Tree (Stargate Mix 1),"OG Filename: Family Tree SG Mix1
Predecessor to A Head Full of Dreams. Has little in common with it except for a guitar riff.",4:47,,"Feb 21, 2023",Full,High Quality,Family Tree (Stargate Mix 1)
A Head Full of Dreams,Family Tree (Demo),"OG Filename: Family Tree FOR WRITING
Later demo of the song. Trimmed down and without mumbled verse vocals.",3:42,,"Feb 21, 2023",Full,High Quality,Family Tree (Demo)
A Head Full of Dreams,Forever,Rough demo by Chris & Stargate.,,,,Snippet,High Quality,Snippet
A Head Full of Dreams,"Forever, Whatever (Demo)","OG Filename: Forever, Whatever
Rough demo of the song with almost no production.",4:51,,"Dec 21, 2021",Full,High Quality,"Forever, Whatever (Demo)"
A Head Full of Dreams,"Forever, Whatever (Stargate Arrangement)","OG Filename: Forever, Whatever SG arr
Full band demo of the song.",4:33,,"Feb 21, 2023",Full,High Quality,"Forever, Whatever (Stargate Arrangement)"
A Head Full of Dreams,"Forever, Whatever (Full Band) [V1]","OG Filename: Forever, Whatever 130BPM with Band
Full band demo of the song.",4:43,,"Feb 21, 2023",Full,High Quality,"Forever, Whatever (Full Band) [V1]"
A Head Full of Dreams,"Forever, Whatever (Full Band) [V2]","OG Filename: Forever, Whatever 130BPM with Band REF
Full band demo of the song.",4:40,,"Feb 21, 2023",Full,High Quality,"Forever, Whatever (Full Band) [V2]"
A Head Full of Dreams,"Forever, Whatever (Full Band) [V3]","OG Filename: Forever, Whatever live bass
Full band demo of the song.",4:39,,"Feb 21, 2023",Full,High Quality,"Forever, Whatever (Full Band) [V3]"
A Head Full of Dreams,"Forever, Whatever (Calvin Harris) [V1]","OG Filename: Forever Whatever Sg Calvin in progress thurs
Early demo of the song with production meant to mimic Calvin Harris.",4:20,,"Feb 21, 2023",Full,High Quality,"Forever, Whatever (Calvin Harris) [V1]"
A Head Full of Dreams,"Forever, Whatever (Calvin Harris) [V2]","OG Filename: Forever Whatever Sg Calvin in progress thurs_1
Early demo of the song with production meant to mimic Calvin Harris.",4:20,,"Feb 21, 2023",Full,High Quality,"Forever, Whatever (Calvin Harris) [V2]"
A Head Full of Dreams,"Forever, Whatever (AIR Mix 1)","OG Filename: Forever SG Air June Mix1
Later mix of the song with new lyrics and production.",4:45,,,Full,High Quality,"Forever, Whatever (AIR Mix 1)"
A Head Full of Dreams,"Forever, Whatever (AIR Mix 2)","OG Filename: Forever SG Air June Mix2
Later mix of the song with new lyrics and production.",4:18,,,Full,High Quality,"Forever, Whatever (AIR Mix 2)"
A Head Full of Dreams,"Forever, Whatever (AIR Mix 5)","OG Filename: Forever SG Air June Mix5
Later mix of the song with new lyrics and production.",3:54,,,Full,High Quality,"Forever, Whatever (AIR Mix 5)"
A Head Full of Dreams,"⭐ Forever, Whatever (Beehive Mix)","OG Filename: FOREVER WHATEVER SG Mix5 BH MonMix 20150701A
Final mix of the song - Much more polished vox, lyrics, and instrumental.",4:05,,"May 31, 2024",Full,Screen Recording,"Forever, Whatever (Beehive Mix)"
A Head Full of Dreams,"Fun
(feat. Rihanna)","Supposedly Fun was originally meant to be a duet with Rihanna, instead of Tove Lo.",,,N/A,Rumored,Not Available,N/A
A Head Full of Dreams,Fun (Rough),"OG Filename: Fun SG Rough
Early demo of Fun.",4:26,,"Feb 21, 2023",Full,High Quality,Fun (Rough)
A Head Full of Dreams,Fun (Rough Mix 1),"OG Filename: Fun SG Rough Mix1
Early demo of Fun.",4:17,,"Feb 21, 2023",Full,High Quality,Fun (Rough Mix 1)
A Head Full of Dreams,Fun (Stargate Mix 4),"OG Filename: Fun Coldplay SG Mix4
Early demo of Fun.",4:11,,"Feb 21, 2023",Full,High Quality,Fun (Stargate Mix 4)
A Head Full of Dreams,Fun (Stargate Mix 5),"OG Filename: Fun Coldplay SG Mix5
Early demo of Fun.",4:11,,"Feb 21, 2023",Full,High Quality,Fun (Stargate Mix 5)
A Head Full of Dreams,Fun (Stargate Mix 6),"OG Filename: Fun Coldplay SG Mix6
Demo of Fun, closer to the final mix.",4:29,,"Feb 21, 2023",Full,High Quality,Fun (Stargate Mix 6)
A Head Full of Dreams,Fun (Stargate Idea),"OG Filename: Fun Coldplay SG B IDEA
Demo of Fun, closer to the final mix.",4:28,,"Feb 21, 2023",Full,High Quality,Fun (Stargate Idea)
A Head Full of Dreams,Fun (AIR Mix),"OG Filename: FUN SG AIR MonMix 20150617J
Likely close to the released version.",4:33,,N/A,Not Publicly Available,Not Available,N/A
A Head Full of Dreams,Gold (Cue),"OG Filename: Gold cue
Listed in a screenshot among leaked demos.",,,N/A,Not Publicly Available,Not Available,N/A
A Head Full of Dreams,Gold (Cue 2),"OG Filename: Gold cue2
Listed in a screenshot among leaked demos.",,,N/A,Not Publicly Available,Not Available,N/A
A Head Full of Dreams,Gold (Mix 1),"OG Filename: Gold LA Mix1
Rough take with Chris mumbling over the instrumental.",,,N/A,Not Publicly Available,Not Available,N/A
A Head Full of Dreams,Gold (Mix 2),"OG Filename: Gold Mix 2 SG
(Leaked) demo of the song.",3:56,,"Mar 29, 2024",Full,High Quality,Gold (Mix 2)
A Head Full of Dreams,Gone But Not F. Cotton,"Written for Radio 1 host Fearne Cotton, due to her leaving the show. The song was played on her final Radio 1 show on 22 May 2015. Also seemingly later turned into the Tuscany jam Cinnamon.",,,"May 22, 2015",Full,Recording,Gone But Not F. Cotton
A Head Full of Dreams,Head Full of Dreams [V1],"OG Filename: Head Full Of Dreams SG
Early demo of A Head Full of Dreams. A completely different song from the final.",5:12,,"Feb 21, 2023",Full,High Quality,Head Full Of Dreams [V1]
A Head Full of Dreams,Head Full of Dreams [V2],"OG Filename: Head Full Of Dreams NEW Rough
Alternate concept for AHFOD mixing Family Tree with the prior demo's chorus.",4:10,,"Feb 21, 2023",Full,High Quality,Head Full Of Dreams [V2]
A Head Full of Dreams,Head Full of Dreams [V3],"OG Filename: Head Full of Dreams SG idea inprogress
Later version of the first iteration of AHFOD.",4:00,,"Feb 21, 2023",Full,High Quality,Head Full Of Dreams [V3]
A Head Full of Dreams,🗑️ Heart On Fire,"The first Coldplay song to be completely unintelligible. Also probably one of the worst unreleased tracks to this day, at least lyrically. Allegedy apart of Wronguy Berryman's Solo album. That was never released",4:12,,"Jul 25, 2021",Full,High Quality,Heart On Fire
A Head Full of Dreams,Higher Power,The earliest version of the song is rumoured to be from this era.,,,N/A,Rumored,Not Available,N/A
A Head Full of Dreams,Homesick,"Given to Dua Lipa. Considered by Chris to be a ""sequel"" to Everglow, while also based on an early version of it. Rumoured to be related to Brother Lorenzo.",,,N/A,Rumored,Not Available,N/A
A Head Full of Dreams,Houston #1,Based on When You See Marie - written and recorded as a tribute to Houston after a show there was cancelled. Studio version was recorded the night before playing. Studio verison of Houston #1,,,,Snippet,Medium Quality,Snippet
A Head Full of Dreams,Houston #1(live),Live verison of the song above,,,"Aug 29, 2017",Full,Recording,Houston #1
A Head Full of Dreams,Hymn for the Weekend (Stargate Mix 2),"OG Filename: HYMN FOR THE WEEKEND  SG Mix2
Revamped version of Drunk & High - closer to the final mix.",4:15,,"Dec 16, 2022",Full,High Quality,Hymn For The Weekend (Stargate Mix 2)
A Head Full of Dreams,Hymn for the Weekend (Stargate Mix 3),"OG Filename: HYMN FOR THE WEEKEND SG Mix3 Monmix X 20150612B
Close to the final mix.",,,N/A,Not Publicly Available,Not Available,N/A
A Head Full of Dreams,Hymn for the Weekend (Stem Export),"OG Filename: HYMN FOR THE WEEKEND HenStB RikMix Ref8 vt 48k X 20150923B
Included in the HFTW stems. Almost identical to the final master. Has a popping noise before the track and a slightly longer fadeout.",4:24,,,OG File,Lossless,Hymn for the Weekend (Stem Export)
A Head Full of Dreams,Julia Roberts' Smile,Played live by Chris once in 2017 as a tribute to Julia Roberts - Seemingly a parody of Fight For Your Right by The Beastie Boys.,,,,Partial,Recording,Julia Roberts' Smile
A Head Full of Dreams,"Kaleidoscope (Demo)
(The Race)","OG Filename: Kaleidoscope SG in progress snippet
Short demo with no second verse.",3:04,,"Feb 21, 2023",Full,High Quality,Kaleidoscope (Demo)
A Head Full of Dreams,"Kaleidoscope [V1]
(The Race)","OG Filename: Kaleidoscope Sg Rough
Has a trap beat on the bridge.",5:26,,"Feb 21, 2023",Full,High Quality,Kaleidoscope [V1]
A Head Full of Dreams,"✨ Kaleidoscope [V2]
(The Race)","OG Filename: Kaleidoscope SG Rough Mix1
Falsely referred to as the Ghost Stories version.",5:00,,"Jul 5, 2020",Full,High Quality,Kaleidoscope [V2]
A Head Full of Dreams,"Kaleidoscope [V3]
(The Race)","OG Filename: Kaleidoscope SG Mix2
Volcano lyric with V4 instrumental.",4:40,,"Feb 21, 2023",Full,High Quality,Kaleidoscope [V3]
A Head Full of Dreams,"✨ Kaleidoscope [V4]
(The Race)","OG Filename: Kaleidoscope SG Mix4
Has alternate lyric 'Inside a Kaleidoscope'",4:35,,"Feb 21, 2023",Full,High Quality,Kaleidoscope [V4]
A Head Full of Dreams,"Kaleidoscope [V1]
(Vampire Symphony)","OG Filename: Kaleidoscope SG Mix1
Revamped version of Vampire Symphony - much better vox.",3:16,,"Feb 21, 2023",Full,High Quality,Kaleidoscope [V1]
A Head Full of Dreams,"Kaleidoscope [V2]
(Vampire Symphony)","OG Filename: Kaleidoscope SG Mix1 tuesday
Slightly longer intro.",3:29,,"Feb 21, 2023",Full,High Quality,Kaleidoscope [V2]
A Head Full of Dreams,"🏆 Kaleidoscope [V3]
(Vampire Symphony)","OG Filename: KALEIDOSCOPE BH MonMix X 20150701A
Final mix of the song - Much more polished vox, lyrics, and instrumental. Informally known as ""Kaleidoscope V5"" due to a misunderstanding.",3:07,,N/A,Not Publicly Available,Not Available,N/A
A Head Full of Dreams,Legends (Demo),Likely the first take of the song - very rough.,,,,Snippet,Low Quality,Snippet
A Head Full of Dreams,Legends [V1],"OG Filename: LEGENDS SG Idea1
The band decided that Jonny's riff was the best part of the song, so they ended up reusing the riff and vocal parts were later on in Adventure Of A Lifetime.",3:38,,"Feb 21, 2023",Full,High Quality,Legends [V1]
A Head Full of Dreams,Legends [V2],"OG Filename: LEGENDS SG Idea 1
Has more production than the previous version.",3:40,,"Apr 27, 2021",Full,High Quality,Legends [V2]
A Head Full of Dreams,🗑️ Life Is Beautiful (Head Over Heels),"OG Filename: LIFE IS BEAUTIFUL (LIVE LIVE LIVE)PLEASE !!!!!!USE THIS INTRO like never before HEAD OVER HEELS CM BEAUTIFUL WORLD
Rough demo played on guitar with multiple vocal takes at once.",,,,Snippet,High Quality,Snippet
A Head Full of Dreams,Life Is Beautiful (Demo),"OG Filename: LIFE IS BEAUTIFUL WS arr tweaks ref X 20171027J
Demo without oles, drums or guitar.",6:47,,"Jan 28, 2025",OG File,Lossless,Life Is Beautiful (Demo)
A Head Full of Dreams,Life Is Beautiful (Soundboard Mix),Soundboard of the song's debut live performance in San Diego in 2017.,,,N/A,Not Publicly Available,Not Available,N/A
A Head Full of Dreams,Life is Beautiful (Clr4UK),Mentioned by a collector.,,,N/A,Not Publicly Available,Not Available,N/A
A Head Full of Dreams,Life Is Beautiful (2020 Mix),"OG Filename: LIFE IS BEAUTIFUL FL RikMix REF2 X 20200814D
Ref of the song exported in 2020. Uses recordings of the song's first two live performances. Unknown if this is a new mix. Likely re-exported for the development of a demo comp.",5:06,,"Jan 28, 2025",OG File,Lossless,Life Is Beautiful
A Head Full of Dreams,✨ Life Is Beautiful (Argentina Version),"Alternate version of the song, likely never meant to be released. Verses have a different structure. Unknown if there is a studio version.",,,,Full,Recording,Life Is Beautiful (Argentina Ver)
A Head Full of Dreams,Limited Passage,Name seen in a picture from the Beehive in 2016.,,,N/A,Confirmed,Not Available,N/A
A Head Full of Dreams,Miracles (Rough),"OG Filename: Miracles SG rough
Rough demo of Miracles.",3:27,,"Feb 21, 2023",Full,High Quality,Miracles (Rough)
A Head Full of Dreams,Miracles (Movie Mix) [V1],"OG Filename: Miracle Movie Version
Alt mix of Miracles made for Unbroken.",3:57,,"Feb 21, 2023",Full,High Quality,Miracles (Movie Mix) [V1]
A Head Full of Dreams,Miracles (Full Band Mix),"OG Filename: Miracles SG Band Mix1
Rough demo of Miracles.",3:50,,"Feb 21, 2023",Full,High Quality,Miracles (Full Band Mix)
A Head Full of Dreams,Miracles [V1],"OG Filename: Miracle SG Mix1
Rough demo of Miracles.",3:33,,"Feb 21, 2023",Full,High Quality,Miracles [V1]
A Head Full of Dreams,Miracles [V2],"OG Filename: Miracles SG Mix2
Rough demo of Miracles.",3:28,,"Feb 21, 2023",Full,High Quality,Miracles [V2]
A Head Full of Dreams,Miracles [V3],"OG Filename: Miracles Mix2
Rough demo of Miracles.",3:31,,"Feb 21, 2023",Full,High Quality,Miracles [V3]
A Head Full of Dreams,Miracles (Movie Mix) [V2],"OG Filename: Miracles SG Mix 1 movie version
Alt mix of Miracles made for Unbroken.",3:54,,"Feb 21, 2023",Full,High Quality,Miracles (Movie Mix) [V2]
A Head Full of Dreams,Miracles (RikMix),"OG Filename: MIRACLES RikMixRef2X 20141013G
Rough demo of Miracles close to the final mix.",4:02,,"Feb 21, 2023",Full,High Quality,Miracles (RikMix)
A Head Full of Dreams,Miracles (Someone Special) (Demo),A bonus clip from the AHFOD Documentary features Chris playing Miracles (Someone Special) on acoustic guitar in 2015. Alternate lyrics to the song (including a cut section) were also released on artwork for the Kaleidoscope EP.,,,N/A,Confirmed,Not Available,N/A
A Head Full of Dreams,Miracles (Someone Special) (Stem Export),"OG Filename: MIRACLES 2 DGMIX ref16 voc up 20170510B
Included in the Someone Special stems. Likely a rough mix of the released version.",,,N/A,Not Publicly Available,Not Available,N/A
A Head Full of Dreams,Out Of This World [V1],"OG Filename: Out Of This World SG Mix1
Rough mix of Miracles.",3:51,,"Feb 21, 2023",OG File,Lossless,Out Of This World [V1]
A Head Full of Dreams,Out Of This World (Remix),"OG Filename: Out Of This World SG RMX
Listed in a screenshot among leaked demos. Presumably a remix or revision of Out Of This World by Stargate.",,,N/A,Not Publicly Available,Not Available,Out Of This World (Remix)
A Head Full of Dreams,Out Of This World [V2],"OG Filename: Out Of This World Mix2
Better mix than the previous.",3:51,,"Feb 21, 2023",Full,High Quality,Out Of This World [V2]
A Head Full of Dreams,On My Way Home,Worked on for A Head Full of Dreams but eventually given away to Pentatonix.,,,N/A,Confirmed,Not Available,N/A
A Head Full of Dreams,✨ One Day,Played live at a soundcheck on the A Head Full Of Dreams Tour.,,,"Mar 31, 2017",Partial,Recording,One Day
A Head Full of Dreams,"✨ One Sleep
(feat. Izzy Bizu)",Written on the A Head Full Of Dreams Tour. Elements were later reused in Infinity and AETERNA.,,,,Snippet,High Quality,Snippet
A Head Full of Dreams,"The Race (AHFOD Doc)
(Whatever It Takes)","A snippet of a version of The Race was played during the AHFOD documentary. This may be one of the below demos, but it is unknown which. Over 20 variants of this song exist.",,,"Nov 14, 2018",Partial,High Quality,The Race (AHFOD Doc)
A Head Full of Dreams,"✨ The Race
(Whatever It Takes)","Revamped version of Kaleidoscope. Has a new chorus, bridge, and outro. This may be one of the below demos, but it is unknown which if so.",3:48,,"Dec 14, 2022",Full,Medium Quality,The Race (Whatever It Takes)
A Head Full of Dreams,"The Race (MK)
(Whatever It Takes)","OG Filename: THE RACE MK MonMix X 20170112D
Listed in a screenshot given by a source.",,,N/A,Not Publicly Available,Not Available,N/A
A Head Full of Dreams,"The Race (Beehive) [V1 WP]
(Whatever It Takes)","OG Filename: THE RACE BH RikMix WP 20170125D
Listed in a screenshot given by a source.",,,N/A,Not Publicly Available,Not Available,N/A
A Head Full of Dreams,"The Race (Beehive) [V1]
(Whatever It Takes)","OG Filename: THE RACE BH RikMix X 20170125D
Listed in a screenshot given by a source.",,,N/A,Not Publicly Available,Not Available,N/A
A Head Full of Dreams,"The Race (Beehive) [V2]
(Whatever It Takes)","OG Filename: THE RACE BH RikMix V2 X 20170130E
Listed in a screenshot given by a source.",,,N/A,Not Publicly Available,Not Available,N/A
A Head Full of Dreams,"The Race (Beehive) [V3 WP]
(Whatever It Takes)","OG Filename: THE RACE BH RikMix V3 WP 20170131C
Listed in a screenshot given by a source.",,,N/A,Not Publicly Available,Not Available,N/A
A Head Full of Dreams,"The Race (Beehive) [V3]
(Whatever It Takes)","OG Filename: THE RACE BH RikMix V3 X 20170131C
Listed in a screenshot given by a source.",,,N/A,Not Publicly Available,Not Available,N/A
A Head Full of Dreams,"The Race (Beehive) [V4 WP]
(Whatever It Takes)","OG Filename: THE RACE BH RikMix V4 WP 20170131D
Listed in a screenshot given by a source.",,,N/A,Not Publicly Available,Not Available,N/A
A Head Full of Dreams,"The Race (Beehive) [V4]
(Whatever It Takes)","OG Filename: THE RACE BH RikMix V4 X 20170131D
Listed in a screenshot given by a source.",,,N/A,Not Publicly Available,Not Available,N/A
A Head Full of Dreams,"The Race (Beehive) [V5 WP]
(Whatever It Takes)","OG Filename: THE RACE BH RikMix V5 WP 20170202B
Listed in a screenshot given by a source.",,,N/A,Not Publicly Available,Not Available,N/A
A Head Full of Dreams,"The Race (Beehive) [V5]
(Whatever It Takes)","OG Filename: THE RACE BH RikMix V5 X 20170202B
Listed in a screenshot given by a source.",,,N/A,Not Publicly Available,Not Available,N/A
A Head Full of Dreams,"The Race (Beehive) [V5 Alt WP]
(Whatever It Takes)","OG Filename: THE RACE BH RikMix V5 Alt WP 20170202B
Listed in a screenshot given by a source.",,,N/A,Not Publicly Available,Not Available,N/A
A Head Full of Dreams,"The Race (Beehive) [V5 Alt]
(Whatever It Takes)","OG Filename: THE RACE BH RikMix V5 Alt X 20170202B
Listed in a screenshot given by a source.",,,N/A,Not Publicly Available,Not Available,N/A
A Head Full of Dreams,Up and Up (Stargate Edit),"OG Filename: Up And Up SG edit1
Rough demo of Up&Up.",4:49,,"Feb 21, 2023",Full,High Quality,Up and Up (Stargate Edit)
A Head Full of Dreams,Up and Up (Bakery Mix),"OG Filename: Up And Up SG bakery
Rough demo of Up&Up, closer to the final mix.",4:37,,"Dec 21, 2021",Full,High Quality,Up and Up (Bakery Mix)
A Head Full of Dreams,Up&Up (AIR Mix),"OG Filename: UP&UP AIRSt1 Monmix 20150623F
Earlier mix of the song with a different intro, close to finished.",5:37,,N/A,Not Publicly Available,Not Available,N/A
A Head Full of Dreams,Vampire Symphony,"OG Filename: Vampire Symphony SG Mix1
Early version of Kaleidoscope - much rougher vox and lyrics.",4:03,,"Feb 21, 2023",Full,High Quality,Vampire Symphony
A Head Full of Dreams,Vampire Symphony (Kaleidoscope),"OG Filename: Vampire Symphony (Kaleidoskope) SG
Same as the above with the Kaleidoscope ver's intro.",5:06,,"Feb 21, 2023",Full,High Quality,Vampire Symphony (Kaleidoscope)
A Head Full of Dreams,Voldemort,"Registered to ASCAP (misspelt as ""Voldermort"").",,,N/A,Confirmed,Not Available,N/A
A Head Full of Dreams,Weirdo,"OG Filename: WEIRDO BH RikMix WP 20170111B
Early instrumental demo of the Everyday Life version, meant for the Kaleidoscope EP.",,,N/A,Not Publicly Available,Not Available,N/A
A Head Full of Dreams,🗑️ X Marks The Spot (Demo),"OG Filename: X Marks SG radical 
Rougher vox and instrumental.",3:45,,"Feb 21, 2023",Full,High Quality,X Marks The Spot (Demo)
A Head Full of Dreams,"🗑️ E-Lo (Demo)
(Afaik)",Much rougher vocals. Unclear if Pharrell Williams is on this demo.,,,,Snippet,Tagged,Snippet
A Head Full of Dreams,"🗑️ Far Out
(feat. Pharrell Williams)","OG Filename: FAR OUT
Very rough jam. Around 7 minutes long to due a lot of improvising.",6:57,,"Mar 30, 2024",Full,High Quality,Far Out
A Head Full of Dreams,Gold (Rough),"OG Filename: Gold rough v1
New mix of the song likely meant for Los Unidades. EDM-style instrumental.",,,N/A,Not Publicly Available,Not Available,N/A
A Head Full of Dreams,Love in a Lethal Dose,Stems for the song were re-exported in late 2018.,,,N/A,Not Publicly Available,Not Available,N/A
A Head Full of Dreams,"Voodoo (Demo 1)
(feat. Wizkid)",Earlier demo including Spanish lyrics and samples.,,,N/A,Snippet,High Quality,Snippet
A Head Full of Dreams,"Voodoo (Demo 2)
(feat. Wizkid)","OG Filename: VOODOO SG stems WS CM new arr redbl intro MonMix X 20180204F
Less produced, features more English lyrics. Also features vocal samples throughout the song, along with a sample of Far Out's intro.",,,N/A,Not Publicly Available,Not Available,N/A
A Head Full of Dreams,"Voodoo (Spike Ref)
(feat. Wizkid)","OG Filename: VOODOO 2018 SPIKE REF 2
Alternate demo produced by Spike Stent.",,,N/A,Not Publicly Available,Not Available,N/A
"10 OG File(s)
17 Full
0 Tagged
3 Partial
9 Snippet(s)
9 Unavailable",Everyday Life,,,,,,,
Everyday Life,All My Love,Played by Chris for a fan. A song with the same name is included on Moon Music though it is unconfirmed if they are the same. Potentially related to Elodie.,0:44,,"Jun 21, 2019",Full,Recording,All My Love
Everyday Life,Arabesque (Tuscany) [V1],"OG Filename: ARABESQUE NoClick RikLiveMonMix A 20171206E
Jam of Arabesque including Act i, a full band version of Act ii, and the rock outro from Act iii.",5:55,,N/A,Not Publicly Available,Not Available,N/A
Everyday Life,Arabesque (Tuscany) [V2],"OG Filename: ARABESQUE WithClick RikLiveMonMix B 20171206E
More developed version of Act i.",4:42,,N/A,Not Publicly Available,Not Available,N/A
Everyday Life,Arabesque (Tuscany) [V3],"OG Filename: ARABESQUE Vox&PnoOnly RikLiveMonMix C 20171206E
More developed version of Act i played on piano.",3:40,,N/A,Not Publicly Available,Not Available,N/A
Everyday Life,Arabesque (Tuscany) [V4],"OG Filename: ARABESQUE RikLappyMonMix 20171212L
Instrumental of the Malibu recording.",7:26,,N/A,Not Publicly Available,Not Available,N/A
Everyday Life,Arabesque (Malibu),"OG Filename: ARABESQUE WS RikMonMix 20180202E
Almost fully developed mix featuring: an early Ballad of St. John, Act i with an extra chorus, Act ii with completely different lyrics and melody, and the rock outro from Act iii.",7:26,,N/A,Not Publicly Available,Not Available,N/A
Everyday Life,Arabesque (Loop Jam),"OG Filename: ARABESQUE Act3 WS Enc for radio FX 20180903C
Jam of the Arabesque guitar riff on loop.",,,N/A,Not Publicly Available,Not Available,N/A
Everyday Life,✨ Arabesque (2018),"OG Filename: ARABESQUE ELS Act 3 Guide COMP REF Timing X 20181016A
Combined mix of all 3 acts.",6:05,,"Feb 1, 2024",OG File,Lossless,Arabesque (2018)
Everyday Life,Arabesque (Ballad Of St. John),"OG Filename: ARABESQUE ELS ADD ballad of st john Act3 guide comp ref timing X 20181016A 
Included in the Robot sessions - seemingly identical to the mix above.",,,N/A,Not Publicly Available,Not Available,N/A
Everyday Life,Arabesque (Spike Ref),"OG Filename: ARABESQUE SPIKE REF 2
Rough mix of Act ii.",,,N/A,Not Publicly Available,Not Available,N/A
Everyday Life,Arabesque (Spike Ref) (Alt),"OG Filename: 05 ARABESQUE SPIKE REF 2 ALT LIM EW 20190325D
Rough mix of Act ii.",,,N/A,Not Publicly Available,Not Available,N/A
Everyday Life,Arabesque (August 2020),Alternate takes from a session folder.,,,N/A,Snippet,High Quality,Snippet
Everyday Life,Arabesque Act ii (???),"OG Filename: Arabesque Act2 HAM voc FX ref X 20200903F
Unknown what mix this is, or if it is related to Pt. 1.",,,N/A,Not Publicly Available,Not Available,N/A
Everyday Life,⭐ Arabesque Pt. 1,"OG Filename: ARABESQUE PT. 1 FL RikMonMix 20201008C
Revamped mix of Arabesque Act. iii from 2020 without the second half.",3:33,,"Apr 5, 2024",OG File,Lossless,Arabesque Pt. 1
Everyday Life,Ballad Of St. John [V1],"OG Filename: BALLAD OF ST JOHN MK comp ref X 20190208B
First half of Bani Adam - almost identical to the released version.",,,N/A,Not Publicly Available,Not Available,N/A
Everyday Life,Ballad Of St. John [V2],"OG Filename: BALLAD OF ST JOHN DCR comp ref WP 20190218A
Likely a better mix than the one above.",,,N/A,Not Publicly Available,Not Available,N/A
Everyday Life,Bani Adam (Spike Ref),"OG Filename: BANI ADAM EW ref X 20190322G
Likely a version with less production, as the recording is the same as the album.",,,N/A,Not Publicly Available,Not Available,N/A
Everyday Life,Biutyful (Spike Ref),"OG Filename: 09 BIUTYFUL SPIKE REF 2
Completely different instrumental - slower. Includes some alternate/extra lyrics.",3:55,,"Mar 12, 2024",OG File,Lossless,Biutyful
Everyday Life,"Break My Heart
(feat. ???)","Rough jam featuring an unknown female artist, likely the For Love Choir.",,,,Snippet,High Quality,Snippet
Everyday Life,Broken (Tuscany) [V1],"OG Filename: BROKEN RikLiveMonMix 20171206E
Long jam of Broken featuring multiple takes. Later comped into the 2019 Spike Ref.",14:11,,N/A,Not Publicly Available,Not Available,N/A
Everyday Life,Broken (Tuscany) [V2],"OG Filename: BROKEN RikLappyMonMix 20171207E
Rough demo of the song. Elements were also comped into the Spike Ref.",6:28,,N/A,Not Publicly Available,Not Available,N/A
Everyday Life,Broken (Tuscany) [V3],"OG Filename: BROKEN Inst RikLappyMonMix 20171207E
Instrumental of the mix above.",6:28,,N/A,Not Publicly Available,Not Available,N/A
Everyday Life,Broken (Tuscany) [V4],"OG Filename: BROKEN PumpOrgan&Celeste RikLiveMonMix 20171207B
Rough instrumental jam.",12:01,,N/A,Not Publicly Available,Not Available,N/A
Everyday Life,Broken (Malibu),"OG Filename: BROKEN WS RikMonMix JamTake4 X 20180201G
Long jam with better takes than the previous versions as well as the 2019 Spike Ref. It's unknown why the rough jams were chosen over this one.",7:26,,N/A,Not Publicly Available,Not Available,N/A
Everyday Life,Broken (2018),Latest known take of the song. Features clearer (seemingly finished) vocals.,,,N/A,Not Publicly Available,Not Available,N/A
Everyday Life,⭐ Broken (Spike Ref),"OG Filename: BROKEN SPIKE REF 1
Shares the name of a song on Everyday Life. Complied from rough jams recorded during the Tuscany sessions. Features Rik Simpson singing solo towards the end. Chris says it is a very good song.",4:35,,"Mar 12, 2024",OG File,Lossless,Broken
Everyday Life,Broken (2020),"OG Filename: BROKEN HAM edits ref X 20200824C
2020 mix of Broken, seemingly the same as the Spike ref.",,,N/A,Not Publicly Available,Not Available,N/A
Everyday Life,Brother Lorenzo [V1],"OG Filename: BROTHER LORENZO MonMix A 20171205O
Initial demo of the song. Almost 10 minute jam that ends with them discussing the name. They decided on Brother Lorenzo over My Friend Lorenzo.",9:47,,N/A,Not Publicly Available,Not Available,N/A
Everyday Life,Brother Lorenzo [V2],"OG Filename: BROTHER LORENZO MonMix B 20171205U
Short jam by Chris on piano.",1:43,,N/A,Not Publicly Available,Not Available,N/A
Everyday Life,Brother Lorenzo [V3],"OG Filename: BROTHER LORENZO MonMix C 20171205U
Short jam by Chris on piano.",2:40,,N/A,Not Publicly Available,Not Available,N/A
Everyday Life,Brother Lorenzo [V4],"OG Filename: BROTHER LORENZO RikLappyMonMix 20171208J
Much more finished version of the song. Full band involvement + more developed structure & lyrics.",6:24,,"May 31, 2024",Full,High Quality,Brother Lorenzo
Everyday Life,Champion of the World (Demo),"OG Filename: CHAMPION OF THE WORLD BH demo MonMix X 20181220D
Played mostly on acoustic guitar.",,,,Snippet,High Quality,Snippet
Everyday Life,Champion of the World (2019) [V1],"OG Filename: CHAMPION OF THE WORLD RS NewSesh4Bill 107bpm ref X 20190207T
Rough demo from 2019.",,,N/A,Not Publicly Available,Not Available,N/A
Everyday Life,Champion of the World (2019) [V2],"OG Filename: COTW PET RikMonMix X 20190313G
Likely a mix planned for Spike refs.",,,N/A,Not Publicly Available,Not Available,N/A
Everyday Life,Champion of the World (Spike Ref),"OG Filename: CHAMPION OF THE WORLD SPIKE REF 3
Rough mix of the album version.",4:21,,N/A,Not Publicly Available,Not Available,N/A
Everyday Life,Champion of the World (Rock Band ver.),Early mix found by compiling the song's Rock Band stems. Has an alternate intro and a different tempo.,4:20,,,Stem Bounce,CD Quality,Champion Of The World (Rock Band ver.)
Everyday Life,Church (Tuscany),"OG Filename: CHURCH LiveMonMix 20171208F
Long jam going through the process of creating the song. Has several parts not used in the released version. Uses percussion from Arabesque Act i.",34:45,,,Not Publicly Available,Not Available,N/A
Everyday Life,Church (Malibu),"OG Filename: CHURCH WS RikMonMix JamTake4 20180202D
Long jam mainly consisting of Chris singing over the drum beat that would later go on to be used for You're The One For Me. Also uses percussion from Arabesque Act i.",11:02,,N/A,Not Publicly Available,Not Available,N/A
Everyday Life,Church (???),Features a voice memo of Chris' Jerusalem tour guide singing.,,,N/A,Not Publicly Available,Not Available,N/A
Everyday Life,"Church (LA)
(feat. Stargate)","OG Filename: CHURCH LA V1Strings ref X 201901230D
Earlier demo, features more elements from the Tuscany jams.",4:54,,Today,Snippet,High Quality,Church (LA)
Everyday Life,Church (Spike Ref),"OG Filename: CHURCH SPIKE REF 4 LIM
Final 'The Lovers' mix of the song. Features a short second verse.",4:46,,"Mar 29, 2024",OG File,Lossless,Church
Everyday Life,Church (???),"OG Filename: CHURCH (A+F additional production) V1
Unknown mix. Listed among other demos in a screenshot.",,,N/A,Not Publicly Available,Not Available,N/A
Everyday Life,Cinnamon (With Drums),"OG Filename: CINNAMON WithDrums RikLiveMonMix A 20171206E
Seemingly a properly recorded version of Gone But Not F. Cotton. Version with drums. Part of the Tuscany Sessions.",16:56,,"Mar 29, 2025",Full,High Quality,Cinnamon
Everyday Life,Cinnamon (Without Drums),"OG Filename: CINNAMON NoDrums RikLiveMonMix A 20171206E
Version without drums. Features elements of Until The Water Flows Over. Part of the Tuscany Sessions.",14:19,,N/A,Not Publicly Available,Not Available,N/A
Everyday Life,Daddy (Demo),"OG Filename: DADDY WS crs FX, V1 voc ref X 20181001E
Demo from 2018, likely similar to the final mix. Produced by Stargate and has some percussion from the final version of the title track (Everyday Life).",,,N/A,Not Publicly Available,Not Available,N/A
Everyday Life,Daddy (Spike Ref),"OG Filename: DADDY SPIKE REF 1
Earlier mix of the one below, without WOTW/POTP.",,,N/A,Not Publicly Available,Not Available,N/A
Everyday Life,Daddy - WOTW/POTP (Spike Ref),"OG Filename: DADDY SPIKE REF 3 - WOTW EW WP 20190325F
Slightly extended and missing the final chorus, with WOTW/POTP as a bonus track.",,,N/A,Not Publicly Available,Not Available,N/A
Everyday Life,Dartmoor 1,Early version of Bani Adam without the poem.,,,N/A,Not Publicly Available,Not Available,N/A
Everyday Life,Dartmoor 2 / Everyday Life,"OG Filename: DARTMOOR 2 EVERYDAY LIFE BH MonMix X 20181220L
Early version of Everyday Story with Dartmoor (Bani Adam) as an intro.",,,N/A,Partial,Screen Recording,Dartmoor 2 / Everyday Life (Partial)
Everyday Life,DITD [V1],"OG Filename: DITD RikMonMix A 20171206E
Instrumental jam from the Tuscany Sessions. Rumoured to be called ""Dancing In The Dark"", though that title is likely false as it's allegedly unknown.",11:48,,N/A,Snippet,High Quality,Snippet
Everyday Life,DITD [V2],"OG Filename: DITD RikMonMix B 20171206E
Alternate jam.",7:34,,N/A,Not Publicly Available,Not Available,N/A
Everyday Life,DITD [V3],"OG Filename: DITD RikMonMix C 20171206E
Alternate jam.",10:47,,N/A,Not Publicly Available,Not Available,N/A
Everyday Life,Dreamin' On,"OG Filename: DREAMIN ON refmix X 20171206M
Rough demo of BrokEn from the Tuscany Sessions.",2:38,,"Mar 31, 2025",Full,High Quality,Dreamin' On
Everyday Life,Drunk (Whiskey And Wine),"OG Filename: DRUNK (WHISKEY AND WINE) WS ref X 20171030D
Earlier mix with rougher vocals.",,,"May 31, 2024",Partial,Screen Recording,Drunk
Everyday Life,Drunk (Tuscany),"OG Filename: DRUNK RikLappyMonMix 20171208J
Long jam from the Tuscany Sessions.",12:46,,N/A,Not Publicly Available,Not Available,N/A
Everyday Life,Èkó (Demo),Recorded by Chris as a rough demo.,,,N/A,Confirmed,Not Available,N/A
Everyday Life,Every Day Life (Tuscany) [V1],"OG Filename: EVERY DAY LIFE 99BPM RikLiveMonMix A 20171206E
Rough jam of Everyday Story. Part of the Tuscany Sessions.",6:07,,N/A,Not Publicly Available,Not Available,N/A
Everyday Life,Every Day Life (Tuscany) [V2],"OG Filename: EVERY DAY LIFE 100BPM RikLiveMonMix B 20171206E
Long jam of Everyday Story. Part of the Tuscany Sessions.",21:33,,"Mar 31, 2025",Full,High Quality,Every Day Life [V2]
Everyday Life,Everyday Life (Malibu) [V1],"OG Filename: EVERYDAY LIFE WS RikMonMix BandJam tk1 20180202I
Rough demo of Everyday Story.",7:21,,N/A,Not Publicly Available,Not Available,N/A
Everyday Life,Everyday Life (Malibu) [V2],"OG Filename: EVERYDAY LIFE WS RikMonMix BandJam tk2 20180202J
Rough demo of Everyday Story.",4:26,,N/A,Not Publicly Available,Not Available,N/A
Everyday Life,⭐ Everyday Life (Stargate),"OG Filename: EVERYDAY LIFE SG A+F V1 X 20190212L
Earlier mix of Everyday Story.",4:33,,"Mar 12, 2024",Full,High Quality,Everyday Life (Stargate)
Everyday Life,Everyday Life (Paris),"Likely similar to the released version, given that it's from the album's final record session.",,,N/A,Confirmed,Not Available,N/A
Everyday Life,Everyday Story (2020),"OG Filename: EVERYDAY STORY BK DGmonmix 20200821B
Revamped mix of Everyday Story from 2020 with new takes.",4:33,,N/A,Not Publicly Available,Not Available,N/A
Everyday Life,Everyday Life 2 (Demo),"OG Filename: EVERYDAY LIFE 2 EW blend CH+DCR ClrForSpike ref X 20190509C
Demo of the released version of Everyday Life.",,,N/A,Not Publicly Available,Not Available,N/A
Everyday Life,Famous Old Painters (Tuscany),"OG Filename: FAMOUS OLD PAINTERS NoVocOrPiano RikMonMix 20171210E
Long instrumental jam of Famous Old Painters.",14:04,,N/A,Not Publicly Available,Not Available,N/A
Everyday Life,Famous Old Painters (Malibu),"OG Filename: FAMOUS OLD PAINTERS WS RikMonMix JamTake5 20180203C
Rough demo of Famous Old Painters, closer to the 2020 version.",4:21,,N/A,Not Publicly Available,Not Available,N/A
Everyday Life,⭐ Famous Old Painters (2020),"OG Filename: FAMOUS OLD PAINTERS DGmonmix BK 20200821B
Completely revamped from the Viva La Vida version - though it features mostly the same lyrics and has some instruments interpolated. Likely related to LP12.",4:36,,"Apr 2, 2024",OG File,Lossless,Famous Old Painters
Everyday Life,Famous Old Painters (2020) (???),Unknown if this mix is later or earlier than the 2020 file.,,,N/A,Not Publicly Available,Not Available,N/A
Everyday Life,Flags (Demo),Much rougher vocals can be heard throughout the instrumental of Flags.,,,,Full,Manipulated,Flags (Demo)
Everyday Life,🗑️ Jordan,Rough demo from 2020. Seemingly only Chris is playing. Possibly recorded in Jordan due to the name.,,,,Snippet,High Quality,Snippet
Everyday Life,Let Somebody Go (Demo),Mentioned in an interview where it was stated the song didn't sound right without a feature.,,,N/A,Confirmed,Not Available,N/A
Everyday Life,"Love Is A Mighty River (Spike Ref 1)
(feat. Merry Clayton)","OG Filename: LOVE IS A MIGHTY RIVER SPIKE REF 1
Later given away to Merry Clayton.",2:42,,"Apr 2, 2024",OG File,Lossless,Love Is A Mighty River
Everyday Life,"Love Is A Mighty River (Spike Ref 3)
(feat. Merry Clayton)","OG Filename: LOVE IS A MIGHTY RIVER SPIKE REF 3
Likely the same as above.",,,N/A,Not Publicly Available,Not Available,N/A
Everyday Life,Love Is A Mighty River (2020),"OG Filename: LOVE IS A MIGHTY RIVER ASK WILL TO add intro HAM edits ref X 20200828D
Seemingly a new mix of Love is a Mighty River.",,,N/A,Not Publicly Available,Not Available,N/A
Everyday Life,Old Friends (Demo),"OG Filename: OLD FRIENDS PET RikMonMix X 20190314A
Earlier version of the mix below.",,,N/A,Not Publicly Available,Not Available,N/A
Everyday Life,⭐ Old Friends (Spike Ref),"OG Filename: OLD FRIENDS SPIKE REF 1
Longer version - extra verse and chorus.",3:30,,"Jun 17, 2024",OG File,Lossless,Old Friends
Everyday Life,Orphans (Early Demo),Recorded by Chris as a rough demo. This was the last song written and recorded for the mainline album.,,,N/A,Confirmed,Not Available,N/A
Everyday Life,Orphans (Spike Ref),"OG Filename: ORPHANS SPIKE REF 1
Final 'The Lovers' mix of the song.",,,N/A,Not Publicly Available,Not Available,N/A
Everyday Life,✨ Orphans (2019 Demo),"OG Filename: ORPHANS GH new voc + half intro ref X 20190616U
More acoustic version with a rougher vocal take and extra lyrics.",3:48,,"Mar 29, 2024",OG File,Lossless,Orphans
Everyday Life,Rescue Street,An acoustic guitar labelled 'Rescue St.' was seen in 2019.,,,N/A,Confirmed,Not Available,N/A
Everyday Life,Sail It Away [V1],"OG Filename: SAIL IT AWAY RikMonMix A 20171207C
Part of the Tuscany Sessions. Related to Wedding Bells.",11:00,,N/A,Not Publicly Available,Not Available,N/A
Everyday Life,Sail It Away [V2],"OG Filename: SAIL IT AWAY WC Drums RikMonMix B 20171207C
Part of the Tuscany Sessions. Related to Wedding Bells.",20:00,,N/A,Not Publicly Available,Not Available,N/A
Everyday Life,Sail It Away [V3],"OG Filename: SAIL IT AWAY RikLappyMonMix 20171207G
Part of the Tuscany Sessions. Related to Wedding Bells.",10:02,,N/A,Not Publicly Available,Not Available,N/A
Everyday Life,Shine A Light (2018),"BROKEN (SHINE A LIGHT) WS comp ref X 20180628D
Early version of BrokEn.",,,N/A,Not Publicly Available,Not Available,N/A
Everyday Life,Shine A Light (Spike Ref),"BROKEN (SHINE A LIGHT) WS comp ref WP 20190325A
Final 'The Lovers' mix of the song.",,,N/A,Not Publicly Available,Not Available,N/A
Everyday Life,Sine Spe Recuperandi,"Registered to ASCAP in early 2019. Translates to ""Without Hope Of Recovery"".",,,N/A,Confirmed,Not Available,N/A
Everyday Life,Strawberry Jam,"OG Filename: STRAWBERRY JAM RikLiveMonMix 20171206E
Instrumental jam from the Tuscany Sessions.",15:31,,N/A,Snippet,Medium Quality,"Snippet 1
Snippet 2"
Everyday Life,Sunrise (Demo 1),Played only on piano.,,,N/A,Confirmed,Not Available,N/A
Everyday Life,"Sunrise (Demo 2)
(feat. Davide Rossi)",Featured Davide Rossi adding harmonies to the first demo.,,,N/A,Confirmed,Not Available,N/A
Everyday Life,That Brother Is My Sister,Registered to ASCAP.,,,N/A,Confirmed,Not Available,N/A
Everyday Life,Tiramisu (Jam),Jam played on the AHFOD tour featuring an early version of Tiramisu.,,,N/A,Partial,Screen Recording,LINK NEEDED
Everyday Life,Tiramisu (Tuscany),"OG Filename: TIRAMISU jam RikMonMix 20171207E
Jam from the Tuscany Sessions.",8:32,,N/A,Snippet,Medium Quality,Snippet
Everyday Life,⭐ Treasure,"OG Filename: TREASURE A+F HAM new V3 vrs ref X 20200914H
Features the intro of Biutyful slightly pitched down with gunshots being sampled.",3:43,,"Jun 18, 2024",Full,High Quality,Treasure
Everyday Life,Trouble in Town (90BPM Jam),Mentioned by Chris in the jam below. Had a 'high part' from Jonny.,,,N/A,Not Publicly Available,Not Available,N/A
Everyday Life,Trouble in Town (Tuscany),"OG Filename: TROUBLE IN TOWN RikMonMix 20171207D
Long jam of the band creating the song from the ground up.",18:02,,N/A,Not Publicly Available,Not Available,N/A
Everyday Life,Trouble in Town (Malibu),"OG Filename: TROUBLE IN TOWN WS RikMonMix 20180203L
Similar instrumental to released with rough mumbling vocals on top.",5:00,,N/A,Not Publicly Available,Not Available,N/A
Everyday Life,Trouble in Town (Spike Ref 1),"OG Filename: TROUBLE IN TOWN SPIKE REF 1
Earlier mix.",,,N/A,Not Publicly Available,Not Available,N/A
Everyday Life,Trouble in Town (Spike Ref 4),"OG Filename: TROUBLE IN TOWN SPIKE REF 4
Final 'The Lovers' mix of the song, likely a rough mix of the album version.",,,N/A,Not Publicly Available,Not Available,N/A
Everyday Life,Until The Water Flows Over [V5-6?],"OG Filename: UNTIL THE WATER FLOWS OVER GH ref X 20200324G
Features Chris jamming on guitar, verses are taken from a jam called Cinnamon.",3:01,,,Full,Medium Quality,Until The Water Flows Over [V1]
Everyday Life,Until The Water Flows Over [V6-7?],"OG Filename: UNTIL THE WATER FLOWS OVER HAM vrs voc up ref X 20200910C
More developed version of the song. Same instrumental, but new vocals.",2:58,,,Full,Medium Quality,Until The Water Flows Over [V2]
Everyday Life,Us Against the World (Silver Bird) [V1],"OG Filename: UATW HAM ref for JM X 20200910A
Re-recorded version of the Mylo Xyloto song with new takes and an extended bridge with new lyrics. Likely exported as a reference for John Metcalfe.",4:58,,,Not Publicly Available,Not Available,N/A
Everyday Life,⭐ Us Against the World (Silver Bird) [V2],"OG Filename: UATW GR JM Strings edit X 20200920C
Alternate mix with much louder strings that drown out the vocals.",4:58,,"Mar 12, 2024",Full,High Quality,Us Against the World (Silver Bird) [V2]
Everyday Life,Wedding Bells (Tuscany) [V1],"OG Filename: WEDDING BELLS RikLappyMonMix TakeA 20171208H
Rough take of the song similar to the 2010 version. Comped into a fuller mix.",5:03,,N/A,Not Publicly Available,Not Available,N/A
Everyday Life,Wedding Bells (Tuscany) [V2],"OG Filename: WEDDING BELLS RikLappyMonMix TakeB 20171208H
Rough take of the song similar to the 2010 version. Comped into a fuller mix.",4:12,,N/A,Not Publicly Available,Not Available,N/A
Everyday Life,Wedding Bells (Tuscany) [V3],"OG Filename: WEDDING BELLS RikLappyMonMix TakeC WithODs 20171208H
Rough take of the song similar to the 2010 version. Comped into a fuller mix.",4:59,,N/A,Not Publicly Available,Not Available,N/A
Everyday Life,Wedding Bells (Tuscany Comp),"OG Filename: WEDDING BELLS TuscanyBandComp RikLappyMonMix 20171210A
More like the 2010 version. First half is Chris playing piano, then the full band comes in.",4:50,,N/A,Not Publicly Available,Not Available,N/A
Everyday Life,Wedding Bells (Malibu),"OG Filename: WEDDING BELLS WS RikMonMix JamTakeD X 20180201E
Closer to the leaked 2018 mix, but longer and without guitar.",5:38,,N/A,Not Publicly Available,Not Available,N/A
Everyday Life,⭐ Wedding Bells (2018),"OG Filename: WEDDING BELLS BH MonMix X 20181220E
Reworked. Features the intro of Everyday Life and has the original 2009 riff interpolated throughout.",4:13,,"Feb 26, 2024",Full,Medium Quality,Wedding Bells (2018)
Everyday Life,Wedding Bells (Spike Ref 1),"OG Filename: WEDDING BELLS SPIKE REF 1
Revamped mix with an alternate vocal take on the 'Sail It Away' Section.",,,N/A,Not Publicly Available,Not Available,N/A
Everyday Life,Wedding Bells (Spike Ref 4),"OG Filename: WEDDING BELLS SPIKE REF 4
Newer mix with original vocals (albeit better mixed) and an extended outro.",4:26,,"Apr 6, 2025",Full,High Quality,Wedding Bells (Spike Ref 4)
Everyday Life,Wedding Bells (Spike Ref 11),"OG Filename: WEDDING BELLS SPIKE REF 11
Part of a conceptual Alphabetica tracklist. Presumably the latest mix of Wedding Bells as of January 2022.",,,N/A,Not Publicly Available,Not Available,N/A
Everyday Life,⭐ Wedding Song (Spike Ref 1),"OG Filename: WEDDING SONG SPIKE REF 1
Written for Dakota Johnson.",3:19,,"Mar 12, 2024",Full,Medium Quality,Wedding Song (Spike Ref 1)
Everyday Life,Wedding Song (Spike Ref 4),"OG Filename: WEDDING SONG SPIKE REF 4
Revamped mix with new strings.",,,N/A,Not Publicly Available,Not Available,N/A
Everyday Life,Wedding Song (Spike Ref 7),"OG Filename: WEDDING SONG SPIKE REF 7
Part of a conceptual Alphabetica tracklist. Presumably the latest mix of Wedding Song as of January 2022.",,,N/A,Not Publicly Available,Not Available,N/A
Everyday Life,🏆 Weirdo (Tuscany),"OG Filename: WEIRDO RikMonMix 20171207F
30 minute jam, mostly instrumental. Features a long ambient outro that turned into the opening of Coloratura.",29:51,,N/A,Not Publicly Available,Not Available,N/A
Everyday Life,🏆 Weirdo (Malibu),"OG Filename: WEIRDO WS RikMonMix JamTake7 20180202C
More acoustic demo with earlier lyrics. Features a long ambient outro that turned into the opening of Coloratura.",6:10,,N/A,Snippet,High Quality,Snippet
Everyday Life,Weirdo (Jam),12 minute instrumental jam.,~12:00,,N/A,Not Publicly Available,Not Available,N/A
Everyday Life,⭐ Weirdo (Spike Ref),"OG Filename: WEIRDO SPIKE REF 2
Reworked from the MX sessions. Samples Home Is by Jacob Collier.",4:54,,"Jan 29, 2024",Full,Low Quality,Weirdo
Everyday Life,When I Need A Friend (Demo),"OG Filename: WINAF EW TimingRef X 20190320F
Likely very similar to the Spike Ref mix.",,,N/A,Not Publicly Available,Not Available,N/A
Everyday Life,✨ When I Need A Friend (Spike Ref),"OG Filename: WHEN I NEED A FRIEND SPIKE REF 2
Feautres extra piano and no outro. Chris sings an extra lyric.",2:21,,"May 31, 2024",OG File,Lossless,When I Need A Friend
Everyday Life,"✨ When I Need A Friend (Spike Ref, No Piano)","OG Filename: WHEN I NEED A FRIEND SPIKE REF 2 ALT NO PNO
Alternate version with no piano.",2:21,,N/A,Not Publicly Available,Not Available,N/A
Everyday Life,When I Need A Friend (New Intro),"OG Filename: WINAF DCR Multi PrepForMix new intro ref X 20190417B
Likely the same as the final mix.",,,N/A,Not Publicly Available,Not Available,N/A
Everyday Life,WOTW / POTP (Demo),"OG Filename: WOTW/POTP PET RikMonMix X 20190314A
Longer and missing the birds sample.",,,N/A,Not Publicly Available,Not Available,N/A
Everyday Life,WOTW / POTP (Finished Version),Finished during Everyday Life: Live In Jordan - The day the album came out.,,,"Nov 22, 2019",Full,High Quality,WOTW / POTP (Finished Version)
Everyday Life,✨ Young & In Love,"OG Filename: YOUNG & IN LOVE HAM voc comp ref X 20200901G
Re-recorded version of Lovers In Japan with completely new lyrics - uses the instrumental of the acoustic version played during Everyday Life promo shows.",3:18,,"Jun 18, 2024",Full,Medium Quality,Young And In Love
"7 OG File(s)
36 Full
0 Tagged
5 Partial
8 Snippet(s)
5 Unavailable",Music of the Spheres,,,,,,,
Music of the Spheres,"⭐ 2 Aliens
(feat. H.E.R.)","OG Filename: 2 ALIENS RF sample arr EON ref X 20210909D
Samples the chorus of Jupiter; 'love who you love'.",4:44,,"May 31, 2024",Full,Screen Recording,2 Aliens
Music of the Spheres,A Life In A Day,"OG Filename: A LIFE IN A DAY GH arr ref X 20200630L
Rough demo - mostly ambient instrumental.",3:25,,"Mar 12, 2024",Full,High Quality,A Life In A Day
Music of the Spheres,A Wave (Demo),"OG Filename: A WAVE (Jon Hopkins) GH edits ref X 20200528K
Around a minute longer than the released version. Has rough vocals but a mostly finished instrumental.",3:18,,"Mar 12, 2024",Full,High Quality,A Wave
Music of the Spheres,Aeterna (2021),"OG Filename: aeterna PUT GUY IN DROP STRAIGHTAWAY RF arr ref X 20211001A
Seemingly identical to the 2022 mix.",,,N/A,Not Publicly Available,Not Available,N/A
Music of the Spheres,Biutyful (Jam),Instrumental jam from a 2019 session folder.,,,N/A,Not Publicly Available,Not Available,N/A
Music of the Spheres,Biutyful (2020) [V1],"OG Filename: BIUTYFUL RAK GH V2 voc comp ref X 20200604J
Somewhere between the EL and final mixes in terms of production style.",,,N/A,Not Publicly Available,Not Available,N/A
Music of the Spheres,Biutyful (2020) [V2],"OG Filename: MOTS 08 BIUTYFUL ref 20201216H
Likely similar to the mix above. On an early tracklist for the album.",,,N/A,Not Publicly Available,Not Available,N/A
Music of the Spheres,Biutyful (Solo Version),Alternate solo version of Biutyful sung by Chris only. Features alternate lyrics.,,,N/A,Not Publicly Available,Not Available,N/A
Music of the Spheres,Biutyful (2021),Likely a rough version of the final mix.,,,N/A,Not Publicly Available,Not Available,N/A
Music of the Spheres,Blessed [V1],Seemingly the same as the other version but with different lyrics.,,,,Full,High Quality,Blessed [V1]
Music of the Spheres,✨ Blessed [V2],"OG Filename: MOTS 03 BLESSED ref 20201216H
Originally the first single and third track of an early MOTS.",3:06,,"Mar 29, 2024",OG File,Lossless,Blessed
Music of the Spheres,Callisto,Jam from a 2019 session folder. Potentially an early version of Coloratura.,,,N/A,Not Publicly Available,Not Available,N/A
Music of the Spheres,Centaurus,Jam from a 2019 session folder.,,,N/A,Not Publicly Available,Not Available,N/A
Music of the Spheres,🗑️ Color Of Your Eyes,Rough demo from around 2019. Rumoured to be 9 - 11 minutes long.,,,,Snippet,High Quality,Snippet
Music of the Spheres,✨ Coloratura (2020) [V1],"OG Filename: COLORATURA LA 65bpm new keys ref X 20200703G
Rougher demo with more Max Martin involvement - only 5 minutes long.",5:50,,"Mar 31, 2025",Full,High Quality,Coloratura (2020) [V1]
Music of the Spheres,Coloratura (2020) [V2],"OG Filename: COLORATURA LP Logic 66BPM RikMonMix X 20201005J
Full band version of the LA demo - in a lower key.",,,N/A,Not Publicly Available,Not Available,N/A
Music of the Spheres,Coloratura (Rough),"OG Filename: COLORATURA RikMix REF7 X 20210423C
Slightly rougher version of Coloratura, but almost identical to the final mix.",10:19,,N/A,Not Publicly Available,Not Available,N/A
Music of the Spheres,Conscious Pilot,"OG Filename: CONSIOUS PILOT refmix 20181121C
Instrumental demo written only by Jonny & Will.",5:41,,"Mar 12, 2024",Full,High Quality,Conscious Pilot
Music of the Spheres,Dallas Every Day,Song written to celebrate playing in Dallas.,3:54,,"May 7, 2022",Full,Recording,Dallas Every Day
Music of the Spheres,Day 'n' Nite (Jam),"OG Filename: Day n Nite
Rough jam of Chris on piano, singing, and later beatboxing.",,,N/A,Not Publicly Available,Not Available,N/A
Music of the Spheres,Day 'n' Nite (Rough),"OG Filename: DAY N NITE LA str edit ref X 20211213B
Rougher mix of the Kid Cudi cover.",,,N/A,Not Publicly Available,Not Available,N/A
Music of the Spheres,Daydream,"Classical sounding piano song, likely similar to Bani Adam.",,,,Snippet,High Quality,Snippet
Music of the Spheres,E-Space,Jam from a 2019 session folder.,,,N/A,Not Publicly Available,Not Available,N/A
Music of the Spheres,Epiphane [V1],Early version of My Universe without BTS. Rougher vox and instrumental.,3:16,,,Full,Screen Recording,Epiphane [V1]
Music of the Spheres,Epiphane [V2],Second demo with more production.,3:00,,"May 31, 2024",Full,Manipulated,Epiphane [V2]
Music of the Spheres,Epiphane [V3],"OG Filename: Epiphane Solo
Seemingly the final mix before BTS.",3:34,,,Full,High Quality,Epiphane [V3]
Music of the Spheres,Euphoria,Unreleased demo from 2020. Sounds similar to Just Kids.,,,N/A,Not Publicly Available,Not Available,N/A
Music of the Spheres,"Forever, Whatever [V1]","OG Filename: FOREVER WHATEVER PAR Ref X 2019071A
Rough jam from 2019, similar to the LA sessions.",,,N/A,Not Publicly Available,Not Available,N/A
Music of the Spheres,"Forever, Whatever [V2]",Same as above.,,,N/A,Not Publicly Available,Not Available,N/A
Music of the Spheres,"Forever, Whatever [V3]","OG Filename: FOREVER WHATEVER PAR perc + Dav 20190718B ref X 20190829D
Same as above.",,,N/A,Not Publicly Available,Not Available,N/A
Music of the Spheres,From Earth With Love (Demo),"OG Filename: FROM EARTH WITH LOVE RF 1DO 165bpm no drums ref X 202013DL
Instrumental demo from 2020 without drums.",,,N/A,Not Publicly Available,Not Available,N/A
Music of the Spheres,From Earth With Love (Early Mix),"OG Filename: FROM EARTH WITH LOVE LA CMedits ref X 2021104F
Early mix missing the pre-choruses and the rap bridge of the later demo. Uses elements from/that are present in the released version of Neon Forest.",3:09,,"Jul 6, 2025",Full,High Quality,From Earth With Love (Early Mix)
Music of the Spheres,✨ From Earth With Love,"OG Filename: FROM EARTH WITH LOVE RF EON ref X 20211129O
Subtitle of MOTS Vol i. Features acoustic guitar from Spanish Rain. A very short snippet was featured in the credits of Music Of The Spheres: Live At River Plate.",3:58,,"May 30, 2024",Full,Screen Recording,From Earth With Love
Music of the Spheres,"Good Feelings
(feat. The Chainsmokers)","OG Filename: GOOD FEELINGS CS GH adlibs ref X 20201117C
Rough demo from 2020 - Almost entirely different to the released version. Features electric piano lead rather than bass/synth.",3:22,,"Mar 10, 2024",Full,Medium Quality,Good Feelings
Music of the Spheres,Hello,Related to A Wave.,,,N/A,Not Publicly Available,Not Available,N/A
Music of the Spheres,Hi In A Thousand Different Languages,Jam from a 2019 session folder.,,,N/A,Not Publicly Available,Not Available,N/A
Music of the Spheres,Higher Power (Acoustic) (Rough),"OG Filename: HIGHER POWER ACOUSTIC FL RikMix REF2 X 20210526F
Earlier mix of Higher Power's acoustic version.",,,N/A,Not Publicly Available,Not Available,N/A
Music of the Spheres,Houston #2,Played in Houston 5 years after the first version was written.,,,N/A,Full,Recording,Houston #2
Music of the Spheres,"Human Heart / Fix You (SNL)
(feat. Jacob Collier)",Mashup of the 2 songs played live on SNL with the For Love Choir & Jacob Collier. A studio version is likely to exist.,,,,Full,Recording,Fix You (SNL) (Partial) New Link Needed
Music of the Spheres,Humankind (Jams),5 jams similar to the LA demo from a 2019 session folder.,,,N/A,Not Publicly Available,Not Available,N/A
Music of the Spheres,Humankind (LA Demo),"OG Filename: HUMANKIND LA demo ref X 20200129H 
Much rougher demo with a completely different melody and an extended outro, using the melody of Life Is Beautiful. Features an earlier version of MOTS i as an intro.",5:06,,N/A,Partial,Screen Recording,Snippet
Music of the Spheres,✨ Humankind (RAK Studios),"OG Filename: 11 HUMANKIND RAK GH choir arr ref X 2020703E
Earlier version of the song with alternate lyrics and an extended bridge, using the melody of Life Is Beautiful.",3:54,,N/A,Not Publicly Available,Not Available,N/A
Music of the Spheres,Humankind (2021),Likely a rough version of the final mix.,,,N/A,Not Publicly Available,Not Available,N/A
Music of the Spheres,Humankind (Rock Demo),Mentioned in an interview. Had more rock elements.,,,N/A,Confirmed,Not Available,N/A
Music of the Spheres,"Humankind (Live in Mexico City, Ref 4)","OG Filename: HUMANKIND Live4EarthPercent FL RikMix REF4 X 20220405E
Work-in-progress mix of Humankind's live version for EarthPercent.",5:34,,N/A,Not Publicly Available,Not Available,N/A
Music of the Spheres,"Humankind (Live in Mexico City, Ref 5)","OG Filename: HUMANKIND Live4EarthPercent FL RikMix REF5 X 20220406C
Ditto. Presumably more cleaned up than Ref 4.",5:33,,N/A,Not Publicly Available,Not Available,N/A
Music of the Spheres,Hyperspace,Jam from a 2019 session folder.,,,N/A,Not Publicly Available,Not Available,N/A
Music of the Spheres,Hypnosis,Jam from a 2019 session folder.,,,N/A,Not Publicly Available,Not Available,N/A
Music of the Spheres,I Am A Mountain,Confirmed to exist by sources (Admirice) and corroborated by Debs Wild. Likely the released voice memo demo.,,,N/A,Not Publicly Available,Not Available,N/A
Music of the Spheres,In Orbit (Jam),Jam from a 2019 session folder.,,,N/A,Not Publicly Available,Not Available,N/A
Music of the Spheres,In Orbit (2021),More developed version of the song. Described as space-themed and includes a transition into a bass driven section.,,,N/A,Not Publicly Available,Not Available,N/A
Music of the Spheres,Infinity,"Revamped version of One Sleep, but an early version of AETERNA. Unrelated to Infinity Sign.",,,"May 31, 2024",Snippet,Low Quality,Snippets
Music of the Spheres,Infinity Sign (Demo),Rougher mix than the final version.,,,,Snippet,High Quality,Snippet
Music of the Spheres,Infinity Sign (2020),"OG Filename: MOTS 10 INFINITY SIGN ref 20201216H
Rough mix of Infinity Sign with My Universe's whale outro at the start and Music of the Spheres i in a lower key at the end. Potentially transitions into Humankind.",,,N/A,Not Publicly Available,Not Available,N/A
Music of the Spheres,Infinity Sign (Unmixed),"OG Filename: Infinity Sign - 52721- 24bit
Same as released, but without the transition into Coloratura. From the ♾️ stems.",3:56,,"Jan 28, 2025",OG File,Lossless,Infinity Sign (Unmixed)
Music of the Spheres,Jupiter,"OG FIlename: JUPITER RF choir arr ref X 20210930D
2021 demo with a choir on the chorus.",,,N/A,Not Publicly Available,Not Available,N/A
Music of the Spheres,✨ Just Kids,Reuses the click drum from The Race (2021). A large portion has leaked.,,,"May 31, 2024",Partial,Screen Recording,Just Kids
Music of the Spheres,Let Somebody Go (Solo),"OG Filename: LET SOMEBODY GO MXM 20210417C
Identical to the released version but without Selena Gomez feature. Chris sings Selena's parts.",4:02,,"Mar 12, 2024",Full,Lossless,Let Somebody Go (Solo)
Music of the Spheres,Let Somebody Go (TINI Version),"Played live at River Plate. Features a verse in Spanish by TINI, replacing Selena Gomez.",3:50,,,Full,Recording,Let Somebody Go (TINI Version)
Music of the Spheres,"⭐ Lethal Drug
(feat. SZA & Avicii)","OG Filename: IXIXIX (LIALD) stems HAM voc comp ref X 20200914F
Newly exported mix from 2020. Better mix with SZA's vox from 2014.",3:47,,"Mar 16, 2022",OG File,Lossless,Lethal Drug
Music of the Spheres,Love in a Lethal Dose,Allegedly a re-recorded version of Lethal Drug with SZA.,,,N/A,Not Publicly Available,Not Available,N/A
Music of the Spheres,✨ Lives [V1],"OG Filename: LIVES RF new voc arr ref X 20220426C
EDM version of The Astronaut with different lyrics/production.",,,"May 31, 2024",Partial,Screen Recording,Lives [V1]
Music of the Spheres,Lives [V2],"OG Filename: LIVES Eb TreeA EON ref X 20220613J
Almost identical to the JIN ref aside from some small differences.",,,N/A,Not Publicly Available,Not Available,N/A
Music of the Spheres,Lives [V3],Same as V2.,,,N/A,Not Publicly Available,Not Available,N/A
Music of the Spheres,Lives [V4],"OG Filename: LIVES Eb LA CM news ref 20220623E
Same as V1, closest to the final mix.",,,N/A,Not Publicly Available,Not Available,N/A
Music of the Spheres,"Love Dogs / The Guest House
(Back To Life) (feat. Coleman Barks)",Jammed whilst Coleman Barks recited a poem. Previously soundchecked before this.,5:43,,,Full,Recording,Back To Life
Music of the Spheres,Macadamu,"A phrase said by Guy during a livestream, though it is unconfirmed to be a song. Might be a typo of ""Macadamia"".",,,N/A,Rumored,Not Available,N/A
Music of the Spheres,Miserere [V1],"OG Filename: MISERERE RF ref X 20201201G
Robots interlude from the song's sessions. Gregorian chant repeating 'Miserere'.",,,N/A,Not Publicly Available,Not Available,N/A
Music of the Spheres,Miserere [V2],"OG Filename: MISERERE RF ref X 20201201G + 2 semi
The same as V1 but pitched up 2 semitones.",,,N/A,Not Publicly Available,Not Available,N/A
Music of the Spheres,Music of the Spheres (Demo) [V1],"OG Filename: Music Of The Spheres F Maj RF New To Mastering WP 20210601B
Rough-ish mix of the released version, but unmixed. Found in MOTS i's stems.",0:58,,"Jan 28, 2025",OG File,Lossless,Music of the Spheres (Demo) [V1]
Music of the Spheres,Music of the Spheres (Demo) [V2],"OG Filename: Music Of The Spheres F Maj RF New To Mastering X 20210601C
Almost identical to the released version. Also unmixed. Found in MOTS i's stems.",0:58,,"Jan 28, 2025",OG File,Lossless,Music of the Spheres (Demo) [V2]
Music of the Spheres,Music of the Spheres (Humankind Version),"OG Filename: MUSIC OF THE SPHERES GH HUMANKIND version (D maj) 20200605B
Early version of MOTS i used as an intro to Humankind. In the key of D major.",1:06,,N/A,Not Publicly Available,Not Available,N/A
Music of the Spheres,Music of the Spheres (?),"OG Filename: MOTS_STITCH052302130_D361
Seemingly related to the 2023 Live at River Plate concert film/live album.",,,N/A,Not Publicly Available,Not Available,N/A
Music of the Spheres,⭐ My Heart,"OG Filename: MY HEART RF MXM edits ref x 20211118D
Early version of feelslikeimfallinginlove - also samples Funeral Singers by Sylvan Esso.",3:28,,"Jul 6, 2025",Full,High Quality,My Heart
Music of the Spheres,My Universe (2020) [V1],"OG Filename: MY UNIVERSE HAM2 CM edits ref X 20201019V
Possibly solo version without BTS.",,,N/A,Not Publicly Available,Not Available,N/A
Music of the Spheres,My Universe (2020) [V2],"OG Filename: MY UNIVERSE GH chop ref X 20201112F
Alt demo of the song.",,,N/A,Not Publicly Available,Not Available,N/A
Music of the Spheres,My Universe / Human Heart,"OG Filename: MY UNIVERSE GH chop with HUMAN HEART samples ref X 20201113E
Demo of My Universe with elements of Human Heart. Found in the song's stems.",,,N/A,Not Publicly Available,Not Available,N/A
Music of the Spheres,"My Universe (2021)
(feat. BTS)","OG Filename: MY UNIVERSE RF PH voc arr ref X 20210413B
Rap on the bridge is absent. Alternate vocal takes in some places.",4:09,,"Jul 20, 2021",Full,High Quality,My Universe (2021)
Music of the Spheres,Neon Trees,"OG Filename: neon trees neon trees forestCOMMERCIAL 1ali n Jan2021 Forest demo
4 minutes of the intro ambience to Neon Forest.",4:30,,,Snippet,Screen Recording,Snippet
Music of the Spheres,Open & Surrender,Song/mantra from the MOTS era - used on instruments/equipment.,,,N/A,Not Publicly Available,Not Available,N/A
Music of the Spheres,People Of The Pride (Jams),5 jams that sound similar to Work.,,,N/A,Not Publicly Available,Not Available,N/A
Music of the Spheres,People Of The Pride (Glamrock Demo),Mentioned in an interview. Sounded 'old-fashioned'.,,,N/A,Confirmed,Not Available,N/A
Music of the Spheres,People Of The Pride (HMR Mix),"OG Filename: PEOPLE OF THE PRIDE HMR 1.7
Rougher mix - Rawer vocals and instrumental.",,,,Snippet,High Quality,Snippets
Music of the Spheres,Quasimodo,Jam from a 2019 session folder.,,,N/A,Not Publicly Available,Not Available,N/A
Music of the Spheres,Robots [V1],"OG Filename: ROBOTS RF EON ref X 20211108G
Heavy rock song demo recorded by Chris & Bill Rahko.",,,N/A,Not Publicly Available,Not Available,N/A
Music of the Spheres,Robots [V2],"OG Filename: ROBOTS RF add MOTS ref X 20211109C
Instrumental demo of Robots with Miserere as an intro.",,,N/A,Not Publicly Available,Not Available,N/A
Music of the Spheres,Robot [V1],"OG Filename: ROBOT RF voc arr ref X 20211111G
Earlier and slightly shorter mix.",5:00,,N/A,Not Publicly Available,Not Available,N/A
Music of the Spheres,⭐ Robot [V2],"OG Filename: ROBOT CMNotes ref X 20211112C
Finished 2021 mix.",5:13,,"Mar 12, 2024",Full,Medium Quality,Robots
Music of the Spheres,🗑️ Royalty (LA Demo),"OG Filename: ROYALTY LA demo ref X 20200129D
Much rougher demo with a metronome.",3:39,,"Jul 6, 2025",Full,High Quality,Royalty (LA Demo)
Music of the Spheres,✨ Royalty,"OG Filename: ROYALTY GH rib voc arr ref X 20200702D
Allegedly the last mix of Royalty to be made. Features Angel Moon in the intro.",3:37,,"Mar 12, 2024",Full,High Quality,Royalty
Music of the Spheres,Snow (Falling On Christmas Day),"New Christmas song, likely written December 2021.",,,N/A,Not Publicly Available,Not Available,N/A
Music of the Spheres,S O L A O B S C U R A,Jam from a 2019 session folder.,,,N/A,Not Publicly Available,Not Available,N/A
Music of the Spheres,Space Rocket,Jam from a 2019 session folder.,,,N/A,Not Publicly Available,Not Available,N/A
Music of the Spheres,Space Station,Jam from a 2019 session folder.,,,N/A,Not Publicly Available,Not Available,N/A
Music of the Spheres,Sunrise (Stylized as 🌅),Played through tape on the Music Of The Spheres World Tour. Includes a speech by Louis Armstrong.,1:54,,,Full,Recording,Sunrise
Music of the Spheres,⭐ The Astronaut [V1],"OG Filename: THE ASTRONAUT HMR Mix 1.1x cm notes 20220714J
Coldplay's version of The Astronaut, recorded as a ref for JIN.",4:36,,"Apr 5, 2024",OG File,Lossless,The Astronaut
Music of the Spheres,The Astronaut [V2],"OG Filename: THE ASTRONAUT FOR JIN
Another variant of Coldplay's version of The Astronaut, recorded as a ref for JIN. In the same key as JIN's version.",,,,Confirmed,Not Available,The Astronaut [V2] [ [
Music of the Spheres,The Astronaut [V3],Edited version of the above mix with JIN's vocals added in.,,,,Snippet,Recording,The Astronaut [V2] [ [
Music of the Spheres,The Astronaut (SNL),Played live on SNL with the For Love Choir. A studio version is confirmed to exist.,4:29,,,Full,Recording,The Astronaut (SNL)
Music of the Spheres,The Astronaut (Tokyo Version),"Alternate version of the song, likely never meant to be released. Has different lyrics on the second verse - whether these were improvised or come from a demo is unknown.",5:14,,,Full,Recording,The Astronaut (Tokyo Version)
Music of the Spheres,The Ghost of New Beginnings,2018 jam from the same session as Conscious Pilot.,,,N/A,Not Publicly Available,Not Available,N/A
Music of the Spheres,The Jumbotron Song,"Improvised song played throughout the MOTSWT as a tribute to members of the audience, typically around 2 - 6 members per show.",5:01,,,Full,Recording,Jumbotron Example
Music of the Spheres,✨ The Lightclub,"OG Filename: THE LIGHTCLUB V15 ref X 20220210B
The first of four versions of a medley made for the MOTSWT. This version consists of: Infinity Sign (with elements of ETIAW), Something Just Like This, and a remix of Midnight with Lone's Blue Moon Tree.",6:04,,"Mar 12, 2024",Full,High Quality,The Lightclub
Music of the Spheres,The Only One (2020),"OG Filename: THE ONLY ONE RF arr ref X 20201123L
Rough demo from 2020.",3:13,,"Mar 12, 2024",Full,Medium Quality,The Only One (2020)
Music of the Spheres,The Only One (2021),"OG Filename: THE ONLY ONE add verse bass v1 1.4 RF Moses timing ref X 20210909A
Features a better overall mix and an extended bridge with Moses Martin.",3:16,,"May 31, 2024",Full,Screen Recording,The Only One (2021)
Music of the Spheres,"⭐ The Race (2020)
(Whatever It Takes)","Better mix than the previous versions with new vocal takes and a new beat on the bridge. This may be one of the below demos, but it is unknown which if so.",3:49,,,Full,High Quality,The Race (2020)
Music of the Spheres,The Race (2020) [V1],"OG Filename: The Race FL Rik Mix X 20200409C
First of three known 2020 demos of The Race.",,,,Not Publicly Available,Not Available,N/A
Music of the Spheres,The Race (2020) [V2],"OG Filename: THE RACE FL RikMix REF2 X 20200821C
Second of three known 2020 demos of The Race.",,,,Not Publicly Available,Not Available,N/A
Music of the Spheres,The Race (2020) [V3],"OG Filename: The Race FL REF 1 X 20201009B
Third of three known 2020 demos of The Race.",,,,Not Publicly Available,Not Available,N/A
Music of the Spheres,The Race (2021),"OG Filename: THE RACE 2021 RF PAR arr ref X 20210903H
Rough demo of a completely new take on the song. Features a new chorus & Chris harmonizing with himself. Features the clicker/percussion track from Just Kids.",4:30,,,Full,High Quality,The Race (2021)
Music of the Spheres,tsitneicS ehT,"OG Filename: REVERSE SCIENTIST BIT
Reversed version of The Scientist used as a transition on the Music of the Spheres World Tour.",0:57,,,Full,Recording,tsitneicS ehT
Music of the Spheres,UFO Pt. 2 (???),"Confirmed by Chris in March 2020, before the mix listed below. Unknown if this version had Marshmello. Potentially from the recording sessions in Jan 2020.",,,N/A,Confirmed,Not Available,N/A
Music of the Spheres,"UFO Pt. 2 (2020)
(prod. Marshmello & Take a Daytrip)","OG Filename: UFO Marshmello Daytrip RF half int talkbox ref X 20201204G 01
Rough demo, using the same name as the MX song.",3:24,,"Mar 12, 2024",OG File,Lossless,UFO Pt. 2 (2020)
Music of the Spheres,"⭐ UFO Pt. 2
(prod. Marshmello & Take a Daytrip)","OG Filename: UFO PT 2 REF NIGHTCALL VOX SOUND(Marshmello Daytrip) RF quick arr ref X 2021001A
Heavily revamped. The song still has elements of Marshmello and Daytrip's production but was done more by Coldplay's in-house producers.",3:32,,"May 31, 2024",Partial,Screen Recording,UFO Pt. 2 (2021)
Music of the Spheres,Weirdo (London Demo),"OG Filename: WEIRDO LDN demo ref X 20200129H
Much rougher demo with a metronome. Samples Jacob Collier's ""Home Is"" in the intro and outro.",5:12,,N/A,Full,Manipulated,Weirdo (London)
Music of the Spheres,✨ Weirdo [V1],"OG Filename: WEIRDO GH 108-111bpm map essentials ref X 20200625H
Ambient version with new lyrics. Main riff replaced by synths. Samples the Everyday Life version and uses the same Jacob Collier sample.",,,"May 31, 2024",Partial,Screen Recording,Weirdo [V1]
Music of the Spheres,Weirdo [V2],"OG Filename: WEIRDO essentials DGrefmix 20200707A
Newer mix with more production. Has a drum loop and a more established bassline.",,,N/A,Not Publicly Available,Not Available,N/A
Music of the Spheres,Work,"OG Filename: WORK LA demo ref X 20200129C
Early version of People Of The Pride, keeping some of the lyrics of its VLV counterpart. Recorded at The Rainforest in Malibu.",3:28,,"Jul 6, 2025",Full,High Quality,Work
Music of the Spheres,Yellow (Acoustic),Live version played during MOTS promo shows.,,,,Snippet,High Quality,Snippet
Music of the Spheres,Yellow Intro,"OG Filename: 2022 Tour Map YELLOW INTRO ref 20220131
Reprise of Wedding Bells played before Yellow on the MOTSWT. Uses a bassline from the intro to Neon Forest.",,,"May 31, 2024",Full,Screen Recording,Intro To Yellow
"4 OG File(s)
12 Full
0 Tagged
6 Partial
16 Snippet(s)
25 Unavailable","Music of the Spheres, Vol. 2:",,,,,,,
Moon Music,"2 Aliens
(feat. H.E.R.)",A snippet of its chorus (w/o lead vocals) is played at the end of JUPiTER.,,,N/A,Snippet,High Quality,Snippet
Moon Music,A Dream Of Me And You,Written in Chris' Moon Music Notebook. Dakota Johnson came up with the title.,,,N/A,Confirmed,Not Available,N/A
Moon Music,A Moon Song (I Am A Mountain),Early version of iAAM whose lyrics can be seen in Chris' Moon Music Notebook.,,,N/A,Confirmed,Not Available,N/A
Moon Music,Aeterna (Demo),"OG Filename: AETERNA new voc ref X 20220824C
Longer than the released version. Rougher instrumental and extra lyrics.",4:36,,"Mar 12, 2024",OG File,Lossless,Aeterna (Demo)
Moon Music,Aeterna (MOTSWT Version),"Played through tape during The Lightclub section of the MOTSWT. Shortened, pitched up (only at some shows), and features an additional sample.",,,,Full,Recording,"Aeterna (MOTSWT Version, pitched up)"
Moon Music,Aeterna ii - Prelude (Stylized as 🌘🌗🌖🌕),Potentially related to Angelsong due to a circulating snippet - though this could be a misunderstanding.,,,,Conflicting Sources,High Quality,Potential Snippet
Moon Music,🏆 Aiko,"Played through a speaker by Chris posing as an alien, while recording a music video for the song. Originally from the MX era.",,,,Partial,Recording,Aiko
Moon Music,A Wave,"OG Filename: A WAVE Jon Hopkins RF new voc ref X 20220201E
Presumably the version played on tour. Unknown if it has any differences to the version released on Moon Music's Full Moon edition (except for being unmixed).",,,N/A,Not Publicly Available,Not Available,N/A
Moon Music,🌈 (Pre-Final Mix),Near-final version of Alien Hits/Alien Radio leaked shortly before Moon Music's release. Identical to the final version except for slightly different mixing and the TKK sample playing sooner.,6:09,,,Full,CD Quality,🌈 (Pre-Final Mix)
Moon Music,"🌈 (Instrumental)
(Neon Forest)","OG Filename: NEON FOREST (w new bits) 20240613 MI inst v3 mastered 24b 48k
The instrumental for Alien Hits/Alien Radio only features the first half of the song and has one of its samples at a lower volume than the final version of the song.",3:08,,"Jan 28, 2025",Inst Only,Lossless,🌈 (Instrumental)
Moon Music,All My Friends Are Aliens,"OG Filename: ALL MY FRIENDS ARE ALIENS RF ref clip 20220107B
Rough jam with Chris talking to the rest of the band throughout.",,,"May 31, 2024",Snippet,Screen Recording,All My Friends Are Aliens
Moon Music,All My Friends Are Aliens (A Moon Song),"OG Filename: ALL MY FRIENDS ARE ALIENS (A MOON SONG) JAM AMS SC #4 amb jam1 2 with voc 20230719
Can be seen in Chris' Moon Music notebook.",,,N/A,Confirmed,Not Available,N/A
Moon Music,All My Love (Demo),Rougher version with drums much earlier than the released version. Samples Church's strings.,,,,Snippet,Screen Recording,Snippet
Moon Music,Angelsong (Demo),"Instrumental is missing the drums, acoustic guitar, and bass present in the final. Vocals are the same. Potentially the version of the song shown in Seattle in 2023.",,,,Snippet,High Quality,Snippet
Moon Music,Angels Listen,Rough demo with a quirky instrumental from 2022.,,,,Snippet,High Quality,Snippet
Moon Music,Arabesque (Elyanna Version),Played live once. Features an alternate verse sung in Arabic by Elyanna.,,,,Full,Recording,Arabesque (Elyanna Version)
Moon Music,Centuries,Written in Chris' Moon Music Notebook. 8 minute jam with Nile Rodgers.,,,N/A,Not Publicly Available,Not Available,N/A
Moon Music,Colores,"OG Filename: COLORES RF demo ref X 20220107E
Rough demo played mostly on acoustic guitar and sung partly in Spanish. The name comes from the Spanish word for 'colours'.",,,,Snippet,High Quality,Snippet
Moon Music,⭐ Earthling [V1],"OG Filename: EARTHLING ref to Dan X 20221207D
Piano ballad with Chris pitched up to imitate an alien.",3:59,,"Mar 12, 2024",Full,High Quality,Earthling
Moon Music,Earthling [V2],Alternate version of the song without Chris pitched up.,,,N/A,Not Publicly Available,Not Available,N/A
Moon Music,Elodie (Demo),Instrumental piano demo. Later turned into MOON MUSiC.,,,N/A,Not Publicly Available,Not Available,N/A
Moon Music,Feels Like I'm Falling In Love (Demo),Early lyrics mentioning Cupid can be seen in Chris' Moon Music Notebook. Angel Moon is featured more prominently.,,,N/A,Not Publicly Available,Not Available,N/A
Moon Music,feelslikeimfallinginlove (Jam),"OG Filename: feelslikeimfallinginlove soundcheck AMS SC #4 amb jams 2 20230719 jam
Can be seen in Chris' Moon Music notebook. Part of a soundcheck during an MOTS tour show in Amsterdam.",,,N/A,Confirmed,Not Available,N/A
Moon Music,FRNDZ / Friendz,Demo of Man in The Moon with different lyrics.,,,N/A,Not Publicly Available,Not Available,N/A
Moon Music,From Earth With Love (2022),"OG Filename: FROM EARTH WITH LOVE 2022 CHA FR gtrs ref X 20220719E
Guitar jam from 2022 - new version of Spanish Rain.",,,,Partial,Screen Recording,Partial
Moon Music,Good Feelings (2022),"OG Filename: GOOD FEELINGS RAK NP X 20221209C
Similar to the 2020 demo, but with improved mixing and some new lyrics.",,,"Oct 2, 2025",Snippet,Tagged,Snippet
Moon Music,✨ Good Feelings (2023),"OG Filename: GOOD FEELINGS LDN beach dbls ref X 20230903C
Demo of the final version of the song without Ayra Starr (instead sung by Chris pitched up).",3:36,,,Partial,Screen Recording,"Partial
Snippet"
Moon Music,GOOD FEELiNGS (Elyanna Version),"Played live on the MOTSWT in 2025. Features an alternate verse sung in Arabic by Elyanna, who also provides backing vocals throughout. This version also doesn't include Angel Moon.",,,"Jan 8, 2025",Full,Recording,GOOD FEELiNGS (Elyanna Version)
Moon Music,"Jupiter (EDM Version)
(feat. Camila Cabello)",Rougher version with EDM elements. Features Camila Cabello singing backing vocals.,,,,Snippet,High Quality,Snippets
Moon Music,Jupiter (Jam),"OG Filename: JUPITER Gothenburg #4 SC jams ref 20230713
Can be seen in Chris' Moon Music Notebook. Over 30 minutes long.",30:00+,,N/A,Confirmed,Not Available,N/A
Moon Music,Jupiter (2023) [V1],"OG Filename: JUPITER RikIbizaSesh RikComp FL MonMix WP 20230819N
Demo from 2023. This version is half an octave down (C Major) and includes crowd samples.",3:24,,"Mar 31, 2025",OG File,Lossless,Jupiter (2023) [V1]
Moon Music,Jupiter (2023) [V2],"OG Filename: JUPITER RikIbizaSesh RikComp FL MonMix WP tweaks 20230824D
Features more production and better mixing than the previous version.",3:24,,"Mar 31, 2025",OG File,Lossless,Jupiter (2023) [V2]
Moon Music,Jupiter (Pre-Final Mix),Near-final version of Jupiter leaked shortly before Moon Music's release. Identical to the final version except for lacking an extra melody over the last post-chorus.,4:00,,,Full,CD Quality,Jupiter (Pre-Final Mix)
Moon Music,Live at River Plate (Audio Mixes),"OG Filename: BUENOSAIRESFLR620230221 (and many more)
Multiple project files for Live at River Plate's audio mixes exist with dates ranging from January to March 2023 (prior to the River Plate film's April 2023 release).",,,N/A,Confirmed,Not Available,N/A
Moon Music,Luminous,Seen on an early Moon Music tracklist. Related to Jupiter.,,,N/A,Confirmed,Not Available,N/A
Moon Music,Luna,Written on a whiteboard in 2024.,,,N/A,Not Publicly Available,Not Available,N/A
Moon Music,Man in The Moon (Demo),A snippet of an alternate version of Man in The Moon is featured on the visit_singapore Instagram page. Features a different instrumental than the released version.,,,N/A,Snippet,Recording,Snippet
Moon Music,m.u.s.i.c.,"A small snippet is featured on ALiEN HiTS / ALiEN RADiO. Allegedly 80s / synthpop-esque, in the vein of Dua Lipa",~4:00,,N/A,Confirmed,Not Available,N/A
Moon Music,Miserere,"Written on a whiteboard in 2023. A Gregorian chant of the word ""miserere"".",,,N/A,Not Publicly Available,Not Available,N/A
Moon Music,MOON MUSiiC / MOON MUSiC 2,"Written in Moon Music's Notebook on an early tracklist. Early version of Alien Hits / Alien Radio. One version is comprised of: 🌈, AETERNA & NEON FOREST.",,,N/A,Confirmed,Not Available,N/A
Moon Music,MOON MUSiiiC / MOON MUSiC 3,Written in Moon Music's Notebook on an early tracklist. Every version of the song seems to be a renamed Earthling.,,,N/A,Confirmed,Not Available,N/A
Moon Music,Moon Song i,Written in Moon Music's Notebook on an early tracklist.,,,N/A,Confirmed,Not Available,N/A
Moon Music,Neon Forest,"OG Filename: NEON FOREST RF edits ref 20230127D
Full version of the song.",,,"May 31, 2024",Snippet,Screen Recording,Snippet
Moon Music,Neon Moon,Part of an early Alien Hits / Alien Radio. Written in Chris' Moon Music Notebook.,,,N/A,Confirmed,Not Available,N/A
Moon Music,Neon Rainbow,Part of an early Alien Hits / Alien Radio. Written in Chris' Moon Music Notebook.,,,N/A,Confirmed,Not Available,N/A
Moon Music,"Old Age
(feat. Dick Van Dyke)",Improvised song made by Chris during the filming of ALL MY LOVE's music video.,,,"Dec 6, 2024",Full,Recording,Old Age
Moon Music,ONE IN A MILLION,Written in Chris' Moon Music Notebook.,,,N/A,Confirmed,Not Available,N/A
Moon Music,One Nation,Potentially related to One World. Features a Maya Angelou speech. At one point stylized as both 🌈 and 🌘🌗🌖🌕,,,N/A,Not Publicly Available,Not Available,N/A
Moon Music,One World (Demo),Played live during the MOTSWT. The second half is only strings. A studio recording was made the night before its live debut.,,,,Full,Recording,"Full Live Recording
Studio Snippet"
Moon Music,Opus 5,Snippet featured in Alien Hits / Alien Radio. Features classical Japanese guitar from Kaori Muraji.,,,N/A,Confirmed,Not Available,N/A
Moon Music,🗑️ Orange,Played live once in 2024 as a tribute to Luton Town FC. The melody was reused for the hidden track on ONE WORLD.,,,,Full,Recording,Orange
Moon Music,Robot,"OG Filename: ROBOT TreeA structure ref X 20220614A
Shortened version of the 2021 demos with the first verse being autotuned.",,,N/A,Confirmed,Not Available,N/A
Moon Music,Snowfall Somewhere Warm,Written in Chris' Moon Music Notebook. Potentially related to Snow (falling on Christmas day) or global warming (the concept),,,,Confirmed,Not Available,N/A
Moon Music,SPRAYLiENS,"Written in Chris' Moon Music Notebook - confirmed to be part of an early ALiEN HiTS / ALiEN RADiO with Neon Forest. Next to it are the words: 'The Blob He Sprays'. Possibly connected to Mylo Xyloto, given the themes of graffiti/spraypaint.",,,N/A,Confirmed,Not Available,N/A
Moon Music,Sunshine (Jam),Features Hal Walker (?) playing Low Key Gliding similarly to how it is sampled on Sunshine.,,,,Snippet,Low Quality,Snippet
Moon Music,"SUNSHiNE (Stylized as ☀️)
(feat. Hal Walker)",A snippet with Angel Moon is included on ALiEN HiTS / ALiEN RADiO. Samples Hal Walker's Low Key Gliding - re-recorded by Walker himself.,,,,Snippet,High Quality,Snippet
Moon Music,The Lightclub 2024 (Stylized as 🪩),"Medley made for the MOTSWT in 2024. It consists of Infinity Sign (with elements of ETIAW), Something Just Like This, and a remix of the latter using Martin Garrix's Breakaway.",,,,Full,Recording,The Lightclub 2024
Moon Music,⭐ The Only One,"OG Filename: THE ONLY ONE RF new C3A voc ref X 20230418C
Better mix than the previous versions, also features new lyrics towards the end. Features Moses Martin on a revamped bridge.",2:44,,"Apr 14, 2024",OG File,Lossless,The Only One
Moon Music,🗑️ The Only One (Alternate Mix),"OG Filename: THE ONLY ONE AMS temp voc ref X 20230418A
Remix of The Only One with odd mixing. The vocals are pitched down while the instrumental is pitched up.",2:11,,"May 17, 2024",Partial,Screen Recording,The Only One (Alternate Mix)
Moon Music,The Only One (A Moon Song),Written in Chris' Moon Music Notebook. Shorter lyrics than previous versions and the pre-choruses are swapped.,,,N/A,Confirmed,Not Available,N/A
Moon Music,The Race,"Confirmed in a Q&A that it was in contention to be on Moon Music. Ultimately, the song never made it past the final drafts stage for the tracklist.",,,N/A,Confirmed,Not Available,N/A
Moon Music,Trillionaire,"Mentioned in an interview. Considered a 'silly song' by Chris about ""feeling like a trillionaire"" when you're with someone and is likely to never release.",,,N/A,Confirmed,Not Available,N/A
Moon Music,UFO Pt. 2,Written on a whiteboard in 2023.,,,N/A,Confirmed,Not Available,N/A
Moon Music,Unknown,Instrumental ambient piece that Chris wrote. Mentioned in an interview where Chris described it as 'calm like a fountain'.,,,N/A,Confirmed,Not Available,N/A
Moon Music,Unknown,"A 2025 soundcheck song seemingly had the lyrics ""in a world without you"".",,,"Apr 14, 2025",Partial,Recording,World Without You (2025)
Moon Music,Unknown,Unknown song played during soundcheck in 2025. Falsely rumoured to be m.u.s.i.c. (Debunked by Guy during Car Kid's 2025 interview),,,,Partial,Recording,LINK NEEDED
Moon Music,WE PRAY (Prog Rock Demo),Mentioned in an interview. Likely created before any features were added.,,,N/A,Confirmed,Not Available,N/A
Moon Music,WE PRAY (Demo),"Features Little Simz, Burna Boy and another unknown artist. Lyrics are completely different and some can be seen in the Notebook. Elements of the demo were included in the TWICE release.",,,,Snippet,High Quality,Snippet
Moon Music,WE PRAY (And So We Pray Version),Alternate version of We Pray with a one-minute preview on YouTube that sounds identical to the single version. Never released despite being previewed.,,,"Aug 28, 2024",Snippet,High Quality,Snippet
Moon Music,WE PRAY (Elyanna Alt. Mix),Has louder Elyanna backing vocals and features an additional lyric from TINI on the final chorus.,,,,Snippet,High Quality,LINK NEEDED
Moon Music,🗑️ WE PRAY (QVC Version),Shortened. Features a new verse sung by an African choir.,,,,Full,Recording,WE PRAY (QVC Version)
Moon Music,✨ Weekday,Written on a whiteboard in 2023. Rough demo with a trap beat.,,,,Snippet,High Quality,Snippet
Moon Music,Weirdo (2023),Original Everyday Life instrumental. Worked on in 2023.,,,N/A,Not Publicly Available,Not Available,N/A
Moon Music,✨ You're The One For Me,"OG Filename: YOU'RE THE ONE FOR ME RF demo ref X 20220107B
Rough demo of Chris jamming on guitar. Samples an early version of Church (Tuscany).",,,"Mar 31, 2025",Full,High Quality,You're The One For Me
!,10/5/2025 Wronguy Escapes the shadow realm,He wandered around for a bit before exiting the planets asthposhere on 5/15/2026,,,,,,
"0 OG File(s)
0 Full
0 Tagged
0 Partial
0 Snippet(s)
2 Unavailable","Music Of The Spheres, Vol. 3",,,,,,,
Musical,End of Time,"A phrase written by Chris in a note to a fan. Likely a tease of a song/EP/album title given it being written in quotes next to the year 2027, although its meaning is unconfirmed.",,,N/A,Upcoming,Not Available,N/A
Musical,Robot,Rumoured to be reworked for this era.,,,N/A,Rumored,Not Available,N/A
Musical,Teardrops,"Chris played a piano melody in a 2025 charity gig, with the printed setlist naming it Teardrops. Chris also stated that he had played new songs to Guy, meaning this could potentially be one of them.",,,N/A,Upcoming,Not Available,N/A
Musical,UFO Pt. 2,Rumoured to be reworked for this era.,,,N/A,Rumored,Not Available,N/A
Musical,Weirdo,"Confirmed by Chris and Phil to be on LP11, though this may have changed since.",,,N/A,Upcoming,Not Available,N/A
"0 OG File(s)
0 Full
0 Tagged
0 Partial
0 Snippet(s)
3 Unavailable",Coldplay (LP12),,,,,,,
Coldplay,Famous Old Painters,Rumoured to be reworked for this era.,,,N/A,Rumored,Not Available,N/A
Coldplay,Silver Bird (Us Against The World Pt. 2),Rumoured to be reworked for this era.,,,N/A,Rumored,Not Available,N/A
Coldplay,Wedding Bells,Rumoured to be reworked for this era.,,,N/A,Rumored,Not Available,N/A
"0 OG File(s)
0 Full
0 Tagged
0 Partial
0 Snippet(s)
1 Unavailable",Unknown Era,,,,,,,
Parachutes anniversary,?? Annverisary edition,COULD Possibly happen. Due to alphabetica might not being possible. Due to the amount of demos & Unreleased material. Similar to what linkin park does with their anniversary editions. Coldplay could and most likely do the same with the amount on unrelease content seen. What may be included would be 1998-2000 Being. The cancelled Blueroom album & including other throwaway demos not included in parachutes. Alongside demos from The Parachutes album itself.,,,N/A,Rumored,Not Available,
AROBTTH Anniversary,?? Annverisary edition,COULD Possibly happen. Due to alphabetica might not being possible. Due to the amount of demos & Unreleased material. Similar to what linkin park does with their anniversary editions. Coldplay could and most likely do the same with the amount on unrelease content seen. What may be included would be 2000-2001 demos & what not. Being demos & Other throwaway tracks.,,,N/A,Rumored,Not Available,
X&Y Anniversary,?? Annverisary edition,"COULD Possibly happen. Due to alphabetica might not being possible. Due to the amount of demos & Unreleased material. Similar to what linkin park does with their anniversary editions. Coldplay could and most likely do the same with the amount on unrelease content seen. What may be included would be 2003-2005, Including content from Zero Theory, & what formed into the final X&Y, Alongside a potentional Live DVD Release of ""How We See The World Part 1""",,,N/A,Rumored,Not Available,
Viva Anniversary,?? Annverisary edition,"COULD Possibly happen. Due to alphabetica might not being possible. Due to the amount of demos & Unreleased material. Similar to what linkin park does with their anniversary editions. Coldplay could and most likely do the same with the amount on unrelease content seen. What may be included would be. Content from early LP4 (P.K.A Leftrightleftrightleft) Demo's Outtakes throwaway demos. What is less likely to happen is the release of Barcelona 2009 Also known as ""How We See The World Part 2""",,,N/A,Rumored,Not Available,
Unknown Era,Blues Jam Session (Improvised),Registered to ASCAP.,,,N/A,Confirmed,Not Available,N/A
Unknown Era,Brilliant,Registered to ASCAP.,,,N/A,Confirmed,Not Available,N/A
Unknown Era,Charlie Brown Thanksgiving,Registered to ASCAP. Brian Eno is listed as a writer.,,,N/A,Confirmed,Not Available,N/A
Unknown Era,Could It Be,"Registered to ASCAP. Interestingly, Chris Martin is listed as a performer but not a writer.",,,N/A,Confirmed,Not Available,N/A
Unknown Era,Daisy The Pajama Monster,Registered to eCO.,,,N/A,Confirmed,Not Available,N/A
Unknown Era,Don't Go,"Registered to ASCAP. Interestingly, Chris Martin is not listed as a writer.",,,N/A,Confirmed,Not Available,N/A
Unknown Era,I Tried,Registered to ASCAP.,,,N/A,Confirmed,Not Available,N/A
Unknown Era,If Your Monster Wears Pajamas,Registered to eCO.,,,N/A,Confirmed,Not Available,N/A
Unknown Era,Need U Bad,Registered to ASCAP.,,,N/A,Confirmed,Not Available,N/A
Unknown Era,Never Lost,Registered to a song registry.,,,N/A,Confirmed,Not Available,N/A
Unknown Era,Nipper The Pajama Monster,Registered to eCO.,,,N/A,Confirmed,Not Available,N/A
Unknown Era,Radio Dial / Waltz in B Minor,Registered to ASCAP. Potentially related to Kaleidoscope and/or Ballad of St. John.,,,N/A,Confirmed,Not Available,N/A
Unknown Era,Shooting Star,Registered to a song registry.,,,N/A,Confirmed,Not Available,N/A
Unknown Era,Stinky and Friends to the Rescue,Registered to eCO.,,,N/A,Confirmed,Not Available,N/A
Unknown Era,Tasty,Registered to ASCAP. Features Brian Eno and Rael Jones. Likely related to the AHFOD documentary as Rael Jones was the composer of a few tracks for it.,,,N/A,Confirmed,Not Available,N/A
Unknown Era,Unknown,Mentioned by Chris during the Tuscany sessions - likely from the Wedding Album era. The verses from the song were later used in Until The Water Flows Over 2020.,,,N/A,Confirmed,Not Available,N/A
Unknown Era,Un-named Studio Piano,Registered to ASCAP.,,,N/A,Confirmed,Not Available,N/A
Unknown Era,Vincent The Pajama Monster,Registered to eCO.,,,N/A,Confirmed,Not Available,N/A
