Era,Name,Notes,Length,Release Date,Type,Streaming,Link(s)
"0 on Streaming
4 not on Streaming","Cru' In Action!
(Collaboration with Sir Jinx and K-Dee as C.I.A)
(Stereo Crew)","(06/15/1969) (Ice Cube is born)
(??/??/1986) (Ice Cube forms C.I.A with Sir Jinx and K-Dee)
(??/??/1987) (C.I.A disbands and Ice Cube joins N.W.A)",,,Other,"The Cru' In Action (C.I.A) was the first rap group Ice Cube was a part of with Sir Jinx and K-Dee with their earlier name being Stereo Crew, it was changed after they got signed to Kru Cut Records, after their song ""She's A Skag"" got poor sales and Epic Records dropped them. C.I.A's only release would be ""My Posse"", produced by Dr. Dre, in 1987. They would disband later and Ice Cube would get into a group called the Niggaz Wit Attitudes (N.W.A)",
Cru' In Action!,"She's a Skag
(prod. Dr. Dre & Lonzo)","A single released when the name was ""Stereo Crew"".",6:37,1986,Other,No,https://www.youtube.com/watch?v=PyKGuvSw3XE
Cru' In Action!,"My Posse
(prod. Dr. Dre)","Track 1 on the single ""The Posse"". Samples ""The New Style"" and ""Paul Revere"" by Beastie Boys.",5:24,1986,Other,No,https://www.youtube.com/watch?v=cpJ1po6i2io
Cru' In Action!,"Jus 4 The Cash$
(prod. Dr. Dre)","Track 2 on the single ""The Posse"".",4:30,1986,Other,No,https://www.youtube.com/watch?v=ru-wbY2gO_8
Cru' In Action!,"Ill-Legal
(prod. Dr. Dre)","Track 3 on the single ""The Posse"". Samples ""L.A. Is the Place"" by Eazy-E & Ron-De-Vu and ""Take Me to the Mardi Gras"" by Bob James"".",4:55,1986,Other,No,https://www.youtube.com/watch?v=tFF-w1_5vg4
"5 on Streaming
1 not on Streaming",N.W.A and the Posse,"(??/??/1987) (C.I.A disbands and Ice Cube joins N.W.A)
(11/06/1987) (N.W.A and the Posse releases)",,,Other,"""N.W.A and the Posse"" would be the group's debut, but unauthorized, album, which was a compilation of songs from other artists in the group such as Eazy-E's ""Boyz-n-da-Hood"", ""Dunk the Funk"" by Fila Fish Crew and singles like ""Panic Zone"" featuring Krazy-Dee. It was released on November 6, 1987 by Macola Records, by collecting songs from N.W.A's EP titled ""N.W.A"".",
N.W.A and the Posse,"Eazy-E - Boyz-n-the-Hood
(prod. Dr. Dre)","Released as a single on March 3, 1987. Track 1 on ""N.W.A and the Posse"". Ghostwritten by Ice Cube. Samples ""I'm a Ho"" by Whodini, ""Hold It Now, Hit It"" by Beastie Boys, ""Mr. Big Stuff"" by Jean Knight and ""I'll Take You There"" by The Staple Singers.",5:37,"Mar 3, 1987",Other,Yes,https://open.spotify.com/track/5RGXoZt1qxmAErdhbyKJKq?si=2ccd5f6b530c45e6
N.W.A and the Posse,"Eazy-E - L.A. Is The Place
(prod. Dr. Dre)","B-side to the single ""Boyz-n-the-Hood"". Track 7 on ""N.W.A and the Posse"". Written by Ice Cube.",4:31,"Mar 3, 1987",Other,Yes,https://open.spotify.com/track/0FJyFOTAJ49VDqx2PfjUnm?si=c272d598e3824c6e
N.W.A and the Posse,"Eazy-E - Fat Girl
(prod. Dr. Dre)","B-side to the single ""Boyz-n-the-Hood"". Track 10 on ""N.W.A and the Posse"". Written by Ice Cube.",2:45,"Mar 3, 1987",Other,Yes,https://open.spotify.com/track/3zZQBK70PhxltIZ9htS8wG?si=ecb2a32ab29c410a
N.W.A and the Posse,"N.W.A - 8 Ball [V1]
(prod. Dr. Dre)",Shorter than the album version. Written by Ice Cube.,4:00,"Aug 13, 1987",Other,No,
N.W.A and the Posse,"N.W.A - 8 Ball [V2]
(prod. Dr. Dre)","Track 2 on ""N.W.A and the Posse"". Written by Ice Cube.",4:26,"Nov 6, 1987",Other,Yes,https://open.spotify.com/track/2JuKS0vF3hpmx8LQ0qtk5o?si=c22cf7ff77b74484
N.W.A and the Posse,"N.W.A - Dope Man
(prod. Dr. Dre)","Track 8 on ""N.W.A and the Posse"", later appearing on a 1989 reissue of the single ""Boyz-n-the-Hood"".",6:16,"Nov 6, 1987",Other,Yes,https://open.spotify.com/track/4fukZMkYV1JgJ68NegVLtN?si=1e9b59c62ba24c83
"16 on Streaming
0 not on Streaming","Straight Outta Compton
(Collaboration with Eazy-E, Dr. Dre, DJ Yella and MC Ren as N.W.A)","(11/06/1987) (N.W.A and the Posse releases)
(01/19/1989) (Straight Outta Compton officially releases)
(12/??/1989) (Ice Cube leaves N.W.A and begins his solo career)",,,Other,"""Straight Outta Compton"" would be N.W.A's authorized debut album and was a major shift in the rap industry for hardcore, gangster rap, containing tracks talking about violence (""Straight Outta Compton""), law enforcement and police brutality (""Fuck tha Police"") all in Compton, California, which is most of the group's home city. It released on January 25, 1989 through Priority and Ruthless Records and, despite its very scarce radio play, it was the first gangster rap album to receive platinum certification.",
Straight Outta Compton,"The D.O.C - The Grand Finalé
(feat. N.W.A) (prod. Dr. Dre)","Track 13 on ""No One Can Do It Better"" by The D.O.C.",4:40,"Jul 13, 1989",Other,Yes,https://open.spotify.com/track/3bhgMObzSnmuAHUXWXkU9d?si=f050763e84b34543
Straight Outta Compton,"N.W.A - A Bitch Iz a Bitch
(prod. Dr. Dre & DJ Yella)","Track 4 on the 1989 reissue of ""N.W.A and the Posse"", replacing ""Scream"". Also track 17 on the 2002 reissue of ""Straight Outta Compton"". Written by Ice Cube.",3:10,"Nov 13, 1989",Other,Yes,https://open.spotify.com/track/6annH9QTaMrIAm5soWhV46?si=0b1f562a561e4774
Straight Outta Compton,"N.W.A - Gangsta Gangsta
(prod. Dr. Dre, DJ Yella & Arabian Prince)
(From Around The Way)","Released as a single on September 5, 1988, later ending up as track 3 on ""Straight Outta Compton"".",5:36,"Sep 5, 1988",Other,Yes,https://open.spotify.com/track/1pOIpxfrQ8AszXZdKR3aH3?si=9aa7c8a04b7948b4
Straight Outta Compton,"N.W.A - Straight Outta Compton
(prod. Dr. Dre & DJ Yella)","Track 1 on ""Straight Outta Compton"", later releasing as a B-side on the single ""Express Yourself"".",4:18,"Jan 25, 1989",Other,Yes,https://open.spotify.com/track/6KIKRz9eSTXdNsGUnomdtW?si=fd7923a6cf904781
Straight Outta Compton,"N.W.A - Fuck tha Police
(prod. Dr. Dre & DJ Yella)","Track 2 on ""Straight Outta Compton"".",5:44,"Jan 25, 1989",Other,Yes,https://open.spotify.com/track/5n8Aro6j1bEGIy7Tpo7FV7?si=94a06b778d544197
Straight Outta Compton,"N.W.A - Parental Discretion Iz Advised
(feat. The D.O.C) (prod. Dr. Dre & DJ Yella)","Track 5 on ""Straight Outta Compton"". Ice Cube has songwriting credits.",5:15,"Jan 25, 1989",Other,Yes,https://open.spotify.com/track/75vzHroJkJWv0AvwzWv1zU?si=82105cb09937467f
Straight Outta Compton,"N.W.A - 8 Ball (Remix)
(prod. Dr. Dre & DJ Yella)","Track 6 on ""Straight Outta Compton"". Remix of 8 Ball, which has songwriting credits for Ice Cube.",4:52,"Jan 25, 1989",Other,Yes,https://open.spotify.com/track/1i0kVfX5LdEdo52St39QM0?si=fedaf14044a042ae
Straight Outta Compton,"N.W.A - Express Yourself (Album Version)
(prod. Dr. Dre & DJ Yella)","Track 8 on ""Straight Outta Compton"".",4:25,"Jan 25, 1989",Other,Yes,https://open.spotify.com/track/52IuMfbQa9aqRPz2oYPAI8?si=f61db2a814804132
Straight Outta Compton,"N.W.A - I Ain't Tha 1
(prod. Dr. Dre & DJ Yella)","Track 10 on ""Straight Outta Compton"".",4:54,"Jan 25, 1989",Other,Yes,https://open.spotify.com/track/4YT8aYraXHbVxYeupvChSv?si=1a18f3f7d85247ca
Straight Outta Compton,"N.W.A - Dopeman (Remix)
(prod. Dr. Dre & DJ Yella)","Track 11 on ""Straight Outta Compton"". Remix of Dope Man.",5:20,"Jan 25, 1989",Other,Yes,https://open.spotify.com/track/12G1TYIfbpvC0mdFFn4Pbg?si=42991dbc35f4493e
Straight Outta Compton,"N.W.A - Express Yourself (Extended)
(prod. Dr. Dre & DJ Yella)","Released as a single on March 27, 1989, later becoming track 14 on the 2002 reissue for ""Straight Outta Compton"".",4:42,"Mar 27, 1989",Other,Yes,https://open.spotify.com/track/7a8QggRN3kbtoAZww6zku3?si=16b81241186d4079
Straight Outta Compton,"N.W.A - Straight Outta Compton (Extended)
(prod. Dr. Dre & DJ Yella)","Released as part of the ""Express Yourself"" single, later becoming track 16 on the 2002 reissue for ""Straight Outta Compton"".",4:53,"Mar 27, 1989",Other,Yes,https://open.spotify.com/track/5VvzgKP2o891ugh6057WQ6?si=3368602f04c6456e
Straight Outta Compton,"Eazy-E - Still Talkin'
(prod. Dr. Dre & DJ Yella)","Track 1 on ""Eazy-Duz-It"". Has additional vocals from Ice Cube.",3:51,"Nov 22, 1988",Other,Yes,https://open.spotify.com/track/4wiNvPbYWmCL7gDbmo2SyL?si=698ebb58857e4e18
Straight Outta Compton,"Eazy-E - Boyz-n-the-Hood (Remix)
(prod. Dr. Dre)","Track 5 on ""Eazy-Duz-It"". Remix of Boyz-n-the-Hood, which is ghostwritten by Ice Cube.",6:22,"Nov 22, 1988",Other,Yes,https://open.spotify.com/track/3JdyhQORbJkCWT8xfLd8gD?si=7e4e06399db147d1
Straight Outta Compton,"Eazy-E - No More ?'s
(prod. Dr. Dre, DJ Yella & Eazy-E)","Track 10 on ""Eazy-Duz-It"". Written by Ice Cube and Eazy-E.",3:55,"Nov 22, 1988",Other,Yes,https://open.spotify.com/track/7y9yjpRtZajYzVpXHRjwGz?si=d3d816309ce94451
Straight Outta Compton,"Eazy-E - Still Talkin' (Remix)
(prod. Dr. Dre & DJ Yella)","Track 14 on ""Eazy-Duz-It"". Remix of Still Talkin', which has additional vocals from Ice Cube.",5:26,"Nov 22, 1988",Other,Yes,https://open.spotify.com/track/4df6WYvbzMoC4eSHT0VCwI?si=92346964d4b24c86
"19 on Streaming
0 not on Streaming",AmeriKKKa's Most Wanted,"(12/??/1989) (Ice Cube leaves N.W.A and begins his solo career)
(05/18/1990) (AmeriKKKa's Most Wanted officially releases)",,,Other,"""AmeriKKKa's Most Wanted"" is Ice Cube's debut solo album after his departure from N.W.A, due to royalty issues regarding writing. While it still talked about violence, police brutality and new topics such as the radio (""Turn Off The Radio"") and gender relations (""It's a Man's World""), it contained production from the Bomb Squad on the East Coast. It would be released on May 16, 1990 under Priority Records and is considered to be one of, if not the best in his discography.",
AmeriKKKa's Most Wanted,"Public Enemy - Burn Hollywood Burn!!!
(feat. Ice Cube & Big Daddy Kane) (prod. The Bomb Squad)","Track 9 on ""Fear of a Black Planet"".",2:47,"Apr 10, 1990",Other,Yes,https://open.spotify.com/track/0PswhfztcdmfYDqfoGMqc4?si=a34dd034802a4293
AmeriKKKa's Most Wanted,"AmeriKKKa's Most Wanted
(prod. The Bomb Squad, Ice Cube & Sir Jinx)","Released as a single on April 17, 1990. Track 3 on ""AmeriKKKa's Most Wanted"".",4:08,"Apr 17, 1990",Other,Yes,https://open.spotify.com/track/2mYnMZOESVQeUcbvxR1lYi?si=0793542e1f274958
AmeriKKKa's Most Wanted,"Once Upon a Time in the Projects
(prod. The Bomb Squad & Sir Jinx)","Released as the B-side to the single ""AmeriKKKa's Most Wanted"". Track 6 on ""AmeriKKKa's Most Wanted"".",3:41,"Apr 17, 1990",Other,Yes,https://open.spotify.com/track/65V56IbZLtx57pqU6c6gWv?si=27aebc0d82974bd9
AmeriKKKa's Most Wanted,"Endangered Species (Tales from the Darkside) (Remix)
(feat. Chuck D) (prod. The Bomb Squad & Sir Jinx)","Released as a single two days before the release of the album, later ending up as track 1 on the ""Kill At Will"" EP.",4:10,"May 16, 1990",Other,Yes,https://open.spotify.com/track/2MZj8Q6zwjLfQyk1gonZYv?si=4250e47fdfb84159
AmeriKKKa's Most Wanted,"Dead Homiez
(prod. Ice Cube)","Released as the B-side for the single ""Endangered Species (Tales from the Darkside) (Remix)"", later ending up as track 5 on the ""Kill At Will"" EP.",3:23,"May 16, 1990",Other,Yes,https://open.spotify.com/track/443Gly8J0fwepgNCHxKXxx?si=7504299958f94aad
AmeriKKKa's Most Wanted,"Better Off Dead
(prod. Ice Cube & Sir Jinx)","Track 1 on ""AmeriKKKa's Most Wanted"". Samples the PBS documentary ""Eyes on the Prize II: America at the Racial Crossroads 1965-1985"", specifically episode 6, ""A Nation of Law? (1968-71)"". Omitted from the clean version.",1:03,"May 18, 1990",Other,Yes,https://open.spotify.com/track/7I2TMlIgfIJkH9nE7rePc7?si=9b263c95049f4c97
AmeriKKKa's Most Wanted,"The Nigga Ya Love to Hate
(prod. The Bomb Squad, Ice Cube & Sir Jinx)","Track 2 on ""AmeriKKKa's Most Wanted"". Samples ""Gangsta Gangsta"" by N.W.A., ""A Bitch Iz A Bitch"" by N.W.A., ""Weak at the Knees"" by Steve Arrington's Hall of Fame and ""Atomic Dog"" by George Clinton.",3:13,"May 18, 1990",Other,Yes,https://open.spotify.com/track/3Mzqw2mz9YMKjjCEmypYfZ?si=a489a31ade124d97
AmeriKKKa's Most Wanted,"What They Hittin' Foe?
(prod. The Bomb Squad, Ice Cube & Sir Jinx)","Track 4 on ""AmeriKKKa's Most Wanted"".",1:22,"May 18, 1990",Other,Yes,https://open.spotify.com/track/4K3iiMwytWoYxu0L4HnzCb?si=fc16e31d9340429d
AmeriKKKa's Most Wanted,"You Can't Fade Me/JD's Gaffilin
(prod. The Bomb Squad, Ice Cube & Sir Jinx)","Track 5 on ""AmeriKKKa's Most Wanted"". ""JD's Gaffilin"" is omitted from the clean version.",5:12,"May 18, 1990",Other,Yes,https://open.spotify.com/track/1zmiiUy4HZJc9FSYFbDIcT?si=ac4ecdfeaf3047be
AmeriKKKa's Most Wanted,"Turn Off the Radio
(prod. The Bomb Squad, Ice Cube & Sir Jinx)","Track 7 on ""AmeriKKKa's Most Wanted"".",2:37,"May 18, 1990",Other,Yes,https://open.spotify.com/track/3mZAGjw1HkE9iyGQhKOohG?si=9c696ab96a4c4ce5
AmeriKKKa's Most Wanted,"Endangered Species (Tales from the Darkside)
(feat. Chuck D) (prod. The Bomb Squad, Ice Cube & Sir Jinx)","Track 8 on ""AmeriKKKa's Most Wanted"".",3:21,"May 18, 1990",Other,Yes,https://open.spotify.com/track/0ce0IMri055V8kqyS5FD0U?si=375ec72c297e402f
AmeriKKKa's Most Wanted,"A Gangsta's Fairytale
(prod. The Bomb Squad, Ice Cube & Sir Jinx)
(Gangsta's Fairytale)","Track 9 on ""AmeriKKKa's Most Wanted"".",3:16,"May 18, 1990",Other,Yes,https://open.spotify.com/track/2Jlky2E0SqPFbbVGpdi0ta?si=4aa00570dbac4a21
AmeriKKKa's Most Wanted,"I'm Only Out for One Thang
(feat. Flavor Flav) (prod. The Bomb Squad, Ice Cube & Sir Jinx)","Track 10 on ""AmeriKKKa's Most Wanted"". Omitted from the clean version.",2:10,"May 18, 1990",Other,Yes,https://open.spotify.com/track/53rV8ViOYJ02LtjgEiheIe?si=26026aca18144318
AmeriKKKa's Most Wanted,"Get Off My Dick and Tell Yo Bitch to Come Here
(prod. The Bomb Squad, Ice Cube & Sir Jinx)","Track 11 on ""AmeriKKKa's Most Wanted"". Omitted from the clean version.",0:56,"May 18, 1990",Other,Yes,https://open.spotify.com/track/6wVKhKxNHLRiLlNwLheFBz?si=7267571c1be14254
AmeriKKKa's Most Wanted,"The Drive-By
(prod. Sir Jinx)","Track 12 on ""AmeriKKKa's Most Wanted"". Omitted from the clean version.",1:01,"May 18, 1990",Other,Yes,https://open.spotify.com/track/7cFPLWGJvzJ2qKkWI9FB5c?si=e3766515b8044b3b
AmeriKKKa's Most Wanted,"Rollin' with the Lench Mob
(prod. The Bomb Squad, Ice Cube & Sir Jinx)","Track 13 on ""AmeriKKKa's Most Wanted"".",3:43,"May 18, 1990",Other,Yes,https://open.spotify.com/track/5yoLjHaSg5Xn5WJEQW6eZX?si=6ad2c99572064ab1
AmeriKKKa's Most Wanted,"Who's the Mack?
(prod. The Bomb Squad & Sir Jinx)","Track 14 on ""AmeriKKKa's Most Wanted"".",4:35,"May 18, 1990",Other,Yes,https://open.spotify.com/track/2OpKJqPII3NWpPnV3cCySO?si=413350db992f41d5
AmeriKKKa's Most Wanted,"It's a Man's World
(feat. Yo-Yo) (prod. Ice Cube & Sir Jinx)","Track 15 on ""AmeriKKKa's Most Wanted"".",5:26,"May 18, 1990",Other,Yes,https://open.spotify.com/track/6brZ1iqIVP5a6EsNhHVlHn?si=7f252e9c4bd64c45
AmeriKKKa's Most Wanted,"The Bomb
(prod. The Bomb Squad & Sir Jinx)","Track 16 on ""AmeriKKKa's Most Wanted"".",3:25,"May 18, 1990",Other,Yes,https://open.spotify.com/track/5dNfZxRbOOjVu9sNYQGpHB?si=debf84360ccf4bd3
"7 on Streaming
0 not on Streaming",Kill At Will,"(05/18/1990) (AmeriKKKa's Most Wanted officially releases)
(12/19/1990) (Kill At Will officially releases)",,,Other,"""Kill At Will"" is an EP released shortly after ""AmeriKKKa's Most Wanted"", capitalizing off the success of his solo rap career, containing a total of seven tracks, two of them being remixes to ""Endangered Species (Tales from the Darkside)"" and ""Get Off My Dick and Tell Yo Bitch to Come Here"". Sir Jinx stated why it's an EP: ""When we did Kill At Will, [it] was just the remixes of the songs from AmeriKKKa’s Most Wanted. [Because] ‘Jackin’ For Beats’ had so many samples in it, it couldn’t be on a record with no other song [due to publishing splits]. So that’s why we made an EP.""",
Kill At Will,"Too $hort - Ain't Nothin' But a Word to Me
(feat. Ice Cube) (prod. Sir Jinx)","Track 8 on ""Short Dog's in the House"" by Too $hort.",4:48,"Sep 11, 1990",Other,Yes,https://open.spotify.com/track/5VLyUpP96RZw9GJaFlwlwA?si=73cd125af9ce491a
Kill At Will,"King Tee - Played Like a Piano
(feat. Ice Cube & Breeze) (prod. DJ Pooh)","Track 14 on ""At Your Own Risk"" by King Tee.",4:59,"Sep 24, 1990",Other,Yes,https://open.spotify.com/track/623SXRZfjnTnvCAM0CT1CP?si=08b948c680804ea6
Kill At Will,"Jackin' For Beats
(prod. Chilly Chill)","Track 2 on the ""Kill At Will"" EP. Originally recorded during the production of ""AmeriKKKa's Most Wanted"", but would release on ""Kill At Will"" instead.",2:57,"Dec 19, 1990",Other,Yes,https://open.spotify.com/track/2I7lgP1f5p5cKH7aNHtEEx?si=eb1e59d0499648b0
Kill At Will,"Get off My Dick and Tell Yo Bitch to Come Here (Remix)
(prod. Sir Jinx)","Track 3 on the ""Kill At Will"" EP.",3:38,"Dec 19, 1990",Other,Yes,https://open.spotify.com/track/2Jt6AZ0cvJUezPi74BVz0c?si=cd2f60a5e08c47b9
Kill At Will,"The Product
(prod. Sir Jinx)","Track 4 on the ""Kill At Will"" EP.",3:35,"Dec 19, 1990",Other,Yes,https://open.spotify.com/track/6bQfSloXNhvkdGUPRM6tXk?si=d2a584048d404c46
Kill At Will,JD’s Gaffilin’ (Part 2),"Track 6 on the ""Kill At Will"" EP.",0:36,"Dec 19, 1990",Other,Yes,https://open.spotify.com/track/5WgKQbQTwi78ODv4C146Yg?si=4c5c2c958df0457c
Kill At Will,"I Gotta Say What Up!!!
(prod. Sir Jinx)","Track 7 on the ""Kill At Will"" EP.",3:06,"Dec 19, 1990",Other,Yes,https://open.spotify.com/track/7wh7DXZQEI6pJfQ7hwfOzf?si=9a081dbe53a64699
"23 on Streaming
0 not on Streaming",Death Certificate,"(12/19/1990) (Kill At Will officially releases)
(10/21/1991) (Death Certificate officially releases)",,,Other,"""Death Certificate"" is the second studio album by Ice Cube, containing two sides: ""The Death Side"", a reflection of current day although in 1991, and ""The Life Side"", a vision of where we need to go. Due to its overtly controversial lyrics, there is no clean version, and some tracks were omitted in the UK. Ice Cube was accused of antisemitism due to ""Black Korea"" and ""No Vaseline"", the latter being a diss track against N.W.A. It was released under Priority Records in October 29, 1991.",
Death Certificate,"Yo-Yo - You Can't Play with My Yo Yo
(feat. Ice Cube) (prod. Ice Cube & Sir Jinx)","Track 3 on ""Make Way for the Motherlode"" by Yo-Yo.",3:34,"Mar 19, 1991",Other,Yes,https://open.spotify.com/track/7yFVwzeawvaoysd2fyCR8t?si=c13566cec832491c
Death Certificate,"Yo-Yo - What Can I Do?
(feat. Ice Cube) (prod. Ice Cube & Sir Jinx)","Track 6 on ""Make Way for the Motherlode"" by Yo-Yo.",4:13,"Mar 19, 1991",Other,Yes,https://open.spotify.com/track/0ocJqFJmwNM7mcTCbozVOe?si=87d0ab13696f4bcb
Death Certificate,"How to Survive in South Central
(prod. Ice Cube & Sir Jinx)","Track 1 on ""Boyz n the Hood"" soundtrack.",3:40,"Jul 9, 1991",Other,Yes,https://open.spotify.com/track/7dIkQYmRsKXAbzshwF7pjI?si=43585c5980564ae6
Death Certificate,"Steady Mobbin'
(prod. Ice Cube & Boogiemen)","Released as the lead single to ""Death Certificate"" on August 9, 1991 as a clean version. Later ending up as Track 4 on ""Death Certificate"".",4:10,"Aug 9, 1991",Other,Yes,https://open.spotify.com/track/2YuEoMW3fTvIqYdTqYE9dd?si=7cd8d0494dd54ec3
Death Certificate,"No Vaseline
(prod. Ice Cube & Sir Jinx)","Released as the B-side to the single ""Steady Mobbin'"" on August 9, 1991, later ending up as track 20 on ""Death Certificate"". A response to various disses toward Cube made by N.W.A, notably on ""Message to B.A."" and ""Real Niggaz"". One of the greatest diss tracks of all time.",5:12,"Aug 9, 1991",Other,Yes,https://open.spotify.com/track/4wEbikMfcSFAukCbbL06si?si=d7b3e6b272bc45cb
Death Certificate,"The Funeral
(prod. Sir Jinx)","Track 1 on ""Death Certificate"".",1:37,"Oct 21, 1991",Other,Yes,https://open.spotify.com/track/1R4PyHcrZes2PZwkK48xKy?si=7259bd43a9434517
Death Certificate,"The Wrong Nigga to Fuck Wit
(prod. Ice Cube & Sir Jinx)","Track 2 on ""Death Certificate"".",2:48,"Oct 21, 1991",Other,Yes,https://open.spotify.com/track/2b19g6WaqijXOkIfRBkqvJ?si=22178f4bd051475d
Death Certificate,"My Summer Vacation
(prod. Ice Cube & Boogiemen)","Track 3 on ""Death Certificate"".",3:56,"Oct 21, 1991",Other,Yes,https://open.spotify.com/track/7LnDfoRFeMhrPc795W07jk?si=2b084c0f06354981
Death Certificate,"Robin Lench
(prod. Boogiemen & Sir Jinx)","Track 5 on ""Death Certificate"".",1:13,"Oct 21, 1991",Other,Yes,https://open.spotify.com/track/5hNJtmyWEblt7UkWdClUAZ?si=09a8f62b5cfc4f77
Death Certificate,"Givin' Up the Nappy Dug Out
(prod. Ice Cube & Boogiemen)","Track 6 on ""Death Certificate"". Song about fucking a 17 year old girl, yikes.",4:15,"Oct 21, 1991",Other,Yes,https://open.spotify.com/track/6AttcsbQYwd0KDEiW161ka?si=717f3d26fb914341
Death Certificate,"Look Who's Burnin'
(prod. Ice Cube & Sir Jinx)","Track 7 on ""Death Certificate"".",3:53,"Oct 21, 1991",Other,Yes,https://open.spotify.com/track/1k6V22dRaI3kOpkH0GetVm?si=e8a11370ee724110
Death Certificate,"A Bird in the Hand
(prod. Ice Cube & Boogiemen)","Track 8 on ""Death Certificate"".",2:17,"Oct 21, 1991",Other,Yes,https://open.spotify.com/track/3WRGHnXWuijxSPsWJKYFxC?si=275b55c1ee0e4f4c
Death Certificate,"Man's Best Friend
(prod. Ice Cube & Boogiemen)","Track 9 on ""Death Certificate"".",2:06,"Oct 21, 1991",Other,Yes,https://open.spotify.com/track/5xDHsxl4Aq6HAH8gKK1hUB?si=2371bce5e44e402c
Death Certificate,"Alive on Arrival
(prod. Ice Cube & Boogiemen)","Track 10 on ""Death Certificate"".",3:11,"Oct 21, 1991",Other,Yes,https://open.spotify.com/track/5JeduSZqxFSyG0dFiRUM5J?si=a3d709fff1ff4a00
Death Certificate,"Death
(feat. Khalid Abdul Muhammad) (prod. Ice Cube)","Track 11 on ""Death Certificate"".",1:03,"Oct 21, 1991",Other,Yes,https://open.spotify.com/track/4InKQeCtVx9oiZ0bKkhPei?si=9da2732d21f34640
Death Certificate,"The Birth
(feat. Khalid Abdul Muhammad) (prod. Ice Cube & Sir Jinx)","Track 12 on ""Death Certificate"".",1:21,"Oct 21, 1991",Other,Yes,https://open.spotify.com/track/2prAzohKnsbd4vI3q4tog7?si=471ae66c660a4498
Death Certificate,"I Wanna Kill Sam
(prod. Ice Cube & Sir Jinx)","Track 13 on ""Death Certificate"".",3:22,"Oct 21, 1991",Other,Yes,https://open.spotify.com/track/5ADJ8noBAW9dBILgrE46Ka?si=d911ad6dbe2845e9
Death Certificate,"Horny Lil' Devil
(prod. Ice Cube & Boogiemen)","Track 14 on ""Death Certificate"".",3:42,"Oct 21, 1991",Other,Yes,https://open.spotify.com/track/7teYA38lMnUvY3mF1PdEgH?si=3a62f1fa98654e8b
Death Certificate,"Black Korea
(prod. Ice Cube & Sir Jinx)","Track 15 on ""Death Certificate"".",0:46,"Oct 21, 1991",Other,Yes,https://open.spotify.com/track/1PgturIqVGIfeeR13zT5Aa?si=043b26a470af4c53
Death Certificate,"True to the Game
(prod. Ice Cube & Sir Jinx)","Track 16 on ""Death Certificate"". Later was released as a single on September 14, 1992.",4:10,"Oct 21, 1991",Other,Yes,https://open.spotify.com/track/01XVwBiMgmGt5Q3GO1YNp9?si=46befa151e34459c
Death Certificate,"Color Blind
(feat. Deadly Threat, Kam, The Maad Circle, King Tee & J-Dee) (prod. Ice Cube & Boogiemen)","Track 17 on ""Death Certificate"".",4:29,"Oct 21, 1991",Other,Yes,https://open.spotify.com/track/1giDTOgzHggiIDBviocpet?si=c4fe2429857d47e0
Death Certificate,"Doing Dumb Shit
(prod. Ice Cube & Boogiemen)","Track 18 on ""Death Certificate"".",3:45,"Oct 21, 1991",Other,Yes,https://open.spotify.com/track/6cojHKbUP58KTjWhSvp6Lo?si=cfb91849096f4ce0
Death Certificate,"Us
(prod. Ice Cube & Sir Jinx)","Track 19 on ""Death Certificate"".",3:43,"Oct 21, 1991",Other,Yes,https://open.spotify.com/track/3MZj2opYxx00Safh2oyBgn?si=eae988d2e1d34d23
"19 on Streaming
0 not on Streaming",The Predator,"(10/21/1991) (Death Certificate officially releases)
(11/17/1992) (The Predator officially releases)",,,Other,"""The Predator"" is the third studio album by Ice Cube, released through Priority Records on November 17, 1992, a few months after the 1992 L.A. riots. In this album, Ice Cube continues to delve into racial tensions, and addresses allegations about antisemitism in ""When Will They Shoot"".",
The Predator,"Sister Souljah - Killing Me Softly: Deadly Code of Silence
(feat. Ice Cube) (prod. Street Element)","Track 8 on ""360 Degrees of Power"" by Sister Souljah.",3:04,"Jan 1, 1992",Other,Yes,https://open.spotify.com/track/4SaYP1RCbhXD3YAWEa8xYn?si=01a702184b1e4068
The Predator,"Da Lench Mob - All on My Nut Sac
(feat. Ice Cube) (prod. Ice Cube)","Track 5 on ""Guerillas in tha Mist"" by Da Lench Mob.",4:33,"Sep 22, 1992",Other,Yes,https://open.spotify.com/track/5g38oQp90DeQr97aISjpic?si=f8187d3157d7466a
The Predator,"Wicked
(feat. Don Jagwarr) (prod. Ice Cube & Torcha Chamba)","Released as a single on November 3, 1992. Track 4 on ""The Predator"".",3:55,"Nov 3, 1992",Other,Yes,https://open.spotify.com/track/3mXfH030L2E8A6iuf0bCvR?si=ff96491c83e842d5
The Predator,"U Ain't Gonna Take My Life
(prod. Mr. Woody)","Released as part of the single ""Wicked"". Track 11 on ""Bootlegs & B-Sides"".",4:01,"Nov 3, 1992",Other,Yes,https://open.spotify.com/track/6jHjSgnjFZb76vIyizixHu?si=70510482b70842b4
The Predator,"The First Day of School (Intro)
(prod. Ice Cube)","Track 1 on ""The Predator"".",1:20,"Nov 17, 1992",Other,Yes,https://open.spotify.com/track/3BgA8GX9vEe1RqF0pWBtb6?si=fbf2bf6113df4a3f
The Predator,"When Will They Shoot
(prod. Ice Cube, DJ Pooh & Big Cat)","Track 2 on ""The Predator"".",4:36,"Nov 17, 1992",Other,Yes,https://open.spotify.com/track/54sZxcHbQubdbmjEdAFp7w?si=08375602bba3434b
The Predator,I'm Scared (Insert),"Track 3 on ""The Predator"".",1:32,"Nov 17, 1992",Other,Yes,https://open.spotify.com/track/2JfZEtOB6Om5VEEp9jJzlj?si=b8f13e9f6a5a42f1
The Predator,"Now I Gotta Wet 'Cha
(prod. DJ Muggs)","Track 5 on ""The Predator"".",4:03,"Nov 17, 1992",Other,Yes,https://open.spotify.com/track/0XAM1XBTfQ9gVW1ZXBiWnR?si=c0554c05e4d14846
The Predator,"The Predator
(prod. DJ Pooh)","Track 6 on ""The Predator"".",4:03,"Nov 17, 1992",Other,Yes,https://open.spotify.com/track/6Ah1jYLTaxl8EeRHP0L0tY?si=c3be43a1a16f4500
The Predator,"It Was a Good Day
(prod. DJ Pooh)","Track 7 on ""The Predator"". Later releasing as a single on February 23, 1993.",4:19,"Nov 17, 1992",Other,Yes,https://open.spotify.com/track/2qOm7ukLyHUXWyR4ZWLwxA?si=20b6f33d66274aae
The Predator,"We Had to Tear This Mothafucka Up
(prod. DJ Muggs)","Track 8 on ""The Predator"".",4:23,"Nov 17, 1992",Other,Yes,https://open.spotify.com/track/0SuS9DnIQh2mm2rYZphJTs?si=5112808e2c054bc5
The Predator,"Fuck 'Em (Insert)
(prod. Sir Jinx)","Track 9 on ""The Predator"".",2:02,"Nov 17, 1992",Other,Yes,https://open.spotify.com/track/4hP83iWjAMHjndPhmCr4gy?si=3fb760b5bfe7456e
The Predator,"Dirty Mack
(prod. Mr. Woody)","Track 10 on ""The Predator"".",4:34,"Nov 17, 1992",Other,Yes,https://open.spotify.com/track/6Uq5Vi8UmZGzGIicjkkz64?si=5846a9d397b2423b
The Predator,"Don't Trust 'Em
(prod. Ice Cube, Rashad & DJ Pooh)","Track 11 on ""The Predator"".",4:06,"Nov 17, 1992",Other,Yes,https://open.spotify.com/track/0iRZDAv0RbCqeXUMXaMjcp?si=e68b85e7d68345c4
The Predator,"Gangsta's Fairytale 2
(feat. Lil Russ) (prod. Ice Cube & Pocketts)","Track 12 on ""The Predator"".",3:19,"Nov 17, 1992",Other,Yes,https://open.spotify.com/track/0B0pSbpAILm0ooJVwCBmGq?si=53a423c64b7c4278
The Predator,"Check Yo Self
(feat. Das EFX) (prod. Ice Cube & DJ Muggs)","Track 13 on ""The Predator"". Later releasing as a single on July 13, 1993.",3:42,"Nov 17, 1992",Other,Yes,https://open.spotify.com/track/2Q21T7gfWltYB592v39re5?si=f5229428c4474acc
The Predator,"Who Got the Camera?
(prod. Sir Jinx)","Track 14 on ""The Predator"".",4:37,"Nov 17, 1992",Other,Yes,https://open.spotify.com/track/2W6cupx46jlNb3CEzJ81ty?si=8487a94a4bab445e
The Predator,"Integration (Insert)
(prod. Ice Cube)","Track 15 on ""The Predator"".",2:31,"Nov 17, 1992",Other,Yes,https://open.spotify.com/track/5LaFSflVutJFVMqYlEG5S4?si=6650c37f22cd4ee9
The Predator,"Say Hi to the Bad Guy
(prod. Sir Jinx)","Track 16 on ""The Predator"".",3:19,"Nov 17, 1992",Other,Yes,https://open.spotify.com/track/2luswzZndPVXQqbwnbnZXx?si=73ce6e0641454a3c
"18 on Streaming
4 not on Streaming",Lethal Injection,"(11/17/1992) (The Predator officially releases)
(12/7/1993) (Lethal Injection officially releases)",,,Other,"""Lethal Injection"" is the fourth studio album by Ice Cube, released through Priority Records on December 7, 1993. When the album released, criticism arose that Ice Cube was taking a step back from gangster rap and toning down the socio-political commentary.",
Lethal Injection,"Kool G Rap & DJ Polo - Two to the Head
(feat. Ice Cube, Scarface & Bushwick Bill) (prod. Sir Jinx & Kool G Rap)","Track 17 on ""Live and Let Die"" by Kool G Rap & DJ Polo.",4:46,"Nov 24, 1992",Other,Yes,https://open.spotify.com/track/40eE70kOSCzp82ZbRiWe4O?si=e554ae8fe167416e
Lethal Injection,"Trespass
(with Ice-T) (prod. Sir Jinx)","Track 1 on the ""Trespass"" soundtrack.",2:55,"Nov 24, 1992",Other,Yes,https://open.spotify.com/track/0LSsfGGnpJOn5aBXv2vGnZ?si=ab536d92d3ce4751
Lethal Injection,"King Tee - A Hoe B-4 Tha Homie
(feat. Ice Cube & Deadly Threat) (prod. Mr. Woody & DJ Pooh)","Track 10 on ""Tha Triflin' Album"" by King Tee.",6:00,"Jan 26, 1993",Other,Yes,https://open.spotify.com/track/4qZaI2wLhcQa6aGzvsGDrM?si=a3005e6c281c48b8
Lethal Injection,"Kam - Watts Riot
(feat. Ice Cube) (prod. DJ Pooh)","Track 11 on ""Neva Again"" by Kam.",4:06,"Feb 16, 1993",Other,No,https://youtu.be/21x1-EWHp34?si=Zi5lNpcSaLstpXx-
Lethal Injection,"2Pac - Last Wordz
(feat. Ice Cube & Ice-T) (prod. DJ Bobcat)","Track 5 on ""Strictly 4 My N.I.G.G.A.Z..."" by 2Pac.",3:36,"Feb 16, 1993",Other,Yes,https://open.spotify.com/track/0BqTFv2hwGpDrxKTWmtzBY?si=261ed9822c564229
Lethal Injection,"Yo-Yo - They Shit Don't Stink
(add. Ice Cube) (prod. Ice Cube & The Baker Boys)","Track 7 on ""You Better Ask Somebody"" by Yo-Yo.",3:40,"Jun 22, 1993",Other,No,https://youtu.be/y6pAim6jFGw?si=RLS7ep4RHCoTO_FN
Lethal Injection,"Yo-Yo - The Bonnie and Clyde Theme
(feat. Ice Cube) (prod. Pocketts)","Track 12 on ""You Better Ask Somebody"" by Yo-Yo.",4:12,"Jun 22, 1993",Other,No,https://youtu.be/d9S8VBojKdM?si=onOaDPHjuwXbihx4
Lethal Injection,"Really Doe
(prod. Derrick McDowell & Laylaw)","First single released on October 12, 1993. Track 2 on ""Lethal Injection"".",4:28,"Oct 12, 1993",Other,Yes,https://open.spotify.com/track/1P1drZCIcMAqTMbO2DzImN?si=044f983bd0174371
Lethal Injection,"My Skin Is My Sin
(feat. WC) (prod. Dr. Jam & Madness 4 Real)","B-side to the single ""Really Doe"". Track 9 on ""Bootlegs & B-Sides"".",4:44,"Oct 12, 1993",Other,Yes,https://open.spotify.com/track/34QMTr3STR8zYYf2v9yaJ9?si=828cd079a50f4583
Lethal Injection,"George Clinton - Paint The White House Black
(feat. Ice Cube, Dr. Dre, Chuck D, Public Enemy, Yo-Yo, MC Breed, Kam & Shock-G) (prod. George Clinton)","Track 2 on ""Hey, Man, Smell My Finger"" by George Clinton.",7:49,"Oct 12, 1993",Other,No,https://youtu.be/ybFZCfyJaMY?si=wsVLFYtZuOXepmr0
Lethal Injection,"Erick Sermon - The Ill Shit
(feat. Ice Cube & Kam) (prod. Erick Sermon)","Track 13 on ""No Pressure"" by Erick Sermon.",3:25,"Oct 19, 1993",Other,Yes,https://open.spotify.com/track/2aP5g2NzVDxgws6fg9mIca?si=b9b7bf7e764243cb
Lethal Injection,"The Shot
(prod. Sir Jinx)","Track 1 on ""Lethal Injection"".",0:55,"Dec 7, 1993",Other,Yes,https://open.spotify.com/track/0SUPpDo8nEk5DXjpBTmWur?si=211cc59332894dcb
Lethal Injection,"Ghetto Bird
(prod. QDIII)","Track 3 on ""Lethal Injection"".",3:50,"Dec 7, 1993",Other,Yes,https://open.spotify.com/track/6M3lqzrkzSKrBehkeAxTXc?si=76f80fffd4c24c2a
Lethal Injection,"You Know How We Do It
(prod. QDIII)","Track 4 on ""Lethal Injection"".",3:52,"Dec 7, 1993",Other,Yes,https://open.spotify.com/track/2Ih217RCGAmyQR68Nn7Cqo?si=235525192dfc4b95
Lethal Injection,"Cave Bitch
(prod. Brain G)","Track 5 on ""Lethal Injection"".",4:18,"Dec 7, 1993",Other,Yes,https://open.spotify.com/track/6JUHgBuPTowBXKBTy6tCPk?si=bdfab4713f8548e7
Lethal Injection,"Bop Gun (One Nation)
(feat. George Clinton) (prod. Ice Cube & QDIII)","Track 6 on ""Lethal Injection"".",11:17,"Dec 7, 1993",Other,Yes,https://open.spotify.com/track/6ahvJBzznCQvbJt0SmqtkL?si=7c5ee5a0dee34577
Lethal Injection,"What Can I Do?
(prod. 88 X Unit)","Track 7 on ""Lethal Injection"".",4:39,"Dec 7, 1993",Other,Yes,https://open.spotify.com/track/6DK9RTJx8xXnfWLDxcro42?si=ebeb6446955a43cc
Lethal Injection,"Lil Ass Gee
(prod. Sir Jinx)","Track 8 on ""Lethal Injection"".",4:04,"Dec 7, 1993",Other,Yes,https://open.spotify.com/track/4uuaWqiXl75xlDmb2d7QIn?si=575baaa429584930
Lethal Injection,"Make It Ruff, Make It Smooth
(feat. K-Dee) (prod. QDIII)","Track 9 on ""Lethal Injection"".",4:23,"Dec 7, 1993",Other,Yes,https://open.spotify.com/track/76uUU9A8yhokSMSe2jcNRA?si=bbb93ed5e4674d1d
Lethal Injection,"Down for Whatever
(prod. Madness 4 Real)","Track 10 on ""Lethal Injection"".",4:40,"Dec 7, 1993",Other,Yes,https://open.spotify.com/track/20LM2DYl5ssReQIaterJGX?si=42787f28c5fa419c
Lethal Injection,"Enemy
(prod. Madness 4 Real)","Track 11 on ""Lethal Injection"".",4:50,"Dec 7, 1993",Other,Yes,https://open.spotify.com/track/5gCfTtAD82dwAWAJs06Xsy?si=2577bf6b765843e5
Lethal Injection,"When I Get to Heaven
(prod. Brian G)","Track 12 on ""Lethal Injection"".",5:04,"Dec 7, 1993",Other,Yes,https://open.spotify.com/track/3ZxBXDSc82x8tnTN55KQzp?si=7f3a72539dd64b81
"34 on Streaming
4 not on Streaming","Bow Down
(Collaboration with Mack 10 and WC as Westside Connection)","(12/7/1993) (Lethal Injection officially releases)
(10/22/1996) (Bow Down officially releases)",,,Other,"Ice Cube, Mack 10 and WC began performing together in 1995 and appearing in songs like ""Westside Slaughterhouse"" before making their debut studio collab album ""Bow Down"" and releasing it on October 22, 1996 under Priority Records.",
Bow Down,"Anotha Level - Level-N-Service
(feat. Ice Cube) (prod. D Maq & Laylaw)","Track 12 on ""On Anotha Level"" by Anotha Level.",4:48,"Apr 26, 1994",Other,Yes,https://open.spotify.com/track/1fm6Z8tZjSINb76MvyHmcd?si=113ce89f79eb408f
Bow Down,"Terminator X - Sticka
(feat. Ice Cube, Chuck D, Ice-T, MC Lyte & Punk Barbarians) (prod. Chuck D)","Track 4 on ""Super Bad"" by Terminator X.",3:58,"Jun 21, 1994",Other,Yes,https://open.spotify.com/track/069JClDmUq7O3fZBbpBl4p
Bow Down,"Scarface - Hand of the Dead Body
(feat. Ice Cube & Devin the Dude) (prod. N.O. Joe, Scarface, Mike Dean & Uncle Eddie)","Track 10 on ""The Diary"" by Scarface. Later released as the second single on February 7, 1995.",4:39,"Oct 18, 1994",Other,Yes,https://open.spotify.com/track/1kmdxgEGbd0BsJcqnNQXT6?si=3dbae36c72e24bef
Bow Down,"Willie D - Play Witcha Mama
(feat. Ice Cube) (prod. Derek ""Grizz"" Edwards & Willie D)","Track 3 on ""Play Witcha Mama"". Also released as a single sometime in 1994.",3:34,"Oct 25, 1994",Other,Yes,https://open.spotify.com/track/333XzNaqScy9uiSyRZrNGm?si=e03f75829519471b
Bow Down,"Da Lench Mob - Cut Throats
(feat. Mack 10) (add. Ice Cube) (prod. Ice Cube)","Track 3 on ""Planet of da Apes"" by Da Lench Mob.",4:31,"Nov 1, 1994",Other,Yes,https://open.spotify.com/track/2LsqFrM5TGRBvDOeiXQefA?si=a5f43d565ea14b27
Bow Down,"Da Lench Mob - Mellow Madness
(feat. K-Dee) (add. Ice Cube) (prod. Ice Cube)","Track 8 on ""Planet of da Apes"" by Da Lench Mob.",5:59,"Nov 1, 1994",Other,Yes,https://open.spotify.com/track/5lAWF0NyjmscDMkmD2kqa4?si=9edc50fb672e4c12
Bow Down,"Robbin' Hood (Cause It Ain't All Good)
(prod. 88 X Unit)","Track 1 on ""Bootlegs And B-Sides"".",5:03,"Nov 22, 1994",Other,Yes,https://open.spotify.com/track/4MncXoGSpckBoQEnDTUGyE?si=066644e1cc234a6e
Bow Down,"What Can I Do? - Remix
(feat. Mack 10, D'Maq & Laylaw) (prod. 88 X Unit)","Track 2 on ""Bootlegs And B-Sides"".",4:25,"Nov 22, 1994",Other,Yes,https://open.spotify.com/track/0VR2yYYtY5hqPKJPgEmMLF?si=92150663c2874124
Bow Down,"24 Wit An L
(prod. Ice Cube)","Track 3 on ""Bootlegs And B-Sides"".",3:23,"Nov 22, 1994",Other,Yes,https://open.spotify.com/track/0lHXPQi1S0499sVPzQbBxs?si=dfb6a23dae1f4ef8
Bow Down,"You Know How We Do It - Remix
(prod. QD III & Ice Cube)","Track 4 on ""Bootlegs And B-Sides"".",4:22,"Nov 22, 1994",Other,Yes,https://open.spotify.com/track/0mgArBKDzgcwyjjMiaZ4M1?si=c95bb42b7df649c9
Bow Down,"2 N The Morning
(prod. Laylaw)","Track 5 on ""Bootlegs And B-Sides"".",3:59,"Nov 22, 1994",Other,Yes,https://open.spotify.com/track/4cFjDM9hpKHSgezSqkSwyy?si=2227f3b0567345c9
Bow Down,"Check Yo Self - Remix
(feat. Das EFX) (prod. Ice Cube & DJ Pooh)","Track 6 on ""Bootlegs And B-Sides"".",4:33,"Nov 22, 1994",Other,Yes,https://open.spotify.com/track/3NGT0Td7H4Is1qrlDQJxma?si=b311dcfce5404498
Bow Down,"You Don't Wanna Fuck Wit These
(prod. Dr. Jam & Madness 4 Real)","Track 7 on ""Bootlegs And B-Sides"".",3:28,"Nov 22, 1994",Other,Yes,https://open.spotify.com/track/0N6spqqA4HlIu817IuaHTL?si=04a5ae2a734843f2
Bow Down,"Lil Ass Gee - Remix
(prod. MIKE DEAN, N.O. Joe)","Track 8 on ""Bootlegs And B-Sides"".",5:18,"Nov 22, 1994",Other,Yes,https://open.spotify.com/track/0BdzGT7GWW2YIWEtwQ723c?si=bd987646e9074c03
Bow Down,"It Was A Good Day - Remix
(prod. Ice Cube)","Track 10 on ""Bootlegs And B-Sides"".",4:27,"Nov 22, 1994",Other,Yes,https://open.spotify.com/track/0MkJmjfBR4JZg0LcadprWL?si=d89dc4d6d3be432d
Bow Down,"When I Get To Heaven - Remix
(prod. Drian G)","Track 12 on ""Bootlegs And B-Sides"".",4:39,"Nov 22, 1994",Other,Yes,https://open.spotify.com/track/58b40azHfEll92nBvWd0E9?si=a801409f8be2403a
Bow Down,D'voidofpopniggafiedmegamix,"Track 13 on ""Bootlegs And B-Sides"".",4:51,"Nov 22, 1994",Other,Yes,https://open.spotify.com/track/7x2xhfx2WvddKRtq9O3Agd?si=70ba6363dbb147d5
Bow Down,"Street Fighter
(prod. 88 X Unit)","Track 1 on the ""Street Fighter"" movie soundtrack.",4:59,"Dec 6, 1994",Other,No,https://youtu.be/_GkmID2EMy0?si=V5mDyP8cshIUQT2u
Bow Down,"Natural Born Killaz
(with Dr. Dre) (prod. Dr. Dre & Sam Sneed)","Released as the lead single to the now-scrapped ""Helter Skelter"", a collab album between Ice Cube and Dr. Dre. Later ended up as track 2 on the soundtrack to ""Murder Was The Case"".",4:52,"Dec 10, 1994",Other,Yes,https://open.spotify.com/track/7gDPKf1Ccd79Gf4SDzRsQz?si=fe3245f687294136
Bow Down,"Higher
(prod. Sir Jinx)","Track 1 on the ""Higher Learning"" movie soundtrack.",4:32,"Jan 3, 1995",Other,No,https://www.youtube.com/watch?v=uABOO2tf6ME
Bow Down,"Mack 10 - Hoo-Bangin
(feat. Ice Cube) (prod. Ice Cube)","Track 1 on ""The Substitute"" soundtrack album before becoming the B-side to the single ""Bow Down"".",3:34,"Apr 9, 1996",Other,Yes,https://open.spotify.com/track/7azG6CLuWpm0YHNTFG6WSa?si=d21ee6eb407c4e4f
Bow Down,"Friday
(prod. Ice Cube)","Track 1 on the ""Friday"" soundtrack. Later became a single sometime in May 1995.",3:49,"Apr 11, 1995",Other,Yes,https://open.spotify.com/track/13AvIMuWOBUWGBhWGIHb6N?si=e88aa07c0a044f16
Bow Down,"Bootsy Collins & Bernie Worrell - You Got Me Wide Open
(prod. Ice Cube & Bootsy Collins)","Track 8 on the ""Friday"" soundtrack.",4:47,"Apr 11, 1995",Other,No,https://youtu.be/ZzKDczwkLTk?si=6ShYTGUemoMgWa9u
Bow Down,"Luke - Asshole Naked
(feat. Ice Cube) (prod. Ice Cube)","Track 12 on ""Uncle Luke"" by Luke.",4:56,"May 14, 1996",Other,No,https://youtu.be/ov0Dgo2hYwM?si=osEVTMHRV9SVHTCk
Bow Down,"Mr. Mike - Wicked Wayz
(feat. Ice Cube) (prod. Smoke One Productions)","Track 9 on ""Wicked Wayz"" by Mr. Mike.",4:05,"Jul 30, 1996",Other,Yes,https://open.spotify.com/track/3wbjB3K138iAs9MSHF6ehp?si=83b0fc1c657a4960
Bow Down,"Bow Down
(prod. Bud'da)","First single released on August 17, 1996. Track 2 on ""Bow Down"".",3:27,"Aug 17, 1996",Other,Yes,https://open.spotify.com/track/2Vpj5colB0MPy3Zg5SITEC?si=bf8782a52a1a4738
Bow Down,World Presentation,"Track 1 on ""Bow Down"".",1:16,"Oct 22, 1996",Other,Yes,https://open.spotify.com/track/1xvjl1HbL0vyZFeavjfesS?si=4f185a2709e7451b
Bow Down,"Gangstas Make the World Go Round
(prod. Ice Cube & Cedric Samson)","Track 3 on ""Bow Down"". Later became the second single released on January 24, 1997.",4:33,"Oct 22, 1996",Other,Yes,https://open.spotify.com/track/2vytyWClpsahqcL6NibSE3?si=c04ee4ca686e4f3b
Bow Down,"All the Critics in New York
(prod. Ice Cube & Binky Mack)","Track 4 on ""Bow Down"".",5:35,"Oct 22, 1996",Other,Yes,https://open.spotify.com/track/5OVwhkh2Fb0h4oXmSQ6P72?si=e501f97d8e44405c
Bow Down,"Do You Like Criminals?
(feat. K-Dee) (prod. Bud'da)","Track 5 on ""Bow Down"".",5:01,"Oct 22, 1996",Other,Yes,https://open.spotify.com/track/60D068e8jMuQUGc4SedFPw?si=1277882e650e4261
Bow Down,"Gangsta's Don't Dance
(prod. Binky Mack)","Track 6 on ""Bow Down"".",0:22,"Oct 22, 1996",Other,Yes,https://open.spotify.com/track/0xDYLextRGfSwrmaPz7NxC?si=750902aa50664cb5
Bow Down,"The Gangsta, the Killa and the Dope Dealer
(prod. Bud'da)","Track 7 on ""Bow Down"".",4:15,"Oct 22, 1996",Other,Yes,https://open.spotify.com/track/3p1oRfbN2RrDdSyG8S7itI?si=b2f8274c637a4427
Bow Down,"Cross 'Em Out and Put a 'K
(prod. Bud'da)","Track 8 on ""Bow Down"".",4:56,"Oct 22, 1996",Other,Yes,https://open.spotify.com/track/2bRiRT5X7mK36UiKYUABp0?si=75f2cc823a1942c9
Bow Down,"King of the Hill
(prod. QDIII)","Track 9 on ""Bow Down"".",4:17,"Oct 22, 1996",Other,Yes,https://open.spotify.com/track/3dmnVNKCxtohL1FJsM7xWr?si=f7828ba0bb3c4c92
Bow Down,"3 Time Felons
(prod. Bud'da)","Track 10 on ""Bow Down"".",5:10,"Oct 22, 1996",Other,Yes,https://open.spotify.com/track/73husYH5iPArs6aDiusQrq?si=61a86eced2f946da
Bow Down,"Westward Ho
(prod. QDIII)","Track 11 on ""Bow Down"".",5:12,"Oct 22, 1996",Other,Yes,https://open.spotify.com/track/4UVDkvVId0sStwp8WaddFo?si=467ec4efa4244357
Bow Down,The Pledge,"Track 12 on ""Bow Down"".",0:14,"Oct 22, 1996",Other,Yes,https://open.spotify.com/track/5Plarw2N2yiTc2zk7vKVNv?si=0eb5e9442ee24cd8
Bow Down,"Hoo-Bangin' (WSCG Style)
(feat. The Comrads & Allfrumtha I) (prod. Ice Cube)","Track 13 on ""Bow Down"".",3:58,"Oct 22, 1996",Other,Yes,https://open.spotify.com/track/1cikrStdIjqYJrpM0gfFuo?si=a11afc1d9d0044e1
"40 on Streaming
5 not on Streaming","War & Peace, Vol. 1 (The War Disc)","(10/22/1996) (Bow Down officially releases)
(11/17/1998) (War & Peace, Vol. 1 officially releases)",,,Other,"""War & Peace, Vol. 1 (The War Disc)"" is the fifth studio album by Ice Cube, being the first solo album in five years as he was working on ""Bow Down"" and movies, released on November 17, 1998 through Lench Mob and Priority Records.",
"War & Peace, Vol. 1","Yo-Yo - Bonnie and Clyde II
(feat. Ice Cube) (prod. DJ Battlecat)","Track 3 of ""Total Control"" by Yo-Yo.",3:59,"Oct 29, 1996",Other,No,https://youtu.be/kJDBx_Xdk5w?si=dtr7xRwXVUqgwzdV
"War & Peace, Vol. 1","The World Is Mine
(with Mack 10 & K-Dee) (prod. Ice Cube)","Released as a single on January 13, 1997. Track 1 on the ""Dangerous Ground"" soundtrack.",3:07,"Jan 13, 1997",Other,No,https://www.youtube.com/watch?v=ic1TnFzsJFg
"War & Peace, Vol. 1","K-Dee - Fa-Sho
(prod. Ice Cube)","Track 8 on the ""Dangerous Ground"" soundtrack.",3:50,"Feb 11, 1997",Other,No,https://www.youtube.com/watch?v=aWRNAXpUxfs
"War & Peace, Vol. 1","Lil' Doe Doe - Chocolate Chips
(prod. Ice Cube & Lil' Doe Doe)","Track 16 on the ""Dangerous Ground"" soundtrack.",3:05,"Feb 11, 1997",Other,No,https://www.youtube.com/watch?v=ddrBB3dr4lk
"War & Peace, Vol. 1","Scarface - Game Over
(feat. Ice Cube, Dr. Dre & Too $hort) (prod. Dr. Dre)","Track 13 on ""The Untouchable"" by Scarface.",4:51,"Mar 11, 1997",Other,Yes,https://open.spotify.com/track/6koCHYvxyd9zstppf8ZUkM?si=b298682c8b324082
"War & Peace, Vol. 1","Ant Banks - Big Thangs
(feat. Ice Cube & Too $hort) (prod. Ant Banks)","Track 2 on ""Big Thangs"" by Ant Banks.",3:43,"Jul 8, 1997",Other,Yes,https://open.spotify.com/track/1rz6w1jTStjZ57m5sj9AMi?si=703f18eb40724cc3
"War & Peace, Vol. 1","Man of Steel
(with Shaquille O'Neal, B-Real, Peter Gunz & KRS-One) (prod. Trackmasters & Ken Ross)","Track 7 on the ""Steel"" soundtrack. Ice Cube has writing credits.",4:35,"Jul 29, 1997",Other,Yes,https://open.spotify.com/track/09Zeey6ioJelx6E0eZBrsY?si=8a5f7f9a9e3a4903
"War & Peace, Vol. 1","Mack 10 - Chicken Hawk II
(feat. Ice Cube) (prod. Young Trey)","Track 2 on ""Based on a True Story"" by Mack 10.",2:43,"Sep 16, 1997",Other,Yes,https://open.spotify.com/track/61sb1hAMNZ2KoOnngTOrPf?si=b27bc847ec284153
"War & Peace, Vol. 1","Mack 10 - Bangin Gears (Insert)
(feat. Ice Cube)","Track 4 on ""Based on a True Story by Mack 10.",0:48,"Sep 16, 1997",Other,Yes,https://open.spotify.com/track/1aBlLBdfnl7IEWxP5nKX3b?si=3f5e7a3af61e4897
"War & Peace, Vol. 1","Mack 10 - The Guppies
(feat. Ice Cube) (prod. Binky Mack)","Track 9 on ""Based on a True Story by Mack 10.",4:52,"Sep 16, 1997",Other,Yes,https://open.spotify.com/track/2lcofdMS7P5Uo4kTJfSTI0?si=64686f6c45104c18
"War & Peace, Vol. 1","Mack 10 - Only In California
(feat. Ice Cube & Snoop Dogg) (prod. Mack 10 & Soopafly)","Track 13 on ""Based on a True Story by Mack 10. Later became the second single on December 13, 1997.",4:40,"Sep 16, 1997",Other,Yes,https://open.spotify.com/track/1CUt54s7hvj1DLnQ23TAs4?si=e56985c05f3b470c
"War & Peace, Vol. 1","Greed
(prod. Ice Cube & Bud'da)","Track 3 on the ""Gang Related"" soundtrack. Later became track 7 of ""War & Peace, Vol. 1 (The War Disc)"".",4:29,"Oct 7, 1997",Other,Yes,https://open.spotify.com/track/0GFg4tWcxELrTX1NdMYcnx?si=57a2af3b73164e23
"War & Peace, Vol. 1","David Bowie - I'm Afraid of Americans (V3 Mix)
(with Ice Cube) (prod. Nine Inch Nails)","A remix of ""I'm Afraid of Americans"" featuring Ice Cube, released as part of the ""I'm Afraid of Americans"" single.",6:18,"Oct 14, 1997",Other,No,
"War & Peace, Vol. 1","We Be Clubbin'
(prod. Rick ""Dutch"" Cousin & DJ Clark Kent)","Released as a single on December 18, 1997. Track 1 on ""The Players Club"" movie soundtrack.",4:47,"Dec 18, 1997",Other,Yes,https://open.spotify.com/track/33otj7HhAWqhSaKBU6pYSo?si=ec2719cc7a624245
"War & Peace, Vol. 1","Scarface - The Geto
(feat. Ice Cube, Willie D & K.B.) (prod. N.O. Joe)","Track 7 on ""My Homies"" by Scarface.",5:20,"Mar 3, 1998",Other,Yes,https://open.spotify.com/track/5C5AY7I2IXicLcudAPY4Rh?si=9b0cd49642d74ee2
"War & Peace, Vol. 1","We Be Clubbin' (Clark World Remix)
(with DMX) (prod. Rick ""Dutch"" Cousin & DJ Clark Kent)","Track 2 on ""The Players Club"" movie soundtrack.",4:23,"Mar 17, 1998",Other,Yes,https://open.spotify.com/track/7uIndmCMN4HLsVOxJRFGxA?si=de9dd64b65794a55
"War & Peace, Vol. 1","Who Are You Lovin'
(with Mr. Short Khop) (prod. Mo-Suave-A)","Track 3 on ""The Players Club"" movie soundtrack.",4:30,"Mar 17, 1998",Other,Yes,https://open.spotify.com/track/5jsAVliujIg5jDahyZfOvm?si=16a2474c81b949c8
"War & Peace, Vol. 1","You Know I'm a Ho
(with Master P) (prod. Bud'da)","Track 6 on ""The Players Club"" movie soundtrack.",4:17,"Mar 17, 1998",Other,Yes,https://open.spotify.com/track/1a4qQq30AC5gPLEY7m001V?si=198e22ee1bb94ff5
"War & Peace, Vol. 1","My Loved One
(with Mr. Short Khop) (prod. Binky Mack)","Track 14 on ""The Players Club"" movie soundtrack.",4:32,"Mar 17, 1998",Other,Yes,https://open.spotify.com/track/5OhCEzFDQKig38WOcrfwiy?si=ca0ee37046744959
"War & Peace, Vol. 1","Ghetto Vet
(feat. Mack 10 & Mr. Short Khop) (prod. Bud'da)","Track 2 on the ""I Got the Hook-Up"" soundtrack before being the B-side to the single ""Pushin' Weight"". Later became track 6 of ""War & Peace, Vol. 1 (The War Disc)"".",5:05,"Apr 7, 1998",Other,Yes,https://open.spotify.com/track/4UtqFgWCzESmaNfBd48TCn?si=88281f178fda46e9
"War & Peace, Vol. 1","AllFrumTha I - Dopest on Tha Planet
(feat. Ice Cube & Mack 10) (prod. Binky Mack)","Track 12 on ""AllFrumTha I"" by AllFrumTha I.",3:50,"Apr 21, 1998",Other,Yes,https://open.spotify.com/track/2Ntfr4fgi9EQv3CwDPhLh3?si=dc4a8573ab7f4a99
"War & Peace, Vol. 1","Maniac in the Brainiac
(with Mack 10) (prod. Ice Cube & Binky Mack)","Track 8 on the ""Bulworth"" soundtrack.",4:36,"Apr 21, 1998",Other,Yes,https://open.spotify.com/track/6uhD2jdYVxzqGmxpBTpwFY?si=299285af0fab408b
"War & Peace, Vol. 1","WC - Can't Hold Back
(feat. Ice Cube) (prod. Skooby Doo)","Track 5 on ""The Shadiest One"" by WC.",3:34,"Apr 28, 1998",Other,Yes,https://open.spotify.com/track/7zHwNPjvrCQccKyiEVG2mJ?si=5317f2f990e849eb
"War & Peace, Vol. 1","WC - Like That
(feat. Ice Cube, Daz Dillinger & CJ Mac) (prod. Daz Dillinger)","Track 10 on ""The Shadiest One by WC.",4:29,"Apr 28, 1998",Other,Yes,https://open.spotify.com/track/793y2dvUfQb8JxmNuajBp5?si=884827cf90494ca9
"War & Peace, Vol. 1","MC Ren - Comin' After You
(feat. Ice Cube) (prod. DJ Bobcat)","Track 4 on ""Ruthless for Life"" by MC Ren.",3:58,"Jun 30, 1998",Other,Yes,https://open.spotify.com/track/5NUuVRlPNYRQUf8aNWW2jP?si=53c2f61d71ff478f
"War & Peace, Vol. 1","Korn - Children of the Korn
(feat. Ice Cube) (prod. Steve Thompson, Toby Wright & Korn)","Track 5 on ""Follow the Leader"" by Korn.",3:52,"Aug 18, 1998",Other,Yes,https://open.spotify.com/track/72ZarLfZuVXLa2VN1jzAWk?si=48b5f8a32b254e52
"War & Peace, Vol. 1","Jayo Felony - J.A.Y.O. (Justice Against Y'all Oppressors)
(feat. Ice Cube & E-40) (prod. T-Funk)","Track 17 on ""Whatcha Gonna Do"" by Jayo Felony.",4:38,"Aug 25, 1998",Other,Yes,https://open.spotify.com/track/0aaCMyJhtEec52CMn0WeIB?si=6f504525d4714706
"War & Peace, Vol. 1","Mack 10 - Ghetto Horror Show
(feat. Ice Cube & Jayo Felony) (prod. Mack 10 & DJ U-Neek)","Track 10 on ""The Recipe"" by Mack 10.",4:46,"Oct 6, 1998",Other,Yes,https://open.spotify.com/track/5q5x4UW3WkTV2o5JF2PDqF?si=06f3bc46e89d4531
"War & Peace, Vol. 1","Mack 10 - Should I Stay Or Should I Go?
(feat. Ice Cube & Korn) (prod. Rick ""Dutch"" Cousin)","Track 17 on ""The Recipe"" by Mack 10.",4:09,"Oct 6, 1998",Other,Yes,https://open.spotify.com/track/3ETZNoRP7NXBWqLcYAYVVy?si=9badad560b574e26
"War & Peace, Vol. 1","Pushin' Weight
(feat. Mr. Short Khop) (prod. N.O. Joe)","First single released on October 13, 1998. Track 2 of ""War & Peace, Vol. 1 (The War Disc)"".",4:38,"Oct 7, 1998",Other,Yes,https://open.spotify.com/track/1Lol4oIE5ruatEyhzu7Mw9?si=e4d4ae246d8a4101
"War & Peace, Vol. 1","Ask About Me
(prod. T-Mix)","Track 1 of ""War & Peace, Vol. 1 (The War Disc)"".",3:06,"Nov 17, 1998",Other,Yes,https://open.spotify.com/track/6F7G2URdiV501r4FsI4g9c?si=ad3c77f8509246e9
"War & Peace, Vol. 1","Dr. Frankenstein
(prod. Ice Cube, N.O. Joe & Joe Joe)","Track 3 of ""War & Peace, Vol. 1 (The War Disc)"".",4:54,"Nov 17, 1998",Other,Yes,https://open.spotify.com/track/3HYhNrxAuPASSi88uQ4VP0?si=b942db26dca640fc
"War & Peace, Vol. 1","Fuck Dying
(feat. Korn) (prod. Ice Cube)","Track 4 of ""War & Peace, Vol. 1 (The War Disc)"".",4:03,"Nov 17, 1998",Other,Yes,https://open.spotify.com/track/2Qq2O47kcBU3FksKmDSiPn?si=b7cb8a160fc84a91
"War & Peace, Vol. 1","War and Peace
(prod. Ice Cube & Bud'da)","Track 5 of ""War & Peace, Vol. 1 (The War Disc)"".",3:18,"Nov 17, 1998",Other,Yes,https://open.spotify.com/track/7wUoCB7AXGyiSqfRFzQUrj?si=7cc046ce72ac4e1e
"War & Peace, Vol. 1",MP,"Track 8 of ""War & Peace, Vol. 1 (The War Disc)"".",0:49,"Nov 17, 1998",Other,Yes,https://open.spotify.com/track/71vxvadFTNj1Hx4LqLEBkl?si=cdb26549d7704cbc
"War & Peace, Vol. 1","Cash Over Ass
(prod. Ice Cube)","Track 9 of ""War & Peace, Vol. 1 (The War Disc)"".",4:21,"Nov 17, 1998",Other,Yes,https://open.spotify.com/track/69gFbxx2pfJ5R8hIHRuTHf?si=dd9ab93fa5b9459c
"War & Peace, Vol. 1","The Curse of Money
(feat. Mack 10) (prod. Ice Cube, N.O. Joe & Joe Joe)","Track 10 of ""War & Peace, Vol. 1 (The War Disc)"".",3:39,"Nov 17, 1998",Other,Yes,https://open.spotify.com/track/6XO0TbSq0rPuLV1J7fNJG8?si=d024e390fa1a441e
"War & Peace, Vol. 1","The Peckin' Order
(prod. Ice Cube & Deep Fried Damp)","Track 11 of ""War & Peace, Vol. 1 (The War Disc)"".",3:21,"Nov 17, 1998",Other,Yes,https://open.spotify.com/track/7g0RDJQ1UDXtMU3aCHTpWQ?si=f8477f1760624817
"War & Peace, Vol. 1","Limos, Demos and Bimbos
(feat. Mr. Short Khop) (prod. Rick Dutch Cousin)","Track 12 of ""War & Peace, Vol. 1 (The War Disc)"".",3:51,"Nov 17, 1998",Other,Yes,https://open.spotify.com/track/0WHPTVcIjj8MUG7Nt0iP7n?si=ddad4501bd1a411e
"War & Peace, Vol. 1","Once Upon a Time in the Projects 2
(prod. Ice Cube)","Track 13 of ""War & Peace, Vol. 1 (The War Disc)"".",3:05,"Nov 17, 1998",Other,Yes,https://open.spotify.com/track/6JWtjbjG1yO6ulYUigGib1?si=0b2546d9f76e4e9d
"War & Peace, Vol. 1","If I Was Fuckin' You
(feat. Mr. Short Khop & K-Mac) (prod. Butch)","Track 14 of ""War & Peace, Vol. 1 (The War Disc)"".",3:28,"Nov 17, 1998",Other,Yes,https://open.spotify.com/track/5maZRmOU6ox314aNGeatI7?si=1cdf641706f44223
"War & Peace, Vol. 1","X-Bitches
(prod. N.O. Joe)","Track 15 of ""War & Peace, Vol. 1 (The War Disc)"".",4:59,"Nov 17, 1998",Other,Yes,https://open.spotify.com/track/1qRjkKfIp2di9K0dcyISmR?si=8632a34afbad4db2
"War & Peace, Vol. 1","Extradition
(prod. Ice Cube & Bud'da)","Track 16 of ""War & Peace, Vol. 1 (The War Disc)"".",4:38,"Nov 17, 1998",Other,Yes,https://open.spotify.com/track/32lV7JIQJtqVTa7uMmkyRR?si=fde9d1234b734d8d
"War & Peace, Vol. 1","3 Strikes You In
(prod. Ice Cube & N.O. Joe)","Track 17 of ""War & Peace, Vol. 1 (The War Disc)"".",4:34,"Nov 17, 1998",Other,Yes,https://open.spotify.com/track/4v0SYXZpuyONZuihPIA4JJ?si=fa481a91124f4c69
"War & Peace, Vol. 1","Penitentiary
(prod. Ice Cube & E-A-Ski)","Track 18 of ""War & Peace, Vol. 1 (The War Disc)"".",4:12,"Nov 17, 1998",Other,Yes,https://open.spotify.com/track/4mt6sfVX6S5oShf8rA0wWd?si=4ede2ac713964cca
"20 on Streaming
2 not on Streaming","War & Peace, Vol. 2 (The Peace Disc)","(11/17/1998) (War & Peace, Vol. 1 officially releases)
(03/20/2000) (War & Peace, Vol. 2 officially releases)",,,Other,"""War & Peace, Vol. 2 (The Peace Disc)"" is the sixth studio album by Ice Cube, released through Lench Mob and Priority Records on March 21, 2000, being the last record on Priority Records until ""Laugh Now, Cry Later"" in 2006. This serves as the second part to his previous album.",
"War & Peace, Vol. 2","Road Dawgs - Murderfest 99
(feat. Ice Cube, Mack 10, MC Eiht, Boo Kapone & Boobie) (prod. Rick ""Dutch"" Cousin)","Track 7 on ""Don't Be Saprize"" by Road Dawgs.",4:42,"Mar 23, 1999",Other,No,https://www.youtube.com/watch?v=QO7-oeSh5ko
"War & Peace, Vol. 2","Road Dawgs - You Ain't Know
(feat. Ice Cube, Mack 10, Q.S.-Bandit & Young Pretty) (prod. Clint ""Payback"" Sands)","Track 11 on ""Don't Be Saprize"" by Road Dawgs.",3:34,"Mar 23, 1999",Other,No,https://www.youtube.com/watch?v=pu5L-DOG_Lc
"War & Peace, Vol. 2","MC Eiht - Ill Tha Hood Way
(feat. Ice Cube & Mack 10) (prod. Binky Mack)","Track 13 on ""Section 8"" by MC Eiht.",4:27,"Jun 8, 1999",Other,Yes,https://open.spotify.com/track/5ASs9NkfaJtMlccLgqrtxx?si=ee934b6d53cf469a
"War & Peace, Vol. 2","The Notorious B.I.G - If I Should Die Before I Wake
(feat. Ice Cube, Black Rob & Beanie Sigel) (prod. Coptic, D-Dot & Charlemagne)","Track 14 on ""Born Again"" by The Notorious B.I.G.",4:51,"Dec 7, 1999",Other,Yes,https://open.spotify.com/track/5HQ1Y5PN8LaSC22ZMV8vwM?si=c5e3255ad76448ed
"War & Peace, Vol. 2","You Can Do It
(feat. Mack 10 & Ms. Toi) (prod. One Eye)","First single released on November 16, 1999. Track 9 of ""War & Peace, Vol. 2 (The Peace Disc)"".",4:19,"Nov 16, 1999",Other,Yes,https://open.spotify.com/track/4NTn0Yo8hTGW5tbBANBzfh?si=e5df818ed618464a
"War & Peace, Vol. 2","Hello
(feat. Dr. Dre & MC Ren) (prod. Dr. Dre)","Track 1 of ""War & Peace, Vol. 2 (The Peace Disc)"". Later released as the third single on June 3, 2000.",3:52,"Mar 20, 2000",Other,Yes,https://open.spotify.com/track/60uesDF4UyLUs61FgiDkdp?si=9b8119fba76e475a
"War & Peace, Vol. 2",Pimp Homeo,"Track 2 of ""War & Peace, Vol. 2 (The Peace Disc)"".",0:35,"Mar 20, 2000",Other,Yes,https://open.spotify.com/track/6lfNnV4QDBWKHM8gB72WdI?si=24f884a17e18422a
"War & Peace, Vol. 2","You Ain't Gotta Lie (Ta Kick It)
(feat. Chris Rock) (prod. Chucky Thompson, Rich Nice & Loren Hill)","Track 3 of ""War & Peace, Vol. 2 (The Peace Disc)"".",4:06,"Mar 20, 2000",Other,Yes,https://open.spotify.com/track/1o05oaGw3LhKSY3XFyhLJr?si=e67f9648ee0f4024
"War & Peace, Vol. 2","The Gutter Shit
(feat. Jayo Felony, Gangsta, Squeak Ru) (prod. Ice Cube & T-Bone)","Track 4 of ""War & Peace, Vol. 2 (The Peace Disc)"".",4:29,"Mar 20, 2000",Other,Yes,https://open.spotify.com/track/7yFrTQuYkkF0XqAKnqkdC0?si=3495c098543241c0
"War & Peace, Vol. 2","Supreme Hustle
(prod. Chucky Thompson, Rich Nice & Loren Hill)","Track 5 of ""War & Peace, Vol. 2 (The Peace Disc)"".",4:22,"Mar 20, 2000",Other,Yes,https://open.spotify.com/track/2r1LDp4MRHJwcgEXX9BnuJ?si=48be4ff4753d40d7
"War & Peace, Vol. 2",Mental Warfare,"Track 6 of ""War & Peace, Vol. 2 (The Peace Disc)"".",1:01,"Mar 20, 2000",Other,Yes,https://open.spotify.com/track/2SJeYfLkfZzfhHt3F2Wuna?si=16baa7a92bfd4235
"War & Peace, Vol. 2","24 Mo' Hours
(prod. Battlecat)","Track 7 of ""War & Peace, Vol. 2 (The Peace Disc)"".",3:27,"Mar 20, 2000",Other,Yes,https://open.spotify.com/track/3cwrY32oaCzJ6ljp8g4dx0?si=b7be178ff6ed41d6
"War & Peace, Vol. 2","Until We Rich
(feat. Krayzie Bone) (prod. Chucky Thompson, Rich Nice, Loren Hill & Kevin Veney)","Track 8 of ""War & Peace, Vol. 2 (The Peace Disc)"". Later released as the second single on April 4, 2000.",4:14,"Mar 20, 2000",Other,Yes,https://open.spotify.com/track/6l3b8BOBDRDM1ne9fpOygz?si=ebacef4da511411b
"War & Peace, Vol. 2",Mackin' and Driving,"Track 10 of ""War & Peace, Vol. 2 (The Peace Disc)"".",0:27,"Mar 20, 2000",Other,Yes,https://open.spotify.com/track/2LKF7PXbTU5lLbmbszanpz?si=b4577df84a014fe1
"War & Peace, Vol. 2","Gotta Be Insanity
(prod. P. Diddy & Mario Winans)","Track 11 of ""War & Peace, Vol. 2 (The Peace Disc)"".",4:00,"Mar 20, 2000",Other,Yes,https://open.spotify.com/track/2oI6uv8BSfv0FxK3oPvKBH?si=68e0139e50cd4798
"War & Peace, Vol. 2","Roll All Day
(prod. One Eye)","Track 12 of ""War & Peace, Vol. 2 (The Peace Disc)"".",3:15,"Mar 20, 2000",Other,Yes,https://open.spotify.com/track/6WUZnoRaLSnSAcq6qdzgQa?si=26807ab210fd45ed
"War & Peace, Vol. 2","Can You Bounce?
(prod. Younglord)","Track 13 of ""War & Peace, Vol. 2 (The Peace Disc)"".",3:53,"Mar 20, 2000",Other,Yes,https://open.spotify.com/track/5qZiywgiFg4chXciPUiRuS?si=1103fb6e04184213
"War & Peace, Vol. 2",Dinner with the CEO,"Track 14 of ""War & Peace, Vol. 2 (The Peace Disc)"".",0:49,"Mar 20, 2000",Other,Yes,https://open.spotify.com/track/7CJbUoNJXQJ6D7gvX5bCNB?si=2980963ce69a4119
"War & Peace, Vol. 2","Record Company Pimpin'
(prod. Bud'da)","Track 15 of ""War & Peace, Vol. 2 (The Peace Disc)"".",4:46,"Mar 20, 2000",Other,Yes,https://open.spotify.com/track/6iRrmYzDnpaI2DM5omoBoq?si=c8043fef2cd84acc
"War & Peace, Vol. 2","Waitin' ta Hate
(prod. One Eye & DJ Joe Rodriguez)","Track 16 of ""War & Peace, Vol. 2 (The Peace Disc)"".",3:38,"Mar 20, 2000",Other,Yes,https://open.spotify.com/track/35ZWev94OPoi4CaRU208kF?si=9d71295970b04041
"War & Peace, Vol. 2","Nigga of the Century
(prod. Suga Bear)","Track 17 of ""War & Peace, Vol. 2 (The Peace Disc)"".",4:14,"Mar 20, 2000",Other,Yes,https://open.spotify.com/track/18zym9XiyPtsNvMAuJUMBp?si=ca8d7fc76bd14858
"War & Peace, Vol. 2","You Can Do It (Instrumental)
(prod. One Eye)","Track 18 of ""War & Peace, Vol. 2 (The Peace Disc)"".",4:20,"Mar 20, 2000",Other,Yes,https://open.spotify.com/track/1Lb4tzo2Qr5DcBDDB4pYJP?si=589402d37f484947
"23 on Streaming
10 not on Streaming","Terrorist Threats
(Collaboration with Mack 10 and WC as Westside Connection)","(03/20/2000) (War & Peace, Vol. 2 officially releases)
(12/09/2003) (Terrorist Threats officially releases)",,,Other,"""Terrorist Threats"" is the second studio collab album under Westside Connection and would serve as their last album as a group due to issues between Ice Cube and Mack 10. It was released through Mack 10's Hoo-Bangin' label and Capitol Records on December 9, 2003.",
Terrorist Threats,"Mack 10 - Nobody
(feat. Westside Connection & Timbaland) (prod. Timbaland)","Track 3 on ""The Paper Route"" by Mack 10. Ice Cube has writing credits.",5:11,"Sep 5, 2000",Other,Yes,https://open.spotify.com/track/5KX39DfF3ZBubbmtDVe8T8?si=af3c957f25944804
Terrorist Threats,"Mack 10 - Tha Weekend
(feat. Ice Cube & Techniec) (prod. Leslie Brathwaite)","Track 13 on ""The Paper Route"" by Mack 10.",6:33,"Sep 5, 2000",Other,Yes,https://open.spotify.com/track/5KHnxcma2j0BtbcqZY7zLS?si=5c918b4bf21049d8
Terrorist Threats,"E-40 - Behind Gates
(feat. Ice Cube) (prod. Rick Rock)","Track 12 on ""Loyalty and Betrayal"".",4:12,"Oct 10, 2000",Other,Yes,https://open.spotify.com/track/5EMZMVZR7LsIR2sMTubwEY?si=e518428fc5264417
Terrorist Threats,"Snoop Dogg - Set It Off
(feat. Ice Cube, MC Ren, The Lady of Rage & Nate Dogg) (prod. Timbaland)","Track 7 on ""Tha Last Meal"".",4:37,"Dec 19, 2000",Other,Yes,https://open.spotify.com/track/7E6cKQcGpPqsr3eqnpnw0C?si=1823612bb05745cd
Terrorist Threats,"Mr. Short Khop - Short Khop & the Brain
(feat. Ice Cube) (prod. N.O. Joe & Jo Jo)","Track 3 on ""Da Khop Shop"".",3:44,"Mar 21, 2001",Other,No,https://www.youtube.com/watch?v=FJIRVZKhpSA
Terrorist Threats,"Mr. Short Khop - One Way to Win
(feat. Ice Cube) (prod. N.O. Joe)","Track 6 on ""Da Khop Shop"".",4:28,"Mar 21, 2001",Other,No,https://www.youtube.com/watch?v=4atfTcD5VSI
Terrorist Threats,"Mr. Short Khop - Flashbacks
(feat. Ice Cube) (prod. Battlecat)","Track 12 on ""Da Khop Shop"".",4:15,"Mar 21, 2001",Other,No,https://www.youtube.com/watch?v=LGdES3Ijebs
Terrorist Threats,"Mr. Short Khop - Da Ready Rock
(feat. Ice Cube) (prod. Flossy P)","Track 13 on ""Da Khop Shop"".",4:31,"Mar 21, 2001",Other,No,https://www.youtube.com/watch?v=Zt9pllSgdqw
Terrorist Threats,"Mr. Short Khop - My Loved One (Remix)
(feat. Ice Cube) (prod. Chris Rice & DJ Rice)","Track 16 on ""Da Khop Shop"".",3:40,"Mar 21, 2001",Other,No,https://www.youtube.com/watch?v=fClaTHDEHQI
Terrorist Threats,"$100 Dollar Bill Y'all
(prod. Rockwilder)","Track 4 on ""Greatest Hits"".",3:45,"Dec 4, 2001",Other,Yes,https://open.spotify.com/track/45VWVqfqVx9VoHitFiXLa3
Terrorist Threats,"In The Late Night Hour
(feat. Pusha T) (prod. The Neptunes)
(Late Night Hour)","Track 17 on ""Greatest Hits"".",3:56,"Dec 4, 2001",Other,No,https://open.spotify.com/track/5z5PkpuNNQNEd1OdizjtQz
Terrorist Threats,"Paul Oakenfold - Get Em Up
(feat. Ice Cube) (prod. Paul Oakenfold)","Track 9 on ""Bunkka"" by Paul Oakenfold.",3:50,"Jun 30, 2002",Other,Yes,https://open.spotify.com/track/6E4S7xDA9xOgZxtvw7Vswm?si=cab58e437e354e28
Terrorist Threats,"Da Hood - What You Gone Do?
(feat. Ice Cube) (prod. Young Trey)","Track 12 on ""Mack 10 Presents da Hood"" by the Da Hood label.",3:47,"Jul 23, 2002",Other,Yes,https://open.spotify.com/track/4SpmFidkJlxdOBHeygSxLI?si=c687c0431495450d
Terrorist Threats,"The Speech (Intro)
(with Cedric the Entertainer)","Track 1 on the ""Barbershop"" soundtrack.",0:40,"Aug 27, 2002",Other,No,https://www.youtube.com/watch?v=5OR0W79ITW0
Terrorist Threats,"Big Booty Girls (Outro)
(with Michael Ealy, Leon Collier ""Jam"", Ray Thompson & Eric Lane","Track 16 on the ""Barbershop"" soundtrack.",0:46,"Aug 27, 2002",Other,No,https://www.youtube.com/watch?v=SUBeq9bBXNk
Terrorist Threats,"WC - Walk
(feat. Westside Connection) (prod. Battlecat)","Track 8 on ""Ghetto Heisman"".",3:58,"Nov 12, 2002",Other,Yes,https://open.spotify.com/track/6uG0DXXNZMMdJnplFudVwB?si=c4e1a7eebf994681
Terrorist Threats,"WC - Wanna Ride
(feat. Ice Cube & MC Ren) (prod. Tony Pizarro & Flip)","Track 12 on ""Ghetto Heisman"".",4:19,"Nov 12, 2002",Other,Yes,https://open.spotify.com/track/62PXRggc6zA7zEnPZdRhTc?si=b6bd5cdcfbaf4dbf
Terrorist Threats,"It'z the Holidaze
(with Westside Connection) (prod. Dallas Austin)","Track 1 on the ""Friday After Next"" soundtrack.",3:57,"Nov 19, 2002",Other,No,https://www.youtube.com/watch?v=gwclDuJZvKE
Terrorist Threats,"The D.O.C - The Shit
(feat. Ice Cube, 6Two, MC Ren & Snoop Dogg)","Track 5 on ""Deuce"" by The D.O.C.",4:58,"Feb 25, 2003",Other,No,https://www.youtube.com/watch?v=SD79prM6zW0
Terrorist Threats,"Gangsta Nation
(feat. Nate Dogg) (prod. Fredwreck)","Single released on October 14, 2003. Track 4 of ""Terrorist Threats"".",4:53,"Oct 14, 2003",Other,Yes,https://open.spotify.com/track/65iyI1iybyv5ecsfBHSdUf?si=a595337f98524b11
Terrorist Threats,"Get Ignit
(prod. Neff-U)","B-side to the single ""Gangsta Nation"". Track 5 of ""Terrorist Threats"".",4:11,"Oct 14, 2003",Other,Yes,https://open.spotify.com/track/6DNyvIS3ys3vKd8iiUymcf?si=38e6fbabe6334bb5
Terrorist Threats,A Threat to the World - Intro,"Track 1 of ""Terrorist Threats"".",1:14,"Dec 9, 2003",Other,Yes,https://open.spotify.com/track/2FP7d1SG5bdZHQXpFuEi58?si=3ac872e2043941cd
Terrorist Threats,"Call 9-1-1
(prod. Young Tre)","Track 2 of ""Terrorist Threats"".",3:44,"Dec 9, 2003",Other,Yes,https://open.spotify.com/track/5J5Bbx7lKQOQXeW1EAL9Mz?si=019a8225474c4b71
Terrorist Threats,"Potential Victims
(prod. Young Tre)","Track 3 of ""Terrorist Threats"".",3:02,"Dec 9, 2003",Other,Yes,https://open.spotify.com/track/7aopCwdw4qfpROhF34RGlF?si=341f4c5884924f44
Terrorist Threats,"Pimp the System
(feat. Butch Cassidy) (prod. Pockets & Rashad Coes)","Track 6 of ""Terrorist Threats"".",4:45,"Dec 9, 2003",Other,Yes,https://open.spotify.com/track/3l2WuQlm2aiWR9LnQ8qK6a?si=e574a2c3c18848de
Terrorist Threats,"Don't Get Outta Pocket
(feat. K-Mac) (prod. Young Tre)","Track 7 of ""Terrorist Threats"".",3:51,"Dec 9, 2003",Other,Yes,https://open.spotify.com/track/5hxzdPN9EzRbvlkVzptVaa?si=c4308c3f2e954a99
Terrorist Threats,"IZM
(prod. The MIDI Mafia)","Track 8 of ""Terrorist Threats"".",4:05,"Dec 9, 2003",Other,Yes,https://open.spotify.com/track/6JArzREnwB1502RXjP3z5V?si=a096f980de214873
Terrorist Threats,"So Many Rappers In Love
(prod. Pockets & Rashad Coes)","Track 9 of ""Terrorist Threats"".",4:13,"Dec 9, 2003",Other,Yes,https://open.spotify.com/track/4FeMl0W46BQcHhytb804l4?si=1cd7f3230e264c5e
Terrorist Threats,"Lights Out
(feat. Knoc-turn'al) (prod. Damizza)","Track 10 of ""Terrorist Threats"".",3:43,"Dec 9, 2003",Other,Yes,https://open.spotify.com/track/1Qi256uJuMihknGuuFcQoC?si=350fb2ac4eb74f48
Terrorist Threats,"Bangin' at the Party
(feat. K-Mac, Skoop Delania & Young Soprano) (prod. Sir Jinx & DJ Jamal #9)","Track 11 of ""Terrorist Threats"".",3:12,"Dec 9, 2003",Other,Yes,https://open.spotify.com/track/1UoQBfWyHeUh4L3hOMEUzr?si=0e596366f5c44f58
Terrorist Threats,"You Gotta Have Heart
(prod. The MIDI Mafia)","Track 12 of ""Terrorist Threats"".",3:52,"Dec 9, 2003",Other,Yes,https://open.spotify.com/track/7nAyRHZZNISFKbP8oHdeFC?si=b9842b5984a44f29
Terrorist Threats,"Terrorist Threats
(prod. Big Tank)","Track 13 of ""Terrorist Threats"".",2:28,"Dec 9, 2003",Other,Yes,https://open.spotify.com/track/2BaSlRAT2nI6M7lU5XJDZY?si=9fcbfa3e01264981
Terrorist Threats,"Superstar (Double Murder = Double Platinum)
(prod. Megahertz)","Track 14 of ""Terrorist Threats"".",4:14,"Dec 9, 2003",Other,Yes,https://open.spotify.com/track/7f4vS0tlORJxeFDrsBL0jw?si=74727fe2ad414539
"22 on Streaming
2 not on Streaming","Laugh Now, Cry Later","(12/09/2003) (Terrorist Threats officially releases)
(06/06/2006) (Laugh Now, Cry Later officially releases)",,,Other,"""Laugh Now, Cry Later"" is the seventh studio album by Ice Cube.",
"Laugh Now, Cry Later","Lil Jon & the East Side Boyz - Real N***A Roll Call
(feat. Ice Cube) (prod. Lil Jon)","Track 4 on ""Crunk Juice"" by Lil Jon & the East Side Boyz.",5:08,"Nov 16, 2004",Other,Yes,https://open.spotify.com/track/3HnhrVBybVBzp9yEQcAzfC?si=e625aff0add24b41
"Laugh Now, Cry Later","Lil Jon & the East Side Boyz - Grand Finale
(feat. Ice Cube, Bun B, Jadakiss, T.I., Nas) (prod. Lil Jon)","Track 20 on ""Crunk Juice"" by Lil Jon & the East Side Boyz.",6:48,"Nov 16, 2004",Other,Yes,https://open.spotify.com/track/5LBoiIPvgirvBi37QFSNem?si=9bd466c84c04448b
"Laugh Now, Cry Later","Anybody Seen the PoPo's?!
(prod. Hallway Productionz)","Track 2 on the ""XXX: State of the Union"" soundtrack.",3:58,"Apr 26, 2005",Other,No,https://www.youtube.com/watch?v=C6lNWbm3tG4
"Laugh Now, Cry Later","The Game - My Lowrider
(feat. Ice Cube, Techniec, E-40, Crooked I, Chingy, Lil Rob, Paul Wall & WC) (prod. Chopz)","Track 13 on the ""Stop Snitchin–Stop Lyin"" mixtape.",5:19,"Dec 3, 2005",Other,No,https://youtu.be/9KgKf593gA0?si=o_52KO64hP25xEuR
"Laugh Now, Cry Later","Why We Thugs
(prod. Scott Storch)","First single released on April 13, 2006. Track 2 of ""Laugh Now, Cry Later"".",3:45,"Apr 13, 2006",Other,Yes,https://open.spotify.com/track/5880eYQmXx3c3oD22IljIt?si=17497bc20e974e69
"Laugh Now, Cry Later","Go to Church
(feat. Snoop Dogg & Lil' Jon) (prod. Lil' Jon)","Second single released on June 1, 2006. Track 10 of ""Laugh Now, Cry Later"".",4:00,"Jun 1, 2006",Other,Yes,https://open.spotify.com/track/4fF8l8ODWceeBL96o5rMcg?si=20ebd26a8c8d421c
"Laugh Now, Cry Later",Definition of a West Coast G' - Intro,"Track 1 of ""Laugh Now, Cry Later"".",0:14,"Jun 6, 2006",Other,Yes,https://open.spotify.com/track/7owXRgsbkK5fhehTqIGMal?si=1bc399e3029c46a3
"Laugh Now, Cry Later","Smoke Some Weed
(prod. Bud'da)","Track 3 of ""Laugh Now, Cry Later"".",3:46,"Jun 6, 2006",Other,Yes,https://open.spotify.com/track/6MX5QGxkpXRdR8Q16GJGtW?si=603adef1deea4648
"Laugh Now, Cry Later",Dimes & Nicks (A Call from Mike Epps),"Track 4 of ""Laugh Now, Cry Later"".",1:06,"Jun 6, 2006",Other,Yes,https://open.spotify.com/track/7BExdK2XozgP0wKHTy418m?si=b1e1c5826e164031
"Laugh Now, Cry Later","Child Support
(prod. Hallway Productionz)","Track 5 of ""Laugh Now, Cry Later"".",4:01,"Jun 6, 2006",Other,Yes,https://open.spotify.com/track/6iGIy8l00ve5sDuHe5saKg?si=7c023168b205462c
"Laugh Now, Cry Later",Two Decades Ago,"Track 6 of ""Laugh Now, Cry Later"".",0:14,"Jun 6, 2006",Other,Yes,https://open.spotify.com/track/0TlS39nVsvZ1aMAPMdZlYf?si=04c42947e71b4301
"Laugh Now, Cry Later","Doin' What It 'Pose 2Do
(prod. Emile)","Track 7 of ""Laugh Now, Cry Later"".",4:07,"Jun 6, 2006",Other,Yes,https://open.spotify.com/track/3vGaogo0IGWBIFvC3iJpEr?si=0cadc38f802a42e1
"Laugh Now, Cry Later","Laugh Now, Cry Later
(prod. Sean C)","Track 8 of ""Laugh Now, Cry Later"".",3:36,"Jun 6, 2006",Other,Yes,https://open.spotify.com/track/02wZqE3g3HPRy89owZGF6c?si=a70996d7c7da48d1
"Laugh Now, Cry Later","Stop Snitchin'
(prod. Swizz Beatz)","Track 9 of ""Laugh Now, Cry Later"".",3:15,"Jun 6, 2006",Other,Yes,https://open.spotify.com/track/0gWeDrdrCJWyHFSUbnU3S8?si=e79cc082d9744528
"Laugh Now, Cry Later","The N***a Trapp
(prod. DJ Green Lantern)","Track 11 of ""Laugh Now, Cry Later"".",3:48,"Jun 6, 2006",Other,Yes,https://open.spotify.com/track/775OXZlYyH2t5Lnsp0iC51?si=1d48125c66ef44d5
"Laugh Now, Cry Later",A History of Violence,"Track 12 of ""Laugh Now, Cry Later"".",1:09,"Jun 6, 2006",Other,Yes,https://open.spotify.com/track/3N4MCF1Av0bfEiTUvxKUBq?si=c9d9f542c61d4bb9
"Laugh Now, Cry Later","Growin' Up
(prod. Laylaw & D-Mac)","Track 13 of ""Laugh Now, Cry Later"".",3:53,"Jun 6, 2006",Other,Yes,https://open.spotify.com/track/2wKbamR0CPuWM4eu0aq3Bt?si=88665640b9964894
"Laugh Now, Cry Later","Click, Clack - Get Back!
(prod. Emile)","Track 14 of ""Laugh Now, Cry Later"".",3:09,"Jun 6, 2006",Other,Yes,https://open.spotify.com/track/4l3ucO4UCnpL4ZoAoHFWYc?si=d371070eb76d4bad
"Laugh Now, Cry Later","The Game Lord
(prod. Hallway Productionz)","Track 15 of ""Laugh Now, Cry Later"".",4:09,"Jun 6, 2006",Other,Yes,https://open.spotify.com/track/6LV4As95HJOPg4vWQbO1TN?si=f267efec5f6748fd
"Laugh Now, Cry Later","Chrome & Paint
(feat. WC) (prod. Bud'da)","Track 16 of ""Laugh Now, Cry Later"".",3:27,"Jun 6, 2006",Other,Yes,https://open.spotify.com/track/54buFzKB7sjhntU6JoUo3P?si=364f4e1e1a0f4536
"Laugh Now, Cry Later","Steal the Show
(prod. Scott Storch)","Track 17 of ""Laugh Now, Cry Later"".",4:12,"Jun 6, 2006",Other,Yes,https://open.spotify.com/track/5VvvqruigadKqCvF54AHeW?si=fd7be2c487e848e0
"Laugh Now, Cry Later","You Gotta Lotta That
(feat. Snoop Dogg) (prod. Lil' John)","Track 18 of ""Laugh Now, Cry Later"".",4:06,"Jun 6, 2006",Other,Yes,https://open.spotify.com/track/0zJv3NfoKASSpFmAJEqSSt?si=7133a459539a486c
"Laugh Now, Cry Later","Spittin' Pollaseeds
(feat. WC & Kokane) (prod. Laylaw & D-Mac)","Track 19 of ""Laugh Now, Cry Later"".",5:04,"Jun 6, 2006",Other,Yes,https://open.spotify.com/track/6vWHk0G77tXm8QGojoifuZ?si=63f2e1b9b64246eb
"Laugh Now, Cry Later","Holla @ Cha' Boy
(prod. Lil' Jon)","Track 20 of ""Laugh Now, Cry Later"".",3:30,"Jun 6, 2006",Other,Yes,https://open.spotify.com/track/7DfjFqjOUxOocAjE7ReffT?si=910d8c8bb8f247e6
"26 on Streaming
0 not on Streaming",Raw Footage,"(06/06/2006) (Laugh Now, Cry Later officially releases)
(08/19/2008) (Raw Footage officially releases)",,,Other,"""Raw Footage"" is the eighth studio album by Ice Cube.",
Raw Footage,"Snoop Dogg - LAX
(feat. Ice Cube) (prod. DJ Battlecat)","Track 10 on ""Tha Blue Carpet Treatment"" by Snoop Dogg.",3:21,"Nov 21, 2006",Other,Yes,https://open.spotify.com/track/5e8ER5Aot7za1AzhnvtiiZ?si=01708047b7b0418f
Raw Footage,"Boyz n da Hood - Choppa's
(feat. Ice Cube) (prod. Dee Jay Dana)","Track 6 on ""Back Up n da Chevy"" by Boyz n da Hood.",3:57,"Aug 7, 2007",Other,Yes,https://open.spotify.com/track/2EHTUA0DuLTQhMjwxJfZ8u?si=bc161c34d2f34b76
Raw Footage,"WC - This Is Los Angeles
(feat. Ice Cube) (prod. Ice Cube & Jelly Roll)","Track 1 on ""Guilty by Affiliation"" by WC.",3:05,"Aug 14, 2007",Other,Yes,https://open.spotify.com/track/1zeVPcyXx92QrrzHjynaF7?si=d5029bbc14f84f4d
Raw Footage,"WC - Paranoid
(feat. Ice Cube) (prod. Ice Cube & Kon Artis)","Track 4 on ""Guilty by Affiliation"" by WC.",4:10,"Aug 14, 2007",Other,Yes,https://open.spotify.com/track/2YDb60IjAiXeW9lQLNmexN?si=5194bfa792d94a29
Raw Footage,"WC - Guilty by Affiliation
(feat. Ice Cube) (prod. Ice Cube & Hallway Productionz)","Track 5 on ""Guilty by Affiliation"" by WC.",4:08,"Aug 14, 2007",Other,Yes,https://open.spotify.com/track/1ByQtWsnuW9QDUneGLTNeP?si=2b0a6b5b9d964565
Raw Footage,"WC - Keep It 100
(feat. Ice Cube) (prod. Ice Cube, Laylaw & D-Mac)","Track 7 on ""Guilty by Affiliation"" by WC.",4:17,"Aug 14, 2007",Other,Yes,https://open.spotify.com/track/1aDP71fNmzbVld0KM3Tdel?si=e39ef362a0fe4732
Raw Footage,"WC - If You See a Bad Bitch
(feat. Ice Cube) (prod. Ice Cube & Hallway Productionz)","Track 9 on ""Guilty by Affiliation"" by WC.",3:47,"Aug 14, 2007",Other,Yes,https://open.spotify.com/track/6FW0AitemUQapM6urQENu1?si=caab6e47ca334047
Raw Footage,"WC - Look at Me
(feat. Ice Cube) (prod. Ice Cube & Rick Rock)","Track 10 on ""Guilty by Affiliation"" by WC.",3:28,"Aug 14, 2007",Other,Yes,https://open.spotify.com/track/3BglhLCiqK7T3PooiJPWaK?si=2d9a0ad459e94fb8
Raw Footage,"WC - 80's Babies
(feat. Ice Cube) (prod. Ice Cube & Hallway Productionz)","Track 12 on ""Guilty by Affiliation"" by WC.",3:38,"Aug 14, 2007",Other,Yes,https://open.spotify.com/track/5RPlhLcH5ib7jXgb9HpKaS?si=881443faa14143ef
Raw Footage,"WC - Addicted to It
(feat. Ice Cube) (prod. Ice Cube & Hallway Productionz)","Track 14 on ""Guilty by Affiliation"" by WC.",4:29,"Aug 14, 2007",Other,Yes,https://open.spotify.com/track/5b2OYkCLoAGIqqs3IZE7W9?si=aea27a8868294111
Raw Footage,"Gangsta Rap Made Me Do It
(prod. Maestro)","First single released on January 3, 2008. Track 4 on ""Raw Footage""",4:41,"Jan 3, 2008",Other,Yes,https://open.spotify.com/track/62duQFVb51gug9ajR6Qdiz?si=9e2430767e08413b
Raw Footage,"Do Ya Thang
(prod. Palumbo Beats)","Second single released on July 1, 2008. Track 9 on ""Raw Footage""",4:04,"Jul 1, 2008",Other,Yes,https://open.spotify.com/track/5qPzZDdXXygMsMK5gJaFEn?si=7abbccdf4e7a4616
Raw Footage,"What Is a Pyroclastic Flow?
(prod. John Murphy)","Track 1 on ""Raw Footage"".",0:54,"Aug 19, 2008",Other,Yes,https://open.spotify.com/track/4Fv3ylcAQPNcXo4BrYKmhI?si=6707bd19f4f84111
Raw Footage,"I Got My Locs On
(feat. Young Jeezy) (prod. P-No)","Track 2 on ""Raw Footage"".",3:43,"Aug 19, 2008",Other,Yes,https://open.spotify.com/track/2rt7TbbewJZEV0MxXDxjx1?si=52b9a317c25949f9
Raw Footage,"It Takes a Nation
(prod. Emile)","Track 3 on ""Raw Footage"".",3:26,"Aug 19, 2008",Other,Yes,https://open.spotify.com/track/35sTnIGxofSPnaIfJKgWmJ?si=1f8fdb0e13da4e23
Raw Footage,"Hood Mentality
(prod. Hallway Productionz)","Track 5 on ""Raw Footage"".",5:11,"Aug 19, 2008",Other,Yes,https://open.spotify.com/track/7bADI7mnkoIqrZGwZTjyFi?si=32948b658b7b4c5e
Raw Footage,"Why Me?
(feat. Musiq Soulchild) (prod. Hallway Productionz)","Track 6 on ""Raw Footage"". Later released as a single on September 24, 2008.",4:00,"Aug 19, 2008",Other,Yes,https://open.spotify.com/track/4eBRbgGxQXpfPajcDeNHRV?si=0400a1f7bd71407d
Raw Footage,"Cold Places
(prod. Hallway Productionz)","Track 7 on ""Raw Footage"".",4:12,"Aug 19, 2008",Other,Yes,https://open.spotify.com/track/3ZQcaOM65okByljCV7xdBi?si=6f0b439365ac4eca
Raw Footage,"Jack n the Box
(prod. Tha Bizness)","Track 8 on ""Raw Footage"".",4:22,"Aug 19, 2008",Other,Yes,https://open.spotify.com/track/26DEEL3w84yIul5dT9Rq99?si=bdfaa9c44f5a4886
Raw Footage,"Thank God
(prod. Hallway Productionz)","Track 10 on ""Raw Footage"".",5:28,"Aug 19, 2008",Other,Yes,https://open.spotify.com/track/7i224pKIPvGQavlPXT7u41?si=a0c339f346094958
Raw Footage,"Here He Come
(feat. OMG) (prod. Symphony)","Track 11 on ""Raw Footage"".",4:32,"Aug 19, 2008",Other,Yes,https://open.spotify.com/track/1kgBuSfxv4l5xhjYqk33z4?si=3590a8c6d2ab4e01
Raw Footage,"Get Money, Spend Money, No Money
(prod. Emile)","Track 12 on ""Raw Footage"".",4:07,"Aug 19, 2008",Other,Yes,https://open.spotify.com/track/5RAMj0e8KWDBYXZeWYmfEx?si=b4cb4861f71f440b
Raw Footage,"Get Used to It
(feat. WC & The Game) (prod. EmBeatz)","Track 13 on ""Raw Footage"".",4:25,"Aug 19, 2008",Other,Yes,https://open.spotify.com/track/3HobWls7lkehtvwMrTvV1l?si=f69b89d3b34f4f8f
Raw Footage,"Tomorrow
(prod. Campbell)","Track 14 on ""Raw Footage"".",3:40,"Aug 19, 2008",Other,Yes,https://open.spotify.com/track/2S5rZZGm9nRoFVI0qoBYl0?si=eaab9d6b0d9946ec
Raw Footage,"Stand Tall
(prod. DJ Crazy Toones & DizMIX)","Track 15 on ""Raw Footage"".",3:46,"Aug 19, 2008",Other,Yes,https://open.spotify.com/track/39wwcNzsy66S9kGfR1w3KR?si=0d022bd9e495415d
Raw Footage,"Take Me Away
(feat. Butch Cassidy) (prod. Young Fokus & DJay Cas)","Track 16 on ""Raw Footage"".",4:03,"Aug 19, 2008",Other,Yes,https://open.spotify.com/track/6MIDpQcBDQelZLFWzkM1Kq?si=d3cd7c8184e8467b
"21 on Streaming
0 not on Streaming",I Am The West,"(08/19/2008) (Raw Footage officially releases)
(09/28/2010) (I Am The West officially releases)",,,Other,"""I Am The West"" is the ninth studio album by Ice Cube.",
I Am The West,"Tech N9ne - Blackboy
(feat. Ice Cube, Brother J & Krizz Kaliko)","Track 9 on ""Killer"" by Tech N9ne.",4:45,"Jul 1, 2008",Other,Yes,https://open.spotify.com/track/7nWcftxFB4sSCxSFu3Pd9f?si=5aca953908ea4c5c
I Am The West,"The Game - State of Emergency
(feat. Ice Cube) (prod. J.R. Rotem)","Track 3 on ""LAX"" by The Game.",3:38,"Aug 26, 2008",Other,Yes,https://open.spotify.com/track/7pkd9mGII2AAxMKlRzONDE?si=87eaf2a4a05d4937
I Am The West,"Trick Trick - Let It Fly
(feat. Ice Cube) (prod. Lil Jon)","Track 10 on ""The Villain"" by Trick Trick. Was a single at some point in 2008.",4:13,"Nov 11, 2008",Other,Yes,https://open.spotify.com/track/3a4c4Z8JuL4VQemPVS3iKE?si=26d05d1b69994c90
I Am The West,"Ghostface Killah - Be Easy (Remix)
(feat. Ice Cube) (prod. Pete Rock)","Track 6 on ""GhostDeini the Great"" by Ghostface Killah.",4:25,"Dec 16, 2008",Other,Yes,https://open.spotify.com/track/3eYCuy39V6pc880kdqQ9LI?si=fe2e2aaa864f4880
I Am The West,"I Rep That West
(prod. JIGG)","First single released on April 25, 2010. Track 8 on ""I Am The West"".",4:31,"Apr 25, 2010",Other,Yes,https://open.spotify.com/track/5hPzTy7ydZPMZ9kNUAFudJ?si=166614629e5f4f51
I Am The West,"Lil Jon - Killas
(feat. Ice Cube, The Game, Elephant Man & Whole Wheat Bread) (prod. Lil Jon)","Track 6 on ""Crunk Rock"" by Lil Jon.",3:46,"Jun 8, 2010",Other,Yes,https://open.spotify.com/track/1pUng2ajqrIk8wXACD0seh?si=d0a1645c83004056
I Am The West,"Drink The Kool-Aid
(prod. B.A.M)","Second single released on July 27, 2010. Track 9 on ""I Am The West"".",3:09,"Jul 27, 2010",Other,Yes,https://open.spotify.com/track/0oijEOEjiqs2Cf2EuZl7VO?si=1ffc360835bd4ed1
I Am The West,"She Couldn't Make It On Her Own
(feat. OMG & Doughboy) (prod. Bangladesh)","Third single released on August 31, 2010. Track 4 on ""I Am The West"".",2:58,"Aug 31, 2010",Other,Yes,https://open.spotify.com/track/043jpTgzOXSx9ybQkisQB1?si=40c485e4c8274f10
I Am The West,"Too West Coast
(feat. WC & Maylay) (prod. Hallway Productionz)","Fourth single released on September 1, 2010. Track 7 on ""I Am The West"".",2:58,"Sep 1, 2010",Other,Yes,https://open.spotify.com/track/5jAWBDiITR7lHzB5N8LgDq?si=5e44a719088e46bf
I Am The West,"A Boy Was Conceived - Intro
(prod. John Murphy)","Track 1 on ""I Am The West"".",0:26,"Sep 28, 2010",Other,Yes,https://open.spotify.com/track/5XgpHImsxmHUZhVtRHWtaj?si=fb0db96f57f8410b
I Am The West,"Soul On Ice
(prod. Tha Bizness)","Track 2 on ""I Am The West"".",3:39,"Sep 28, 2010",Other,Yes,https://open.spotify.com/track/62JCJkGlXFl1taVXUcsqu0?si=658a305adcc0426e
I Am The West,"Life In California
(feat. Jayo Felony & WC) (prod. Dae One & Sir Jinx)","Track 3 on ""I Am The West"".",4:02,"Sep 28, 2010",Other,Yes,https://open.spotify.com/track/6XlVaWN7iPaTcNdbhKv20f?si=344a350548f946c0
I Am The West,"Urbanian
(prod. Track Bully)","Track 5 on ""I Am The West"".",2:25,"Sep 28, 2010",Other,Yes,https://open.spotify.com/track/6ItHYouxda3WMN6XDozvsL?si=05f0ecfbca4d47b4
I Am The West,"Ya'll Know How I Am
(feat. OMG, Doughboy, WC & Young Maylay) (prod. DJ Montay)","Track 6 on ""I Am The West"".",2:18,"Sep 28, 2010",Other,Yes,https://open.spotify.com/track/0449DcYI89baUrosQDZ05b?si=400bb5c0a3e148c4
I Am The West,"No Country For Young Men
(prod. Finister II & R.L. Jackson)","Track 10 on ""I Am The West"".",4:13,"Sep 28, 2010",Other,Yes,https://open.spotify.com/track/5uYgmEbMqwePsVnnxYLgMe?si=9737ca2ffa46403c
I Am The West,"It Is What It Is
(prod. DJ Montay)","Track 11 on ""I Am The West"".",3:21,"Sep 28, 2010",Other,Yes,https://open.spotify.com/track/1KDwj6UyJHKsUICFOqXWnG?si=c912748ba584472f
I Am The West,"Hood Robbin'
(prod. T-Mix)","Track 12 on ""I Am The West"".",3:45,"Sep 28, 2010",Other,Yes,https://open.spotify.com/track/4gPw9Uac4aOWuMWvCqJhVj?si=3302c4ef105c49cf
I Am The West,"Your Money Or Your Life
(prod. T-Mix)","Track 13 on ""I Am The West"".",3:23,"Sep 28, 2010",Other,Yes,https://open.spotify.com/track/1Uehj97pbaLcCVPnfowpgx?si=443897a736bf4ca9
I Am The West,"Nothing Like L.A.
(prod. The Fliptones)","Track 14 on ""I Am The West"".",3:20,"Sep 28, 2010",Other,Yes,https://open.spotify.com/track/22VhoVIaVeJx1fvS46OkdU?si=70ea033225e64576
I Am The West,"All Day Everyday
(prod. Hallway Productionz)","Track 15 on ""I Am The West"".",2:21,"Sep 28, 2010",Other,Yes,https://open.spotify.com/track/6L7A2JYdmb9A5SYBQ3AfQ6?si=4d30611f4ab14070
I Am The West,"Fat Cat
(prod. JIGG)","Track 16 on ""I Am The West"".",2:54,"Sep 28, 2010",Other,Yes,https://open.spotify.com/track/6ZLgbxRXw4o1y5ZLk3DZW6?si=1934417a09dd4db0
"28 on Streaming
0 not on Streaming",Everythangs Corrupt,"(09/28/2010) (I Am The West officially releases)
(12/07/2018) (Everythangs Corrupt officially releases)",,,Other,"""Everythangs Corrupt"" is the tenth studio album by Ice Cube.",
Everythangs Corrupt,"WC - You Know Me
(feat. Ice Cube & Young Maylay) (prod. Hallway Productionz)","Released as a single on February 1, 2011. Track 2 on ""Revenge of the Barracuda"" by WC.",3:55,"Feb 1, 2011",Other,Yes,https://open.spotify.com/track/1m09nOiAboIMJTdTfDWMka?si=3c1721465535444b
Everythangs Corrupt,"Daz Dillinger - Iz You Ready 2 Die?
(feat. Ice Cube) (prod. Daz Dillinger & Ivan Johnson)","Track 10 on ""D.A.Z."" by Daz Dillinger.",3:46,"Apr 16, 2011",Other,Yes,https://open.spotify.com/track/4PsacLygtLoVp5BLWcF1Jj?si=dc1047cc4dfa4d0a
Everythangs Corrupt,"Bootsy Collins - Hip Hop @ Funk U
(feat. Ice Cube, Snoop Dogg & Chuck D) (prod. Boosty Collins)","Track 2 on ""Tha Funk Capital of the World"" by Bootsy Collins.",4:10,"Apr 26, 2011",Other,Yes,https://open.spotify.com/track/29iWObB4TptL4sVTZLKTdY?si=8bcce0be82794834
Everythangs Corrupt,"DJ Quik - Boogie Till You Conk Out
(feat. Ice Cube) (prod. DJ Quik)","Track 12 on ""The Book of David"" by DJ Quik.",3:07,"Apr 29, 2011",Other,Yes,https://open.spotify.com/track/3CfdODaCjm7AzQzR9sKLWa?si=e88a5c05d30f4f79
Everythangs Corrupt,"Mike E. Clark & Insane Clown Posse - Chris Benoit (Kuma's Scrub Club Remix)
(feat. Ice Cube & Scarface) (prod. Mike E. Clark)","Track 2 on ""Mike E. Clark's Extra Pop Emporium"" by Mark E. Clark & Insane Clown Posse.",5:44,"Aug 14, 2012",Other,Yes,https://open.spotify.com/track/1gQHcztiadNITKHm7611fN?si=650a7086f0df48a6
Everythangs Corrupt,"Everythang's Corrupt
(prod. Fredwreck)","First single released on October 31, 2012. Track 15 on ""Everythangs Corrupt"".",3:17,"Oct 31, 2012",Other,Yes,https://open.spotify.com/track/47Lo1tJ3fN8YiEmd1XP23X?si=8140554344714666
Everythangs Corrupt,"E-40 & Too $hort - West Coast Shit
(feat. Ice Cube) (prod. ToneBonebeats)","Track 11 on ""History: Function Music"" by E-40 and Too $hort.",3:55,"Nov 6, 2012",Other,Yes,https://open.spotify.com/track/4pYcEAPIfni53IERVgCtCW?si=6a2e9cc0476644b0
Everythangs Corrupt,"Dr. Dre - Issues
(feat. Ice Cube, Anderson .Paak & Dem Jointz) (prod. Focus..., Chambers, Lawrence, Jr., Neff-U & Dr. Dre)","Track 8 on ""Compton"" by Dr. Dre.",3:41,"Aug 7, 2015",Other,Yes,https://open.spotify.com/track/1658HFZEblbVdqU1VBPqDO?si=8461ba913041430b
Everythangs Corrupt,"The Game - Don't Trip
(feat. Ice Cube, Dr. Dre & will.i.am) (prod. will.i.am)","Track 4 on ""The Documentary 2"" by The Game.",4:59,"Oct 9, 2015",Other,Yes,https://open.spotify.com/track/3GMEPIoVJZTQGosc7NBKQl?si=c4bb7fef7d834e5f
Everythangs Corrupt,"Real Friends
(with Common) (prod. Tone Mason & Mark McKay)","Released as a single on March 24, 2016. Track 1 on the ""BarberShop: The Next Cut"" soundtrack.",2:37,"Mar 24, 2016",Other,Yes,https://open.spotify.com/track/4IC8QjjfiTaWoSjXymPEZ5?si=b1eb8eaf4ce74795
Everythangs Corrupt,"Funkadelic - Ain't That Funkin' Kinda Hard on You? (We Ain't Neva Gonna Stop Remix)
(feat. Kendrick Lamar & Ice Cube) (prod. Funkadelic)","Released as a single on March 9, 2016.",5:09,"Mar 9, 2016",Other,Yes,https://open.spotify.com/track/6SgQIoLn8kpu8J4wfwGWy8?si=1acbda5145724b0f
Everythangs Corrupt,"Cold 187um - Legacy
(feat. Ice Cube & The D.O.C) (prod. S-Class & Laylaw)","Track 7 on ""THE BLACKGODFATHER"" by Cold187um.",3:42,"Nov 11, 2016",Other,Yes,https://open.spotify.com/track/69dzGNJ9m395jwV6cyxPyG?si=6d3570b6bfd842cf
Everythangs Corrupt,"Good Cop, Bad Cop
(prod. T-Mix)","Second single released on June 6, 2017. Track 16 on ""Everythangs Corrupt"". Interpolates ""Fuck tha Police"" by N.W.A.",3:28,"Jun 6, 2017",Other,Yes,https://open.spotify.com/track/2Ze19WJKgHCTClN6DhqZL6?si=0b51b3bed7e04129
Everythangs Corrupt,"TroyBoi - Look at Me
(feat. Ice Cube) (prod. TroyBoi)","Track 19 on ""Left is Right"" by TroyBoi.",2:52,"Aug 25, 2017",Other,Yes,https://open.spotify.com/track/4u0RjZd8yzbN46UgPhBwfO?si=19b389ea5acc4224
Everythangs Corrupt,"Arrest the President
(prod. ShawnSki)","Third single released on November 9, 2018. Track 2 on ""Everythangs Corrupt"".",3:53,"Nov 9, 2018",Other,Yes,https://open.spotify.com/track/3Oj5f6XETShvp2xknJyGMf?si=5436156b0ee145cd
Everythangs Corrupt,"That New Funkadelic
(prod. T-Mix)","Fourth single released on December 4, 2018. Track 11 on ""Everythangs Corrupt"". Contains additional vocals from Traci Nelson and Deonis ""Pumah"" Cook. Samples ""(Not Just) Knee Deep"" by Funkadelic.",3:54,"Dec 4, 2018",Other,Yes,https://open.spotify.com/track/2WmabKuCTj0SG3100uhGE5?si=ee6bbcd0e42c4161
Everythangs Corrupt,"Super OG
(prod. Hallway Productionz)","Track 1 on ""Everythangs Corrupt"".",0:37,"Dec 7, 2018",Other,Yes,https://open.spotify.com/track/1QA6Psfem2KiDPTYMwEePp?si=2a9899db64404389
Everythangs Corrupt,"Chase Down the Bully
(prod. Beau James)","Track 3 on ""Everythangs Corrupt"".",4:06,"Dec 7, 2018",Other,Yes,https://open.spotify.com/track/526IOGFUquOr4Msrxs0iAh?si=c768f70cadbe4a7c
Everythangs Corrupt,"Don't Bring Me No Bag
(prod. ShawnSki)","Track 4 on ""Everythangs Corrupt"". Contains additional vocals from Traci Nelson.",3:37,"Dec 7, 2018",Other,Yes,https://open.spotify.com/track/1Esanmv7bzjgOkpeC5bvyP?si=5addd1c0554347e1
Everythangs Corrupt,"Bad Dope
(prod. Big Soj)","Track 5 on ""Everythangs Corrupt"".",3:22,"Dec 7, 2018",Other,Yes,https://open.spotify.com/track/53DJsdN4sjMAvjEMcSWgkM?si=8f6d8b29446042e3
Everythangs Corrupt,"On Them Pills
(prod. Sparkz Tha Trackman)","Track 6 on ""Everythangs Corrupt"".",3:58,"Dec 7, 2018",Other,Yes,https://open.spotify.com/track/4Evi3H5yLYLtnwVR3wNSOu?si=c161305cedad4f8e
Everythangs Corrupt,"Fire Water
(prod. Big Soj)","Track 7 on ""Everythangs Corrupt"".",4:21,"Dec 7, 2018",Other,Yes,https://open.spotify.com/track/6y98vNWdxfUfEUw7ZBlg54?si=d5fdfe0c92294dbe
Everythangs Corrupt,"Streets Shed Tears
(feat. Shameia Crawford) (prod. Maganedo7)","Track 8 on ""Everythangs Corrupt"". Contains additional vocals from Shameia Crawford. Samples ""Ain't No Love In the Heart of the City"" by Bobby ""Blue"" Bland.",4:01,"Dec 7, 2018",Other,Yes,https://open.spotify.com/track/4KKpAywJW3PNgthNYAiGkW?si=1d501e85a5634a1f
Everythangs Corrupt,"Ain't Got No Haters
(feat. Too $hort) (prod. DJ Pooh)","Track 9 on ""Everythangs Corrupt"". Samples ""Oh Honey"" by Delegation and ""Summertime in the LBC"" by The Dove Shack.",3:26,"Dec 7, 2018",Other,Yes,https://open.spotify.com/track/3C2BKKKa7xrz2uWqIN1Mnh?si=7f22e7f097fa4d99
Everythangs Corrupt,"Can You Dig It?
(prod. Hallway Productionz)","Track 10 on ""Everythangs Corrupt"". Samples ""Somebody's Gotta Die"" by The Notorious B.I.G. and the 1980 movie ""Airplane""..",4:22,"Dec 7, 2018",Other,Yes,https://open.spotify.com/track/1XuiZA667FuS189ovPfdLy?si=9be31d2e279544f3
Everythangs Corrupt,"One for the Money
(prod. Magnedo7)","Track 12 on ""Everythangs Corrupt"".",2:21,"Dec 7, 2018",Other,Yes,https://open.spotify.com/track/36TLULPgT9cQ2Cu0UCBh8Y?si=1ccf5615c05f41a8
Everythangs Corrupt,"Still in the Kitchen
(prod. E-A-Ski)","Track 13 on ""Everythangs Corrupt"".",3:25,"Dec 7, 2018",Other,Yes,https://open.spotify.com/track/5bZ5QybWZIOT0sU9y7lfsx?si=325e990999fd40cf
Everythangs Corrupt,"Non Believers
(prod. Hallway Productionz)","Track 14 on ""Everythangs Corrupt"". Samples ""Timebomb"" by Public Enemy.",3:47,"Dec 7, 2018",Other,Yes,https://open.spotify.com/track/0UTrjQaH23SWoW0Hghv8Zq?si=e734d3186b6245dd
"16 on Streaming
0 not on Streaming","SNOOP CUBE 40 $HORT
(Collaboration with Snoop Dogg, E-40 and Too Short as Mount Westmore)
(Bad MF's)","(12/07/2018) (Everythangs Corrupt officially releases)
(12/09/2022) (SNOOP CUBE 40 $HORT officially releases)",,,Other,"""SNOOP CUBE 40 $HORT"" is the debut studio collab album under Mount Westmore.",
SNOOP CUBE 40 $HORT,"Big Subwoofer
(prod. Kats & P. Keys)","First single released on October 20, 2021. Track 3 on ""SNOOP CUBE 40 $HORT"".",3:39,"Oct 20, 2021",Other,Yes,https://open.spotify.com/track/2mgQbrZyxN3Dza5CvtNfwe?si=7d95a5f05d994af3
SNOOP CUBE 40 $HORT,"Too Big
(feat. P-Lo) (prod. P-Lo)","Second single released on October 21, 2022. Track 4 on ""SNOOP CUBE 40 $HORT"".",3:36,"Oct 21, 2022",Other,Yes,https://open.spotify.com/track/5CSKc1MTcGNx5DF9Yo6DqF?si=6ade395f7df34b8f
SNOOP CUBE 40 $HORT,"California
(prod. Rick Rock)","Track 1 on ""SNOOP CUBE 40 $HORT"".",3:15,"Dec 9, 2022",Other,Yes,https://open.spotify.com/track/67CNB6HU39jTGEz4jLuI9N?si=e03f283f0cc94fb1
SNOOP CUBE 40 $HORT,"Motto
(prod. Rick Rock)","Track 2 on ""SNOOP CUBE 40 $HORT"".",3:38,"Dec 9, 2022",Other,Yes,https://open.spotify.com/track/5yF6EN9Ec6kW3XgDT3VMSy?si=7d6733151f404c16
SNOOP CUBE 40 $HORT,"Activated
(prod. ShawnSki & We Got Hits Productions)","Track 5 on ""SNOOP CUBE 40 $HORT"".",3:59,"Dec 9, 2022",Other,Yes,https://open.spotify.com/track/2CBBLFBZHYF87DBFdMpnUQ?si=7b99d6198f3e4e3c
SNOOP CUBE 40 $HORT,"Have A Nice Day
(prod. Dem Jointz & Jenn Em)","Track 6 on ""SNOOP CUBE 40 $HORT"".",5:03,"Dec 9, 2022",Other,Yes,https://open.spotify.com/track/5mFPgTdVrdqGuxdTh5Fgmj?si=d9901f3d07ad43af
SNOOP CUBE 40 $HORT,"Ghetto Gutter
(prod. Ant Banks & Droop-E)","Track 7 on ""SNOOP CUBE 40 $HORT"".",3:41,"Dec 9, 2022",Other,Yes,https://open.spotify.com/track/0SHmtvkUv7lQcPlA8o8alN?si=339a6a7502f64580
SNOOP CUBE 40 $HORT,"Free Game
(prod. Decadez)","Track 8 on ""SNOOP CUBE 40 $HORT"".",3:51,"Dec 9, 2022",Other,Yes,https://open.spotify.com/track/2VHGgygOUe8DqjgZezP1Mq?si=dae04e8959304058
SNOOP CUBE 40 $HORT,"I Got Pull
(prod. ProHoeZak)","Track 9 on ""SNOOP CUBE 40 $HORT"".",3:30,"Dec 9, 2022",Other,Yes,https://open.spotify.com/track/2ya39cEbGKq9pKnqOx35qh?si=6ab0911880dc4af7
SNOOP CUBE 40 $HORT,"Up & Down
(prod. Decadez)","Track 10 on ""SNOOP CUBE 40 $HORT"".",4:34,"Dec 9, 2022",Other,Yes,https://open.spotify.com/track/60hwkBd6YuHTlhWN9M7pGW?si=183488f324e54bb0
SNOOP CUBE 40 $HORT,"Do My Best
(prod. Uncle Chucc)","Track 11 on ""SNOOP CUBE 40 $HORT"".",4:29,"Dec 9, 2022",Other,Yes,https://open.spotify.com/track/2IRC2rnO4V0fY4wNvN52Ha?si=1a5c4563ef7a456f
SNOOP CUBE 40 $HORT,"Lace You Up
(prod. Soopafly)","Track 12 on ""SNOOP CUBE 40 $HORT"".",4:15,"Dec 9, 2022",Other,Yes,https://open.spotify.com/track/0FWSLQXx8vpwWabrOmJSJf?si=f22e19710f7f459e
SNOOP CUBE 40 $HORT,"Tribal
(prod. Jelly Roll)","Track 13 on ""SNOOP CUBE 40 $HORT"".",3:59,"Dec 9, 2022",Other,Yes,https://open.spotify.com/track/4dPLF0wqDM0ftuM3blSUox?si=d8288df099b949ef
SNOOP CUBE 40 $HORT,"How Many
(prod. Any Banks & Big Zeke)","Track 14 on ""SNOOP CUBE 40 $HORT"".",4:21,"Dec 9, 2022",Other,Yes,https://open.spotify.com/track/2IWdU0ic84WDgaXV1BU8rK?si=0109fba9511a430f
SNOOP CUBE 40 $HORT,"On Camera
(prod. Rick Rock)","Track 15 on ""SNOOP CUBE 40 $HORT"".",4:34,"Dec 9, 2022",Other,Yes,https://open.spotify.com/track/5goafyRZnRyeUyZbSrq6XE?si=6bb2eccd6795484d
SNOOP CUBE 40 $HORT,"Mash
(prod. EJ Galloway)","Track 16 on ""SNOOP CUBE 40 $HORT"".",4:33,"Dec 9, 2022",Other,Yes,https://open.spotify.com/track/6EVeVdUv2Sme5DEAONR7Tp?si=e0be52dd6eaf4bbb
"21 on Streaming
0 not on Streaming",Man Down,"(12/09/2022) (SNOOP CUBE 40 $HORT officially releases)
(11/22/2024) (Man Down officially releases)",,,Other,"""Man Down"" is the 11th studio album by Ice Cube.",
Man Down,"Banda MS de Sergio Lizárraga - ¿Cuáles Fronteras?
(feat. Ice Cube) (prod. Pro 65)","Non-album single released on May 5, 2023.",3:00,"May 5, 2023",Other,Yes,https://open.spotify.com/album/5lQ2Fyn2SW8Qe2FpTpikKn?si=aTtKDWuwQYm6HWAe5JTC5g
Man Down,"DJ Muggs - Dump On Em
(feat. B-Real, Ice Cube, MC Ren) (prod. DJ Muggs)","Single released on August 11, 2023. Track 18 on ""Soul Assassins 3: Death Valley"" by DJ Muggs.",3:36,"Aug 11, 2023",Other,Yes,https://open.spotify.com/album/7gOlcEabtQvzoSyOXtjqQ5?si=aDjQmBziRoi7_zWbKeZF4g
Man Down,"It's My Ego [V1]
(prod. The Almighty E-A-Ski)","First single released on October 18, 2024. Track 2 on ""Man Down"".",3:46,"Oct 18, 2024",Other,Yes,https://open.spotify.com/track/0La5b93W3TJIiavFVfmqUA?si=f932ec9f67144e91
Man Down,"Ego Maniacs
(feat. Killer Mike & Busta Rhymes) (prod. The Almighty E-A-Ski)","Second single released on November 8, 2024. Track 19 on ""Man Down"".",3:38,"Nov 8, 2024",Other,Yes,https://open.spotify.com/track/7akCKUR70mozhTkNj9k57J?si=b7e0effd68664807
Man Down,"So Sensitive
(prod. T-Mix)","Third single released on November 15, 2024. Track 3 on ""Man Down"".",2:48,"Nov 15, 2024",Other,Yes,https://open.spotify.com/track/3zTdhXiKHycgeVJDCNUC0R?si=06abb72e14fb498e
Man Down,"Rollin' At Twilight
(prod. Jay & E. Brown)","Track 1 on ""Man Down"". Later released as the fourth single on January 22, 2025.",2:57,"Nov 22, 2024",Other,Yes,https://open.spotify.com/track/0FqyUb2hys84hcHcTwmU67?si=fe175f13fea5415e
Man Down,"She's Sanctified
(feat. Mount Westmore & October London) (prod. T-Mix)","Track 4 on ""Man Down"". Later released as a single on April 18, 2025.",4:17,"Nov 22, 2024",Other,Yes,https://open.spotify.com/track/0eAw61rPd1ZU4fOmpxxKWo?si=4718b52aac104454
Man Down,"Not Like Them
(prod. Nottz)","Track 5 on ""Man Down"".",3:40,"Nov 22, 2024",Other,Yes,https://open.spotify.com/track/3geH3zjmZuk256TbgtlLQ1?si=11690ab8b30248b5
Man Down,"5150
(prod. Davon & BiggVon)","Track 6 on ""Man Down"".",3:45,"Nov 22, 2024",Other,Yes,https://open.spotify.com/track/2UevjRETn125SQciLEjhLZ?si=71dc72231b954dda
Man Down,"No Cap
(feat. K-Major, IshaDon & Mike Epps) (prod. Zaytoven)","Track 7 on ""Man Down"".",2:52,"Nov 22, 2024",Other,Yes,https://open.spotify.com/track/2XjIB8E4DLdyF47H9EMjp4?si=8d26017d6ff742a0
Man Down,"3 Lil Piggies
(prod. Policy Kings)","Track 8 on ""Man Down"".",1:53,"Nov 22, 2024",Other,Yes,https://open.spotify.com/track/6Ub7DWHX5bRKaheL5rwdTb?si=c21c84d4ac194089
Man Down,"Ghetto Story
(prod. T-Mix)","Track 9 on ""Man Down"".",3:08,"Nov 22, 2024",Other,Yes,https://open.spotify.com/track/3AMyLGlpgIyCKS6dZ3mlHC?si=023d89536a9d441c
Man Down,"Facts
(feat. J-Dee) (prod. Decadez)","Track 10 on ""Man Down"".",2:40,"Nov 22, 2024",Other,Yes,https://open.spotify.com/track/62nBOLRQiVdnaiwZj9nRlt?si=8409d1ef0a7b42df
Man Down,"Fighting For My Life In Paradise
(feat. Kurupt) (prod. David Banner)","Track 11 on ""Man Down"".",2:58,"Nov 22, 2024",Other,Yes,https://open.spotify.com/track/1fOSYVD6GBgjDHcDaN4BPy?si=ef6dbfde7de8478b
Man Down,"Let's Get Money Together
(feat. B-Real) (prod. Decadez)","Track 12 on ""Man Down"".",3:00,"Nov 22, 2024",Other,Yes,https://open.spotify.com/track/6YA9UQbO4iCOYXPG1BPApi?si=dfa4faa08ef94ffa
Man Down,"I'mma Burn Rubber
(prod. Decadez)","Track 13 on ""Man Down"".",3:23,"Nov 22, 2024",Other,Yes,https://open.spotify.com/track/0VJvTIx31JOVAcK9KibHOq?si=d4874bf8cea44b0d
Man Down,"Especially You
(prod. Ice Cube)","Track 14 on ""Man Down"".",3:31,"Nov 22, 2024",Other,Yes,https://open.spotify.com/track/5oBLRNrB0xk3PbI5AGt2kO?si=aab068fa82624a88
Man Down,"Break The Mirror
(feat. Xzibit) (prod. Davon & Samuel)","Track 15 on ""Man Down"".",3:06,"Nov 22, 2024",Other,Yes,https://open.spotify.com/track/3quJc8d58dxgy6vUoSG6qG?si=e3df41d9e6d64dfa
Man Down,"Talkin' Bout These Rappers
(prod. Lil Jon & Young Slade)","Track 16 on ""Man Down"".",4:03,"Nov 22, 2024",Other,Yes,https://open.spotify.com/track/047OZHq3G5BsJYs50IZFoJ?si=c89ba3f99bfa4d4c
Man Down,"Scary Movie
(prod. Hallway Productionz)","Track 17 on ""Man Down"".",2:50,"Nov 22, 2024",Other,Yes,https://open.spotify.com/track/4l3vEmAFHNuqlZkVF6f2tg?si=357a5e4588ef4cce
Man Down,"Take Me To Your Leader
(prod. David Banner)","Track 18 on ""Man Down"".",3:09,"Nov 22, 2024",Other,Yes,https://open.spotify.com/track/2utGhdKcDbXOxw8hPwuqe9?si=05aa9e73b2eb425b
"19 on Streaming
0 not on Streaming",Man Up,"(11/22/2024) (Man Down officially releases)
(09/12/2025) (Man Up officially releases)",,,Other,"""Man Up"" is the 12th studio album by Ice Cube.",
Man Up,"It's My Ego - 3mix
(feat. Scarface) (prod. The Almighty E-A-Ski)","A remix of ""It's My Ego"" featuring Scarface.",2:45,"Jan 24, 2025",Other,Yes,https://open.spotify.com/track/4fx2mGAwYCaxkZQjUTOxXj?si=d5de28e834464bd3
Man Up,"Xzibit - For The Love
(feat. Ice Cube & Lorine Chia) (prod. Big Duke)","Single released on May 2, 2025. Track 13 on ""Kingmaker"" by Xzibit.",3:32,"May 2, 2025",Other,Yes,https://open.spotify.com/track/6diybINkCfzOFLgSorPZOK?si=8c2572ce907f4a8f
Man Up,"Before Hip Hop
(prod. Hallway Productionz)","First single released on September 5, 2025. Track 6 on ""Man Up"". Samples an excerpt from the 1987 Robert Townsend film ""Hollywood Shuffle"".",3:50,"Sep 5, 2025",Other,Yes,https://open.spotify.com/track/5tvhe6QEo4G4aqiK87WW2T?si=f89a0287cd714668
Man Up,"Mr. Shadow - Certified G'z
(feat. Ice Cube & Kokane)","Single released on September 12, 2025. Track 5 on ""I'm Done! Bring It Back!"" by Mr. Shadow.",3:28,"Sep 12, 2025",Other,Yes,https://open.spotify.com/track/4a1vcbFY7pfxD6sY77HtkE?si=022f9107dc214508
Man Up,"Man Power
(prod. The Almighty E-A-Ski)","Track 1 on ""Man Up"".",3:17,"Sep 12, 2025",Other,Yes,https://open.spotify.com/track/1P7DFiq9fPXJXoXZVm68xs?si=a19b5b49d74d4c77
Man Up,"What You Gonna Do About It?
(prod. DecadeZ)","Track 2 on ""Man Up"".",2:25,"Sep 12, 2025",Other,Yes,https://open.spotify.com/track/0pEFca3GGfRvJcw4criG0g?si=ebba8db907514483
Man Up,"Freedumb
(prod. DecadeZ)","Track 3 on ""Man Up"".",2:22,"Sep 12, 2025",Other,Yes,https://open.spotify.com/track/7q2s9CL2cXXdN2ckovNbfH?si=48328cb9154a4f9a
Man Up,"Guess What?
(prod. ProHoeZak)","Track 4 on ""Man Up"".",3:40,"Sep 12, 2025",Other,Yes,https://open.spotify.com/track/3AIkhywoKwXzY8JXAIiU6t?si=30d1c8af5e894547
Man Up,"Forget Me If You Ain't Wit Me
(prod. Shawn Ski & BiggVon)","Track 5 on ""Man Up"".",3:41,"Sep 12, 2025",Other,Yes,https://open.spotify.com/track/6wLRyXZsG2NUaPSfbbcot7?si=53dfb65f9ba64c5e
Man Up,"Act My Age
(feat. Scarface) (prod. The Mekanix)","Track 7 on ""Man Up"". Later released as a single on October 16, 2025.",2:45,"Sep 12, 2025",Other,Yes,https://open.spotify.com/track/6OiP10cwV3WhgY4YGlSvp7?si=1383c31a88a54464
Man Up,"Ratchet Ass Mouth
(prod. DJ Montay)","Track 8 on ""Man Up"".",2:22,"Sep 12, 2025",Other,Yes,https://open.spotify.com/track/7acCLaKbd3dBuzCHd2xP8D?si=1f61db90cd1d4ba9
Man Up,"Respect My Space
(prod. DecadeZ)","Track 9 on ""Man Up"".",2:26,"Sep 12, 2025",Other,Yes,https://open.spotify.com/track/6UlIDJJAxnvW7oZwtELsK7?si=4234d9f774e941c9
Man Up,"California Dreamin'
(prod. Nick ""Fury"" Loftin & Willie Ray McDougie)","Track 10 on ""Man Up"". Samples ""Forget Me Nots"" by Patrice Rushen.",2:32,"Sep 12, 2025",Other,Yes,https://open.spotify.com/track/2Xfj97jadZc2dI82cbaV2t?si=e7339f602f5a4243
Man Up,"That Salt and Pepper
(prod. Erick Sermon)","Track 11 on ""Man Up"". Samples the 1973 film ""The Mack"", ""Get It Up"" by The Time and ""Planet Rock"" by Afrika Bambaataa & Soulsonic Force.",1:51,"Sep 12, 2025",Other,Yes,https://open.spotify.com/track/02JrZiRgeviJ8G87L8xzgb?si=2772ab1667f34b1b
Man Up,"Bring Everybody
(prod. Henry Williamson & Policy Kings)","Track 12 on ""Man Up"".",3:27,"Sep 12, 2025",Other,Yes,https://open.spotify.com/track/42NuCsCPGRR6qYhrafNjHn?si=5698dc01d404422d
Man Up,"It's My Ego [V2]
(feat. Scarface & Quake Matthews) (prod. The Almighty E-A-Ski)","Track 13 on ""Man Up"". Now features Quake Matthews.",3:46,"Sep 12, 2025",Other,Yes,https://open.spotify.com/track/03PQ1RMXCPFQirrMUvR5w3?si=4902106238de455d
Man Up,"All Work No Play
(prod. Cash Clay Beats)","Track 14 on ""Man Up"".",3:04,"Sep 12, 2025",Other,Yes,https://open.spotify.com/track/1FPkCWHRfinPVI0lpJXLzP?si=f283a18081624f28
Man Up,"Before Hip Hop (Premix)
(feat. LL Cool J & Chuck D) (prod. Hallway Productionz)","A remix of ""Before Hip Hop"" featuring LL Cool J and Chuck D. Released on October 10, 2025.",5:12,"Oct 10, 2025",Other,Yes,https://open.spotify.com/track/3CkK0YxiZhn8x7M6uXx2Zm?si=e433fe087c8c4b05
Man Up,"The Comrads - BIG BOYZ
(feat. Ice Cube & Butch Cassidy) (prod. Korion Anderson MFCMK)","Single released on November 21, 2025 by The Comrads.",4:05,"Nov 21, 2025",Other,Yes,https://open.spotify.com/track/1VuizM5UMfAm52jw8ORep3?si=HTCFMDj6T_6hjwlCjMexaA
