Era,Name,Notes,Track Length,File Date,Leak Date,Available Length,Quality,Link(s)
DON'T TAP THE GLASS,"🏆 ???
(feat. Madison McFerrin)
(One More Time)","Unheard song played at Tyler's dance party for DON'T TAP THE GLASS in Atlanta. Has vocals from Mdison McFerrin. Unclear whether this is her or Tyler's song, but the latter is likely.",,,"Aug 11, 2026",Snippet,Recording,https://pixeldrain.com/u/QY2xPyHk
Ace,❓Shake Junt,"Beat made in an unknown year. Named after a skateboard company Tyler liked. Abe publically called this beat fake, this is wrong. He had no part in the buying / selling of this instrumental.",2:16,,"Aug 9, 2026",Full,High Quality,https://pixeldrain.com/u/wy7Z3B2s
The Dead Sams,❓Sams Theme,"Dead Sams track. Very likely fake, but I'm putting it here so I'm not executed.",,,"Aug 4, 2026",Snippet,High Quality,https://pixeldrain.com/u/bmkh5RnP
The Dead Sams,"❓✨ Trickdaddy
(48 (Instrumental))","Initial version with an alternate intro & alternate instrumentation, played in the Wolf Documentary.",2:56,,"Jul 20, 2026",Full,CD Quality,https://pillows.su/f/17cd3cefd3bfa70c17a5d72bd3710a2a
WOLF [V1],"The Secret Garden [V2]
(Secret Garden)","WOLF [V1] version, recorded over the second version of the beat sometime in 2010. Stated to be track 10 by Tyler on formspring. Instrumental has different timing with the instruments, meaning either Tyler completely remade this beat from scratch, he tweaked the timing around himself, or otherwise.",3:53,,"Jul 19, 2026",Beat Only,High Quality,https://pillows.su/f/eef86d6ce2120c6cad407de636f81510
WOLF [V2],Magnetic,"WOLF [V2] beat. One of the songs that Tyler said he needed to work on in the freeperm archive on June 3rd, 2012. Various unauthorized snippets leaked throughout 2025, with an official snippet leaking Apr 29, 2026. Leaked by Thisu.",2:15,,"Jul 12, 2026",Full,High Quality,https://pillows.su/f/fa2a4328d22d283ec243695b94d732eb
SuperDuper SteezMonster,❓ Trimm,Track 8 on SuperDuperSteezMonster.,,,"Jun 28, 2026",Snippet,High Quality,https://pillows.su/f/b6e13c888801ab0e404a897f4aad1c21
Stereo-Type,"Odd Future Pt. 2 [V2]
(Orange Gumdrops)","Stereo-Type track, has a beat switch.",3:20,2007,"Jun 13, 2026",OG File,CD Quality,https://pixeldrain.com/u/34ES3uMa
Ace,Fly,Beat made in 2007.,,2007,"Jun 8, 2026",Snippet,High Quality,https://pixeldrain.com/u/RMKzjqqn
Ace,Odd Future,"Beat made & posted onto the thrashpolo MySpace account sometime in 2007. Shown on a poll alongside ""I Dream"", ""Supreme"", ""Air Balloon"", & ""Speakerboxx"".",,2007,"Jun 5, 2026",Full,High Quality,https://pixeldrain.com/u/caXgLr1W
my good beats,❓ Lotus,"Beat made in 2004, tagged with my good beats. Thought to be fake as it was believed to have used a lead preset (Morphine) that only released in 2007, however the preset was misidentified.",3:30,2004,"Jun 5, 2026",OG File,High Quality,https://pixeldrain.com/u/Aa7x6ubQ
Eargasm,Clouds,"Track 16 on Eargasm, made in 2007. Was thought to have been leaked but the file we had was a fake.",3:37,2007,"Jun 5, 2026",Full,High Quality,https://pixeldrain.com/u/WKBX683G
Infinite Rhyhtms,Infinite Rhythm,"Title track, made in 2008. Samples ""Call Me When You Get This"" by Corrine Baliey Rae.",5:54,2008,"Jun 5, 2026",Full,High Quality,https://pixeldrain.com/u/3AG1UgeJ
The Dead Sams,❓ Ferris Wheel [V2],"Track 4 on The Dead Sams, has additional drums & completely different production.",4:02,,"Jun 5, 2026",Full,CD Quality,https://pixeldrain.com/u/rb7VKRXK
Cherry Bomb,Bad Reception [V2],"Title of a song from the freeperm archive, mentioned on August 24th, 2014. “Wow. This song i just made. Idk if it’s good or not. It’s 50 seconds long. It’s called Bad Reception. It’s about phone call.” Was available for groupbuy on May 28th, 2026 for $200 but was canceled after the song was privately bought.",1:15,,"May 28, 2026",Snippet,CD Quality,https://pillows.su/f/344b125e7294d736b21fc73b987deede
Dreams In 3-D,❓We Dream In 3-D (Reprise),"Reprise of ""We Dream In 3-D"", allegedly supposed to go after ""3-D"" on the Dreams In 3-D tracklist.",1:34,2006,"May 22, 2026",Full,CD Quality,https://pillows.su/f/91901fc95aa6c3a26b56d0318e136214
The Dead Sams,❓✨ Head On My Arm,Track 9 on The Dead Sams.,3:05,,"May 20, 2026",Full,High Quality,https://pixeldrain.com/u/WzVF4UGz
At Your Own Risk [V2],"❓✨️ 7-Up Girl (2/2)
(Purple X Toys Pt. 2)","Track 15 on At Your Own Risk [V2], made around 2007 - 2008. Completely different from the previous versions. File was originally named ""Purple X Toys Pt. 2"" until being relabeled for the CD.",2:31,,"May 16, 2026",OG File,High Quality,https://pixeldrain.com/u/zEkyRrgH
PinkGold SquarePixals,❓ Monster,"PinkGoldSquarePixals track, made in 2008. Confirmed to be from this album through Tyler's Blogspot. Originally thought to be the instrumental ""Deh Output"".",,2008,"May 16, 2026",Snippet,High Quality,https://pixeldrain.com/u/gZyYoAoy
my good beats,❓ Dream,"Beat made in 2005, tagged with my good beats. Was going to be track 1 of a very early copy of Dreams In 3-D.",,2005,"May 13, 2026",Snippet,High Quality,https://pixeldrain.com/u/uc79Dvk2
Ace,Instrumentation [V1],Beat made in an unknown year.,,,"May 5, 2026",Snippet,High Quality,"https://pixeldrain.com/u/mkGaeuAF
https://pixeldrain.com/u/xWAfzsHA"
Ace,Late... Again (2/2),Beat posted onto imeem in early 2008. Was thought to have been leaked but the file we had was a fake.,2:57,,"May 5, 2026",Snippet,High Quality,https://pixeldrain.com/u/eNKaodRL
Unique Style,???,"Track 6 of Unique Style, year unknown.",,"May 14, 2026","Apr 30, 2026",Snippet,High Quality,LINK NEEDED
Zombie Circus,Spooky,"Zombie Circus beat, year unknown. Was thought to have been leaked but the file we had was a fake, however a real snippet exists.",,,"Apr 30, 2026",Snippet,High Quality,https://pixeldrain.com/u/mWc2XSYW
At Your Own Risk [V2],❓Imagination (3/3),"Track on At Your Own Risk [V2], made around 2007 - 2008. Completely different from the previous versions.",,,"Apr 29, 2026",Snippet,High Quality,https://pixeldrain.com/u/LEcSexTn
The Dead Sams,❓ Cowboy (Instrumental) [V1],"Initial version, possibly made sometime in 2011.",,2011,"Apr 29, 2026",Snippet,High Quality,https://pixeldrain.com/u/uRyFojqw
Unique Style,???,"Track 1 on Unique Style, made in 2007.",,2007,"Apr 26, 2026",Snippet,High Quality,https://pixeldrain.com/u/vB5VyRCS
my good beats,❓ Cones and Bones,"Beat made in 2004, tagged with my good beats.",,2004,"Apr 24, 2026",Snippet,High Quality,https://pixeldrain.com/u/VXcXLEzn
Poly/Mono,Couch (Instrumental) [V1],"Earlier version of the main part of the Couch instrumental. Meant to be combined with the earlier version of the 2nd part. Made in 2008, under the Poly/Mono alias.",,2008,"Apr 17, 2026",Snippet,High Quality,"https://pixeldrain.com/u/DGor4CbP 
https://pixeldrain.com/u/AzwZVtiZ"
PinkGold SquarePixals,❓ Pink Gold [V2],"Track 1 on PinkGoldSquarePixals, made in 2008.",,2008,"Apr 11, 2026",Snippet,High Quality,https://pixeldrain.com/u/WAwp4rwJ
Ace,✨ Yukon,Beat made in 2008.,2:11,2008,"Apr 6, 2026",Full,CD Quality,https://pixeldrain.com/u/sd2XqAZg
Ace,🏅 ???,Beat made in an unknown year.,,,"Apr 5, 2026",Snippet,High Quality,"https://pixeldrain.com/u/RUqyjy2w
https://pixeldrain.com/u/dsTxYSQk
https://pixeldrain.com/u/EB7U7qje
https://pixeldrain.com/u/wTPa2Tpz
https://pixeldrain.com/u/BgrvuBvP"
At Your Own Risk [V2],❓✨ 12:01 (2/2),"Track 7 on At Your Own Risk [V2], made around 2007 - 2008. Completely different from the previous versions.",4:01,,"Apr 5, 2026",OG File,High Quality,https://pixeldrain.com/u/CY4XPU14
PinkGold SquarePixals,Base,"PinkGoldSquarePixals track, made in 2008. Which is the beatswitch to Pixal.",2:12,2008,"Apr 4, 2026",Snippet,High Quality,https://pixeldrain.com/u/KzAaa3VX
Eargasm,Moon,"Loose Eargasm beat, a full version of the beatswitch on ""Late... Again.""",3:12,,"Apr 3, 2026",Snippet,High Quality,https://pixeldrain.com/u/SpAJkED9
Ace,Leena,Beat made in 2007.,2:56,2007,"Apr 1, 2026",OG File,High Quality,https://pixeldrain.com/u/EqNCUh73
At Your Own Risk [V1],✨ 12:01 (1/2) [V1],"Initial version, has alternate production & is slower in comparison to the later version.",2:38,2007,"Mar 29, 2026",Full,High Quality,https://pixeldrain.com/l/vL12hkh8#item=0
At Your Own Risk [V1],Retail Price (2/3) [V1],"Initial version, made in 2007. Has a prominent pad that would be removed in the later version.",2:12,2007,"Mar 29, 2026",Full,Low Quality,https://pixeldrain.com/l/vL12hkh8#item=1
Poly/Mono,DJLR,"Poly/Mono beat, year unknown.",2:18,,"Mar 29, 2026",Full,High Quality,https://pixeldrain.com/l/vL12hkh8#item=2
Ace,???,Beat made in an unknown year.,,,"Mar 28, 2026",Snippet,High Quality,https://pixeldrain.com/u/jeV2ELdm
Ace,"Blueballed [V1] 
(Blue Balls)","Beat made on March 5th, 2008.",2:22,"Mar 5, 2008","Mar 25, 2026",OG File,High Quality,https://pixeldrain.com/u/k3H5Bfqg
Ace,Whirl,Beat made in 2008.,2:48,2008,"Mar 25, 2026",Full,High Quality,https://pixeldrain.com/u/x6137iEh
The Blair Bitch Project,❓Nose Eye Mouth,"Track 7 on The Blair Bitch Project, made in 2008.",2:57,2008,"Mar 25, 2026",Full,High Quality,https://pixeldrain.com/u/HxBCPqxd
The Dead Sams,"❓ Oh, Hai","Confirmed to be from The Dead Sams, mentioned by Tyler on the freeperm archive in September 2012. Stated to be better than 48, according to Tyler. Hi Thisu.",3:03,,"Mar 25, 2026",Full,High Quality,https://pixeldrain.com/u/CPUTvmVL
Ace,"Freeperm
(Free Perm)",Beat made in 2008. Named after Tyler and Jasper Dolphin's dream TV show.,2:46,2008,"Mar 23, 2026",Full,High Quality,https://pixeldrain.com/u/thRabrJU
The Blair Bitch Project,❓Frog Paddle [V2],"Later version, differences unknown from the other version.",2:55,,"Mar 23, 2026",Full,High Quality,https://pixeldrain.com/u/XzVvgapv
Ace,MOREPUTRPLE [V2],Beat made in an unknown year. Different from Mike G's file.,,,"Mar 22, 2026",Snippet,High Quality,https://pixeldrain.com/u/sjBgKMTn
Ace,Instrumentation [V2],Later version of Instrumentation.,,,"Mar 21, 2026",Snippet,High Quality,https://pixeldrain.com/u/eoqqzDow
Ace,???,Beat made in an unknown year. Tagged.,,,"Mar 21, 2026",Snippet,High Quality,"https://pixeldrain.com/u/F1upn5o9
https://pixeldrain.com/u/PeNSruWV"
Ace,???,Beat made in an unknown year. Tagged.,,,"Mar 21, 2026",Snippet,High Quality,https://pixeldrain.com/u/PNcFfbFR
Ace,???,Beat made in an unknown year. Tagged.,,,"Mar 21, 2026",Snippet,High Quality,https://pixeldrain.com/u/A5g5XvuZ
Ace,???,Beat made in an unknown year. Tagged.,,,"Mar 21, 2026",Snippet,High Quality,https://pixeldrain.com/u/fuFkZvZM
Unique Style,Thrashed [V2],"Unique Style track, differences unknown from the previous version.",,,"Mar 21, 2026",Snippet,High Quality,https://pixeldrain.com/u/chTe1Ezd
Unique Style,???,"One of the 16 tracks that make up ""Unique Style"", year and track number unknown.",,,"Mar 21, 2026",Snippet,High Quality,"https://pixeldrain.com/u/ig5DwcBj
https://pixeldrain.com/u/EgUBN5qi"
Dreams In 3-D,❓MusiC LoVe [V1],"Initial version, is shorter and has different production.",2:11,2006,"Mar 20, 2026",Full,CD Quality,https://pixeldrain.com/u/sQ1YGn5G
The Blair Bitch Project,❓Frog Paddle [V1],"Initial version, differences unknown from the other version.",,,"Mar 19, 2026",Snippet,High Quality,https://pixeldrain.com/u/SmcUrWZ9
Personal Stash,Fresher Than This (Instrumental),"Instrumental to ""Fresher Than This"" by Skoolie300. Skoolie confirmed that Tyler made this beat for him on the spot and then recorded it same day.",~3:15,,"Mar 16, 2026",Snippet,Low Quality,https://pixeldrain.com/u/tLKn24MD
Dinosaur,"🏅 Potu
(Potu Freestyle)","Loose Dinosaur track, made sometime in 2009 & later freestyled over by brandUn DeShay as per Tyler's request. brandUn's vocals are off-beat due to a mistake on Tyler's end when putting BrandUn's vocals on the track. Is supposed to be released in the near future by brandUn (as stated by him).",1:46,2009,"Mar 7, 2026",Snippet,High Quality,https://pixeldrain.com/u/y1R5vMrQ
Cherry Bomb,"✨ Kali Uchis - Ray Gay [V2]
(prod. Tyler, The Creator)
(Not Impossible)","OG Filename: Ray Gay BNCE 1.0 RUFF
Kali Uchis song with Tyler production, mentioned on the freeperm archive in July 2014. Leaked as a donator exclusive at first, later leaked for the public.",4:34,,"Mar 5, 2026",OG File,CD Quality,https://pixeldrain.com/u/B3STNjbN
CALL ME IF YOU GET LOST,"Snoh Aalegra - IN THE MOMENT [V1]
(feat. Tyler, The Creator) (prod. Tyler, The Creator)","OG Filename : SN X T - DR DRE RUFF SKETCH 89.5 BPM
Version of ""IN THE MOMENT"" with a demo Tyler verse. This song has leaked on Feb 3, 2026 as a donator exclusive to its respective groupbuy but it got forceleaked a month after.",,,"Mar 5, 2026",Full,CD Quality,https://pixeldrain.com/u/PsFuKAhQ
Ace,Afd [V2],"Updated version, differences unknown.",,,"Mar 4, 2026",Snippet,High Quality,https://pixeldrain.com/u/kX9CuRe7
Cherry Bomb,"Toronto [V2]
(feat. Kali Uchis)
(See You Again)","OG Filename: Toronto BNCE KALI REF
Solo Kali Uchis version, snippet posted by Vlone on leaked.cx. Has vocals from Kali working out her delivery on the chorus. Snippet initially surfaced Jan 5. 2026, leaked in full after a successful groupbuy.",3:13,2014,"Mar 1, 2026",OG File,CD Quality,https://pixeldrain.com/u/gxoB1YyZ
Cherry Bomb,"Kali Uchis - Call Me [V1]
(prod. Tyler, The Creator)","OG Filename: DEOMNS-CALL ME AE ROUGH1
Demo of Call me from ""Por Vida"". Leaked as a bonus to the Raygay groupbuy.",3:15,"Jul 14, 2014","Mar 1, 2026",OG File,CD Quality,https://pixeldrain.com/u/bmxZhQ2o
At Your Own Risk [V2],❓Lounges X Blox (2/2),"Track 5 on At Your Own Risk [V2], made in 2008. Completely different from the previous versions.",2:33,2008,"Feb 25, 2026",OG File,Low Quality,https://pixeldrain.com/u/XCuHhUzH
SuperDuper SteezMonster,"❓⭐ Caprisun
(prod. Tyler, The Creator, Syd, StereoHype, & KyD)","Track 7 on SuperDuperSteezMonster, made in 2008 with multiple of Tyler's classmates at his music production school.",1:43,2008,"Feb 25, 2026",Full,CD Quality,https://pixeldrain.com/u/9VYqa5hB
SuperDuper SteezMonster,❓ Fast and Furious,"Track 4 on SuperDuperSteezMonster, made in 2008. Tagged with the album cover for this project.",2:51,2008,"Feb 25, 2026",Full,CD Quality,https://pixeldrain.com/u/BEjsma3d
SuperDuper SteezMonster,❓✨ Gabba,"Track 3 on SuperDuperSteezMonster, made in 2008.",2:25,2008,"Feb 25, 2026",Full,High Quality,https://pixeldrain.com/u/oCmvkFpM
Cherry Bomb,"Kali Uchis - In My Bed
(prod. Tyler, The Creator)",2014 Kali Uchis song with production from Tyler.,3:00,"Sep 14, 2014","Feb 24, 2026",Full,CD Quality,https://pixeldrain.com/u/UdipK2AW
Poly/Mono,Juicy [V2],"Poly/Mono beat, made in 2008.",,2008,"Feb 23, 2026",Snippet,Low Quality,https://pixeldrain.com/u/oza4sMEn
Zombie Circus,✨ Crackshot,"Zombie Circus beat, made in 2008.",2:52,2008,"Feb 23, 2026",Full,High Quality,https://pixeldrain.com/u/f4UPWHj9
Ace,"Blue Balls [V2] 
(Blueballed)","Version of ""Blue Balls"" with slightly different instrumentation, a piano, & a different clap.",2:22,2008,"Feb 21, 2026",Full,High Quality,https://pixeldrain.com/u/DZKuaUBq
Ace,Eat My Ass,Beat made in 2010 & mentioned on Twitter in 2011.,1:47,2010,"Feb 21, 2026",Full,High Quality,https://pixeldrain.com/u/oJgoqwL4
Ace,"Cool Fat Drunk Bitch
(Kickin It (Instrumental))","Beat made & posted onto MySpace in 2007. Later used by Domo Genesis for ""Kickin It"" off of his 2010 album Rolling Papers.",2:08,2007,"Feb 15, 2026",Snippet,High Quality,https://pixeldrain.com/u/jGcF7Uwn
Ace,✨ ineedlove,Beat made in 2008. Mentioned by a fan on Formspring.,2:50,2008,"Feb 15, 2026",OG File,High Quality,https://pixeldrain.com/u/zAj8wToZ
At Your Own Risk [V2],❓I Dream (2/2),"Track 4 on At Your Own Risk [V2], made in 2008. Completely different from the previous versions.",2:40,2008,"Feb 6, 2026",OG File,High Quality,https://pixeldrain.com/u/Fh663HHE
CALL ME IF YOU GET LOST,"✨ Snoh Aalegra - NEON PEACH [V3]
(feat. Tyler, The Creator) (prod. Tyler, The Creator)","Version of ""NEON PEACH"" with an alternate Tyler verse.",,,"Feb 6, 2026",Full,CD Quality,https://pixeldrain.com/u/qeSi2H6g
Soundz On Acid,"Akon [V1]
(Outro)","Soundz On Acid track, made in 2008. Full version of the beat played at the end of ""Outro"" from Bodega. Planned on being reworked or reused for Goblin sometime in 2010 - 2011.",,2008,"Feb 3, 2026",Snippet,High Quality,"https://pixeldrain.com/u/6VSFFx8x
https://pixeldrain.com/u/7VL4uqxC"
Ace,✨ I'm Going To Fuck My Family,Beat made in 2008. Mentioned on OFWGKTA's Twitter in 2010.,3:23,2008,"Feb 1, 2026",OG File,High Quality,https://pixeldrain.com/u/GhadaM3R
Ace,⭐️ Stusssy [V2],"Reworked version of ""Stusssy"", made in 2010. This version is slowed down and features additional production.",2:19,2010,"Feb 1, 2026",OG File,High Quality,https://pixeldrain.com/u/47u5ZTiq
Dreams In 3-D,❓✨ Toys & Blox! [V1],"Initial version, made in 2006. Extended, pitched up, and slightly different",2:41,2006,"Feb 1, 2026",Full,CD Quality,https://pixeldrain.com/u/mcP247T7
Eargasm,"⭐️ Late... Again (1/2)
(Classic Tyler 10)","Eargasm track, made in 2007. Track 10 on a scrapped tracklist. Formerly known as ""Classic Tyler 10"" & ""Lunchbox"" but neither of these are official names. Scrapped in late 2007, and the name ""Late... Again"" was reused for an unrelated loose 2008 beat.",3:42,2007,"Feb 1, 2026",OG File,CD Quality,https://pixeldrain.com/u/fr8kcB62
Zombie Circus,Hookline,"Zombie Circus beat, made in 2009",1:37,2009,"Feb 1, 2026",OG File,High Quality,https://pixeldrain.com/u/Mv1XT9MA
WOLF [V1],❓🏆 In The Sun,"WOLF [V1] track, recorded over Haack [V3]. Mentioned in an article about Odd Future as being played to the interviewer, Tyler states that ""Haack inspired me to make this beat. His shit is cool, random beeps and stuff. If you did acid and listened to it that would be swagged the fuck out.""",4:06,,"Feb 1, 2026",Beat Only,CD Quality,
Ace,⭐️ Sound On Acid [V2],"Reworked version of ""Sound On Acid"" with added layers of synths, made in 2010. Slightly pitched compared to the original.",3:14,2010,"Jan 31, 2026",Full,High Quality,https://pixeldrain.com/u/EXXorh52
At Your Own Risk [V2],❓✨ Get Fresh (2/2),"Track 6 on At Your Own Risk [V2], made in 2008. Shares some instruments, but is mostly different in every other aspect. Planned to feature Burtono at one point. The file we have has fake adlibs that are not on the actual beat, abenotbabe added them to the file. A remake without the adlibs can be found in the Blacklist.",3:12,2008,"Jan 31, 2026",Tagged,High Quality,https://pixeldrain.com/u/MWdRGdKB
At Your Own Risk [V2],❓Purple X Toys (2/2),"Track 14 on At Your Own Risk [V2], made in 2008. Completely different from the previous versions.",2:31,2008,"Jan 31, 2026",OG File,High Quality,https://pixeldrain.com/u/FroACJog
Soundz On Acid,Cat [V2],"Soundz On Acid version, year unknown.",3:39,,"Jan 31, 2026",Full,High Quality,https://pixeldrain.com/u/mXVfcwPr
SuperDuper SteezMonster,"❓✨ LGK
(prod. Tyler, The Creator & KyD)
(Let's Go KyD!)","Track 9 on SuperDuperSteezMonster, made in 2008 with KyD (Skoolie300's cousin) from StereoHype.",2:47,2008,"Jan 31, 2026",Full,High Quality,https://pixeldrain.com/u/K9pVzB3g
WOLF [V1],❓🏆 Adams Family,"WOLF [V1] track, planned to be the intro to the project at some point during its development but was scrapped sometime in 2009. Mentioned by Tyler, but all direct mentions of this are currently lost, as indicated by someone asking about the song and if it was still the intro.",3:27,,"Jan 31, 2026",Beat Only,High Quality,
At Your Own Risk [V2],❓⭐️ Soon (2/2),"Track 8 on At Your Own Risk [V2], made in 2008. Completely different from the previous versions.",2:53,2008,"Jan 30, 2026",OG File,High Quality,https://pixeldrain.com/u/RBVqvJtM
At Your Own Risk [V2],❓Sorry.... (2/2),"Track 13 on At Your Own Risk [V2], made in 2008. Completely different from the previous versions.",3:00,2008,"Jan 30, 2026",OG File,High Quality,https://pixeldrain.com/u/vkcybv2W
At Your Own Risk [V2],❓⭐️ Speakerboxx (2/2),"Track 16 on At Your Own Risk [V2], made in 2008. Completely different from the previous versions.",2:43,2008,"Jan 30, 2026",OG File,High Quality,https://pixeldrain.com/u/Mu2V3j5p
At Your Own Risk [V2],❓Return Of Saturn (2/2),"Track 10 on At Your Own Risk [V2], made in 2008. Completely different from the previous versions.",3:35,2008,"Jan 29, 2026",OG File,High Quality,https://pixeldrain.com/u/qWH5n2cF
At Your Own Risk [V1],Speakerboxx (Instrumental) (1/2),"Instrumental to ""Speakerboxx,"" made and posted to MySpace in 2006. Shown on a poll alongside ""Odd Future"", ""I Dream"", ""Supreme"", & ""Air Balloon"". Has adlibs from Tyler. Reused for Stereo-Type. Wale & JAY-Z are fake features.",3:54,2007,"Jan 27, 2026",Full,CD Quality,https://pixeldrain.com/u/C85qNQNJ
At Your Own Risk [V2],❓⭐ Run Away (2/2),"Track 12 on At Your Own Risk [V2], made in 2007. Completely different from the previous versions.",3:08,2007,"Jan 26, 2026",OG File,High Quality,https://pixeldrain.com/u/mZnVgFoS
Ace,Oprah,"Beat made in 2008, used for a Skoolie300 song of the same name.",2:12,2008,"Jan 22, 2026",Full,CD Quality,https://pixeldrain.com/u/rKsZrgTx
The Recipe,"Burtono - Bluebells
(prod. Burtono & Tyler, The Creator)","Only confirmed Tyler produced track that was made for 'The Recipe'. Samples ""Alright"" by Jamiroquai & ""Outstanding"" by The Gap Band.",2:39,,"Jan 19, 2026",Full,High Quality,https://pixeldrain.com/u/uRQGR5QF
CHROMAKOPIA,"✨ Daniel Caesar - ???
(feat. Tyler, The Creator)","OG Filename: Daniel Caesar - StudioPigalle Wip031022.mp3
Unnamed song recorded during the 2022 Paris sessions. Was initially sold under the name ""Answer My Call"" and said to be from CHROMAKOPIA sessions, however this is untrue. Leaked after a $750 groupbuy.",9:50,"Mar 10, 2022","Jan 17, 2026",OG File,CD Quality,https://pixeldrain.com/u/cyuwCU71
SuperDuper SteezMonster,"❓ Hero vs. Villian
(prod. Tyler, The Creator & StereoHype)","Track 5 on SuperDuperSteezMonster, made in 2008 with StereoHype.",2:33,2008,"Jan 11, 2026",Full,High Quality,https://pixeldrain.com/u/7F2nWy3R
SuperDuper SteezMonster,❓ Thirsty,"Track 13 on SuperDuperSteezMonster, snippet leaked on YouTube on January 5, 2026.",,,"Jan 5, 2026",Snippet,High Quality,https://pixeldrain.com/u/vndkZWbd
Cherry Bomb,"✨ Border Control
(feat. Kali Uchis)","Cherry bomb song with a Kali Uchis feature. Leaked after a successful GB alongside ""Timbean."" Very racist.",1:30,"Sep 14, 2014","Jan 5, 2026",Full,CD Quality,https://pixeldrain.com/u/MLtCguEx
Cherry Bomb,"⭐ Timbean [V2]
(feat. Kali Uchis)
(For The Time Being, Time Being)","OG Filename: Timbean BNCE 1.0 RUFF
Finished Tyler x Kali song originating from the CHERRY BOMB sessions. Leaked after a successful GB alongside ""Border Control."" ""Timbean"" is mostly likely an intentional mispelling of ""Time Being"", however this is unconfirmed.",2:30,"Sep 14, 2014","Jan 5, 2026",OG File,CD Quality,https://pillows.su/f/38b7454d85d7b133ab3adf615c193097
Unknown,❓🗑️ Lakeson,"Unknown era instrumental, leaked as a bonus to the ""Timbean"" groupbuy. This song was either bounced or made in 2018, and came from Tyler's e-mail.",1:33,,"Jan 4, 2026",Full,High Quality,https://pixeldrain.com/u/8wz9jQg1
IGOR,"EARFQUAKE (Clean Version)
(add. Playboi Carti & Charlie Wilson)","Clean version of ""EARFQUAKE,"" found on radio music distribution website. Might have an alternate mix to release.",,,"Jan 2, 2026",Full,CD Quality,https://pixeldrain.com/u/o21FYaEi
CALL ME IF YOU GET LOST,"DOGTOOTH (Clean Version)
(add. DJ Drama)","Clean version of ""DOGTOOTH,"" found on radio music distribution website. Might have an alternate mix to release.",,,"Jan 2, 2026",Full,CD Quality,https://pixeldrain.com/u/HwdJ1huW
CALL ME IF YOU GET LOST,"Pharrell Williams - Cash In Cash Out (Clean Version)
(feat. 21 Savage & Tyler, The Creator) (prod. Pharrell Williams)","Clean version of ""CASH IN CASH OUT,"" found on radio music distribution website. Might have an alternate mix to release.",,,"Jan 2, 2026",Full,CD Quality,https://pixeldrain.com/u/9PYfqvEU
The Dead Sams,❓🗑️ Ferris Wheel [V1],"Initial version, mentioned by Tyler on the freeperm archive in September 2012.",1:36,2012,"Jan 1, 2026",Full,High Quality,https://pixeldrain.com/u/zp8PcJtx
WOLF [V3],Rusty (Intro) [V2],"OG Filename: rustyintro2
Full version of the ""Rusty"" intro (or ""Parking Lot"" outro, however you think) with unheard parts & has an alternate mix. Bounced on April 3rd, 2016 for unknown reasons.",0:44,"Apr 3, 2016","Dec 21, 2025",OG File,Lossless,https://imgur.gg/f/IDGqA2J
WOLF [V3],"Domo Genesis - Go (Gas)
(feat. Wiz Khalifa, Juicy J & Tyler, The Creator) (prod. Tyler, The Creator)","OG Filename: Go Gas.bnc
Version of ""Go (Gas)"" by Domo Genesis with an alternate outro & earlier mixing. Leaked as part of a $700 groupbuy.",3:46,"Sep 27, 2012","Dec 19, 2025",OG File,High Quality,https://pixeldrain.com/u/b5QKMyGj
Cherry Bomb,"✨ Kali Uchis - In My Dreams
(prod. Tyler, The Creator)","Kali Uchis throwaway for her album ""Por Vida"", completely unreleated to the other Kali song of the same name. Snippet leaked on December 1st, 2025. Leaked as a bonus to the 24 songs groupbuy.",2:56,"Sep 14, 2014","Dec 19, 2025",OG File,CD Quality,https://pixeldrain.com/u/aJnkjNzs
Flower Boy,✨ November [V6],"OG Filename: November RUFF REF 4
Demo mix, dated May 11th, 2017. Has some harmonizing throughout the song, less vocals & adlibs, no interview vocals on the bridge except for a sample of a speech (might be Shane Powers), & alternate mixing.",3:47,"May 11, 2017","Dec 17, 2025",OG File,CD Quality,https://pixeldrain.com/u/HjCwiJMy
Ace,"🏅 LaVish - Smile Cheese Take a Picture 
(feat. Tyler, The Creator) (prod. Tyler, The Creator)","Throwaway from Hometown Hero by LaVish with a Tyler feature, recorded sometime in 2009.",3:25,2009,"Dec 13, 2025",Beat Only,High Quality,N/A
my good beats,❓✨ Reverse (2/2),"Beat made in 2004, tagged with my good beats. Planned to be used for Dreams In 3-D. Reuses the Reverse name but isn't his first song. Samples ""Prototype"" by Outkast. Possibly used for Radio Arcade.",2:26,2004,"Dec 11, 2025",OG File,High Quality,https://pixeldrain.com/u/AzfB6j7s
Stereo-Type,7-Up [V1],"Initial version, made in 2007. Features different production & an entirely new outro. Leaked alongside other beats.",2:30,2007,"Dec 11, 2025",Full,CD Quality,https://pixeldrain.com/u/BjPXRd34
Eargasm,"Nylon [V1]
(Non, DNC)","Initial version with no sample, alternate production, and contains an early version of ""DNC"" that's faster.",3:43,2007,"Dec 11, 2025",Full,CD Quality,https://pixeldrain.com/u/TU5bQ7LW
Poly/Mono,"⭐ CG [V1]
(Customized Greatly)","Initial version, made in 2008. Samples ""I Still Love You"" by the Roy Ayers Ubiquity. This version was originally given to LaVish to record on, & would later be reworked & reused by Hodgy Beats for The Dena Tape. Has vocals from Tyler.",2:46,2008,"Dec 11, 2025",Full,High Quality,https://pixeldrain.com/u/sVUDgxNy
SuperDuper SteezMonster,❓⭐️ SuperDuperSteezMonster,"Track 1 on SuperDuperSteezMonster, made in 2008. Leaked alongside the existence of this project being made public.",3:14,2008,"Dec 11, 2025",Full,High Quality,https://pixeldrain.com/u/UEeaREqK
Dinosaur,Hunter [V1],"Initial version, made in 2008. Almost a completely different beat compared to the later version, but has the same melody.",3:29,2008,"Dec 11, 2025",Full,CD Quality,https://pixeldrain.com/u/f7zyvZN2
At Your Own Risk [V1],Run Away (1/2) [V1],"Initial version, has no 4-count intro, alternate production & alternate mixing.",2:26,2007,"Dec 9, 2025",Full,High Quality,https://pixeldrain.com/u/7oCzAfyo
Eargasm,✨ Sound On Acid [V1],"Initial version, made on January 11th, 2008.",1:56,"Jan 11, 2008","Dec 1, 2025",Full,High Quality,https://pixeldrain.com/u/gWhHm63A
Cherry Bomb,"PERFECT (Video Version) [V1]
(feat. Kali Uchis & Austin Feinstein)
(PARFAIT)","OG Filename (maybe): PERFECT VIDEO VERSION
Alternate version of PERFECT's outro seen in the music video. Has Kali & Austin's vocals pitched up. Leaked as a bonus to a Kali Uchis GB, OG Filename may be wrong.",1:15,,"Dec 1, 2025",Full,CD Quality,https://pixeldrain.com/u/1VFbACso
Poly/Mono,✨ Neptune,"Poly/Mono beat, made in 2010. Uses the same chord progression and structure as ""Key"". Not to be confused for the Louis Vuitton composition of the same name.",2:55,2010,"Nov 26, 2025",Full,Low Quality,https://pixeldrain.com/u/pqqjqRHF
The Dead Sams,"❓✨ Party Isn't Over
(PartyIsntOver (Instrumental))","Confirmed to be from The Dead Sams, pretty different from the rough draft & release version but has resemblence to the final (either that or this is just a slowed down version of the instrumental with some rearrangements).",2:00,2012,"Nov 26, 2025",Full,High Quality,https://pixeldrain.com/u/CZFxyDdr
Dreams In 3-D,❓La La Land... [V1],"Initial version, is shorter and has different production.",2:31,,"Nov 24, 2025",Full,CD Quality,https://pixeldrain.com/u/KePpUgfz
Eargasm,Crikle,Track 13 on Eargasm. Known for previously being the most faked Ace beat.,3:29,2007,"Oct 24, 2025",Full,High Quality,https://pixeldrain.com/u/FN3FjnKH
Eargasm,Cloud High,"Instrumental to ""Cloud High"" by Jack Mushroom. Track 8 on a scrapped tracklist.",3:02,2007,"Oct 22, 2025",Full,High Quality,https://pixeldrain.com/u/ibCuic9v
Nilbog,Naughty,"Nilbog song, made in 2011.",3:38,2011,"Oct 22, 2025",Full,High Quality,https://pixeldrain.com/u/C3MtdN8k
WOLF [V2],❓ Shitface,Track 1 on a WOLF [V2] tracklist.,2:47,,"Oct 22, 2025",Full,High Quality,https://pixeldrain.com/u/c2Dh1Fum
Soundz On Acid,Dixon,"Soundz On Acid track, made in 2009.",2:30,2009,"Oct 21, 2025",Full,High Quality,https://pixeldrain.com/u/v5eqZ3Z1
Radio Arcade,starX,"Radio Arcade track, likely made in 2008.",2:04,2008,"Oct 15, 2025",Full,Low Quality,https://pixeldrain.com/u/qU3irh5X
CALL ME IF YOU GET LOST,"❓Call Me [V1]
(Voicemail #3, NUMBER, NUMBER)","Instrumental to an early / extended version of ""Call Me,"" forceleaked after a failed groupbuy.",2:24,,"Oct 15, 2025",Full,High Quality,https://pixeldrain.com/u/CG2MyJGN
Ace,Baking Soda,"Beat made in 2007, promoted on MySpace. Samples ""Ain't That Funny"" by Missy Elliot.",2:45,2007,"Oct 12, 2025",Full,High Quality,https://pixeldrain.com/u/gQip7vJy
Stereo-Type,"⭐️ Rocky's Revenge
(Mead, Classic Tyler 6)","Stereo-Type track, posted onto MySpace on an unknown date. Reused for Eargasm. Originally leaked in LQ on an unknown date, later leaked in CDQ on September 27th, 2025.",3:15,2007,"Sep 27, 2025",OG File,CD Quality,https://pixeldrain.com/u/aa474euC
BASTARD,🏅 Nightmare [V1],"Confirmed by Tyler in an interview that the first two verses and chorus for ""Nightmare"" was recorded at the end of 2009 and would've been on Bastard, but was cut because it was unfinished and it didn't fit the vibe. Theorized to be the song scribbled out of the original Bastard tracklist.",4:38,,"Sep 27, 2025",Beat Only,High Quality,https://pixeldrain.com/u/HLKeWjw1
Cherry Bomb,SMUCKERS [V2],"Finished solo version of ""SMUCKERS"", has a different take from the original version and uses an instrumental similar to the final one.",,,"Sep 25, 2025",Snippet,Recording,LINK NEEDED
Stereo-Type,Waffles (1/2) [V2],"Stereo-Type version of ""Waffle"", has different drum sounds, different pitch, and new instrumentation.",2:27,,"Sep 22, 2025",Full,Low Quality,https://pixeldrain.com/u/hbHEbWVd
Ace,"Zuckerberg 
(prod. Tyler, The Creator & Left Brain)",Beat made in 2009 with Left Brain.,2:46,2009,"Sep 18, 2025",Full,CD Quality,https://pixeldrain.com/u/6YyRixiq
Eargasm,Eargasm,"Track 1 on Eargasm, made in 2007 & posted onto imeem on February 24th, 2008.",5:27,2007,"Sep 18, 2025",Full,High Quality,https://pixeldrain.com/u/gF4TaZbz
Radio Arcade,⭐ speakerboxxX !,"Radio Arcade track, made in 2008. Unrelated to the At Your Own Risk beat with the same name.",3:23,2008,"Sep 18, 2025",Full,Low Quality,https://pixeldrain.com/u/N9i4ZBoJ
Dreams In 3-D,❓3-D (1/2) [V2],"Track 18 on Dreams In 3-D, made in early 2006.",2:29,2006,"Aug 25, 2025",Full,High Quality,https://pixeldrain.com/u/DeoDbZcd
Dreams In 3-D,❓✨ Air Balloon (1/2) [V2],"Track 4 on Dreams In 3-D, made in 2005.",3:09,,"Aug 25, 2025",Full,CD Quality,https://pixeldrain.com/u/rkP2GwV3
Dreams In 3-D,❓Happy Holidays [V2],"Track 13 on Dreams In 3-D, made in 2005. Not related to the bloxhead video, ""Happy Holiday Hoe.""",3:26,,"Aug 25, 2025",Full,CD Quality,https://pixeldrain.com/u/hgUDPeVe
Dreams In 3-D,❓✨ I Dream (1/2) [V2],"Track 8 on Dreams In 3-D, made in 2006.",2:48,2006,"Aug 25, 2025",Full,CD Quality,https://pixeldrain.com/u/8hZq6S23
Dreams In 3-D,❓✨ I Keep Toys [V2],"Track 16 on Dreams In 3-D track, made in 2006.",2:39,2006,"Aug 25, 2025",Full,CD Quality,https://pixeldrain.com/u/qfRVnw9p
Dreams In 3-D,❓Imagination (1/3) [V2],"Track 17 on Dreams In 3-D, made in 2006.",2:50,2006,"Aug 25, 2025",Full,CD Quality,https://pixeldrain.com/u/AyaQxcgh
Dreams In 3-D,❓⭐ La La Land... [V2],"Track 7 on Dreams In 3-D, made in 2006.",2:56,2006,"Aug 25, 2025",Full,CD Quality,https://pixeldrain.com/u/jEScG1yq
Dreams In 3-D,❓✨ Music X Shows [V1],"Track 11 on Dreams In 3-D, made in 2006.",2:25,2006,"Aug 25, 2025",Full,High Quality,https://pixeldrain.com/u/EQiaLoe8
Dreams In 3-D,"❓🗑️ Pink + Blue [V1]
(Pink & Blue, Purple X Toys (1/2), Highlighter)","Track 5 on Dreams In 3-D, made in 2006.",2:08,2006,"Aug 25, 2025",Full,CD Quality,https://pixeldrain.com/u/wvpwXzC6
Dreams In 3-D,❓Wind It Up [V2],"Track 15 on Dreams In 3-D, made in 2006.",2:06,2006,"Aug 25, 2025",Full,High Quality,https://pixeldrain.com/u/ADeuXt9M
Dreams In 3-D,"❓⭐ Puppy Love [V2]
(Chalk [V1], Shower [V1])","Track 3 on Dreams In 3-D, made in 2006. Not related to the bloxhead video of the same name. This track got turned into two separate instrumentals, Shower (aka Hi To Me) from I Smell Panties & Chalk from Ace.",2:12,2006,"Aug 24, 2025",Full,CD Quality,https://pixeldrain.com/u/aJ6zjBhe
Dreams In 3-D,❓We Dream In 3-D,"Track 1 on Dreams In 3-D, made in 2006.",2:24,2006,"Aug 24, 2025",Full,CD Quality,https://pixeldrain.com/u/vNdJjumG
At Your Own Risk [V1],12:01 (1/2) [V2],"Track 7 on the second tracklist for At Your Own Risk [V1], used at the beginning of the Bored Freestyle. MP is a fake feature.",2:38,2007,"Aug 24, 2025",Full,Low Quality,https://pixeldrain.com/d/93Mi36ZB/07%2012_01%20(Instrumental).mp3
At Your Own Risk [V1],"⭐️ Lounges X Blox (1/2) [V2]
(Lounges And Blox)","Track 5 on At Your Own Risk [V1], made in early 2007. A more fleshed out version of the Dreams In 3-D track.",5:22,2007,"Aug 24, 2025",Full,CD Quality,https://pixeldrain.com/u/FJ2EVkNM
At Your Own Risk [V1],✨ Sorry.... (1/2) [V1],"Initial At Your Own Risk [V1] version of ""Sorry....""",4:57,2007,"Aug 24, 2025",Full,High Quality,https://pixeldrain.com/d/93Mi36ZB/13%20Sorry.....mp3
Dreams In 3-D,❓Lounges X Blox (1/2) [V1],"Track 9 on Dreams In 3-D, made in early 2006.",2:12,2006,"Aug 22, 2025",Full,High Quality,https://pixeldrain.com/u/YTi1U4RP
At Your Own Risk [V1],❓7-Up Girl (1/2) [V1],"Earlier version, differences unknown.",,,"Aug 17, 2025",Snippet,Low Quality,https://pixeldrain.com/u/3dfdvsNi
Ace,Loop2,"Beat made in 2008. Tagged with no name, the filename is used as a placeholder name.",3:27,2008,"Aug 15, 2025",Full,High Quality,https://pixeldrain.com/u/qbuooMYt
CALL ME IF YOU GET LOST,"Perfect Love [Long Version] [V1]
(feat. A$AP Ferg) (prod. Tyler, The Creator)","CMIYGL-era song, meant to drop in 2023 but didn't for unknown reasons. Has Tyler singing, A$AP Ferg doing a verse, and Tyler doing 2 verses. Samples ""A Perfect Love"" by Rasa.",4:20,,"Aug 15, 2025",Full,CD Quality,https://pillows.su/f/08632fe4ab3d84409d1c01f740386f3c
CALL ME IF YOU GET LOST,"⭐️ Perfect Love [Long Version] [V2]
(feat. A$AP Ferg) (prod. Tyler, The Creator)",Version with an alternate mix to the previous version.,4:20,,"Aug 15, 2025",Full,CD Quality,https://pillows.su/f/6f24363348b720331810f9806e89257e
CALL ME IF YOU GET LOST,"Perfect Love [Short Version] [V1]
(feat. A$AP Ferg) (prod. Tyler, The Creator)
(Love)","Short version of ""Perfect Love,"" removes Tyler's second verse.",3:11,,"Aug 15, 2025",Full,CD Quality,https://pillows.su/f/c194684e9bb3407e3f659bf75df0a963
CALL ME IF YOU GET LOST,"Love [Short Version] [V2]
(feat. A$AP Ferg) (prod. Tyler, The Creator)
(Perfect Love)","OG Filename: Love REF
Version of ""Perfect Love"" with an alternate mix.",3:11,,"Aug 15, 2025",OG File,CD Quality,https://pillows.su/f/4dd38f97c740f6c4de146be596ecbe2d
CALL ME IF YOU GET LOST,"Perfect Love [Short Version] [V3]
(feat. A$AP Ferg) (prod. Tyler, The Creator)
(Love)","Version of ""Perfect Love"" with a beat pause & an alternate mix.",3:11,,"Aug 15, 2025",Full,CD Quality,https://pillows.su/f/df96dc880a858e43c40be550a246ca0c
Bodega,⭐ Coral,"Track 15 on Bodega, made in 2008.",1:30,2008,"Aug 4, 2025",Full,CD Quality,https://pixeldrain.com/u/xiF6XfYG
Bodega,✨ Crabs,"Track 14 on Bodega, made in 2008.",1:26,2008,"Aug 4, 2025",Full,Low Quality,https://pixeldrain.com/u/Za4vZiTm
Bodega,"✨ CV [V1]
(Networking (Instrumental) (2/2))","Track 2 on Bodega, made when Tyler was 15 in 2007. Initial version of the second half to ""Networking"" by Casey Veggies.",2:07,2007,"Aug 4, 2025",Full,High Quality,https://pixeldrain.com/u/Z725D9e3
Bodega,✨ Outro,"Track 16 on Bodega, made in 2008. Meant for affilate K Mak / Mak Milli to rap over.",2:27,2008,"Aug 4, 2025",Full,High Quality,https://pixeldrain.com/u/cYrKZVAn
Bodega,⭐ Yum!,"Track 7 on Bodega, made in 2008.",2:16,2008,"Aug 4, 2025",Full,High Quality,https://pixeldrain.com/u/gJCSPiDa
Ace,🏅 ???,Beat made in an unknown year. Snippet leaked during the Bodega groupbuy but was specifically said to not be from Bodega.,,,"Aug 1, 2025",Snippet,CD Quality,"https://pixeldrain.com/u/wLR4ssmA
https://pixeldrain.com/u/L8yBiXiD"
IGOR,"A$AP Rocky - Hun 43rd [Chopped & Screwed]
(c&s. DJ Slim K) (feat. Blood Orange) (add. A$AP Twelvyy, ScHoolboy Q & Tyler, The Creator) (prod. Blood Orange)
(Hun43rd, Cradle)","OG Filename: 06 Hun 43rd (CS) - main (mastered ts)
Version of ""Hun 43rd"" with Tyler, The Creator production additions.",6:11,,"Jul 28, 2025",OG File,Lossless,https://pixeldrain.com/u/3phrKfqG
IGOR,"A$AP Rocky - ASAP Forever [Chopped & Screwed]
(c&s. DJ Slim K) (with Tyler, The Creator) (feat. Khloe Anna, Kid Cudi, Moby & T.I.) (prod. A$AP Rocky, Hector Delgado & Jordie X)
(A$AP Forever)","OG Filename: 10 ASAP Forever (CS) - main (mastered ts)
Version of ""ASAP Forever"" with vocals from Tyler, The Creator on the intro, giving some commentary with Rocky.",4:23,,"Jul 28, 2025",OG File,Lossless,https://pixeldrain.com/u/t7RzVCMs
Ace,❓✨ You're Drunk [V2],"Version that's pitched down with alternate mixing & some new vocals, made in 2009 & played by Tyler on Ustream. Said to be a track on the Goblin deluxe edition, but this is an example of Tyler lying (he also said ""AssMilk 2"" would've been on it). Is rumoured to be a pitch corrected alteration of the above version, made through stem extraction.",2:10,2009,"Jul 18, 2025",OG File,High Quality,https://pixeldrain.com/u/gGgjy83F
Bodega,⭐ DNC,"Track 11 on Bodega, made in 2007. Later version of the ""Non"" beat switch, slower in tempo & has alternate mixing.",1:44,2007,"Jul 18, 2025",Full,CD Quality,https://pixeldrain.com/u/F4ve8V1R
WOLF [V1],❓ Toilet Milk [V2],"Version with unpitched vocals, different instrumental break placements, different adlibs, & different vocal effects, made in 2009 (meaning it's possible that Tyler made this song before AssMilk). On freeperm in July 2013, Tyler referred to this song as being recorded during the Goblin sessions, but it's safe to assume that Tyler said that due to him releasing WOLF earlier that year. Is rumoured to be a pitch corrected alteration of the above version, made through stem extraction.",2:45,2009,"Jul 18, 2025",OG File,High Quality,https://pixeldrain.com/u/ZtoueSXJ
Zombie Circus,🗑️ The Tramp 3,"Zombie Circus beat, made in 2009. Leaked as a bonus for a groupbuy.",1:25,2009,"Jul 16, 2025",Full,High Quality,https://pixeldrain.com/u/gQbkFmLS
At Your Own Risk [V1],❓✨ 7-Up Girl (1/2) [V2],"Track 15 on At Your Own Risk [V1] track, made in 2007. Has no relation to ""7up"" from Stereo-Type & Eargasm. John Legend is a fake feature.",3:52,2007,"Jul 11, 2025",Full,High Quality,https://pixeldrain.com/u/1YVBs79f
DON'T TAP THE GLASS,"Maxo Kream - Cracc at 15
(prod. Tyler, The Creator)","Original version of ""Cracc at 15"" by Maxo Kream with different mixing, performed on OGM Live.",2:52,,"Jul 3, 2025",Full,High Quality,https://pixeldrain.com/u/LJB8wFtE
Dreams In 3-D,❓Retail Price (1/3),"Track 12 on Dreams In 3-D, made in 2006.",2:55,2006,"Jun 29, 2025",Full,CD Quality,https://pixeldrain.com/u/kGNcbbo8
Dreams In 3-D,❓Toys & Blox! [V2],"Track 2 on Dreams In 3-D, made in 2006.",2:15,2006,"Jun 29, 2025",Full,CD Quality,https://pixeldrain.com/u/pcka2qR4
Stereo-Type,"⭐ Promo [V2]
(Pancakes, Classic Tyler 8)","Stereo-Type track, higher quality but the vocals lead into the beat rather than them being separate.",1:18,,"Jun 29, 2025",Full,CD Quality,https://pixeldrain.com/u/nRjvdbrg
DON'T TAP THE GLASS,"✨ Doechii - Get Right [V3]
(feat. Tyler, The Creator) (prod. Pharrell Williams)","Version of ""Get Right"" with a Tyler feature, played at the end of the Louis Vuitton Men's Spring-Summer 2026 show.",3:02,,"Jun 24, 2025",Full,High Quality,https://pixeldrain.com/u/GUFGJF6f
Stereo-Type,⭐ Gloomy Radio [V2],"Stereo-Type track, made in 2007 & posted onto imeem in 2008. Longer & has added production.",4:27,2007,"Jun 20, 2025",Full,CD Quality,https://pixeldrain.com/u/9tAxeeYC
Dreams In 3-D,❓✨ MusiC LoVe [V2],"Track 14 on Dreams In 3-D, made in 2006.",2:45,2006,"Jun 18, 2025",Full,CD Quality,https://pixeldrain.com/u/NKsj7MYn
Ace,Loop11,"Beat made in an unknown year. Tagged with no name, the filename is used as a placeholder name.",,,"Jun 7, 2025",Snippet,High Quality,https://pixeldrain.com/u/HeumzUQZ
The Recipe,Burtono - ???,"Unknown song played by Burtono and recorded by Pacifist, unknown if it was produced by Tyler or not. Confirmed to be had.",,,"Jun 7, 2025",Snippet,Recording,"https://pixeldrain.com/u/Pku7Ki3H
https://pixeldrain.com/u/EN3QsBqJ"
The OF Tape Vol. 1,"🏅 A Milli (Freestyle) [V1]
(prod. Bangladesh)
(A Millie)","Original version without pitched vocals, meant to be on the Odd Future Tape. Given to anyone who asked for the song.",,,"Jun 7, 2025",Snippet,High Quality,https://pixeldrain.com/u/PUhXwJeY
Ace,⭐ Splat,Beat made in 2007.,2:00,2007,"May 25, 2025",Full,High Quality,https://pixeldrain.com/u/xQogaAr4
At Your Own Risk [V1],"✨ Purple X Toys (1/2) [V2]
(Highlighter, Pink + Blue)","Track 14 on At Your Own Risk [V1], made in 2007. A more fleshed out version of the Dreams In 3-D track. André 3000 is a fake feature.",3:10,2007,"May 9, 2025",Full,High Quality,https://pixeldrain.com/u/qt5dZwJa
CALL ME IF YOU GET LOST,"CRACK ERA [V7]
(feat. Maxo Kream)
(Cracc Era, Krakk Era)","Version of ""CRACK ERA"" with an alternate Maxo Kream verse, one that sounds more similar to Tyler's, is longer and has worse mixing and uses the Are U Super Cereal as release. Leaked tagged on Jul 1st, 2024 and leaked untagged May 1st, 2025.",3:37,,"May 1, 2025",Full,CD Quality,https://pixeldrain.com/u/CEBXu7F2
Ace,Something [V2],"Updated version, differences unknown.",,2008,"Apr 26, 2025",Snippet,High Quality,https://pixeldrain.com/u/J3h5TGde
Ace,🏅 Pixie [V2],"Reworked version of ""Pixie"", made in 2010. Differences unknown.",,2010,"Apr 26, 2025",Snippet,Low Quality,https://pixeldrain.com/u/pohQscRi
Ace,Spazz,Beat made in 2007. Might've been given to rapper Spazz from Skoolie's circle. Has the same chord progression as Radiolove.,1:20,2007,"Apr 24, 2025",Full,High Quality,https://pixeldrain.com/u/RDGD9rrt
Ace,"Jam [V1]
(prod. Tyler, The Creator & Syd)",Beat made in 2009 with Syd.,0:43,2009,"Apr 24, 2025",Full,High Quality,https://pixeldrain.com/u/iZPfrj5T
Ace,"Jam [V2]
(prod. Tyler, The Creator & Syd)",Longer version.,2:10,2009,"Apr 24, 2025",Full,High Quality,https://pixeldrain.com/u/vr5UWLNX
Ace,Loop4,"Beat made in an unknown year. Tagged with no name, the filename is used as a placeholder name.",4:05,,"Apr 18, 2025",Full,High Quality,https://pixeldrain.com/u/QFFJV7b3
Eargasm,"Annie [V1]
(Classic Tyler 2)","Track 5 on Eargasm, made in 2007. Initially leaked July 5th, 2012, with Tyler publically recognizing the leak on July 6th, 2012. Higher quality file leaked later.",3:57,2007,"Apr 6, 2025",Full,CD Quality,https://pixeldrain.com/u/5ZZoQy79
The Senioritis Tape,Fucking Lame (Instrumental),"Instrumental to ""Fucking Lame"", missing sound effects from the final version.",2:31,,"Apr 5, 2025",Full,Low Quality,https://pixeldrain.com/u/cjAvK4FR
Stereo-Type,✨ Gloomy Radio [V1],"Initial version, made in 2007 but tagged as 2008, as that was when Tyler planned to release Stereo-Type. Tagged as track 1.",3:40,2007,"Apr 4, 2025",Full,Low Quality,https://pixeldrain.com/u/ccN9cptR
Ace,Brass Practice,"Beat made in 2008, leaked as a bonus to a Frank Ocean groupbuy.",1:36,2008,"Mar 29, 2025",Full,CD Quality,https://pixeldrain.com/u/ovu2GJ3x
Dinosaur,✨ Dazed [V2],"Finished version, made in 2009. Snippet leaked on March 19th, 2025. Later leaked on March 29th, 2025 as a bonus for a Frank Ocean groupbuy.",4:11,2009,"Mar 29, 2025",Full,High Quality,https://pixeldrain.com/u/UFFxc274
Ace,Hustling,Beat made in 2008.,3:37,2008,"Mar 24, 2025",Full,High Quality,https://pixeldrain.com/u/z1mSWJMw
Ace,Loop12,"Beat made in an unknown year. Tagged with no name, the filename is used as a placeholder name.",1:34,,"Mar 24, 2025",Full,CD Quality,https://pixeldrain.com/u/4wzq1RDJ
Ace,"???
(Dusk)",Beat made in 2008.,1:23,2008,"Mar 22, 2025",Full,High Quality,https://pixeldrain.com/u/VTD4526f
Soundz On Acid,⭐ Diamond [V2],"Sound On Acid track, has extra production and a brand new intro and outro.",4:14,2008,"Mar 22, 2025",Full,High Quality,https://pixeldrain.com/u/zWKg1rJd
Unknown,🏅 Da Blow,"OG Project Filename: da blow tyler.band
Obscure 2009-2010 joke song found in Syd's dropbox, may feature Domo Genesis. project file is had. unknown which album this is made for. Unrelated to Blow.",,,"Mar 17, 2025",Snippet,Recording,https://pixeldrain.com/u/BeN2EjZ6
At Your Own Risk [V2],❓✨️ 3-D (2/2),"Track on At Your Own Risk [V2], made in 2007. Completely different from the previous versions.",2:12,2007,"Mar 15, 2025",OG File,CD Quality,https://pixeldrain.com/u/Cb1MohFe
PinkGold SquarePixals,"⭐ Super Martian Robot Girl
(prod. Tyler, The Creator & Matt Martians)","PinkGoldSquarePixals track, made in 2008.",3:07,2008,"Mar 8, 2025",Full,High Quality,https://pixeldrain.com/u/QHTjdapP
WOLF [V1],"🏆 Unorthodox
(feat. Domo Genesis)","WOLF [V1] track, one of the biggest grails alongside Llama with Earl Sweatshirt. Tyler stated on Formspring sometime in 2010 that this was one of his best songs lyrically, later discovered that Domo Genesis tweeted about recording the song on October 24th, 2010, possibly meaning that he featured on the song & that he recorded sometime before that date in 2010.",4:06,,"Mar 8, 2025",Beat Only,High Quality,
Bodega,Taffy,"Track 3 on Bodega, made in 2008.",2:19,2008,"Mar 7, 2025",Full,High Quality,https://pixeldrain.com/u/Rw87rkWM
Bodega,Spring,"Track 14 on Bodega, made in 2008.",3:46,2008,"Feb 10, 2025",Full,High Quality,https://pixeldrain.com/u/JkNSHiUV
Ace,"Blast [V2]
(Bang)",Updated version.,4:37,2007,"Feb 9, 2025",Full,CD Quality,https://pixeldrain.com/u/EWNgvRjs
WOLF [V1],❓🏆 Half/Half,"WOLF [V1] track, recorded sometime in 2010 over [V3] of the beat. Stated to be track 6 of WOLF [V1] by Tyler on Formspring.",4:00,,"Feb 7, 2025",Beat Only,CD Quality,
Dreams In 3-D,✨ XoXo (Instrumental) [V2],"Second version of XoXo, also made in 2006.",3:57,2006,"Feb 6, 2025",Full,High Quality,https://pixeldrain.com/u/d4ZigKip
Stereo-Type,🏆 Handsome Sounds,"Stereo-Type track with vocals, recorded on January 11, 2008. Talked about on Tyler's Blogspot.",1:50,"Jan 11, 2008","Feb 6, 2025",Beat Only,Low Quality,https://pixeldrain.com/u/SduCpTHa
Ace,✨ Styrofoam,Beat made in 2009.,1:49,2009,"Feb 4, 2025",Full,High Quality,https://pixeldrain.com/u/beiT6qoP
Dreams In 3-D,❓Slurpee [V2],"Track 2 on Dreams In 3-D, made in 2006.",2:57,2006,"Feb 4, 2025",Full,High Quality,https://pixeldrain.com/u/2sKRaQmY
At Your Own Risk [V1],✨ L.O.L. (1/2) [V1],"Track 3 on At Your Own Risk [V1], made in 2007.",3:37,2007,"Feb 4, 2025",Full,High Quality,https://pixeldrain.com/u/KRgJpP7n
Stereo-Type,✨ I Dream (1/2) [V4],"Stereo-Type track, made in 2007. Shown in a poll alongside ""Odd Future"", ""Supreme"", ""Air Balloon"", & ""Speakerboxx"".",4:07,2007,"Feb 4, 2025",Full,CD Quality,https://pixeldrain.com/u/uv5XEod8
Bodega,⭐ Tulips,"Track 8 on Bodega, made in 2007. Meant for brandUn DeShay to rap over.",2:03,2007,"Feb 4, 2025",Full,CD Quality,https://pixeldrain.com/u/cot5QLmB
The Au79,⭐ Leuz,"An instrumental from The Au79, made in 2008.",2:17,2008,"Feb 4, 2025",Full,High Quality,https://pixeldrain.com/u/isZqsrpH
Ace,Anniversary,Beat made in 2007.,2:01,2007,"Jan 30, 2025",Full,CD Quality,https://pixeldrain.com/u/ueGHU2fk
Ace,Neon,Beat made in 2009.,2:49,2009,"Jan 30, 2025",Full,CD Quality,https://pixeldrain.com/u/tyWTeZPn
Eargasm,Eureka,Track 9 on Eargasm.,2:19,2007,"Jan 30, 2025",Full,CD Quality,https://pixeldrain.com/u/Zb4K7nfb
Dinosaur,Dazed [V1],"Initial rough draft. Unrelated to ""Dazed X Amazed"" other than the fact they're both from the same project.",0:57,,"Jan 30, 2025",Full,High Quality,https://pixeldrain.com/u/Nw5WY5Yh
Ace,Laces,Beat made in 2009.,2:08,2009,"Jan 25, 2025",Full,High Quality,https://pixeldrain.com/u/pqGBWxUs
Unknown,???,"Snippet that was leaked, not much known about it.",,,"Jan 4, 2025",Snippet,High Quality,https://pixeldrain.com/u/rLZ7aa2q
IGOR,"❓🏅 GONE, GONE [V4]
(Love Gone, Love's Gone)","Version of ""GONE, GONE"" without Cee Lo Green. Snippet might be a stem edit.",,,"Jan 1, 2025",Snippet,High Quality,https://pixeldrain.com/u/nAzk2zBC
CALL ME IF YOU GET LOST,"Westside Gunn - The Fly who couldn't Fly straight [V1]
(feat. Tyler the Creator)","Original version of ""The Fly who couldn't Fly straight"" by Westside Gunn, features a different verse from Tyler.",,,"Jan 1, 2025",Snippet,High Quality,https://pixeldrain.com/u/CYvzK1z1
CALL ME IF YOU GET LOST,"Lil Yachty - Tokyo Drift [V2]
(with Tierra Whack) (feat. A$AP Rocky & Tyler, The Creator)
(T.D)","A later version of ""T.D"" seemingly titled ""Tokyo Drift"" at this time. This version features different mixing and no beat chops or sfx. The song surfaced randomly on December 26th, 2024.",3:53,,"Dec 26, 2024",Full,High Quality,https://pixeldrain.com/u/6pmQ94vo
Ace,Xmas,Beat made in 2008.,2:38,2008,"Dec 25, 2024",Full,High Quality,https://pixeldrain.com/u/1FZ7c97L
PinkGold SquarePixals,"🗑️ Plex 2-D
(prod. Tyler, The Creator & Matt Martians)","PinkGoldSquarePixals track, made in 2008.",3:15,2008,"Dec 25, 2024",Full,CD Quality,https://pixeldrain.com/u/7y7kPkbS
Ace,🗑️ Spin,Beat made in 2007.,1:24,2007,"Dec 14, 2024",Full,High Quality,https://pixeldrain.com/u/XNDrn4of
Ace,Trick,Beat made in 2008.,3:36,2008,"Dec 14, 2024",Full,High Quality,https://pixeldrain.com/u/h5aX4vuH
Eargasm,⭐ Sea,"Track 14 on Eargasm, made in 2007. Samples ""Can We Do It Again"" by Timbaland & Magoo.",2:27,2007,"Dec 14, 2024",Full,CD Quality,https://pixeldrain.com/u/AZwGJVVb
Dinosaur,The Fuck You Bunch [V1],Initial version with alternate production.,4:11,,"Dec 14, 2024",Full,CD Quality,https://pixeldrain.com/u/2c1HJfhg
Ace,ZyX,Beat made in 2007.,2:17,2007,"Dec 12, 2024",Full,High Quality,https://pixeldrain.com/u/fUKgiweJ
Ace,Synesthezia,Beat made in 2008.,4:06,2008,"Dec 9, 2024",Full,CD Quality,https://pixeldrain.com/u/886oxG1b
Eargasm,Slurpee [V3],"Track 3 on Eargasm, made in 2007. Doesn't share much in common with the Dreams In 3-D track.",5:49,2007,"Dec 6, 2024",Full,High Quality,https://pixeldrain.com/u/MP7N4V58
Ace,Dolph,Beat made in 2007.,3:29,2007,"Dec 3, 2024",Full,CD Quality,https://pixeldrain.com/u/z9vte1iu
Ace,"Taxi [V1]
(Jolly)",Beat made in 2008.,3:19,2008,"Dec 3, 2024",Full,CD Quality,https://pixeldrain.com/u/fnxGceNw
Ace,???,"Beat made in 2010, previewed on Ustream between 2010 - 2011. Originally leaked under the fake name, ""Real Trap Shit.""",2:45,2010,"Nov 20, 2024",Full,High Quality,https://pixeldrain.com/u/a7ZPk1Lc
Ace,✨ Stusssy [V1],Beat made in 2008. Later reworked in 2010.,2:05,2008,"Nov 14, 2024",Full,High Quality,https://pixeldrain.com/u/5ZogPwJu
Stereo-Type,"🏆 Secret Garden [V1]
(The Secret Garden)","Stereo-Type track with vocals, recorded on January 11th, 2008.",4:05,"Jan 11, 2008","Nov 13, 2024",Beat Only,CD Quality,https://pixeldrain.com/u/yviZTQMW
CHROMAKOPIA,"Darling, I [V1]","Version of ""Darling, I"" with a lead outtake, ripped from the ""MASK IS OFF: CHROMAKOPIA"" video.",,,"Nov 12, 2024",Snippet,Recording,https://pixeldrain.com/u/CmL13DBV
CHROMAKOPIA,"Darling, I [V2]","Version of ""Darling, I"" with a harmony outtake, ripped from the ""MASK IS OFF: CHROMAKOPIA"" video.",,,"Nov 12, 2024",Snippet,Recording,https://pixeldrain.com/u/iVGTTYxa
CHROMAKOPIA,"Darling, I [V3]","Early version of ""Darling, I"" with a mumble outtake, ripped from the ""MASK IS OFF: CHROMAKOPIA"" video.",,,"Nov 12, 2024",Snippet,Recording,https://pixeldrain.com/u/dRwMYLiQ
CHROMAKOPIA,I Hope You Find Your Way Home,"OG Filename: rainy_intro_intro
Early version of ""I Hope You Find Your Way Home"", ripped from the ""MASK IS OFF: CHROMAKOPIA"" video.",,,"Nov 12, 2024",Snippet,Recording,https://pixeldrain.com/u/jBxhQivL
CHROMAKOPIA,I Killed You [V1],"Early version of ""I Killed You"" with some alternate vocals from Tyler, ripped from the ""MASK IS OFF: CHROMAKOPIA"" video. We missed this for over a year (how?) THANK YOU WILLTD.",,,"Nov 12, 2024",Snippet,Recording,https://pixeldrain.com/u/j8PW8yYK
CHROMAKOPIA,"I Killed You [V2]
(feat. Santigold)","Early version of ""I Killed You"" with outtake from Santigold, ripped from the ""MASK IS OFF: CHROMAKOPIA"" video.",,,"Nov 12, 2024",Snippet,Recording,https://pixeldrain.com/u/gHNHeZpT
CHROMAKOPIA,Judge Judy,"Early version of ""Judge Judy"" with mumble, made in the same studio session as ""Mother."" with Thundercat & Pedro Martins. Ripped from the ""MASK IS OFF: CHROMAKOPIA"" video.",,,"Nov 12, 2024",Snippet,Recording,https://pixeldrain.com/u/TyaREUud
CHROMAKOPIA,"Like Him [V1]
(feat. Lola Young)","Early version of ""Like Him"" with outtake from Lola Young, ripped from the ""MASK IS OFF: CHROMAKOPIA"" video.",,,"Nov 12, 2024",Snippet,Recording,https://pixeldrain.com/u/EAUDKLcx
CHROMAKOPIA,Mother [V2],"Version of ""Mother"" with mumble, made in the same studio session as ""Judge Judy."" with Thundercat & Pedro Martins. ripped from the ""MASK IS OFF: CHROMAKOPIA"" video.",,,"Nov 12, 2024",Snippet,Recording,"https://pixeldrain.com/u/XB8LzaBG
https://pixeldrain.com/u/vj5bMQFQ"
CHROMAKOPIA,Sticky [V2],"Early version of ""Sticky"" with outtake from Jazmine & Laila S. Freeman, ripped from the ""MASK IS OFF: CHROMAKOPIA"" video.",,,"Nov 12, 2024",Snippet,Recording,https://pixeldrain.com/u/Mi4PLGax
CHROMAKOPIA,"Sticky [V3]
(feat. Sexyy Red)","Version of ""Sticky"" with outtake from Sexyy Red, ripped from the ""MASK IS OFF: CHROMAKOPIA"" video.",,,"Nov 12, 2024",Snippet,Recording,https://pixeldrain.com/u/PRmxJ9kN
CHROMAKOPIA,Thought I Was Dead,"Early version of ""Thought I Was Dead"", ripped from the ""MASK IS OFF: CHROMAKOPIA"" video. First half is of Tyler adlibing on an early version of the instrumental, while the second half is an early rough draft of his first verse on the song.",,,"Nov 12, 2024",Snippet,Recording,https://pixeldrain.com/u/Nh92bGVS
CHROMAKOPIA,"🏆 ???
(feat. Daniel Caesar)","Studio session with Daniel Caesar in November 2022, ripped from ""MASK IS OFF: CHROMAKOPIA""",,,"Nov 12, 2024",Snippet,Recording,https://pixeldrain.com/u/TqnQw1XB
Ace,✨ Exotic,Beat made in 2007.,3:00,2007,"Nov 10, 2024",Full,High Quality,https://pixeldrain.com/u/bzQeGEJf
Ace,Hangover,Beat made in 2008.,2:45,2008,"Nov 10, 2024",Full,High Quality,https://pixeldrain.com/u/ZbWRwoWi
Bodega,Sci-Fi,"Track 12 on Bodega, made in 2008.",3:09,2008,"Nov 10, 2024",Full,CD Quality,https://pixeldrain.com/u/j6yJDMyu
PinkGold SquarePixals,⭐ Pixal,"PinkGoldSquarePixals track, made in 2008. Originally thought to be the title track. Possibly the outro to the project.",3:42,2008,"Nov 8, 2024",Full,High Quality,https://pixeldrain.com/u/HvFN5TNv
Ace,"Shuffle [V2]
(My Song 10)",Longer version.,3:05,2007,"Nov 7, 2024",Full,High Quality,https://pixeldrain.com/u/tWar9DWP
Ace,Harmonica [V2],Version with an alternate intro and other differences.,2:55,2008,"Nov 5, 2024",Full,High Quality,https://pixeldrain.com/u/wDPbdeZW
WANG$AP,"Sexydick [V2]
(prod. Kanye West)
(Potato Salad, Knock Knock)","Instrumental for an early version of ""Potato Salad,"" has alternate mixing and is pitched up a bit (this is literally just Knock Knock).",3:07,,"Nov 2, 2024",Beat Only,CD Quality,https://pixeldrain.com/u/Ewb3e3gL
Ace,⭐ Kat,Beat made in 2009.,3:02,2009,"Oct 23, 2024",Full,High Quality,https://pixeldrain.com/u/TnYkgwo2
Ace,Green And Purple Pussy Milk,"Part 1 of Green And Purple Pussy Milk, made in 2009. Played on Nuts + Bolts.",2:03,2009,"Oct 22, 2024",Partial,Recording,https://pixeldrain.com/u/Umw2M3nY
Unknown,❓ ???,"Snippet shared on LEAKEDCX by bigschlong3000 on October 22nd, 2024, could be from CHROMAKOPIA since the snippet was tagged with the release date for the album but we don't have confirmation.",,,"Oct 22, 2024",Snippet,Lossless,https://pixeldrain.com/u/NAUpuiuV
Soundz On Acid,Diamond [V1],"Initial version, made in 2008.",3:02,2008,"Oct 21, 2024",Full,High Quality,https://pixeldrain.com/u/caN4wmn9
Ace,Claw,Beat made in 2008.,1:55,2008,"Oct 20, 2024",Full,High Quality,https://pixeldrain.com/u/ji3NYXHR
Ace,Thrashed [V1],Beat made in 2008.,3:22,2008,"Oct 20, 2024",Full,High Quality,https://pixeldrain.com/u/kFwsa9NC
Dinosaur,Illmatic,"Dinosaur beat, made in 2008.",1:52,2008,"Oct 20, 2024",Full,High Quality,https://pixeldrain.com/u/7DjwBYii
Dinosaur,"✨ HB
(Hodgy Beats)","Loose Dinosaur beat, made in 2009 for Hodgy Beats as a Dena Tape interlude.",3:57,2009,"Oct 20, 2024",Full,High Quality,https://pixeldrain.com/u/7dgLf3oV
Ace,Lazer,Beat made in 2008.,2:08,2008,"Oct 19, 2024",Full,CD Quality,https://pixeldrain.com/u/uUYRd8qw
Ace,Beib,Beat made in 2010.,2:04,2010,"Oct 19, 2024",Full,High Quality,https://pixeldrain.com/u/TjoGkqsA
At Your Own Risk [V1],⭐ Imagination (2/3),"Track 18 on At Your Own Risk [V1], made in 2007. Completely different from the Dreams In 3-D version. Listed as ""Imagination (Outro) (Live Version with Jamiroquai)"" on the first iteration, although this is a fake credit.",3:25,2007,"Oct 19, 2024",Full,Low Quality,https://pixeldrain.com/u/DgUi5c9Y
Zombie Circus,✨ Roses,"Zombie Circus beat, made in 2009.",4:05,2009,"Oct 18, 2024",Full,High Quality,https://pixeldrain.com/u/RggF9Din
Bodega,✨ Confetti [V1],"Track 10 on Bodega, made in 2007. Meant for affiliate T Moody / Trenard Moody to rap over.",2:29,2007,"Oct 17, 2024",Full,CD Quality,https://pixeldrain.com/u/CekfXgKu
Ace,White Gates,Beat made in 2007 & posted to imeem.,2:11,2007,"Oct 14, 2024",Full,CD Quality,https://pixeldrain.com/u/rRnF7yRj
Ace,Trance,Beat made in 2008.,2:14,2008,"Oct 14, 2024",Full,High Quality,https://pixeldrain.com/u/AsiRFKuN
Radio Arcade,🏆 Mushrooms [V1],"Radio Arcade track, recorded on January 11, 2008. Talked about on Tyler's Blogspot.",4:07,"Jan 11, 2008","Oct 12, 2024",Beat Only,CD Quality,https://pixeldrain.com/u/rSAsSNKz
Ace,"???
(Nergal)",Beat made in 2009.,1:01,2009,"Oct 11, 2024",Full,High Quality,https://pixeldrain.com/u/RbfMeeYr
Ace,"???
(Red & White)",Beat made in 2007.,2:13,2007,"Oct 9, 2024",Full,CD Quality,https://pixeldrain.com/u/5KfZvZsE
BASTARD,"✨ Hunter [V2]
(Ty)","OG Filename: ty
Bastard version, more polished compared to the Dinosaur version. Unknown how different it is from the final version.",2:43,,"Oct 9, 2024",OG File,High Quality,https://pixeldrain.com/u/w3yqz9Z4
IGOR,"Solange - My Skin My Logo [V1]
(ref. Tyler, The Creator) (prod. John Carroll Kirby, Tyler, The Creator & Steve Lacy)","Demo version of ""My Skin My Logo"" that has reference vocals from Tyler.",5:09,,"Oct 9, 2024",Full,CD Quality,https://pixeldrain.com/u/vYb6hKgB
At Your Own Risk [V1],At Your Own Risk (1/2) [V1],"Track 1 on At Your Own Risk [V1], made in late 2006.",2:33,2006,"Oct 5, 2024",Full,CD Quality,https://pixeldrain.com/u/TYtDA3ww
At Your Own Risk [V1],"⭐️ Run Away (1/2) [V2]
(Run Away Forever)","OG Filename: run away forever
Track 12 on At Your Own Risk [V1] track. Later reused on Stereo-Type on an unknown tracklist.",3:32,2007,"Oct 5, 2024",OG File,High Quality,https://pixeldrain.com/u/quuv1iXv
Poly/Mono,Juicy [V1],"Poly/Mono beat, made in 2008.",1:55,2008,"Sep 30, 2024",Full,CD Quality,https://pixeldrain.com/u/S17Yw9Qj
Ace,Bliss,Beat made in 2007.,2:30,2007,"Sep 29, 2024",Full,High Quality,https://pixeldrain.com/u/5BWYEipF
Ace,Swirl,Beat made in 2008.,2:30,2008,"Sep 29, 2024",Full,High Quality,https://pixeldrain.com/u/dixjsq4e
Poly/Mono,Boutique,"Poly/Mono beat, made in 2009.",1:47,2009,"Sep 27, 2024",Full,CD Quality,https://pixeldrain.com/u/iNFEASCk
Ace,⭐️ No Fury,Beat made in 2009.,2:24,2009,"Sep 23, 2024",Full,Low Quality,https://pixeldrain.com/u/Vc4UAR3X
Eargasm,"Bounce [V2]
(Classic Tyler 5)","Track 11 on Eargasm, has more production and exported in higher quality.",1:17,2007,"Sep 23, 2024",Full,CD Quality,https://pixeldrain.com/u/T1as7aG6
WOLF [V1],✨ Wolf 359,"Loose WOLF [V1] beat, made and played on Ustream in 2010.",3:13,2010,"Sep 23, 2024",Full,High Quality,https://pixeldrain.com/u/4muWYD7R
Ace,Sunshine,Beat made in 2008.,1:16,2008,"Sep 18, 2024",Full,High Quality,https://pixeldrain.com/u/uwLE7zhy
Ace,Dance,Beat made in an unknown year.,2:13,,"Sep 18, 2024",Full,High Quality,https://pixeldrain.com/u/hqL2rHCT
Stereo-Type,⭐️ Sorry.... (1/2) [V2],"Stereo-Type version of ""Sorry...."", more upbeat with alternate production. Originally thought to have been the CDQ version of the beat below.",4:27,2007,"Sep 18, 2024",Full,CD Quality,https://pixeldrain.com/u/w7JNHK4k
Dinosaur,Highlife,"Dinosaur beat, made in 2008. Unknown if anyone recorded on it.",2:53,2008,"Sep 18, 2024",Full,High Quality,https://pixeldrain.com/u/bmkfWkk6
WOLF [V1],❓⭐️ Annie [V2],"WOLF [V1] rework, made in 2009.",2:52,2009,"Sep 18, 2024",Full,High Quality,https://pixeldrain.com/u/Mznia9nL
Eargasm,"⭐ NON [V2]
(Nylon)","Track 6 on Eargasm, made in 2008. Cuts ""DNC"" off of the track. Samples the instrumental to ""Get Down"" by N.O.R.E.",2:15,2007,"Sep 17, 2024",Full,CD Quality,https://pixeldrain.com/u/Ef2ebDqH
CHROMAKOPIA,"❓ ???
(prod. Tyler, The Creator & CardoGotWings)","Unknown beat, produced by Tyler & CardoGotWings for Playboi Carti. Currently unknown if Carti ever rapped on this or not.",,,"Sep 7, 2024",Snippet,High Quality,https://pixeldrain.com/u/pQYc3evz
Ace,🗑️ Krew,Beat made in 2008.,3:25,2008,"Sep 4, 2024",Full,CD Quality,https://pixeldrain.com/u/B7VXryXX
Ace,News Breakthrough,Beat made in 2008 for school.,2:32,2008,"Sep 4, 2024",Full,CD Quality,https://pixeldrain.com/u/NJAR1ns1
Ace,"⭐ Bitch, You Cheat On Me I Will Kill You [V2]","Version of ""Bitch, You Cheat On Me I Will Kill You"", made & posted onto imeem in 2009. Matt Martians has said that this is his favorite Tyler instrumental, and has asked Tyler to find that beat but evidence of these tweets are now lost.",4:00,2009,"Sep 4, 2024",Full,CD Quality,https://pixeldrain.com/u/EhKsvUhC
At Your Own Risk [V1],✨ Baby,"OG Filename: baby for 90s kids.mp3
Loose At Your Own Risk [V1] beat that was made for the group 90's Kids, interpolates ""Baby"" by Pharrell Williams.",2:45,,"Sep 4, 2024",OG File,Low Quality,https://pixeldrain.com/u/qhaicDcx
Bodega,Hearts,Track 9 on Bodega.,2:40,,"Sep 4, 2024",Full,CD Quality,https://pixeldrain.com/u/tQiY74yt
Ace,Sling,Beat made in 2008.,2:51,2008,"Aug 29, 2024",Full,High Quality,https://pixeldrain.com/u/q3WPTAed
Ace,"Groove
(Project Groove)","Beat made in 2008. Leaked as ""Project Groove"", but that was a fake name.",3:14,2008,"Aug 23, 2024",Full,High Quality,https://pixeldrain.com/u/vq8iqrcb
Ace,"???
(Academy Girl)","Beat made in school on May 3rd, 2007 at 9:53 AM. Tagged under ""Studio User's Album"". The first 16 seconds are complete silence. Exported as a .m4a file, as Tyler most likely didn't configure any of the export settings. Thought to be named ""Academy Girl"" until it was confirmed this was fake.",2:51,"May 3, 2007","Aug 8, 2024",OG File,High Quality,https://pixeldrain.com/u/XyHbMYJ8
Poly/Mono,Web,"Poly/Mono beat, made in 2008.",2:01,2008,"Jul 26, 2024",Full,Low Quality,https://pixeldrain.com/u/FBkkAmdH
Soundz On Acid,🗑️ Flowerz [V2],Version with different drums and different instrumentation.,3:50,2007,"Jul 21, 2024",Full,High Quality,https://pixeldrain.com/u/uXQtjPrV
At Your Own Risk [V1],"⭐ I Dream (1/2) [V3]
(I Dream (Chad Hugo Version))","Track 4 on At Your Own Risk [V1], made and posted to MySpace in 2006. A slower, less produced version of the Dreams In 3-D track. Listed as ""I Dream (Chad Hugo Version)"" on the first iteration, although this is a fake credit.",4:18,2006,"Jul 20, 2024",Full,CD Quality,https://pixeldrain.com/u/xioRP4F6
Ace,Guards,Beat made in 2007.,2:55,2007,"Jul 18, 2024",Full,Low Quality,https://pixeldrain.com/u/gLYMSU5C
Ace,Maybe (Remix),"Remix of ""Maybe"" by N.E.R.D.",2:20,2008,"Jul 18, 2024",Full,High Quality,https://pixeldrain.com/u/NHaBDoAq
Ace,Cricket,Beat made in an unknown year.,2:55,,"Jul 18, 2024",Full,High Quality,https://pixeldrain.com/u/j8ETwd2C
Eargasm,⭐ Deam [V3],"Track 4 on Eargasm, has almost completely different instrumentation. Mistakenly thought to be the first version due to the resemblance of ""Rockys Revenge"".",3:05,2008,"Jul 18, 2024",Full,Low Quality,https://pixeldrain.com/u/hQ9aVguE
III TV Cab Thief,Turf,Ill TV Cab Thief beat.,4:00,2008,"Jul 18, 2024",Full,High Quality,https://pixeldrain.com/u/TmQHgSRC
Ace,"???
(BOOBIES)",Beat made in 2009.,5:25,2009,"Jul 14, 2024",Full,Low Quality,https://pixeldrain.com/u/sinQm5kY
CALL ME IF YOU GET LOST,"✨ CRACK ERA [V11]
(feat. Maxo Kream)
(Cracc Era, Krakk Era)","Finished song from 2020 with a Maxo Kream feature. Would later release in 2024 as a Maxo Kream song, with subtle changes (a line change from Tyler, the song is shorter and some adlibs are removed). Samples ""Siri REJECTS Kermit The Frog and Elmo!"" by the YouTube channel Are U Super Cereal. Maxo Kream's verse reuses a line from his cave freestyle.",2:36,,"Jul 1, 2024",Full,CD Quality,https://pillows.su/f/5cc11c933ee7b122f1f0ef2b33276cb5
CALL ME IF YOU GET LOST,"🏅 LUMBERJACK [V1]
(prod. Tyler, The Creator & Prince Paul)
(ROLLSROYCE)","Snippet of Tyler recording his lines for ""LUMBERJACK"".",,,"Jun 26, 2024",Snippet,Recording,"https://pixeldrain.com/u/ABoLe211
https://pixeldrain.com/u/5gtfRVqr
https://pixeldrain.com/u/781TKr2D"
IGOR,"$ilkMoney - NAGA [V1]
(feat. Tyler, The Creator)
(Dockett)","Early version of ""NAGA"" with no intro, an alternate instrumental outro and some alternate Tyler lines.",1:58,,"Jun 22, 2024",Full,CD Quality,https://pixeldrain.com/u/u2ri1dL1
CHROMAKOPIA,"❓ Idea 3
(prod. Tyler, The Creator & Toro Y Moi)","One of nine beats produced by Tyler & Toro Y Moi, given to us by Gaws but is likely to be real.",0:33,"May 22, 2022","Jun 22, 2024",Full,High Quality,https://pixeldrain.com/u/V2WjdoB5
CHROMAKOPIA,❓ ???,"Unknown beat, originally advertised as ""I THOUGHT ABOUT HER"" from CALL ME IF YOU GET LOST. Given to us by Gaws but is likely to be real. Might be another one of the Toro Y Moi beats, although this is unconfirmed.",0:30,"Jun 17, 2022","Jun 22, 2024",Full,High Quality,https://pixeldrain.com/u/LxtqJT5s
Eargasm,Hide and Seek,"Eargasm track, made in 2007. Didn't make the tracklist.",2:50,2007,"Jun 19, 2024",Full,High Quality,https://pixeldrain.com/u/DCRmEPty
Ace,"⭐ Philliano [V2]
(Mad)","Updated version, renamed to ""Philliano,"" that's shorter and has alternate mixing.",3:08,2008,"Jun 18, 2024",Full,High Quality,https://pixeldrain.com/u/dfN5KCpM
At Your Own Risk [V1],⭐ Soon (1/2) [V2],"Track 7 on the first tracklist for At Your Own Risk [V1] and track 8 on the second, made in 2008. Longer & has more piano & horns. MF DOOM is a fake feature.",3:56,2007,"Jun 11, 2024",Full,High Quality,https://pixeldrain.com/u/ZEZejtyT
Grinch EP,"Lights On
(feat. Ryan Beatty & Santigold)","OG Filename: Tyler, The Creator Lights On (feat. Ryan Beatty & Santigold) main mix 103122 DMP.hi
OG File for the released version of ""Lights On,"" leaked on June 11th, 2024 alongside other OG files and instrumentals from different artists.",2:29,,"Jun 11, 2024",OG File,CD Quality,https://pixeldrain.com/u/n6sMvBWB
CALL ME IF YOU GET LOST,"CORSO [V2]
(add. DJ Drama)","OG Filename: Tyler, The Creator CORSO explicit 121578 DMP.hi
OG File for the released version of ""CORSO"" with DJ Drama.",2:26,,"Jun 11, 2024",OG File,CD Quality,https://pixeldrain.com/u/rnNHUPWt
Ace,🗑️ Cunts & Twats!,"Beat made & posted onto MySpace in 2007. Based on archived comments, people really seemed to like this one.",2:10,2007,"Jun 10, 2024",Full,High Quality,https://pixeldrain.com/u/HwmUVNAm
Ace,🗑️ Crooks,"Beat made in 2008, supposedly named after his local skating team.",1:39,2008,"Jun 10, 2024",Full,Low Quality,https://pixeldrain.com/u/CyMxMkie
Ace,Hunt,Beat made in 2008.,2:42,2008,"Jun 10, 2024",Full,Low Quality,https://pixeldrain.com/u/JqB8ZyYV
Ace,Rogue,Beat made in 2008.,2:13,2008,"Jun 10, 2024",Full,High Quality,https://pixeldrain.com/u/JFMWdRM1
Ace,Snapback,Beat made in 2008.,1:56,2008,"Jun 10, 2024",Full,High Quality,https://pixeldrain.com/u/e7fa8mrx
Ace,Pussy and Popcorn,Beat made in 2009.,2:11,2009,"Jun 10, 2024",Full,High Quality,https://pixeldrain.com/u/eVDs7cpF
Ace,Swing,Beat made in 2009.,2:06,2009,"Jun 10, 2024",Full,High Quality,https://pixeldrain.com/u/gSaZC5PY
Dreams In 3-D,XoXo (Instrumental) [V1],"Track 10 on Dreams In 3-D, made in 2006.",2:21,2006,"Jun 10, 2024",Full,High Quality,https://pixeldrain.com/u/eAVArMYZ
At Your Own Risk [V1],⭐ Retail Price (2/3) [V2],"Track 11 on At Your Own Risk [V1], a longer version of the previous version with less production (less is better).",3:14,2007,"Jun 10, 2024",Full,CD Quality,https://pixeldrain.com/u/MXugehSi
At Your Own Risk [V1],⭐️ Return of Saturn (1/2) [V1],"Track 10 on At Your Own Risk [V1], made in 2007. Nas is a fake feature.",4:39,2007,"Jun 10, 2024",Full,CD Quality,https://pixeldrain.com/u/vwECR6m2
At Your Own Risk [V1],Soon (1/2) [V1],"Initial version, shorter & more basic than the later version.",2:36,2007,"Jun 10, 2024",Full,Low Quality,https://pixeldrain.com/u/SYZhBPro
Eargasm,Beauty,"Track 8 on Eargasm, made while in school.",2:22,2008,"Jun 10, 2024",Full,High Quality,https://pixeldrain.com/u/a9aYq9cP
Soundz On Acid,✨ Mystic,"Soundz On Acid track, made in 2009. Samples ""Mystic Voyage"" by Roy Ayers.",3:05,2009,"Jun 10, 2024",Full,High Quality,https://pixeldrain.com/u/NEDM7vyf
Soundz On Acid,"???
(Where)","Soundz On Acid track, made in 2008. Real name unknown as of now, due to dumbfucks renaming the file before selling it.",2:52,2008,"Jun 10, 2024",Full,High Quality,https://pixeldrain.com/u/FLDw9qJq
Locked Away,✨ Popsicle,Locked Away track.,3:13,2008,"Jun 10, 2024",Full,Low Quality,https://pixeldrain.com/u/mFrjfiqS
The Blair Bitch Project,"Hokus
(Hocus Pocus (Instrumental))","Track 4 on The Blair Bitch Project, made in 2008. Later used for The Odd Future Tape.",1:39,2008,"Jun 10, 2024",Full,High Quality,https://pixeldrain.com/u/EEPB1xFQ
Scum Fuck Flower Boy,"My Level [V2]
(feat. Lil Yachty)","Version of ""My Level"" with better mixing and no intro and outro.",1:50,,"Jun 10, 2024",Full,CD Quality,https://pixeldrain.com/u/MN5qZJ9L
WANG$AP,And What [V2],"Solo Tyler non-freestyle version of ""And What"" was being sold by Shogani under the alias Hell. Two snippets leaked on a lost date, with two more leaking on Aug 9, 2022 and Jun 10, 2024 in a mass Tyler, The Creator leak. This version supposedly predates the finished version with Rocky.",,,"Jun 10, 2024",Partial,CD Quality,"https://pixeldrain.com/u/UCGUqVqi
https://pixeldrain.com/u/5CxQZXDm
https://pixeldrain.com/u/MnWbnvt9
https://pixeldrain.com/u/Zrmbkv2z"
Ace,Silver,Beat made in 2009.,3:49,2009,"May 31, 2024",Full,High Quality,https://pixeldrain.com/u/MXDohrpT
Ace,909,"Beat made in 2007, posted onto MySpace & imeem on February 24th, 2008.",3:43,2007,"May 29, 2024",Full,CD Quality,https://pixeldrain.com/u/WAW8wAeR
Radio Arcade,"🗑️ Intro
(prod. Tyler, The Creator & Matt Martians)","Intro track, made in 2007 with Matt Martians.",2:20,2007,"May 29, 2024",Full,High Quality,https://pixeldrain.com/u/gqVRHRY4
Locked Away,"If We Never Existed
(prod. Tyler, The Creator & Matt Martians)","Locked Away track, made in 2007 with Matt Martians.",2:09,2007,"May 29, 2024",Full,High Quality,https://pixeldrain.com/u/P5PJUqBC
CALL ME IF YOU GET LOST,"Cash In Cash Out [V2]
(feat. 21 Savage) (add. DJ Drama) (prod. Pharrell Williams)","OG Filename: Cash In Cash Out DJ DRAMA
Version of ""Cash In Cash Out"" with DJ Drama and a different intro, might've been Tyler's song at this point.",1:56,,"May 29, 2024",Snippet,CD Quality,https://pixeldrain.com/u/D42toRhV
Ace,Fog,Beat made in 2007.,3:06,2007,"May 27, 2024",Full,High Quality,https://pixeldrain.com/u/iScxXbq5
Ace,🗑️ Music Contest,Beat made in 2007.,2:36,2007,"May 27, 2024",Full,High Quality,https://pixeldrain.com/u/BFHB6xNe
Ace,Dare,"Beat made in 2007, posted to MySpace & imeem in 2008.",2:33,2007,"May 22, 2024",Full,High Quality,https://pixeldrain.com/u/SBZZ3gmQ
Zombie Circus,🏆 ???,"Zombie Circus track with vocals recorded over the unknown Zombie Circus beat that leaked on May 18th, 2024. Possibly meant to have an Earl Sweatshirt feature.",2:48,2009,"May 18, 2024",Beat Only,High Quality,https://pixeldrain.com/u/64fzSrwv
At Your Own Risk [V1],Extacy (1/2) [V1],"Track 17 on At Your Own Risk [V1] track, made in 2006",2:18,2006,"May 9, 2024",Full,CD Quality,https://pixeldrain.com/u/vma1UFFK
Bodega,Stars,"Track 6 on Bodega, made in 2008..",2:11,2008,"May 8, 2024",Full,High Quality,https://pixeldrain.com/u/CQtZEvNn
Ace,⭐️ Zaps,Beat made in 2008.,1:35,2008,"May 7, 2024",Full,High Quality,https://pixeldrain.com/u/GBrgz9EF
Ace,⭐️ Wonderland,Beat made & posted onto MySpace & imeem in 2008.,2:33,2008,"May 6, 2024",Full,High Quality,https://pixeldrain.com/u/GEwiwis8
PinkGold SquarePixals,Disc,"PinkGoldSquarePixals track, made in 2008.",2:05,2008,"May 6, 2024",Full,CD Quality,https://pixeldrain.com/u/Se1UwZUZ
CALL ME IF YOU GET LOST,"Cash In Cash Out [V1]
(prod. Pharrell Williams)","OG Filename: Cash In Cash Out RUFF REF
Original solo version of ""Cash In Cash Out"" without 21 Savage, has mixing differences.",,,"Apr 30, 2024",Snippet,CD Quality,https://pixeldrain.com/u/NGSwZf4w
Ace,"HotBoy - LoVe SoNG
(prod. Tyler, The Creator)
(Hottie)","HotBoy song from around 2007 to 2008, produced by Tyler.",3:45,2008,"Apr 18, 2024",OG File,Low Quality,https://pixeldrain.com/u/gVtLfp3w
Ace,"🗑️ Green Bombs
(prod. Tyler, The Creator & StereoHype)",Beat made in 2008 with Charles Malone of StereoHype.,3:05,2008,"Apr 13, 2024",Full,CD Quality,https://pixeldrain.com/u/V3MgY51Z
Bodega,Confetti [V2],"Updated version, made in 2008.",2:31,2008,"Mar 29, 2024",Full,High Quality,https://pixeldrain.com/u/CdwSn4nM
Ace,Begin (Intro),"Beat made on February 15th, 2008.",1:43,"Feb 15, 2008","Mar 18, 2024",Full,High Quality,https://pixeldrain.com/u/QpQ9EkBP
Stereo-Type,"Supersonic [V1]
(Herpes On My Lip (Instrumental), Herpes Instrumental)","Initial version, made on October 10th, 2007 & posted onto imeem on February 14th, 2008. Used as the instrumental to ""Herpes On My Lip"". Reused on Eargasm as ""Herpes Instrumental"". Description reads: ""herpes on my lip white girls go crazy when they hear this shit"".",2:03,"Oct 10, 2007","Mar 18, 2024",Full,High Quality,https://pixeldrain.com/u/eTmgKHW5
Rolling Papers,"Drunk [V1]
(prod. Tyler, The Creator)","Rough draft, does not include Mike G, Tyler, The Creator or Hodgy Beats.",2:40,,"Mar 18, 2024",Full,High Quality,https://pixeldrain.com/u/y5N7JVsY
The Jellies!,Michael Song,"OG Filename: J203 MichaelSong fromTyler
Joke song by Tyler, apparently The Jellies!-era. Made on November 1st, 2018.",1:35,"Nov 1, 2018","Mar 18, 2024",OG File,Lossless,https://pixeldrain.com/u/NWCFR4bH
IGOR,"GONE, GONE [V5]
(Love Gone, Love's Gone)","Version of ""GONE, GONE"" with less production & alternate mixing, made using the instrumental & acapella.",4:42,,"Mar 18, 2024",Stem Bounce,Lossless,LINK NEEDED
III TV Cab Thief,⭐️ ITCT,"Ill Tv Cab Thief beat, made on August 11th, 2008. Stands for Ill TV Cab Thief which would make this the title track.",4:01,"Aug 11, 2008","Mar 12, 2024",Full,High Quality,https://pixeldrain.com/u/azMw2XG7
Ace,Breeze,Beat made in 2008.,1:13,2008,"Feb 23, 2024",Full,CD Quality,https://pixeldrain.com/u/neU6QJ5L
Ace,Fender Bass Jam,"Beat made in 2008, given to us by Jack Mushroom.",0:56,2008,"Feb 23, 2024",Full,High Quality,https://pixeldrain.com/u/ZN5o19A6
Ace,🗑️ Assjuice,Beat made in 2009.,1:27,2009,"Feb 23, 2024",Full,High Quality,https://pixeldrain.com/u/NSnpQAk1
Ace,Beef,Beat made in 2009.,2:10,2009,"Feb 23, 2024",Full,High Quality,https://pixeldrain.com/u/ynv4Scp8
Ace,⭐ 15,Beat made around 2010 - 2011.,2:40,,"Feb 23, 2024",Full,High Quality,https://pixeldrain.com/u/AF4T4eej
Ace,Home Videos,Beat made in 2012.,2:04,2012,"Feb 23, 2024",Full,High Quality,https://pixeldrain.com/u/FpUXSJPA
Ace,Lord Willing,Beat made in 2010.,3:30,2010,"Feb 23, 2024",Full,High Quality,https://pixeldrain.com/u/mNCY5oUi
Ace,Wron,Beat made in 2011. Could be a reference to Wron G. from Loiter Squad.,3:06,2011,"Feb 23, 2024",Full,High Quality,https://pixeldrain.com/u/XR3Fv696
III TV Cab Thief,Workshop,Ill Cab TV Thief beat.,4:21,"Dec 28, 2008","Feb 23, 2024",Full,High Quality,https://pixeldrain.com/u/rr1uRQGk
Goblin,She (Clean Version),Clean version.,4:15,,"Feb 23, 2024",Full,High Quality,https://pixeldrain.com/u/gk8hiaRu
Goblin,Tron Cat (Clean Version),Clean version.,4:14,,"Feb 23, 2024",Full,High Quality,https://pixeldrain.com/u/Jvs8kLVQ
Nilbog,"Leather (BADBADNOTGOOD Remix)
(prod. Tyler, The Creator & BADBADNOTGOOD)","Remix done by BADBADNOTGOOD, mentioned by Tyler on the freeperm archive in December 2012.",1:40,,"Feb 23, 2024",Full,High Quality,https://pixeldrain.com/u/4qYRm6sw
WOLF [V2],PartyIsntOver [V2],"OG Filename: PARTYISNTOVER BNCE 1.3 RUFF HK
Initial rough draft with different mixing, no fade in from Colossus, and no fade out.",2:08,,"Feb 23, 2024",Full,CD Quality,https://pixeldrain.com/u/N3qbicii
WOLF [V3],"Treehomefallon
(Treehome95, Treehome, Crayon)","Remix that was used as a reference for the Jimmy Fallon performance. This version is pitched up, shorter and only contains the bridge and main section of the song.",1:45,,"Feb 23, 2024",Full,CD Quality,https://pixeldrain.com/u/mYyLzvVs
The Jellies!,🗑️ Brenda,"OG Filename: Brenda 83 RUFF REF3
Full song from The Jellies! soundtrack, made on October 12th, 2017.",1:23,"Oct 12, 2017","Feb 23, 2024",OG File,Lossless,https://pixeldrain.com/u/pTpk8kkL
The Jellies!,Debbie Goo Scene,Beat from The Jellies! soundtrack.,0:21,,"Feb 23, 2024",OG File,Lossless,https://pixeldrain.com/u/UYqJR2h6
The Jellies!,Debbie Suspense,Beat from The Jellies! soundtrack.,0:12,,"Feb 23, 2024",OG File,Lossless,https://pixeldrain.com/u/K94NYtXz
The Jellies!,"Easy
(feat. Jasper Dolphin)
(Bouncin' On A Fo Deuce)","Beat from The Jellies! soundtrack, features Jasper Dolphin.",0:29,,"Feb 23, 2024",OG File,Lossless,https://pixeldrain.com/u/GodYEVJe
The Jellies!,Finale,Beat from The Jellies! soundtrack.,0:49,,"Feb 23, 2024",OG File,Lossless,https://pixeldrain.com/u/W9ugsFyL
The Jellies!,Game Noise,Beat from The Jellies! soundtrack.,0:41,,"Feb 23, 2024",OG File,Lossless,https://pixeldrain.com/u/h4k7md9b
The Jellies!,Gangsta Paridise,"Beat from The Jellies! soundtrack, interpolates ""Poison"" by Bell Biv Devoe",0:47,,"Feb 23, 2024",OG File,Lossless,https://pixeldrain.com/u/3ccJqqEK
The Jellies!,Hallway,Beat from The Jellies! soundtrack.,0:33,,"Feb 23, 2024",OG File,Lossless,https://pixeldrain.com/u/kwHN9pi8
The Jellies!,Jingle,Beat from The Jellies! soundtrack.,0:28,,"Feb 23, 2024",OG File,Lossless,https://pixeldrain.com/u/WTL4htPm
The Jellies!,Jump,"Beat from The Jellies! soundtrack, interpolates ""Jump"" by Kris Kross.",0:37,,"Feb 23, 2024",OG File,Lossless,https://pixeldrain.com/u/srCTSVXV
The Jellies!,KY Diary Scene,Beat from The Jellies! soundtrack.,0:31,,"Feb 23, 2024",OG File,Lossless,https://pixeldrain.com/u/vA7pUJe4
The Jellies!,Latin,Beat from The Jellies! soundtrack.,0:48,,"Feb 23, 2024",OG File,Lossless,https://pixeldrain.com/u/wqUWdoXk
The Jellies!,Lenard's Theme,Beat from The Jellies! soundtrack.,0:04,,"Feb 23, 2024",OG File,Lossless,https://pixeldrain.com/u/c8HStBSs
The Jellies!,Mari,Beat from The Jellies! soundtrack.,0:31,,"Feb 23, 2024",OG File,CD Quality,https://pixeldrain.com/u/BkknyCj3
The Jellies!,Neo Soul,Beat from The Jellies! soundtrack.,0:43,,"Feb 23, 2024",OG File,Lossless,https://pixeldrain.com/u/kRBKmw5K
The Jellies!,New Jack,Beat from The Jellies! soundtrack.,0:33,,"Feb 23, 2024",OG File,Lossless,https://pixeldrain.com/u/CMji4v7X
The Jellies!,"✨ Outro
(HAIRBLOWS)","Beat from The Jellies! soundtrack, might be an early version of the Cherry Bomb song ""HAIRBLOWS.""",0:32,,"Feb 23, 2024",OG File,Lossless,https://pixeldrain.com/u/MUtjGvxQ
The Jellies!,Pasty,Beat from The Jellies! soundtrack.,0:37,,"Feb 23, 2024",OG File,Lossless,https://pixeldrain.com/u/k1GpjsJE
The Jellies!,Peanut,Beat from The Jellies! soundtrack.,0:59,,"Feb 23, 2024",OG File,CD Quality,https://pixeldrain.com/u/RcY9GB78
The Jellies!,Reggeton,Short song from The Jellies! soundtrack. The version is a stem bounce made by combining the instrumental and acapella that leaked.,0:43,,"Feb 23, 2024",Stem Bounce,Lossless,https://pixeldrain.com/u/JtzsxCQb
The Jellies!,🗑️ Sadis,Song from The Jellies! soundtrack. A misspelling of AIDS.,0:42,,"Feb 23, 2024",OG File,Lossless,https://pixeldrain.com/u/BRt9pvAZ
The Jellies!,Samuel,Beat from The Jellies! soundtrack.,0:26,,"Feb 23, 2024",OG File,Lossless,https://pixeldrain.com/u/DZEs721D
The Jellies!,Talent,Beat from The Jellies! soundtrack.,0:42,,"Feb 23, 2024",OG File,CD Quality,https://pixeldrain.com/u/13FHce92
The Jellies!,Werk,The instrumental played at the outro.,0:24,,"Feb 23, 2024",OG File,Lossless,https://pixeldrain.com/u/sXGj9tEB
The Jellies!,Yeezus,Beat from The Jellies! soundtrack.,0:34,,"Feb 23, 2024",OG File,CD Quality,https://pixeldrain.com/u/ahrPYfU8
The Jellies!,"???
(Output 1-2)","Full song from The Jellies! soundtrack, likely unnamed since Output 1-2 is the default filename for unnamed Logic files.",1:35,,"Feb 23, 2024",OG File,CD Quality,https://pixeldrain.com/u/QzbKrqyQ
The Jellies!,Break 1 (Long Version),Long version of Break 1 (which is shorter than the original).,0:04,,"Feb 23, 2024",OG File,Lossless,https://pixeldrain.com/u/WjwGQmrG
The Jellies!,Break 1 (Short Version),Short version of Break 1.,0:02,,"Feb 23, 2024",OG File,Lossless,https://pixeldrain.com/u/BxAmawm6
The Jellies!,Break 2,One of six breaks made for The Jellies!,0:06,,"Feb 23, 2024",OG File,Lossless,https://pixeldrain.com/u/CCX6rzbL
The Jellies!,Break 2 (Long Version),Long version of Break 2 (which is shorter than the original).,0:04,,"Feb 23, 2024",OG File,Lossless,https://pixeldrain.com/u/cJjn5o3k
The Jellies!,Break 4,One of six breaks made for The Jellies!,0:06,,"Feb 23, 2024",OG File,Lossless,https://pixeldrain.com/u/ZShCXNcw
The Jellies!,Break 4 (Cut Down),Short version of Break 4.,0:04,,"Feb 23, 2024",OG File,Lossless,https://pixeldrain.com/u/16kvUuSe
The Jellies!,Break 5,One of six breaks made for The Jellies!,0:09,,"Feb 23, 2024",OG File,Lossless,https://pixeldrain.com/u/GiuVyw25
The Jellies!,Break 5 (Cut Down),Short version of Break 5.,0:06,,"Feb 23, 2024",OG File,Lossless,https://pixeldrain.com/u/kxYGf4h9
The Jellies!,Break 6 (Cut Down A),One of four versions of Break 6.,0:12,,"Feb 23, 2024",OG File,Lossless,https://pixeldrain.com/u/ZZ2N3AJG
The Jellies!,Break 6 (Cut Down B),One of four versions of Break 6.,0:09,,"Feb 23, 2024",OG File,Lossless,https://pixeldrain.com/u/ijV5u4pV
The Jellies!,Break 6 (Cut Down C),One of four versions of Break 6.,0:04,,"Feb 23, 2024",OG File,Lossless,https://pixeldrain.com/u/vmELeVwf
The Jellies!,"Break 6 (No Distortion)
(Motorcycle)","One of four versions of Break 6, used to be known as the ""Motorcycle Snippet"" and was thought to be related to Pigs.",0:27,,"Feb 23, 2024",OG File,Lossless,https://pixeldrain.com/u/681CKKz4
Cherry Bomb,"Dancing [V1]
(Stevie, When Gloves Come Off)","Earlier version of ""When Gloves Come Off.""",,,"Feb 23, 2024",Snippet,High Quality,https://pixeldrain.com/u/CXj2Hgif
Cherry Bomb,"Stevie [V2]
(When Gloves Come Off)","Original version of ""When Gloves Come Off"" that can be heard in the background of the 2SEATER outro, dated 2014.",1:55,,"Feb 23, 2024",Full,High Quality,https://pixeldrain.com/u/iKyC6rXt
Flower Boy,"Toronto [V7]
(feat. Kali Uchis)
(See You Again)","Original mix of ""See You Again"" that sounds like the released version but with a worse, slower mix.",3:06,,"Feb 23, 2024",Full,High Quality,https://pixeldrain.com/u/7tFe5pxU
Grinch EP,"Christmas
(feat. Ryan Beatty & Santigold)
(Lights On)","OG Filename: Christmas Final_01
OG File for the released version of ""Lights On"".",2:33,,"Feb 23, 2024",OG File,Lossless,https://pixeldrain.com/u/o9obNbo4
Grinch EP,"Q BASSUP
(Big Bag)","OG Filename: Q BASSUP Final_01
OG File for the released version of ""Big Bag"".",1:24,,"Feb 23, 2024",OG File,Lossless,https://pixeldrain.com/u/Jeth1iE7
IGOR,"Intro [V2]
(feat. Lil Uzi Vert & Solange)
(IGOR'S THEME)","OG Filename: 01 Intro 1644-REF 29Apr2019 3
Original version of ""IGOR'S THEME"" with a lower pitch and some differences in the instrumental, made on April 29th, 2019, previewed on Tyler's ""scumfuckflowerboy"" Instagram & leaked on February 23rd, 2024.",3:27,"Apr 29, 2019","Feb 23, 2024",OG File,High Quality,https://pixeldrain.com/u/3ohKNwpK
IGOR,435 [V2],"OG Filename: 01 435-NHPMix1.1Final 1644-REF 29May2018 & 02 435-NHPMix1.1Final-Clean 1644-REF 29May2018
OG File for the released version of ""435,"" bounced on May 29th, 2018 (7 days after the song was released lmao). Available in both explicit and clean.",1:34,"May 29, 2018","Feb 23, 2024",OG File,Lossless,"https://pixeldrain.com/u/zLcoqNRX
https://pixeldrain.com/u/UNpUFWjb"
CALL ME IF YOU GET LOST,"LUMBERJACK [V4]
(prod. Tyler, The Creator & Prince Paul)
(ROLLSROYCE)","OG Filename: LUMBERJACK REF 1
Original version of ""LUMBERJACK"" without DJ Drama.",2:19,,"Feb 23, 2024",OG File,High Quality,https://pixeldrain.com/u/4csMFvNQ
Ace,"Bang [V1]
(Blast)",Beat made in 2007.,3:28,2007,"Feb 22, 2024",Full,High Quality,https://pixeldrain.com/u/aamWiZK1
Ace,Lure,"Beat made on October 16th, 2007 alongside ""Thump"".",1:42,"Oct 16, 2007","Feb 22, 2024",Full,High Quality,https://pixeldrain.com/u/7n745cvL
Ace,Slapstick,"Beat made in 2007, played on Nuts + Bolts.",3:34,2007,"Feb 22, 2024",Full,High Quality,https://pixeldrain.com/u/CQ2uQSRC
Ace,Sonic (1/2),"Beat made on October 4th, 2007.",3:17,"Oct 4, 2007","Feb 22, 2024",Full,High Quality,https://pixeldrain.com/u/BckhtXd6
Ace,Summa,"Beat made on August 25th, 2007.",2:05,2007,"Feb 22, 2024",Full,High Quality,https://pixeldrain.com/u/yuhgh2Nv
Ace,Tre,"Beat made on November 1st, 2007.",4:25,"Nov 1, 2007","Feb 22, 2024",Full,High Quality,https://pixeldrain.com/u/rgnF4wAv
Ace,"Chalk 
(Puppy Love [V2])","Later version, made in 2008.",1:39,2008,"Feb 22, 2024",Full,High Quality,https://pixeldrain.com/u/jb4mc1DT
Ace,🗑️ Hanna,Beat made in 2008. Considered the worst out of any Tyler song.,2:30,2008,"Feb 22, 2024",Full,High Quality,https://pixeldrain.com/u/os6Qpjrk
Ace,Notes,Beat made in 2008.,2:23,2008,"Feb 22, 2024",Full,High Quality,https://pixeldrain.com/u/UvwrRruX
Ace,Tasstywater,Beat made in 2008.,1:46,2008,"Feb 22, 2024",Full,High Quality,https://pixeldrain.com/u/y8uPDkym
Ace,Tripp,Beat made in 2008.,1:02,2008,"Feb 22, 2024",Full,High Quality,https://pixeldrain.com/u/ksZnR47T
Ace,"⭐ Astro
(Tyler FL 2)","Beat made in 2009, leaked as ""Tyler FL 2"".",3:34,2009,"Feb 22, 2024",Full,High Quality,https://pixeldrain.com/u/ysfQ5rEE
Ace,Green And Purple Pussy Milk Part 2,Loose instrumental made in 2009. Played on Nuts + Bolts.,1:23,2009,"Feb 22, 2024",Full,High Quality,https://pixeldrain.com/u/Yv4maFde
Ace,"Jasp
(Highlights (Instrumental))","Instrumental to ""Highlights"" by Mike G, originally on ""Dolphin Life"" by Jasper Dolphin. #2 Tyler beat on his Top 10 list.",3:02,2009,"Feb 22, 2024",Full,High Quality,https://pixeldrain.com/u/isEE2Aq8
Ace,🗑️ Smack,Beat made in 2009.,4:14,2009,"Feb 22, 2024",Full,CD Quality,https://pixeldrain.com/u/sGWbWUry
Ace,⭐️ Smooth Sailing,Beat made in 2009.,4:40,2009,"Feb 22, 2024",Full,High Quality,https://pixeldrain.com/u/bnkcpZv9
Ace,Busta,Beat made between 2010 - 2011.,1:11,,"Feb 22, 2024",Full,High Quality,https://pixeldrain.com/u/c5eKHa66
Ace,Forrest,Beat made in 2010.,3:02,2010,"Feb 22, 2024",Full,High Quality,https://pixeldrain.com/u/5c4pxVJD
Ace,Lumpy Space Princess,Beat made in 2012.,1:29,2012,"Feb 22, 2024",Full,High Quality,https://pixeldrain.com/u/ca9SL8fv
Ace,⭐ Teke,Beat made in 2011.,2:52,2011,"Feb 22, 2024",Full,CD Quality,https://pixeldrain.com/u/cdSLdcJk
Ace,"Drunk Too
(Drunk)","Beat made in an unknown year, not related to the song on Domo Genesis' Rolling Papers.",2:36,,"Feb 22, 2024",Full,High Quality,https://pixeldrain.com/u/cwfbaKjB
Ace,🗑️ Jerk,Beat made in an unknown year.,2:42,,"Feb 22, 2024",Full,High Quality,https://pixeldrain.com/u/CdhP1Ttw
At Your Own Risk [V1],"3-D (1/2) [V3]
(Deminsion 3)","Track 19 on the second tracklist for At Your Own Risk [V1], made in late 2006. A much more polished version of the Dreams In 3-D track. Chad Hugo & Jamiroquai are fake features.",2:20,2006,"Feb 22, 2024",Full,High Quality,https://pixeldrain.com/u/Sx86zPzJ
Stereo-Type,"✨ 7-Up [V2]
(Classic Tyler 12)","Stereo-Type track, originally leaked as ""Classic Tyler 12"". Reused on Eargasm.",3:23,2007,"Feb 22, 2024",Full,Low Quality,https://pixeldrain.com/u/ts4aG3Cv
Stereo-Type,"Lounges X Blox (1/2) [V3]
(Lounges And Blox, Odd Future Freestyle)","Stereo-Type track, later rapped over by Brandun Deshay for ""Odd Future Freestyle"".",4:29,2007,"Feb 22, 2024",Full,High Quality,https://pixeldrain.com/u/DpGszxCZ
Eargasm,⭐ April Fools,"Track 10 on Eargasm, made in 2007 & posted to imeem on February 24th, 2008. Used as the instrumental to a Hodgy Beats song of the same name.",3:41,2007,"Feb 22, 2024",Full,High Quality,https://pixeldrain.com/u/qbrqmiog
Eargasm,"Bounce [V1]
(Classic Tyler 5)","Initial version, originally leaked as ""Classic Tyler 5"".",1:17,,"Feb 22, 2024",Full,Low Quality,https://pixeldrain.com/u/XpGmQUrA
Eargasm,🗑️ June [V1],"Initial version, made in 2007.",2:47,2007,"Feb 22, 2024",Full,High Quality,https://pixeldrain.com/u/Vd1vv38d
Poly/Mono,⭐ Tasty,"Poly/Mono beat, made in 2009.",3:08,2009,"Feb 22, 2024",Full,High Quality,https://pixeldrain.com/u/PF9Uj9Hv
Personal Stash,⭐ GO!,"Personal Stash track, made around 2007 - 2008. Samples ""Second Chance"" by Justin Timberlake.",3:54,,"Feb 22, 2024",Full,High Quality,https://pixeldrain.com/u/3jbbkwr2
Personal Stash,⭐ Sunday Brunch,"Personal Stash track, made around 2007 - 2008 and dropped on imeem.",1:22,,"Feb 22, 2024",Full,High Quality,https://pixeldrain.com/u/qB3zmN23
Dinosaur,Biscuits,"Instrumental to ""Biscuits"" by Hodgy Beats, made on February 12th, 2009. Samples ""Glory Box"" by Portishead.",3:04,"Feb 12, 2009","Feb 22, 2024",Full,High Quality,https://pixeldrain.com/u/xEJUQqha
Dinosaur,Kids,"Dinosaur beat, made on February 12th, 2009. Unknown if anyone recorded on it.",1:47,"Feb 12, 2009","Feb 22, 2024",OG File,High Quality,https://pixeldrain.com/u/FjyTBmdv
Dinosaur,Pixxx,Dinosaur beat.,3:48,,"Feb 22, 2024",Full,High Quality,https://pixeldrain.com/u/jD2BFVXv
The Au79,⭐ 91 Haircut,"An instrumental from The Au79, made on March 5th, 2009. Uses the same drums as Last Hour and were both made on the same day. Could be a remix.",1:22,"Mar 5, 2009","Feb 22, 2024",Full,CD Quality,https://pixeldrain.com/u/vqpW3RNg
BASTARD,Tina [V1],Open verse meant for Jasper Dolphin & Taco.,3:00,2009,"Feb 22, 2024",Full,High Quality,https://pixeldrain.com/u/RN4yrZCB
Goblin,✨ Cheese,"Bastard 2 beat, possibly an early version of ""Sandwitches"" or ""Burger"".",2:14,,"Feb 22, 2024",Full,High Quality,https://pixeldrain.com/u/PN9dFEmG
The OF Tape Vol. 2,"Toilet
(feat. Domo Genesis)
(Sam (Is Dead))","OG Filename: TOILET BNCE 1.2 RUFF
Initial rough draft with an alternate intro, no first chorus & no last verse from Tyler. Mentioned on the freeperm archive.",3:11,,"Feb 22, 2024",Full,High Quality,https://pixeldrain.com/u/ia9ytu57
Nilbog,80,Nilbog song.,2:58,2011,"Feb 22, 2024",Full,High Quality,https://pixeldrain.com/u/Qx8GyFrQ
Nilbog,Beldiv,"Nilbog song, made on May 1st, 2011.",3:56,"May 1, 2011","Feb 22, 2024",OG File,High Quality,https://pixeldrain.com/u/9fVaH1k1
Nilbog,"Escape [V1]
(Nike)","Initial rough draft, made on May 1st, 2011.",0:57,"May 1, 2011","Feb 22, 2024",OG File,High Quality,https://pixeldrain.com/u/NdudtQ9d
Nilbog,Green,"Nilbog song, made in 2011. Isn't related to ""Green Purse"" but who knows.",3:27,2011,"Feb 22, 2024",Full,High Quality,https://pixeldrain.com/u/mAyquAtH
Nilbog,Nice Pants,"Instrumental to ""Baby (Tyler, The Creator Remix)"", has a higher tempo and without an outro.",3:36,2011,"Feb 22, 2024",Full,High Quality,https://pixeldrain.com/u/D2Q34pLJ
Nilbog,"Souf
(Analog 2 (Instrumental))","Instrumental to ""Analog 2"", made in 2011 & confirmed to be on Nilbog. Doesn't contain the 4-count intro, nor the vox. Made before July as Tyler recorded Analog 2 [V1] on this.",2:10,2011,"Feb 22, 2024",Full,High Quality,https://pixeldrain.com/u/2GqP1a11
Nilbog,Tamie,"Nilbog song, made in 2011.",1:36,2011,"Feb 22, 2024",Full,High Quality,https://pixeldrain.com/u/cLwvDtYP
Nilbog,⭐ Vader,"Nilbog song, made on May 1st, 2011.",3:02,"May 1, 2011","Feb 22, 2024",OG File,High Quality,https://pixeldrain.com/u/6YSgnhTy
Nilbog,Bad,"Loose Nilbog beat. Previewed in a Trash Talk video promoting their album, 119.",3:00,,"Feb 22, 2024",Full,High Quality,https://pixeldrain.com/u/g8Y4oboZ
WOLF [V2],Slater [V1],"OG Filename: SLATER BNCE 1.0 RUFF
Initial rough draft with an open verse & different bass, made on February 22nd, 2012 and leaked on February 22nd, 2024.",2:52,"Feb 22, 2012","Feb 22, 2024",OG File,High Quality,https://pixeldrain.com/u/LLjfmW5o
WOLF [V2],Slater [V2],"Later version with a complete outro, mentioned on the Freeperm archive in May 2012.",2:52,,"Feb 22, 2024",Full,High Quality,https://pixeldrain.com/u/mTxgaZcj
The Jellies!,"90s [V1]
(ref. Charlie Wilson)
(Pop Yo Coochie)",Initial version with Charlie Wilson (I think) as either a feature or doing reference vocals.,1:13,,"Feb 22, 2024",OG File,Lossless,https://pixeldrain.com/u/qyDJx6qm
The Jellies!,"✨ 90s [V2]
(Pop Yo Coochie)",Second version with Tyler doing the vocals.,1:06,,"Feb 22, 2024",OG File,Lossless,https://pixeldrain.com/u/DvZiBdFe
The Jellies!,"90s [V3]
(Pop Yo Coochie)",Shorter and final version without any vocals.,0:21,,"Feb 22, 2024",OG File,Lossless,https://pixeldrain.com/u/rTYRaKVG
The Jellies!,Africa,"Beat from The Jellies! soundtrack, made in 2013.",1:16,,"Feb 22, 2024",OG File,CD Quality,https://pixeldrain.com/u/PpAzV9WC
The Jellies!,Beverly,Beat from The Jellies! soundtrack.,1:05,,"Feb 22, 2024",OG File,Lossless,https://pixeldrain.com/u/h8o4jyeo
The Jellies!,Boo,Intro beat for The Jellies!,3:00,,"Feb 22, 2024",OG File,Lossless,https://pixeldrain.com/u/WoWucBb1
The Jellies!,Carver,Beat from The Jellies! soundtrack.,0:48,,"Feb 22, 2024",OG File,CD Quality,https://pixeldrain.com/u/979mpB52
The Jellies!,Congrats,Beat from The Jellies! soundtrack.,0:34,,"Feb 22, 2024",OG File,CD Quality,https://pixeldrain.com/u/L4y24C5T
The Jellies!,"✨ Crystal
(add. Kali Uchis)
(PERFECT)","Beat from The Jellies! soundtrack, used on the pilot for the show. Features Kali Uchis and was later used as the basis for ""PERFECT.""",0:31,,"Feb 22, 2024",OG File,Lossless,https://pixeldrain.com/u/W7H3qqcW
The Jellies!,🗑️ Daft,Beat from The Jellies! soundtrack.,1:38,,"Feb 22, 2024",OG File,CD Quality,https://pixeldrain.com/u/YRDojLWr
The Jellies!,DMX,Beat from The Jellies! soundtrack.,0:50,,"Feb 22, 2024",OG File,Lossless,https://pixeldrain.com/u/ZyVYgUZD
The Jellies!,Party,Short song from The Jellies! soundtrack.,0:45,,"Feb 22, 2024",OG File,Lossless,https://pixeldrain.com/u/PaqgLdWz
The Jellies!,Prince,Beat from The Jellies! soundtrack.,0:27,,"Feb 22, 2024",OG File,Lossless,https://pixeldrain.com/u/v2tKx16P
The Jellies!,VladTV,"Beat from The Jellies! soundtrack, made on October 12th, 2017 but likely not used. Was thought to be an Ace beat for a while, but was disproven.",1:14,"Oct 12, 2017","Feb 22, 2024",OG File,Lossless,https://pixeldrain.com/u/qAuZdTXX
The Jellies!,Break 1,One of six breaks made for The Jellies!,0:09,,"Feb 22, 2024",OG File,Lossless,https://pixeldrain.com/u/RJapGBgD
Scum Fuck Flower Boy,Mr. Lonely [V2],"Original version of ""Mr. Lonely"" that was seen on an original Flower Boy tracklist, separate from ""911.""",1:36,,"Feb 22, 2024",Full,High Quality,https://pixeldrain.com/u/ARKQUYhi
Scum Fuck Flower Boy,"WOW [V2]
(feat. Pharrell Williams)
(Enjoy Right Now, Today, Wows)","Original version of ""Enjoy Right Now, Today"" that was seen on an original Flower Boy tracklist, doesn't have any vocals from Tyler.",4:03,,"Feb 22, 2024",Full,High Quality,https://pixeldrain.com/u/a5qXyagK
Flower Boy,"Spoon [V3]
(feat. Rex Orange County)
(Foreword)","Original mix of ""Foreword"" that sounds like the released version but with a worse, slower mix.",3:17,,"Feb 22, 2024",Full,High Quality,https://pixeldrain.com/u/k2rcfFyu
IGOR,435 [V1],Version of 435 bounced 7 days before the final mix (2 weeks before release),1:32,"May 22, 2018","Feb 22, 2024",Full,CD Quality,https://pixeldrain.com/u/p9Xg2usb
CALL ME IF YOU GET LOST,"INTRO [V2]
(SIR BAUDELAIRE)","OG Filename: INTRO RUFF REFF 1
Original version of ""SIR BAUDELAIRE"" with worse mixing, a longer intro, alternate outro & without DJ Drama. Likely from this era.",1:30,,"Feb 22, 2024",OG File,High Quality,https://pixeldrain.com/u/zVBZWhZT
CALL ME IF YOU GET LOST,"MASSA [V1]
(prod. Tyler, The Creator & Pharrell Williams)","OG Filename: MASSA PROMO STAMP
Original version of ""MASSA"" without DJ Drama and no spoken-word intro, tagged for sample clearance (they know who the fuck sent this).",3:29,,"Feb 22, 2024",Tagged,CD Quality,https://pixeldrain.com/u/pSpSStPi
CALL ME IF YOU GET LOST,"SAVAGE
(feat. Domo Genesis)
(MANIFESTO)","OG Filename: SAVAGE RUFF REF 1
Original version of ""MANIFESTO"" with less production, no DJ Drama & without the spoken-word intro.",2:50,,"Feb 22, 2024",OG File,High Quality,https://pixeldrain.com/u/DMsRhccv
CALL ME IF YOU GET LOST,"Wus Ya Name
(feat. NBA YoungBoy & Ty Dolla $ign)
(WUSYANAME)","OG Filename: Tyler Wus Ya Name NHMPMix1
Original version of ""WUSYANAME"" with an alternate outro, worse mixing, offbeat vocals, production differences and without DJ Drama.",2:02,,"Feb 22, 2024",OG File,CD Quality,https://pixeldrain.com/u/JSFZG51K
CALL ME IF YOU GET LOST,"Snoh Aalegra - NEON PEACH [V4]
(feat. Tyler, The Creator) (prod. Tyler, The Creator)","OG Filename: 01 Neon Peach JELLIS MIX r7
Version of ""NEON PEACH"" with alternate mixing & a longer fade out.",,,"Feb 22, 2024",OG File,CD Quality,https://pixeldrain.com/u/fYChyauP
Eargasm,"808s and Cupcakes
(Brotherly Love (Instrumental))","Track 17 on Eargasm, later given to Jack Mushroom for his song ""Brotherly Love"" with Skoolie since Tyler & Earl Sweatshirt wanted him to rap.",3:54,2007,"Feb 19, 2024",Full,High Quality,https://pixeldrain.com/u/v3P1fo3o
Poly/Mono,"Air
(DTA (Instrumental))","Instrumental to ""DTA"" by Casey Veggies, made in 2009. Previewed in an old Peas & Carrots video on Youtube.",2:50,2009,"Feb 19, 2024",Full,CD Quality,https://pixeldrain.com/u/jURpxUi9
Goblin,"666
(Sandwitches)","Original version with no intro, no second Tyler verse & no second Hodgy verse, made in 2010.",3:52,2010,"Feb 19, 2024",Full,CD Quality,https://pixeldrain.com/u/EfxSdUka
BASTARD,VCR [V1],"Original version that was posted onto Hypebeast & MySpace, this version is pretty much similar to the release version but without Wheels.",1:39,,"Feb 8, 2024",Full,High Quality,https://pixeldrain.com/u/BZySMueS
IGOR,"Z Money [V1]
(OKRA)","OG Filename: Z Money 131 Reference
Original version of ""OKRA"" with a lower pitch and some differences in the instrumental, previewed on Tyler's ""scumfuckflowerboy"" Instagram and leaked on January 17th, 2024. Only the right channel for the song has leaked so far and it's unknown if the left channel is had or who has it.",2:41,,"Jan 17, 2024",Partial,High Quality,https://pixeldrain.com/u/seVcc5Z7
Eargasm,"✨ Kiss
(Classic Tyler 1)","Track 17 on Eargasm, made in 2007. Was thought to be called ""Shriiink"" for a while (and believed to be on Bodega.)",1:58,,"Jan 8, 2024",Full,Low Quality,https://pixeldrain.com/u/taBG8RtB
WOLF [V2],"Nike [V2]
(Escape)","Loose WOLF [V2] beat, made on October 3rd, 2011 for his scrapped Nike collaboration.",2:27,"Oct 3, 2011","Jan 4, 2024",Full,High Quality,https://pixeldrain.com/u/XnfXQha8
Dinosaur,Leuqar,"Dinosaur beat, made on January 27th, 2009. Unknown if anyone recorded on it.",1:36,"Jan 27, 2009","Dec 19, 2023",OG File,High Quality,https://pixeldrain.com/u/roMk8x1z
Nilbog,⭐ Texas,"Nilbog song, made in 2011. Used as the instrumental to a Mike G song of the same name.",2:19,2011,"Dec 19, 2023",Full,High Quality,https://pixeldrain.com/u/R6JG6muM
IGOR,"$ilkMoney - NAGA [V2]
(feat. Tyler, The Creator)
(Dockett)","Version of ""NAGA"" leaked alongside an untitled instrumental from 2020.",2:00,,"Dec 19, 2023",Full,CD Quality,https://pixeldrain.com/u/Cc7umNTv
CALL ME IF YOU GET LOST,"??? [V1]
(feat. Maxo Kream) (prod. Tyler, The Creator)
(Get Money)","Untitled 2020 song with 0:15 of Maxo vocals & an open verse, leaked alongside an early version of ""NAGA.""",4:25,,"Dec 19, 2023",Full,CD Quality,https://pixeldrain.com/u/P1L2qmZT
Goblin,Yonkers (Clean Version),"Clean version that was intended for radio, talked about on Tyler's Formspring.",2:32,,"Dec 15, 2023",Full,High Quality,https://pixeldrain.com/u/nbjr8zfW
Bodega,"🗑️ Skoolie300 - Fresher Than This
(prod. Tyler, The Creator)","Skoolie's first Tyler produced song that was made into a music video alongside ""Hello"" but was deleted by Skoolie and are now lost to time.",3:15,2008,"Dec 14, 2023",Full,Low Quality,https://pixeldrain.com/u/3FbbsgCW
Ace,🗑️ Lurking,Beat made in 2011 to be used on Adventure Time. Considered to be one of the worst Tyler beats.,2:02,2011,"Dec 10, 2023",Full,High Quality,https://pixeldrain.com/u/6C1CQ2DY
Ace,Casey's Intro,"Beat made on January 10th, 2008. Likely made for Casey Veggies to record on.",4:44,"Jan 10, 2008","Dec 9, 2023",Full,High Quality,https://pixeldrain.com/u/qzJGwF94
Ace,"90's Kids - K.I.S.S.I.N.G
(prod. Tyler, The Creator)
(KISSING)","Skoolie300 song from 2008 that uses the ""Kissing"" beat.",4:11,2008,"Dec 8, 2023",Full,Low Quality,https://pixeldrain.com/u/8tTw36uX
Personal Stash,"Alien Workshop
(Royalty)","Instrumental to ""Royalty"" by Jack Mushrooms, tagged with Personal Stash. Used in an infamous fake with vocals taken from ""Steed Lord"".",4:21,,"Nov 23, 2023",Full,CD Quality,https://pixeldrain.com/u/KFfgyczT
Nilbog,Cunt,"Nilbog song, made in 2011. Uses same SFX as Busta.",2:37,2011,"Nov 11, 2023",Full,CD Quality,https://pixeldrain.com/u/v72x6dD9
Nilbog,Dicks,Loose Nilbog beat. Played on an episode of Loiter Squad.,,,"Oct 14, 2023",Snippet,CD Quality,https://pixeldrain.com/u/hZN6z2Dm
CALL ME IF YOU GET LOST,"Ye - Come to Life [V19]
(feat. Tyler, The Creator) (prod. Jeff Bhasker, Warryn Cambell, Ojivolta, MIKE DEAN & Zen Micheline Hung)","OG Filename: Come to life MIX 2
Similar to the the previous version, but with an alternate mix, including less prominent Tyler vocals.",5:10,,"Oct 14, 2023",OG File,CD Quality,https://pixeldrain.com/u/RzqftGgc
CALL ME IF YOU GET LOST,"Ye - Come to Life [V24]
(feat. Tyler, The Creator) (prod. Jeff Bhasker, Warryn Cambell, Ojivolta, MIKE DEAN & Zen Micheline Hung)","OG Filename: Come to life MIX TEST.07_07
Found in an August 19th, 2021 copy of Donda. Has the same structure as the release version, but with an alternate mix.",5:10,,"Oct 14, 2023",OG File,CD Quality,https://pixeldrain.com/u/rPBRCbrJ
CALL ME IF YOU GET LOST,"Ye - Come to Life [V25]
(feat. Tyler, The Creator) (prod. Jeff Bhasker, Warryn Cambell, Ojivolta, MIKE DEAN & Zen Micheline Hung)","OG Filename: Come to life MIX TEST.08_08
Seen on an August 21st, 2021 copy of Donda. Has the same structure as the release version, but with an alternate mix.",5:10,,"Oct 14, 2023",OG File,CD Quality,https://pixeldrain.com/u/8J65ca8Z
CALL ME IF YOU GET LOST,"Ye - Come to Life [V26]
(feat. Tyler, The Creator) (prod. Jeff Bhasker, Warryn Cambell, Ojivolta, MIKE DEAN & Zen Micheline Hung)","OG Filename: Come to life MIX TEST.09_09
Seen on an August 25th 2021 copy of Donda. Has the same structure as the release deluxe version, but with an alternate mix. Unknown if there are any other mix tests after this.",5:10,,"Oct 14, 2023",OG File,CD Quality,https://pixeldrain.com/u/hp2JziSy
Ace,Key,"Beat made on September 20th, 2007. Thought to be called ""Pinball,"" but this has no source. The same beat structure and chord progression was used for ""Neptune"" in 2010.",4:13,"Sep 20, 2007","Oct 8, 2023",Full,High Quality,https://pixeldrain.com/u/We49oHaZ
The Jellies!,Class,Beat from The Jellies! soundtrack.,1:15,,"Oct 6, 2023",OG File,Lossless,https://pixeldrain.com/u/qVBpVb48
Ace,"Thump
(Beat)","Beat made on October 16th, 2007 alongside “Lure"".",3:16,"Oct 16, 2007","Oct 5, 2023",Full,High Quality,https://pixeldrain.com/u/zk6UAcQq
CALL ME IF YOU GET LOST,"Ye - Come to Life [V14]
(ref. Tyler, The Creator) (prod. Jeff Bhasker & Ojivolta)","OG Filename: Come To Life - 210716 - Tyler - OxV Gtr Stems added
Version of the song with Tyler vocals added, has intro trimmed and missing Kanye vocals in the first 30 seconds. Two different OG files reveal that this version was considered to be both second and seventeenth track on the album.",4:51,,"Oct 1, 2023",OG File,CD Quality,https://pixeldrain.com/u/bRbN5dnp
Ace,Amysmart,Beat made in 2009.,2:19,2009,"Sep 30, 2023",Full,High Quality,https://pixeldrain.com/u/rC5848Vq
Ace,⭐ Smokebluntz,"Beat made in 2011. Uses the same drums as ""Nobody To Love"" by Kanye West.",2:59,2011,"Sep 25, 2023",Full,CD Quality,https://pixeldrain.com/u/q1F6jpz8
Nilbog,Analog 2,"Version that was on the 2011 Summer Camp mix with the only difference being the tagging, made on July 3rd, 2011.",1:03,"Jul 3, 2011","Sep 25, 2023",OG File,High Quality,https://pixeldrain.com/u/4xMbcy35
WOLF [V3],"Ye - Nobody To Love [V5]
(feat. Charlie Wilson, John Legend & Elon Rutberg) (prod. No I.D., Tyler, The Creator & MIKE DEAN)
(Bound 2)","OG Filename: KW - Nobody To Love Ref (3.30.13)
Commonly referred to as ""Bound 1"". Features a beat sampled from ""Aeroplane"" by Wee, beat breakdown, alternate lines with mumbling, and an alternate outro.",4:38,,"Sep 25, 2023",Full,CD Quality,https://pixeldrain.com/u/sS869ZbC
The Recipe,Burtono - ???,"Unknown song played by Burtono and recorded by Pacifist, unknown if it was produced by Tyler or not.",,,"Sep 24, 2023",Snippet,Recording,https://pixeldrain.com/u/WfCBeDhY
The Recipe,Burtono - ???,"Unknown song played by Burtono and recorded by Pacifist, unknown if it was produced by Tyler or not.",,,"Sep 24, 2023",Snippet,Recording,https://pixeldrain.com/u/UpYVLVS7
The Recipe,Burtono - ???,"Unknown song played by Burtono and recorded by Pacifist, unknown if it was produced by Tyler or not.",,,"Sep 24, 2023",Snippet,Recording,https://pixeldrain.com/u/A6eWFTeT
Dinosaur,Session [V1],"Original fully finished solo version, unmastered with a different take.",1:29,,"Sep 24, 2023",Full,CD Quality,https://pixeldrain.com/u/MkrZWt35
Nilbog,"⭐ T
(prod. Tyler, The Creator & BADBADNOTGOOD)","Nilbog track, might be co-produced by BADBADNOTGOOD. Has a bit at the end that would later be reused for ""Wolf"". Possibly track 16 on the album.",2:40,,"Sep 24, 2023",Full,CD Quality,https://pixeldrain.com/u/1je9mQaX
Ace,Yeu,Beat made in 2009.,1:15,2009,"Sep 23, 2023",Full,High Quality,https://pixeldrain.com/u/zXJKpR7M
Ace,Erykah,"Beat made in 2011 - 2012, possibly something he wanted to send to Erykah Badu.",3:08,,"Sep 23, 2023",Full,CD Quality,https://pixeldrain.com/u/xcjcrAy7
Dinosaur,"Car [V2]
(feat. brandUn DeShay) (add. Syd)","Version with a finished verse from brandUn, Syd's vocals, and an open verse meant for Tyler, made on July 2nd, 2009.",2:45,"Jul 2, 2009","Sep 23, 2023",Full,High Quality,https://pixeldrain.com/u/gxrDqY9P
The Au79,Last Hour,"Loose Au79 instrumental, made on March 5th, 2009 alongside ""91 Haircut.""",4:43,"Mar 5, 2009","Sep 23, 2023",Full,High Quality,https://pixeldrain.com/u/ixogm8Yx
WOLF [V1],"Bitch Suck Dick [V1]
(feat. Jasper Dolphin & Taco)","Original version with more crude verses, an extended beat & worse mixing with only Jaspers verses being finished.",4:25,2010,"Sep 23, 2023",Full,High Quality,https://pixeldrain.com/u/n2SxmyES
Nilbog,🗑️ Um,"Nilbog song, made in 2011.",3:36,2011,"Sep 23, 2023",Full,CD Quality,https://pixeldrain.com/u/tzFKLeK2
Poly/Mono,🗑️ Cheetah,"Poly/Mono beat, made in 2009.",3:05,2009,"Sep 22, 2023",Full,High Quality,https://pixeldrain.com/u/qPdXLoyP
III TV Cab Thief,Wave,Ill Cab TV Thief beat.,1:32,"Jan 20, 2009","Sep 22, 2023",Full,High Quality,https://pixeldrain.com/u/AxQdJogc
Dinosaur,"✨ Plastic Cup
(prod. Stereolab)","OG Filename: plastic cup
Dinosaur track, made on June 28th, 2009. Uses the instrumental to ""Plastic Mile"" by Stereolab. One of the files posted by Matt Martians on his Twitter on January 19th, 2013.",2:10,"Jun 28, 2009","Sep 22, 2023",Full,High Quality,https://pixeldrain.com/u/gU1hi62S
WOLF [V1],Let Em Go,"WOLF [V1] version of the second half of ""Radicals"" with no Dr. TC.",2:15,,"Sep 22, 2023",Full,CD Quality,https://pixeldrain.com/u/1j3isNAt
Nilbog,⭐ Snowman,"Nilbog song, made in 2011.",2:00,2011,"Sep 22, 2023",Full,High Quality,https://pixeldrain.com/u/ZLCrr7j5
Poly/Mono,Gucci,"Poly/Mono beat, made in 2009.",3:13,2009,"Sep 17, 2023",Full,High Quality,https://pixeldrain.com/u/nwVRaKRq
Ace,"⭐ Tyler FL 3
(Nino)","Reworked version or remix of ""Nino"", official name unknown.",3:31,2009,"Sep 16, 2023",Full,CD Quality,https://pixeldrain.com/u/HcYrPgvG
Goblin,Lakes,"Bastard 2 beat, made in 2010.",3:11,2010,"Sep 16, 2023",Full,CD Quality,https://pixeldrain.com/u/3X2ksmRp
Nilbog,Full Moon,Loose Nilbog beat. Played on an episode of Loiter Squad.,0:25,,"Sep 12, 2023",Full,CD Quality,https://pixeldrain.com/u/gS9WKYa6
CHROMAKOPIA,"A$AP Rocky - Same Problems? [V2]
(feat. Lil Yachty & Miguel) (prod. A$AP Rocky, 
Tyler, The Creator, Hector Delgado & Thundercat)
(How Many Problems)","After Miguel made a reference track for ""Same Problems?"" which was possibly titled ""How Many Problems,"" Rocky took the song for himself. This early version of the song that is owned by Mod is said to feature sample clearance tags all over the song, no first verse, some different lyrics and bars in the verses, big structure changes, more Lil Yachty vocals on the hook, added outro with Rocky vocals, beat switch with production by Tyler but it is short at the end and fades away.",,,"Sep 10, 2023",Snippet,High Quality,https://pixeldrain.com/u/mVgaZ6hX
Ace,"Mad [V1]
(Philliano)","Remix of ""Phil"", made in 2008.",3:30,2008,"Sep 2, 2023",Full,CD Quality,https://pixeldrain.com/u/wMhuoNup
Poly/Mono,Jo,"Poly/Mono beat, made in 2009.",2:28,2009,"Sep 2, 2023",Full,CD Quality,https://pixeldrain.com/u/dZgiBF3s
Locked Away,"⭐ Brit [V2]
(prod. Tyler, The Creator & Matt Martians)","Locked Away track, made with Matt Martians. Samples ""Don't Stop"" by Beanie Sigel.",3:46,2008,"Sep 2, 2023",Full,High Quality,https://pixeldrain.com/u/DRz3pQxm
Bodega,Bodega,"Track 1 on Bodega, made on April 24th, 2008.",2:55,"Apr 24, 2008","Sep 2, 2023",Full,CD Quality,https://pixeldrain.com/u/6r9LQ8ha
WOLF [V1],"Mitten Kitten
(prod. Matt Martians)","WOLF [V1] track that Tyler planned to record on, although there's no proof that he actually recorded. Produced by Matt Martians",3:40,2010,"Sep 2, 2023",Beat Only,High Quality,https://pixeldrain.com/u/REiDvYam
The OF Tape Vol. 2,"⭐ Odd Future - Blue [V1]
(with Tyler, The Creator, Domo Genesis & Hodgy Beats)","OG Filename: BLUE BNCE 1.3 RUFF (Feat. Domo Genesis & Hodgy Beats & Left Brain)
Scrapped OF Tape Vol. 2 song with Hodgy Beats & Domo Genesis, features Tyler in the production and on the chorus. Song is named ""Blue"" because that's the beat name & Tyler never got around to naming it. Doesn't feature Left Brain so this is likely an older version, unless he never recorded.",2:26,,"Sep 2, 2023",Full,High Quality,https://pixeldrain.com/u/Nd8opzKE
Nilbog,"⭐️ Camp Nilbog (The Stepkids Remix)
(prod. Tyler, The Creator & The Stepkids)
(Camp Nilbog 2)","Remix of ""Camp Nilbog"" done by The Stepkids, was going to be reused for WOLF [V2]. Mentioned by Tyler on the freeperm archive.",3:45,,"Sep 2, 2023",Full,CD Quality,https://pixeldrain.com/u/tX6Agwa5
Nilbog,Cubical,"Nilbog song, made in 2011. One of the only songs here in 3/4th time signature.",1:15,2011,"Sep 2, 2023",Full,CD Quality,https://pixeldrain.com/u/nVwhbNxb
Nilbog,⭐ Leather,"Nilbog song, made in 2011. Reused for WOLF [V2].",1:41,2011,"Sep 2, 2023",Full,High Quality,https://pixeldrain.com/u/gsfas3n4
Nilbog,Pitchfork,"Nilbog song, made in 2011. Played on Loiter Squad.",2:34,2011,"Sep 2, 2023",Full,Lossless,https://pixeldrain.com/u/NdijbuRo
WOLF [V2],Bedfur,"Track 2 on a WOLF [V2] tracklist. Uses the same vox sound as ""48"" & ""Campfire"", and the same snare as ""Blow"". Mentioned on August 4th, 2012 in the freeperm archive. Might have a version with vocals.",4:10,,"Sep 2, 2023",Full,High Quality,https://pixeldrain.com/u/r4DBVFsK
Louis Vuitton Show,"It's Okay, You're With Me","Tyler song that was reused orchestrally for the Louis Vuitton Show, transitions into Suzie.",2:30,,"Sep 2, 2023",Full,CD Quality,https://pixeldrain.com/u/Bnr25yFS
Louis Vuitton Show,The Sun Seeker,"Tyler beat that was reused orchestrally for the Louis Vuitton Show, transitions into Moody.",3:06,,"Sep 2, 2023",Full,CD Quality,https://pixeldrain.com/u/EX2we173
Louis Vuitton Show,Moody,"Tyler beat that was reused orchestrally for the Louis Vuitton Show, transitions into Rawhide.",1:30,,"Sep 2, 2023",Full,CD Quality,https://pixeldrain.com/u/qZs4afXM
Louis Vuitton Show,Rawhide,Tyler beat that was reused orchestrally for the Louis Vuitton Show.,1:45,,"Sep 2, 2023",Full,CD Quality,https://pixeldrain.com/u/XGaDTaeW
Louis Vuitton Show,Neptune,Tyler beat that was reused orchestrally for the Louis Vuitton Show. Not to be confused with the Poly/Mono beat.,1:21,,"Sep 2, 2023",Full,CD Quality,https://pixeldrain.com/u/3o187hCX
Ace,⭐ Deh Output,"Beat made in 2008, advertised as Monster to scam people.",1:58,2008,"Aug 31, 2023",Full,CD Quality,https://pixeldrain.com/u/QXFJehNz
Ace,🗑️ Broom,Beat made between 2010 - 2011.,2:04,,"Aug 31, 2023",Full,CD Quality,https://pixeldrain.com/u/Z5N3uPYo
Poly/Mono,Midnight,"Poly/Mono beat, made in 2009.",3:47,2009,"Aug 31, 2023",Full,High Quality,https://pixeldrain.com/u/H5CmdqT6
Ace,No Respect,Beat made in 2009.,3:06,2009,"Aug 29, 2023",Full,CD Quality,https://pixeldrain.com/u/R9tvc2PS
Nilbog,Vice City,"Nilbog song, made in 2011.",2:41,2011,"Aug 29, 2023",Full,High Quality,https://pixeldrain.com/u/kncreWGG
Scum Fuck Flower Boy,"✨ Cruising [V2]
(feat. Lil Wayne)
(Droppin' Seeds, Garden Cruising)","Original version of ""Droppin' Seeds"" that was seen on an original Flower Boy tracklist, has an extended intro.",1:24,,"Aug 29, 2023",Full,High Quality,https://pixeldrain.com/u/fyfWwE3F
IGOR,"✨ RIDE AROUND
(feat. Pharrell Williams) (prod. The Neptunes)
(Mumble Rap)","IGOR-era song produced by The Neptunes, made on April 20th, 2019. The beat was later given to Kodak Black for ""Mumble Rap.""",1:50,,"Aug 29, 2023",Full,CD Quality,https://pixeldrain.com/u/qhnEvUjW
WOLF [V1],"Supersonic [V2]
(Herpes On My Lip (Instrumental), Herpes Instrumental)","WOLF [V1] rework, made on April 20th, 2008. Tagged with WOLF and is the origin of the cover with a random kid's yearbook photo.",2:04,"Apr 20, 2008","Aug 16, 2023",OG File,High Quality,https://pixeldrain.com/u/wuEgjKvD
Scum Fuck Flower Boy,"SZA - Jodie Foster [V2]
(prod. Tyler, The Creator)
(Inlove, Jodie)","Dated September 10th, 2015, this version has small changes on the outro.",2:34,"Sep 10, 2015","Aug 8, 2023",OG File,CD Quality,https://pixeldrain.com/u/V9ZJr2bv
CALL ME IF YOU GET LOST,"✨ A$AP Rocky - Roddy Piper [V2]
(feat. Tyler, The Creator) (prod. Pharrell Williams)
(RIOT (Rowdy Pipe'n))","When the song ""Roddy Piper"" was initially created Rocky had Tyler, The Creator in mind to record over the open verse, which Tyler did, but then that feature was eventually scrapped just before the song released for unknown reasons as of right now. This version contains some lyrical changes from Rocky and a different structure. Firstly, a snippet was leaked on July 20th, 2023 and then was later leaked in full after a successful $700 groupbuy from TylerHub on August 6th, 2023 just after the official song released without the feature.",3:10,,"Aug 6, 2023",Full,CD Quality,https://pixeldrain.com/u/wpp2JpRn
Dinosaur,⭐ French! [V1],Original version with no Hodgy verse and alternate Tyler verses.,2:29,,"Jul 24, 2023",Full,CD Quality,https://pixeldrain.com/u/XEfqckYA
Louis Vuitton Show,"Suzie
(Little Suzie)",Tyler beat that was reused orchestrally for the Louis Vuitton Show.,1:34,,"Jul 24, 2023",Full,High Quality,https://pixeldrain.com/u/cT854Eph
CALL ME IF YOU GET LOST,"Ye - You Was Right
(feat. Tyler, The Creator) (prod. E.VAX)","DONDA: WITH CHILD-era mumble demo. Has Tyler and Kanye riffing over a beat. Drums were reused on ""Pretty Good"" by E.VAX.",3:52,,"Jul 17, 2023",Full,CD Quality,https://pixeldrain.com/u/mZpAkcK3
Unknown,"⭐ Spaceships and Bliss
(prod. ???)","Song that was being sold alongside the Good Morning stems, said to be made for WOLF [V1] by the original seller, but this has yet to be confirmed. Likely either Dinosaur or Wolf [V1] era.",2:34,,"Jul 16, 2023",Full,CD Quality,https://pixeldrain.com/u/D2ngxPuS
Ace,90,Beat made in 2010. Used as the intro to the 2011 Summer Camp Mix.,2:53,2010,"Jul 11, 2023",Full,High Quality,https://pixeldrain.com/u/FSB2HoUq
Dinosaur,Dot Dot Dot,"Dinosaur beat, made on January 7th, 2009 alongside ""Wwarehouse"". Samples ""Piggyhog"" by S4LEM.",2:35,"Jan 7, 2009","Jul 11, 2023",OG File,High Quality,https://pixeldrain.com/u/zQodajmC
Stereo-Type,"Tylli [V1]
(Fat Girls X Robots, Fat Drunk Bitch, Lily)","Initial version, made on September 28th, 2007.",2:36,"Sep 28, 2007","Jul 9, 2023",Full,High Quality,https://pixeldrain.com/u/SYVpy9nD
WOLF [V2],"OF On Ice
(Radicals)","Ice skating orchestral remix of ""Radicals,"" made in January 2012.",1:18,Jan 2012,"Jul 7, 2023",Full,CD Quality,https://pixeldrain.com/u/5yY2o4Fa
Eargasm,"Nosecandy
(Steak Sauce (Instrumental))","Track 2 on Eargasm, made between March 16th to May 29th, 2007 & previewed on Tyler's old YouTube account (Bloxhead). Reused on Goblin as Steak Sauce.",3:24,2007,"Jun 4, 2023",Full,CD Quality,https://pixeldrain.com/u/hV84uysc
Ace,35 Chambers,"Beat made in 2007 when Tyler was in his Sophomore or Junior year, played on Loiter Squad and was freestyled over by Tyler on the OFWGKTA channel called ""Real Nigga Freestyle"". Was thought to be from Nilbog but was disproven by Tyler himself.",4:49,2007,"Jun 1, 2023",Full,High Quality,https://pixeldrain.com/u/wDBJFC9T
Goblin,✨ Uranus,"Goblin beat that was meant for the album, but was scrapped. Leaked alongside 35 Chambers on June 1st, 2023.",2:32,,"Jun 1, 2023",Full,High Quality,https://pixeldrain.com/u/ht5KZabj
WOLF [V2],Born To Win [V1],"Loose WOLF [V2] track, made on September 22nd, 2011 for his scrapped Nike collaboration. Leaked alongside John Ross on June 1st, 2023.",2:47,"Sep 22, 2011","Jun 1, 2023",OG File,High Quality,https://pixeldrain.com/u/MvtfCMHu
Scum Fuck Flower Boy,"🗑️ John Ross [V1]
(I Ain't Got Time!)","Early version of ""I Ain't Got Time"" from the Life Of Pablo sessions that features rough vocals and a different instrumental, leaked alongside Born To Win on June 1st, 2023. Might be the version referenced on the freeperm archive on 16 Oct, 2015.",4:13,,"Jun 1, 2023",Full,CD Quality,https://pixeldrain.com/u/Gcpkg4Nw
WANG$AP,"⭐️ Gurl
(with A$AP Rocky)","OG Filename: GURL 9.21.17
WANG$AP throwaway with minimal mumble and an open verse. Samples ""Gurl"" by Destiny's Child. Snippets were randomly found on dbree.org on May 7, 2022, before later leaking alongside ""Income"".",3:44,"Sep 21, 2017","May 31, 2023",Full,High Quality,https://pixeldrain.com/u/zup2N7VG
WANG$AP,"✨ Income
(with A$AP Rocky)","WANG$AP throwaway featuring mostly Rocky verses, minimal mumble, and an open verse. One snippet leaked after a one-hour Shogani VC recording, with another leaking on a lost date. Leaked alongside 'Gurl'.",5:08,,"May 31, 2023",Full,High Quality,https://pixeldrain.com/u/X5Vk6gMm
CALL ME IF YOU GET LOST,"✨ WIND
(feat. Lil Wayne)
(HOT WIND BLOWS)","OG Filename: WIND_CLEARANCE4.13.20
Original version of ""HOT WIND BLOWS"" without DJ Drama, an alternate verse from Tyler, a longer outro and some worse mixing. Made on April 13th, 2020 as a sample clearance, but doesn't have the tag.",2:36,"Apr 13, 2020","May 31, 2023",OG File,High Quality,https://pixeldrain.com/u/5JFkLZYC
Ace,🗑️ Sonic (2/2),Beat made in 2009.,2:39,2009,"May 30, 2023",Full,High Quality,https://pixeldrain.com/u/UAnN3Nva
Ace,Sage,Beat made in 2008.,2:24,2008,"Apr 18, 2023",Full,High Quality,https://pixeldrain.com/u/Pv7vsPwr
Dinosaur,Rape,"Dinosaur track, made on January 2nd, 2009. Despite the name, this is not a dark song whatsoever.",2:38,"Jan 2, 2009","Apr 9, 2023",OG File,CD Quality,https://pixeldrain.com/u/HBLZcxJ9
Ace,Knight 2,Beat made in 2011. Has adlibs.,2:23,2011,"Apr 5, 2023",Full,CD Quality,https://pixeldrain.com/u/fDpRnhvy
Awesome,🗑️ Still Tippin',"Remix of ""Still Tippin"" by Mike Jones, Slim Thug & Paul Wall, made for Radical 2. Leaked after a successful groupbuy.",2:29,,"Mar 27, 2023",Full,Low Quality,https://pixeldrain.com/u/4riZTtdQ
WOLF [V3],"Casey Veggies - Sus Homie [V1]
(feat. Domo Genesis, Tyler, The Creator, & Hodgy Beats) (prod. Tyler, The Creator)
(PNCINTLOFWGKTA)","OG Filename: SUS HOMIE BNCE 1.2 PNCINTLOFWGKTA Feat. Hodgy Beats Casey Veggies & Domo Genesis
Original version of ""PNCINTLOFWGKTA"" by Casey Veggies that has a Tyler verse that isn't on the released version, replacing Earl's verse. Considering the filename, this could have originally been Tyler's song. Leaked via groupbuy.",4:10,,"Mar 19, 2023",Full,CD Quality,https://pixeldrain.com/u/4kjj4vS4
CALL ME IF YOU GET LOST,"⭐ FUCKYOUMEAN
(prod. Toro Y Moi)
(atherton hifi)","OG Filename: FUCKYOUMEAN RUFF REF 1
Call Me If You Get Lost [V1]-era throwaway with Tyler rapping over the instrumental to ""atherton hifi"" by Toro Y Moi. OG File leaked on February 22nd, 2024.",2:39,,"Mar 17, 2023",OG File,High Quality,https://pixeldrain.com/u/cEu9Aj3f
Scum Fuck Flower Boy,"⭐️ My Level [V1]
(feat. Lil Yachty)","Said to be ""Post Cherry Bomb-era,"" recorded during the TurboGrafx16 sessions with Kanye. Leaked as a bonus for the PENNY groupbuy.",2:26,,"Feb 21, 2023",Full,CD Quality,https://pixeldrain.com/u/p84qrq7B
CALL ME IF YOU GET LOST,"⭐ Penny
(prod. Polow da Don & Butta)
(Throw Some D's)","OG Filename: Penny RUFF REF 1
Call Me If You Get Lost [V1]-era throwaway with Tyler rapping over the instrumental to ""Throw Some D's"" by Rich Boy, made around Christmas 2019. Played at the Estate Sale show on April 27th, 2023. Talked about by Tyler on an interview with Rap Radar on June 9th, 2023. OG File leaked on February 22nd, 2024.",1:50,,"Feb 21, 2023",OG File,High Quality,https://pixeldrain.com/u/rqGsSefk
CALL ME IF YOU GET LOST,"⭐ GOLFBOYSHIT [V2]
(prod. DJ Scratch)
(Golf Boy Shit, New York Shit)","OG Filename: Golf Boy Shit AUDIO 6936
Song with Tyler rapping over the instrumental to ""New York Shit"" by Busta Rhymes. Was meant to be on CALL ME IF YOU GET LOST, but was scrapped for unknown reasons. Talked about by Tyler on an interview with Rap Radar on June 9th, 2023. OG File leaked on February 22nd, 2024.",2:29,,"Feb 14, 2023",OG File,High Quality,https://pixeldrain.com/u/eV4dBEUt
CALL ME IF YOU GET LOST,"⭐ CANTYOUSEE
(prod. Diddy)","OG Filename: CANTYOUSEE RUFF REF 1
Call Me If You Get Lost [V1]-era throwaway with Tyler rapping over the instrumental to ""Can't You See"" by Total. Talked about by Tyler on an interview with Rap Radar on June 9th, 2023. OG File leaked on February 22nd, 2024.",2:09,,"Feb 6, 2023",OG File,High Quality,https://pixeldrain.com/u/Bwc5NWbi
Cherry Bomb,"Cherry Bomb (Jingle)
(with Tim Davis)","One of the jingles done by Tim Davis, sung over the ""BLOW MY LOAD"" instrumental. Not related to the CHERRY BOMB title track.",0:18,,"Feb 4, 2023",Full,CD Quality,https://pixeldrain.com/u/iVme26oj
Cherry Bomb,"OKAGA (Jingle)
(with Tim Davis)","Original file for the ""OKAGA"" jingle heard on the CHERRY BOMB title track.",0:13,,"Feb 4, 2023",Full,CD Quality,https://pixeldrain.com/u/8LNEfYFY
Cherry Bomb,"YELLOW (Jingle)
(with Tim Davis)","One of the jingles done by Tim Davis, used for ""YELLOW.""",0:08,,"Feb 4, 2023",Full,CD Quality,https://pixeldrain.com/u/GLpP9c5E
Ace,Cat [V1],Beat made in 2008.,2:31,2008,"Feb 3, 2023",Full,High Quality,https://pixeldrain.com/u/kJGdxiXJ
Personal Stash,✨ Cool J,"Personal Stash track, made in 2010. Revisited by Tyler alot over the years, such as on the orchestral arrangement played during the Louis Vuitton Men's Fall-Winter 2022 Fashion Show & on Nuts + Bolts.",3:19,2010,"Feb 3, 2023",Full,CD Quality,https://pixeldrain.com/u/xkfonohT
III TV Cab Thief,Welcome,"Ill Cab TV Thief beat, reused for Dinosaur. Played on Loiter Squad.",2:40,"Dec 17, 2008","Feb 3, 2023",Full,High Quality,https://pixeldrain.com/u/pPoZrvPR
Dinosaur,"Car [V1]
(feat. brandUn DeShay)","MacBook draft, made on June 7th, 2009. Has the earliest known take from Tyler with different verses from brandUn compared to later versions, car noises in-between & missing lyrics at the end.",4:01,"Jun 7, 2009","Feb 2, 2023",Full,High Quality,https://pixeldrain.com/u/D1cLETMV
Cherry Bomb,"It's Tyler (Jingle) (Alternate Version)
(with Tim Davis)
(Tyler Theme)","Shortened version of ""It's Tyler,"" leaked as a Groupbuy bonus.",0:06,,"Feb 2, 2023",Full,CD Quality,https://pixeldrain.com/u/qMwjsTNy
Ace,Something [V1],Beat made in 2008.,2:20,2008,"Feb 1, 2023",Full,High Quality,https://pixeldrain.com/u/xqfwm7og
Cherry Bomb,"It's Tyler (Jingle)
(with Tim Davis)
(Tyler Theme)","Unused jingle done for Cherry Bomb done by Tim Davis, uploaded to his YouTube channel on March 3th, 2017. Original file leaked on January 30th, 2023 and the YouTube uploads were found shortly after.",0:15,,"Jan 30, 2023",Full,CD Quality,https://pixeldrain.com/u/p7MXpRUo
Dinosaur,⭐️ Pale,Dinosaur track.,5:56,2009,"Jan 23, 2023",Full,CD Quality,https://pixeldrain.com/u/g64yV9y8
Dinosaur,🗑️ Midnight Funkathon,"Dinosaur track, made on November 30th, 2008. Only known song with a tracklist number, track 1.",1:30,"Nov 30, 2008","Jan 20, 2023",Full,High Quality,https://pixeldrain.com/u/rfjCoaGQ
WOLF [V1],"Matt Martians - My Room
(prod. Matt Martians)","Originally thought to be an EarlWolf song, but was confirmed to be from the Matt Martians & Earl Sweatshirt collab album, Sweaty Martians. Doesn't contain any Tyler or Earl vocals, but does have Matt vocals and an open verse.",2:54,,"Jan 20, 2023",Full,High Quality,https://pixeldrain.com/u/sYeRxPkT
Scum Fuck Flower Boy,"SZA - Jodie Foster [V3]
(prod. Tyler, The Creator)
(Inlove, Jodie)","Version of ""Jodie Foster"" with an alternate mix and a longer outro.",3:12,,"Jan 15, 2023",Full,CD Quality,https://pixeldrain.com/u/FtAs55QS
Eargasm,✨ Prototype [V1],"Track 22 on Eargasm. Unrelated to the song in the ""Prototype Freestyle"" video.",4:07,2007,"Jan 3, 2023",Full,CD Quality,https://pixeldrain.com/u/UTBMnwG3
Nilbog,⭐ Propaganda,Nilbog song.,2:35,,"Jan 3, 2023",Full,High Quality,https://pixeldrain.com/u/EW1nSgsv
Nilbog,🗑️ Spacejam,"Nilbog song, made on Ustream on May 1st, 2011.",4:15,"May 1, 2011","Jan 3, 2023",OG File,CD Quality,https://pixeldrain.com/u/qJmsP5Wy
Personal Stash,"✨ Pigions (Instrumental) [V1]
(Celery Sticks (Remix))","Initial version, made in 2009. Doesn't change pitch and has other slight differences. Tyler mentioned in a tweet that this beat is a remix to a 2007 beat he did, which was found out to be the song, ""Celery Sticks.""",3:31,2009,"Dec 31, 2022",Full,CD Quality,https://pixeldrain.com/u/HdsY7iyy
Dinosaur,🏅 Dinosaur [V2],"Rerecorded version. Thought to have leaked, but the vocals are misplaced & there are no adlibs. That version is a stem edit.
(Check the Fakes tab for the edit.)",3:30,,"Dec 29, 2022",Confirmed,Not Available,
WOLF [V1],"⭐ Good Morning [V1]
(feat. Domo Genesis)","WOLF [V1] track with Domo Genesis, stated to be recorded in early 2009. Described by Tyler as one of his best in the past. Mentioned by Tyler to be on WOLF [V1] on January 13th, 2011.",5:06,2009,"Dec 29, 2022",Full,CD Quality,https://pixeldrain.com/u/Yi2pcpjx
WOLF [V1],Berlin [V1],"WOLF [V1] track, said to be one of Tyler's favorite instrumentals. File tagged as track 6, but it's been said by Tyler that it's track 7, so this could imply multiple tracklists.",2:13,2010,"Dec 29, 2022",Full,CD Quality,https://pixeldrain.com/u/saPtWdpP
WOLF [V1],"Chewbacca
(feat. Hodgy Beats)
(Oooh)","Original version of ""Oooh"" by Pusha T with no Liva Don and a second Hodgy Beats verse.",3:41,,"Dec 28, 2022",Full,High Quality,https://pixeldrain.com/u/A3q1zfUk
Ace,⭐ You're Drunk [V1],"Song that was made around midnight in 2009, was thought to be apart of WOLF [V1] for a while but Tyler stated on a Ustream that this song wasn't going to be on anything.",2:10,2009,"Dec 27, 2022",Full,CD Quality,https://pixeldrain.com/u/Vz9ZfNhp
Goblin,⭐ Mars [V1],"Goblin track that was meant for the album, but was never finished and ultimately scrapped. Thought to be on WOLF [V1], but later deconfirmed. Snippet was played on a Ustream livestream in 2010.",4:45,,"Dec 27, 2022",Full,CD Quality,https://pixeldrain.com/u/FMntBUE8
The OF Tape Vol. 2,⭐️ Drugs,"Scrapped OF Tape Vol. 2 track, made in 2012.",1:41,2012,"Dec 27, 2022",Full,High Quality,https://pixeldrain.com/u/Dd7QGTyP
Dinosaur,"⭐️ Car [V3]
(feat. brandUn DeShay) (add. Syd)","OG Filename: Car Final Rough Draft
Version with a rerecorded Tyler verse. One of the files posted by Matt Martians on his Twitter on January 19th, 2013. The normal bass version has yet to surface.",3:49,2009,"Dec 25, 2022",Full,High Quality,https://pixeldrain.com/u/DB24UvnP
WOLF [V1],"⭐ WolfSwag [V2]
(Wolf)","Version with a slower tempo, no adlibs & has an entirely new second verse.",3:07,,"Dec 25, 2022",Full,CD Quality,https://pixeldrain.com/u/fwRm85tH
CALL ME IF YOU GET LOST,"⭐ Almeda
(prod. Pharrell Williams & John Carroll Kirby)
(ASHES, CHACHA)","OG Filename: Almeda RUFF REF 2
Song with Tyler rapping over a pitched up instrumental to ""Almeda"" by Solange, discovered on ASCAP around March 2021 under the name ""CHACHA."" Was meant to be on CALL ME IF YOU GET LOST at one point, but was scrapped for unknown reasons. OG File leaked on February 22nd, 2024.",3:06,,"Dec 25, 2022",OG File,High Quality,https://pixeldrain.com/u/oUsjpDRD
WOLF [V1],⭐ Toilet Milk [V1],"Initial rough draft, made in 2009.",2:50,2009,"Dec 24, 2022",Full,CD Quality,https://pixeldrain.com/u/bSk7dVhb
Dinosaur,Blow [V1],Version with a verse that was partially reused from Skoolie300's version of the song.,2:55,,"Dec 22, 2022",Full,High Quality,https://pixeldrain.com/u/AV3HRbxk
Dinosaur,⭐️ The Kids Can Bleed,Dinosaur track.,2:00,,"Dec 22, 2022",Full,High Quality,https://pixeldrain.com/u/FH5Pyt4e
CALL ME IF YOU GET LOST,"⭐ RHINESTONE
(prod. Madlib)
(Rhinestone Cowboy)","OG Filename: RHINESTONE REF BONUS
Call Me If You Get Lost [V1]-era throwaway with Tyler rapping over the instrumental to ""Rhinestone Cowboy"" by Madvillain, made as a tribute to MF DOOM. OG File leaked on February 22nd, 2024.",1:09,,"Dec 22, 2022",OG File,High Quality,https://pixeldrain.com/u/35h16tUy
Unknown,"⭐ Rest Stop
(feat. Jasper Dolphin) (prod. Portishead & Dave McDonald)
(Humming)","Song with a Jasper Dolphin feature, date and era unknown. Uses ""Humming"" by Portishead as the instrumental, even though Beth Gibbons is still heard on the song. Was thought to be ""Adams Family"" for some time since this was being sold under that name by Pac, he is a notorious liar in the Tyler community. Unrelated to ""Rest Stop Flow"". Likely either Dinosaur or Wolf [V1] era.",6:41,,"Dec 22, 2022",Full,CD Quality,https://pixeldrain.com/u/YySSTswm
Dinosaur,"Pigs Fly [V1]
(feat. Domo Genesis)","OG Filename: PIGSFLY FT. DOMO GENESIS
Original unpitched version with a different intro and outro. Talked about on a blogspot post from April 3rd, 2009.",3:33,,"Dec 21, 2022",Full,CD Quality,https://pixeldrain.com/u/nF2DbXHb
Goblin,"✨ WSUP
(prod. Toro Y Moi)","Loose Goblin song that was made in the same sessions as ""Hey You"" on August 1st, 2011.",1:26,"Aug 1, 2011","Dec 21, 2022",Full,High Quality,https://pixeldrain.com/u/fZ6LfT7C
Scum Fuck Flower Boy,⭐ DeathValley,"Scum Fuck Flower Boy scrapped recorded in 2016 with the instrumental being made in 2014, as the beat can be heard in an unused Cherry Bomb jingle. The beat was played in a Converse commercial around 2017, and the song was later reused for Scum Fuck Flower Boy, as seen in a tracklist. Leaked on December 22nd, 2022 after a successful $500 groupbuy.",1:08,,"Dec 21, 2022",Full,CD Quality,https://pixeldrain.com/u/MfuQwc9K
CALL ME IF YOU GET LOST,"A$AP Rocky - Roddy Piper [V4]
(feat. Tyler, The Creator) (prod. Pharrell Williams)
(RIOT (Rowdy Pipe'n))","The latest version of ""Piper"", other than the released version, was first played during Rocky's Rolling Loud New York 2022 performance on September 24th, 2022 and during Rocky's Amazon Live Performance on December 8th, 2022 where Rocky states the title ""Rowdy Rod Piper"". This version still features Tyler, The Creator as Rocky shouts him and Pharrell out during the Rolling Loud performance. This version features the alternate line ""opposite of quiet, pussy nigga diet"" instead of the ""on a pussy nigga diet"" line from the Rolling Loud Portugal 2022 performance just a few months before.",,,"Dec 8, 2022",Partial,High Quality,https://pixeldrain.com/u/EWRgGvm2
CALL ME IF YOU GET LOST,"🏆 PAPARAZZI [V2]
(feat. Skepta)","CMIYGL-era scrap, updated version of the song, has a new featuring from Skepta. Tyler's and Skepta's verses are in two different qualities for some reason.",2:43,,"Oct 21, 2022",Snippet,CD Quality,https://pixeldrain.com/u/RSW5JtFx
WANG$AP,"Potato Salad [V4]
(prod. Kanye West)
(Sexydick, Knock Knock)","Alternate version of “Potato Salad” played during a Discord voice chat recording. Features Tyler freestyling some alternate lyrics, it is unknown whether Rocky is involved yet. This freestyle is presumably longer than the released version, as it overlaps with a section of the “Knock Knock” instrumental not reached in “Potato Salad.”",,,"Aug 10, 2022",Partial,Recording,https://pixeldrain.com/u/TFu6mziJ
Ace,🗑️ Rocky,"Beat made in 2007, has no relation to ""Rocky's Revenge"".",2:32,2007,"Jul 29, 2022",Full,High Quality,https://pixeldrain.com/u/yBgmcQvo
Poly/Mono,⭐ Gen 2,"Poly/Mono beat, made in 2009.",2:41,2009,"Jul 29, 2022",Full,High Quality,https://pixeldrain.com/u/4faj5vp7
Bodega,N.E.R.D - Love Bomb (Remix),"Remix of ""Love Bomb"" by N.E.R.D., made on April 24th, 2008 and tagged with Bodega. Just rearranged. Originally was meant to be the outro for this project.",4:59,"Apr 24, 2008","Jul 29, 2022",Full,CD Quality,https://pixeldrain.com/u/cf94MKrJ
Dinosaur,⭐ Suicidal Thoughts,"Dinosaur track, recorded on April 21st, 2009. Uses a beat that would later be reused for ""Last Roll"" by Domo Genesis.",2:50,"Apr 21, 2009","Jul 19, 2022",Full,High Quality,https://pixeldrain.com/u/QxFYPbaY
Ace,"Stranger Stranger
(More Ovaltine Please)","Loose instrumental, year unknown. Used for the brandUn DeShay song, ""More Ovaltine Please.""",3:53,,"Jul 18, 2022",Full,Low Quality,"https://pixeldrain.com/u/JPt2aESr 
https://pixeldrain.com/u/JxjVoC4v"
Dinosaur,"✨ Fuck You Bunch
(prod. Portishead & Dave McDonald)
(Elysuim)","Dinosaur track, made on April 29th, 2009. Uses ""Elysium"" by Portishead as the instrumental.",1:40,"Apr 29, 2009","Jul 18, 2022",Full,High Quality,https://pixeldrain.com/u/Q5uoL39d
Dinosaur,⭐ Prism,"Dinosaur track, made on December 16th, 2008. This is where the March 2009 release date was first mentioned.",1:43,"Dec 16, 2008","Jul 18, 2022",Full,High Quality,https://pixeldrain.com/u/jNr4nEfu
CALL ME IF YOU GET LOST,"A$AP Rocky - Roddy Piper [V3]
(feat. Tyler, The Creator) (prod. Pharrell Williams)
(RIOT (Rowdy Pipe'n))","During the Rolling Loud Portugal performance Rocky plays a seemingly later version of the song ""Roddy Piper"" which is confirmed to still feature the Tyler, The Creator verse as Rocky says ""Play that Tyler and Pharrell new joint"". This version of the song features additional adlibs not seen in the other previous version, and an alternate line as this version says ""on a pussy nigga diet"" while later versions say ""opposite of quiet, pussy nigga diet"".",,,"Jul 7, 2022",Partial,Recording,https://pixeldrain.com/u/fZyS46ak
CALL ME IF YOU GET LOST,"✨ The Weeknd - Here We Go... Again
(feat. Tyler, The Creator) (prod. The Weeknd, Rex Kudo, Bruce Johnston, Brian Kennedy, Benny Bock & Charlie Coffeen)","Original version of ""Here We Go... Again"" by The Weeknd, features an extended Tyler verse.",3:58,,"Jun 16, 2022",Full,CD Quality,https://pixeldrain.com/u/Ly66a7Gu
Ace,JT,Beat made in 2011.,1:58,2011,"Jun 14, 2022",Full,CD Quality,https://pixeldrain.com/u/JyNw4fVu
Bodega,Blow (Instrumental),"Track 5 on Bodega, made on June 3rd, 2008. Used as the instrumental to both ""Blow"" and ""Breez (Some Use Pipes)"" by Skoolie300. Comment on this song says ""FOR gay nigga"" (whatever that means).",2:56,"Jun 3, 2008","Jun 14, 2022",Full,High Quality,https://pixeldrain.com/u/Y8tCNrjR
Dinosaur,Wwarehouse,"Instrumental to ""Wwarehouse"" by Hodgy Beats, made on January 7th, 2009 alongside ""Dot Dot Dot.""",2:21,"Jan 7, 2009","Jun 14, 2022",Full,CD Quality,https://pixeldrain.com/u/7GWMETv4
Ace,Meatjuice,Beat made in 2010.,2:34,2010,"May 21, 2022",Full,High Quality,https://pixeldrain.com/u/2muZ7Lkg
Personal Stash,Dream Away,Personal Stash track.,5:30,,"May 21, 2022",Full,CD Quality,https://pixeldrain.com/u/H7Pncv3n
Dinosaur,OF Theme,"OG Filename: OF Theme
Dinosaur interlude, recorded on March 16th, 2009. One of the files posted by Matt Martians on his Twitter on January 19th, 2013.",1:38,"Mar 16, 2009","May 21, 2022",Full,High Quality,https://pixeldrain.com/u/VJ9eBs19
Dinosaur,✨ Yamaka [V1],"OG Filename: yamakarough 2
Dinosaur track.",2:57,,"May 20, 2022",Full,CD Quality,https://pixeldrain.com/u/mGDLDiSD
Zombie Circus,✨ Rotten Sarah,"The darker sequel to Sarah, recorded on January 30th, 2009 (predating Sarah's recording date, he likely had the whole storyline planned out). Mentioned by Tyler on Twitter. Leaked after a successful $500 groupbuy.",1:27,"Jan 30, 2009","May 17, 2022",Full,High Quality,https://pixeldrain.com/u/uFmU57Uz
Dinosaur,Dinosaur [V1],Initial rough draft.,,,"May 16, 2022",Snippet,Recording,"https://pixeldrain.com/u/5YbFXkJW
https://pixeldrain.com/u/AUz411p3"
CALL ME IF YOU GET LOST,"Lost & Found Freestyle 2019 [V1]
(with A$AP Rocky) (prod. The Neptunes)","An earlier version of ""Lost & Found  2019"" which features the ""Property of A$AP Worldwide, AWGE"" tag, and seemingly cuts off halfway through Tyler's verse. This version was previewed at Nigo's fashion show in March of 2022, and fades in and out from different songs.",,,"Jan 23, 2022",Partial,High Quality,https://pixeldrain.com/u/Ge3KrsMj
CALL ME IF YOU GET LOST,"Ye - Come to Life [V18]
(feat. Tyler, The Creator) (prod. Jeff Bhasker, Warryn Cambell, Ojivolta, MIKE DEAN & Zen Micheline Hung)","OG Filename: Come to life MIX
Similar to the final version, with background vocals from Tyler, The Creator and production differences.",5:10,,"Sep 27, 2021",OG File,Lossless,https://pixeldrain.com/u/fB7SM9jT
CALL ME IF YOU GET LOST,"Maxo Kream - BIG PERSONA [V3]
(prod. Tyler, The Creator)
(Big Spender, BIG PERSONA (Instrumental))","Early version of the instrumental to ""BIG PERSONA"" by Maxo Kream, lacks intro strings.",2:26,,"Sep 15, 2021",Beat Only,CD Quality,https://pixeldrain.com/u/P4HMxdMR
CALL ME IF YOU GET LOST,"RISE!
(Voicemall #5)","Voicemail version of ""RISE!.""",0:36,,"Jun 21, 2021",Full,Recording,https://pixeldrain.com/u/mLWUE5Uh
CALL ME IF YOU GET LOST,"✨🏆 Call Me [V2]
(Voicemail #3, NUMBER, NUMBER)","One of four jingle / interlude voicemails made as a promo for CMIYGL's release. This is one of the more imfamous of the four voicemails, commonly referred to as ""NUMBER, NUMBER"" since there wasn't a name attached to this until the original instrumental leaked. While a full version of this jingle's instrumental is had, a higher quality version of this song with vocals isn't and it's likely one will never pop up.",0:21,,"Jun 15, 2021",Full,Recording,https://pixeldrain.com/u/5GW4JaA1
CALL ME IF YOU GET LOST,"MOMMA TALK
(Voicemall #1)","Voicemail version of ""MOMMA TALK.""",1:11,,"Jun 15, 2021",Full,Recording,https://pixeldrain.com/u/A5YfqbUj
CALL ME IF YOU GET LOST,"SIR BAUDELAIRE
(Voicemail #4, Cookie Crumbs)","Voicemail of Tyler rapping the lyrics to ""SIR BAUDELAIRE.""",0:40,,"Jun 15, 2021",Full,Recording,https://pixeldrain.com/u/qxHLFDsR
CALL ME IF YOU GET LOST,"✨ ???
(feat. Lil Yachty)
(Voicemail #2, PASSPORT)","Voicemail of Tyler yapping while Lil Yachty is talking in the background, commonly referred to as ""PASSPORT"" since there isn't a name attached to this. The instrumental would later be used as the intro to the WHARF TALK music video.",0:30,,"Jun 15, 2021",Full,Recording,https://pixeldrain.com/u/ULv5Tcch
BASTARD,"⭐️ Llama [V1]
(Flowers)","Initial version with some effects already added, seen on an original Bastard tracklist under the name ""Llama (Flowers)""",3:23,2009,"May 21, 2021",Full,High Quality,https://pixeldrain.com/u/WuRw8MhP
Dinosaur,Sarah.,"OG Filename: Sarah.
Dinosaur version, recorded on February 1st, 2009 & posted to Hypebeast on the same day. Later resurfaced on Feb 9th, 2021. Has slight mixing differences, that's alll. One of the files posted by Matt Martians on his Twitter on January 19th, 2013, the only file tagged with the Dinosaur cover.",4:46,"Feb 1, 2009","Feb 9, 2021",Full,High Quality,https://pixeldrain.com/u/Fbwcj1mZ
WOLF [V2],"❓✨ Sprung [V1]
(feat. Frank Ocean)
(Awkward)","Original 2012 version of ""Awkward"" with an unused Frank hook, an alternate take from Tyler, & an open verse section (probably) meant for Kanye to record his vocals over. Called ""fake"" by Frank Ocean on Instagram, and was believed fake for some times. However, it is likely real as the person who leaked this didn't have the instrumental, although it is possibly a misbounce from the sessions.",,,"Feb 8, 2021",Full,High Quality,https://pixeldrain.com/u/S1suvk4i
WANG$AP,"⭐️ Jingling [V2]
(with A$AP Rocky)
(Jingelin, Jinggling)","OG Filename: Jinggling _ ELS 6.7.17
WANG$AP throwaway with minimal mumble and verses from both Rocky and Tyler. The intro samples season 1 episode 3 of Bernie Mac's Def Jam Comedy set and the instrumental samples 'Friends of Mine' by The Notorious B.I.G. Filename misspells 'Jingling' as 'Jinggling'",4:06,"Jun 18, 2017","Feb 8, 2021",Full,CD Quality,https://pixeldrain.com/u/YZEwGa22
IGOR,"A$AP Rocky - Run It [V3]
(prod. Tyler, The Creator)","After the WANG$AP album was scrapped, the song ""Run It"" was given to Rocky for his album with this version excluding Tyler, The Creator. This version is said to feature at least one brand new verse from Rocky, but any further differences about this solo version of the song are not known.",,,"Dec 24, 2020",Snippet,CD Quality,https://pixeldrain.com/u/B2i7Fvo6
Dinosaur,"⭐ The Nosebleed
(Nose Bleed)","Dinosaur track, made on December 3rd, 2008.",2:58,"Dec 3, 2008","Aug 15, 2020",Full,High Quality,https://pixeldrain.com/u/eufcEE2q
Scum Fuck Flower Boy,"Mac Miller - Cactus Face
(prod. Tyler, The Creator)","Mac Miller throwaway from the Divine Feminine sessions, has production from Tyler, The Creator.",3:17,,"Jan 1, 2020",Full,High Quality,https://pixeldrain.com/u/DnCMoH6c
CALL ME IF YOU GET LOST,"Lil Yachty - Tokyo Drift [V1]
(feat. A$AP Rocky & Tyler, The Creator)
(T.D)","Early version of ""T.D"" teased at Lil Yachty's show in October 2019. This version has alternate lyrics from A$AP Rocky and Tyler, The Creator, but it is unknown if there are any differences in Lil Yachty's verse or if Tierra Whack is even on the song.",,,"Oct 5, 2019",Snippet,Recording,https://pixeldrain.com/u/yrfdwHdA
WANG$AP,"✨ Run It [V2]
(with A$AP Rocky)","OG Filename: Run It RUFF REF 1
Later version with more finished takes, but still has some mumble. After it leaked, Tyler stated in a now deleted Tweet it didn't get 'more than 32 minutes of attention'. Leaked via groupbuy. OG Filename might be wrong.",2:18,"Jun 7, 2017","Jul 18, 2019",Full,CD Quality,https://pixeldrain.com/u/JcMwEr2s
Scum Fuck Flower Boy,"Firework [V2]
(Glitter)","Updated version of ""Firework"" instrumental that was used in the GOLF: Spring/Summer 2019 video.",,,"Jun 28, 2019",Beat Only,High Quality,https://pixeldrain.com/u/PX6fSitQ
IGOR,PAPARAZZI [V1],Snippet previewed on Tyler's instagram story the day before IGOR dropped. Unknown if Skepta is featured on the song.,,,"May 16, 2019",Snippet,Recording,https://pixeldrain.com/u/PdsZx2my
IGOR,"Intro [V3]
(feat. Lil Uzi Vert & Solange)
(IGOR'S THEME)","Snippet posted to Tyler's Instagram story, sounds very similar to released.",,,"May 7, 2019",Snippet,Recording,https://pixeldrain.com/u/qyzT6cJW
Grinch EP,"You're A Mean One, Mr. Grinch",Earlier version that has Tyler singing instead of some random woman.,1:53,,"Oct 24, 2018",Full,CD Quality,https://pixeldrain.com/u/qesGsZTa
Scum Fuck Flower Boy,"🏆 Firework [V1]
(Glitter)","Original version of ""Glitter"" that was played at Illegal Civ 3.",,,"Aug 25, 2018",Partial,Recording,https://pixeldrain.com/u/DEwutQJK
WOLF [V2],"✨ Miley Cyrus - The Way I Feel
(feat. Tyler, The Creator) (prod. Pharrell Williams)
(I Can't Describe (The Way I Feel))","Early version of ""I Can't Describe (The Way I Feel)"" before it was given to Jennifer Hudson, made around October 2012. Has two Miley verses & a Tyler verse. One of the weirdest fucking features ever.",4:08,,"Oct 9, 2017",Full,CD Quality,https://pixeldrain.com/u/5hxWDL5C
Cherry Bomb,2SEATER [V2],"Clip from the Cherry Bomb documentary showing the studio session, featuring saxophone demo stems.",,,"May 30, 2017",Snippet,Recording,https://pixeldrain.com/u/NNTvnUEh
Cherry Bomb,2SEATER [V3],Demo version of the strings played in the background of the Cherry Bomb documentary. Attached is the excerpt from the doc that it can be heard in.,,,"May 30, 2017",Snippet,Recording,https://pixeldrain.com/u/usQ6CDEU
Cherry Bomb,"CHERRY
(CHERRY BOMB)",Demo version that was previewed in the Cherry Bomb documentary. Attached is the excerpt from the doc that it can be heard in.,,,"May 30, 2017",Snippet,Recording,https://pixeldrain.com/u/HQUPynTY
Cherry Bomb,FUCKING YOUNG [V1],"Demo version of ""FUCKING YOUNG"" that was previewed in the Cherry Bomb documentary. Has slightly different lyrics.",,,"May 30, 2017",Snippet,Recording,https://pixeldrain.com/u/8kJRgSy5
Cherry Bomb,"FUCKING YOUNG [V2]
(feat. Charlie WIlson)","Demo version of ""FUCKING YOUNG"" with alternate Charlie Wilson lyrics that can be heard in the background of the Cherry Bomb documentary. Attached is the excerpt from the doc that it can be heard in.",,,"May 30, 2017",Snippet,Recording,https://pixeldrain.com/u/7FYrYc11
Cherry Bomb,FUCKING YOUNG [V3],"Alternate version of the ""FUCKING YOUNG"" instrumental played at the end of the Cherry Bomb documentary.",,,"May 30, 2017",Partial,Recording,https://pixeldrain.com/u/ZDufwdhi
Cherry Bomb,"KEEP DA O'S [V3]
(feat. Pharrell Williams)","Demo version of ""KEEP DA O'S"" played in the Cherry Bomb documentary. This version has demo / alternate vocals from Pharrell Williams.",,,"May 30, 2017",Snippet,Recording,https://pixeldrain.com/u/zE9yKxqk
Cherry Bomb,"OKAGA [V1]
(OKAGA, CA)","Demo version of ""OKAGA, CA"" played in the Cherry Bomb documentary.",,,"May 30, 2017",Snippet,Recording,https://pixeldrain.com/u/h4x3L1ny
Cherry Bomb,"🏆 PILOT [V1]
(feat. Kali Uchis & Toro Y Moi)","Original version of ""PILOT"" that is allegedly 6 minutes long with a slightly different instrumental. Snippet previewed in the Cherry Bomb Documentary.",~6:00,,"May 30, 2017",Snippet,Recording,https://pixeldrain.com/u/itVz3gEp
Cherry Bomb,RUN [V1],"Version of ""RUN"" at its original BPM, previewed in the documentary.",,,"May 30, 2017",Snippet,Recording,https://pixeldrain.com/u/7St19Ew9
Cherry Bomb,🏅 SMUCKERS [V1],"Original solo version of ""SMUCKERS,"" said to exist by Tyler. Previewed in the Cherry Bomb Documentary behind a clip of him talking about the song. Has some different lyrics and a less developed instrumental.",,Mar 2014,"May 30, 2017",Partial,Recording,https://pixeldrain.com/u/bTVMZiBd
Cherry Bomb,"SMUCKERS [V5]
(feat. Ye & Lil Wayne)","Demo version of ""SMUCKERS"" heard in the Cherry Bomb documentary, with Kanye recording mumble vocals for the song. Presumably from after he decided to rewrite his verse.",,,"May 30, 2017",Snippet,Recording,https://pixeldrain.com/u/NH25QkQG
Cherry Bomb,"Timbean [V1]
(feat. Kali Uchis)
(For The Time Being, Time Being)","Demo version of ""For The Time Being"" that can be heard in the background of the Cherry Bomb documentary. Has demo vocals from Tyler. Attached is the excerpt from the doc that it can be heard in.",,,"May 30, 2017",Partial,Recording,https://pixeldrain.com/u/8JWNaCU6
Cherry Bomb,"Kali Uchis - Ray Gay [V1]
(prod. Tyler, The Creator)
(Not Impossible)",Song played in the background of the Cherry Bomb documentary that was produced by Tyler (via Kali tracker). Attached is the excerpt from the doc that it can be heard in.,,,"May 30, 2017",Partial,Recording,https://pixeldrain.com/u/3t9t7nKi
Flower Boy,"Where This Flower Blooms [V3]
(feat. Frank Ocean)
(Where Da Flower Bloomz)","Studio session snippet of Frank performing the hook to ""Where This Flower Blooms"", posted to Tyler's ""scumfuckflowerboy"" Instagram on May 28th, 2017.",,,"May 28, 2017",Snippet,Recording,https://pixeldrain.com/u/Msvp7qfj
Awesome,"Odd Future - That's On Me
(feat. Tyler, The Creator, Earl Sweatshirt & Na-Kel Smith)","Believed to be made for Awesome, uses the instrumental to ""Brand New Guy"" by A$AP Rocky.",,,"May 17, 2017",Partial,Recording,https://www.youtube.com/watch?v=MBaPaWob1sU
Flower Boy,"Frank Ocean - Biking [V2]
(feat. Tyler, The Creator) (prod. Caleb Laven, Jamari & Ging)","Alternate version with Tyler, The Creator on a different instrumental that was only used in a promotional video for blonded RADIO ep 3.",,,"Apr 8, 2017",Partial,High Quality,https://pixeldrain.com/u/cmYvAQnN
Flower Boy,"Glitter [V4]
(Firework)","Version of ""Glitter"" with slight differences in instrumentation, has Tyler doing his verse at the end. Posted to Tyler's ""scumfuckflowerboy"" Instagram on March 6th, 2017.",,,"Mar 6, 2017",Snippet,Recording,https://pixeldrain.com/u/v117PswC
Cherry Bomb,"DeathValley (Jingle)
(with Tim Davis)","One of the jingles done by Tim Davis, used for ""DeathValley.""",0:21,,"Mar 3, 2017",Full,CD Quality,https://pixeldrain.com/u/C19zGC4N
Flower Boy,911 [V29],"Snippet of Tyler recording his opening lines to ""911,"" posted to his 'scumfuckflowerboy' Instagram on Jan 10, 2017",,,"Jan 10, 2017",Snippet,Recording,https://pixeldrain.com/u/JsvaWAEk
Flower Boy,"Toronto [V6]
(feat. Kali Uchis)
(See You Again)","Demo of ""See You Again"" that was played at a studio session, sounds similar to the released version. Posted to Tyler's ""scumfuckflowerboy"" Instagram on January 8th, 2017.",,,"Jan 8, 2017",Snippet,Recording,https://pixeldrain.com/u/w3tq1YNp
Flower Boy,"Toronto [V5]
(ref. Tyler, The Creator)
(See You Again)","Demo of ""See You Again"" that has Tyler performing the chorus instead of Kali, likely as a reference, previewed on Tyler's ""scumfuckflowerboy"" Instagram on January 1st, 2017.",,,"Jan 1, 2017",Snippet,Recording,https://pixeldrain.com/u/nfnd52Z3
Scum Fuck Flower Boy,"Toronto [V4]
(See You Again)","Acapella snippet of Tyler performing the hook for ""See You Again"" posted to Tyler's ""scumfuckflowerboy"" Instagram on December 29th, 2016. Unknown which version this take is from.",,,"Dec 29, 2016",Snippet,Recording,https://pixeldrain.com/u/31tS75AM
Scum Fuck Flower Boy,"I Ain't Got Time! [V3]
(add. A$AP Rocky)
(John Ross)","Mumble version of ""I Ain't Got Time!"" that has different production, posted to Tyler's ""scumfuckflowerboy"" Instagram on December 19th, 2016.",,,"Dec 19, 2016",Snippet,Recording,https://pixeldrain.com/u/UToMLKjE
Scum Fuck Flower Boy,"Firework [V3]
(Glitter)","Version of ""Firework"" with Tyler singing some official and alternate lyrics to a guitar, those alternate lyrics have been reused for a live performance of ""Glitter."" Posted to Tyler's ""scumfuckflowerboy"" Instagram on November 23rd, 2016.",,,"Nov 23, 2016",Snippet,Recording,https://pixeldrain.com/u/MpH6knK1
Scum Fuck Flower Boy,"911 [V28]
(feat. Frank Ocean)","Version of ""911"" with a pitched down instrumental and is missing some instruments from the released version. Posted to Tyler's ""scumfuckflowerboy"" Instagram on November 19th, 2016.",,,"Nov 19, 2016",Snippet,Recording,https://pixeldrain.com/u/BunP8yBL
Scum Fuck Flower Boy,"911 [V27]
(feat. Frank Ocean)","Later version of ""911"" where Frank was still figuring out his lyrics. Posted to Tyler's ""scumfuckflowerboy"" Instagram on October 25th, 2016.",,,"Oct 25, 2016",Snippet,Recording,https://pixeldrain.com/u/xQFY5ZSH
Scum Fuck Flower Boy,911 [V26],"Version of ""911"" with some instrumental differences, as well as Tyler working out the lyrics to the song. Posted to Tyler's ""scumfuckflowerboy"" Instagram on October 24th, 2016.",,,"Oct 24, 2016",Snippet,Recording,https://pixeldrain.com/u/RcNyCDSZ
Scum Fuck Flower Boy,"Garden Shed [V4]
(feat. Estelle)","Early version of ""Garden Shed"" where Estelle is singing Tyler's part with slightly different lyrics, posted to Tyler's ""scumfuckflowerboy"" Instagram on October 22nd, 2016.",,,"Oct 22, 2016",Snippet,Recording,https://pixeldrain.com/u/XbmvF5wC
Scum Fuck Flower Boy,"I Ain't Got Time! [V2]
(add. A$AP Rocky)
(John Ross)","Version of ""I Ain't Got Time!"" that doesn't have a pause when Rocky says ""Happy Birthday!."" Could also have other differences, posted to Tyler's ""scumfuckflowerboy"" Instagram on October 17th, 2016",,,"Oct 17, 2016",Snippet,Recording,https://pixeldrain.com/u/dQAdYG5E
Scum Fuck Flower Boy,"Who Dat Boy [V4]
(feat. A$AP Rocky)
(Faggol, Who That Boy)","Tyler laughing over an early version of the horns used in ""Who Dat Boy,"" posted to Tyler's ""scumfuckflowerboy"" Instagram on October 7th, 2016.",,,"Oct 7, 2016",Snippet,Recording,https://pixeldrain.com/u/WXdB6GSr
Scum Fuck Flower Boy,"✨🏆 911 [V1]
(Me And You)","Earliest known '911' with different instrumental and lyrics, sampling 'Me And You' by Tony! Toni! Toné!. This version was completely finished and was ready to be uploaded to Tyler's YouTube, might even be a privated on there. Commonly refered to as 911 Version 24, as Tyler stated the song went through 25 iterations before its release form. A snippet was posted to Tyler's ""scumfuckflowerboy"" Instagram on September 20th, 2016.",,,"Sep 20, 2016",Partial,Recording,https://pixeldrain.com/u/NWe92VWp
Scum Fuck Flower Boy,"Pothole [V2]
(feat. Jaden Smith)","A video of Jaden Smith recording some demo lyrics for Pothole was posted to Tyler's 'scumfuckflowerboy' Instagram on September 17th, 2016.",,,"Sep 17, 2016",Snippet,Recording,https://pixeldrain.com/u/eYPnREHd
Scum Fuck Flower Boy,???,"Sounds like Tyler messing around with sounds, previewed on Tyler's ""scumfuckflowerboy"" Instagram on September 9th, 2016.",,,"Sep 9, 2016",Snippet,Recording,https://pixeldrain.com/u/jCy2SpNq
Scum Fuck Flower Boy,"Bored [V6]
(feat. Rex Orange County & Anna Of The North)
(Boredom)","Version of ""Bored"" that's pitched up and has Tyler singing the lyrics posted to Tyler's ""scumfuckflowerboy"" Instagram on September 2nd, 2016.",,,"Sep 2, 2016",Snippet,Recording,https://pixeldrain.com/u/nuwvizv2
Scum Fuck Flower Boy,"🏆 Sugar
(SWEET, Suga)","Original version of ""SWEET"" that can be heard at the end of ""I Ain't Got Time!,"" lyrics were written in February 2016 and was going to be on Scum Fuck Flower Boy with Austin Feinstein on guitar. Previewed on Tyler's ""scumfuckflowerboy"" Instagram on September 2nd, 2016. Additional lyrics found in the freeperm archive are:

""You make my blood rush 
my heart beats faster when i see you
 some say your dangerous, 
and i should leave you alone but
you boost my energy""",,,"Sep 2, 2016",Snippet,Recording,https://pixeldrain.com/u/pyUBNBXj
Scum Fuck Flower Boy,"Bored [V4]
(feat. Rex Orange County & Anna Of The North)
(Boredom)","Version of ""Bored"" where Anna is harmonizing with the melodies, posted to Tyler's ""scumfuckflowerboy"" Instagram on August 31st, 2016.",,,"Aug 31, 2016",Snippet,Recording,https://pixeldrain.com/u/qE3vzc87
Scum Fuck Flower Boy,"Bored [V5]
(feat. Rex Orange County & Anna Of The North)
(Boredom)","Version of ""Bored"" that sounds nearly similar to the released version, posted to Tyler's ""scumfuckflowerboy"" Instagram on August 31st, 2016.",,,"Aug 31, 2016",Snippet,Recording,https://pixeldrain.com/u/fGeohfmb
Scum Fuck Flower Boy,"Who Dat Boy [V1]
(Faggol, Who That Boy)","Audio from a video of Tyler making the ""Who Dat Boy"" beat from scratch, posted to Tyler's ""scumfuckclowerboy"" Instagram on April 29th, 2016.",,,"Aug 29, 2016",Snippet,Recording,https://pixeldrain.com/u/QQ4BNNkR
Scum Fuck Flower Boy,"Where This Flower Blooms [V2]
(Where Da Flower Bloomz)","Tyler playing the beginning of ""Where This Flower Blooms"" on Piano, posted to Tyler's ""scumfuckflowerboy"" Instagram on August 26th, 2016.",,,"Aug 26, 2016",Snippet,Recording,https://pixeldrain.com/u/J3GrYhqV
Scum Fuck Flower Boy,"Bored [V3]
(feat. Rex Orange County)
(Boredom)","Version of ""Bored"" where Rex is trying to figure out his lyrics for his feature, posted to Tyler's ""scumfuckflowerboy"" Instagram on August 12th, 2016.",,,"Aug 12, 2016",Snippet,Recording,https://pixeldrain.com/u/bzAUp7kV
Scum Fuck Flower Boy,"Spoon [V2]
(feat. Rex Orange County)
(Foreword)","Version of ""Foreword"" where Rex is figuring out the melodies, previewed on Tyler's ""scumfuckflowerboy"" Instagram on August 12th, 2016.",,,"Aug 12, 2016",Snippet,Recording,https://pixeldrain.com/u/38oaoKkf
Scum Fuck Flower Boy,"Bored [V2]
(Boredom)","Early version of ""Bored"" that's pitched down and has slight instrumental changes. Posted to Tyler's ""scumfuckflowerboy"" Instagram on July 23rd, 2016.",,,"Jul 23, 2016",Snippet,Recording,https://pixeldrain.com/u/xokgVAHq
Scum Fuck Flower Boy,"Garden Shed [V2]
(ref. Tyler, The Creator)","Studio session clips for ""Garden Shed"" that was previewed on Tyler's ""scumfuckflowerboy"" Instagram on July 11th, 2016. Appears to be from before Estelle was added to the song.",,,"Jul 11, 2016",Snippet,Recording,https://pixeldrain.com/u/1Cy9V3xh
Scum Fuck Flower Boy,"???
(Painting)","Violinists playing along to a song composed by Tyler, sounds like a separate unreleased song. Posted to Tyler's ""scumfuckflowerboy"" Instagram on June 17th, 2016.",,,"Jun 17, 2016",Snippet,Recording,https://pixeldrain.com/u/Sdv8jq7R
Scum Fuck Flower Boy,"⭐️🏆 ???
(Ego, My Ego)","Throwaway performed at the 2016 Golf Wang Fashion Show that was made in response to the reception of Cherry Bomb. Has the same intro melody as ""Wor"".",3:30,,"Jun 16, 2016",Full,Recording,https://pixeldrain.com/u/XiqCw5Xt
Scum Fuck Flower Boy,"911 [V25]
(911 (Instrumental))","Original version of the ""911"" instrumental, ripped straight from the 2016 Golf Wang Fashion Show. Although this instrumental predates [V1], it was completely unrelated to 911 until this point.",11:17,,"Jun 15, 2016",Beat Only,High Quality,https://pixeldrain.com/u/GwhUiwms
Scum Fuck Flower Boy,"🏆 Lips
(feat. Rae Sremmurd)","Seen on an original Flower Boy tracklist, confirmed to exist. Extremily short snippet posted to Tyler's ""scumfuckflowerboy"" Instagram on May 23rd, 2016, however went unnoticed by the community for years. Ty @pusscyeeenslime.",,,"May 23, 2016",Snippet,Recording,https://pixeldrain.com/u/2Nmpnedp
Scum Fuck Flower Boy,🏆  Mr. Lonely [V1],"Original version of ""Mr. Lonely."" This version was mentioned in FLOWER BOY: a conversation, with Tyler posting a snippet of himself recording for the song on his ""scumfuckflowerboy"" Instagram on May 21st, 2016. Some lyrics from this version were reused for ""911"". Additional lyrics posted to the freeperm archive on Jan 28, 2016 are:

""5 car garage
Full take of gas
Car for everyday of the week blowing by fast
But it means nothing, nothing, nothing
Without you shotgun""

""Booked another tour
Shows are selling out
Sound is pretty good, crowd is wildn out
But it means nothing, nothing, nothing
 Without you front row""

""Bought another house
My room is in the air
The view is floating there
We're close enough to smell the moon
But it means nothing, nothing, nothing
without your right there (brown eyes and a dead stare)""",,,"May 21, 2016",Snippet,Recording,"https://pixeldrain.com/u/gqtgKKyR
https://www.youtube.com/watch?v=WrcwcMIYpQg&t=283s
https://pixeldrain.com/u/FyUcLh7e"
Scum Fuck Flower Boy,"Who Dat Boy [V3]
(ref. Jasper) (feat. A$AP Rocky)
(Faggol, Who That Boy)","Footage of Jasper laying absolute bars over the Who Dat Boy beat, potentially as reference vocals. Posted to Tyler's 'scumfuckflowerboy' Instagram on the May 17th, 2016.",,,"May 17, 2016",Snippet,Recording,https://pixeldrain.com/u/TCmwgGTu
Scum Fuck Flower Boy,"Bloom
(Whoville)","Original version of ""Whoville"" previewed on Tyler's ""scumfuckflowerboy"" Instagram on May 16th, 2016. This was supposed to be the original intro to Flower Boy, but Tyler thought this sounded too much like ""WOLF,"" so he scrapped it and later reused it for the Grinch EP.",1:14,,"May 16, 2016",Snippet,Recording,https://pixeldrain.com/u/dzJrgMbv
Scum Fuck Flower Boy,"Who Dat Boy [V2]
(feat. A$AP Rocky)
(Faggol, Who That Boy)","Video of ""Who Dat Boy"" taken at a studio session with A$AP Rocky vocals, posted to Tyler's ""scumfuckflowerboy"" Instagram on May 12th, 2016.",,,"May 12, 2016",Snippet,Recording,https://pixeldrain.com/u/YipXKeQ5
Scum Fuck Flower Boy,"Cruising [V1]
(Droppin' Seeds, Garden Cruising)","Early instrumental to ""Cruising"" that was previewed on Tyler's ""scumfuckflowerboy"" Instagram.",,,"May 6, 2016",Snippet,Recording,https://pixeldrain.com/u/PmN2Pw2S
Scum Fuck Flower Boy,"Bored [V1]
(Boredom)","Earliest known version of ""Bored"" that was previewed on Tyler's ""scumfuckflowerboy"" Instagram on May 2nd, 2016.",,,"May 2, 2016",Snippet,Recording,https://pixeldrain.com/u/uLopuZRt
Scum Fuck Flower Boy,"Spoon [V1]
(Foreword)","Early version of ""Foreword"" with slightly different instrumentals, previewed on Tyler's ""scumfuckflowerboy"" Instagram on May 2nd, 2016.",,,"May 2, 2016",Snippet,Recording,https://pixeldrain.com/u/stvbEbQf
Scum Fuck Flower Boy,Garden Shed [V1],"Very early version of the ""Garden Shed"" instrumental that was previewed on Tyler's ""scumfuckflowerboy"" Instagram on April 30th, 2016.",,,"Apr 30, 2016",Snippet,Recording,https://pixeldrain.com/u/crjBvZ5W
At Your Own Risk [V1],⭐️ Waffles (1/2) [V1],"Track 9 on At Your Own Risk [V1], made in 2006. Reused by Skoolie300 for his song, ""Serv It Up."" Prince & Kelis are fake features. Tyler mentioned this in an interview with Zane Lowe in 2025, stating that the song was made in 2005 or 2006 & it was ""terrible shit.""",3:23,,"Dec 20, 2015",Full,High Quality,https://pixeldrain.com/u/Jri6SnJS
Personal Stash,Too Hot To Handle,"Personal Stash track, made in 2007, came from one of Skoolie300's friends. Interpolates ""My Humps"" by Black Eyed Peas.",2:50,2007,"Dec 14, 2015",Full,High Quality,https://pixeldrain.com/u/WkrzJHy4
WOLF [V3],"IFHY [V1]
(Passive Aggressive)","Snippet posted to Vine in early 2013, very early in production but slightly more developed than the previous snippet. Rediscovered on June 19th, 2026.",,,"Jun 5, 2015",Snippet,Recording,LINK NEEDED
WOLF [V3],"IFHY (Remix)
(Passive Aggressive)","Snippet posted to Vine in early 2013, very early in production. Rediscovered on June 19th, 2026.",,,"Jun 5, 2015",Snippet,Recording,LINK NEEDED
At Your Own Risk [V1],⭐ Air Balloon (1/2) [V3],"Track 2 on At Your Own Risk [V1], made and posted onto MySpace in 2006. Shown on a poll alongside ""Odd Future"", ""I Dream"", ""Supreme"", & ""Speakerboxx"". Reused on Stereo-Type as indicated by tagging. Pharrell Williams is a fake feature.",3:46,2006,"May 16, 2015",OG File,CD Quality,https://pixeldrain.com/u/x66k4fob
WOLF [V2],"Answer [V2]
(Phone Call)","Original version, included on the WOLF Documentary CD. Pitched down and includes additional background vocals.",2:11,,"Nov 7, 2014",Full,CD Quality,https://pixeldrain.com/u/YdfhjJNX
WOLF [V2],⭐️ Girl45,"Loose WOLF [V2] beat, made in 2011 - 2012 & included on the WOLF Documentary CD. This is not an early version or rough draft for ""Answer"", like many people believe. Both songs have their similarities, though.",2:13,,"Nov 7, 2014",Full,CD Quality,"https://pixeldrain.com/u/6iLjdutT
https://www.youtube.com/watch?v=NMp1T_sMjzw"
Radio Arcade,"Highlighter [V3]
(Purple X Toys (1/2), Pink + Blue, Highliter)","Radio Arcade version, made in 2007 & posted onto imeem on February 14th, 2008. Later rapped over by Hodgy Beats for an unused Dena Tape track of the same name. Description reads: ""i think of pens when i here this because it has no snare"".",4:17,2007,"Nov 5, 2014",Full,CD Quality,https://pixeldrain.com/u/RiY559Sb
Cherry Bomb,"AYERS [V2]
(FIND YOUR WINGS, ROY512)","Demo version of ""FIND YOUR WINGS"" that was randomly uploaded to YouTube in 2014. Seemingly has some demo vocals from Tyler, with no vocals from Kali Uchis yet. Potentially from a lost Mobil stream, source is currently unknown.",1:40,,"Aug 24, 2014",Full,Recording,https://pixeldrain.com/u/MNuqUmCo
Cherry Bomb,"???
(Mexico)","Cherry Bomb-era song, made in 2014, written an hour before the show, and played live at Centro Dinámico Pegaso in Toluca, Mexico.",1:10,,"Aug 16, 2014",Full,Recording,https://pixeldrain.com/u/YXozhDKL
Ace,✨ Nino,"Beat made in 2008. Later reworked under the name ""Tyler FL 3"".",2:55,2008,"Jul 3, 2014",Full,CD Quality,https://pixeldrain.com/u/hF6UwXsP
Ace,Phil,"Beat made in 2008. Named after Tyler's producing teacher, Philip Winden.",0:42,2008,"Jul 3, 2014",Full,CD Quality,https://pixeldrain.com/u/AZM7auaX
Eargasm,"✨ Hang Up
(Moonlight (Instrumental))","Track 18 on Eargasm, made on November 20th, 2007. Used in a MySpace video freestyle called ""Hang Up"" by Casey Veggies and later reused as the instrumental to ""Moonlight"" by Earl Sweatshirt.",3:29,"Nov 20, 2007","Jul 3, 2014",Full,High Quality,https://pixeldrain.com/u/qyzeLAvM
Ace,Basement,"Beat made in an unknown year. Speculated to be made in 2007 but there's no evidence to support this, tagged.",2:22,,"Jun 24, 2014",Tagged,CD Quality,https://pixeldrain.com/u/onWrTxZF
Ace,Song A,Beat made in an unknown year. Tagged.,1:37,,"May 5, 2014",Tagged,CD Quality,https://pixeldrain.com/u/yXXpaD4L
Cherry Bomb,"???
(APRIL 4TH IS AN IMPORTANT DAY)",Unnamed beat played in the background of an Illegal Civ YouTube video.,,,"Mar 21, 2014",Partial,Recording,https://pixeldrain.com/u/EnJJarKU
Ace,808,"Beat made on September 28th, 2007, leaked alongside Highligher by Hodgy Beats.",3:00,"Sep 28, 2007","Nov 5, 2013",Full,CD Quality,https://pixeldrain.com/u/DFeG5XCE
WOLF [V3],"Rusty [V2]
(add. Syd)","Version of ""Rusty"" with Syd's backing vocals, may or may not exist. Seen in the WOLF Movie Tralier.",,,"Sep 2, 2013",Snippet,High Quality,https://pixeldrain.com/u/m8v8S4UE
Ace,"Shuffle [V1]
(My Song 10)","Beat made on December 7th, 2007. One of the songs recovered from an email, originally leaked under the name ""My Song 10"".",0:36,"Dec 7, 2007","Dec 2, 2012",Full,High Quality,https://pixeldrain.com/u/J8XwJQS7
At Your Own Risk [V1],✨ Freezer Box,"At Your Own Risk [V1] track, made in early 2006. Didn't make the tracklist. Tagged with an alternate At Your Own Risk cover that shares the same source image as the Dreams In 3-D Cover.",3:23,2006,"Dec 2, 2012",Full,CD Quality,https://pixeldrain.com/u/oPsDnRcZ
Eargasm,✨ Celery Sticks,"Eargasm track, made on September 20th, 2007 and posted onto imeem on February 14th, 2008. Originally thought to be Gloomy Radio for a while, but new evidence proved otherwise.",2:47,"Sep 20, 2007","Dec 2, 2012",Full,CD Quality,https://pixeldrain.com/u/VoPbRK9J
Bodega,✨ 1234,"Track 13 on Bodega, made on December 11th, 2007 and rapped over by Jack Mushroom & Skoolie300.",1:15,"Dec 11, 2007","Dec 2, 2012",Full,High Quality,https://pixeldrain.com/u/38jMsmxR
WOLF [V1],"Wolf [V1]
(add. Hodgy Beats)
(WolfSwag)","WOLF [V1] track, made sometime in December 2009 (according to Tyler himself on Twitter) and leaked on October 4th, 2012 as an untitled song. Has background vocals from Jasper Dolphin.",1:18,Dec 2009,"Oct 4, 2012",Full,CD Quality,https://pixeldrain.com/u/iZwVyd1C
WOLF [V2],Domo23 [V2],"Version of ""Domo23"" without a hook, was performed live in 2012 while the song was still being worked on. Was under the fake name ""Ativa,"" which was probably meant to be called Sativa, since that strain of weed gets you energized.",1:37,,"Sep 2, 2012",Full,Recording,https://pixeldrain.com/u/S7TWdHSA
WOLF [V2],Cherie,"Loose WOLF [V2] beat, played on Animal Collective Radio in mid-August 2012 after Tyler sent them beats. Was thought to have been leaked in full, but this was a fake file from Abe.",,,"Aug 12, 2012",Partial,CD Quality,https://pixeldrain.com/u/rpoiDBD5
Goblin,"⭐️ Hey You
(prod. Toro Y Moi)","Loose Goblin song that was made in the same sessions as ""WSUP"" on August 1st, 2011, leaked by Toro's engineer. Publically recognized by both Tyler himself & the Odd Future tumblr.",2:38,"Aug 1, 2011","Jul 18, 2012",Full,High Quality,https://pixeldrain.com/u/Lmm85tNf
WOLF [V2],???,"Recording of Tyler making a beat on Ustream while Hodgy rolls and smokes a blunt, dated July 5th, 2012.",2:27,"Jul 5, 2012","Jul 6, 2012",Full,Recording,https://pixeldrain.com/u/YgWTBEyx
WOLF [V2],"Awkward [V2]
(Sprung)","Demo version, played during Tyler's Summer Camp Mix 2012. Seemingly the same as release, just with a lowpass filter over it and unmixed vocals. Unknown what other changes exist.",,,"Jul 3, 2012",Snippet,High Quality,https://pixeldrain.com/u/cACVe8xu
The Dead Sams,"Samuel's Song [V1]
(Camp Nilbog)","Initial version, shown at the end of the Sam Is Dead music video. File ripped from the music video.",,,"Jun 28, 2012",Partial,High Quality,https://pixeldrain.com/u/sY3QS2Ff
The Blair Bitch Project,"Tyler Is Black
(Bitches Brewin' (Instrumental))","Instrumental to ""Bitches Brewin'"", made on May 22nd, 2008.",2:47,"May 22, 2008","Apr 23, 2012",Full,CD Quality,https://pixeldrain.com/u/ooS229LE
At Your Own Risk [V1],"⭐ Get Fresh
(feat. Burtono)","Track 6 on At Your Own Risk [V1], made in 2005. Considered the first leaked track with Tyler vocals and a real feature, referred to as the ""Remix to the blox hit Get Fresh!"" on the At Your Own Risk cover.",3:02,2005,"Apr 8, 2012",Full,High Quality,https://www.mediafire.com/file/2d4dqmv98p67d7j/Get_Fresh_%28Feat._Mr_Burtono%29.mp3
WOLF [V1],"⭐ Skut
(Lucky Charms, Slut)","WOLF [V1] track that Tyler hates, shares lyrics with ""Chordaroy"" by MellowHype. Originally leaked on Odd Future Unreleased under the fake name, ""Lucky Charms.""",3:49,,"Mar 31, 2012",Full,CD Quality,https://pixeldrain.com/u/ntY4z2SN
Ace,"Herpes On My Lip [V1]
(Supersonic)","Joke song, made sometime between September 7th & 17th, 2007. Tyler recorded this at school and got in trouble for it.",2:04,"Sep 7, 2007","Feb 17, 2012",Full,Low Quality,https://pixeldrain.com/u/Hv5SZHKy
Bodega,"🗑️ Skoolie300 - Breez
(feat. Tyler, The Creator)
(Blow)","Skoolie300 song with a Tyler feature that uses the ""Blow"" instrumental, made during the Bodega era.",3:00,2008,"Feb 17, 2012",Full,CD Quality,https://pixeldrain.com/u/o8oqMrXu
Dinosaur,⭐ Fuck This Election,"OG Filename: Fuck This Election
Dinosaur track, released in November 2008. Samples ""Sleeping In A Jar"" by Frank Zappa and interpolates the beginning of ""Meat Grinder"" by Madvillain. One of the files posted by Matt Martians on his Twitter on January 19th, 2013.",3:16,,"Jan 14, 2012",Full,High Quality,https://pixeldrain.com/u/Kk3VJ99w
Dinosaur,🗑️ Furb Set Anthem,"One of Dinosaur's joke songs, recorded on May 5th, 2009. Mentioned by Tyler on November 14th, 2013.",3:26,"May 5, 2009","Dec 1, 2011",Full,CD Quality,https://pixeldrain.com/u/b3Hzn4Vu
Dinosaur,"Domo Genesis - Heart Of Gold [V1]
(feat. Tyler, The Creator) (prod. Left Brain)","Domo Genesis song, posted onto MySpace.",3:56,,"Sep 20, 2011",Full,Low Quality,https://pixeldrain.com/u/6rQDsEUB
WOLF [V1],Tron Cat [V2],"OG Filename (maybe): troncat_rough_1
Original version, recorded on March 5th, 2010. Contains different vocal mixing, doesn't have the Dr. TC outro & has a different beat-switch with different mixing. This version was played on the Key Club video from the Odd Future YouTube & later leaked by Taco Bennett on April 29th, 2011. The leak was acknowledged by Tyler on Twitter, tagged as Goblin but confirmed to be on WOLF [V1] on the Odd Future Tumblr.",4:15,"Mar 5, 2010","Apr 29, 2011",Full,CD Quality,https://pixeldrain.com/u/rw9bhBnc
WOLF [V1],"???
(feat. Taco Bennett) (prod. Tyler, The Creator, Left Brain & Om'Mas Keith)
(I'm Beamin (Remix / Improv))","Video of Tyler, Om'Mas Keith, Left Brain & Hodgy Beats messing around in Keith's studio for six minutes.",6:22,,"Oct 26, 2010",Full,Low Quality,https://pixeldrain.com/u/XTHice7i
Rolling Papers,"Drunk [V2]
(prod. Tyler, The Creator)",Version with different mixing. Snippet was posted on Odd Future's youtube channel.,2:40,,"Jul 7, 2010",Partial,High Quality,https://pixeldrain.com/u/kC3aaAqt
BASTARD,"🗑️ Auto Tuned
(feat. Hodgy Beats) (prod. Syd)","Loose Bastard song with a Hodgy feature and production by Syd, stated by LaVish that Tyler hates this song.",5:05,,"Feb 7, 2010",Full,CD Quality,https://pixeldrain.com/u/ZkY7qr7F
The Au79,"Untitled 63
(Jazz 63)","Made for The Au79 in 2009, scrapped and repurposed for the deluxe version of Goblin.",1:06,,"Mar 17, 2009",Full,Lossless,https://pixeldrain.com/u/9mhWRkV4
Dinosaur,⭐ Fuck Love,"Rough Dinosaur track, made & released on March 4th, 2009. Roughly ties into the Sarah storyline.",1:48,"Mar 4, 2009","Mar 4, 2009",Full,High Quality,https://pixeldrain.com/u/sWYFtRJr
Dinosaur,The Fuck You Bunch [V2],"Loose Dinosaur beat, made in December 2008. Snippet leaked under the name ""Fuck You Bunch"", but this is not that track. Tyler mentioned making this beat to go with the ""stop motion music video"" on Nuts and Bolts. Mentioned in the Sippin' On Some Syrup freestyle.",,,"Feb 9, 2009",Snippet,Low Quality,https://pixeldrain.com/u/ZKvEGp8q
III TV Cab Thief,"⭐ Fuck Santa
(2H)","OG Filename: 2h
Ill TV Cab Thief song, posted onto Hypebeast on December 17th, 2008. One of the files posted by Matt Martians on his Twitter on January 19th, 2013.",3:52,"Dec 16, 2008","Dec 17, 2008",Full,High Quality,https://pixeldrain.com/u/SQB4bHbr
Dinosaur,"⭐ Friend Zone
(Friends Zone)","Dinosaur track, posted onto Hypebeast on October 6th, 2008.",1:56,,"Oct 6, 2008",Full,CD Quality,https://pixeldrain.com/u/XasyWKaz
The OF Tape Vol. 1,"Raw (Freestyle)
(What Ya Life Like, The Life Like)","Supposed to be Track 11 on The Odd Future Tape, has Tyler freestyling over the ""What Ya Life Like"" instrumental. Posted onto Hypebeast on August 11th, 2008. Casey rapped on the beat and DeShay has a remix to the song.",3:13,,"Aug 11, 2008",Full,Low Quality,https://pixeldrain.com/u/SngVCpfk
The OF Tape Vol. 1,"A Milli (Freestyle) [V2]
(prod. Bangladesh)
(A Millie, A Millie Lean Mix)","Odd Future Tape-era track, released onto Hypebeast in 2008, also called ""A Milli Lean Mix by Tyler, The Creator"" by Anwar.",3:15,2008,"Jun 2, 2008",Full,High Quality,https://pixeldrain.com/u/dJ6dpyBt
I Smell Panties,🗑️ Lilo Fucks Stitch,"I Smell Panties song, the only song uploaded to an album titled ""CVH"" on MySpace. Uploaded on May 5th, 2008, album folder was made on May 4th, 2008. Tagged with a photo of some Lilo & Stitch Rule 34.",0:54,2008,"May 5, 2008",Full,Low Quality,https://pixeldrain.com/u/8PdwKsSC
