Era,Name,Notes,Release Date,Length,Type,Song Status,Streaming,Link(s)
"5 Released
0 Privated
1 Deleted
0 Lost",Ace,"(2004 - 2012) (as Ace, Ace Creator, Ace, The Creator, thrashpolo)
This is an umbrella era for any song that isn’t on any album, while Ace was either still uploading music to his MySpace & imeem accounts, or just whenever Ace was last used.",,,,,,
Ace,"Casey Veggies - Odd
(prod. Tyler, The Creator)
(Odd Toddlers)","Track 7 on Customized Greatly Vol. 1 by Casey Veggies, technically a remix of Odd Toddlers using its original beat. Might be a fake WAV.","Mar 29, 2008",3:42,Production,Released,No,https://pixeldrain.com/u/fD1b7rXM
Ace,"Casey Veggies - I Don't Know (Skit)
(feat. Anwar Carrots & Tyler, The Creator) (prod. Tyler, The Creator)","Track 10 on Customized Greatly Vol. 1 by Casey Veggies, contains an interview conducted by Anwar Carrots. Might be a fake WAV.","Mar 29, 2008",3:55,Feature,Released,No,https://pixeldrain.com/u/BW9GZdeD
Ace,"Casey Veggies - Why Don't We Fall In Love
(feat. Tyler, The Creator) (prod. Rich Harrison)","Track 12 on Customized Greatly Vol. 1 by Casey Veggies, features Tyler on a remix of Amerie's ""Why Don’t We Fall In Love"". Might be a fake WAV.","Mar 29, 2008",2:30,Feature,Released,No,https://pixeldrain.com/u/MJtPkNqK
Ace,"JHawk - Summa Luv
(feat. Tyler, The Creator & Hodgy Beats) (prod. JHawk)","JHawk single, released on July 11th, 2008. Features Tyler & Hodgy Beats.","Jul 11, 2008",4:27,Feature,Released,Yes,https://pixeldrain.com/u/6y7du2MU
Ace,"Skoolie300 - Hello
(prod. Tyler, The Creator)",Track 2 on After Skool Volume: 1 by Skoolie300.,"Jul 13, 2008",1:44,Production,Deleted,No,
Ace,"90's Kids - Spin The Bottle
(prod. Tyler, The Creator)","90's Kids song, posted to HotBoy's old YouTube ""hotboy90zkid"" on September 18, 2008 & rediscovered in 2023. Produced by Tyler.","Sep 18, 2008",1:38,Production,Released,No,https://pixeldrain.com/u/iDVrN5Lg
"2 Released
0 Privated
15 Deleted
0 Lost","The Odd Future Tape
(Collaboration with Odd Future)
(The FUCKING Tape)","(2007 - 2008) (as Ace, Ace Creator, & Tyler Creator)
The Odd Future Tape is the debut mixtape from Odd Future, released on November 16, 2008.",,,,,,
,Album Tracks,,,,,,,
The Odd Future Tape Vol. 1,The Tape Intro,Track 1 on The Odd Future Tape.,"Nov 16, 2008",3:03,Album Track,Deleted,No,https://pixeldrain.com/u/ruRSTQez
The Odd Future Tape Vol. 1,"Odd Toddlers [V1]
(feat. Casey Veggies)
(Odd Remix)","Track 2 on The Odd Future Tape, originally posted onto imeem on February 22nd, 2008 under ""Odd Remix"". Description reads: ""a remake tyler did to Casey Veggies ""ODD"" Prod by Tyler the creator"".","Nov 16, 2008",3:36,Album Track,Deleted,No,https://pixeldrain.com/u/RcVMjetR
The Odd Future Tape Vol. 1,"The Super 3 - Laxin
(feat. Hodgy Beats) (add. Tyler, The Creator)",Track 3 on The Odd Future Tape.,"Nov 16, 2008",1:31,Album Track,Deleted,No,https://pixeldrain.com/u/EApGB7p5
The Odd Future Tape Vol. 1,"Casey Veggies - Back For Another One
(feat. Tyler, The Creator) (prod. Tyler, The Creator)",Track 4 on The Odd Future Tape.,"Nov 16, 2008",3:30,Album Track,Deleted,No,https://pixeldrain.com/u/uxQ12VjU
The Odd Future Tape Vol. 1,"Hodgy Beats - Bubble Gum
(feat. Tyler, The Creator & Casey Veggies) (prod. The Super 3)","Track 5 on The Odd Future Tape. When this tape was rereleased, this file got corrupted, so the file was truncated to 1:56.","Nov 16, 2008",4:26,Album Track,Deleted,No,https://pixeldrain.com/u/asjmgmBo
The Odd Future Tape Vol. 1,Fucking Lame,Track 6 on The Odd Future Tape.,"Nov 16, 2008",2:26,Album Track,Deleted,No,https://pixeldrain.com/u/gMFXPM6i
The Odd Future Tape Vol. 1,"Left Brain - Pimp Slap
(feat. Tyler, The Creator & Hodgy Beats)",Track 7 on The Odd Future Tape.,"Nov 16, 2008",4:04,Album Track,Deleted,No,https://pixeldrain.com/u/8Fjs5AWN
The Odd Future Tape Vol. 1,Bitches Brewin',Track 8 on The Odd Future Tape.,"Nov 16, 2008",2:47,Album Track,Deleted,No,https://pixeldrain.com/u/Th4V4Tzh
The Odd Future Tape Vol. 1,"Casey Veggies - The Life Like
(prod. Tyler, The Creator)",Track 11 on The Odd Future Tape.,"Nov 16, 2008",3:13,Album Track,Deleted,No,https://pixeldrain.com/u/XY7cd1zL
The Odd Future Tape Vol. 1,"Slow It Down [V1]
(feat. Hodgy Beats)",Track 13 on The Odd Future Tape.,"Nov 16, 2008",3:08,Album Track,Deleted,No,https://pixeldrain.com/u/S2dWDGis
The Odd Future Tape Vol. 1,"Casey Veggies - Remember Me
(feat. Tyler, The Creator) (prod. Tyler, The Creator)",Track 14 on The Odd Future Tape.,"Nov 16, 2008",3:39,Album Track,Deleted,No,https://pixeldrain.com/u/MDGaCyuu
The Odd Future Tape Vol. 1,"I Smell Panties - Lisa
(prod. Tyler, The Creator)","Track 16 on The Odd Future Tape. When this tape was rereleased, this file got corrupted, so the file was truncated to 1:52.","Nov 16, 2008",5:09,Album Track,Deleted,No,https://pixeldrain.com/u/nnfSMun6
The Odd Future Tape Vol. 1,Fin,Track 17 on The Odd Future Tape.,"Nov 16, 2008",5:15,Album Track,Deleted,No,https://pixeldrain.com/u/vNZM7Dzx
The Odd Future Tape Vol. 1,"Commercial
(feat. Casey Veggies)",Track 18 on The Odd Future Tape.,"Nov 16, 2008",2:52,Album Track,Deleted,No,https://pixeldrain.com/u/DySTm5Jw
The Odd Future Tape Vol. 1,Dracula,Track 19 on The Odd Future Tape.,"Nov 16, 2008",2:14,Album Track,Deleted,No,https://pixeldrain.com/u/y42vuVG6
,Loose,,,,,,,
The Odd Future Tape Vol. 1,"brandUn DeShay - Orange GumDrops
(prod. Tyler, The Creator)
(Odd Future Pt. 2)","Track 5 on Volume: One! For The Money by brandUn DeShay, uses the Odd Future Pt. 2 beat by Tyler.","Oct 14, 2008",2:19,Production,Released,Yes,https://pixeldrain.com/u/FjqWCEbS
The Odd Future Tape Vol. 1,"brandUn DeShay - Odd Future Freestyle
(prod. Tyler, The Creator)
(Lounges X Blox, Lounges And Blox)","Track 15 on Volume: One! For The Money by brandUn DeShay, uses the Lounges X Blox beat by Tyler.","Oct 14, 2008",1:44,Production,Released,Yes,https://pixeldrain.com/u/z5fRMqAq
"3 Released
0 Privated
9 Deleted
0 Lost","Dinosaur
(Dinosaur EP, Bastard [V1])","(Late 2008 - Mid 2009) (as Ace & Ace Creator)
Dinosaur is a Tyler project that was set to release in March 2009 before being delayed, then scrapped in fall of the same year for Bastard. Tyler has stated on Twitter in 2010 that this project later became Bastard & that he still had a bunch of rough drafts from ""what it would have been.""",,,,,,
Dinosaur,"Snakes (Remix)
(prod. John Holland)
(Dirt)","Remix of ""Dirt"" by SALEM, released on January 12th, 2009. This is only called ""Snakes (Remix)"" instead of ""Dirt (Remix)"" because Tyler has a version of the album this song came from with mislabeled song titled (which can still be found today).","Jan 12, 2009",3:32,Remix,Deleted,No,https://pixeldrain.com/u/E5qpsVgC
Dinosaur,"brandUn DeShay - More Ovaltine Please
(prod. Tyler, The Creator)
(Stranger Stranger)","Track 5 on Volume: Two! For The Show by brandUn DeShay, uses the Stranger Stranger beat by Tyler.","Feb 23, 2009",2:37,Production,Deleted,Yes,https://pixeldrain.com/u/3E3eWvji
Dinosaur,"brandUn DeShay - What's So Fxckin Funny
(feat. Tyler, The Creator)","Track 17 on Volume: Two! For The Show by brandUn DeShay, has a very low quality Tyler verse that was taken from the song above.","Feb 23, 2009",4:56,Feature,Deleted,Yes,https://pixeldrain.com/u/SXPWoDXQ
Dinosaur,"Hodgy Beats - Tapetro
(prod. Tyler, The Creator)
(The Tape Intro)","Track 1 on The Dena Tape by Hodgy Beats, uses the instrumental to ""The Tape Intro"" from The Odd Future Tape.","Jul 7, 2009",2:11,Production,Deleted,No,https://pixeldrain.com/u/GdQT5zXo
Dinosaur,"Hodgy Beats - Biscuits
(add. Tyler, The Creator) (prod. Tyler, The Creator)",Track 5 on The Dena Tape by Hodgy Beats. Produced by Tyler.,"Jul 7, 2009",3:04,Production,Deleted,No,https://pixeldrain.com/u/FoSLYk4c
Dinosaur,"Hodgy Beats - Customized Greatly
(add. Tyler, The Creator) (prod. Tyler, The Creator)",Track 7 on The Dena Tape by Hodgy Beats. Produced by Tyler.,"Jul 7, 2009",5:02,Production,Deleted,No,https://pixeldrain.com/u/u5tKiNC3
Dinosaur,"Hodgy Beats - April Fools
(prod. Tyler, The Creator)",Track 16 on The Dena Tape by Hodgy Beats. Produced by Tyler.,"Jul 7, 2009",3:43,Production,Deleted,No,https://pixeldrain.com/u/si5N8Pkd
Dinosaur,"Hodgy Beats - Sorry
(prod. Tyler, The Creator)
(Sorry....)",Track 22 on The Dena Tape by Hodgy Beats. Produced by Tyler.,"Jul 7, 2009",4:26,Production,Deleted,No,https://pixeldrain.com/u/7E6ghvz7
Dinosaur,"Casey Veggies - Networking
(prod. Tyler, The Creator)",Track 9 on Customized Greatly Vol. 2 by Casey Veggies. Produced by Tyler.,"Aug 22, 2009",3:42,Production,Released,Yes,https://pixeldrain.com/u/4QchKL18
Dinosaur,"Casey Veggies - Finally Something Different
(prod. Tyler, The Creator)",Track 17 on Customized Greatly Vol. 2 by Casey Veggies. Produced by Tyler.,"Aug 22, 2009",4:49,Production,Released,Yes,https://pixeldrain.com/u/cdaKgTrq
Dinosaur,"Rest Stop Flow [V1]
(feat. brandUn DeShay & Casey Veggies) (prod. Beats4Clothes)","Single recorded sometime in 2009 & released on August 26th, 2010, features brandUn DeShay & Casey Veggies.","Aug 26, 2010",2:45,Single,Deleted,No,https://pixeldrain.com/u/wUk7DSdk
Dinosaur,"Let's Dance
(prod. James Pants)
(Rhythm Track 1-3)","Rough draft from Bastard (Dinosaur, since Tyler groups everything together), used for the VCR music video & released for the one year anniversary for Bastard (December 26th, 2010 at 8:33 PM). Uses the instrumental to “Rhythm Track 1-3” by James Pants. Was planned to be used on Radical at some point.","Dec 26, 2010",3:49,Throwaway,Released,No,https://pixeldrain.com/u/5KF579yr
"4 Released
0 Privated
14 Deleted
0 Lost",Bastard,"(2009) (as Tyler, The Creator)
Bastard is Tyler's first mixtape and his debut studio album, released on December 25, 2009. An updated version of this album was released on the same day in 2010. Likely started in September or October of 2009.",,,,,,
,Album Tracks,,,,,,,
Bastard,Bastard,Track 1 on Bastard. Reused on 12 Odd Future Songs.,"Dec 25, 2009",6:09,Album Track,Released,Yes,https://pixeldrain.com/u/wzb8gzVS
Bastard,"Seven
(Se7en)",Track 2 on Bastard.,"Dec 25, 2009",3:29,Album Track,Deleted,No,https://pixeldrain.com/u/ogVApjCd
Bastard,"Odd Toddlers [V2]
(feat. Casey Veggies)","Track 3 on Bastard, has alternate mixing.","Dec 25, 2009",3:36,Album Track,Deleted,No,https://pixeldrain.com/u/SkmDNWZZ
Bastard,"French!
(feat. Hodgy Beats)",Track 4 on Bastard. Reused on 12 Odd Future Songs.,"Dec 25, 2009",4:03,Album Track,Released,Yes,https://pixeldrain.com/u/LeMwrujj
Bastard,"Blow
(add. Syd)",Track 5 on Bastard.,"Dec 25, 2009",2:55,Album Track,Deleted,No,https://pixeldrain.com/u/9kNH3GYZ
Bastard,"Pigs Fly
(feat. Domo Genesis)",Track 6 on Bastard.,"Dec 25, 2009",3:35,Album Track,Deleted,No,https://pixeldrain.com/u/9rNgjgpF
Bastard,Parade,Track 7 on Bastard.,"Dec 25, 2009",2:23,Album Track,Deleted,No,https://pixeldrain.com/u/gymVEc5q
Bastard,"Slow It Down [V2]
(feat. Hodgy Beats)","Track 8 on Bastard, has alternate mixing.","Dec 25, 2009",3:08,Album Track,Deleted,No,https://pixeldrain.com/u/DXB1u1ig
Bastard,"AssMilk
(feat. Earl Sweatshirt)",Track 9 on Bastard.,"Dec 25, 2009",3:40,Album Track,Deleted,No,https://pixeldrain.com/u/qYCrfP9R
Bastard,"VCR / Wheels
(add. Earl Sweatshirt)",Track 10 on Bastard. Reused on 12 Odd Future Songs.,"Dec 25, 2009",3:28,Album Track,Released,Yes,https://pixeldrain.com/u/AwZh2s4o
Bastard,"Session [V1]
(feat. Hodgy Beats & brandUn DeShay)",Track 11 on the original 2009 release of Bastard.,"Dec 25, 2009",3:29,Album Track,Deleted,No,https://pixeldrain.com/u/hfo2znSJ
Bastard,Sarah,Track 12 on Bastard.,"Dec 25, 2009",4:47,Album Track,Deleted,No,https://pixeldrain.com/u/E8ACmyKz
Bastard,Jack & The Beanstalk,"Track 13 on Bastard. Previously released on ""The Hype Club"" mixtape on HypeBeast.","Dec 25, 2009",3:51,Album Track,Deleted,No,https://pixeldrain.com/u/xkZpCutv
Bastard,"Tina
(feat. Jasper Dolphin & Taco)",Track 14 on Bastard.,"Dec 25, 2009",3:07,Album Track,Deleted,No,https://pixeldrain.com/u/vtK8FGci
Bastard,"Inglorious
(add. Hodgy Beats)",Track 15 on Bastard.,"Dec 25, 2009",4:04,Album Track,Deleted,No,https://pixeldrain.com/u/ZNtxs2Xe
Bastard,"Session [V2]
(feat. Hodgy Beats & Mike G)","Track 11 on the 2010 reissue of Bastard, replaces brandUn with Mike G. Has alternate mixing as well.","Dec 25, 2010",3:35,Album Track,Deleted,No,https://pixeldrain.com/u/NniMPj3w
,Loose,,,,,,,
Bastard,"Mike G - Timeless
(feat. Tyler, The Creator) (prod. Left Brain)","Mike G single, posted onto his Blogspot on December 7th, 2009. Later released as track 2 on Ali on April 13th, 2010. Features Tyler. Mike G said ""as much as I wish it was, this beat was NOT MADE FOR ME! This is definatly a Mellowhype track.""","Dec 7, 2009",3:11,Feature,Released,Yes,https://pixeldrain.com/u/A8zRq2ge
Bastard,Dem Hoes,"Rough draft from Bastard, released for the one year anniversary for Bastard (December 26th, 2010 at 8:21 PM). Taken down sometime in January 2025, exact date unknown.","Dec 26, 2010",1:11,Throwaway,Deleted,No,https://pixeldrain.com/u/Ff7bUFE2
"0 Released
0 Privated
8 Deleted
0 Lost","EARL
(Album by Earl Sweatshirt)","(2009 - 2010) (as Wolf Haley & Ace Creator)
Earl is Earl Sweatshirt's debut mixtape, released on March 3rd, 2010. This era mainly contains a bunch of beats used on the project.",,,,,,
Earl,"Earl Sweatshirt - Thisniggaugly
(add. Tyler The Creator & Taco) (prod. Tyler, The Creator)",Track 1 on EARL.,"Mar 3, 2010",1:18,Production,Deleted,No,https://pixeldrain.com/u/axjgvEZB
Earl,"Earl Sweatshirt - EARL
(add. Tyler The Creator & Taco) (prod. Tyler, The Creator)",Track 2 on EARL.,"Mar 3, 2010",2:27,Production,Deleted,No,https://pixeldrain.com/u/KTi75J2Z
Earl,"Earl Sweatshirt - Couch
(feat. Tyler, The Creator) (prod. Tyler, The Creator)","Track 3 on EARL, Tyler is credited as ""Ace Creator"".","Mar 3, 2010",3:16,Feature,Deleted,No,https://pixeldrain.com/u/iEFXrnZT
Earl,"Earl Sweatshirt - Kill
(prod. Tyler, The Creator)",Track 4 on EARL.,"Mar 3, 2010",2:20,Production,Deleted,No,https://pixeldrain.com/u/w76J6Gcj
Earl,"Earl Sweatshirt - Wakeupfaggot
(add. Syd) (prod. Tyler, The Creator)",Track 5 on EARL.,"Mar 3, 2010",0:42,Production,Deleted,No,https://pixeldrain.com/u/EhXXH1n3
Earl,"Earl Sweatshirt - Luper
(prod. Tyler, The Creator)",Track 6 on EARL.,"Mar 3, 2010",1:59,Production,Deleted,No,https://pixeldrain.com/u/Y9SoQb4Y
Earl,"Earl Sweatshirt - Moonlight
(feat. Hodgy Beats) (prod. Tyler, The Creator)",Track 8 on EARL.,"Mar 3, 2010",2:05,Production,Deleted,No,https://pixeldrain.com/u/9LuQAdT7
Earl,"Earl Sweatshirt - Pigions
(feat. Tyler, The Creator) (prod. Tyler, The Creator)","Track 9 on EARL, Tyler is credited as ""Ace Creator"".","Mar 3, 2010",3:34,Feature,Deleted,No,https://pixeldrain.com/u/aNaAq4gk
"1 Released
0 Privated
11 Deleted
0 Lost","Radical
(Collaboration with Odd Future)","(2009 - 2010) (as Tyler, The Creator)
Radical is the second mixtape by Odd Future, released on May 7, 2010. This whole project consists of Odd Future members rapping over other people's instrumentals. Also notable for being the first time the EarlWolf name would be used.",,,,,,
Radical,"Odd Future - Double Cheeseburger [V1]
(by Domo Genesis & Tyler, The Creator) (add. Jasper Dolphin) (prod. Chuck Inglish)","Single posted onto Tumblr on April 17th, 2010. Has a rougher mix than the mixtape version.","Apr 17, 2010",3:12,Single,Released,No,
Radical,"Odd Future - Intro
(by Tyler, The Creator) (prod. James Pants)","Track 1 on Radical, uses the instrumental to “Shower Party” by James Pants.","May 7, 2010",1:09,Album Track,Deleted,No,https://pixeldrain.com/u/213d5GD3
Radical,"Odd Future - Splatter
(by Tyler, The Creator) (prod. The Neptunes)","Track 2 on Radical, uses the instrumental to “Skrung Owt” by Fam-Lay. Later posted onto Tumblr as a single on August 22nd, 2010.","May 7, 2010",3:20,Album Track,Deleted,No,https://pixeldrain.com/u/AdD5tngG
Radical,"Odd Future - Blade
(by Earl Sweatshirt) (add. Jasper Dolphin & Tyler, The Creator) (prod. DJ Khaled)","Track 7 on Radical, uses the instrumental to “Nothing’s Gonna Stop Me” by Terror Squad.","May 7, 2010",1:23,Album Track,Deleted,No,https://pixeldrain.com/u/4uFMZpD6
Radical,"Odd Future - Double Cheeseburger [V2]
(by Domo Genesis & Tyler, The Creator) (add. Jasper Dolphin) (prod. Chuck Inglish)","Track 8 on Radical, uses the instrumental to “Fat Raps” by King Chip.","May 7, 2010",3:11,Album Track,Deleted,No,https://pixeldrain.com/u/DnK5WtrP
Radical,"Odd Future - Ugly Girls
(by Tyler, The Creator) (prod. James Pants)","Track 10 on Radical, uses the instrumental to “Shower Party” by James Pants.","May 7, 2010",0:51,Album Track,Deleted,No,https://pixeldrain.com/u/wzQZn5R5
Radical,"Odd Future - Orange Juice
(by EarlWolf) (add. Jasper Dolphin) (prod. Bangladesh)","Track 11 on Radical, uses the instrumental to “Lemonade” by Gucci Mane.","May 7, 2010",3:51,Album Track,Deleted,No,https://pixeldrain.com/u/6Lzn3EMX
Radical,"Odd Future - Oblivion
(by Tyler, The Creator) (prod. James Pants)","Track 13 on Radical, uses the instrumental to “I Promise I Lied” by James Pants.","May 7, 2010",2:57,Album Track,Deleted,No,https://pixeldrain.com/u/9QQW4NK4
Radical,"Odd Future - Leather Head
(by Tyler, The Creator) (prod. Jeremy Glover & Liars)","Track 15 on Radical, uses the instrumental to “Leather Prowler” by The Liars.","May 7, 2010",3:20,Album Track,Deleted,No,https://pixeldrain.com/u/iyHYSCjL
Radical,"Odd Future - Up
(by Tyler, The Creator, Domo Genesis & Hodgy Beats) (prod. X.O.)","Track 16 on Radical, uses the instrumental to “Up” by Wiz Khalifa.","May 7, 2010",5:36,Album Track,Deleted,No,https://pixeldrain.com/u/cPYquXG3
Radical,"Odd Future - Swag Me Out
(by Jasper Dolphin, Left Brain, Hodgy, Earl Sweatshirt, Mike G, Taco & Tyler, The Creator) (prod. DJ Fletch)","Track 17 on Radical, uses the instrumental to “Not a Stain on Me” by Big Tuck.","May 7, 2010",7:18,Album Track,Deleted,No,https://pixeldrain.com/u/EzZyS2ZP
,Loose,,,,,,,
Radical,"TTDD - Love In Da Mall
(prod. Syd)","Throwaway joke song, made with Taco, Jasper Dolphin & Domo Genesis & posted onto Tumblr on September 19, 2010. Tumblr description reads:

""TTDD Releases Their Debut Single “ Love In Da Mall” From Their Self Titled Album. Produced By Syd Tha Kyd, Most Of You Can Relate To Love In Da Mall. Trained In Opera Vocals, TTDD Refuses To use Autotune On Any songs, So What You Hear Is From….The Soul. TTDD Dont Not Stand For ‘Take This Dick Dad’ Or 'Tyler, Taco, Davon And Domo’. It Stands For………Tyrones Titties Don’t Download (here).""","Sep 19, 2010",4:24,Throwaway,Deleted,No,https://pixeldrain.com/u/6J1szFth
"2 Released
0 Privated
10 Deleted
0 Lost","Rolling Papers
(Album by Domo Genesis)","(2009 - 2010) (as Wolf Haley & Ace Creator)
Rolling Papers is Domo Genesis's debut mixtape, released on August 30th, 2010. This era mainly contains a bunch of beats used on the project.",,,,,,
Rolling Papers,"Domo Genesis - Rolling Papers [V1]
(feat. Tyler, The Creator) (prod. Tyler, The Creator)","Single posted onto Tumblr on August 22nd, 2010. Likely the same as the mixtape version, but you really never know. Download is down, so there a slim chance it's lost. Cover is still available.","Aug 22, 2010",,Single,Deleted,No,https://oddfuture.tumblr.com/post/986509898/first-drop-from-domo-genesis-rolling-papers-album
Rolling Papers,"Domo Genesis - First Roll
(prod. Tyler, The Creator)",Track 1 on Rolling Papers by Domo Genesis.,"Aug 30, 2010",0:21,Album Track,Deleted,No,https://pixeldrain.com/u/v8rfRp3U
Rolling Papers,"Domo Genesis - Buzzin
(prod. Tyler, The Creator)",Track 2 on Rolling Papers by Domo Genesis.,"Aug 30, 2010",2:22,Album Track,Deleted,No,https://pixeldrain.com/u/4q8fGUA9
Rolling Papers,"Domo Genesis - Rolling Papers [V2]
(feat. Tyler, The Creator) (prod. Tyler, The Creator)","Track 4 on Rolling Papers by Domo Genesis, Tyler is credited as ""Wolf Haley"". Reused on 12 Odd Future Songs.","Aug 30, 2010",2:52,Album Track,Released,Yes,https://pixeldrain.com/u/pGRVaLN7
Rolling Papers,"Domo Genesis - Dreams
(prod. Tyler, The Creator & Syd)",Track 5 on Rolling Papers by Domo Genesis.,"Aug 30, 2010",1:16,Album Track,Deleted,No,https://pixeldrain.com/u/n1dyAHBD
Rolling Papers,"Domo Genesis - Cap N Crunch
(prod. Tyler, The Creator)",Track 6 on Rolling Papers by Domo Genesis.,"Aug 30, 2010",1:26,Album Track,Deleted,No,https://pixeldrain.com/u/rMbHFiwj
Rolling Papers,"Domo Genesis - SteamRoller
(feat. Hodgy Beats & Frank Ocean) (add. Tyler, The Creator) (prod. Tyler, The Creator)",Track 7 on Rolling Papers by Domo Genesis. Reused on 12 Odd Future Songs.,"Aug 30, 2010",4:42,Album Track,Released,Yes,https://pixeldrain.com/u/5DeGhtKB
Rolling Papers,"Domo Genesis - Kickin It
(prod. Tyler, The Creator)",Track 8 on Rolling Papers by Domo Genesis.,"Aug 30, 2010",2:17,Album Track,Deleted,No,https://pixeldrain.com/u/hiuYD3Zr
Rolling Papers,"Domo Genesis - Super Market
(feat. Tyler, The Creator) (prod. Left Brain)","Track 9 on Rolling Papers by Domo Genesis, Tyler is credited as ""Ace Creator"".","Aug 30, 2010",4:10,Album Track,Deleted,No,https://pixeldrain.com/u/cYBg6NVD
Rolling Papers,"Domo Genesis - Drunk
(feat. Mike G) (prod. Tyler, The Creator)",Track 10 on Rolling Papers by Domo Genesis.,"Aug 30, 2010",5:36,Album Track,Deleted,No,https://pixeldrain.com/u/JaWtUvqe
Rolling Papers,"Domo Genesis - Clear Eyes
(prod. Tyler, The Creator)",Track 11 on Rolling Papers by Domo Genesis.,"Aug 30, 2010",2:06,Album Track,Deleted,No,https://pixeldrain.com/u/VUCHNufG
Rolling Papers,"Domo Genesis - Last Roll
(prod. Tyler, The Creator)
(Suicidal Thoughts)","Track 13 on Rolling Papers by Domo Genesis, contains sampled vocals from Bob Marley. Reuses the ""Suicidal Thoughts"" instrumental from Dinosaur.","Aug 30, 2010",4:48,Album Track,Deleted,No,https://pixeldrain.com/u/RxoSoiPy
"6 Released
0 Privated
9 Deleted
0 Lost","WOLF [V1]
(WOLF 2010)","(2008 - 2011) (as Tyler Creator)
Original version of Wolf, that was worked on during Bastard and was meant to release alongside Goblin as a mixtape with both full songs and instrumentals. Eventually, the album was delayed for Tyler to focus on Goblin, but this was still being worked on. None of the songs from this iteration of the album are known to have made it onto the final version of Wolf. While yes, the era does span from 2008 - 2011, Supersonic [V2] is the ONLY tagged song that's 2008. This project started around January - February 2009 & was supposedly finished by November 11th, 2010.",,,,,,
WOLF [V1],"MellowHype - Polyurthane
(add. Tyler, The Creator) (prod. Left Brain)","Track 5 on YelloWhite by MellowHype, has vocals from Tyler, The Creator.","Feb 24, 2010",3:08,Other,Deleted,No,https://pixeldrain.com/u/4z3hnWEp
WOLF [V1],"MellowHype - BlaccFriday
(feat. Tyler, The Creator & Mike G) (prod. Left Brain)","Track 8 on YelloWhite by MellowHype, later released on streaming as track 7 on Ali by Mike G","Feb 24, 2010",3:58,Feature,Released,Yes,https://pixeldrain.com/u/cPyMuy7z
WOLF [V1],"MellowHype - Rasta
(feat. Tyler, The Creator) (prod. Left Brain & Tyler, The Creator)
(freakBass)","Track 12 on YelloWhite by MellowHype, has vocals from Tyler, The Creator (mentioned as Ace The Fucking Creator). He also did the drums.","Feb 24, 2010",2:55,Feature,Deleted,No,https://pixeldrain.com/u/z8LFQiVY
WOLF [V1],"The Jet Age of Tomorrow - Good Knight
(feat. Tyler, The Creator) (prod. The Super 3)","Track 4 on Can I Hold Your Hand? by The Jet Age of Tomorrow and a remix of The Knight Hawk. The Knight Hawk was sampled for ""ADHD"" by Kendrick Lamar.","Apr 9, 2010",1:38,Feature,Deleted,No,https://pixeldrain.com/u/QzgX2PyE
WOLF [V1],"Mike G - OkMikeG
(prod. Tyler, The Creator)
(OkayMikeg)",Track 1 on Ali by Mike G.,"Apr 13, 2010",1:38,Production,Released,Yes,https://pixeldrain.com/u/LJ2VwVds
WOLF [V1],"Hodgy Beats - Scrounge
(prod. Tyler, The Creator)","Hodgy Beats song that was produced by Tyler, made on June 9th, 2010 & released onto Tumblr on June 13th. Most likely for Hodgy's unreleased project, Damien.","Jun 13, 2010",0:55,,Deleted,No,https://pixeldrain.com/u/4jnZRurT
WOLF [V1],"Cult Shit
(prod. Madlib)","Throwaway track recorded over ""Stepping Into Tommorow"" by Madlib, using a MacBook microphone and released on Facebook & Formspring. Some lyrics were partially reused for Yonkers.","Aug 27, 2010",2:20,,Deleted,No,https://pixeldrain.com/u/VnTFk7qK
WOLF [V1],"ThisNiggaAintFunnyAtAll
(feat. Jasper Dolphin & Taco) (prod. Left Brain)","Throwaway track released on September 27, 2010, features vocals from Jasper & Taco.","Sep 27, 2010",3:12,,Released,Yes,https://pixeldrain.com/u/Qw5bhaaC
WOLF [V1],"MellowHype - Fuck the Police
(feat. Tyler, The Creator) (prod. Left Brain)
(F666 the Police)",Track 10 on BlackenedWhite by MellowHype (and track 9 on the re-release).,"Oct 31, 2010",3:12,,Released,Yes,https://pixeldrain.com/u/es4HNsfW
WOLF [V1],"MellowHype - Chordaroy
(feat. Earl Sweatshirt & Tyler, The Creator) (prod. Left Brain)",Track 11 on BlackenedWhite by MellowHype.,"Oct 31, 2010",5:01,,Deleted,No,https://pixeldrain.com/u/JjwTBGV1
WOLF [V1],"N.E.R.D. - Inside Of Clouds (Tyler, The Creator Remix)
(feat. Tyler, The Creator) (prod. The Neptunes & Tyler, The Creator)","Remix of ""Inside Of Clouds"" by N.E.R.D. that was posted to the Odd Future website on November 3rd, 2010.","Nov 3, 2010",2:44,,Deleted,No,https://pixeldrain.com/u/96w8UUcG
WOLF [V1],"Casey Veggies - DTA
(feat. Tyler, The Creator) (prod. Tyler, The Creator)",Track 10 on Sleeping in Class by Casey Veggies.,"Dec 13, 2010",4:00,,Released,Yes,https://pixeldrain.com/u/e91ouRhs
WOLF [V1],"Fuck This Christmas
(feat. Earl Sweatshirt & Hodgy Beats) (prod. Tyler, The Creator)","Throwaway song released on December 21st, 2010, taken down on everything as of right now.","Dec 21, 2010",4:29,,Deleted,No,https://pixeldrain.com/u/WCNAUKA9
WOLF [V1],"The Jet Age of Tomorrow - Betty's Room
(prod. Tyler, The Creator)",Track 11 on Journey to the 5th Echelon by The Jet Age of Tomorrow.,"Dec 31, 2010",2:34,,Deleted,No,https://pixeldrain.com/u/qeepf6Lp
WOLF [V1],"The Jet Age of Tomorrow - Welcome Home Son
(feat. Casey Veggies & Tyler, The Creator) (prod. The Super 3)",Track 17 on Journey to the 5th Echelon by The Jet Age of Tomorrow. Released on 12 Odd Future Songs in 2011.,"Dec 31, 2010",2:55,,Released,Yes,https://pixeldrain.com/u/ytZ2uPL9
"22 Released
0 Privated
8 Deleted
0 Lost",Goblin,"(2009 - 2011) (as Tyler, The Creator)
Goblin is Tyler's second studio album, released on May 10, 2011. This album is an attempt to expand upon the style that Bastard had, but falls short. Even Tyler himself says this is his worst album.",,,,,,
,Album Tracks,,,,,,,
Goblin,"Sandwitches [V1]
(feat. Hodgy Beats)","Single released on October 12th, 2010, has worse mixing & is without an intro.","Oct 12, 2010",3:54,Single,Deleted,No,
Goblin,Yonkers,"Single released on February 15th, 2011, later released as track 2 on Goblin on May 10th, 2011. Very known for the song that started Tyler's career. ""Since Kanye tweeted tellin' people he's bumpin' all of my shit.""","Feb 15, 2011",4:09,Album Track,Released,Yes,https://pixeldrain.com/u/2ybHRX2E
Goblin,Goblin,Track 1 on Goblin.,"May 10, 2011",6:48,Album Track,Released,Yes,https://pixeldrain.com/u/fCVbMLwN
Goblin,"Radicals
(add. Taco & Syd)",Track 3 on Goblin.,"May 10, 2011",7:18,Album Track,Released,Yes,https://pixeldrain.com/u/YXNmiBfZ
Goblin,"She
(feat. Frank Ocean)",Track 4 on Goblin.,"May 10, 2011",4:13,Album Track,Released,Yes,https://pixeldrain.com/u/SD1gWKLD
Goblin,"Transylvania
(prod. Left Brain)","Track 5 on Goblin, produced by Left Brain.","May 10, 2011",3:12,Album Track,Released,Yes,https://pixeldrain.com/u/Ljrm6sqi
Goblin,"Nightmare
(add. Taco)",Track 6 on Goblin.,"May 10, 2011",5:22,Album Track,Released,Yes,https://pixeldrain.com/u/jzXas8HP
Goblin,"Tron Cat
(add. Syd)",Track 7 on Goblin.,"May 10, 2011",4:13,Album Track,Released,Yes,https://pixeldrain.com/u/xiLAiVcK
Goblin,Her,Track 8 on Goblin.,"May 10, 2011",3:31,Album Track,Released,Yes,https://pixeldrain.com/u/5HuRBh66
Goblin,"Sandwitches [V2]
(feat. Hodgy Beats)",Track 9 on Goblin.,"May 10, 2011",4:51,Album Track,Released,Yes,https://pixeldrain.com/u/kbVvbBmT
Goblin,"Fish / Boppin Bitch
(add. Frank Ocean & Syd)",Track 10 on Goblin.,"May 10, 2011",6:19,Album Track,Released,Yes,https://pixeldrain.com/u/4LcP4ge4
Goblin,"Analog
(feat. Hodgy Beats)",Track 11 on Goblin.,"May 10, 2011",2:54,Album Track,Released,Yes,https://pixeldrain.com/u/5dBXLQzn
Goblin,"Bitch Suck Dick
(feat. Jasper Dolphin & Taco)
(B.S.D.)",Track 12 on Goblin.,"May 10, 2011",3:36,Album Track,Released,Yes,https://pixeldrain.com/u/Q4gfHCdx
Goblin,"Window
(feat. Domo Genesis, Frank Ocean, Hodgy Beats & Mike G)",Track 13 on Goblin. Reuses a line from Pimp Slap.,"May 10, 2011",8:00,Album Track,Released,Yes,https://pixeldrain.com/u/HAP32xgG
Goblin,AU79,Track 14 on Goblin.,"May 10, 2011",3:40,Album Track,Released,Yes,https://pixeldrain.com/u/aEW5gHG8
Goblin,"Golden
(add. Syd)",Track 15 on Goblin.,"May 10, 2011",5:43,Album Track,Released,Yes,https://pixeldrain.com/u/TLptrqL2
,Deluxe Tracks,,,,,,,
Goblin,"Burger
(feat. Hodgy Beats)",Track 16 on Goblin (Deluxe).,"May 10, 2011",3:49,Album Track,Released,Yes,https://pixeldrain.com/u/7Q63fi7F
Goblin,Untitled 63,Track 17 on Goblin (Deluxe).,"May 10, 2011",1:07,Album Track,Released,Yes,https://pixeldrain.com/u/EPCn61sw
Goblin,Steak Sauce,Track 18 on Goblin (Deluxe). Mentions Llama.,"May 10, 2011",3:22,Album Track,Released,Yes,https://pixeldrain.com/u/JavMTWhA
,Loose,,,,,,,
Goblin,"Lykke Li - I Follow Rivers - Tyler, the Creator Remix
(feat. Tyler, The Creator) (prod. Björn Yttling)",Track 16 on Wounded Rhymes (Anniversary Edition) by Lykke Li,"Jan 1, 2011",3:42,Remix,Released,Yes,https://pixeldrain.com/u/KbvtZKrM
Goblin,"Frank Ocean - swim good
(add. Tyler, The Creator) (prod. Midi Mafia)","Track 10 on nostalgia, ULTRA by Frank Ocean that later released as a single. Tyler does the 'Wow' adlibs at 0:47, 2:02 and 2:07.","Feb 26, 2011",4:16,Other,Deleted,No,https://pixeldrain.com/u/P3vZPaZw
Goblin,"Sandwitches [Clean Version / Radio Edit]
(prod. Tyler, The Creator)","Clean version of ""Sandwitches"" meant for BBC Radio.","May 3, 2011",2:30,Production,Deleted,No,https://pixeldrain.com/u/fSmXs457
Goblin,"MellowHype - Game
(feat. Tyler, The Creator) (prod. Tyler, The Creator)",Track 12 on the Australian release of BlackenedWhite by MellowHype.,"Jun 12, 2011",2:01,Feature,Deleted,No,https://pixeldrain.com/u/ZP4v9hQL
Goblin,"The Game - Martians Vs Goblins
(feat. Lil Wayne & Tyler, The Creator) (prod. 1500 or Nothin’)",Track 4 on The R.E.D. Album by The Game.,"Aug 23, 2011",3:48,Feature,Released,Yes,https://pixeldrain.com/u/KbxGNYoS
Goblin,"Odd & Twisted (Freestyle)
(with Domo Genesis) (prod. The Alchemist)","Track 11 on ""What's Poppin Volume 1"" by Peter Rosenberg & Popchips, uses the instrumental to ""Got It Twisted"" by Mobb Deep.","Sep 7, 2011",2:28,Throwaway,Deleted,No,https://pixeldrain.com/u/LSPRx5yQ
Goblin,"Domo Genesis - Whole City Behind Us
(feat. Tyler, The Creator) (prod. Kanye West)",Track 6 on Under The Influence by Domo Genesis. Uses the instrumental of Whole City Behind Us by Kanye West (feat. Ludacris & The Game).,"Sep 20, 2011",2:51,Feature,Deleted,No,https://pixeldrain.com/u/jo7D9WVs
Goblin,"Young Nigga - Come Threw Looking Clean
(prod. Tyler, The Creator)","OG Filename: YOUNG N!#%@ BNCE 1.2 (PITCH DWN ADS)
Young Nigga song that released on Odd Future's tumblr.","Sep 23, 2011",4:23,Production,Released,Yes,https://pixeldrain.com/u/ptUFcC7y
Goblin,"Pusha T - Trouble On My Mind
(feat. Tyler, The Creator) (prod. The Neptunes)","Track 3 on Fear Of God II: Let Us Pray by Pusha T. Mentioned by Kendrick Lamar on “Nosetalgia” on Pusha T’s album, “My Name Is My Name.”","Nov 8, 2011",3:32,Feature,Released,Yes,https://pixeldrain.com/u/UAj7zuog
Goblin,"Odd Future - Anarchy
(with Hodgy Beats & Tyler, The Creator)","Odd Future song with Hodgy Beats & Tyler, The Creator, used on the Saints Row III soundtrack. OG File leaked on May 21st, 2024.","Nov 15, 2011",2:59,Throwaway,Deleted,No,https://pixeldrain.com/u/a89dyRVP
Goblin,"Pusha T - Oooh
(feat. Hodgy Beats, Liva Don & Tyler, The Creator) (prod. Tyler, The Creator)
(Chewbacca)","Pusha T song featuring Ab-Liva, Tyler, and Hodgy Beats.","Nov 30, 2011",3:34,Feature,Deleted,No,https://pixeldrain.com/u/oUTaD6oS
"12 Released
0 Privated
0 Deleted
0 Lost","The OF Tape Vol. 2
(Collaboration with Odd Future)","(2010 - 2012) (as Tyler, The Creator)
The OF Tape Vol. 2 is the debut album and second installation to the Odd Future Tape series, released on March 20th, 2012.",,,,,,
The Odd Future Tape Vol. 2,"Odd Future - Rella
(with MellowHigh & Tyler, The Creator) (prod. Left Brain)",Track 10 on The OF Tape Vol. 2. Released as a single.,"Feb 20, 2012",3:10,Album Track,Released,Yes,https://pixeldrain.com/u/FfZwwBha
The Odd Future Tape Vol. 2,"Odd Future - NY (Ned Flanders)
(with Hodgy Beats & Tyler, The Creator) (prod. Tyler, The Creator)",Track 3 on The OF Tape Vol. 2. Released as a single.,"Mar 5, 2012",2:39,Album Track,Released,Yes,https://pixeldrain.com/u/VU9uXbUL
The Odd Future Tape Vol. 2,"L-Boy - Hi.
(prod. Tyler, The Creator)",Track 1 on The OF Tape Vol. 2.,"Mar 20, 2012",1:25,Album Track,Released,Yes,https://pixeldrain.com/u/wPBMwLgG
The Odd Future Tape Vol. 2,"Odd Future - Analog 2
(with Tyler, The Creator, Frank Ocean & Syd) (prod. Tyler, The Creator)
(Wheels 2)","Track 7 on The OF Tape Vol. 2, contains the hidden track ""Wheels 2.""","Mar 20, 2012",4:36,Album Track,Released,Yes,https://pixeldrain.com/u/rkC5nyew
The Odd Future Tape Vol. 2,"Odd Future - 50
(with MellowHype) (add. Tyler, The Creator) (prod. Left Brain)","Track 8 on The OF Tape Vol. 2, has vocals from Tyler.","Mar 20, 2012",3:18,Album Track,Released,Yes,https://pixeldrain.com/u/4rAHe3on
The Odd Future Tape Vol. 2,"Odd Future - P
(with Hodgy Beats & Tyler, The Creator) (prod. Tyler, The Creator)",Track 12 on The OF Tape Vol. 2.,"Mar 20, 2012",3:15,Album Track,Released,Yes,https://pixeldrain.com/u/bgzHGhqj
The Odd Future Tape Vol. 2,"Odd Future - White
(with Frank Ocean) (prod. Frank Ocean & Tyler, The Creator)",Track 13 on The OF Tape Vol. 2.,"Mar 20, 2012",2:02,Album Track,Released,Yes,https://pixeldrain.com/u/Se6VTgKj
The Odd Future Tape Vol. 2,"Odd Future - Hcapd
(with MellowHigh & Tyler, The Creator) (prod. Left Brain)",Track 14 on The OF Tape Vol. 2.,"Mar 20, 2012",3:40,Album Track,Released,Yes,https://pixeldrain.com/u/qmUWJpkc
The Odd Future Tape Vol. 2,"Odd Future - Sam (Is Dead)
(with Domo Genesis & Tyler, The Creator) (prod. Tyler, The Creator)",Track 15 on The OF Tape Vol. 2.,"Mar 20, 2012",3:22,Album Track,Released,Yes,https://pixeldrain.com/u/DiQB9HPp
The Odd Future Tape Vol. 2,"Odd Future - Doms
(with Domo Genesis) (add. Tyler, The Creator) (prod. Tyler, The Creator)",Track 16 on The OF Tape Vol. 2.,"Mar 20, 2012",3:13,Album Track,Released,Yes,https://pixeldrain.com/u/NcPhqg2j
The Odd Future Tape Vol. 2,"Odd Future - We Got Bitches
(with Tyler, The Creator, Jasper Dolphin & Taco) (prod. Tyler, The Creator)",Track 17 on The OF Tape Vol. 2.,"Mar 20, 2012",3:19,Album Track,Released,Yes,https://pixeldrain.com/u/ZVkyfHha
The Odd Future Tape Vol. 2,"Odd Future - Oldie
(prod. Tyler, The Creator)",Track 18 on The OF Tape Vol. 2. Tyler's last verse reuses a line from Whole City Behind Us by Domo Genesis.,"Mar 20, 2012",10:36,Album Track,Released,Yes,https://pixeldrain.com/u/kgSqmWAq
"8 Released
0 Privated
1 Deleted
0 Lost","WOLF [V2]
(WOLF 2012)","(Late 2011 - Mid 2012) (as Tyler, The Creator)
After the release of Goblin, Tyler would continue his work on WOLF, reusing some material from the original while making new pieces of work.",,,,,,
WOLF [V2],"Jack Mushroom - Brotherly Love
(feat. Skoolie300) (prod. Tyler, The Creator)
(808s & Cupcakes)",Track 2 on One Up by Jack Mushroom.,"Jan 1, 2012",3:57,Production,,No,https://pixeldrain.com/u/Qm9kGfjn
WOLF [V2],"Jack Mushroom - Cloud High
(prod. Tyler, The Creator)",Track 4 on One Up by Jack Mushroom.,"Jan 1, 2012",3:03,Production,,No,https://pixeldrain.com/u/4F1vRc6v
WOLF [V2],"The Internet - Live It Up
(prod. Tyler, The Creator)","Bonus track to the physical releases of Purple Naked Ladies by The Internet, released onto YouTube on the 29th of January, 2012","Jan 29, 2012",4:02,Production,Released,No,https://pixeldrain.com/u/gz1cq2A7
WOLF [V2],"I Like Cheese
(feat. Jasper Dolphin, Taco & L-Boy) (prod. Tyler, The Creator)",Partial version of the Loiter Squad theme.,"Mar 25, 2012",0:34,Throwaway,,No,https://pixeldrain.com/u/ezF94e9j
WOLF [V2],"Casey Veggies - PNCINTLOFWGKTA
(feat. Domo Genesis, Earl Sweatshirt Hodgy & Tyler, The Creator) (prod. Tyler, The Creator)
(Sus Homie)",Track 10 on Customized Greatly Vol. 3 by Casey Veggies.,"Apr 9, 2012",4:16,Feature,Released,Yes,LINK NEEDED
WOLF [V2],"Samuel's Song
(prod. Tyler, The Creator)
(Camp Nilbog)","Full version of the song heard at the end of the ""Sam (Is Dead)"" music video.","Jun 28, 2012",1:45,Throwaway,,No,https://pixeldrain.com/u/aMa8dLV6
WOLF [V2],"Frank Ocean - White
(feat. John Mayer) (prod. Frank Ocean & Tyler, The Creator)",Track 12 on Channel Orange by Frank Ocean.,"Jul 10, 2012",1:16,Production,Released,Yes,https://pixeldrain.com/u/cqmMDKai
WOLF [V2],"Frank Ocean - End / Golden Girl
(feat. Tyler, The Creator) (prod. Pharrell Williams, Frank Ocean & Malay)",Track 17 on the CD version of Channel Orange by Frank Ocean.,"Jul 10, 2012",8:43,Feature,Released,No,https://pixeldrain.com/u/F4LSu44p
WOLF [V2],"Domo Genesis - No Idols [V1]
(feat. Tyler, The Creator) (prod. The Alchemist)",Track 11 on No Idols by Domo Genesis & The Alchemist.,"Aug 1, 2012",3:46,Feature,Deleted,No,https://pixeldrain.com/u/LqjEAZrE
WOLF [V2],"Waka Flocka Flame - I’m a Hater
(feat. Derez De’Shon & Tyler, The Creator) (prod. Lex Luger, Southside & TM88)",Track 16 on Salute Me or Shoot Me 4: Banned from America by Waka Flocka Flame,"Sep 13, 2012",4:44,Feature,Released,Yes,https://pixeldrain.com/u/sv3m6LkG
WOLF [V2],"DJ Drama - I'ma Hata
(feat. Waka Flocka Flame, Tyler, The Creator & Debo) (prod. Lex Luger, Southside & TM88)",Track 8 on Quality Street Music by DJ Drama.,"Oct 2, 2012",4:19,Feature,Released,Yes,https://pixeldrain.com/u/J7Hzea9n
WOLF [V2],"MellowHype - 666
(feat. Mike G) (prod. Left Brain & Tyler, The Creator)",Track 11 on Numbers by MellowHype.,"Oct 9, 2012",3:26,Production,Released,Yes,https://pixeldrain.com/u/w5shgDEa
WOLF [V2],"Trash Talk - Blossom & Burn
(feat. Hodgy & Tyler, The Creator) (prod. Trash Talk)",Track 6 on 199 by Trash Talk.,"Oct 9, 2012",2:31,Feature,Released,Yes,https://pixeldrain.com/u/nD97Lsxs
"22 Released
0 Privated
0 Deleted
0 Lost",WOLF [V3],"(Mid 2012 - Early 2013) (as Tyler, The Creator)
Wolf is Tyler's third studio album, released on April 1, 2013. This album is a big departure from his earlier work because he didn't want to be talking about the same stuff he used to, ""Talking about rape and cutting bodies up, it just doesn't interest me anymore... what interests me is making weird hippie music for people to get high to.""",,,,,,
,Album Tracks,,,,,,,
WOLF [V3],WOLF,Track 1 on Wolf.,"Apr 1, 2013",1:49,Album Track,Released,Yes,https://pixeldrain.com/u/Sw9CejFc
WOLF [V3],"Jamba
(feat. Hodgy Beats) (add. Domo Genesis)",Track 2 on Wolf.,"Apr 1, 2013",3:32,Album Track,Released,Yes,https://pixeldrain.com/u/9upY7ZzM
WOLF [V3],"Cowboy [V2]
(add. Eddy Tekeli)",Track 3 on Wolf.,"Apr 1, 2013",3:15,Album Track,Released,Yes,https://pixeldrain.com/u/XLRbQBrL
WOLF [V3],"Awkward
(add. Frank Ocean)",Track 4 on Wolf.,"Apr 1, 2013",3:47,Album Track,Released,Yes,https://pixeldrain.com/u/mdJs8TbW
WOLF [V3],Domo23 [V1],Track 5 on Wolf.,"Apr 1, 2013",2:38,Album Track,Released,Yes,https://pixeldrain.com/u/hSHiWWe9
WOLF [V3],Domo23 [V2],"Version with a skit at the end that transitions into ""Answer.""","Apr 1, 2013",3:11,Album Track,Released,No,https://pixeldrain.com/u/H2SCRHJR
WOLF [V3],"Answer
(add. Syd)",Track 6 on Wolf.,"Apr 1, 2013",3:50,Album Track,Released,Yes,https://pixeldrain.com/u/LEukhxZZ
WOLF [V3],"Slater
(feat. Frank Ocean)",Track 7 on Wolf.,"Apr 1, 2013",3:53,Album Track,Released,Yes,https://pixeldrain.com/u/fwVdsAwU
WOLF [V3],"48
(add. Frank Ocean)","Track 8 on Wolf, contains snippets of an XXL interview between Tyler and Nas.","Apr 1, 2013",4:07,Album Track,Released,Yes,https://pixeldrain.com/u/E8m8rAMX
WOLF [V3],Colossus,"Track 9 on Wolf, has piano done by Colin Boyd.","Apr 1, 2013",3:33,Album Track,Released,Yes,https://pixeldrain.com/u/go2gq8MQ
WOLF [V3],"PartyIsntOver / Campfire / Bimmer
(feat. Frank Ocean & Laetitia Sadier) (add. Elijah Hall, Parys Hall & Joslyn Leonti)",Track 10 on Wolf.,"Apr 1, 2013",7:18,Album Track,Released,Yes,https://pixeldrain.com/u/nxyVZHmj
WOLF [V3],"IFHY [V1]
(feat. Pharrell Williams)",Track 11 on Wolf.,"Apr 1, 2013",5:19,Album Track,Released,Yes,https://pixeldrain.com/u/MTGK3qTU
WOLF [V3],"IFHY [V2]
(feat. Pharrell Williams)",Version without the outro vocals cut off.,"Apr 1, 2013",5:20,Album Track,Released,No,
WOLF [V3],Pigs,Track 12 on Wolf.,"Apr 1, 2013",4:14,Album Track,Released,Yes,https://pixeldrain.com/u/gaNqRnBq
WOLF [V3],"Parking Lot
(feat. Casey Veggies & Mike G)",Track 13 on Wolf.,"Apr 1, 2013",3:53,Album Track,Released,Yes,https://pixeldrain.com/u/PbRJnxia
WOLF [V3],"Rusty
(feat. Domo Genesis & Earl Sweatshirt) (add. Jason Dill)",Track 14 on Wolf.,"Apr 1, 2013",5:09,Album Track,Released,Yes,https://pixeldrain.com/u/KePsRhWW
WOLF [V3],"Trashwang
(feat. Na' kel, Jasper Dolphin, Lucas, L-Boy, Taco, Left Brain & Lee Spielman)",Track 15 on Wolf. Tyler says this means more to his friends than as an actual song.,"Apr 1, 2013",4:42,Album Track,Released,Yes,https://pixeldrain.com/u/foFoxRDP
WOLF [V3],"Treehome95
(feat. Coco O. & Erykah Badu)",Track 16 on Wolf.,"Apr 1, 2013",3:00,Album Track,Released,Yes,https://pixeldrain.com/u/HCWoqFMX
WOLF [V3],"Tamale
(add. Tallulah)",Track 17 on Wolf.,"Apr 1, 2013",2:46,Album Track,Released,Yes,https://pixeldrain.com/u/cSWXbcBu
WOLF [V3],Lone [V1],Track 18 on Wolf.,"Apr 1, 2013",3:57,Album Track,Released,Yes,https://pixeldrain.com/u/bz3LcsJq
WOLF [V3],Lone [V1],Version without a pause between the intro vocals & the beat.,"Apr 1, 2013",3:56,Album Track,Released,No,
,Loose,,,,,,,
WOLF [V3],"Bitch I'm Stuck In Jail
(with Earl Sweatshirt, Taco, & Tyler, The Creator) (prod. ???)",A song from a skit done by Loiter Squad. Was uploaded to the adultswim channel and taken down sometime in 2020.,"Apr 15, 2013",1:53,Throwaway,,Yes,https://pixeldrain.com/u/TvwY1ZGd
WOLF [V3],"Mac Miller - O.K.
(feat. Tyler, The Creator) (prod. Tyler, The Creator)","Track 18 on Watching Movies with the Sound Off (Deluxe Edition) by Mac Miller, recorded on January 3rd, 2013 (shoutout Mac Hub).","Jun 18, 2013",2:40,Feature,,Yes,https://pixeldrain.com/u/i7R8CbWa
WOLF [V3],"Earl Sweatshirt - Sasquatch
(feat. Tyler, The Creator) (prod. Tyler, The Creator)",Track 7 on Doris by Earl Sweatshirt.,"Aug 20, 2013",2:48,Feature,,Yes,https://pixeldrain.com/u/nZvKL3Gc
WOLF [V3],"Earl Sweatshirt - Whoa
(feat. Tyler, The Creator) (prod. Tyler, The Creator)","Track 13 on Doris by Earl Sweatshirt, released as a single on March 12, 2013.","Aug 20, 2013",3:16,Feature,,Yes,https://pixeldrain.com/u/yiyKGTnN
WOLF [V3],"Garbage
(prod. Tyler, The Creator)","Featured in Grand Theft Auto 5 on the soundtrack, aswell as the FlyLo FM Radio station.","Sep 24, 2013",3:28,Single,Released,Yes,https://pixeldrain.com/u/BqN8nadQ
WOLF [V3],"MellowHigh - Look
(feat. Domo Genesis, Earl Sweatshirt, & Tyler, The Creator) (prod. Nottz)",Song was released as a single to promote MellowHigh's self titled album.,"Oct 2, 2013",4:21,,,No,https://pixeldrain.com/u/ngxeUQWp
WOLF [V3],"MellowHigh - Remix
(feat. Tyler, The Creator) (prod. Left Brain)",Track 13 on MellowHigh's self titled album.,"Oct 31, 2013",2:50,Feature,,Yes,https://pixeldrain.com/u/n3iCY3vs
WOLF [V3],"She Won't A Young Nigga
(feat. L-Boy) (prod. Tyler, The Creator)",Young Nigga song that premiered on Loiter Squad S2E3 Jason's Lyric,"Mar 24, 2013",2:05,Throwaway,,Yes,https://pixeldrain.com/u/xpma2eGq
WOLF [V3],Cowboy [V1],"Original version of ""Cowboy"" that Tyler released on Tumblr, pitched down, weird leveling, and has different instruments. Posted to Tumblr on April 3rd, 2014.","Apr 3, 2014",3:47,,,No,https://pixeldrain.com/u/y89xcW2h
WOLF [V3],"Daisy Bell
(prod. ???)","Track 1 on The Gay Nineties Olde Tyme Music by Mark Ryden, the same person who created the alternate artwork for Wolf.","May 4, 2014",2:57,Feature,,No,https://pixeldrain.com/u/cLNPqKM2
"31 Released
0 Privated
0 Deleted
0 Lost",Live At Splash!,"(Mid 2012 - Early 2013) (as Tyler, The Creator)
Live At Splash!, released on September 2, 2013, is Tyler, The Creator’s first live album, and is only available in European countries. Recorded at the Splash! Music Festival in Germany in June 2013, has Jasper Dolphin doing adlibs and Taco DJing & features songs from Tyler’s first 3 albums, Bastard, Goblin, Wolf, and songs from The OF Tape, Vol. 2. Live At Splash! is on streaming, but unavailable in the USA.",,,,,,
Live At Splash!,"Intro [Live]
(WOLF)",Track 1 on Live At Splash!,"Sep 2, 2013",1:12,Album Track,Released,Yes,https://pixeldrain.com/u/Y6zVrRDy
Live At Splash!,French [Live],Track 2 on Live At Splash!,"Sep 2, 2013",1:24,Album Track,Released,Yes,https://pixeldrain.com/u/Tc7sgfHR
Live At Splash!,Interlude #1 [Live],Track 3 on Live At Splash!,"Sep 2, 2013",1:09,Album Track,Released,Yes,https://pixeldrain.com/u/FLabwBp4
Live At Splash!,Sam (Is Dead) [Live],Track 4 on Live At Splash!,"Sep 2, 2013",2:50,Album Track,Released,Yes,https://pixeldrain.com/u/1tqnRzSY
Live At Splash!,Tron Cat [Live],Track 5 on Live At Splash!,"Sep 2, 2013",1:54,Album Track,Released,Yes,https://pixeldrain.com/u/irCeoTGb
Live At Splash!,Nightmare [Live],Track 6 on Live At Splash!,"Sep 2, 2013",1:57,Album Track,Released,Yes,https://pixeldrain.com/u/CE3uxhvG
Live At Splash!,We Got Bitches [Live],Track 7 on Live At Splash!,"Sep 2, 2013",2:05,Album Track,Released,Yes,https://pixeldrain.com/u/9YaNRmhD
Live At Splash!,"Dick Banana Hat Interlude [Live]
(Interlude #2)",Track 8 on Live At Splash!,"Sep 2, 2013",1:32,Album Track,Released,Yes,https://pixeldrain.com/u/TXyyki5e
Live At Splash!,Bimmer [Live],Track 9 on Live At Splash!,"Sep 2, 2013",1:19,Album Track,Released,Yes,https://pixeldrain.com/u/z3R2z3s4
Live At Splash!,Jamba [Live],Track 10 on Live At Splash!,"Sep 2, 2013",0:55,Album Track,Released,Yes,https://pixeldrain.com/u/poyTnPEo
Live At Splash!,Interlude #3 [Live],Track 11 on Live At Splash!,"Sep 2, 2013",0:57,Album Track,Released,Yes,https://pixeldrain.com/u/Fa7e1upc
Live At Splash!,Cowboy [Live],Track 12 on Live At Splash!,"Sep 2, 2013",2:32,Album Track,Released,Yes,https://pixeldrain.com/u/9cgaiDnh
Live At Splash!,Interlude #4 [Live],Track 13 on Live At Splash!,"Sep 2, 2013",0:53,Album Track,Released,Yes,https://pixeldrain.com/u/EYevfhvd
Live At Splash!,IFHY [Live],Track 14 on Live At Splash!,"Sep 2, 2013",3:24,Album Track,Released,Yes,https://pixeldrain.com/u/bSyCGs1H
Live At Splash!,"Domo [Live]
(Domo23)",Track 15 on Live At Splash!,"Sep 2, 2013",2:27,Album Track,Released,Yes,https://pixeldrain.com/u/d4cSxccS
Live At Splash!,Interlude #5 [Live],Track 16 on Live At Splash!,"Sep 2, 2013",1:47,Album Track,Released,Yes,https://pixeldrain.com/u/6FVZ5WWX
Live At Splash!,Fish [Live],Track 17 on Live At Splash!,"Sep 2, 2013",0:57,Album Track,Released,Yes,https://pixeldrain.com/u/jsajxEBR
Live At Splash!,Blow [Live],Track 18 on Live At Splash!,"Sep 2, 2013",1:08,Album Track,Released,Yes,https://pixeldrain.com/u/bMXcM7tC
Live At Splash!,Bastard [Live],Track 19 on Live At Splash!,"Sep 2, 2013",0:35,Album Track,Released,Yes,https://pixeldrain.com/u/L2wd9oiY
Live At Splash!,Yonkers [Live],Track 20 on Live At Splash!,"Sep 2, 2013",2:59,Album Track,Released,Yes,https://pixeldrain.com/u/4YJMLkaf
Live At Splash!,Interlude #6 [Live],Track 21 on Live At Splash!,"Sep 2, 2013",0:56,Album Track,Released,Yes,https://pixeldrain.com/u/UPU4TqTH
Live At Splash!,"Bitch Suck Dick [Live]
(feat. Jasper Dolphin & Taco)",Track 22 on Live At Splash!,"Sep 2, 2013",3:33,Album Track,Released,Yes,https://pixeldrain.com/u/HpRJfEJ2
Live At Splash!,Interlude #7 [Live],Track 23 on Live At Splash!,"Sep 2, 2013",1:05,Album Track,Released,Yes,https://pixeldrain.com/u/aSdozo7M
Live At Splash!,Oldie [Live],Track 24 on Live At Splash!,"Sep 2, 2013",2:31,Album Track,Released,Yes,https://pixeldrain.com/u/QDKEH4kG
Live At Splash!,48 [Live],Track 25 on Live At Splash!,"Sep 2, 2013",1:52,Album Track,Released,Yes,https://pixeldrain.com/u/AL73kvmQ
Live At Splash!,Interlude #8 [Live],Track 26 on Live At Splash!,"Sep 2, 2013",4:05,Album Track,Released,Yes,https://pixeldrain.com/u/odpdGyc1
Live At Splash!,Tamale [Live],Track 27 on Live At Splash!,"Sep 2, 2013",1:39,Album Track,Released,Yes,https://pixeldrain.com/u/bwYqPCoF
Live At Splash!,Interlude #9 [Live],Track 28 on Live At Splash!,"Sep 2, 2013",0:59,Album Track,Released,Yes,https://pixeldrain.com/u/1GRFsYDV
Live At Splash!,Burger [Live],Track 29 on Live At Splash!,"Sep 2, 2013",1:32,Album Track,Released,Yes,https://pixeldrain.com/u/SCzkzhfT
Live At Splash!,Interlude #10 [Live],Track 30 on Live At Splash!,"Sep 2, 2013",2:36,Album Track,Released,Yes,https://pixeldrain.com/u/UkCegNSy
Live At Splash!,Sandwitches [Live],Track 31 on Live At Splash!,"Sep 2, 2013",2:16,Album Track,Released,Yes,https://pixeldrain.com/u/XLhhiGD2
"23 Released
0 Privated
5 Deleted
0 Lost","Cherry Bomb
(CHUR BUM, Buffalo)","(2013 - 2015) (as Tyler, The Creator)
Cherry Bomb is Tyler's fourth studio album, released on April 9, 2015. Was heavily influenced by Death Grips and N.E.R.D, and more specifically, their 2001 album, In Search Of.",,,,,,
,Album Tracks,,,,,,,
Cherry Bomb,"FUCKING YOUNG / PERFECT
(feat. Charlie Wilson, Toro Y Moi, Syd & Kali Uchis) (prod. Tyler, The Creator)","Track 10 on CHERRY BOMB, originally released on April 9th, 2015 alongside ""DEATHCAMP"" & without PERFECT for the music video.","Apr 9, 2015",6:41,Album Track,Released,Yes,
Cherry Bomb,"DEATHCAMP [V1]
(feat. Cole Alexander) (prod. Tyler, The Creator & Mike Einziger)","Track 1 on CHERRY BOMB, originally released on April 9th, 2015 alongside ""FUCKING YOUNG"" for the music video.","Apr 9, 2015",3:09,Album Track,Released,Yes,
Cherry Bomb,"DEATHCAMP [V2]
(feat. Cole Alexander) (prod. Tyler, The Creator & Mike Einziger)","Alternate version from the physical copies, 3 seconds longer and has someone saying 'That one was a little off' at the end.","Apr 13, 2015",3:13,Album Track,Released,No,
Cherry Bomb,"BUFFALO
(feat. Shane Powers) (prod. Tyler, The Creator)","Track 2 on CHERRY BOMB, has piano done by Colin Boyd.","Apr 13, 2015",2:39,Album Track,Released,Yes,
Cherry Bomb,"PILOT
(feat. Syd) (prod. Tyler, The Creator)",Track 3 on CHERRY BOMB.,"Apr 13, 2015",3:29,Album Track,Released,Yes,
Cherry Bomb,"RUN
(feat. Toro Y Moi & ScHoolboy Q) (prod. Tyler, The Creator)",Track 4 on CHERRY BOMB. Sprint is the instrumentals name given for the + Instrumentals release on YouTube.,"Apr 13, 2015",1:09,Album Track,Released,Yes,
Cherry Bomb,"FIND YOUR WINGS
(feat. Roy Ayers, Syd & Kali Uchis) (prod. Tyler, The Creator)","Track 5 on CHERRY BOMB, has piano done by Jameel Kirk Bruner, guitar done by Steve Lacy, trombone done by Gaika James, trumpet done by Daniel Hardaway & vibraphone done by Roy Ayers. (R.I.P. the goat)","Apr 13, 2015",2:59,Album Track,Released,Yes,
Cherry Bomb,"CHERRY BOMB
(add. Syd) (prod. Tyler, The Creator)",Track 6 on CHERRY BOMB. Might contain additional vocals from L-Boy.,"Apr 13, 2015",4:29,Album Track,Released,Yes,
Cherry Bomb,"BLOW MY LOAD [V1]
(feat. Wayna Morris, Dâm-Funk, Austin Feinstein & Syd) (prod. Tyler, The Creator)
(QUARTZ)",Track 7 on CHERRY BOMB. Made about a fashion model's picture he saw once.,"Apr 13, 2015",3:10,Album Track,Released,Yes,
Cherry Bomb,"BLOW MY LOAD [V2]
(feat. Wayna Morris & Dâm-Funk) (prod. Tyler, The Creator)",Alternate version from the physical copies with an alternate interlude.,"Apr 13, 2015",2:54,Album Track,Released,No,
Cherry Bomb,"2SEATER
(feat. Aaron Shaw, Samantha Nelson & Austin Feinstein) (prod. Tyler, The Creator & Mike Einziger)","Track 8 on CHERRY BOMB, contains the hidden track ""HAIR BLOWS.""","Apr 13, 2015",6:51,Album Track,Released,Yes,
Cherry Bomb,"THE BROWN STAINS OF DARKEESE LATIFAH PART 6-12 (REMIX) [V1]
(feat. ScHoolboy Q) (prod. Tyler, The Creator)
(THE BROWN STAINS OF BLACKEESE LATIFAH PART 6-12 (THE REMIX) (ROUGH DRAFT) (CLUB EDIT) (RODNEY JERKINS MIX) (DARK CHILD MIX))",Track 9 on CHERRY BOMB. Pretty short name for some reason.,"Apr 13, 2015",3:11,Album Track,Released,Yes,
Cherry Bomb,"THE BROWN STAINS OF DARKEESE LATIFAH PART 6-12 (REMIX) [V2]
(feat. ScHoolboy Q) (prod. Tyler, The Creator)
(THE BROWN STAINS OF BLACKEESE LATIFAH PART 6-12 (THE REMIX) (ROUGH DRAFT) (CLUB EDIT) (RODNEY JERKINS MIX) (DARK CHILD MIX), SPECIAL)","Alternate version from the physical copies with a hidden bonus track, ""SPECIAL"".","Apr 13, 2015",4:38,Album Track,Released,No,
Cherry Bomb,"SMUCKERS
(feat. Lil Wayne & Ye) (add. L-Boy) (prod. Tyler, The Creator)",Track 11 on CHERRY BOMB.,"Apr 13, 2015",5:34,Album Track,Released,Yes,
Cherry Bomb,"KEEP DA O'S
(feat. Pharrell Williams & Coco O.) (prod. Tyler, The Creator)",Track 12 on CHERRY BOMB.,"Apr 13, 2015",4:09,Album Track,Released,Yes,
Cherry Bomb,"OKAGA, CA [V1]
(feat. Alice Smith, Leon Ware & Clem Creevy) (prod. Tyler, The Creator)",Track 13 on CHERRY BOMB.,"Apr 13, 2015",6:37,Album Track,Released,Yes,
Cherry Bomb,"OKAGA, CA [V2]
(feat. Alice Smith, Leon Ware & Clem Creevy) (prod. Tyler, The Creator)",Alternate version from the physical copies with an outro that's cut-off.,"Apr 13, 2015",6:34,Album Track,Released,No,
Cherry Bomb,"YELLOW
(feat. Kali Uchis) (prod. Tyler, The Creator)",Track 14 on the physical version of CHERRY BOMB.,"Apr 13, 2015",2:57,Album Track,Released,Yes,
,Loose,,,,,,,
Cherry Bomb,"ScHoolboy Q - The Purge
(feat. Tyler, The Creator & Kurupt) (prod. Tyler, The Creator)",Track 8 on Oxymoron by Schoolboy Q.,"Feb 25, 2014",4:54,,Released,Yes,https://pixeldrain.com/u/2u1mNJ4r
Cherry Bomb,"Young Nigga - I Just Bought A Bugatti (I'm Happy)
(feat. IceJJFish & Jasper Dolphin) (add. L-Boy) (prod. Tyler, The Creator)","Song played on Loiter Squad on June 9, 2014 under the Young Nigga alias.","Jun 6, 2014",4:31,,Released,Yes,https://pixeldrain.com/u/TUVQft3N
Cherry Bomb,"Aunt Wang Syrup Theme Song
(feat. Kali Uchis) (prod. Tyler, The Creator)","Song released alongside a fake commercial for ""Aunt Wang Syrup.""","Jul 16, 2014",1:34,,Deleted,No,https://pixeldrain.com/u/Cbg7uD1J
Cherry Bomb,"#LIFTOFF Open Bar (Freestyle)
(prod. Brandon Thomas)","Freestyle on Radio, Famous for it's insane lyrics.","Oct 15, 2014",4:11,,Deleted,No,https://pixeldrain.com/u/oLHyz9g3
Cherry Bomb,Diaper,"Throwaway released onto the Golf Wang Tumblr on November 18, 2014. Tyler was apparently inspired by ""Feedback"" by Ye when making it.","Nov 18, 2014",1:43,,Deleted,No,https://pixeldrain.com/u/S741rc5y
Cherry Bomb,"Mike G - Highlights
(prod. Tyler, The Creator)
(Jasp)","Track 4 on Award Tour II by Mike G, released as a single on January 19th, 2015.","Jan 26, 2015",3:00,,Deleted,No,https://pixeldrain.com/u/nqce9GKn
Cherry Bomb,"Kali Uchis - Call Me
(prod. Tyler, The Creator)","Track 2 on Por Vida by Kali Uchis. Has a very similar guitar to ""Answer""","Feb 4, 2015",4:32,,Released,Yes,https://open.spotify.com/track/5KCDu7bWD2eXGhVjzBcPDB?si=e7fb504118964540
Cherry Bomb,"Kali Uchis - Speed
(prod. Tyler, The Creator & Lana Del Ray)",Track 8 on Por Vida by Kali Uchis.,"Feb 4, 2015",4:15,,Released,Yes,https://pixeldrain.com/u/nFHLBrde
Cherry Bomb,"Batman
(prod. Madlib)",Cherry Bomb throwaway premiered on GOLF Radio over Madlib’s “The New Resident” beat.,"Aug 14, 2015",1:25,,Deleted,No,https://pixeldrain.com/u/jPJwJUnZ
Cherry Bomb,"The Internet - Palace / Curse
(feat. Tyler, The Creator & Steve Lacy) (prod. Tyler, The Creator & Steve Lacy)",Track 12 on Ego Death by The Internet.,"Jun 26, 2015",7:20,Feature,Released,Yes,https://pixeldrain.com/u/oJtsr7Ex
"9 Released
0 Privated
0 Deleted
0 Lost","Scum Fuck Flower Boy
(Flower Boy [V1])","(2015 - 2016) (as Tyler, The Creator)
Scum Fuck Flower Boy was first mentioned on October 9th, 2015 and would be worked on for the next two years until it's release as just ""Flower Boy"" on July 21st, 2017. Note that almost everything in this era except for a few things are snippets of rough drafts of songs that were ripped from Tyler's scumfuckflowerboy Instagram (I can't remember who added all the information about them but whoever did that, thank you).",,,,,,
Scum Fuck Flower Boy,"Mac Miller - Doors
(prod. Tyler, The Creator)",Track 1 on GO:OD AM by Mac Miller.,"Sep 18, 2015",1:18,Production,Released,Yes,https://pixeldrain.com/u/ia59rcd6
Scum Fuck Flower Boy,"Casey Veggies - RIP
(feat. Tyler, The Creator) (prod. Tyler, The Creator)",Track 12 on Live & Grow by Casey Veggies.,"Sep 25, 2015",2:37,Feature,Released,Yes,https://pixeldrain.com/u/Edp5jf7B
Scum Fuck Flower Boy,"FUCK IT
(prod. Tyler, The Creator)","Song created in response to the lukewarm reception to Cherry Bomb. Tyler also said that the song was called ""FUCK IT"" because he couldn't come up with a name.","Oct 12, 2015",2:42,Production,Released,No,https://pixeldrain.com/u/LBY4KmcP
Scum Fuck Flower Boy,"Mike G - Texas
(prod. Tyler, The Creator)","Song that released as a single, uses a beat from Nilbog with the same name.","Oct 28, 2015",2:22,Production,Released,Yes,https://pixeldrain.com/u/Xt9pYEFr
Scum Fuck Flower Boy,"Domo Genesis - Go (Gas)
(feat. Wiz Khalifa, Juicy J & Tyler, The Creator) (prod. Tyler, The Creator)",Track 6 on Genesis by Domo Genesis.,"Mar 25, 2016",3:43,Feature,Released,Yes,https://pixeldrain.com/u/1fBY8UaQ
Scum Fuck Flower Boy,"ScHoolboy Q - Big Body
(feat. The Dogg Pound) (prod. Tyler, The Creator)","Track 11 on Blank Face LP by ScHoolboy Q. Said by a fan that this song is a rework of the ""O.K. (Bonus)"" by Mac Miller beat.","Jul 8, 2016",3:43,Production,Released,Yes,https://pixeldrain.com/u/5wHmEJms
Scum Fuck Flower Boy,"Frank Ocean - Skyline To
(prod. Frank Ocean, Malay & Om'Mas Keith)","Track 6 on Blonde by Frank Ocean, has drums from Tyler.","Aug 20, 2016",3:05,Production,Released,Yes,https://pixeldrain.com/u/9YEMVqcz
Scum Fuck Flower Boy,"A$AP Mob - Telephone Calls
(feat. A$AP Rocky, Playboi Carti, Tyler, The Creator & Yung Gleesh) (prod. Plu2o Nash)",Track 12 on Cozy Tapes: Vol. 1 Friends by A$AP Mob.,"Oct 31, 2016",3:50,Feature,Released,Yes,https://pixeldrain.com/u/6dPtWMUW
Scum Fuck Flower Boy,ROSE TINTED CHEEKS (2016 Rough Draft),"Recorded in 2016 for ""Flower Boy"" but got scrapped, released onto YouTube on April 18, 2018.","Apr 18, 2018",5:42,Throwaway,Released,No,https://pixeldrain.com/u/1BBYHctr
"19 Released
0 Privated
0 Deleted
0 Lost","Flower Boy
(Scum Fuck Flower Boy [V2])","(2016 - 2017) (as Tyler, The Creator)
Flower Boy is Tyler's fifth studio album, leaked on July 10th, 2017 and released on July 21st, 2017.",,,,,,
,Album Tracks,,,,,,,
Flower Boy,"911 / Mr. Lonely
(feat. Frank Ocean & Steve Lacy) (add. Anna Of The North, ScHoolboy Q, L-Boy & Jasper Dolphin)","Track 10 on Flower Boy, released as a single. Has vocals from Anna Of The North, ScHoolboy Q, L-Boy & Jasper Dolphin. According to Tyler, this is [V25] of the song.","Jun 29, 2017",4:15,Album Track,Released,Yes,https://pixeldrain.com/u/Mrgvj63U
Flower Boy,"Boredom
(feat. Anna Of The North & Rex Orange County) (add. Corinne Bailey Rae)","Track 8 on Flower Boy, released as a single. Has vocals from Corinne Bailey Rae.","Jul 11, 2017",5:20,Album Track,Released,Yes,https://pixeldrain.com/u/iinXPt9P
Flower Boy,"I Ain't Got Time!
(add. A$AP Rocky & Shane Powers)","Track 9 on Flower Boy, released as a single. Has vocals from A$AP Rocky.","Jul 19, 2017",3:26,Album Track,Released,Yes,https://pixeldrain.com/u/CDsihLfQ
Flower Boy,"Foreword
(feat. Rex Orange County)",Track 1 on Flower Boy.,"Jul 21, 2017",3:14,Album Track,Released,Yes,https://pixeldrain.com/u/1hE5DMk5
Flower Boy,"Where This Flower Blooms
(feat. Frank Ocean)",Track 2 on Flower Boy.,"Jul 21, 2017",3:14,Album Track,Released,Yes,https://pixeldrain.com/u/Vg1cEVeG
Flower Boy,"Sometimes...
(add. Shane Powers)","Track 3 on Flower Boy, has vocals from Shane Powers.","Jul 21, 2017",0.36,Album Track,Released,Yes,https://pixeldrain.com/u/uLcdFENr
Flower Boy,"See You Again
(feat. Kali Uchis)",Track 4 on Flower Boy.,"Jul 21, 2017",3:00,Album Track,Released,Yes,https://pixeldrain.com/u/iuvH4Cp8
Flower Boy,"Who Dat Boy
(feat. A$AP Rocky)",Track 5 on Flower Boy.,"Jul 21, 2017",3:25,Album Track,Released,Yes,https://pixeldrain.com/u/cDerauok
Flower Boy,"Who Dat Boy [Dolby Atmos Mix]
(feat. A$AP Rocky)","Dolby Atmos version, has one line change where he says vans instead of cons.","Jul 21, 2017",3:25,Album Track,Released,Yes,https://pixeldrain.com/u/bNkMKZvE
Flower Boy,"Pothole
(feat. Jaden) (add. Alexander Brettin)",Track 6 on Flower Boy.,"Jul 21, 2017",3:57,Album Track,Released,Yes,https://pixeldrain.com/u/n3AJxsHb
Flower Boy,"Garden Shed
(feat. Estelle) (add. Rex Orange County)","Track 7 on Flower Boy, has background vocals from Rex Orange County.","Jul 21, 2017",3:43,Album Track,Released,Yes,https://pixeldrain.com/u/Rxkf2pmg
Flower Boy,"Droppin' Seeds
(feat. Lil Wayne)",Track 11 on Flower Boy.,"Jul 21, 2017",1:00,Album Track,Released,Yes,https://pixeldrain.com/u/KMRtZHuZ
Flower Boy,November,"Track 12 on Flower Boy, has vocals from Jasper Dolphin, Taco, Kilo Kish, Christian Clancy, Syd, L-Boy, Vince Staples & Julian Consuegra.","Jul 21, 2017",3:45,Album Track,Released,Yes,https://pixeldrain.com/u/j3QS8vbq
Flower Boy,Glitter,Track 13 on Flower Boy.,"Jul 21, 2017",3:44,Album Track,Released,Yes,https://pixeldrain.com/u/Mim69xNz
Flower Boy,"Enjoy Right Now, Today
(add. Pharrell Williams)",Track 14 on Flower Boy.,"Jul 21, 2017",3:55,Album Track,Released,Yes,https://pixeldrain.com/u/bQ6JNwzm
,Loose,,,,,,,
Flower Boy,"Matt Martians - Dent Jusay
(feat. Syd & Steve Lacy) (prod. Tyler, The Creator)","Track 9 on The Drum Chord Theory by Matt Martians, released as a single.","Jan 26, 2017",2:37,Production,Released,Yes,https://pixeldrain.com/u/7ogygZNR
Flower Boy,"Matt Martians - Callin' On Me
(prod. Matt Martians & Tyler, The Creator)",Track 10 on The Drum Chord Theory by Matt Martians.,"Jan 27, 2017",5:49,Production,Released,Yes,https://pixeldrain.com/u/5Yx4o14j
Flower Boy,"Frank Ocean - Biking
(feat. JAY-Z & Tyler, The Creator) (prod. Jarami & Ging)","Frank Ocean single, released on April 10, 2017. Features JAY-Z & Tyler.","Apr 10, 2017",4:37,Feature,Released,Yes,https://pixeldrain.com/u/4QXycDca
Flower Boy,"ZIPLOC
(prod. Tyler, The Creator, No I.D. & JAY-Z)
(4:44)","Remix of ""4:44"" by JAY-Z, released onto YouTube on August 23, 2017.","Aug 23, 2017",1:34,Remix,Released,No,https://pixeldrain.com/u/wM366aoE
"2 Released
0 Privated
0 Deleted
0 Lost","WANG$AP
(Collaboration with A$AP Rocky)
(DON'T TAP THE GLASS)","(2016 - 2019) (as Tyler, The Creator)
WANG$AP is the planned collaboration album between Tyler & A$AP Rocky that came out of the Flower Boy sessions, first mentioned Tyler's freeperm account on Feb 10, 2016 to be a ""9 song album"". The only official release from this album was Potato Salad, with it being considered scrapped in early 2019 after Tyler stated “i wish rocky would shut the fuck up and stop always saying what he's working on 40 years before its even a fleshed out idea.” and “that shit dont exist yall =)” in reference to WANG$AP. Tyler later revealed in 2025 that him and Rocky as a duo were originally meant to be called ""DON'T TAP THE GLASS"", a phrase which he would eventually reuse as the name of his ninth studio album.",,,,(Shoutout to the A$AP Rocky Tracker for all of this information),,
WANG$AP,"WHAT THE FUCK RIGHT NOW
(feat. A$AP Rocky) (prod. Trevor Gureckis, Caroline Shaw, DJDS, Noah Goldstein, MIKE DEAN, Hudson Mohawke & Ye)
(Freestyle 4)","Remix of ""Freestyle 4"" by Ye, released onto YouTube on March 3, 2016. Probably intended for WANG$AP, as Rocky shouts out the album in the intro.","Mar 3, 2016",3:52,Remix,Released,No,https://pixeldrain.com/u/JjSsime5
WANG$AP,"Potato Salad
(feat. A$AP Rocky) (prod. Kanye West)
(Knock Knock)","Remix of ""Knock Knock"" by Monica, released onto YouTube on July 23, 2018 and onto streaming services on September 28, 2018.","Jul 23, 2018",3:02,Remix,Released,Yes,https://pixeldrain.com/u/Ss1pKs9p
"8 Released
0 Privated
0 Deleted
0 Lost","Music Inspired by Illumination & Dr. Seuss's The Grinch
(Grinch EP)","(2018) (as Tyler, The Creator)
Music Inspired by Illumination & Dr. Seuss' The Grinch is Tyler's first extended play, released on November 16, 2018. Tyler commented that ""making christmas themed music, but not making it too xmasy was the goal [and] keeping 7 year olds in mind but also wanting the parents to listen also.""",,,,,,
Music Inspired by Illumination & Dr. Seuss's The Grinch,"You're A Mean One, Mr. Grinch",Track 1 on The Grinch Soundtrack.,"Nov 9, 2018",1:48,Feature,Released,Yes,
Music Inspired by Illumination & Dr. Seuss's The Grinch,"I Am The Grinch
(feat. Fletcher Jones)",Track 2 on The Grinch Soundtrack.,"Nov 9, 2018",2:37,Feature,Released,Yes,
Music Inspired by Illumination & Dr. Seuss's The Grinch,Whoville,Track 1 on Music Inspired by Illumination & Dr. Seuss' The Grinch.,"Nov 16, 2018",1:13,Album Track,Released,Yes,
Music Inspired by Illumination & Dr. Seuss's The Grinch,"Lights On
(feat. Ryan Beatty & Santigold)",Track 2 on Music Inspired by Illumination & Dr. Seuss' The Grinch.,"Nov 16, 2018",2:29,Album Track,Released,Yes,
Music Inspired by Illumination & Dr. Seuss's The Grinch,Hot Chocolate,Track 3 on Music Inspired by Illumination & Dr. Seuss' The Grinch.,"Nov 16, 2018",2:11,Album Track,Released,Yes,
Music Inspired by Illumination & Dr. Seuss's The Grinch,Big Bag,Track 4 on Music Inspired by Illumination & Dr. Seuss' The Grinch.,"Nov 16, 2018",1:25,Album Track,Released,Yes,
Music Inspired by Illumination & Dr. Seuss's The Grinch,"When Gloves Come Off
(feat. Ryan Beatty)",Track 5 on Music Inspired by Illumination & Dr. Seuss' The Grinch.,"Nov 16, 2018",1:53,Album Track,Released,Yes,
Music Inspired by Illumination & Dr. Seuss's The Grinch,Cindy Lou's Wish,Track 6 on Music Inspired by Illumination & Dr. Seuss' The Grinch.,"Nov 16, 2018",1:06,Album Track,Released,Yes,
"40 Released
0 Privated
2 Deleted
0 Lost",IGOR,"(2017 - 2019) (as Tyler, The Creator)
IGOR is Tyler's sixth studio album, being his most popular release to date. Released on May 17, 2019, this album is widely considered as one of Tyler's best, and has even earned himself a Grammy for Best Rap Album of 2019. Something to note, IGOR was first mentioned by Tyler on his freeperm Twitter on March 11th, 2014.",,,,,,
,Album Tracks,,,,,,,
IGOR,"IGOR'S THEME [V1]
(add. Lil Uzi Vert & Solange)",Track 1 on IGOR.,"May 17, 2019",3:20,,Released,Yes,
IGOR,"IGOR'S THEME [V2]
(add. Lil Uzi Vert & Solange)","Track 1 on physical copies of IGOR, has a slower mix compared to the streaming version.","May 17, 2019",3:20,,Released,No,
IGOR,"EARFQUAKE
(add. Playboi Carti & Charlie Wilson)",Track 2 on IGOR.,"May 17, 2019",3:10,,Released,Yes,
IGOR,"I THINK
(add. Solange)",Track 3 on IGOR.,"May 17, 2019",3:32,,Released,Yes,
IGOR,"EXACTLY WHAT YOU RUN FROM YOU END UP CHASING
(add. Jerrod Carmichael)",Track 4 on the streaming version of IGOR.,"May 17, 2019",0:14,,Released,Yes,
IGOR,"BOYFRIEND
(add. Charlie Wilson, Santigold & Jerrod Carmichael)",Track 4 on the physical version of IGOR.,"May 17, 2019",4:00,,Released,No,
IGOR,"RUNNING OUT OF TIME
(add. Jessy Wilson)",Track 5 on IGOR.,"May 17, 2019",2:57,,Released,Yes,
IGOR,"NEW MAGIC WAND
(add. Jerrod Carmichael, Santigold & Jessy Wilson)",Track 6 on IGOR.,"May 17, 2019",3:15,,Released,Yes,
IGOR,"A BOY IS A GUN*
(add. Solange)",Track 7 on IGOR.,"May 17, 2019",3:30,,Released,Yes,
IGOR,"PUPPET
(add. Ye, Santigold & Jerrod Carmichael)",Track 8 on IGOR.,"May 17, 2019",2:59,,Released,Yes,
IGOR,"WHAT'S GOOD [V1]
(add. slowthai)","Original version of ""WHAT'S GOOD"" that contained a sample of ""Scared Straight '99"" and was replaced by a new mix a week later. Available in FLAC.","May 17, 2019",3:26,,Deleted,No,
IGOR,"GONE, GONE / THANK YOU [V1]
(add. CeeLo Green, La Roux, Jessy Wilson & Jerrod Carmichael)","Track 10 on May 17 copies of IGOR, is missing a lot of background vocals seen in release.","May 17, 2019",6:15,,Deleted,No,
IGOR,"I DON'T LOVE YOU ANYMORE
(add. Solange, Charlie Wilson & Jessy Wilson)",Track 11 on IGOR.,"May 17, 2019",2:41,,Released,Yes,
IGOR,"ARE WE STILL FRIENDS?
(add. Pharrell Williams)",Track 12 on IGOR.,"May 17, 2019",4:25,,Released,Yes,
IGOR,"WHAT'S GOOD [V2]
(add. slowthai & Jerrod Carmichael)",Track 9 on IGOR.,,3:25,,Released,Yes,
IGOR,"GONE, GONE / THANK YOU [V2]
(add. CeeLo Green, La Roux, Jessy Wilson & Jerrod Carmichael)",Track 10 on IGOR.,,6:15,,Released,Yes,
,Loose,,,,,,,
IGOR,"OKRA
(prod. Tyler, The Creator)","Single released on March 30, 2018.","Mar 30, 2018",2:31,Remix,Released,Yes,https://pixeldrain.com/u/PM4qJzRs
IGOR,"Kali Uchis - After The Storm
(feat. Tyler, The Creator & Bootsy Collins) (prod. BADBADNOTGOOD)","Track 13 on ""Isolation"" by Kali Uchis, released as a single on January 12, 2018.","Apr 6, 2018",3:27,Feature,Released,Yes,https://pixeldrain.com/u/VamKj4zQ
IGOR,"BRING IT BACK (Remix)
(prod. Mike WiLL Made-It)","Remix of ""Bring It Back"" by Trouble & Drake, released onto YouTube on April 11, 2018.","Apr 11, 2018",2:04,Remix,Released,No,https://pixeldrain.com/u/gGJjeXFG
IGOR,"435 [V1]
(prod. Tyler, The Creator)","Single released onto YouTube on May 22nd, 2018.","May 22, 2018",1:32,Single,Released,No,
IGOR,"A$AP Rocky - Hun43rd
(feat. Devonté Hynes) (add. Tyler, The Creator) (prod. Devonté Hynes)","Track 3 on ""TESTING"" by A$AP Rocky. Has background vocals from Tyler.","May 25, 2018",4:02,Other,Released,Yes,https://pixeldrain.com/u/2pTP2p8t
IGOR,"435 [V2]
(prod. Tyler, The Creator)","Version of ""435"" with better mixing.","Jun 8, 2018",1:33,Single,Released,Yes,https://pixeldrain.com/u/9XG3exk2
IGOR,"CRUST IN THEIR EYES
(feat. Yasiin Bey) (prod. Kanye West, Kid Cudi, Plain Pat, Andrew Dawson, Justin Vernon, Noah Goldstein)
(Kids See Ghosts)","Remix of ""Kids See Ghosts"" by Kanye West & Kid Cudi (feat. Yasiin Bey fka Mos Def), released on June 15, 2018.","Jun 15, 2018",2:04,Remix,Released,No,https://pixeldrain.com/u/zL9rHR7H
IGOR,"GELATO
(prod. OG Parker & Xeryus G)
(No Validation)","Remix of ""No Validation"" by Jacquees, released onto YouTube on June 25, 2018.","Jun 25, 2018",1:59,Remix,Released,No,https://pixeldrain.com/u/5nmWuMKe
IGOR,"BRONCO
(feat. Lil Baby) (prod. Wheezy & B-Racks)
(Yes Indeed)","Remix of ""Yes Indeed"" by Lil Baby & Drake, released onto YouTube on July 18, 2018.","Jul 18, 2018",0:57,Remix,Released,No,https://pixeldrain.com/u/6fd1LNB5
IGOR,"TIPTOE
(prod. Pi'erre Bourne)
(R.I.P.)","Remix of ""R.I.P."" by Playboi Carti, released onto YouTube on July 26, 2018.","Jul 26, 2018",2:26,Remix,Released,No,https://pixeldrain.com/u/m2hY2vGe
IGOR,"QUARTZ
(feat. Sydney Bennett & Austin Feinstein) (prod. Tyler, The Creator)
(BLOW MY LOAD)","Standalone version of one of the interludes heard after BLOW MY LOAD, released onto YouTube on July 26th, 2018.","Jul 26, 2018",2:19,Single,Released,No,https://pixeldrain.com/u/GZxUZBsL
IGOR,"Peach Fuzz
(prod. MNDSGN, Prophet & Tyler, The Creator)
(Wanna Be Your Man)","Single released on September 21, 2018. Remix of ""Wanna Be Your Man"" by Prophet.","Sep 21, 2018",2:36,Single,Released,Yes,https://pixeldrain.com/u/9N3R4PBv
IGOR,"$ilkMoney - Casket
(prod. Tyler, The Creator)",Track 1 on I Hate My Life and I Really Wish People Would Stop Telling Me Not To by $ilkMoney.,"Dec 11, 2018",1:02,Production,Released,Yes,https://pixeldrain.com/u/MaSJiD51
IGOR,"$ilkMoney - My Forte
(prod. Tyler, The Creator)",Track 3 on I Hate My Life and I Really Wish People Would Stop Telling Me Not To by $ilkMoney.,"Dec 11, 2018",3:23,Production,Released,Yes,https://pixeldrain.com/u/kGBNihSc
IGOR,"$ilkMoney - NAGA
(feat. Tyler, The Creator) (prod. Tyler, The Creator)",Track 5 on I Hate My Life and I Really Wish People Would Stop Telling Me Not To by $ilkMoney.,"Dec 11, 2018",1:57,Feature,Released,Yes,https://pixeldrain.com/u/RzQAePgk
IGOR,"$ilkMoney - Kitt-Katt
(feat. Tyler, The Creator) (prod. Tyler, The Creator)",Track 7 on I Hate My Life and I Really Wish People Would Stop Telling Me Not To by $ilkMoney.,"Dec 11, 2018",2:05,Feature,Released,Yes,https://pixeldrain.com/u/8PfnUKoS
IGOR,"$ilkMoney - Why Lie (10 Million Ways to Die)
(prod. Tyler, The Creator)",Track 8 on I Hate My Life and I Really Wish People Would Stop Telling Me Not To by $ilkMoney.,"Dec 11, 2018",2:17,Production,Released,Yes,https://pixeldrain.com/u/s5gZ2aFz
IGOR,"Solange - Down with the Clique
(add. Tyler, The Creator) (prod. Standing on the Corner, John Carroll Kirby, John Key & Solange)",Track 3 on When I Get Home by Solange. Has additional vocals from Tyler.,"Mar 1, 2019",3:44,Other,Released,Yes,https://pixeldrain.com/u/dZxnfX3y
IGOR,"Solange - Time (is)
(feat. Sampha) (add. Tyler, The Creator) (prod. John Carroll Kirby, John Key & Solange)",Track 10 on When I Get Home by Solange. Has additional vocals from Tyler.,"Mar 1, 2019",3:41,Production,Released,Yes,https://pixeldrain.com/u/pcTfC7u6
IGOR,"Solange - My Skin My Logo
(feat. Gucci Mane) (prod. Solange, John Key, John Carroll Kirby, Radric Davis, Pharrell Williams, Tyler, The Creator & Steve Lacy)",Track 11 on When I Get Home by Solange.,"Mar 1, 2019",2:58,Production,Released,Yes,https://pixeldrain.com/u/91kKevmW
IGOR,"GoldLink - U Say
(feat. Tyler, The Creator & Jay Prince) (prod. Juls)","Track 8 on ""Disphora"" by GoldLink.","Jun 12, 2019",3:21,Feature,Released,Yes,https://pixeldrain.com/u/2JLJsqYx
IGOR,"Jaden - NOIZE
(feat. Tyler, The Creator) (prod. OmArr, Ayo The Producer, KEYZBABY & Keanu Beats)","Track 5 on ""ERYS"" by Jaden.","Jul 5, 2019",4:07,Feature,Released,Yes,https://pixeldrain.com/u/QMuri16X
IGOR,"Yuna - Castaway
(feat. Tyler, The Creator) (prod. Robin Hannibal, Rex Rideout, Rob Cohen & Snipe Young)","Track 1 on ""Rouge"" by Yuna.","Jul 12, 2019",4:29,Feature,Released,Yes,https://pixeldrain.com/u/wjgitSa6
IGOR,"IDK - I Do Me . . . You Do You
(with Tyler, The Creator) ",,"Sep 4, 2019",1:33,Feature,Released,Yes,
IGOR,"BEST INTEREST
(prod. Tyler, The Creator)","Recorded for ""IGOR"" but got scrapped, released onto YouTube on December 23, 2019 then later released onto streaming services on January 25, 2020 alongside ""GROUP B.""","Dec 23, 2019",2:07,Single,Released,Yes,https://pixeldrain.com/u/zeoBHh1A
IGOR,"GROUP B [V1]
(prod. Tyler, The Creator)","Version of ""GROUP B"" uploaded to YouTube on the 23rd of December 2023. Same as the streaming version, however has a slightly altered sample chop at 1:27","Dec 23, 2019",1:58,Single,Released,No,https://pixeldrain.com/u/jp5BvtNx
"0 OG File(s)
0 Full
0 Tagged
0 Stem Bounce(s)
0 Partial
0 Snippet(s)
0 Unavailable","CALL ME IF YOU GET LOST
(Hosted by DJ Drama)
(CALL ME WHEN YOU GET LOST)","(2020 - 2021) (2023) (as Tyler, The Creator)
CALL ME IF YOU GET LOST is Tyler's seventh studio album, released on June 25, 2021. Tyler later rereleased this album as ""CALL ME IF YOU GET LOST: The Estate Sale"" on March 31, 2023. This project was considered done in November 2020, but later turned into what we have right now.",,,,,,
,Album Tracks,,,,,,,
CALL ME IF YOU GET LOST [V2],"LUMBERJACK
(add. DJ Drama, Jasper, Domo Genesis, L-Boy, & Taco)
(2 Cups Of Blood)","Track 5 on CALL ME IF YOU GET LOST, released as a single on June 16. Reuses the instrumental to ""2 Cups Of Blood"" by Gravediggaz.","Jun 16, 2021",2:18,Album Track,Released,Yes,https://pixeldrain.com/u/D1m8CiCZ
CALL ME IF YOU GET LOST [V2],"SIR BAUDELAIRE
(add. DJ Drama)
(Michael Irvin)","Track 1 on CALL ME IF YOU GET LOST, reuses the instrumental to ""Michael Irvin"" by Westside Gunn.","Jun 25, 2021",1:28,Album Track,Released,Yes,https://pixeldrain.com/u/VTg61mR5
CALL ME IF YOU GET LOST [V2],"CORSO
(add. DJ Drama, Jasper Dolphin, Vic Weinstein & L-Boy)","Track 2 on CALL ME IF YOU GET LOST, has vocals from Jasper Dolphin","Jun 25, 2021",2:26,Album Track,Released,Yes,https://pixeldrain.com/u/gagamGL3
CALL ME IF YOU GET LOST [V2],"LEMONHEAD
(feat. 42 Dugg) (add. DJ Drama)","Track 3 on CALL ME IF YOU GET LOST, has vocals from Frank Ocean.","Jun 25, 2021",2:10,Album Track,Released,Yes,https://pixeldrain.com/u/ZAGFigCQ
CALL ME IF YOU GET LOST [V2],"WUSYANAME
(feat. Youngboy Never Broke Again & Ty Dolla $ign) (add. DJ Drama)","Track 4 on CALL ME IF YOU GET LOST, released as a single on June 22.","Jun 25, 2021",2:01,Album Track,Released,Yes,https://pixeldrain.com/u/1VNphhtw
CALL ME IF YOU GET LOST [V2],"HOT WIND BLOWS
(feat. Lil Wayne) (add. DJ Drama)",Track 6 on CALL ME IF YOU GET LOST.,"Jun 25, 2021",2:36,Album Track,Released,Yes,https://pixeldrain.com/u/nZ2vdATj
CALL ME IF YOU GET LOST [V2],"MASSA
(add. DJ Drama)",Track 7 on CALL ME IF YOU GET LOST.,"Jun 25, 2021",3:43,Album Track,Released,Yes,https://pixeldrain.com/u/wYV28kTf
CALL ME IF YOU GET LOST [V2],"RUNITUP
(feat. Teezo Touchdown) (add. DJ Drama)",Track 8 on CALL ME IF YOU GET LOST.,"Jun 25, 2021",3:49,Album Track,Released,Yes,https://pixeldrain.com/u/qAKEb3sJ
CALL ME IF YOU GET LOST [V2],"MANIFESTO
(feat. Domo Genesis) (add. DJ Drama)","Track 9 on CALL ME IF YOU GET LOST, interpolates ""Nazareth Savage"" by Nas.","Jun 25, 2021",2:55,Album Track,Released,Yes,https://pixeldrain.com/u/zQA7oLpY
CALL ME IF YOU GET LOST [V2],"SWEET / I THOUGHT YOU WANTED TO DANCE
(feat. Brent Faiyaz & Fana Hues) (add. DJ Drama)",Track 10 on CALL ME IF YOU GET LOST.,"Jun 25, 2021",9:48,Album Track,Released,Yes,https://pixeldrain.com/u/FQuGvWPF
CALL ME IF YOU GET LOST [V2],"MOMMA TALK
(add. Bonita Smith)",Track 11 on CALL ME IF YOU GET LOST.,"Jun 25, 2021",1:10,Album Track,Released,Yes,https://pixeldrain.com/u/sotiotGq
CALL ME IF YOU GET LOST [V2],"RISE!
(feat. DAISY WORLD) (add. DJ Drama) (prod. Tyler, The Creator & Jamie xx)",Track 12 on CALL ME IF YOU GET LOST.,"Jun 25, 2021",3:23,Album Track,Released,Yes,https://pixeldrain.com/u/R1fq7Vhn
CALL ME IF YOU GET LOST [V2],BLESSED [V1],Track 13 on CALL ME IF YOU GET LOST.,"Jun 25, 2021",0:57,Album Track,Released,Yes,https://pixeldrain.com/u/isqWEzkP
CALL ME IF YOU GET LOST [V2],BLESSED [V2],"Version of ""BLESSED"" with an alternate outro (Tyler says ""Word to my Momma, we livin"" instead of ""It's opulance, baby!"").","Jun 25, 2021",0:58,Album Track,Released,No,https://pixeldrain.com/u/opFdMJip
CALL ME IF YOU GET LOST [V2],"JUGGERNAUT [V1]
(feat. Pharrell Williams & Lil Uzi Vert) (add. DJ Drama)",Track 14 on CALL ME IF YOU GET LOST.,"Jun 25, 2021",2:26,Album Track,Released,Yes,https://pixeldrain.com/u/aZSEfHcX
CALL ME IF YOU GET LOST [V2],"JUGGERNAUT [V2]
(feat. Pharrell Williams & Lil Uzi Vert) (add. DJ Drama)","Version of ""JUGGERNAUT"" with alternate mixing, very unnoticable.","Jun 25, 2021",2:26,Album Track,Released,No,https://pixeldrain.com/u/vf6FXQVB
CALL ME IF YOU GET LOST [V2],WILSHIRE,Track 15 on CALL ME IF YOU GET LOST.,"Jun 25, 2021",8:29,Album Track,Released,Yes,https://pixeldrain.com/u/GdosF4tC
CALL ME IF YOU GET LOST [V2],"SAFARI
(add. DJ Drama) (prod. Tyler, The Creator & Jay Versace)",Track 16 on the streaming version of CALL ME IF YOU GET LOST.,"Jun 25, 2021",2:57,Album Track,Released,Yes,https://pixeldrain.com/u/2XMT74se
CALL ME IF YOU GET LOST [V2],"FISHTAIL
(add. DJ Drama) (prod. Tyler, The Creator, Daringer & Beat Butcha)
(Lessie)","Track 16 on the physical version of CALL ME IF YOU GET LOST, reuses the instrumental to ""Lessie"" by Westside Gunn.","Jun 25, 2021",3:25,Album Track,Released,No,https://pixeldrain.com/u/bJ83cqY1
,The Estate Sale,,,,,,,
CALL ME IF YOU GET LOST [V2],EVERYTHING MUST GO,Track 1 on CALL ME IF YOU GET LOST: The Estate Sale.,"Mar 31, 2023",0:28,Album Track,Released,Yes,https://pixeldrain.com/u/aQtH8yt4
CALL ME IF YOU GET LOST [V2],"STUNTMAN
(feat. Vince Staples) (add. DJ Drama)",Track 2 on CALL ME IF YOU GET LOST: The Estate Sale.,"Mar 31, 2023",3:19,Album Track,Released,Yes,https://pixeldrain.com/u/bdPaB5eP
CALL ME IF YOU GET LOST [V2],"WHAT A DAY
(add. DJ Drama) (prod. Madlib)",Track 3 on CALL ME IF YOU GET LOST: The Estate Sale. Actually uses a remake of the What A Day beat.,"Mar 31, 2023",3:36,Album Track,Released,Yes,https://pixeldrain.com/u/95mwksbG
CALL ME IF YOU GET LOST [V2],"WHARF TALK
(feat. A$AP Rocky) (add. DJ Drama)",Track 4 on CALL ME IF YOU GET LOST: The Estate Sale.,"Mar 31, 2023",3:24,Album Track,Released,Yes,https://pixeldrain.com/u/1SnW8ZSU
CALL ME IF YOU GET LOST [V2],"DOGTOOTH
(add. DJ Drama)",Track 5 on CALL ME IF YOU GET LOST: The Estate Sale.,"Mar 27, 2023",2:41,Album Track,Released,Yes,https://pixeldrain.com/u/SXpuEA54
CALL ME IF YOU GET LOST [V2],"HEAVEN TO ME
(add. DJ Drama) (prod. Tyler, The Creator & Kanye West)
(Heaven)","Track 6 on CALL ME IF YOU GET LOST: The Estate Sale, reuses the instrumental to ""Heaven"" by John Legend.","Mar 31, 2023",3:50,Album Track,Released,Yes,https://pixeldrain.com/u/pjRjm7k8
CALL ME IF YOU GET LOST [V2],"BOYFRIEND, GIRLFRIEND (2020 Demo)
(feat. YG) (add. DJ Drama)",Track 7 on CALL ME IF YOU GET LOST: The Estate Sale.,"Mar 31, 2023",3:24,Album Track,Released,Yes,https://pixeldrain.com/u/bhoUAK3T
CALL ME IF YOU GET LOST [V2],"SORRY NOT SORRY
(add. DJ Drama)",Track 8 on CALL ME IF YOU GET LOST: The Estate Sale.,"Mar 29, 2023",3:26,Album Track,Released,Yes,https://pixeldrain.com/u/2MzNNgd7
,Loose,,,,,,,
CALL ME IF YOU GET LOST [V2],"GROUP B [Streaming Version]
(prod. Tyler, The Creator)","Single released on January 25, 2020 alongside ""BEST INTEREST""","Jan 25, 2020",1:58,Single,Released,Yes,https://pixeldrain.com/u/psJ65AYT
CALL ME IF YOU GET LOST [V2],"Westside Gunn - 327
(feat. Joey Bada$$, Tyler, The Creator & Billie Essco) (prod. Camoflauge Monk & 7ies)","Track 4 on ""PRAY FOR PARIS"" by Westside Gunn.","Apr 17, 2020",5:49,Feature,Released,Yes,https://pixeldrain.com/u/mY3JrDny
CALL ME IF YOU GET LOST [V2],"Freddie Gibbs - Something To Rap About
(feat. Tyler, The Creator) (prod. The Alchemist)","Track 6 on ""Alfredo"" by Freddie Gibbs & The Alchemist.","May 29, 2020",4:42,Feature,Released,Yes,https://pixeldrain.com/u/VLR6RQSQ
CALL ME IF YOU GET LOST [V2],"Lil Yachty - T.D.
(with Tierra Whack) (feat. A$AP Rocky, Tyler, The Creator) (prod. 30 Roc & Lil Yachty)","Track 4 on ""Lil Boat 3"" by Lil Yachty.","May 29, 2020",3:52,Feature,Released,Yes,https://pixeldrain.com/u/3DPYeTdz
CALL ME IF YOU GET LOST [V2],"Automatic Driver - Tyler, The Creator Remix
(with La Roux) (prod. Dan Carey & Elly Jackson)","Single released on April 4, 2020","Apr 4, 2020",3:48,Feature,Released,Yes,https://pixeldrain.com/u/5XAvPM1S
CALL ME IF YOU GET LOST [V2],"Channel Tres - fuego
(feat. Tyler, The Creator) (prod. Nick Sylvester, Channel Tres & Like)","Track 5 on ""i can't go outside"" by Channel Tres.","Dec 10, 2020",4:09,Feature,Released,Yes,https://pixeldrain.com/u/XuvM3dPm
CALL ME IF YOU GET LOST [V2],"Tell Me How (Coca-Cola Commercial)
(prod. Tyler, The Creator)","Single released on March 5th, 2021 for a collaboration with Coca-Cola. The ad is undoubtedly weird and out-there enough to pair nicely with Tyler’s style. The hand-drawn cover, as well as the loud, brash, abrasive vibes the song gives off, hearken back to Cherry Bomb, Tyler’s third (and probably most divisive) studio album. Yo who the fuck wrote this wikipedia ass description.","Mar 5, 2021",2:15,Single,Released,Yes,https://pixeldrain.com/u/SXRdD2Vk
CALL ME IF YOU GET LOST [V2],"D. Savage - Don't U Change
(prod. Dylvinci & Nadddot)",Track 3 on BPL by D. Savage. Tyler is on the intro to the song.,"Jul 2, 2021",4:13,Other,Released,Yes,https://pixeldrain.com/u/Thg1oWwg
CALL ME IF YOU GET LOST [V2],"Snoh Aalegra - NEON PEACH
(feat. Tyler, The Creator) (prod. Tyler, The Creator)","Track 5 on TEMPORARY HIGHS IN THE VIOLET SKIES by Snoh Aalegra, later released as a single on August 19th, 2021.","Jul 9, 2021",3:12,Feature,Released,Yes,https://pixeldrain.com/u/5CdFwSsp
CALL ME IF YOU GET LOST [V2],"Snoh Aalegra - IN THE MOMENT
(feat. Tyler, The Creator) (prod. Tyler, The Creator)",Track 10 on TEMPORARY HIGHS IN THE VIOLET SKIES by Snoh Aalegra.,"Jul 9, 2021",3:34,Feature,Released,Yes,https://pixeldrain.com/u/2ALQnKSH
CALL ME IF YOU GET LOST [V2],"Westside Gunn - The Fly who couldn't Fly straight
(feat. Tyler, The Creator) (prod. SadhuGold)",Track 18 on Hitler Wears Hermes 8: Side B by Westside Gunn.,"Sep 24, 2021",1:45,Feature,Released,Yes,https://pixeldrain.com/u/aWrwoLf7
CALL ME IF YOU GET LOST [V2],"Maxo Kream - BIG PERSONA
(feat. Tyler, The Creator) (prod. Tyler, The Creator)","Track 4 on WEIGHT OF THE WORLD by Maxo Kream, released as a single on September 7, 2021.","Oct 18, 2021",2:25,Feature,Released,Yes,https://pixeldrain.com/u/s5LR5hAo
CALL ME IF YOU GET LOST [V2],"Kanye West - Come To Life [V2]
(feat. Tyler, The Creator) (prod. Kanye West, Ojivolta, Jeff Bhasker, Warryn Campbell, MIKE DEAN & Jerrod ""Twisco"" Morgan)",Track 8 on Donda (Deluxe) by Kanye West.,"Nov 14, 2021",5:10,Feature,Released,Yes,https://pixeldrain.com/u/qWKYWRKt
CALL ME IF YOU GET LOST [V2],"The Weeknd - Here We Go... Again
(feat. Tyler, The Creator) (prod. The Weeknd, Rex Kudo, Benny Bock, Charlie Coffeen, Brian Kennedy & Bruce Johnston)",Track 8 on Dawn FM by The Weeknd.,"Jan 6, 2022",3:29,Feature,Released,Yes,https://pixeldrain.com/u/zxmicdoh
CALL ME IF YOU GET LOST [V2],"Rex Orange County - OPEN A WINDOW
(feat. Tyler, The Creator) (prod. Rex Orange County, Tyler, The Creator & Benny Sings)","Track 2 on WHO CARES? by Rex Orange County, released as a single on March 9, 2022.","Mar 11, 2022",3:38,Feature,Released,Yes,https://pixeldrain.com/u/42n5HhbU
CALL ME IF YOU GET LOST [V2],"A$AP Rocky - Lost and Found Freestyle 2019
(with Tyler, The Creator & Nigo) (prod. Nigo & The Neptunes)",Track 1 on I Know NIGO! by Nigo.,"Mar 25, 2022",2:54,Feature,Released,Yes,https://pixeldrain.com/u/SKGNkneT
CALL ME IF YOU GET LOST [V2],"Come On, Let's Go
(with Nigo) (prod. Nigo, Tyler, the Creator & Pharrell Williams)",Track 11 on I Know NIGO! by Nigo.,"Mar 25, 2022",3:19,Feature,Released,Yes,https://pixeldrain.com/u/TckQS6mh
CALL ME IF YOU GET LOST [V2],"SZA - Jodie
(prod. Tyler, The Creator)
(Jodie Foster)",Track 21 on Ctrl (Deluxe) by SZA.,"Jun 9, 2022",2:45,Production,Released,Yes,https://pixeldrain.com/u/5uucsowL
CALL ME IF YOU GET LOST [V2],"Pharrell Williams - Cash In Cash Out
(feat. 21 Savage & Tyler, The Creator) (prod. Pharrell Williams)","Single released on June 10, 2022.","Jun 10, 2022",3:36,Feature,Released,Yes,https://pixeldrain.com/u/3T8PcvGA
CALL ME IF YOU GET LOST [V2],"Brent Faiyaz - GRAVITY
(feat. Tyler, The Creator) (prod. DJ Dahi)","Track 3 on WASTELAND by Brent Faiyaz, released as a single on January 29, 2021.","Jul 8, 2022",3:34,Feature,Released,Yes,https://pixeldrain.com/u/T1F8UK2R
CALL ME IF YOU GET LOST [V2],"A$AP Rocky - Same Problems?
(prod. A$AP Rocky, Tyler, The Creator, Hector Delgado & Thundercat)","Single released on January 18, 2023.","Jan 18, 2023",4:22,Production,Released,Yes,https://pixeldrain.com/u/i6imW1xs
CALL ME IF YOU GET LOST [V2],"DJ Drama - Legendary
(feat. Tyler, The Creator) (prod. UNKWN, Sammy Haig, Tyler, The Creator, & Don Cannon)",Track 1 on I'M REALLY LIKE THAT by DJ Drama.,"Mar 31, 2023",1:38,Feature,Released,Yes,https://pixeldrain.com/u/RrxH7xhD
"0 OG File(s)
0 Full
0 Tagged
0 Stem Bounce(s)
0 Partial
0 Snippet(s)
0 Unavailable",CHROMAKOPIA,"(2020 - 2024) (2025) (as Tyler, The Creator)
CHROMAKOPIA is Tyler's eighth studio album, released on October 28th, 2024. This album is the first album by Tyler, The Creator to break many of his ""traditions"" when it comes to releasing albums: he broke his 2 year rule (a rule where he only drops an album every two years, The Estate Sale dropped just last year) & his 10th track rule (when there are two or three tracks in one track, specifically on the 10th track of the album). Work on the album began as far back as 2020 alongside CALL ME IF YOU GET LOST with the creation of “Mother.” Tyler has since shared that he once planned for CHROMAKOPIA to be his final album.",,,,,,
,Test Pressing,,,,,,,
CHROMAKOPIA,"Intro [V1]
(feat. Daniel Caesar) (add. Bonita Smith)
(St. Chroma)","Version of ""St. Chroma"" from the CHROMAKOPIA test pressing version, titled ""Intro"", with no vocals from Tyler's mom in the intro, along with no vocal effects in the intro, the background vocals being quieter, a different mix, no Tyler vocals (the CHROMAKOPIA lines) during the start of the second half, a different Tyler verse and an alternate version of the interlude with Tyler's mom just before Daniel Caesar's final part (the outro). 11 seconds shorter than the released version.","Oct 28, 2024",3:06,Album Track,Released,No,https://pixeldrain.com/u/zvsNFsjx
CHROMAKOPIA,"Rahtahtah [V1]
(Rah Tah Tah)","Version of ""Rah Tah Tah"" from the CHROMAKOPIA test pressing version, titled ""Rahtahtah"", with a different mix and additional sound effects.","Oct 28, 2024",2:45,Album Track,Released,No,https://pixeldrain.com/u/Svhmks5C
CHROMAKOPIA,"Noid [V1]
(add. WILLOW, Inflo & Bonita Smith)","Version of ""Noid"" from the CHROMAKOPIA test pressing version, with a different mix and no beat pause on the second verse.","Oct 28, 2024",4:44,Album Track,Released,No,https://pixeldrain.com/u/eZuPX8mV
CHROMAKOPIA,"Darling [V1]
(feat. Teezo Touchdown) (add. Bonita Smith)
(Darling, I)","Version of ""Darling, I"" from the CHROMAKOPIA test pressing version, titled ""Darling"", with less Teezo Touchdown vocals. 3 seconds shorter than the released version.","Oct 28, 2024",4:10,Album Track,Released,No,https://pixeldrain.com/u/XSvbaMjQ
CHROMAKOPIA,"Hey Jane [V1]
(add. Bonita Smith)","Version of ""Hey Jane"" from the CHROMAKOPIA test pressing version, with a different mix.","Oct 28, 2024",4:00,Album Track,Released,No,https://pixeldrain.com/u/kUxEEfDG
CHROMAKOPIA,"Killed You [V1]
(add. Childish Gambino)
(I Killed You)","Version of ""I Killed You"" from the CHROMAKOPIA test pressing version, titled ""Killed You"", with a quieter saxophone and less Childish Gambino vocals.","Oct 28, 2024",2:48,Album Track,Released,No,https://pixeldrain.com/u/KX4zBTda
CHROMAKOPIA,Judge Judy [V1],"Version of ""Judge Judy"" from the CHROMAKOPIA test pressing version, with no Childish Gambino vocals.","Oct 28, 2024",4:29,Album Track,Released,No,https://pixeldrain.com/u/rKmZYmky
CHROMAKOPIA,"Sticky [V1]
(feat. Sexyy Red & Lil Wayne) (add. Solange)","Version of ""Sticky"" with a quieter transition from ""Judge Judy"", a different vocal take for Sexxy Red's verse and an additional Tyler verse which was eventually replaced by GloRilla's verse on the final streaming release. 13 seconds longer than the released version.","Oct 28, 2024",4:28,Album Track,Released,No,https://pixeldrain.com/u/4wRx6pQH
CHROMAKOPIA,"Mask [V1]
(feat. Daniel Caesar & LaToiya Williams)
(Take Your Mask Off)","Version of ""Take Your Mask Off"" from the CHROMAKOPIA test pressing version, titled ""Mask"", with a different mix, louder sample and no vocals from Tyler's mom.","Oct 28, 2024",4:13,Album Track,Released,No,https://pixeldrain.com/u/4Vkq6P5U
CHROMAKOPIA,Tomorrow [V1],"Version of ""Tomorrow"" from the CHROMAKOPIA test pressing version, with no vocals from Tyler's mom, alternate lines and less production.","Oct 28, 2024",3:02,Album Track,Released,No,https://pixeldrain.com/u/Sv5wYPSE
CHROMAKOPIA,"Mother [V1]
(add. Bonita Smith)",Track 11 on the test pressing version of CHROMAKOPIA,"Oct 28, 2024",4:01,Album Track,Released,No,https://pixeldrain.com/u/i3FWdL1o
CHROMAKOPIA,"Dead [V1]
(feat. Playboi Carti & Santigold)
(Thought I Was Dead)","Version of ""Thought I Was Dead"" from the CHROMAKOPIA test pressing version, titled ""Dead"", with a Playboi Carti feature that would be replaced with ScHoolboy Q's verse on the final version, likely due to Carti not clearing his verse on time (fork found in kitchen).","Oct 28, 2024",3:27,Album Track,Released,No,https://pixeldrain.com/u/3Gx624y6
CHROMAKOPIA,"Like Him [V1]
(feat. Lola Young) (add. Bonita Smith & Baby Keem)","Version of ""Like Him"" from the CHROMAKOPIA test pressing version, with an alternate (worse) Tyler vocal take with a new verse, a different mix, and a little echo effect when the song cuts before the outro with Tyler's mom.","Oct 28, 2024",4:33,Album Track,Released,No,https://pixeldrain.com/u/9wABZmbs
CHROMAKOPIA,"Home [V1]
(add. Solange & Bonita Smith)
(I Hope You Find Your Way Home)","Version of ""I Hope You Find Your Way Home"" from the CHROMAKOPIA test pressing version, titled ""Home"", with a different mix and has no ""CHROMAKOPIA"" vocals on the outro.","Oct 28, 2024",4:29,Album Track,Released,No,https://pixeldrain.com/u/FwLMnWr9
,CHROMAKOPIA,,,,,,,
CHROMAKOPIA,"St. Chroma [V2]
(feat. Daniel Caesar) (add. Bonita Smith)",Track 1 on CHROMAKOPIA.,"Oct 28, 2024",3:17,Album Track,Released,Yes,https://pixeldrain.com/u/CpK3zYJE
CHROMAKOPIA,Rah Tah Tah [V2],Track 2 on CHROMAKOPIA.,"Oct 28, 2024",2:45,Album Track,Released,Yes,https://pixeldrain.com/u/Vq5dZbod
CHROMAKOPIA,"Noid [V2]
(add. WILLOW, Inflo & Bonita Smith)","Track 3 on CHROMAKOPIA, released as a single on October 21st, 2024. Has guitar done by Pedro Martins, bass done by Thundercat & drums done by Inflo.","Oct 21, 2024",4:44,Album Track,Released,Yes,https://pixeldrain.com/u/sxBPFz1A
CHROMAKOPIA,"Darling, I [V2]
(feat. Teezo Touchdown) (add. Bonita Smith)","Track 4 on CHROMAKOPIA, has guitar done by Pedro Martins.","Oct 28, 2024",4:13,Album Track,Released,Yes,https://pixeldrain.com/u/zGRFNEgQ
CHROMAKOPIA,"Hey Jane [V2]
(add. Bonita Smith)","Track 5 on CHROMAKOPIA, has guitar done by Pedro Martins.","Oct 28, 2024",4:00,Album Track,Released,Yes,https://pixeldrain.com/u/Hisq9e9U
CHROMAKOPIA,"I Killed You [V2]
(add. Childish Gambino, Santigold & Daniel Caesar)","Track 6 on CHROMAKOPIA, has guitar done by Pedro Martins, bass done by Thundercat.","Oct 28, 2024",2:48,Album Track,Released,Yes,https://pixeldrain.com/u/9oYkULei
CHROMAKOPIA,"Judge Judy [V2]
(add. Childish Gambino)","Track 7 on CHROMAKOPIA, has bass done by Thundercat & guitar done by Steve Lacy.","Oct 28, 2024",4:29,Album Track,Released,Yes,https://pixeldrain.com/u/KDNDFwvJ
CHROMAKOPIA,"Sticky [V2]
(feat. GloRilla, Sexyy Red & Lil Wayne) (add. Solange)",Track 8 on CHROMAKOPIA.,"Oct 28, 2024",4:15,Album Track,Released,Yes,https://pixeldrain.com/u/8M3bixi1
CHROMAKOPIA,"Take Your Mask Off [V2]
(feat. Daniel Caesar & LaToiya Williams) (add. Bonita Smith)","Track 9 on CHROMAKOPIA, has bass done by Thundercat.","Oct 28, 2024",4:13,Album Track,Released,Yes,https://pixeldrain.com/u/oVgi7hVJ
CHROMAKOPIA,"Tomorrow [V2]
(add. Bonita Smith & Daniel Caesar)","Track 10 on CHROMAKOPIA, has bass done by Daniel Caesar & guitar by BIAKO and Pedro Martins.","Oct 28, 2024",3:02,Album Track,Released,Yes,https://pixeldrain.com/u/StctcsU1
CHROMAKOPIA,"Thought I Was Dead [V2]
(feat. ScHoolboy Q & Santigold) (add. Bonita Smith)",Track 11 on CHROMAKOPIA.,"Oct 28, 2024",3:27,Album Track,Released,Yes,https://pixeldrain.com/u/FGXpQsqY
CHROMAKOPIA,"Like Him [V2]
(feat. Lola Young) (add. Bonita Smith & Baby Keem)","Track 12 on CHROMAKOPIA, has bass done by Thundercat.","Oct 28, 2024",4:38,Album Track,Released,Yes,https://pixeldrain.com/u/bmKE3BGs
CHROMAKOPIA,"Balloon
(feat. Doechii) (add. Daniel Caesar & Bonita Smith) (prod. Tyler, The Creator & Jayda Love)",Track 13 on CHROMAKOPIA. Not included on any of the physical releases for some reason.,"Oct 28, 2024",2:34,Album Track,Released,Yes,https://pixeldrain.com/u/6LqyjH1L
CHROMAKOPIA,"I Hope You Find Your Way Home [V2]
(add. Bonita Smith)",Track 14 on CHROMAKOPIA.,"Oct 28, 2024",4:29,Album Track,Released,Yes,https://pixeldrain.com/u/hD1Zh8aw
,CHROMAKOPIA +,,,,,,,
CHROMAKOPIA,"Like Him [V3]
(feat. Lola Young) (add. Bonita Smith & Baby Keem)","Version of Like Him with a longer fade out, that's really it.","Oct 28, 2025",4:39,Album Track,Released,Yes,https://pixeldrain.com/u/JU7pJr4S
CHROMAKOPIA,Mother [V2],"OG Filename: Mother REF_01Apr2025
Track 12 on CHROMAKOPIA +, has an alternate intro & a new verse from Tyler, as well as a new (better) mix. OG File originally leaked on August 15th, 2025.","Oct 28, 2025",4:40,Album Track,Released,Yes,https://pixeldrain.com/u/KSf9LgFE
,Loose,,,,,,,
CHROMAKOPIA,"Domo Genesis - No Idols [V2]
(feat. Tyler, The Creator) (prod. The Alchemist)","Track 11 on the reissue of No Idols by Domo Genesis & The Alchemist, has a new intro and alternate mixing.","Apr 20, 2023",3:46,Feature,Released,Yes,https://pixeldrain.com/u/Ww4F5RuH
CHROMAKOPIA,"A$AP Rocky - RIOT (Rowdy Pipe'n)
(prod. A$AP Rocky, Pharrell Williams & Tyler, The Creator)","Single released on July 20th, 2023.","Jul 20, 2023",3:09,Production,Released,Yes,https://pixeldrain.com/u/rqfyt5hT
CHROMAKOPIA,"Maxo Kream - Cracc Era
(feat. Tyler, The Creator) (prod. Tyler, The Creator)","Single released on September 25th, 2024, later released as track 3 on Personification by Maxo Kream.","Sep 25, 2024",1:58,Feature,Released,Yes,https://pixeldrain.com/u/nbbntEKA
CHROMAKOPIA,"Pharrell Williams - VIRGINIA Boy (Remix)
(feat. Tyler, The Creator) (prod. Pharrell Williams)",Track 3 on Piece By Piece - Music from the Motion Picture by Pharrell Williams.,"Oct 11, 2024",2:08,Feature,Released,Yes,https://pixeldrain.com/u/V6yv9T9u
CHROMAKOPIA,"THAT GUY [V1]
(prod. Mustard, Sounwave & Jack Antonoff)
(hey now)","Remix of ""hey now"" by Kendrick Lamar, released onto YouTube on December 25th, 2024. Same as the streaming version, but contains a slowed version of ""Tomorrow"" as the outro.","Dec 25, 2024",2:53,Single,Released,No,
CHROMAKOPIA,"THAT GUY [V2]
(prod. Mustard, Sounwave & Jack Antonoff)
(hey now)","Single released on June 23rd, 2026 alongside ""SAG HARBOR""","Jun 23, 2026",2:47,Single,Released,Yes,https://open.spotify.com/track/6wNGHSpLlHc5N89We4OOKG?si=683a9c72793f4706
"0 OG File(s)
0 Full
0 Tagged
0 Stem Bounce(s)
0 Partial
0 Snippet(s)
0 Unavailable",DON'T TAP THE GLASS,"(2024 - 2025) (as Tyler, The Creator)
DON'T TAP THE GLASS is Tyler's ninth studio album, released on July 21st, 2025. This project started on December 31st, 2024 and all of the verses were recorded in May 2025 during the CHROMAKOPIA tour. It was first teased on July 16th with a photo of him with a trumpet in a marching band outfit, this is where fans got the idea that this was either for the Sticky music video that was teased months prior or a CHROMAKOPIA deluxe. On July 18th, the album's physicals were released on the Golf Wang store, which is how the fans got their first taste of the album.",,,,,,
,Test Pressing,,,,,,,
DON'T TAP THE GLASS,"Big Poe [V1]
(feat. Pharrell Williams)","Version of ""Big Poe"" from the DON'T TAP THE GLASS test pressing version, with unmixed Pharrell Williams vocals with an alternate line & no Busta Rhymes sample.","Jul 21, 2025",3:02,Album Track,Released,No,https://pixeldrain.com/u/YEEBQ3in
DON'T TAP THE GLASS,Sugar On My Tongue [V1],"Version of ""Sugar On My Tongue"" from the DON'T TAP THE GLASS test pressing version, with a different mix and no talkbox by T.Nava or siren sound effects.","Jul 21, 2025",2:33,Album Track,Released,No,https://pixeldrain.com/u/DHow9VP4
DON'T TAP THE GLASS,Sucka Free [V1],"Version of ""Sucka Free"" from the DON'T TAP THE GLASS test pressing version, with a different mix and no talkbox by T.Nava.","Jul 21, 2025",2:41,Album Track,Released,No,https://pixeldrain.com/u/AAeJZgH8
DON'T TAP THE GLASS,Mommanem [V1],"Version of ""Mommanem"" from the DON'T TAP THE GLASS test pressing version, with a different mix.","Jul 21, 2025",1:15,Album Track,Released,No,https://pixeldrain.com/u/qT8fdz39
DON'T TAP THE GLASS,Stop Playing With Me [V1],"Version of ""Stop Playing With Me"" from the DON'T TAP THE GLASS test pressing version, with a different mix.","Jul 21, 2025",2:13,Album Track,Released,No,https://pixeldrain.com/u/q8ZphRXQ
DON'T TAP THE GLASS,Ring Ring Ring [V1],"Version of ""Ring Ring Ring"" from the DON'T TAP THE GLASS test pressing version, with a different mix, production changes and no talkbox by T.Nava.","Jul 21, 2025",3:21,Album Track,Released,No,https://pixeldrain.com/u/VjsJQA24
DON'T TAP THE GLASS,Don't Tap That Glass / Tweakin' [V1],"Version of ""Don't Tap That Glass / Tweakin'"" from the DON'T TAP THE GLASS test pressing version, with a different mix.","Jul 21, 2025",3:42,Album Track,Released,No,https://pixeldrain.com/u/k9hYKRrQ
DON'T TAP THE GLASS,"Don't You Worry Baby [V1]
(feat. Madison McFerrin)","Version of ""Don't You Worry Baby"" from the DON'T TAP THE GLASS test pressing version, with a different mix, a longer intro, production changes & no ""Let Me Ride"" sample.","Jul 21, 2025",3:14,Album Track,Released,No,https://pixeldrain.com/u/WCnHucTJ
DON'T TAP THE GLASS,"I'll Take Care of You [V1]
(feat. Yebba)","Version of ""I'll Take Care of You"" from the DON'T TAP THE GLASS test pressing version, with a different mix.","Jul 21, 2025",3:20,Album Track,Released,No,https://pixeldrain.com/u/V1tNMugR
DON'T TAP THE GLASS,"???
(Track 10, Down Bad)",Track 10 on the test pressing version of DON'T TAP THE GLASS.,"Jul 21, 2025",2:00,Album Track,Released,No,https://pixeldrain.com/l/5QwnJd6q#item=9
DON'T TAP THE GLASS,Tell Me What It Is [V1],"Version of ""Tell Me What It Is"" from the DON'T TAP THE GLASS test pressing version, with a different mix.","Jul 21, 2025",3:17,Album Track,Released,No,https://pixeldrain.com/u/TYSUJZSx
,DON'T TAP THE GLASS,,,,,,,
DON'T TAP THE GLASS,"Big Poe [V2]
(feat. Pharrell Williams)","Track 1 on DON'T TAP THE GLASS. Samples ""Pass the Courvoisier Part II"" by Busta Rhymes.","Jul 21, 2025",3:02,Album Track,Released,Yes,https://pixeldrain.com/u/7tCgDDBw
DON'T TAP THE GLASS,Sugar On My Tongue [V2],Track 2 on DON'T TAP THE GLASS.,"Jul 21, 2025",2:33,Album Track,Released,Yes,https://pixeldrain.com/u/uwPjonMY
DON'T TAP THE GLASS,Sucka Free [V2],Track 3 on DON'T TAP THE GLASS.,"Jul 21, 2025",2:41,Album Track,Released,Yes,https://pixeldrain.com/u/1C1vCKR6
DON'T TAP THE GLASS,Mommanem [V2],"Track 4 on DON'T TAP THE GLASS. Interlude, leads into Stop Playing With Me.","Jul 21, 2025",1:15,Album Track,Released,Yes,https://pixeldrain.com/u/qVd8uwLm
DON'T TAP THE GLASS,Stop Playing With Me [V2],Track 5 on DON'T TAP THE GLASS.,"Jul 21, 2025",2:13,Album Track,Released,Yes,https://pixeldrain.com/u/ANqNoQF1
DON'T TAP THE GLASS,Ring Ring Ring [V2],Track 6 on DON'T TAP THE GLASS.,"Jul 21, 2025",3:21,Album Track,Released,Yes,https://pixeldrain.com/u/HWPYq3Ej
DON'T TAP THE GLASS,Don't Tap That Glass / Tweakin' [V2],"Original version of ""Don't Tap That Glass"" without Swizz Beatz' adlibs, was replaced by a new mix 3 weeks later.","Jul 21, 2025",3:42,Album Track,Deleted,No,https://pixeldrain.com/u/ujqKNivb
DON'T TAP THE GLASS,"Don't Tap That Glass / Tweakin' [V3]
(add. Swizz Beatz)","Track 7 on DON'T TAP THE GLASS, has vocals from Swizz Beatz & a fade in.","Aug 12, 2025",3:42,Album Track,Deleted,No,https://pixeldrain.com/u/gQPqrT3Z
DON'T TAP THE GLASS,"Don't Tap That Glass / Tweakin' [V4]
(add. Swizz Beatz)","Track 7 on DON'T TAP THE GLASS, doesn't have a fade in anymore.",,3:42,Album Track,Released,Yes,https://pixeldrain.com/u/JanRd2Br
DON'T TAP THE GLASS,"Don't You Worry Baby [V2]
(feat. Madison McFerrin)",Track 8 on DON'T TAP THE GLASS.,"Jul 21, 2025",2:58,Album Track,Released,Yes,https://pixeldrain.com/u/VjRTW14g
DON'T TAP THE GLASS,"I'll Take Care of You [V2]
(feat. Yebba)",Track 9 on DON'T TAP THE GLASS.,"Jul 21, 2025",3:20,Album Track,Released,Yes,https://pixeldrain.com/u/avmHenSU
DON'T TAP THE GLASS,Tell Me What It Is [V2],Track 10 on DON'T TAP THE GLASS.,"Jul 21, 2025",3:22,Album Track,Released,Yes,https://pixeldrain.com/u/4ybbLara
,Loose,,,,,,,
DON'T TAP THE GLASS,"Maxo Kream - Cracc At 15
(prod. Tyler, The Creator)","Single released on July 7th, 2025.","Jul 7, 2025",2:58,Production,Released,Yes,https://pixeldrain.com/u/jwxJfXH3
DON'T TAP THE GLASS,"Clipse - P.O.V. [V2]
(feat. Tyler, The Creator) (prod. Pharrell Williams)","Track 3 on ""Let God Sort Em Out"" by Clipse.","Jul 11, 2025",4:18,Feature,Released,Yes,https://pixeldrain.com/u/vh6N4VT5
DON'T TAP THE GLASS,SUGAR ON MY TONGUE (Freak Mix),"Alternate version of ""Sugar On My Tongue"" released onto YouTube on December 25th, 2025. Also the version he played live.","Dec 25, 2025",3:49,Remix,Released,Yes,https://pixeldrain.com/u/pkJNBpoF
DON'T TAP THE GLASS,SAG HARBOR,"Freestyle recorded in August 2025, released onto YouTube on December 25th, 2025 then later released onto streaming services on June 23rd, 2026 alongside ""THAT GUY"".","Dec 25, 2025",3:41,Single,Released,Yes,https://open.spotify.com/track/6NVRUjLqjAsPpaSUgVawTQ?si=6fe4d8ce30814252
DON'T TAP THE GLASS,"A$AP Rocky - FISH N STEAK (WHAT IT IS)
(feat. Tyler, The Creator & Jozzy) (prod. Beat Butcha, Hector Delgado & Swiff D)","Track 17 on ""DON'T BE DUMB"" by A$AP Rocky.","Jan 16, 2026",3:49,Feature,Released,Yes,https://open.spotify.com/track/6qJjgYxhZ3gBTm4TI8t41e?si=b643a0efeea24cc2
DON'T TAP THE GLASS,"YG - ON THE LOW
(feat. Tyler, The Creator) (prod. Ty Dolla $ign)","Track 6 on ""THE GENTLEMEN'S CLUB"" by YG.","Jun 19, 2026",3:03,Feature,Released,Yes,https://open.spotify.com/track/09vUEGDPqHaMWxRSS6XPY1?si=1ee6423ad51246d2
