Era,Name,Notes,Full Length,Leak Date,File Date,Available Length,Quality,Link(s)
"1 OG File(s)
7 Full
0 Tagged
0 Stem Bounce(s)
0 Partial
0 Snippet(s)
6 Unavailable",Ace,"(2004 - 2012) (as Ace, Ace Creator, Ace, The Creator, thrashpolo)
This is an umbrella era for any song that isn’t on any album, while Ace was either still uploading music to his MySpace & imeem accounts, or just whenever Ace was last used.",,,,,,
Ace,"✨ Finally Something Different [V1]
(casey1)","Early version of the instrumental used by Casey Veggies on his song ""Finally Something Different"" that has some alternate instrumentation. One of Tyler's self-proclaimed best beats.",3:30,"Oct 21, 2025",,Full,CD Quality,https://pixeldrain.com/u/Gm4suES4
Ace,"Jasp
(Highlights)","Instrumental to ""Highlights"" by Mike G, originally used on ""Dolphin Life"" by Jasper Dolphin. #2 Tyler beat on his Top 10 list. ",3:02,"Feb 22, 2024",2009,Full,High Quality,https://pixeldrain.com/u/isEE2Aq8
Ace,"Fish [V1]
(Kitty, KittyKat)","Instrumental to the demo version of ""Fish"", made in 2007.",,,2007,Rumored,Not Available,N/A
Ace,"Kitty [V2]
(Fish, KittyKat)",Version of the instrumental that's only a short demo.,0:49,"Feb 22, 2024",,Full,High Quality,https://pixeldrain.com/u/D8hRT4wF
Ace,Luper [V1],"Beat made in 2007, later edited & used on Earl's 2010 mixtape.",,,2007,Confirmed,Not Available,N/A
Ace,"✨ Midnight Hour
(You're Drunk)","Original instrumental to You're Drunk, pitched up & has alternate mixing. Made in 2009.",2:10,"Jul 18, 2025",2009,OG File,High Quality,https://pixeldrain.com/u/Ehgm79BE
Ace,Networking (1/2),"First half of the instrumental to ""Networking"" by Casey Veggies, made when Tyler was 16.",,,2007,Lost,Not Available,N/A
Ace,"Stranger Stranger
(More Ovaltine Please)","Loose instrumental, year unknown. Used for the brandUn DeShay song, ""More Ovaltine Please."" ",3:53,"Jul 18, 2022",,Full,Low Quality,"https://pixeldrain.com/u/JPt2aESr 
https://pixeldrain.com/u/JxjVoC4v"
Ace,Supreme [V1],"Original version of the instrumental, made in February 2006.",1:38,"Mar 24, 2025",Feb 2006,Full,High Quality,https://pixeldrain.com/u/t8u3moRS
Ace,"Casey Veggies - I Don't Know
(prod. Tyler, The Creator)","Instrumental to ""I Don't Know"" by Casey Veggies, made on December 4th, 2007.",1:43,"Feb 22, 2024","Dec 4, 2007",Full,High Quality,https://pixeldrain.com/u/PMCTsg4j
Ace,"LaVish - Smile Cheese Take a Picture
(prod. Tyler, The Creator)","Instrumental to ""Smile Cheese Take a Picture"" by LaVish & Tyler.",3:25,"Dec 13, 2025",2009,Full,High Quality,https://pixeldrain.com/u/o4NHw6vH
Ace,"Matt Martians - Callin' On Me (2/2)
(prod. Tyler, The Creator)","Second half of the instrumental to the Matt Martians song ""Callin' on Me"". Contains Tyler production.",2:30,,2008,Confirmed,Not Available,N/A
Ace,"Matt Martians - Dent Jusay
(prod. Tyler, The Creator)","Instrumental to ""Dent Jusay"" by Matt Martians. Unknown what year Tyler produced this.",,,,Confirmed,Not Available,N/A
Ace,"Skoolie300 - K.I.S.S.I.N.G
(KISSING)",Beat made in an unknown year. Later reused for a Skoolie300 song.,,,,Confirmed,Not Available,N/A
"0 OG File(s)
0 Full
0 Tagged
0 Stem Bounce(s)
0 Partial
0 Snippet(s)
0 Unavailable",my good beats,"(2004 - 2005) (as tylerokonma)
Compilation of beats Tyler made in 2004 that he wanted to repurpose for other projects, similar to ""Personal Stash"". Made under the name ""tylerokonma"", instead of Ace or Tyler, The Creator.",,,,,,
my good beats,,,,,,,,
my good beats,,,,,,,,
my good beats,,,,,,,,
my good beats,,,,,,,,
my good beats,,,,,,,,
"0 OG File(s)
3 Full
0 Tagged
0 Stem Bounce(s)
0 Partial
0 Snippet(s)
0 Unavailable",Dreams In 3-D,"(2004 - 2006) (as Tyler, The Creator)
Dreams In 3-D is one of Tyler's earliest projects containing some of his earliest work, which contains 18 tracks in total. Every instrumental from this project was finished in early 2006. This project was planned to be recorded on, but ultimately never happened. This would later become the basis for At Your Own Risk.",,,,,,
Dreams In 3-D,"🗑️ Pink + Blue [V1]
(Pink & Blue, Purple X Toys (1/2), Highlighter)","Track 5 on Dreams In 3-D, made in 2006.",2:08,"Aug 25, 2025",2006,Full,CD Quality,https://pixeldrain.com/u/wvpwXzC6
Dreams In 3-D,XoXo [V1],"Track 10 on Dreams In 3-D, made in 2006.",2:21,"Jun 10, 2024",2006,Full,High Quality,https://pixeldrain.com/u/eAVArMYZ
Dreams In 3-D,✨ XoXo [V2] ,"Second version of XoXo, also made in 2006.",3:57,"Feb 6, 2025",2006,Full,High Quality,https://pixeldrain.com/u/d4ZigKip
"0 OG File(s)
1 Full
0 Tagged
0 Stem Bounce(s)
0 Partial
0 Snippet(s)
1 Unavailable","At Your Own Risk [V1]
(Dreams In 3-D [V2])","(2005 - 2007) (as Ace)
At Your Own Risk is another one of Tyler's earliest projects that was set to release on MySpace in 2008, containing a lot of reworked beats from Dreams In 3-D. This was mainly an instrumental album, with the only songs actually having vocals being Get Fresh, Speakerboxx & Sorry.... This project was likely shelved in favor of Stereo-Type sometime in early 2007, but was later worked on later that year. Tyler ended up making a final instrumental copy of this album in 2008 that he burned onto CD's and gave to friends. Although he is never known to have recorded on this copy, the instrumental copy is known to be had.",,,,,,
At Your Own Risk [V1],🏅 Get Fresh (1/2) [V1],"Instrumental to ""Get Fresh"" that's speculated to be the non-remix version Tyler mentioned in the cover.",,,,Confirmed,Not Available,N/A
At Your Own Risk [V1],Speakerboxx (1/2) [V1],"Instrumental to ""Speakerboxx,"" made and posted to MySpace in 2006. Shown on a poll alongside Has adlibs from Tyler.",3:54,"Jan 27, 2026",2007,Full,CD Quality,https://pixeldrain.com/u/C85qNQNJ
"2 OG File(s)
2 Full
0 Tagged
0 Stem Bounce(s)
0 Partial
0 Snippet(s)
1 Unavailable","Stereo-Type
(A Stereo-Type, Stero-Type)","(2006 - 2008) (as Ace)
Stereo-Type is a mixtape that was set to release in 2008. Supposedly this entire project had vocals, but all that has leaked from this project are instrumentals (apart from I Dream & Speakerboxx, these are from that copy). This vocal copy of the project is currently lost. Made alongside Radio Arcade.",,,,,,
Stereo-Type,✨ Handsome Sounds,"Instrumental to ""Handsome Sounds"", made in 2007.",1:50,"Feb 6, 2025",2007,OG File,Low Quality,https://pixeldrain.com/u/SduCpTHa
Stereo-Type,Odd Toddlers [V1],"Initial version, has a higher pitch. Was rapped on in the Bored Freestyle, as well as by Casey Veggies & brandUn DeShay for their Odd Toddlers remixes.",,,2007,Lost,Not Available,N/A
Stereo-Type,⭐️ Secret Garden [V1],"Instrumental to ""Secret Garden"". Originally leaked in LQ on an unknown date, later leaked in CDQ on November 13th, 2024. Noticably cropped on the CDQ version.",4:05,"Nov 13, 2024",2007,OG File,CD Quality,https://pixeldrain.com/u/yviZTQMW
Stereo-Type,"Supersonic [V1]
(Herpes On My Lip (Instrumental), Herpes Instrumental)","Initial version, made on October 10th, 2007. Used as the instrumental to ""Herpes On My Lip"". Reused on Eargasm.",2:03,"Mar 18, 2024","Oct 10, 2007",Full,High Quality,https://pixeldrain.com/u/eTmgKHW5
Stereo-Type,⭐️ Supreme [V2],"Instrumental to ""Supreme"", made and posted sometime in 2006 - 2007. Has adlibs. Shown in a poll alongside ""I Dream"", ""Odd Future"", ""Air Balloon"", & ""Speakerboxx"".",3:46,"Oct 30, 2024",,Full,High Quality,https://pixeldrain.com/u/ZgB9o11R
"0 OG File(s)
0 Full
0 Tagged
0 Stem Bounce(s)
0 Partial
0 Snippet(s)
0 Unavailable","The Recipe
(Collaboration with Burtono)","(2006 - 2008) (as Ace)
The Recipe is an unreleased Burtono mixtape that had some production credits from Tyler, likely recorded in 2007 and released in 2008 but most of this project is now lost.",,,,,,
"0 OG File(s)
0 Full
0 Tagged
0 Stem Bounce(s)
0 Partial
0 Snippet(s)
0 Unavailable","At Your Own Risk [V2]
(Dreams In 3-D [V3])","(2007 - 2008) (as Ace)
After At Your Own Risk was scrapped in early 2007, Tyler revived it in mid to late 2007. Every instrumental from the earlier copy got completely reworked into practically different tracks with the only similarities being the name. Planned to be recorded on and released around the same time Stereo-Type & Eargasm would've been in early to mid 2008.",,,,,,
At Your Own Risk [V2],,,,,,,,
At Your Own Risk [V2],,,,,,,,
At Your Own Risk [V2],,,,,,,,
At Your Own Risk [V2],,,,,,,,
At Your Own Risk [V2],,,,,,,,
At Your Own Risk [V2],,,,,,,,
At Your Own Risk [V2],,,,,,,,
At Your Own Risk [V2],,,,,,,,
At Your Own Risk [V2],,,,,,,,
At Your Own Risk [V2],,,,,,,,
At Your Own Risk [V2],,,,,,,,
At Your Own Risk [V2],,,,,,,,
At Your Own Risk [V2],,,,,,,,
At Your Own Risk [V2],,,,,,,,
At Your Own Risk [V2],,,,,,,,
At Your Own Risk [V2],,,,,,,,
At Your Own Risk [V2],,,,,,,,
At Your Own Risk [V2],,,,,,,,
At Your Own Risk [V2],,,,,,,,
"0 OG File(s)
9 Full
0 Tagged
0 Stem Bounce(s)
0 Partial
1 Snippet(s)
0 Unavailable",Eargasm,"(2007 - 2008) (as Ace)
Eargasm was originally supposed to be a sampler for Stereo-Type, but later turned into its own album. A preview playlist containing songs from Eargasm was released on MySpace in 2008, with a full release set for the same year.",,,,,,
Eargasm,"808s and Cupcakes
(Brotherly Love)","Track 17 on Eargasm, later given to Jack Mushroom for his song ""Brotherly Love"" with Skoolie since Tyler & Earl Sweatshirt wanted him to rap.",3:54,"Feb 19, 2024",2007,Full,High Quality,https://pixeldrain.com/u/v3P1fo3o
Eargasm,⭐ April Fools,"Track 10 on Eargasm, made in 2007. Used as the instrumental to a Hodgy Beats song of the same name.",3:41,"Feb 22, 2024",2007,Full,High Quality,https://pixeldrain.com/u/qbrqmiog
Eargasm,Cloud High,"Instrumental to ""Cloud High"" by Jack Mushroom. Track 8 on a scrapped tracklist.",3:02,"Oct 22, 2025",2007,Full,High Quality,https://pixeldrain.com/u/ibCuic9v
Eargasm,"Dope Dealer [V1]
(Classic Tyler 7)","Initial version, shorter and missing the 4 count intro. Leaked under ""Classic Tyler 7.""",2:08,"Feb 22, 2024",,Full,Low Quality,https://pixeldrain.com/u/EVLVX7bc
Eargasm,Dope Dealer [V2],"Instrumental to ""Dope Dealer"", made on November 9th, 2007 and posted onto imeem on February 14th, 2008.",3:23,"Sep 22, 2023","Nov 9, 2007",Full,High Quality,https://pixeldrain.com/u/hUWvpZp7
Eargasm,"✨ Hang Up
(Moonlight)","Track 18 on Eargasm, made on November 20th, 2007. Used in a MySpace video freestyle called ""Hang Ups"" by Casey Veggies and later reused as the instrumental to ""Moonlight"" by Earl Sweatshirt.",3:29,"Jul 3, 2014","Nov 20, 2007",Full,High Quality,https://pixeldrain.com/u/qyzeLAvM
Eargasm,"✨ Herpes and Cupcakes [V1]
(88back, Classic Tyler 9)","Initial version, made on October 25th, 2007. Mike G's favorite Tyler beat.",4:15,,"Oct 25, 2007",Full,High Quality,https://pixeldrain.com/u/kJZqwTuQ
Eargasm,🏅 Herpes and Cupcakes [V2],"Instrumental to ""Herpes and Cupcakes"", in a different pitch & has a bridge.",,"May 15, 2026",,Snippet,High Quality,https://pixeldrain.com/u/LxJCCtf3
Eargasm,"Nosecandy
(Steak Sauce)","Track 2 on Eargasm, made between March 16th to May 29th, 2007 & previewed on Tyler's old YouTube account (Bloxhead). Reused on Goblin as Steak Sauce. ",3:24,"Jun 4, 2023",2007,Full,CD Quality,https://pixeldrain.com/u/hV84uysc
Eargasm,Odd Toddlers [V2],"Instrumental to ""Odd Toddlers"", made in 2008. Has a few mixing differences and doesn't fade out like in the final.",3:37,"Feb 22, 2025",2008,Full,High Quality,https://pixeldrain.com/u/RJC3NBEr
"0 OG File(s)
0 Full
0 Tagged
0 Stem Bounce(s)
0 Partial
0 Snippet(s)
0 Unavailable",Unique Style ,"(2007 - 2009) (as thrashpolo)
Unique Style is the first known project Tyler has made under the alias ""thrashpolo"". Worked on from 2007 to 2009, and contains 16 instrumentals. This project has a cover, but is not leaked.",,,,,,
Unique Style,,,,,,,,
Unique Style,,,,,,,,
Unique Style,,,,,,,,
Unique Style,,,,,,,,
"0 OG File(s)
0 Full
0 Tagged
0 Stem Bounce(s)
0 Partial
0 Snippet(s)
0 Unavailable","Infinite Rhythms
(Infinite Rhyhtms)","(2007 - 2008) (as thrashpolo)
Infinite Rhythms is another project made under the thrashpolo alias. Currently not much is known about it other than the fact it was worked on alongside Unique Style, being worked on from Early 2007 - Late 2008.",,,,,,
Infinite Rhythms,,,,,,,,
"0 OG File(s)
3 Full
0 Tagged
0 Stem Bounce(s)
0 Partial
1 Snippet(s)
1 Unavailable",Poly/Mono,"(2007 - 2011) (as Poly/Mono)
Poly/Mono is another one of Tyler's aliases, described as being ""Ghetto-Tech"" with ""808s And Shit."" Multiple projects would be made under this name, all of them being somewhat lost now. Most of these songs were planned to be used for Adventure Time due to an interview Tyler did. This is an umbrella era for any Poly/Mono song that isn't on any album. ",,,,,,
,Instrumentals,,,,,,,
Poly/Mono,"Air
(DTA)","Instrumental to ""DTA"" by Casey Veggies, made in 2009. Previewed in an old Peas & Carrots video on Youtube.",2:50,"Feb 19, 2024",2009,Full,CD Quality,https://pixeldrain.com/u/jURpxUi9
Poly/Mono,"⭐ CG [V1]
(Customized Greatly)","Initial version, made in 2008. Samples ""I Still Love You"" by the Roy Ayers Ubiquity. This version was originally given to LaVish to record on, & would later be reworked & reused by Hodgy Beats for The Dena Tape. Has vocals from Tyler.",2:46,"Dec 11, 2025",2008,Full,High Quality,https://pixeldrain.com/u/sVUDgxNy
Poly/Mono,"CG [V2]
(Customized Greatly)","Reworked version, used by Hodgy Beats on his song ""Customized Greatly."" Was thought to have been leaked during February 22nd, 2024, but the file we had was a fake.",,,,Confirmed,Not Available,N/A
Poly/Mono,Couch [V1],"Earlier version of the main part of the Couch instrumental. Meant to be combined with the earlier version of the 2nd part. Made in 2008, under the Poly/Mono alias.",,"Apr 17, 2026",2008,Snippet,High Quality,"https://pixeldrain.com/u/DGor4CbP 
https://pixeldrain.com/u/AzwZVtiZ"
Poly/Mono,Spunk,"Poly/Mono beat, made on December 7th, 2007 while Tyler was in school and given to us by Skoolie300.",4:40,,"Dec 7, 2007",Full,High Quality,https://pixeldrain.com/u/Qd8npSka
"1 OG File(s)
2 Full
0 Tagged
0 Stem Bounce(s)
0 Partial
0 Snippet(s)
1 Unavailable",Radio Arcade,"(2007 - 2008) (as Ace)
Ace project that was teased alongside Stereo-Type, thought to be a Poly/Mono project but isn't one. Shares similarities with Stereo-Types artwork.",,,,,,
,Instrumentals,,,,,,,
Radio Arcade,Mushrooms [V1],"Initial version, differences unknown.",1:16,,,Lost,Not Available,N/A
Radio Arcade,"⭐ Mushrooms [V2]
(Classic Tyler 3)","Second version, posted onto HypeBeast on June 13, 2008. Considered ""not the real thing lmfao, but still pretty g .""",3:06,"Apr 23, 2012",2008,Full,Low Quality,https://pixeldrain.com/u/czbBmwys
Radio Arcade,Mushrooms [V3],"Instrumental to ""Mushrooms"", has a new intro and has less instrumentation. Found on last.fm in 2011.",4:07,"Oct 12, 2024",2008,OG File,CD Quality,https://pixeldrain.com/u/rSAsSNKz
Radio Arcade,"Hodgy Beats - Highlighter [V3]
(Purple X Toys, Pink + Blue, HighLiter)","Radio Arcade version, made in 2007. Later rapped over by Hodgy Beats for an unused Dena Tape track of the same name.",4:17,"Nov 5, 2014",2007,Full,CD Quality,https://pixeldrain.com/u/RiY559Sb
"0 OG File(s)
0 Full
0 Tagged
0 Stem Bounce(s)
0 Partial
0 Snippet(s)
0 Unavailable","Soundz On Acid
(Acid Sound)","(2007 - 2009) (as Poly/Mono)
Poly/Mono project worked on and off over the course of 2 years, unknown if it was meant for release or not.",,,,,,
Soundz On Acid,,,,,,,,
Soundz On Acid,,,,,,,,
Soundz On Acid,,,,,,,,
Soundz On Acid,,,,,,,,
Soundz On Acid,,,,,,,,
Soundz On Acid,,,,,,,,
Soundz On Acid,,,,,,,,
Soundz On Acid,,,,,,,,
Soundz On Acid,,,,,,,,
"0 OG File(s)
0 Full
0 Tagged
0 Stem Bounce(s)
0 Partial
0 Snippet(s)
0 Unavailable",Locked Away,"(2007 - 2008) (as Ace)
Relatively obscure project made under the Ace alias, most likely consists of instrumentals only. ",,,,,,
Locked Away,,,,,,,,
Locked Away,,,,,,,,
Locked Away,,,,,,,,
Locked Away,,,,,,,,
Locked Away,,,,,,,,
"0 OG File(s)
2 Full
0 Tagged
0 Stem Bounce(s)
0 Partial
1 Snippet(s)
0 Unavailable",Personal Stash,"(2007 - 2010) (as Ace)
Personal Stash was a playlist Tyler made that contained some of his favorite beats from around 2007 - 2010. It's unlikely that anything else tagged with this will surface again, as these are files taken directly from Tyler's personal emails.",,,,,,
,Instrumentals,,,,,,,
Personal Stash,"Alien Workshop
(Royalty)","Instrumental to ""Royalty"" by Jack Mushrooms, tagged with Personal Stash. Used in an infamous fake with vocals taken from ""Steed Lord"".",4:21,"Nov 23, 2023",,Full,CD Quality,https://pixeldrain.com/u/KFfgyczT
Personal Stash,Fresher Than This,"Instrumental to ""Fresher Than This"" by Skoolie300. Skoolie confirmed that Tyler made this beat for him on the spot and then recorded it same day. ",~3:15,"Mar 16, 2026",,Snippet,Low Quality,https://pixeldrain.com/u/tLKn24MD
Personal Stash,"✨ Pigions [V1]
(Celery Sticks (Remix))","Initial version, made in 2009. Doesn't change pitch and has other slight differences. Tyler mentioned in a tweet that this beat is a remix to a 2007 beat he did, which was found out to be the song, ""Celery Sticks.""",3:31,"Dec 31, 2022",2009,Full,CD Quality,https://pixeldrain.com/u/HdsY7iyy
"0 OG File(s)
2 Full
0 Tagged
0 Stem Bounce(s)
0 Partial
0 Snippet(s)
0 Unavailable",Bodega,"(2007 - 2008) (as Tyler, The Creator)
Relatively obscure project that was really only shared around with friends, quite a bit of this project was made at school. The songs on this project were tagged with many different artists, those being: Tyler, The Creator, Ace, Casey Veggies (CaseyV.), Skoolie300 (Skool Boy), brandUn DeShay, Trenard Moody (T Moody), & Mak Milli (K Mak). This project's last modified date is May 13th, 2008, but some songs were made later than that. This is one of three of Tyler's earliest projects that we have in full.",,,,,,
,Instrumentals,,,,,,,
Bodega,Blow,"Track 5 on Bodega, made on June 3rd, 2008. Used as the instrumental to both ""Blow"" and ""Breez (Some Use Pipes)"" by Skoolie300. Comment on this song says ""FOR gay nigga"" (whatever that means).",2:56,"Jun 14, 2022","Jun 3, 2008",Full,High Quality,https://pixeldrain.com/u/Y8tCNrjR
Bodega,"Casey Veggies - CV [V1]
(Networking (2/2))","Track 2 on Bodega, made when Tyler was 15 in 2007. Initial version of the second half to ""Networking"" by Casey Veggies.",2:07,"Aug 4, 2025",2007,Full,High Quality,https://pixeldrain.com/u/Z725D9e3
"0 OG File(s)
1 Full
0 Tagged
0 Stem Bounce(s)
0 Partial
0 Snippet(s)
0 Unavailable","I Smell Panties
(Collaboration with Jasper Dolphin & HotBoy)
(The Special Olympics, CVH)","(2007 - 2008) (as Ace)
I Smell Panties is a joke collaboration between Tyler, Jasper Dolphin (Bon Bon) & HotBoy, two projects were planned but none released.",,,,,,
,Instrumentals,,,,,,,
I Smell Panties,"Shower
(Hi To Me (Instrumental), Puppy Love [V2])","Instrumental to ""Hi to Me"" with a pitch change and an alternate outro.",3:41,"May 5, 2024",2008,Full,High Quality,https://pixeldrain.com/u/XYuTexCx
"0 OG File(s)
2 Full
0 Tagged
0 Stem Bounce(s)
0 Partial
0 Snippet(s)
0 Unavailable",The Blair Bitch Project,"(2008) (as Ace)
Project teased for release in early 2008 by Tyler on his blogspot. Only info about project this is the low quality covers and two instrumentals reused from The Odd Future Tape, possibly meant to be recorded on. ",,,,,,
,Instrumentals,,,,,,,
The Blair Bitch Project,"Hokus
(Hocus Pocus)","Track 4 on The Blair Bitch Project, made in 2008. Later used for The Odd Future Tape.",1:39,"Jun 10, 2024",2008,Full,High Quality,https://pixeldrain.com/u/EEPB1xFQ
The Blair Bitch Project,"Tyler Is Black [V1]
(Bitches Brewin')","Instrumental to ""Bitches Brewin'"", made on May 22nd, 2008. ",2:47,"Apr 23, 2012","May 22, 2008",Full,CD Quality,https://pixeldrain.com/u/ooS229LE
"0 OG File(s)
3 Full
0 Tagged
0 Stem Bounce(s)
0 Partial
0 Snippet(s)
1 Unavailable","The Odd Future Tape
(Collaboration with Odd Future)
(The FUCKING Tape)","(2007 - 2008) (as Ace, Ace Creator, & Tyler Creator)
The Odd Future Tape is the debut mixtape from Odd Future, released on November 16, 2008.",,,,,,
,Instrumentals,,,,,,,
The Odd Future Tape Vol. 1,"🏅 Dude
(Slow It Down)","Instrumental to ""Slow It Down"" that was being sold by Tbyers. Interpolates the remix of ""Everybody Nose (All The Girls Standing In The Line For The Bathroom)"" by N.E.R.D.",,,,Confirmed,Not Available,N/A
The Odd Future Tape Vol. 1,"Sextape
(Dracula)","Instrumental to ""Dracula"", made on November 29th, 2007.",2:13,"Dec 19, 2023","Nov 29, 2007",Full,High Quality,https://pixeldrain.com/u/4foNEWkK
The Odd Future Tape Vol. 1,"What Ya Life Like
(Raw (Freestyle), The Life Like)","Instrumental to both ""The Life Like"" and ""Raw (Freestyle)"".",3:13,,,Full,CD Quality,https://pixeldrain.com/u/7fxveqyo
The Odd Future Tape Vol. 1,"Casey Veggies - Remember Me
(Domk)","Instrumental to ""Remember Me"", made in 2007.",3:28,"Jul 18, 2022",2007,Full,High Quality,https://pixeldrain.com/u/sb9xNwx3
"0 OG File(s)
0 Full
0 Tagged
0 Stem Bounce(s)
0 Partial
0 Snippet(s)
0 Unavailable",PinkGoldSquarePixals,"(2008) (as Poly/Mono)
Album made under the Poly/Mono alias and was teased on Tyler's BlogSpot & on his MySpace alongside SuperDuperSteezMonster. Tyler talked on a Blogspot post about doing a ""Ghetto Tech Album, 808's And Sy.ths With Reverbs, Just Talking About Super Dumb Shit And Femals And Waffle, Shit That Can Get A Club Cracking."" ",,,,,,
PinkGoldSquarePixals,,,,,,,,
PinkGoldSquarePixals,,,,,,,,
PinkGoldSquarePixals,,,,,,,,
PinkGoldSquarePixals,,,,,,,,
PinkGoldSquarePixals,,,,,,,,
PinkGoldSquarePixals,,,,,,,,
PinkGoldSquarePixals,,,,,,,,
PinkGoldSquarePixals,,,,,,,,
PinkGoldSquarePixals,,,,,,,,
"0 OG File(s)
0 Full
0 Tagged
0 Stem Bounce(s)
0 Partial
0 Snippet(s)
0 Unavailable",SuperDuperSteezMonster,"(2008) (as Poly/Mono)
Album made under the Poly/Mono alias and was teased on Tyler's MySpace alongside PinkGoldSquarePixals.",,,,,,
SuperDuperSteezMonster,,,,,,,,
SuperDuperSteezMonster,,,,,,,,
SuperDuperSteezMonster,,,,,,,,
SuperDuperSteezMonster,,,,,,,,
SuperDuperSteezMonster,,,,,,,,
SuperDuperSteezMonster,,,,,,,,
SuperDuperSteezMonster,,,,,,,,
SuperDuperSteezMonster,,,,,,,,
"0 OG File(s)
0 Full
0 Tagged
0 Stem Bounce(s)
0 Partial
0 Snippet(s)
0 Unavailable","The Senioritis Tape
(Collaboration with Odd Future)","(2008 - 2009) (as Ace)
The Senioritis Tape is a collaboration tape with Tyler & Odd Future that was planned to release when they graduated high school and was most likely scrapped soon after it was announced. Barely any information known about it other than it holding some OF Tape Vol. 1 instrumentals. It was annonced on the Odd Future Blogspot on June 6th, 2009 and was supposed to be released on June 18th, 2009.",,,,,,
The Senioritis Tape,Fucking Lame,"Instrumental to ""Fucking Lame"", missing sound effects from the final version.",2:31,"Apr 5, 2025",,Full,Low Quality,https://pixeldrain.com/u/cjAvK4FR
"0 OG File(s)
2 Full
0 Tagged
0 Stem Bounce(s)
0 Partial
0 Snippet(s)
0 Unavailable","III TV Cab Thief
(IIl Cab TV Thief)","(2008 - 2009) (as Ace)
III TV Cab Thief is a project Tyler started in mid to late 2008, mostly comprised of instrumentals with the exception of ""Fuck Santa."" Mentioned on April 8th, 2008. This project was worked alongside Dinosaur in early 2009, but later being scrapped and having some material moved over to Dinosaur.",,,,,,
,Instrumentals,,,,,,,
Ill Cab TV Thief,Dinosaur,"Instrumental to ""Dinosaur"", made on January 2nd, 2009.",3:31,"Aug 26, 2023","Jan 2, 2009",Full,High Quality,https://pixeldrain.com/u/QMV9hL4J
Ill Cab TV Thief,"The Eyeball
(The Nosebleed)","Instrumental to ""Nose Bleed"", played on Loiter Squad.",2:57,"Mar 25, 2022",,Full,High Quality,https://pixeldrain.com/u/rwqezTHP
"5 OG File(s)
13 Full
0 Tagged
0 Stem Bounce(s)
0 Partial
0 Snippet(s)
3 Unavailable","Dinosaur
(Dinosaur EP, Bastard [V1])","(Late 2008 - Mid 2009) (as Ace & Ace Creator)
Dinosaur is a Tyler project that was set to release in March 2009 before being delayed, then scrapped in fall of the same year for Bastard. Tyler has stated on Twitter in 2010 that this project later became Bastard & that he still had a bunch of rough drafts from ""what it would have been.""",,,,,,
,Instrumentals,,,,,,,
Dinosaur,"7
(Seven)","Instrumental to ""Seven"", has some unheard parts but is overall just a beat loop.",2:09,"Feb 22, 2024",,Full,Low Quality,https://pixeldrain.com/u/GEpvZPFt
Dinosaur,Asthma,"Instrumental to ""Asthma"", made in 2009.",3:38,"Jun 5, 2026",,Full,CD Quality,https://pixeldrain.com/u/FNMVAGbR
Dinosaur,Biscuits ,"Instrumental to ""Biscuits"" by Hodgy Beats, made on February 12th, 2009. Samples ""Glory Box"" by Portishead.",3:04,"Feb 22, 2024","Feb 12, 2009",Full,High Quality,https://pixeldrain.com/u/xEJUQqha
Dinosaur,"Blondie
(Car (2/2))","Instrumental to the second half of ""Car"", made on June 5th, 2009 alongside the ""Pale"" instrumental.",2:36,"Aug 26, 2023","Jun 5, 2009",Full,High Quality,https://pixeldrain.com/u/1UUSnai9
Dinosaur,"FLBuunch
(Suicidal Thoughts, Last Roll)","Instrumental to ""Suicidal Thoughts"" and ""Last Roll"" by Domo Genesis, made on April 16th, 2009. Samples ""Carol Ann"" by Soft Machine.",4:47,"Feb 22, 2024","Apr 16, 2009",OG File,High Quality,https://pixeldrain.com/u/e6KGvE9o
Dinosaur,French! [V1],"Initial version, made on April 14th, 2009.",1:57,"Sep 2, 2023","Apr 14, 2009",OG File,High Quality,https://pixeldrain.com/u/ggoMYf8N
Dinosaur,French! [V2],"Instrumental to ""French"", made on June 14th, 2009.",4:03,"Feb 23, 2024","Jun 14, 2009",Full,High Quality,https://pixeldrain.com/u/SXMjrXSd
Dinosaur,Friend Zone,"Instrumental to ""Friend Zone"".",2:53,"Feb 22, 2024",,Full,High Quality,https://pixeldrain.com/u/9sfNRXde
Dinosaur,"Kemit
(Dazed X Amazed)","Instrumental to ""Dazed X Amazed"", made on January 20th, 2009.",1:34,"Feb 2, 2023","Jan 20, 2009",OG File,High Quality,https://pixeldrain.com/u/Uwtj3u4H
Dinosaur,"Loser
(Car (1/2))","Instrumental to the first half of ""Car"", made on April 19th, 2009.",2:45,"May 21, 2023","Apr 19, 2009",Full,High Quality,https://pixeldrain.com/u/hZRLoxga
Dinosaur,Mony,"Instrumental to ""Mony"", made on December 11th, 2008 and played on Loiter Squad.",3:28,"Dec 22, 2022","Dec 11, 2008",OG File,High Quality,https://pixeldrain.com/u/46gmrN49
Dinosaur,Pale,"Instrumental to ""Pale"", made on June 5th, 2009 alongside ""Blondie"".",5:55,"Oct 7, 2023","Jun 5, 2009",Full,CD Quality,https://pixeldrain.com/u/1LwXERoy
Dinosaur,"Pants
(Rape)","Instrumental to ""Rape"", made on December 22nd, 2008.",2:40,"Feb 22, 2024","Dec 22, 2008",Full,High Quality,https://pixeldrain.com/u/GHfpgoNc
Dinosaur,Pigs Fly,"Initial version, made on April 23rd, 2008. Pitched up & has alternate mixing.",,"Jun 5, 2026","Apr 23, 2008",Full,High Quality,https://pixeldrain.com/u/6eYonS7k
Dinosaur,Session,"Instrumental to ""Session"". Just a beat loop, missing a lot of elements from the released version.",1:13,"Feb 22, 2024",,Full,High Quality,https://pixeldrain.com/u/4231UpjH
Dinosaur,The Kids Can Bleed,"Instrumental to ""The Kids Can Bleed"", made on April 22nd, 2009.",1:59,"Feb 22, 2024","Apr 22, 2009",OG File,High Quality,https://pixeldrain.com/u/asC1jmg7
Dinosaur,Wwarehouse,"Instrumental to ""Wwarehouse"" by Hodgy Beats, made on January 7th, 2009 alongside ""Dot Dot Dot.""",2:21,"Jun 14, 2022","Jan 7, 2009",Full,CD Quality,https://pixeldrain.com/u/7GWMETv4
,Acapellas,,,,,,,
Dinosaur,Blow,,,,,Confirmed,Not Available,
Dinosaur,Pale,,,,,Confirmed,Not Available,
Dinosaur,Rest Stop Flow,"Acapella for Tyler's part on ""Rest Stop Flow"".",1:26,"Jun 10, 2024",,Full,High Quality,https://pixeldrain.com/u/MthNMcy8
Dinosaur,Sleep,,,,,Confirmed,Not Available,
"0 OG File(s)
0 Full
0 Tagged
0 Stem Bounce(s)
0 Partial
0 Snippet(s)
0 Unavailable",The Au79,"(2008 - 2009) (as Tyler, The Creator)
The Au79 was a Jazz instrumental album Tyler worked on from around 2008 to 2009, promotion was uploaded on his Vimeo account using the Untitled 63 beat.",,,,,,
The Au79,,,,,,,,
The Au79,,,,,,,,
The Au79,,,,,,,,
The Au79,,,,,,,,
The Au79,,,,,,,,
"1 OG File(s)
5 Full
0 Tagged
0 Stem Bounce(s)
0 Partial
0 Snippet(s)
0 Unavailable",Zombie Circus,"(2008 - 2009) (as Ace)
Zombie Circus is a Tyler project that was started in late 2008, and worked on until mid 2009 when it was later scrapped, and some of the material got moved to WOLF. This album has been mentioned on a few of Tyler's songs. Tyler stated in an interview in 2013 that Zombie Circus would be releasing soon, but this interview has now been deleted. The base image for this era's album cover was later used on Bastard as an alternate cover.",,,,,,
,Instrumentals,,,,,,,
Zombie Circus,Couch [V2],"OG Filename: Couch
Initial version, made on January 1st, 2009 using FL Studio 8. Has a beat switch outro that isn't in the final song. OG File leaked on December 22nd, 2025. This instrumental was not made for Soundz On Acid.",3:35,"Feb 19, 2023","Jan 1, 2009",OG File,High Quality,https://pixeldrain.com/u/gFF2hLRm
Zombie Circus,🗑️ Rotten Sarah,"Instrumental to ""Rotten Sarah"", made in 2009. The comment for this song states ""Gonna Write Some Dark Shit To This... Sarah... Forever...""",1:27,"Apr 4, 2025",2009,Full,CD Quality,https://pixeldrain.com/u/BMseTXeT
Zombie Circus,"WOLF
(Bastard)","Instrumental to ""Bastard"", made in 2009.",4:23,,2009,Full,High Quality,https://pixeldrain.com/u/5NS4L1w3
Zombie Circus,"✨ Wolf
(WolfSwag)","Instrumental to ""Wolf"", has some unheard parts.",4:14,"Sep 2, 2023",,Full,High Quality,https://pixeldrain.com/u/Rxh469pE
Zombie Circus,"???
(Couch (2/2))","Initial version, made in 2008. Possibly meant to be combined with the earlier version of the 1st part. True name is unknown as of now, the original files name was corrupted.",1:55,"Sep 30, 2024",,Full,High Quality,https://pixeldrain.com/u/zuNefzba
Zombie Circus,???,"Loose Zombie Circus beat, made in 2009. Name unknown as of right now. ",2:48,"May 18, 2024",2009,Full,High Quality,https://pixeldrain.com/u/64fzSrwv
"3 OG File(s)
10 Full
0 Tagged
0 Stem Bounce(s)
0 Partial
4 Snippet(s)
7 Unavailable","WOLF [V1]
(WOLF 2010)","(2008 - 2011) (as Tyler Creator)
Original version of Wolf, that was worked on during Bastard and was meant to release alongside Goblin as a mixtape with both full songs and instrumentals. Eventually, the album was delayed for Tyler to focus on Goblin, but this was still being worked on. None of the songs from this iteration of the album are known to have made it onto the final version of Wolf. While yes, the era does span from 2008 - 2011, Supersonic [V2] is the ONLY tagged song that's 2008. This project started around January - February 2009 & was supposedly finished by November 11th, 2010.",,,,,,
,Sessions,,,,,,,
WOLF [V1],"Half/Half
(Half N Half)","Project file for ""Half/Half"". Linked is a screenshot of the Logic Pro app with the song, so you could easily remake this if you had everything.",,,,Confirmed,Not Available,https://pixeldrain.com/u/JAeJ3bNZ
,Instrumentals,,,,,,,
WOLF [V1],Adams Family,"Instrumental to ""Adams Family"", made on February 9th, 2009 at 1:15 AM. Currently all we have of the lost track. Samples ""Western Eyes"" by Portishead. ",3:27,"Jan 31, 2026","Feb 9, 2009",Full,High Quality,https://pixeldrain.com/u/K5naXqLE
WOLF [V1],"Bitches Brewin' [V2]
(Tyler Is Black)","Reworked version of the instrumental to ""Bitches Brewin'"". Meant for the rerecorded version of the song.",,"Mar 24, 2026",2010,Snippet,High Quality,"https://pixeldrain.com/u/Cox9i4b4
https://pixeldrain.com/u/xYC5UBct"
WOLF [V1],"Chewbacca
(Oooh)","Instrumental to ""Chewbacca"", made sometime in 2009.",3:43,"Feb 22, 2024",2009,Full,High Quality,https://pixeldrain.com/u/EyPa1yso
WOLF [V1],"KittyKat [V3]
(Fish, Kitty)","Third version, made in 2009. Sounds more similar to the final version compared to the Ace demo, but still unpolished.",2:27,"Mar 24, 2025",2009,Full,CD Quality,https://pixeldrain.com/u/zuo9SVkA
WOLF [V1],"Fish [V4]
(Kitty, KittyKat)","Instrumental to ""Fish"", thought to have leaked over 10 years ago, but it turns out it was a fake made from the open parts of Fish [V2].",,,,Confirmed,Not Available,N/A
WOLF [V1],Fuck This Christmas,"Instrumental to ""Fuck This Christmas.""",,,,Confirmed,Not Available,N/A
WOLF [V1],Good Morning,"Instrumental to ""Good Morning"" that was being sold with the acapella.",5:08,"Feb 22, 2024",2009,Full,High Quality,https://pixeldrain.com/u/wGGhniDJ
WOLF [V1],"Haack [V1]
(In The Sun)","OG Filename (Speculation): haack
Initial version, differences unknown as of now.",,,,Confirmed,Not Available,N/A
WOLF [V1],"Haack [V2]
(In The Sun)","OG Filename: haackk
Second version, made in 2010.",3:55,"Sep 2, 2023",2010,OG File,High Quality,https://pixeldrain.com/u/i5WfVgDd
WOLF [V1],"✨ Haack [V3]
(In The Sun)","OG Filename: hhaackk
Instrumental to ""In The Sun"". This version features some bridges, additional production and is longer by a few seconds. It's named after electronic musician Bruce Haack.",4:06,"Feb 1, 2026",2010,OG File,CD Quality,https://pixeldrain.com/u/Vp8sg8Dz
WOLF [V1],"Half/Half [V1]
(Illegal Civ 2, Half N Half)",Rough draft of the outro.,0:36,"Jun 14, 2025",,Full,CD Quality,https://pixeldrain.com/u/YWPj7An2
WOLF [V1],"Half/Half [V2]
(Illegal Civ 2, Half N Half)","Version without any vocals from Tyler, otherwise the same as below. The project file for this is had.",,,,Confirmed,Not Available,N/A
WOLF [V1],"⭐ Half/Half [V3]
(Illegal Civ 2, Half N Half)","Instrumental to the WOLF [V1] version of ""Half/Half"", stated on Formspring by Tyler to be one of his best. Snippet leaked on February 4th, 2025, later leaked in full on February 7th, 2025 after a successful GB.",4:00,"Feb 7, 2025",2010,Full,CD Quality,https://pixeldrain.com/u/NBTGG4zw
WOLF [V1],"Ninja [V1]
(Bitch Suck Dick)",Initial version.,2:13,"Sep 2, 2023",,Full,CD Quality,https://pixeldrain.com/u/QcfUxPfx
WOLF [V1],Secret Garden [V2],"Instrumental to the WOLF [V1] version of ""Secret Garden"", made in 2010. Differences unknown.",,"Mar 31, 2026",,Snippet,High Quality,"https://pixeldrain.com/u/V8rx8Tgx
https://pixeldrain.com/u/Xr3vM2xo"
WOLF [V1],Skut,"Instrumental to ""Skut"", snippet played during a VC.",3:56,"Mar 10, 2025",,Snippet,Recording,https://pixeldrain.com/u/RahrvdAX
WOLF [V1],"Supersonic [V2]
(Herpes On My Lip, Herpes Instrumental)","WOLF [V1] rework, made on April 20th, 2008. Tagged with WOLF and is the origin of the cover with a random kid's yearbook photo.",2:04,"Aug 16, 2023","Apr 20, 2008",OG File,High Quality,https://pixeldrain.com/u/wuEgjKvD
WOLF [V1],Toilet Milk,"Instrumental to ""Toilet Milk"", shorter and higher pitched than the one in the final song. Tyler hinted at reusing this instrumental for WOLF [V2] on his private Twitter, freeperm.",1:33,"Feb 2, 2023",,Full,CD Quality,https://pixeldrain.com/u/q8YSsdKW
WOLF [V1],Tron Cat [V1],"Initial rough draft, made in 2010. Very off-beat compared to the final instrumental.",,"Nov 30, 2024",,Snippet,High Quality,https://pixeldrain.com/u/bfRo74yV
WOLF [V1],Tron Cat [V2],"Instrumental to ""Tron Cat"", made in 2010. Possibly unmixed and doesn't have the outro like in other versions.",3:48,"Apr 4, 2025",2010,Full,CD Quality,https://pixeldrain.com/u/xdu61Re2
WOLF [V1],✨ Unorthodox,"Instrumental to ""Unorthodox"", made on May 1st, 2009. Leaked on March 8th, 2025 after a $330 groupbuy.",4:06,"Mar 8, 2025","May 1, 2009",Full,High Quality,https://pixeldrain.com/u/q6pGC5Ur
WOLF [V1],WolfSwag,"Instrumental to the slowed down version of ""Wolf"" that Tyler recorded on.",,,,Confirmed,Not Available,N/A
,Acapellas,,,,,,,
WOLF [V1],Good Morning,"Acapella to ""Good Morning"" that was being sold with the instrumental.",,,,Confirmed,Not Available,
"0 OG File(s)
8 Full
0 Tagged
0 Stem Bounce(s)
1 Partial
3 Snippet(s)
2 Unavailable",Bastard,"(2009) (as Tyler, The Creator)
Bastard is Tyler's first mixtape and his debut studio album, released on December 25, 2009. An updated version of this album was released on the same day in 2010. Likely started in September or October of 2009.",,,,,,
,Sessions,,,,,,,
Bastard,Llama,"OG Filename: Llama.band
Project file for ""Llama"".",,,,Snippet,High Quality,https://pixeldrain.com/u/M9gxqSsW
Bastard,"French!
(feat. Earl Sweatshirt)","OG Filename: french_tyler_earlcopy.band
Project file for ""French!"".",,,,Confirmed,Not Available,
,Instrumentals,,,,,,,
Bastard,AssMilk,"Instrumental to ""AssMilk"", listed as partial due to the owner of the song having put bits of Earl's vocals and slowing down the outro. Cutting the edited bits out is possible, creating a perfect instrumental.",,"Jan 1, 2024",,Partial,CD Quality,https://pixeldrain.com/u/TbQatHoE
Bastard,Inglorious,"Instrumental to ""Inglorious"".",,"Mar 28, 2026",,Snippet,High Quality,https://pixeldrain.com/u/sCiDDN1b
Bastard,Llama,"Instrumental to ""Llama"", mentioned by Tyler in a tweet on October 10th, 2012.",3:40,"Feb 22, 2024",2009,Full,High Quality,https://pixeldrain.com/u/2tyxLnq4
Bastard,Nightmare,"Instrumental to ""Nightmare"", made in 2009. Missing the intro.",4:38,"Sep 27, 2025",2009,Full,High Quality,https://pixeldrain.com/u/HLKeWjw1
Bastard,Parade,"Initial demo. Sounds wrong compared to the original because since Tyler used a trial version of FL Studio for the making of this album, he couldn't save his beats, so he'd have to export what he had. Backed up by Tyler's Formspring, where Tyler stated he used ""FRUITY LOOPS DEMO"" to make Parade.",2:22,"Sep 18, 2025",2009,Full,High Quality,https://pixeldrain.com/u/WpVcsV8o
Bastard,"Purple
(VCR)","Instrumental to ""VCR"".",1:39,"Feb 22, 2024",2009,Full,High Quality,https://pixeldrain.com/u/7sSybtd4
Bastard,Wheels [V1],"Initial rough draft, made in 2009. Has a completely different instrumentation. Unsure if Tyler ever recorded for this version.",1:39,"Oct 21, 2024",2009,Full,CD Quality,https://pixeldrain.com/u/YqAmq3Zh
Bastard,Wheels [V2],"Version that's closer to the final version, but with alternate mixing and a beatswitch. Made in 2009.",3:53,"Dec 14, 2024",2009,Full,Low Quality,https://pixeldrain.com/u/KSG6aaJc
Bastard,Wheels [V3],"Instrumental to ""Wheels"", made in 2009.",,"Mar 21, 2026",2009,Snippet,High Quality,https://pixeldrain.com/u/z5vsMpxq
Bastard,brandUn DeShay - 36C (Instrumental) [V1],"Instrumental to ""36C"", leaked by Payton.",1:00,,,Full,High Quality,https://pixeldrain.com/u/U7eaKFZR
Bastard,brandUn DeShay - 36C (Instrumental) [V2],"Remake of the instrumental, made & released in 2019 on his ""randUm"" compilation. Was reworked and given to Sir Michael Rocks for ""Stagelights"".",3:17,"Apr 16, 2019",,Full,High Quality,https://pixeldrain.com/u/8HWLq8dq
,Acapellas,,,,,,,
Bastard,AssMilk,"Acapella to ""AssMilk"" that was featured on the AssMilk instrumental as a tag.",,,,Confirmed,Not Available,
"0 OG File(s)
5 Full
0 Tagged
0 Stem Bounce(s)
0 Partial
0 Snippet(s)
1 Unavailable","EARL
(Album by Earl Sweatshirt)","(2009 - 2010) (as Wolf Haley & Ace Creator)
EARL is Earl Sweatshirt's debut mixtape, released on March 3rd, 2010.",,,,,,
Earl,Earl Sweatshirt - Couch [V3],"Instrumental to ""Couch"" by Earl Sweatshirt, made in 2009 - 2010.",,,,Confirmed,Not Available,N/A
Earl,"✨ Earl Sweatshirt - EARL
(prod. Tyler, The Creator)
(Tacoo)","Instrumental to ""Earl"" by Earl Sweatshirt. File is converted from .AIFF to .WAV, but when put into Spek, will show it's a fake file. This is because Tyler originally exported it to .MP3 & this is Earl's export.",2:26,,,Full,Lossless,https://pixeldrain.com/u/S3GJ5K3m
Earl,"Earl Sweatshirt - Kill
(prod. Tyler, The Creator)
(Burritio)","Instrumental to ""Kill"" by Earl Sweatshirt, made in 2010.",2:20,"Feb 22, 2024",2010,Full,CD Quality,https://pixeldrain.com/u/WasEpQxD
Earl,"Earl Sweatshirt - Luper [V2]
(prod. Tyler, The Creator)","Instrumental to ""Luper"" by Earl Sweatshirt, made in 2009. Has instrumental breaks.",1:59,"Sep 22, 2025",2009,Full,High Quality,https://pixeldrain.com/u/gTTYikGU
Earl,"Earl Sweatshirt - Pigions [V2]
(prod. Tyler, The Creator)
(Celery Sticks (Remix))","Instrumental to ""Pigions"" by Earl Sweatshirt. Final version with pitch changes & instrumental pauses.",3:33,"Jan 1, 2024",,Full,CD Quality,https://pixeldrain.com/u/zHrLBcPA
Earl,"Earl Sweatshirt - Wakeupfaggot
(prod. Tyler, The Creator)","Instrumental to ""Wakeupfaggot"" by Earl Sweatshirt, over a minute longer than Earl's skit.",1:53,"Feb 10, 2025",,Full,High Quality,https://pixeldrain.com/u/mTMcTvwi
"0 OG File(s)
1 Full
0 Tagged
0 Stem Bounce(s)
0 Partial
0 Snippet(s)
0 Unavailable","Radical
(Collaboration with Odd Future)","(2009 - 2010) (as Tyler, The Creator)
Radical is the second mixtape by Odd Future, released on May 7, 2010. This whole project consists of Odd Future members rapping over other people's instrumentals. Also notable for being the first time the EarlWolf name would be used.",,,,,,
,Instrumentals,,,,,,,
Radical,"EarlWolf - Orange Juice
(prod. Bangladesh)
(Lemonade)","Instrumental to ""Orange Juice"".",3:51,"Jan 1, 2024",,Full,CD Quality,https://pixeldrain.com/u/u1cXAMe8
"0 OG File(s)
0 Full
0 Tagged
0 Stem Bounce(s)
0 Partial
0 Snippet(s)
0 Unavailable","Rolling Papers
(Album by Domo Genesis)","(2009 - 2010) (as Wolf Haley & Ace Creator)
Rolling Papers is Domo Genesis's debut mixtape, released on August 30th, 2010.",,,,,,
,Instrumentals,,,,,,,
Rolling Papers,"Domo Genesis - Buzzin
(prod. Tyler, The Creator)","Instrumental to ""Buzzin"" by Domo Genesis.",2:22,"Jan 29, 2025",,Full,High Quality,https://pixeldrain.com/u/3Tvi2RrS
Rolling Papers,"Domo Genesis - Cap N Crunch
(prod. Tyler, The Creator)
(Genesis)","Instrumental to ""Cap N Crunch"" by Domo Genesis, made in 2009 for his unreleased album Naked and Famous. Significantly longer than the released version.",4:37,"Feb 22, 2024",2009,Full,High Quality,https://pixeldrain.com/u/vvTa6PeQ
Rolling Papers,"Domo Genesis - Clear Eyes
(prod. Tyler, The Creator)","Instrumental to ""Clear Eyes"" by Domo Genesis.",,"Oct 15, 2024",,Snippet,High Quality,"https://pixeldrain.com/u/HDV7CkJi
https://pixeldrain.com/u/aoQowETq"
Rolling Papers,"Domo Genesis - Dreams
(prod. Tyler, The Creator & Syd)","Instrumental to ""Dreams"" by Domo Genesis.",,,,Confirmed,Not Available,N/A
Rolling Papers,"Domo Genesis - Drunk
(prod. Tyler, The Creator)","Instrumental to ""Drunk"" by Domo Genesis.",,"Oct 15, 2024",,Snippet,High Quality,https://pixeldrain.com/u/GvyrosWe
Rolling Papers,"Domo Genesis - First Roll
(prod. Tyler, The Creator)","Demo instrumental to ""First Roll"" by Domo Genesis, significantly longer than the released version.",1:36,"Dec 25, 2024",,Full,High Quality,https://pixeldrain.com/u/8PsyjM72
Rolling Papers,"Domo Genesis - Kickin It
(prod. Tyler, The Creator)
(Cool Fat Drunk Bitch)","Instrumental to ""Kickin It"" by Domo Genesis.",,"Mar 21, 2026",,Snippet,High Quality,https://pixeldrain.com/u/BFynB285
Rolling Papers,"Domo Genesis - Rolling Papers
(prod. Tyler, The Creator)","Instrumental to ""Rolling Papers"" by Domo Genesis.",,,,Confirmed,Not Available,N/A
Rolling Papers,"Domo Genesis - Steamroller (1/2)
(prod. Tyler, The Creator)","Instrumental to the first half of ""Steamroller"" by Domo Genesis.",2:23,"Sep 18, 2024",,Full,CD Quality,https://pixeldrain.com/u/xPXXvqLg
Rolling Papers,"Domo Genesis - Steamroller (2/2)
(add. Frank Ocean) (prod. Tyler, The Creator)","Instrumental to the second half of ""Steamroller"" by Domo Genesis.",2:21,"Jun 29, 2025",,Full,High Quality,https://pixeldrain.com/u/N4Q53ngm
"0 OG File(s)
6 Full
0 Tagged
0 Stem Bounce(s)
0 Partial
1 Snippet(s)
5 Unavailable",Goblin,"(2009 - 2011) (as Tyler, The Creator)
Goblin is Tyler's second studio album, released on May 10, 2011. This album is an attempt to expand upon the style that Bastard had, but falls short. Even Tyler himself says this is his worst album.",,,,,,
,Instrumentals (Bastard 2),,,,,,,
Goblin,Analog [V?],"Pitched version, missing some sound effects. Made during the Bastard 2 period & played on Nuts + Bolts.",2:54,"Feb 22, 2024",2009,Full,High Quality,https://pixeldrain.com/u/n7krLHKc
Goblin,Analog [V?],"Version only described as ""The Other Version Of Analog Instrumental"", differences unknown.",,,,Lost,Not Available,SOURCE NEEDED
Goblin,"Arm [V1]
(Sandwitches)","Instrumental to ""Sandwitches,"" made in 2010. ",3:50,"Feb 23, 2024",2010,Full,High Quality,https://pixeldrain.com/u/ZLJNdHoJ
Goblin,Boppin' Bitch,"Instrumental to ""Boppin' Bitch"".",2:26,"Feb 22, 2024",,Full,High Quality,https://pixeldrain.com/u/MY3cWR8W
Goblin,"Foxy
(Her)","Instrumental to ""Her"", made around 2009 - 2010. Just a beat loop, missing a lot of elements from the released version.",3:30,"Feb 22, 2024",,Full,High Quality,https://pixeldrain.com/u/brqzbywt
Goblin,Radicals,"Instrumental to ""Radicals"", made in 2009.",4:44,"Apr 5, 2023",2009,Full,CD Quality,https://pixeldrain.com/u/VDDCh9Y7
,Instrumentals (Goblin),,,,,,,
Goblin,Green Purse,"Instrumental to ""Green Purse"", most likely made sometime in 2010 - 2011.",3:36,,,Lost,Not Available,N/A
Goblin,"Hey You
(prod. Toro Y Moi)","Instrumental to ""Hey You"", slightly different from the one used in the song. Different sound effects can be heard in the snippets.",,"Sep 25, 2023",,Snippet,Recording,https://pixeldrain.com/u/Su1gZa14
Goblin,🏅 She,"Instrumental to ""She"" that Tyler mentioned in a tweet, said to have been with Snoop Dogg in mind but he was unable to send the beat over.",,,,Confirmed,Not Available,N/A
Goblin,🏅 SMUCKERS [V1],"Tyler sent the beat for ""SMUCKERS"" to Kanye West and Jay-Z in 2011 for Watch The Throne, they were actually going to use it before being taken back and later using it for Cherry Bomb. Likely never recorded on, but atleast Kanye recorded on the final version.",,,,Lost,Not Available,https://www.billboard.com/music/rb-hip-hop/tyler-creator-kendall-jenner-tidal-interview-6545665/
Goblin,Yonkers,Version with the piano chords in the background looped.,,,,Confirmed,Not Available,N/A
Goblin,"WSUP
(prod. Toro Y Moi)","Instrumental to ""WSUP"" that's unpitched and longer.",2:45,"Aug 31, 2023",,Full,CD Quality,https://pixeldrain.com/u/cjfkKYhR
"0 OG File(s)
0 Full
0 Tagged
0 Stem Bounce(s)
0 Partial
0 Snippet(s)
0 Unavailable","Awesome
(Collaboration with Odd Future)
(Radical 2, Fucking Awesome)","(2010 - 2013) (as Tyler, The Creator)
Awesome is a scrapped Odd Future project and the sequel to Radical. Initially announced by Domo Genesis during an interview. Mentioned on Tyler's old formspring to possibly be titled ""Fucking Awesome"". Tyler also stated on his formspring in late 2010 that Awesome was slated for a May 2011 release. Likely scrapped when Yonkers achieved mainstream success.",,,(Shoutout to the Odd Future Tracker for most of this information),,,
Awesome,,,,,,,,
Awesome,,,,,,,,
Awesome,,,,,,,,
Awesome,,,,,,,,
"0 OG File(s)
4 Full
0 Tagged
0 Stem Bounce(s)
0 Partial
2 Snippet(s)
1 Unavailable","The OF Tape Vol. 2
(Collaboration with Odd Future)","(2010 - 2012) (as Tyler, The Creator)
The OF Tape Vol. 2 is the debut album and second installation to the Odd Future Tape series, released on March 20th, 2012.",,,,,,
,Instrumentals,,,,,,,
The Odd Future Tape Vol. 2,Bells,"Instrumental to ""Bells"".",2:42,"Sep 25, 2023",,Full,High Quality,https://pixeldrain.com/u/oS3FVtLE
The Odd Future Tape Vol. 2,L-Boy - Hi.,"Instrumental to ""Hi."", snippet posted to Vine on a unknown date.",,,,Snippet,Recording,https://pixeldrain.com/u/YC5T8XPY
The Odd Future Tape Vol. 2,Odd Future - Blue,"OG Filename: blue
Instrumental to ""Blue,"" made in 2010.",2:30,"Sep 2, 2023",,Full,High Quality,https://pixeldrain.com/u/mWkTGKDa
The Odd Future Tape Vol. 2,Odd Future - Oldie,"Instrumental to ""Oldie"", made in early 2011. Just a beat loop, missing a lot of elements from the released version.",3:16,"Feb 22, 2024",,Full,High Quality,https://pixeldrain.com/u/NzNX9g6c
The Odd Future Tape Vol. 2,Odd Future - P,"Instrumental to “P”, originally meant for Pusha T and was given to him at some point.",,,,Confirmed,Not Available,
The Odd Future Tape Vol. 2,"Odd Future - We Got Bitches
(Cashmoney)","OG Filename: cashmoney
Instrumental to ""We Got Bitches"", longer than released.",3:44,"Dec 22, 2025",,Full,High Quality,https://pixeldrain.com/u/W6BrBa9N
The Odd Future Tape Vol. 2,Odd Future - Wheels 2,"Instrumental to ""Wheels 2"", snippet played during a VC.",,"Mar 10, 2025",,Snippet,Recording,https://pixeldrain.com/u/rv1xas6s
"0 OG File(s)
2 Full
0 Tagged
0 Stem Bounce(s)
0 Partial
0 Snippet(s)
0 Unavailable",Nilbog,"(2011 - 2012) (as Ace)
Nilbog is the name of a Tyler project that he did while he was healing from a foot injury he got at the House of Blues on July 16th, 2011, but also a bit before the release of Goblin. This album was not posted publically but screenshots were posted and immediately deleted, showing to have 37 tracks. First tracklist of Nilbog is length determined. Second tracklist is yet to be found.",,,,,,
,Instrumentals,,,,,,,
Nilbog,"⭐ Camp Nilbog
(Samuel's Song (Instrumental))","Nilbog beat, made in 2011. Might be the title track. Tweaked & recorded on for ""Samuel's Song"" from The Dead Sams.",3:38,,2011,Full,High Quality,https://pixeldrain.com/u/rJMhihPH
Nilbog,"Souf
(Analog 2 (Instrumental))","Instrumental to ""Analog 2"", made in 2011 & confirmed to be on Nilbog. Doesn't contain the 4-count intro, nor the vox. Made before July as Tyler recorded Analog 2 [V1] on this.",2:10,"Feb 22, 2024",2011,Full,High Quality,https://pixeldrain.com/u/2GqP1a11
"0 OG File(s)
2 Full
0 Tagged
0 Stem Bounce(s)
0 Partial
3 Snippet(s)
2 Unavailable",The Dead Sams,"(2011 - 2013) (as The Dead Sams)
The Dead Sams is a Tyler project that was first mentioned on Wolf and scrapped in late 2013, the concept for this project was conceived (or at least mentioned) in the Freeperm archive on June 7th, 2012. This project is said to sound like ""early Toro stuff and shitty N.E.R.D.,"" as well as ""all jazz chords but like garage rock."" Also to be noted that The Dead Sams is the name of Tyler's ""dream band,"" in which they would do covers of songs.",,,,,,
,Instrumentals,,,,,,,
The Dead Sams,"Awkward [V1]
(Sprung)","Initial version, made sometime in January 2012.",,"Jan 14, 2026",Jan 2012,Snippet,High Quality,https://pixeldrain.com/u/HyhfPByX
The Dead Sams,"Colossus [V1]
(Lost Weekend)","OG Filename: Lost Weekend INSTRUMENTAL
Instrumental to the original version of ""Colossus.""",3:34,"Dec 22, 2025",,Full,CD Quality,https://pixeldrain.com/l/PJbKT6zK#item=29
The Dead Sams,Cowboy [V1],"Initial version, possibly made sometime in 2011.",,"Apr 29, 2026",2011,Snippet,High Quality,https://pixeldrain.com/u/uRyFojqw
The Dead Sams,"✨ Party Isn't Over [V1]
(PartyIsntOver)","Confirmed to be from The Dead Sams, pretty different from the rough draft & release version but has resemblence to the final.",2:00,"Nov 26, 2025",2012,Full,High Quality,https://pixeldrain.com/u/CZFxyDdr
The Dead Sams,"Toronto [V1]
(See You Again)","Initial rough draft, made in 2013 & posted to Vine by Hodgy (with a video of a dinosaur humping a car).",,,,Confirmed,Not Available,N/A
The Dead Sams,"Trickdaddy [V1]
(48)","Initial version with an alternate intro, played in the Wolf Documentary (Link #1). Snippet leaked on December 23rd, 2025, tagged by Gloggiepoodle (Link #2). Lastly played in VC on April 18th, 2026 (Link #3).",,"Apr 18, 2026",,Snippet,High Quality,"https://pixeldrain.com/u/ohunqWtw
https://pixeldrain.com/u/JRvGaMMi
https://pillows.su/f/4083df1681768d84ec4033794c07643b"
The Dead Sams,WOLF [V1],"Confirmed to be from The Dead Sams, differences unknown.",,,,Lost,Not Available,N/A
"0 OG File(s)
1 Full
0 Tagged
0 Stem Bounce(s)
0 Partial
1 Snippet(s)
0 Unavailable","WOLF [V2]
(WOLF 2012)","(Late 2011 - Mid 2012) (as Tyler, The Creator)
After the release of Goblin, Tyler would continue his work on WOLF, reusing some material from the original while making new pieces of work.",,,,,,
,Instrumentals,,,,,,,
WOLF [V2],"🏅 Half/Half [V4]
(Illegal Civ 2, Half N Half)","Track 10 on a WOLF [V2] tracklist, has an alternate instrumentation and alternate production. Played during Illegal Civ 2 & on Nuts + Bolts Episode 5.",,,,Snippet,Recording,"https://pixeldrain.com/u/PQp3SunY
https://youtu.be/B97U8DSAeE4&t=794"
WOLF [V2],"Sprung [V2]
(Awkward)","Original version that's unpitched with no switch up around the third verse. Was used as the instrumental to the imfamous ""Sprung"" fake with Frank Ocean.",4:04,"Sep 29, 2024",,Full,CD Quality,https://pixeldrain.com/u/TyJntFRW
"12 OG File(s)
33 Full
0 Tagged
0 Stem Bounce(s)
2 Partial
1 Snippet(s)
3 Unavailable",WOLF [V3],"(Mid 2012 - Early 2013) (as Tyler, The Creator)
Wolf is Tyler's third studio album, released on April 1, 2013. This album is a big departure from his earlier work because he didn't want to be talking about the same stuff he used to, ""Talking about rape and cutting bodies up, it just doesn't interest me anymore... what interests me is making weird hippie music for people to get high to.""",,,,,,
,Sessions,,,,,,,
WOLF [V3],"Awkward
(feat. Frank Ocean)
(Sprung)","Sessions for ""Awkward"", might exist and be had due to the existence of the stem edit.",,,,Rumored,Not Available,
,Instrumentals,,,,,,,
WOLF [V3],48,"Instrumental to ""48"", released officially onto streaming on April 7th, 2023.",4:00,"Apr 7, 2023",,Full,Lossless,https://pixeldrain.com/u/4Vr3ZrQC
WOLF [V3],Answer,"Instrumental to ""Answer"", released officially onto streaming on April 7th, 2023.",3:54,"Apr 7, 2023",,Full,Lossless,https://pixeldrain.com/u/3Qa5gUce
WOLF [V3],Awkward,"Instrumental to ""Awkward"", released officially onto streaming on April 7th, 2023. Has an extended instrumental.",4:13,"Apr 7, 2023",,Full,Lossless,https://pixeldrain.com/u/V866Meet
WOLF [V3],Bimmer,"Instrumental to ""Bimmer"", released officially onto streaming on April 7th, 2023.",2:26,"Apr 7, 2023",,Full,Lossless,https://pixeldrain.com/u/FtvHiJ8V
WOLF [V3],Campfire,"Instrumental to ""Campfire"", released officially onto streaming on April 7th, 2023.",2:28,"Apr 7, 2023",,Full,Lossless,https://pixeldrain.com/u/BYjuSsqL
WOLF [V3],Colossus [V2],"Instrumental to ""Colossus"", released officially onto streaming on April 7th, 2023.",3:39,"Apr 7, 2023",,Full,Lossless,https://pixeldrain.com/u/bAuEKrMw
WOLF [V3],Cowboy,"Instrumental to ""Cowboy"", released officially onto streaming on April 7th, 2023.",3:19,"Apr 7, 2023",,Full,Lossless,https://pixeldrain.com/u/LWVpGEPC
WOLF [V3],Domo23,"Instrumental to ""Domo23"", released officially onto streaming on April 7th, 2023.",2:39,"Apr 7, 2023",,Full,Lossless,https://pixeldrain.com/u/QRPi5Y5J
WOLF [V3],Garbage,"Instrumental to ""Garbage"".",,,,Confirmed,Not Available,
WOLF [V3],IFHY,"Instrumental to ""IFHY"", released officially onto streaming on April 7th, 2023.",5:18,"Apr 7, 2023",,Full,Lossless,https://pixeldrain.com/u/MhphZuqH
WOLF [V3],Jamba,"Instrumental to ""Jamba"", released officially onto streaming on April 7th, 2023.",3:20,"Apr 7, 2023",,Full,Lossless,https://pixeldrain.com/u/troKyoUc
WOLF [V3],Lone,"Instrumental to ""Lone"", released officially onto streaming on April 7th, 2023.",4:08,"Apr 7, 2023",,Full,Lossless,https://pixeldrain.com/u/YqbjiHu9
WOLF [V3],Parking Lot,"Instrumental to ""Parking Lot"", released officially onto streaming on April 7th, 2023.",3:36,"Apr 7, 2023",,Full,Lossless,https://pixeldrain.com/u/Q1rG2G2z
WOLF [V3],PartyIsntOver,"Instrumental to ""PartyIsntOver"", released officially onto streaming on April 7th, 2023.",2:08,"Apr 7, 2023",,Full,Lossless,https://pixeldrain.com/u/hALNroFv
WOLF [V3],Pigs,"Instrumental to ""Pigs"", released officially onto streaming on April 7th, 2023.",4:16,"Apr 7, 2023",,Full,Lossless,https://pixeldrain.com/u/DhcexMxZ
WOLF [V3],Rusty,"Instrumental to ""Rusty"", released officially onto streaming on April 7th, 2023.",5:08,"Apr 7, 2023",,Full,Lossless,https://pixeldrain.com/u/BMx9r2dw
WOLF [V3],Slater,"Instrumental to ""Slater"", released officially onto streaming on April 7th, 2023.",3:54,"Apr 7, 2023",,Full,Lossless,https://pixeldrain.com/u/zCi2BZnv
WOLF [V3],Tamale,"Instrumental to ""Tamale"", released officially onto streaming on April 7th, 2023.",2:37,"Apr 7, 2023",,Full,Lossless,https://pixeldrain.com/u/WWVQPM1P
WOLF [V3],Trashwang,"Instrumental to ""Trashwang"", released officially onto streaming on April 7th, 2023.",4:44,"Apr 7, 2023",,Full,Lossless,https://pixeldrain.com/u/HVvAtRHg
WOLF [V3],Treehome95,"Instrumental to ""Treehome95"", released officially onto streaming on April 7th, 2023.",3:02,"Apr 7, 2023",,Full,Lossless,https://pixeldrain.com/u/u2qL8p62
WOLF [V3],WOLF,"Instrumental to ""WOLF"", released officially onto streaming on April 7th, 2023.",1:48,"Apr 7, 2023",,Full,Lossless,https://pixeldrain.com/u/FN4nsFDQ
WOLF [V3],"???
(WOLF Freestyle)","Instrumental to the freestyle that was rapped over in the WOLF Documentary, would've been used as the intro to the album.",,,,Lost,Not Available,N/A
,TV Tracks,,,,,,,
WOLF [V3],"Rusty
(feat. Domo Genesis)","OG Filename: Rusty-TV Mix T and DOMO VRS ONLY FNL CD-Dirty
TV Track for ""Rusty"", doesn't have Earl Sweatshirt apparently.",,,,,,
,Hidden Tabs (For Editors),,,,,,,
WOLF [V3],"Jamba (Live Version)
(feat. Hodgy Beats)","Live version of ""Jamba"" with an extended intro.",2:20,"Jun 10, 2016",,Full,Stream,https://pixeldrain.com/u/t9o3cbDS
WOLF [V3],Cowboy (Live Version),"Live version of ""Cowboy"" with some alternate prod, similar to that seen in the Tumblr version.",3:20,"Nov 8, 2014",,Full,Recording,https://pixeldrain.com/u/69VP8MRA
WOLF [V3],"Domo23 [V1] (Live Version)
(Ativa)","Demo version of ""Domo23"" performed live in 2012 under the fake name ""Ativa."" Was probably meant to be called Sativa, since that strain of weed gets you energized.",1:37,"Sep 9, 2012",,Full,Recording,https://pixeldrain.com/u/S7TWdHSA
WOLF [V3],Domo23 [V2] (Live Version),"Live version of ""Domo23"" with an extended intro and interlude.",3:27,"Jun 10, 2016",,Full,Stream,https://pixeldrain.com/u/2sB9G8by
WOLF [V3],"Rusty [V1] (Live Version)
(feat. Domo Genesis & Earl Sweatshirt)","Version of ""Rusty"" from the David Letterman show. Features an alternate structure, instrumental differences, censored lyrics, and is missing the intro and outro.",4:11,"Jun 5, 2013",,Full,Stream,https://pixeldrain.com/u/7uEuargL
WOLF [V3],"✨ Rusty [V2] (Live Version)
(feat. Domo Genesis & Earl Sweatshirt)",Infamous live version of Rusty from CFG 2016 where Tyler freestyles the back half of the second verse.,4:59,"Nov 13, 2016",,Full,Stream,https://pixeldrain.com/u/JczGGDWJ
WOLF [V3],"Colossus (Live Version)
(Lost Weekend)","Live version of ""Colossus"" performed at CFG 2013 that uses the instrumental to ""The Bridge of Love"" by The Lost Weekend & General Lee. The fIrst few seconds are cut, if you find them please make it known in the discord <3.",> 3:28,"Nov 9, 2013",,Partial,Recording,https://pixeldrain.com/u/j6i6cw8C
WOLF [V3],"Bimmer (Live Version)
(feat. Frank Ocean)","Live version of ""Bimmer"" that has a beautiful extended intro.",2:52,"Jun 10, 2016",,Full,Stream,https://pixeldrain.com/u/Xt7sBvSf
WOLF [V3],"IFHY [V1] (Live Version)
(feat. Pharrell Williams)","Live version of ""IFHY"" with an extended intro.",5:20,"Oct 13, 2024",,Full,Stream,https://pixeldrain.com/u/aXZ1KjJW
WOLF [V3],"✨ IFHY [V2] (Live Version)
(feat. Pharrell Williams)","Second live version of ""IFHY"", has an extended intro with a bunch of thunder effects at the start.",5:54,"May 31, 2019",,Full,Stream,https://pixeldrain.com/u/Rozu72TT
WOLF [V3],"⭐️ Treehome95 / Domo23 (Live Version)
(feat. Coco O.)","Live version of ""Treehome95 / Domo23"" that was performed on the Jimmy Fallon show. Has a tonne of differences, very pretty.",3:56,"Feb 26, 2013",,Full,Stream,https://pixeldrain.com/u/QN2x4ukc
WOLF [V3],"Tamale [V1] (Live Version)
(NOBODY FUCKING WITH T)","Live version of ""Tamale"" with an extended outro fan dubbed ""NOBODY FUCKING WITH T"". Show mix for this version is had.",,,,Partial,Recording,https://pixeldrain.com/u/3uzFcTYc
WOLF [V3],"Tamale [V2] (Live Version)
(add. Tallulah)","Live version of ""Tamale"" played at Camp Flog Gnaw 2018. Features an extended intro of Tallulah screaming.",1:44,"Nov 10, 2018",,Full,Stream,https://pixeldrain.com/u/WRgYkPaY
WOLF [V3],Tamale [V3] (Live Version),"Live version of ""Tamale"" with an extended intro and some extra production.",2:18,"Oct 13, 2024",,Full,Stream,https://pixeldrain.com/u/vagRLAtq
WOLF [V3],"✨ Tamale [V4] (Live Version)
(SANTIAGO)","Live version of ""Tamale""  made for the LatAm DTTG tour with an extended intro and outro (the outro is a replay the the intro). Fan dubbed ""SANTIAGO"" as that is where he first played it.",,"Mar 13, 2026",,Full,Stream,https://pixeldrain.com/u/41pkkLKy
WOLF [V3],48 (Show Mix),"OG Filename: 01 48-CarnivalShow 1644-REF 10NOV2016
Show mix of ""48"" that was played at Camp Flog Gnaw 2016.",4:11,"Feb 23, 2024",,OG File,Lossless,https://pixeldrain.com/u/av6wkMcy
WOLF [V3],Answer (Show Mix),"Show mix for ""Answer"". Outro only.",,"Dec 21, 2025",,OG File,CD Quality,https://pillows.su/f/97484931dd2e70f556346abee89cee41
WOLF [V3],Awkward (Show Mix),"OG Filename: Awkward Show Mix 2.0
Show mix of ""Awkward,"" dated November 9th, 2013. Shortened to only his verse, chorus, & outro, which is pitched up at the end. Only vocals present are his chorus & backing vocals for Frank's part (He's not on this song).",3:03,"Dec 18, 2025",,OG File,CD Quality,https://pixeldrain.com/u/4qt8hho3
WOLF [V3],"Bimmer [V1] (Show Mix)
(feat. Frank Ocean)","Show mix of ""Bimmer"", made in 2014. Not much information is known, or if it was ever played live.",2:50,"Nov 23, 2025",,Snippet,High Quality,https://pixeldrain.com/u/Ad4yJ1iM
WOLF [V3],"Bimmer [V2] (Show Mix)
(feat. Frank Ocean)","OG Filename: 02 Bimmer-CarnivalShow 1644-REF 10NOV2016
Show mix of ""Bimmer"" that was made for Camp Flog Gnaw 2016.",1:46,"Feb 23, 2024",,OG File,Lossless,https://pixeldrain.com/u/U29ZBxB9
WOLF [V3],"Colossus (Show Mix)
(Lost Weekend)","Show mix of the original version of ""Colossus"".",3:34,"Dec 22, 2025",,OG File,CD Quality,https://pixeldrain.com/u/KXue3oHL
WOLF [V3],"IFHY [V1] (Show Mix)
(feat. Pharrell Williams)","OG Filename: IFHY Show Mix 2.0
Show mix for ""IFHY,"" has the 4-count intro & no drums at Pharrell's ""I'm in love"" part.",,"Dec 22, 2025",,OG File,CD Quality,https://pixeldrain.com/l/PJbKT6zK#item=15
WOLF [V3],"IFHY [V2] (Show Mix)
(feat. Pharrell Williams)","OG Filename: IFHY Show Mix 2.1
Show mix for ""IFHY,"" has the 4-count intro & drums at Pharrell's ""I'm in love"" part.",,"Dec 22, 2025",,OG File,CD Quality,https://pixeldrain.com/l/PJbKT6zK#item=16
WOLF [V3],Tamale [V1] (Show Mix),"OG Filename: 01 Tamale NEW ShowMix 2013
First show mix for ""Tamale,"" dated 2013.",2:51,"Dec 22, 2025",,OG File,CD Quality,https://pixeldrain.com/l/PJbKT6zK#item=0
WOLF [V3],"✨ Tamale [V2] (Show Mix)
(NOBODY FUCKING WITH T)","OG Filename: Tamale Show Mix CARNIVAL 2014
Show mix of ""Tamale,"" dated 2014 & made for that year's Camp Flog Gnaw. Has a completely new bit with new Tallulah vocals, originally fan named ""Nobody Fucking with T.""",4:24,"Dec 19, 2025",,OG File,CD Quality,https://pixeldrain.com/u/619LWzKF
WOLF [V3],"Trashwang [V1] (Show Mix)
(feat. Na' kel, Jasper Dolphin, Lucas, L-Boy, Taco, Left Brain & Lee Spielman)","First show mix for ""Trashwang"".",,"Dec 22, 2025",,OG File,CD Quality,https://pixeldrain.com/l/PJbKT6zK#item=24
WOLF [V3],"Trashwang [V2] (Show Mix)
(feat. Na' kel, Jasper Dolphin, Lucas, L-Boy, Taco, Left Brain & Lee Spielman)","Second show mix for ""Trashwang"".",,"Dec 22, 2025",,OG File,CD Quality,https://pixeldrain.com/l/PJbKT6zK#item=25
WOLF [V3],"Mac Miller - OK (Show Mix)
(feat. Tyler, The Creator)","OG Filename: Ok - SHOW
Demo show mix for ""OK"" by Mac Miller, only has adlibs.",2:40,"Dec 22, 2025",,OG File,Lossless,https://pixeldrain.com/l/PJbKT6zK#item=6
"6 OG File(s)
0 Full
0 Tagged
0 Stem Bounce(s)
0 Partial
0 Snippet(s)
0 Unavailable",The Jellies,"(2013 - 2018) (as Tyler, The Creator)
Umbrella era for the beats that were made for The Jellies! show.",,,,,,
,Instrumentals,,,,,,,
The Jellies!,Reggeton,"Instrumental to ""Reggeton"".",,"Feb 23, 2024",,OG File,Lossless,
,Acapellas,,,,,,,
The Jellies!,"90s
(ref. Charlie Wilson)
(Pop Yo Coochie)","Acapella to the first version of ""90s"".",1:13,"Feb 22, 2024",,OG File,Lossless,https://pixeldrain.com/u/T6bx5Vcg
The Jellies!,Reggeton,"Acapella to ""Reggeton"".",,"Feb 23, 2024",,OG File,Lossless,
,Hidden Tabs (For Editors),,,,,,,
The Jellies!,Reggeton (Instrumental),"Instrumental to ""Reggeton.""",0:43,"Feb 23, 2024",,OG File,Lossless,https://pixeldrain.com/u/ixn9ZN9f
The Jellies!,"90s [V1] (Acapella)
(ref. Charlie Wilson)
(Pop Yo Coochie)","Acapella for the first version of ""90s.""",1:13,"Feb 22, 2024",,OG File,Lossless,https://pixeldrain.com/u/T6bx5Vcg
The Jellies!,Reggeton (Acapella),"Acapella to ""Reggeton.""",0:43,"Feb 23, 2024",,OG File,Lossless,https://pixeldrain.com/u/o2Xj6x72
"0 OG File(s)
0 Full
0 Tagged
0 Stem Bounce(s)
0 Partial
0 Snippet(s)
0 Unavailable","Cherry Bomb
(CHUR BUM, Buffalo)","(2013 - 2015) (as Tyler, The Creator)
Cherry Bomb is Tyler's fourth studio album, released on April 9, 2015. Was heavily influenced by Death Grips and N.E.R.D, and more specifically, their 2001 album, In Search Of.",,,,,,
,Sessions,,,,,,,
,Instrumentals,,,,,,,
Cherry Bomb,"2SEATER
(HAIRBLOWS, BUCKET)","Instrumental to ""2SEATER,"" released officially onto YouTube under ""BUCKET"" on an unknown date (privated or deleted later) and released onto streaming on October 12th, 2018.",6:50,"Oct 12, 2018",,Full,Lossless,https://pixeldrain.com/u/zXk5aFBJ
Cherry Bomb,"BLOW MY LOAD [V2]
(PUFF)","Instrumental to ""BLOW MY LOAD,"" released onto streaming on October 12th, 2018.",2:56,"Oct 12, 2018",,Full,Lossless,https://pixeldrain.com/u/Uqs9SovB
Cherry Bomb,"BLOW MY LOAD
(PUFF)","Alternate version of the ""BLOW MY LOAD"" instrumental that's pitched down & has the ""Gap Tooth T on the keys"" tag. Released officially onto YouTube under ""PUFF"" on September 3rd, 2018 at 3:46 PM, later privated. Still has the beat switch (she sounds hot).",2:56,"Sep 3, 2018",,Full,High Quality,https://pixeldrain.com/u/1b8Ne7vY
Cherry Bomb,"BUFFALO
(482)","Instrumental to ""BUFFALO,"" released officially onto streaming on October 12th, 2018.",2:40,"Oct 12, 2018",,Full,Lossless,https://pixeldrain.com/u/nnXpNeMe
Cherry Bomb,CHERRY BOMB,"Instrumental to ""CHERRY BOMB,"" released officially onto streaming on October 12th, 2018.",4:29,"Oct 12, 2018",,Full,Lossless,https://pixeldrain.com/u/qzNMYnbd
Cherry Bomb,DEATHCAMP,"Instrumental to ""DEATHCAMP,"" released officially onto streaming on October 12th, 2018.",3:12,"Oct 12, 2018",,Full,Lossless,https://pixeldrain.com/u/dUia1eM3
Cherry Bomb,DeathValley,"Beat made around 2014, snippets played in a 2017 Converse commercial. Vocals had not been recorded yet.",,"Oct 12, 2018",,Snippet,High Quality,https://pixeldrain.com/u/tKUXUzAk
Cherry Bomb,FIND YOUR WINGS,"Instrumental to ""FIND YOUR WINGS,"" released officially onto streaming on October 12th, 2018.",3:00,"Oct 12, 2018",,Full,Lossless,https://pixeldrain.com/u/5wGhfWMZ
Cherry Bomb,"FUCKING YOUNG / PERFECT
(FAWN)","Instrumental to ""FUCKING YOUNG / PERFECT,"" released officially onto YouTube under ""FAWN"" on an unknown date (privated or deleted later) and released onto streaming on October 12th, 2018.",6:41,"Oct 12, 2018",,Full,Lossless,https://pixeldrain.com/u/4R4FByvv
Cherry Bomb,KEEP DA O'S,"Instrumental to ""KEEP DA O'S,"" released officially onto streaming on October 12th, 2018.",4:10,"Oct 12, 2018",,Full,Lossless,https://pixeldrain.com/u/1h6d3gWB
Cherry Bomb,"OKAGA, CA","Instrumental to ""OKAGA, CA,"" released officially onto streaming on October 12th, 2018.",6:36,"Oct 12, 2018",,Full,Lossless,https://pixeldrain.com/u/8Vgqie5G
Cherry Bomb,PILOT,"Instrumental to ""PILOT,"" released officially onto streaming on October 12th, 2018.",3:29,"Oct 12, 2018",,Full,Lossless,https://pixeldrain.com/u/keHpwwni
Cherry Bomb,"RUN
(SPRINT)","Instrumental to ""RUN,"" released officially onto YouTube under ""SPRINT"" on an unknown date (privated or deleted later) and released onto streaming on October 12th, 2018.",1:10,"Oct 12, 2018",,Full,Lossless,https://pixeldrain.com/u/gjwCqndN
Cherry Bomb,SMUCKERS,"Instrumental to ""SMUCKERS,"" released officially onto streaming on October 12th, 2018.",5:38,"Oct 12, 2018",,Full,Lossless,https://pixeldrain.com/u/eTcQpitq
Cherry Bomb,"THE BROWN STAINS OF DARKEESE LATIFAH PART 6-12 (REMIX)
(SPECIAL)","Instrumental to ""THE BROWN STAINS OF DARKEESE LATIFAH PART 6-12 (REMIX) / SPECIAL,"" released officially onto streaming on October 12th, 2018.",4:38,"Oct 12, 2018",,Full,Lossless,https://pixeldrain.com/u/RPaSL39G
Cherry Bomb,YELLOW,"Instrumental to ""YELLOW"", ripped from a CD copy of the album. Found randomly by @ALTOSPACE. Possibly an earlier version of the instrumental since the kick isn't present on this for some reason.",2:57,,,Full,Lossless,https://pixeldrain.com/u/LE9MKfBS
Cherry Bomb,"Inlove [V1]
(Jodie, Jodie Foster)","Original version of the ""Jodie"" instrumental, slower compared to the released version. Version linked is a stem bounced from the session files.",2:10,"Aug 23, 2023",,Stem Bounce,Lossless,https://pixeldrain.com/u/aSMFszBu
,Acapellas,,,,,,,
Cherry Bomb,"It's Tyler (Jingle)
(feat. Tim Davis)
(Tyler Theme)","Acapella to ""It's Tyler"", leaked as a Groupbuy bonus.",,,,Full,CD Quality,
,Hidden Tabs (For Editors),,,,,,,
Cherry Bomb,"DEATHCAMP (Live Version)
(feat. Cole Alexander)","Live version of ""DEATHCAMP""that contains extended intro.",3:04,"Oct 13, 2024",,Full,Stream,https://pixeldrain.com/u/JDZpbXSW
Cherry Bomb,BUFFALO (Live Version),"Live version of ""BUFFALO"" with an extended intro.",1:32,"Nov 14, 2015",,Full,Recording,https://pixeldrain.com/u/XbH1SX5G
Cherry Bomb,PILOT (Live Version),"Live version of ""PILOT"" that has some slightly alternate production at the start of the second verse.",3:26,"May 28, 2015",,Full,Recording,https://pixeldrain.com/u/ayX4iVdu
Cherry Bomb,"RUN (Live Version)
(feat. Chaz Bundick aka Toro Y Moi & ScHoolboy Q)","Live version of ""RUN"" played at Bonnaroo 2016. Contains an extended intro, an alternate interlude, and a slightly alternate outro.",2:14,"Jun 10, 2016",,Full,Stream,https://pixeldrain.com/u/BopA4di8
Cherry Bomb,"FUCKING YOUNG (Live Version)
(feat. Charlie Wilson)","Original version of ""FUCKING YOUNG"" played at CFG 2015. Contains an extended intro and a beautiful jazz interlude.",3:33,"Nov 14, 2015",,Full,Recording,https://pixeldrain.com/u/qBS7mNkk
Cherry Bomb,2SEATER [V1] (Live Version),"Tour version of ""2SEATER"" that features an extended intro and an alternate bridge.",3:51,"Apr 17, 2015",,Full,Recording,https://pixeldrain.com/u/SUjMe4yQ
Cherry Bomb,2SEATER [V2] (Live Version),"Version of ""2SEATER"" performed during the Chromakopia Tour where Tyler freestyles an alternate verse.",0:43,INFO NEEDED,,Full,Recording,https://pixeldrain.com/u/ZN3AneUR
Cherry Bomb,⭐️ SMUCKERS [V1] (Live Version),"Version of ""SMUCKERS"" played on the Jimmy Kimmel show in 2015. Is effectively a jazz rendition. If anyone finds the uncensored version, please make it known in the discord <3.",2:16,INFO NEEDED,,Full,Stream,https://pixeldrain.com/u/Mbcbx2rE
Cherry Bomb,"✨ SMUCKERS [V2] (Live Version)
(IN MY ROOM)","2015 live version of ""SMUCKERS"". Contains an alternate intro to the released version, fan dubbed ""IN MY ROOM"". ",2:24,"Nov 14, 2015",,Full,Recording,https://pixeldrain.com/u/ek9FEJD3
Cherry Bomb,SMUCKERS [V3] (Live Version),"Live version of ""SMUCKERS"", has some alternate production.",1:15,"Oct 13, 2024",,Full,Stream,https://pixeldrain.com/u/KYNWNPev
Cherry Bomb,Diaper (Live Version),"Live version of ""Diaper"" that contains extended intro, performed before the song officially released. First few seconds are cut.",> 2:51,"Nov 8, 2014",,Partial,Recording,https://pixeldrain.com/u/PQ6BZPcP
Cherry Bomb,2SEATER (Show Mix),"OG Filename: 2 Seater SHOW SEPT 2015
Show mix for ""2SEATER,"" dated September 2015.",3:36,"Dec 22, 2025",,OG File,CD Quality,https://pixeldrain.com/l/PJbKT6zK#item=2
Cherry Bomb,"BUFFALO (Show Mix)
(482)","Show mix for ""BUFFALO."" Sold, likely never leaking. Snippet is had, likely won't be released for this reason.",,"Dec 9, 2025",,Snippet,High Quality,https://pixeldrain.com/u/mF18t2wz
Cherry Bomb,"DEATHCAMP [V1] (Show Mix)
(feat. Cole Alexander) (prod. Tyler, The Creator & Mike Einziger)","OG Filename: 01_Deathcamp_ShowMixVersion2_09Jun2015
One of five show mixes for ""DEATHCAMP,"" dated June 9th, 2015 (seller says June 10th). Has alternate instrumentation & a new outro.",3:12,"Dec 22, 2025",,OG File,CD Quality,https://pixeldrain.com/l/PJbKT6zK#item=1
Cherry Bomb,"DEATHCAMP [V2] (1/2) (Show Mix)
(feat. Cole Alexander) (prod. Tyler, The Creator & Mike Einziger)","OG Filename: 01_Deathcamp_Show Mix Version 3 Intro_07Jul2015
Show mix for ""DEATHCAMP"", intro only.",,"Dec 22, 2025",,OG File,CD Quality,LINK NEEDED
Cherry Bomb,"DEATHCAMP [V2] (2/2) [V2] (Show Mix)
(feat. Cole Alexander) (prod. Tyler, The Creator & Mike Einziger)","OG Filename: 01_Deathcamp_Show Mix Version 4_07Jul2015
Show mix for ""DEATHCAMP"", intro only.",,"Dec 22, 2025",,OG File,CD Quality,LINK NEEDED
Cherry Bomb,"DEATHCAMP [V3] (1/2) (Show Mix)
(feat. Cole Alexander) (prod. Tyler, The Creator & Mike Einziger)","OG Filename: Death Camp Show Mix Version 4 INTRO MSTR VW.mp3
Show mix for ""DEATHCAMP"", intro only.",,"Dec 22, 2025",,OG File,CD Quality,https://pixeldrain.com/l/PJbKT6zK#item=8
Cherry Bomb,"DEATHCAMP [V3] (2/2) (Show Mix)
(feat. Cole Alexander) (prod. Tyler, The Creator & Mike Einziger)","OG Filename: Death Camp Show Mix Version 4 MSTR VW.mp3
Show mix for ""DEATHCAMP"", contains alternate instrumentation and a new outro. Second part of the above mix.",,"Dec 22, 2025",,OG File,CD Quality,https://pixeldrain.com/l/PJbKT6zK#item=9
Cherry Bomb,Diaper (Show Mix),"OG Filename: DIAPER CARNIVAL
Show mix for ""Diaper."" Contains an extended intro",,"Dec 22, 2025",,OG File,CD Quality,https://pixeldrain.com/l/PJbKT6zK#item=12
Cherry Bomb,"FIND YOUR WINGS (Show Mix)
(feat. Roy Ayers, Syd & Kali Uchis)","OG Filename: 04_ Find Your Wings Show 2015
Show mix for ""FIND YOUR WINGS,"" comment says ""'Mastered For iTunes' PRE-ENCODE MASTER.""",3:01,"Dec 22, 2025",,OG File,CD Quality,https://pixeldrain.com/l/PJbKT6zK#item=5
Cherry Bomb,✨ FUCKING YOUNG (Show Mix),"OG Filename: 02_Fuckin Young Intro Show Mix 2015
Show mix for ""FUCKING YOUNG,"" has a beautiful saxophone interlude.",,"Dec 22, 2025",,OG File,CD Quality,https://pixeldrain.com/l/PJbKT6zK#item=3
Cherry Bomb,"OKAGA, CA [V1] (Show Mix)","OG Filename: Okaga,CA-Show SEPT2015
One of two show mixes for ""OKAGA, CA,"" dated September 2015.",,"Dec 22, 2025",,OG File,CD Quality,https://pixeldrain.com/l/PJbKT6zK#item=20
Cherry Bomb,"OKAGA, CA [V2] (Show Mix)
(feat. Leon Ware & Clem Creevy)","OG Filename: Okaga Ca SHOW MIX SEPT2015
One of two show mixes for ""OKAGA, CA,"" dated September 2015. Tyler, you gotta play this song more.",1:13,"Dec 22, 2025",,OG File,CD Quality,https://pixeldrain.com/u/jd6ymHko
Cherry Bomb,"RUN [V2] (Show Mix)
(feat. Toro Y Moi & ScHoolboy Q)","OG Filename: Run SHOW PASS EXTENDED INTRO 2015
One of two show mix for ""RUN.""",,"Dec 7, 2025",,Snippet,High Quality,https://imgur.gg/f/Nc11Bn7
Cherry Bomb,"RUN [V3] (Show Mix)
(feat. Toro Y Moi & ScHoolboy Q)","OG Filename: 02_Run_ShowMixVersion2_09Jun2015
Show mix for ""RUN. Contains an extended intro, alternate interlude, and alternate outro.",2:14,"Dec 22, 2025",,OG File,CD Quality,https://pixeldrain.com/u/EkCtB353
Cherry Bomb,"THE BROWN STAINS OF DARKEESE LATIFAH PART 6-12 (REMIX) (Show Mix)
(feat. ScHoolboy Q)
(THE BROWN STAINS OF BLACKEESE LATIFAH PART 6-12 (THE REMIX) (ROUGH DRAFT) (CLUB EDIT) (RODNEY JERKINS MIX) (DARK CHILD MIX))","OG Filename: 03_Darquise Latifah Show Mix QVRS 2015
Show mix for ""THE BROWN STAINS OF DARKEESE LATIFAH PART 6-12 (REMIX)"" with ScHoolboy Q's verse.",,"Dec 22, 2025",,OG File,CD Quality,https://pixeldrain.com/l/PJbKT6zK#item=4
Cherry Bomb,"It's Tyler (Jingle) (Acapella)
(feat. Tim Davis)
(Tyler Theme)","Acapella to ""It's Tyler"", leaked as a Groupbuy bonus.",0:16,"Feb 3, 2023",,Full,CD Quality,https://pixeldrain.com/u/FwzMGTrn
Cherry Bomb,DEATHCAMP (Stems),"Demo stems for the guitars used on ""DEATHCAMP""",3:25,"Sep 2, 2023",,Partial,Lossless,https://pixeldrain.com/u/9oDTWedc
"0 OG File(s)
2 Full
0 Tagged
0 Stem Bounce(s)
1 Partial
1 Snippet(s)
2 Unavailable","Scum Fuck Flower Boy
(Flower Boy [V1])","(2015 - 2016) (as Tyler, The Creator)
Scum Fuck Flower Boy was first mentioned on October 9th, 2015 and would be worked on for the next two years until it's release as just ""Flower Boy"" on July 21st, 2017. Note that almost everything in this era except for a few things are snippets of rough drafts of songs that were ripped from Tyler's scumfuckflowerboy Instagram (I can't remember who added all the information about them but whoever did that, thank you).",,,,,,
,Sessions,,,,,,,
Scum Fuck Flower Boy,"SZA - Jodie Foster
(prod. Tyler, The Creator)
(Inlove, Jodie)","OG Filename: SZA TRACKING 9 8 15
Sessions to ""Jodie Foster"", might be edited.",,,"Sep 8, 2015",Full,Lossless,https://pixeldrain.com/u/qXpoHCka
Scum Fuck Flower Boy,"Faggol
(Who Dat Boy)","Sessions for an early version of ""Who Dat Boy"", mainly has stems and is missing a ton of files.",,"Feb 23, 2024",,Partial,High Quality,https://imgur.gg/f/6xnRFmA
,Instrumentals,,,,,,,
Scum Fuck Flower Boy,911,"Original version of the ""911"" instrumental, ripped straight from the 2016 Golf Wang Fashion Show. Although this instrumental predates [V1], it was completely unrelated to 911 until this point.",11:17,,,Beat Only,High Quality,https://pixeldrain.com/u/GwhUiwms
Scum Fuck Flower Boy,"Faggol
(Who Dat Boy)","Early version of the ""Who Dat Boy"" instrumental with lesser mixing and different instrumentals.",3:30,"Feb 22, 2024",,Full,High Quality,https://pixeldrain.com/u/ubNADujB
Scum Fuck Flower Boy,"Firework
(Glitter)","Updated version of ""Firework"" instrumental that was used in the GOLF: Spring/Summer 2019 video.",,"Jun 28, 2019",,Beat Only,High Quality,https://pixeldrain.com/u/PX6fSitQ
,Acapellas,,,,,,,
Scum Fuck Flower Boy,Mr. Lonely,"Acapella to ""Mr. Lonely"" that was posted to Tyler's ""scumfuckflowerboy"" instagram.",,,,Snippet,Recording,
"19 OG File(s)
0 Full
0 Tagged
0 Stem Bounce(s)
0 Partial
1 Snippet(s)
8 Unavailable","Flower Boy
(Scum Fuck Flower Boy [V2])","(2016 - 2017) (as Tyler, The Creator)
Flower Boy is Tyler's fifth studio album, leaked on July 10th, 2017 and released on July 21st, 2017.",,,,,,
,Sessions,,,,,,,
Flower Boy,"Sometimes...
(feat. Shane Powers)","Sessions for ""Sometimes..."", has various stems & unused vocal takes.",,"Jun 26, 2024",,OG File,Lossless,https://pixeldrain.com/u/aezA2oX1
Flower Boy,I Ain't Got Time!,"Sessions snippet for ""I Ain't Got Time"" found within the ""Sometimes..."" sessions. Proves that Shane Powers says ""The Dead Sams"" during the transition from Boredom to I Ain't Got Time!.",,"Jun 26, 2024",,Snippet,CD Quality,https://pixeldrain.com/u/sYRXsU95
Flower Boy,"Who Dat Boy
(Faggol)","OG Filename: Copy of Who Dat Boy
Session files for ""Who Dat Boy,"" might be the finished product.",,,,Confirmed,Not Available,
,Instrumentals,,,,,,,
Flower Boy,911,"OG Filename: 10 911-Instrumental 1644-REF 14Aug2017
Instrumental to ""911.""",2:37,"Mar 11, 2024","Aug 14, 2017",OG File,High Quality,https://pixeldrain.com/u/jUTApz8W
Flower Boy,Boredom,"OG Filename: 08 Boredom-Instrumental 1644-REF 14Aug2017
Instrumental to ""Boredom.""",4:24,"Feb 23, 2024","Aug 14, 2017",OG File,High Quality,https://pixeldrain.com/u/hzXe468r
Flower Boy,Droppin' Seeds,"OG Filename: 12 DroppinSeeds-Instrumental 1644-REF 14Aug2017
Instrumental to ""Droppin' Seeds.""",1:06,"Feb 23, 2024","Aug 14, 2017",OG File,High Quality,https://pixeldrain.com/u/E7SfBMpv
Flower Boy,"Enjoy Right Now, Today","OG Filename: 14 EnjoyRightNowToday-Instrumental 1644-REF 14Aug2017
Instrumental to ""Enjoy Right Now, Today.""",3:58,"Feb 23, 2024","Aug 14, 2017",OG File,High Quality,https://pixeldrain.com/u/ExcJYMK2
Flower Boy,Foreword,"OG Filename: 01 Foreword-Instrumental 1644-REF 14Aug2017
Instrumental to ""Foreword.""",3:16,"Feb 22, 2024","Aug 14, 2017",OG File,High Quality,https://pixeldrain.com/u/EmiueEuK
Flower Boy,Garden Shed,"OG Filename: 07 GardenShed-Instrumental 1644-REF 14Aug2017
Instrumental to ""Garden Shed.""",3:45,"Feb 22, 2024","Aug 14, 2017",OG File,High Quality,https://pixeldrain.com/u/te3vVkCX
Flower Boy,Glitter,"OG Filename: 13 Glitter-Instrumental 1644-REF 14Aug2017
Instrumental to ""Glitter.""",3:37,"Feb 23, 2024","Aug 14, 2017",OG File,High Quality,https://pixeldrain.com/u/4hd1GKAw
Flower Boy,I Ain't Got Time!,"OG Filename: 09_IAintGotTime-Instrumental_1644-REF_14Aug2017
Instrumental to ""I Ain't Got Time!.""",3:18,"Feb 23, 2024","Aug 14, 2017",OG File,High Quality,https://pixeldrain.com/u/rj1YbVyz
Flower Boy,Mr. Lonely,"OG Filename: 11 Mr.Lonely-Instrumental 1644-REF 14Aug2017
Instrumental to ""Mr. Lonely.""",1:29,"Feb 22, 2024","Aug 14, 2017",OG File,High Quality,https://pixeldrain.com/u/fUPfRLjK
Flower Boy,November,"Instrumental to ""November.""",,,,Rumored,Not Available,
Flower Boy,Pothole,"OG Filename: 06 Pothole-Instrumental 1644-REF 14Aug2017
Instrumental to ""Pothole.""",4:06,"Feb 22, 2024","Aug 14, 2017",OG File,High Quality,https://pixeldrain.com/u/ACxxeQZU
Flower Boy,"See You Again
(feat. Kali Uchis)","OG Filename: 04_SeeYouAgain-Instrumental_1644-REF_14Aug2017
Instrumental to ""See You Again"" that still has vocals from Kali Uchis.",3:01,"Feb 23, 2024","Aug 14, 2017",OG File,High Quality,https://pixeldrain.com/u/Ec3Dx4Wj
Flower Boy,Sometimes...,"OG Filename: Sometimes Instrumental 1644-REF 14Aug2017
Instrumental to ""Sometimes.""",0:37,"Feb 23, 2024","Aug 14, 2017",OG File,High Quality,https://pixeldrain.com/u/KpazXNoL
Flower Boy,Where This Flower Blooms,"OG Filename: 02 WhereThisFlowerBlooms-Instrumental 1644-REF 14Aug2017
Instrumental to ""Where This Flower Blooms.""",3:18,"Feb 23, 2024","Aug 14, 2017",OG File,High Quality,https://pixeldrain.com/u/f31UTQiY
,Acapellas,,,,,,,
Flower Boy,911,"OG Filename: 12 911-Acapella 1644-REF 14Aug2017
Acapella to ""911.""",2:35,"Mar 11, 2024","Aug 14, 2017",OG File,High Quality,https://pixeldrain.com/u/xVWesCuJ
Flower Boy,"Enjoy Right Now, Today
(feat. Pharrell Williams)","OG Filename: 19 EnjoyRightNowToday-Acapella 1644-REF 14Aug2017
Acapella to Pharrell's part in ""Enjoy Right Now, Today"".",0:49,"Feb 23, 2024","Aug 14, 2017",OG File,High Quality,https://pixeldrain.com/u/fPyKVux9
Flower Boy,"Droppin' Seeds
(feat. Lil Wayne)","Acapella to ""Droppin' Seeds"".",,,,Rumored,Not Available,
Flower Boy,Foreword,"Acapella to ""Foreword"".",,,,Rumored,Not Available,
Flower Boy,"Glitter
(feat. Estelle)","Acapella to ""Glitter"".",,,,Rumored,Not Available,
Flower Boy,I Ain't Got Time!,"OG Filename: 10 IAintGotTime-Acapella 1644-REF 14Aug2017
Acapella to ""I Ain't Got Time!"", has vocals from A$AP Rocky.",2:58,"Feb 23, 2024","Aug 14, 2017",OG File,High Quality,https://pixeldrain.com/u/eDAGxruL
Flower Boy,November,"OG Filename: 16 November-Acapella 1644-REF 14Aug2017
Acapella to ""November.""",3:30,,"Aug 14, 2017",OG File,High Quality,https://pixeldrain.com/u/mb7AQ9ie
Flower Boy,Pothole,"OG Filename: 06 Pothole-Acapella 1644-REF 14Aug2017
Acapella to ""Pothole,"" seems to be a different mix.",4:05,"Feb 23, 2024","Aug 14, 2017",OG File,High Quality,https://pixeldrain.com/u/5HWaaAti
Flower Boy,See You Again,"Acapella to ""See You Again"", might not have vocals from Kali Uchis since she's on the instrumental for some reason.",,,,Rumored,Not Available,
Flower Boy,"Where This Flower Blooms
(feat. Frank Ocean)","Acapella to ""Where This Flower Blooms"".",,,,Rumored,Not Available,
Flower Boy,"Who Dat Boy
(feat. A$AP Rocky)","Acapella to ""Who Dat Boy"".",,,,Rumored,Not Available,
"1 OG File(s)
1 Full
0 Tagged
0 Stem Bounce(s)
0 Partial
2 Snippet(s)
7 Unavailable","WANG$AP
(Collaboration with A$AP Rocky)
(DON'T TAP THE GLASS)","(2017 - 2019) (as Tyler, The Creator)
WANG$AP is the planned collaboration album between Tyler & A$AP Rocky that came out of the Flower Boy sessions, first mentioned Tyler's freeperm account on Feb 10, 2016 to be a ""9 song album"". The only official release from this album was Potato Salad, with it being considered scrapped in early 2019 after Tyler stated “i wish rocky would shut the fuck up and stop always saying what he's working on 40 years before its even a fleshed out idea.” and “that shit dont exist yall =)” in reference to WANG$AP. Tyler later revealed in 2025 that him and Rocky as a duo were originally meant to be called ""DON'T TAP THE GLASS"", a phrase which he would eventually reuse as the name of his ninth studio album.",,,(Shoutout to the A$AP Rocky Tracker for all of this information),,,
,Sessions,,,,,,,
WANG$AP,"Income
(with A$AP Rocky)","OG Filename: Income T R
Sessions for ""Income""",,,,Confirmed,Not Available,
WANG$AP,"Jingling
(with A$AP Rocky)","OG Filename: Jingling
Sessions for ""Jingling""",,,,Confirmed,Not Available,
WANG$AP,"Potato Salad
(with A$AP Rocky)","OG Filename: Knock Knock TR
Sessions for either an early version of ""Potato Salad"" or the released version.",,,,Confirmed,Not Available,
WANG$AP,"Gurl
(with A$AP Rocky)","OG Filename: GURL
Sessions for ""Gurl""",,,,Confirmed,Not Available,
WANG$AP,"Run It
(with A$AP Rocky)","OG Filename: Run It
Sessions for ""Run It""",,,,Confirmed,Not Available,
WANG$AP,"What A Day
(with A$AP Rocky)","OG Filename: What a day TR
Sessions for the WANG$AP version of ""What A Day.""",,,,Confirmed,Not Available,
,Instrumentals,,,,,,,
WANG$AP,Run It,"OG Filename: Run It INST RUFF REF
Instrumental to ""Run It.""",,,,Confirmed,Not Available,
WANG$AP,"Sexydick
(prod. Kanye West)
(Potato Salad, Knock Knock)","Instrumental for an early version of ""Potato Salad,"" has alternate mixing and is pitched up a bit (this is literally just Knock Knock).",3:07,"Nov 2, 2024",,Full,High Quality,https://pixeldrain.com/u/Ewb3e3gL
,Acapellas,,,,,,,
WANG$AP,"Potato Salad
(Sexydick)","Acapella to unused takes of ""Potato Salad"" that contains the intro skit and entirely new lyrics.",,,,Snippet,Low Quality,https://pixeldrain.com/u/5BV4R4qg
WANG$AP,"Potato Salad (Acapella)
(with A$AP Rocky)
(Sexydick)","OG Filename: 05__PotatoSalad-NHPMixFinal-Acapella_1644-REF_13Aug2018_1644-REF_13Aug2018
Acapella to ""Potato Salad.""",2:59,"Feb 23, 2024","Aug 13, 2018",OG File,Lossless,https://pixeldrain.com/u/upENTdPJ
WANG$AP,Run It,"Acapella to ""Run It"" that was shown by Shogani on a discord call, snippet leaked in a one hour VC recording.",,,,Snippet,High Quality,https://pixeldrain.com/u/WQJXeozk
"13 OG File(s)
6 Full
0 Tagged
0 Stem Bounce(s)
0 Partial
0 Snippet(s)
0 Unavailable","Music Inspired by Illumination & Dr. Seuss's The Grinch
(Grinch EP)","(2018) (as Tyler, The Creator)
Music Inspired by Illumination & Dr. Seuss' The Grinch is Tyler's first extended play, released on November 16, 2018. Tyler commented that ""making christmas themed music, but not making it too xmasy was the goal [and] keeping 7 year olds in mind but also wanting the parents to listen also.""",,,,,,
,Stems,,,,,,,
Music Inspired by Illumination & Dr. Seuss's The Grinch,"Bloom
(Whoville)","Stems for the released version of ""Whoville"".",,"Feb 23, 2024",,OG File,Lossless,https://pixeldrain.com/u/WqTehUnH
Music Inspired by Illumination & Dr. Seuss's The Grinch,"Christmas
(feat. Ryan Beatty & Santigold)
(Lights On)","Stems for the released version of ""Lights On"".",,"Feb 23, 2024",,OG File,Lossless,https://pixeldrain.com/u/Jr8nCPd2
Music Inspired by Illumination & Dr. Seuss's The Grinch,"Cindy Lou
(Cindy Lou's Wish)","Stems for the released version of ""Cindy Lou's Wish"".",,"Feb 23, 2024",,OG File,Lossless,https://pixeldrain.com/u/cWi3d2ZH
Music Inspired by Illumination & Dr. Seuss's The Grinch,"Q BASSUP
(Big Bag)","Stems for the released version of ""Big Bag"".",,"Feb 23, 2024",,OG File,Lossless,https://pixeldrain.com/u/FLAFhqMD
Music Inspired by Illumination & Dr. Seuss's The Grinch,"Stevie
(feat. Ryan Beatty)
(When Gloves Come Off)","Stems for the released version of ""When Gloves Come Off"".",,"Feb 23, 2024",,OG File,Lossless,https://pixeldrain.com/u/tDTvo7Kg
,Instrumentals,,,,,,,
Music Inspired by Illumination & Dr. Seuss's The Grinch,"Christmas
(Lights On)","Instrumental to ""Lights On"".",2:33,"Feb 23, 2024",,Full,High Quality,https://pixeldrain.com/u/HDdxCmzZ
Music Inspired by Illumination & Dr. Seuss's The Grinch,Hot Chocolate,"Instrumental to ""Hot Chocolate"".",2:15,"Feb 23, 2024",,Full,High Quality,https://pixeldrain.com/u/tPRnvF8D
Music Inspired by Illumination & Dr. Seuss's The Grinch,"Q BASSUP
(Big Bag)","Instrumental to ""Big Bag"".",1:24,"Feb 23, 2024",,Full,High Quality,https://pixeldrain.com/u/EtEr3SdV
Music Inspired by Illumination & Dr. Seuss's The Grinch,"Stevie
(When Gloves Come Off)","Instrumental to ""Stevie"".",1:54,"Feb 23, 2024",,Full,High Quality,https://pixeldrain.com/u/Jzvv9Mum
Music Inspired by Illumination & Dr. Seuss's The Grinch,I Am The Grinch,"Instrumental to ""I Am The Grinch"".",2:39,"Feb 23, 2024",,OG File,Lossless,https://pixeldrain.com/u/S3ZJD9nu
Music Inspired by Illumination & Dr. Seuss's The Grinch,"You're A Mean One, Mr. Grinch","Instrumental to ""You're A Mean One, Mr. Grinch"".",1:50,"Feb 23, 2024",,OG File,Lossless,https://pixeldrain.com/u/PhMJuuiR
,Acapellas,,,,,,,
Music Inspired by Illumination & Dr. Seuss's The Grinch,"Christmas
(feat. Ryan Beatty & Santigold)
(Lights On)","Acapella to ""Lights On"".",2:33,"Feb 23, 2024",,OG File,Lossless,https://pixeldrain.com/u/AgaZ5qHA
Music Inspired by Illumination & Dr. Seuss's The Grinch,"Hot Chocolate
(feat. Jerry Paper)","Acapella to ""Hot Chocolate"".",2:15,"Feb 23, 2024",,OG File,Lossless,https://pixeldrain.com/u/LMTNWtjK
Music Inspired by Illumination & Dr. Seuss's The Grinch,"Q BASSUP
(Big Bag)","Acapella to ""Big Bag"".",1:24,,,OG File,Lossless,https://pixeldrain.com/u/tLeYqzKZ
Music Inspired by Illumination & Dr. Seuss's The Grinch,"Stevie
(feat. Ryan Beatty)
(When Gloves Come Off)","Acapella to ""Stevie"".",1:54,"Feb 23, 2024",,Full,High Quality,https://pixeldrain.com/u/FAzn4WM5
,TV Tracks,,,,,,,
Music Inspired by Illumination & Dr. Seuss's The Grinch,"Christmas
(Lights On)","TV Track to ""Lights On"".",2:33,"Feb 23, 2024",,OG File,Lossless,https://pixeldrain.com/u/Ud6vSDB6
Music Inspired by Illumination & Dr. Seuss's The Grinch,Hot Chocolate,"TV Track to ""Hot Chocolate"".",2:15,"Feb 23, 2024",,OG File,Lossless,https://pixeldrain.com/u/UKrQFz61
Music Inspired by Illumination & Dr. Seuss's The Grinch,"Q BASSUP
(Big Bag)","TV Track to ""Big Bag"".",1:24,,,OG File,Lossless,https://pixeldrain.com/u/VmdsHjDB
Music Inspired by Illumination & Dr. Seuss's The Grinch,"Stevie
(feat. Ryan Beatty)
(When Gloves Come Off)","TV Track to ""Stevie"".",1:54,,,Full,High Quality,https://pixeldrain.com/u/8ugkte4j
"5 OG File(s)
15 Full
0 Tagged
1 Stem Bounce(s)
0 Partial
1 Snippet(s)
1 Unavailable",IGOR,"(2017 - 2019) (as Tyler, The Creator)
IGOR is Tyler's sixth studio album, being his most popular release to date. Released on May 17, 2019, this album is widely considered as one of Tyler's best, and has even earned himself a Grammy for Best Rap Album of 2019. Something to note, IGOR was first mentioned by Tyler on his freeperm Twitter on March 11th, 2014.",,,,,,
,Stems,,,,,,,
IGOR,"EARFQUAKE [Clean]
(feat. Playboi Carti)","Stems to the Fortnite Festival version of ""EARFQUAKE"", clean.",3:17,"Nov 14, 2025",,Full,Lossless,
IGOR,"Jaden - NOIZE
(feat. Tyler, The Creator)","Stems to ""NOIZE"" by Jaden. Some people in the comm have this.",,,,Snippet,CD Quality,"https://pixeldrain.com/u/RQVkd1tn
https://pixeldrain.com/u/EzKEVVej"
,Instrumentals,,,,,,,
IGOR,435,"OG Filename: 03 435-NHPMix1.1Final-Instrumental 1644-REF 29May2018
Instrumental to ""435.""",1:34,"Feb 23, 2024","May 29, 2018",OG File,Lossless,https://pixeldrain.com/u/iQHpPiaj
IGOR,A BOY IS A GUN*,"Instrumental to ""A BOY IS A GUN*.""",3:28,"Feb 22, 2024",,Full,CD Quality,https://pixeldrain.com/u/FcZC5oVz
IGOR,ARE WE STILL FRIENDS?,"Instrumental to ""ARE WE STILL FRIENDS?.""",4:29,"Feb 22, 2024",,Full,CD Quality,https://pixeldrain.com/u/1yVDmGZR
IGOR,DOGTOOTH,"Instrumental to ""DOGTOOTH."" Made during IGOR era.",,,,Confirmed,Not Available,
IGOR,EARFQUAKE,"Instrumental to ""EARFQUAKE.""",3:13,"Feb 20, 2021",,Stem Bounce,Lossless,https://pixeldrain.com/u/v1rwLdL1
IGOR,"GONE, GONE
(Love Gone, Love's Gone)","OG Filename: Love Gone NHPMix Recall Redux Final Instrumental 01
Instrumental to ""GONE, GONE.""",4:41,"Mar 18, 2024",,OG File,Lossless,https://pixeldrain.com/u/oCxHBrsn
IGOR,I THINK,"Instrumental to ""I THINK.""",3:33,"Feb 22, 2024",,Full,CD Quality,https://pixeldrain.com/u/o5ficyPs
IGOR,IGOR'S THEME,"Instrumental to ""IGOR'S THEME.""",3:26,"Feb 22, 2024",,Full,CD Quality,https://pixeldrain.com/u/nGPnH2Mn
IGOR,NEW MAGIC WAND [V1],"Very early version of the ""NEW MAGIC WAND"" instrumental, dated 2018. This version has completely different mixing. Leaked on June 22nd, 2024.",2:17,"Jun 22, 2024",,Full,CD Quality,https://pixeldrain.com/u/mguSpeAi
IGOR,NEW MAGIC WAND [V2],"Instrumental to ""NEW MAGIC WAND.""",3:15,"Feb 22, 2024",,Full,CD Quality,https://pixeldrain.com/u/tiHBGUJE
IGOR,OKRA,"Instrumental to the released ""OKRA.""",2:28,"Feb 22, 2024",,Full,CD Quality,https://pixeldrain.com/u/65TwqQNE
IGOR,PUPPET,"Instrumental to ""PUPPET.""",2:58,"Feb 22, 2024",,Full,CD Quality,https://pixeldrain.com/u/E2U86veC
IGOR,RUNNING OUT OF TIME,"Instrumental to ""RUNNING OUT OF TIME.""",3:02,"Feb 22, 2024",,Full,CD Quality,https://pixeldrain.com/u/kSVXgrCD
IGOR,WHAT'S GOOD,"Instrumental to ""WHAT'S GOOD.""",3:25,"Feb 22, 2024",,Full,CD Quality,https://pixeldrain.com/u/inP3sxc7
IGOR,"Kali Uchis - After The Storm
(feat. Tyler, The Creator)","Instrumental to ""After The Storm"" by Kali Uchis, leaked on April 10th alongside other Kali stems.",3:34,"Apr 10, 2021",,Full,CD Quality,https://pixeldrain.com/u/HfZ889Ck
,Acapellas,,,,,,,
IGOR,435,"OG Filename: 04 435-NHPMix1.1Final-Acapella 1644-REF 29May2018
Acapella to ""435.""",1:34,"Feb 23, 2024","May 29, 2018",OG File,Lossless,https://pixeldrain.com/u/sF35iWji
IGOR,435 [Clean],"OG Filename: 05_435-NHPMix1.1Final-CleanAcapella_1644-REF_29May2018
Clean acapella to ""435.""",1:34,"Feb 23, 2024",,OG File,Lossless,https://pixeldrain.com/u/zdZzmnrk
IGOR,"EARFQUAKE [Clean]
(feat. Playboi Carti)","Clean acapella to ""EARFQUAKE"", taken from Fortnite Festival.",3:17,"Nov 14, 2025",,Full,Lossless,https://pixeldrain.com/u/T8Dks8w2
IGOR,OKRA (Acapella),"Acapella to the original ""OKRA.""",2:41,"Feb 22, 2024",,Full,CD Quality,https://pixeldrain.com/u/osrVY79p
IGOR,"GONE, GONE (Acapella)
(feat. CeeLo Green)
(Love Gone, Love's Gone)","OG Filename: Love Gone NHPMix Recall Redux Final Acapella 06
Acapella to ""GONE, GONE.""",4:41,"Mar 18, 2024",,OG File,Lossless,https://pixeldrain.com/u/QpFHXsJS
,TV Tracks,,,,,,,
IGOR,OKRA (TV Track),"TV track for the original ""OKRA,"" surprisingly has elements from the release version so it can be concluded that this is the final instrumental pitched down.",2:41,"Feb 22, 2024",,Full,CD Quality,https://pixeldrain.com/u/cD1bPwQt
"1 OG File(s)
6 Full
0 Tagged
0 Stem Bounce(s)
0 Partial
14 Snippet(s)
9 Unavailable","CALL ME IF YOU GET LOST
(CALL ME WHEN YOU GET LOST)","(2020 - 2021) (2023) (as Tyler, The Creator)
CALL ME IF YOU GET LOST is Tyler's seventh studio album, released on June 25, 2021. Tyler later rereleased this album as ""CALL ME IF YOU GET LOST: The Estate Sale"" on March 31, 2023. This project was considered done in November 2020, but later turned into what we have right now.",,,,,,
,Sessions,,,,,,,
CALL ME IF YOU GET LOST [V2],"Penny
(prod. Polow da Don & Butta)
(Throw Some D's)","OG Filename: Copy of Penny
Session files for ""Penny"".",,,,Confirmed,Not Available,
CALL ME IF YOU GET LOST [V2],LUMBERJACK,"OG Filename: T SESSIONS FOR MIXING or COPY OF LUMBERJACK
ProTools sessions for ""LUMBERJACK"" that was available for groupbuy at some point, but the Tyler community was gay and autistic. Snippet is very old.",,,,Snippet,CD Quality,https://pixeldrain.com/u/9WiqZMJM
CALL ME IF YOU GET LOST [V2],MASSA,"OG Filename: Tyler Massa NHPMix4 Final Mixes 48k 24bit 157.1 BPM
ProTools Sessions for the mastered mix of ""MASSA"".",,,,Confirmed,Not Available,
CALL ME IF YOU GET LOST [V2],"Pharrell Williams - Cash In Cash Out
(feat. 21 Savage & Tyler, The Creator) (prod. Pharrell Williams)","OG Filename: Copy of CASH IN CASH OUT T VRS
ProTools sessions for ""Cash In Cash Out"" by Pharrell Williams.",,,,Confirmed,Not Available,
,Stems,,,,,,,
CALL ME IF YOU GET LOST [V2],"Rex Orange County - OPEN WINDOW
(feat. Tyler, The Creator) (prod. Rex Orange County, Tyler, The Creator & Benny Sings)
(OPEN A WINDOW)","OG Filename: OPEN WINDOW STEMS TYLER EDITS
Stems to a version of ""OPEN A WINDOW.""",,,,Confirmed,Not Available,
,Instrumentals,,,,,,,
CALL ME IF YOU GET LOST [V2],"Almeda
(prod. Pharrell Williams & John Carroll Kirby)
(ASHES, CHACHA)","VC recording of the instrumental to ""Almeda"".",,,,Snippet,CD Quality,https://pixeldrain.com/u/MpcRJbVf
CALL ME IF YOU GET LOST [V2],FISHTAIL,"Instrumental to ""FISHTAIL"", snippet taken from a Shogani VC recording.",,,,Snippet,Recording,https://pixeldrain.com/u/RYATQjEG
CALL ME IF YOU GET LOST [V2],"GOLFBOYSHIT
(prod. DJ Scratch)
(New York Shit)","OG Filename: GOLFBOY_INSTRUMENTAL.L
Instrumental to ""GOLFBOYSHIT,"" likely only had in the left channel.",,,,Confirmed,Not Available,
CALL ME IF YOU GET LOST [V2],LEMONHEAD,"Alternate instrumental to ""LEMONHEAD.""",1:32,"Jun 22, 2024",,Full,High Quality,https://pixeldrain.com/u/DrPUrL9u
CALL ME IF YOU GET LOST [V2],"Maxo Kream - BIG PERSONA
(prod. Tyler, The Creator)","Early version of the instrumental to ""BIG PERSONA"" by Maxo Kream, lacks intro strings.",2:26,"Sep 15, 2021",,Full,CD Quality,https://pixeldrain.com/u/P4HMxdMR
CALL ME IF YOU GET LOST [V2],MASSA,"OG Filename: Tyler Massa NHPMix4 2021 Final Instrumental 02
Instrumental to ""MASSA.""",,,,Confirmed,Not Available,
CALL ME IF YOU GET LOST [V2],MOMMA TALK,"Instrumental to ""MOMMA TALK,"" snippet leaked on April 30th, 2024 by Gaws. Leaked in full length, low quality, on May 2nd, 2024.",1:05,"May 2, 2024",,Full,Low Quality,https://pixeldrain.com/u/DU6hA2Lh
CALL ME IF YOU GET LOST [V2],"NUMBER, NUMBER","Instrumental to an early / extended version of ""Voicemail #3.""",2:24,"Oct 15, 2025",,Full,High Quality,https://pixeldrain.com/u/CG2MyJGN
CALL ME IF YOU GET LOST [V2],SWEET,"Instrumental to ""SWEET,"" snippet leaked on June 10th, 2024.",,"Jun 10, 2024",,Snippet,High Quality,https://pixeldrain.com/u/1HAsNzDe
CALL ME IF YOU GET LOST [V2],STUNTMAN,"Instrumental to ""STUNTMAN.""",,,,Snippet,High Quality,https://pixeldrain.com/u/vCHDCm1s
CALL ME IF YOU GET LOST [V2],DOGTOOTH,"Instrumental to ""DOGTOOTH.""",,,,Snippet,High Quality,https://pillows.su/f/8252a7cf6ba818546e51652ca14ef94e
CALL ME IF YOU GET LOST [V2],"Brent Faiyaz - GRAVITY
(prod. DJ Dahi)","Instrumental to ""GRAVITY"" by Brent Faiyaz that was posted to Crateconnect, a website for DJs to share beats.",3:34,,,Full,CD Quality,https://pixeldrain.com/u/AwzAxXpc
CALL ME IF YOU GET LOST [V2],"Maxo Kream - Cracc Era
(feat. Tyler, The Creator) (prod. Tyler, The Creator)","Instrumental to ""Cracc Era"" by Maxo Krean that was found in an old Shogani VC recording.",,"Sep 4, 2021",,Snippet,Recording,https://pixeldrain.com/u/o7bZDTUe
CALL ME IF YOU GET LOST [V2],"Pharrell Williams - Cash In Cash Out
(feat. 21 Savage & Tyler, The Creator)","Instrumental to ""Cash In Cash Out"" by Pharrell Williams.",3:32,"Jun 11, 2022",,Full,CD Quality,https://pixeldrain.com/u/LUmuTzms
CALL ME IF YOU GET LOST [V2],"Snoh Aalegra - NEON PEACH
(prod. Tyler, The Creator)","OG Filename: SIDE B - 24b-INST_05-SA_Neon Peach (JELLIS MIX r2)_BECKER MASTER 3 (NEW FADE)_SEQ4
Instrumental to ""NEON PEACH.""",,"Jan 10, 2022",,OG File,Lossless,
,Acapellas,,,,,,,
CALL ME IF YOU GET LOST [V2],"Blocks
(Pictures)","Acapella to ""Blocks.""",,,,Snippet,Low Quality,https://pixeldrain.com/u/AofABcuN
CALL ME IF YOU GET LOST [V2],FISHTAIL,"Acapella to ""FISHTAIL"", snippet taken from a Shogani VC recording.",,,,Snippet,Low Quality,"https://pixeldrain.com/u/rVvu7XBJ
https://pixeldrain.com/u/B9RcvcRe"
CALL ME IF YOU GET LOST [V2],"JUGGERNAUT
(feat. Pharrell Williams & Lil Uzi Vert)",Taken from a Shogani VC Recording.,,,,Snippet,Low Quality,"https://pixeldrain.com/u/ZRwngGuA
https://pixeldrain.com/u/yTxgfQD1"
CALL ME IF YOU GET LOST [V2],LEMONHEAD,"Acapella to versions of the Lemonhead outro, taken from a Shogani VC recording.",,,,Snippet,Low Quality,"https://pixeldrain.com/u/YRtz3z98
https://pixeldrain.com/u/16eQqw3P"
CALL ME IF YOU GET LOST [V2],LUMBERJACK,"Demo acapella to Lumberjack, taken from a Shogani VC.",,,,Snippet,Low Quality,https://pixeldrain.com/u/o3WYZ7Tt
CALL ME IF YOU GET LOST [V2],MASSA,"Acapella to ""MASSA"" in its demo stages that was VC recorded on Discord from a call with Shogani.",,,,Snippet,Low Quality,https://pixeldrain.com/u/ppFN4tCH
CALL ME IF YOU GET LOST [V2],MASSA,"OG Filename: Tyler Massa NHPMix4 2021 Final Acapella 03
Acapella to ""MASSA.""",,,,Confirmed,Not Available,
CALL ME IF YOU GET LOST [V2],MASSA [Clean],"OG Filename: Tyler Massa NHPMix4 2021 Final Acapella Clean 04
Clean acapella to ""MASSA.""",,,,Confirmed,Not Available,
CALL ME IF YOU GET LOST [V2],RUNITUP,"Acapella to RUNITUP, taken from a Shogani VC recording. Unknown if Teezo Touchdown of DJ Drama are on this verison.",,,,Snippet,Low Quality,https://pixeldrain.com/u/p5dFuJBq
,TV Tracks,,,,,,,
CALL ME IF YOU GET LOST [V2],MASSA,"OG Filename: Tyler Massa NHPMix4 2021 Final TV 07
TV track to ""MASSA.""",,,,Confirmed,Not Available,
"0 OG File(s)
2 Full
0 Tagged
1 Stem Bounce(s)
0 Partial
4 Snippet(s)
0 Unavailable",CHROMAKOPIA,"(2020 - 2024) (2025) (as Tyler, The Creator)
CHROMAKOPIA is Tyler's eighth studio album, released on October 28th, 2024. This album is the first album by Tyler, The Creator to break many of his ""traditions"" when it comes to releasing albums: he broke his 2 year rule (a rule where he only drops an album every two years, The Estate Sale dropped just last year) & his 10th track rule (when there are two or three tracks in one track, specifically on the 10th track of the album). Work on the album began as far back as 2020 alongside CALL ME IF YOU GET LOST with the creation of “Mother.” Tyler has since shared that he once planned for CHROMAKOPIA to be his final album.",,,,,,
,Stems,,,,,,,
CHROMAKOPIA,"Sticky [Clean]
(feat. GloRilla, Sexyy Red & Lil Wayne)","Stems to the Fortnite Festival version of ""Sticky"", clean. The 'skip the sex' line was later censored in game.",4:22,"Nov 14, 2025",,Full,Lossless,https://pixeldrain.com/u/pyPndPKc
,Instrumentals,,,,,,,
CHROMAKOPIA,"Darling, I","Instrumental to ""Darling, I"" used by Converse via Instagram. Sounds AI lwk.",,,,Snippet,High Quality,LINK NEEDED
CHROMAKOPIA,Sticky,"Instrumental for ""Sticky"", taken from Fortnite Festival.",4:22,"Nov 14, 2025",,Stem Bounce,Lossless,https://pixeldrain.com/u/ixRZtgjj
CHROMAKOPIA,St. Chroma,"Instrumental to ""St. Chroma"" used in an Instagram advertisement.",,,,Snippet,High Quality,https://pixeldrain.com/u/F8MHqMTt
CHROMAKOPIA,St. Chroma,"Another instrumental to ""St. Chroma"" used in an Instagram advertisement. Has some slightly alternate production (idk if this counts as stems but it's still going here).",,,,Snippet,High Quality,https://pixeldrain.com/u/Ekv3tKX6
CHROMAKOPIA,Thought I Was Dead (Instrumental),"Instrumental to ""Thought I Was Dead"", ripped from Converse' Instagram. DROP THE INSTRUMENTAL ALBUM TY",,,,Snippet,High Quality,https://pixeldrain.com/u/VY4PHszD
,Acapellas,,,,,,,
CHROMAKOPIA,"Sticky [Clean]
(feat. GloRilla, Sexyy Red & Lil Wayne)","Clean acapella to ""Sticky"", taken from Fortnite Festival. The 'skip the sex' line was later censored in game.",4:22,"Nov 14, 2025",,Full,Lossless,https://pixeldrain.com/u/wE6RbU15
"0 OG File(s)
0 Full
0 Tagged
0 Stem Bounce(s)
0 Partial
0 Snippet(s)
0 Unavailable",DON'T TAP THE GLASS,"(2024 - 2025) (as Tyler, The Creator)
DON'T TAP THE GLASS is Tyler's ninth studio album, released on July 21st, 2025. This project started on December 31st, 2024 and all of the verses were recorded in May 2025 during the CHROMAKOPIA tour. It was first teased on July 16th with a photo of him with a trumpet in a marching band outfit, this is where fans got the idea that this was either for the Sticky music video that was teased months prior or a CHROMAKOPIA deluxe. On July 18th, the album's physicals were released on the Golf Wang store, which is how the fans got their first taste of the album.",,,,,,
,Stems,,,,,,,
DON'T TAP THE GLASS,Ring Ring Ring [Clean],"Stems to the Fortnite Festival version of ""Ring Ring Ring,"" clean. Thought to be AI, but the original song just used samples.",3:30,"Nov 14, 2025",,Full,Lossless,https://pixeldrain.com/u/X6CtFRkW
,Instrumentals,,,,,,,
DON'T TAP THE GLASS,Ring Ring Ring,"Instrumental for ""Ring Ring Ring"", taken from Fortnite Festival.",3:30,"Nov 14, 2025",,Stem Bounce,Lossless,https://pixeldrain.com/u/qXNyou68
DON'T TAP THE GLASS,Sugar On My Tongue,"Instrumental to ""Sugar On My Tongue"" used in a GOLFWANG FW 2025 advertisement.",,,,Snippet,High Quality,https://pixeldrain.com/u/jt7k8BwN
DON'T TAP THE GLASS,Sucka Free,"Instrumental to ""Sucka Free"" used in a GOLFWANG FW 2025 advertisement.",,,,Snippet,High Quality,https://pixeldrain.com/u/C2LykdtL
,Acapellas,,,,,,,
DON'T TAP THE GLASS,Ring Ring Ring [Clean],"Clean acapella for ""Ring Ring Ring"", taken from Fortnite Festival.",3:30,"Nov 14, 2025",,Full,Lossless,https://pixeldrain.com/u/iBbsUFhD
"0 OG File(s)
3 Full
0 Tagged
0 Stem Bounce(s)
0 Partial
1 Snippet(s)
3 Unavailable",Unknown / Miscellaneous,"Projects and songs that have little to no information on them go here. Hopefully, more will be known about these one day.",,,,,,
,Sessions,,,,,,,
Unknown,🏅 Da Blow,"OG Project Filename: da blow tyler.band
Obscure 2009-2010 joke song, may feature Domo Genesis. project file is had. unknown which album this is made for. Unrelated to Blow.",,"Mar 17, 2025",,Snippet,Recording,https://pixeldrain.com/u/BeN2EjZ6
Unknown,"🏆 ???
(with Earl Sweatshirt) (feat. Frank Ocean)","OG Project Filename: lonny_EARLWOLFCOPY.band
Unknown 2009 - 2010 song featuring Earl and Frank, labeled as EarlWolf but likely not related to any EarlWolf projects. The project file for this is had.",,,,Confirmed,Not Available,https://pixeldrain.com/u/oCjxdoYC
Unknown,"🏆 ???
(feat. Frank Ocean)","OG Project Filename: lonny_tylernew.band
Unknown 2009 - 2010 song featuring Frank. The project file for this is had.",,,,Confirmed,Not Available,https://pixeldrain.com/u/oCjxdoYC
,Instrumentals,,,,,,,
Unknown,"Spaceships and Bliss
(prod. ???)","Instrumental to ""Spaceships and Bliss"".",2:42,"Sep 26, 2023",,Full,CD Quality,https://pixeldrain.com/u/GBMTRYmD
,Acapellas,,,,,,,
Unknown,Spaceships and Bliss,"Acapella to ""Spaceships and Bliss"".",2:42,"Sep 22, 2023",,Full,CD Quality,https://pixeldrain.com/u/fzHPYCpL
Unknown,"🗑️ Steed Lord
(feat. LaVish)","Acapella to ""Steed Lord"". This song uses the Poly/Mono era beat Spunk, but the era of the song itself is unknown. Please stop using this. Recorded Jan 11, 2008.",1:41,"Dec 27, 2022","Jan 11, 2008",Full,Low Quality,https://pixeldrain.com/u/nDFS7GU1
Unknown,"🏆 ???
(with Earl Sweatshirt)","OG Project Filename: ERLWLF_LASHOW.band
Unknown show mix of an Earl and Tyler song, labeled as EarlWolf but likely not related to any EarlWolf projects. The project file for this is had.",,,,Confirmed,Not Available,https://pixeldrain.com/u/oCjxdoYC
