Era,Name,Notes,Track Length,File Date,Leak Date,Available Length,Quality,Link(s)
PURPLE MOON,"???
(prod. Varg²™)","Song with low-pitched vocals. Played by Ty on stream May 18th, 2026. Snippets posted by Ty to Instagram on July 12th and July 21st, 2026.",,,"Jul 20, 2026",Partial,Recording,"https://pillows.su/f/6e968a663c73295c9e1543bfa3cd984a
https://pillows.su/f/deb555e6aaccc056c03a92a551fb17e5
https://pillows.su/f/da97b9fbb230dde466eea9348f269f58"
girl music vol. 2: sex playlist,"G-Eazy - ???
(feat. Ty Dolla $ign)","Played by G-Eazy and Ty at an event on July 5th and July 19th, 2026.",,"Mar 20, 2026","Jul 19, 2026",Snippet,Recording,"https://pillows.su/f/5e68946b3ac92e94924fc1c177e7a751
https://pillows.su/f/39e5788a44c3b1ab37fafca1e7ac4a00"
PURPLE MOON,"🏆 HERE, THERE AND EVERYWHERE
(prod. Ty Dolla $ign, Jairus Mozee & Mike Moore)","Cover of ""Here, There and Everywhere"" by The Beatles which, according to Ty, would appear on PURPLE MOON due to the vocal pitching used on the song. Ty also stated that he played the talkbox on the song along with the keys with Mike Moore, and the guitar was played by Jairus Mozee. Likely recorded in mid to late 2024, as the song has been played alongside other files from that period, and Ty was recording covers of various songs at the time, including ""THROW AWAY"" and ""THOUSAND MILES"". Mike Moore has also stated that the song was made ""years ago"". During stream on April 18th, 2026, Ty stated that he wants to ""make this video ASAP"" and the song could possibly appear on girl music vol. 2, which he would also repeat on stream on May 5th, 2026. First played by Ty on stream September 2nd, 2025. Snippet posted by Ty to Instagram on July 16th, 2026.",2:26,,"Jul 16, 2026",Full,Recording,"https://pillows.su/f/95b96befc70ed69a34f9901b2a79c683
https://pillows.su/f/e80849643735208163064380c4ed48ff"
$ign Language 2,"???
(feat. A$AP Ferg) (prod. Juicy J & damn james!)
(Okay Alright)","$ign Language 2-era song featuring a verse from A$AP Ferg. Samples ""Mass Appeal"" by Gang Starr. Played by Ty on stream September 2nd, 2025. Snippet posted by Ty to Instagram on July 15th, 2026.",2:35,,"Jul 15, 2026",Full,Recording,"https://pillows.su/f/a678ecf5249a2e9f4fb60d0b1d1a37a5
https://pillows.su/f/116a1beb9e86a509a8177bbf052aa6f0"
girl music vol. 2: sex playlist,"D. Savage - ???
(feat. Ty Dolla $ign)","Snippet posted by Ty to Instagram on July 14th, 2026.",,,"Jul 14, 2026",Snippet,CD Quality,https://pillows.su/f/fd89226b218f7f7266a274fb2559c6d3
Ongoing,"??? [V1]
(prod. Ty Dolla $ign)
(Pay No Mind)","Instrumental. Snippet posted by Ty to Instagram on July 14th, 2026.",,,"Jul 14, 2026",Snippet,CD Quality,https://pillows.su/f/a74eeb880be981e043a33d808fb436da
Ongoing,"??? [V2]
(prod. Ty Dolla $ign)
(Pay No Mind)","Snippet posted by Ty to Instagram on July 14th, 2026.",,,"Jul 14, 2026",Snippet,CD Quality,https://pillows.su/f/624b40e2037c7648bb995eb97b619e98
VULTURES 2,"EASY COME EASY GO [V5]
(prod. Ojivolta)
(EASY COME AND EASY GO, LOST AND FOUND)","Version played alongside other late VULTURES 2-era files dated shortly before the album's release. Played by Ty on stream July 13th, 2026.",,,"Jul 13, 2026",Snippet,Recording,https://pillows.su/f/1e355103ae06100d5792740aebce6073
VULTURES 2,"PAY PER VIEW [V12]
(feat. Project Pat) (prod. Nico Baran, Juicy J, DJ Paul & The Legendary Traxster)","Version with Ty's re-recorded verse as well as slightly different production, played alongside other late VULTURES 2-era files. Played by Ty on stream July 13th, 2026.",,,"Jul 13, 2026",Partial,Recording,https://pillows.su/f/de7861610b8d1cd0d1d93273202dbed2
VULTURES 2,???,"Song with Ye vocals. Played by Ty on stream July 13th, 2026.",,,"Jul 13, 2026",Snippet,Recording,https://pillows.su/f/0c47a71b846f7cb54acba7e5ec1feca8
VULTURES 2,???,"Song with Ye vocals. Played by Ty on stream July 13th, 2026.",,,"Jul 13, 2026",Snippet,Recording,https://pillows.su/f/ba303d794e609a87cc586e411c6599b4
VULTURES 3,"🤖 Kanye West - LAST BREATH [V9]
(ref. Ty Dolla $ign) (feat. Peso Pluma) (prod. Kanye West)","Version with vocals from Peso Pluma, possibly a second reference track recorded by Ty. Played by Ty on stream July 13th, 2026.",,"Feb 1, 2025","Jul 13, 2026",Snippet,Recording,https://pillows.su/f/9ab6996ac62c0ba014693e0a08d3d809
TYCOON [V1],"???
(prod. Ty Dolla $ign)
(Nothing Else Matters)","Played by Ty on stream September 2nd, 2025. Snippet posted by Ty to Instagram on July 13th, 2026.",,,"Jul 13, 2026",Partial,Recording,"https://pillows.su/f/79695f7349029d5fd21c111f617fc777
https://pillows.su/f/9924ca8843e8f18ed6f62b099af9ef1a"
TYCOON [V1],"??? [V1]
(prod. Ty Dolla $ign)
(Wait For Me)","Original instrumental. Played by Ty on stream July 13th, 2026.",,,"Jul 13, 2026",Partial,Recording,https://pillows.su/f/7b0b442885af619b91a1c82a79255658
TYCOON [V1],"Freak [V2]
(feat. Ye) (prod. TheLabCook & William Van Zandt)","Version with real vocals from Ye, likely his initial freestyle for the song. Acapella played by Ty on stream July 13th, 2026.",,,"Jul 13, 2026",Snippet,Recording,"https://pillows.su/f/e2d69b50a87fe44702aab5736ddb9180
https://pillows.su/f/2b9fa351425144721b6243e7df0ca369"
TYCOON [V1],"Gladiator
(prod. damn james!)","First played by Ty on stream October 12th, 2025. Played by Ty on stream July 13th, 2026.",,,"Jul 13, 2026",Partial,Recording,"https://pillows.su/f/793a441f3647e4d5ed86afc955edfd73
https://pillows.su/f/ddd937fae9382a940b79cb83d35671cd"
TYCOON [V1],"Say It [V1]
(prod. Caleb Bryant, Aye YB & Hitmaka)","Original solo Ty version, featuring two entirely different verses, as well as minor differences including Aye YB's producer tag on the intro and slightly different lyrics on the hook. First played by Ty on stream November 24th, 2025. Played by Ty on stream July 13th, 2026.",,,"Jul 13, 2026",Partial,Recording,"https://pillows.su/f/de6b3d59a3dba8d4fe92e58620039191
https://pillows.su/f/c9e94190a5b5f867808335cc8ee589ad"
TYCOON [V1],"Summer Time FIne [V1]
(prod. Cardo Got Wings)","Solo Ty version. Played by Ty on stream July 13th, 2026.",,,"Jul 13, 2026",Snippet,Recording,https://pillows.su/f/fbe9f5f85729b5cbf5f3e2af238663c2
TYCOON [V1],"Summer Time FIne [V3]
(feat. 2 Chainz) (prod. Cardo Got Wings)","Version featuring a verse from 2 Chainz in place of Roddy Ricch's verse. Played by Ty on stream July 13th, 2026.",,,"Jul 13, 2026",Partial,Recording,https://pillows.su/f/10f06c3e240e10414e83618184e952bc
TYCOON [V1],Let You Down [V2],"Version with reworked production. Played by Ty on stream July 13th, 2026.",,,"Jul 13, 2026",Partial,Recording,"https://pillows.su/f/b48e8842d6c8ddc1c1acec1d9aad619d
https://pillows.su/f/8eea9cae06dd6bca8ecbfd80f72e5d8d"
TYCOON [V1],"???
(feat. Roddy Ricch)","Song featuring Roddy Ricch, recorded in the same session as ""Summer Time Fine"". First played by Ty on stream October 12th, 2025. Played by Ty on stream July 13th, 2026.",,,"Jul 13, 2026",Partial,Recording,"https://pillows.su/f/0d8c89e5112bc7eaa38d9af77cd62a9e
https://pillows.su/f/0e954145d35eea1fb7fa6263fbd2c478"
TYCOON [V1],???,"First played by Ty on stream October 12th, 2025. Played by Ty on stream July 13th, 2026.",,,"Jul 13, 2026",Partial,Recording,https://pillows.su/f/96100e2e7daeeee226a1fee09999ea0e
TYCOON [V1],"???
(Yeah Boy)","First played by Ty on stream October 12th, 2025. Played by Ty on stream July 13th, 2026.",,,"Jul 13, 2026",Snippet,Recording,https://pillows.su/f/8e45307bea1f427b31bfaf85a47708de
TYCOON [V1],"???
(feat. Young Thug & Joe Moses) (prod. J.R.)","First played by Ty on stream October 12th, 2025. Played by Ty on stream July 13th, 2026.",,,"Jul 13, 2026",Partial,Recording,https://pillows.su/f/da159ccbac0593d66ce2a9f4a433a063
TYCOON [V1],???,"First played by Ty on stream October 12th, 2025. Played by Ty on stream July 13th, 2026.",,,"Jul 13, 2026",Partial,Recording,https://pillows.su/f/852b61846c776d836b0fd3391fcd4639
TYCOON [V1],"???
(feat. Wiz Khalifa) (prod. Cardo Got Wings)","Song featuring a verse from Wiz Khalifa, likely recorded alongside ""Billionaires"". First played by Ty on stream October 12th, 2025. Played by Ty on stream July 13th, 2026.",,,"Jul 13, 2026",Partial,Recording,https://pillows.su/f/542463548c8baaa2acb56c9ea7e4eba4
TYCOON [V1],"???
(prod. Cardo Got Wings)","First played by Ty on stream October 12th, 2025. Played by Ty on stream July 13th, 2026.",,,"Jul 13, 2026",Partial,Recording,https://pillows.su/f/736e3cc26f57c17373b4ee9901f08e7d
TYCOON [V1],"???
(Codeine On Ice)","First played by Ty on stream October 12th, 2025. Played by Ty on stream July 13th, 2026.",,,"Jul 13, 2026",Partial,Recording,"https://pillows.su/f/08a7f1d935e335b06c5f81281f7a6baf
https://pillows.su/f/4bb4d536a5d7434c0093915831019ace"
TYCOON [V1],???,"Played by Ty on stream July 13th, 2026.",,,"Jul 13, 2026",Partial,Recording,https://pillows.su/f/686d74a97ad8b81e54aa0e91a4f2ae8e
TYCOON [V1],"???
(prod. Bankroll Got It & ???)","Played by Ty on stream July 13th, 2026.",,,"Jul 13, 2026",Snippet,Recording,https://pillows.su/f/f16b26950287e963fe705f9cdbc7fa7b
TYCOON [V1],???,"Played by Ty on stream July 13th, 2026.",,,"Jul 13, 2026",Partial,Recording,https://pillows.su/f/71f3f510f4c0116d2c2f1a6a27a6707c
TYCOON [V1],???,"Played by Ty on stream July 13th, 2026.",,,"Jul 13, 2026",Partial,Recording,https://pillows.su/f/da939a33a77b58918f8f721a6e0eedfb
TYCOON [V1],"???
(Careful What You Wish For)","First played by Ty on stream September 2nd, 2025. Played in nearly full by Ty on stream July 13th, 2026.",,,"Jul 13, 2026",Partial,Recording,https://pillows.su/f/0a5ffc7e1c808c72e81e465c492f1293
TYCOON [V1],???,"Played by Ty on stream July 13th, 2026.",,,"Jul 13, 2026",Partial,Recording,https://pillows.su/f/f987a69512f152416a466b2b8bf35c9f
TYCOON [V1],"Joe Moses - ???
(feat. Ty Dolla $ign & ???) (prod. Low the Great)","Played by Ty on stream July 13th, 2026.",,,"Jul 13, 2026",Partial,Recording,https://pillows.su/f/dbd6c2bed615a4fee7dc796fc9922b60
TYCOON [V1],"Joe Moses - ???
(prod. Ty Dolla $ign)","Played by Ty on stream July 13th, 2026.",,,"Jul 13, 2026",Partial,Recording,https://pillows.su/f/917cc3cd1649796e0e750a02a856af15
TYCOON [V1],"Young Thug - ???
(feat. Ty Dolla $ign)","First played by Ty on stream October 12th, 2025. Played by Ty on stream July 13th, 2026.",,,"Jul 13, 2026",Snippet,Recording,https://pillows.su/f/da0ea6f1bab98537de91f9f8f573e7ff
TYCOON [V1],"??? - ???
(feat. Ty Dolla $ign)","First played by Ty on stream October 12th, 2025. Played by Ty on stream July 13th, 2026.",,,"Jul 13, 2026",Partial,Recording,https://pillows.su/f/4688780f381e761597c9386703f7fcb2
TYCOON [V2],"???
(FELL IN LOVE)","Played by Ty on stream July 13th, 2026.",,,"Jul 13, 2026",Partial,Recording,https://pillows.su/f/62a5473e7a6d577a9774fa3570d10d17
TYCOON [V2],"???
(LOVING YOU IS WRONG)","EDM song played by Ty on stream July 13th, 2026.",,,"Jul 13, 2026",Partial,Recording,https://pillows.su/f/c2a2e41d4abacdf551b7633913973d9b
TYCOON [V2],"???
(prod. Ty Dolla $ign)","Instrumental played by Ty on stream July 13th, 2026.",,,"Jul 13, 2026",Partial,Recording,https://pillows.su/f/cdfb63a1fb90a47fc9ba48a05d9bf3c4
PURPLE MOON,"SOCIAL NORM [V3]
(prod. Camper)","Version with entirely reworked sample-based production. First played by Ty on stream November 17th, 2025. Played in nearly full by Ty on stream July 13th, 2026.",,,"Jul 13, 2026",Partial,Recording,"https://pillows.su/f/9475d3e9d7c829c4f873123eaf99dad4
https://pillows.su/f/af58df5286fa5771cca96d4c2054e039"
PURPLE MOON,"???
(FUCK ICE)","First played by Ty on stream September 2nd, 2025. Played by Ty on stream July 13th, 2026.",,,"Jul 13, 2026",Snippet,Recording,https://pillows.su/f/8ac6d33c0bcf3eff8adb88f9dba06bc0
PURPLE MOON,"??? [V2]
(feat. ???) (prod. Camper)
(I BALL)","Played by Ty on stream July 13th, 2026.",,,"Jul 13, 2026",Partial,Recording,https://pillows.su/f/63795a96ad3d1f890751339a78b92156
PURPLE MOON,"???
(WATCH)","Song with high-pitched vocals. First played by Ty on stream November 24th, 2025. Played by Ty on stream July 13th, 2026.",,,"Jul 13, 2026",Partial,Recording,https://pillows.su/f/923aded92ffe870092178c0ed407a8d0
PURPLE MOON,"??? [V3]
(prod. damn james! & Ty Dolla $ign)
(SMOKE TWO)","Version with damn james!'s producer tag pitched down. Played by Ty on stream July 13th, 2026.",,,"Jul 13, 2026",Partial,Recording,https://pillows.su/f/0db4d89013ee6a5ff2733f3f2e2a3b38
PURPLE MOON,"??? [V2]
(prod. damn james! & Ty Dolla $ign)","Played by Ty on stream July 13th, 2026.",,,"Jul 13, 2026",Partial,Recording,https://pillows.su/f/341b29432b2f35dfedc96cf0ac9fa0c4
girl music vol. 2: sex playlist,dm swole,"OG Filename: dm swole.1_2
Played by Ty on stream May 3rd, 2026. Snippet posted by Ty to Instagram on July 12th, 2026.",,,"Jul 12, 2026",Partial,Recording,"https://pillows.su/f/f2edcdbdc6a6d5616f7b50c69222b95b
https://pillows.su/f/98ef42088a3d5a1115fb011df2b0b71d"
PURPLE MOON,AND DON'T,"Song with high-pitched vocals. First played by Ty on stream November 24th, 2025. Played by Ty on stream July 12th, 2026.",,,"Jul 12, 2026",Partial,Recording,https://pillows.su/f/f0f78452820fef0962527b1da51f1e51
PURPLE MOON,"PURP23 [V2]
(prod. damn james! & Ty Dolla $ign)
(GET RICH)","Early solo version with a Ty verse that mentions PURPLE MOON repeatedly, later replaced with Kevin Gates. Uses the original beat. Played by Ty on stream July 12th, 2026.",,,"Jul 12, 2026",Partial,Recording,https://pillows.su/f/8b0508d4f657469849989a4149519cac
PURPLE MOON,"MONEY, CARS, CLOTHES [V4]
(prod. damn james!)","Version with damn james!'s producer tag pitched down. Played by Ty on stream July 12th, 2026.",,,"Jul 12, 2026",Snippet,Recording,https://pillows.su/f/efd8ea15c4d41c470b515e42e3d5e942
PURPLE MOON,"???
(I'M HIM)","First played by Ty on stream September 16th, 2025. Played by Ty on stream July 12th, 2026.",1:30,,"Jul 12, 2026",Full,Recording,https://pillows.su/f/47b5d0f6cfcf0d252c01c59d9046a54c
PURPLE MOON,???,"Song with high-pitched vocals. First played by Ty on stream September 16th, 2025. Played by Ty on stream July 12th, 2026.",,,"Jul 12, 2026",Partial,Recording,https://pillows.su/f/87d584f781d354952f0911a94d66d31f
PURPLE MOON,"???
(prod. damn james! & Ty Dolla $ign)
(BRICK BY BRICK)","Song with low-pitched vocals. First played by Ty on stream November 24th, 2025. Played by Ty on stream July 12th, 2026.",,,"Jul 12, 2026",Partial,Recording,https://pillows.su/f/b15c158def648ac828bc1139eec8ffb5
PURPLE MOON,"???
(ONCE UPON A TIME)","Played by Ty on stream July 12th, 2026.",,,"Jul 12, 2026",Partial,Recording,https://pillows.su/f/b5404a248bf0d5f2792e39730b395ad3
PURPLE MOON,"???
(WAKE UP COUNT THIS MONEY AND GO)","Snippet posted by Ty to Instagram on July 12th, 2026.",,,"Jul 12, 2026",Snippet,CD Quality,https://pillows.su/f/fc5828a5daa123d15e425334632c8110
PURPLE MOON,"???
(PUT IN THAT WORK)","Snippet posted by Ty to Instagram on July 12th, 2026. Likely produced by the same producer as ""ABOVE THE LAW"".",,,"Jul 12, 2026",Snippet,CD Quality,https://pillows.su/f/5ba83b838e2dc929b795627002e94d05
PURPLE MOON,"??? [V1]
(prod. damn james! & Ty Dolla $ign)","Original beat. Samples ""They Don't Know"" by Jon B. Played by Ty on stream July 11th, 2026.",,,"Jul 11, 2026",Partial,Recording,https://pillows.su/f/9af4f6e9df2963cafc5460c033a90b6f
PURPLE MOON,"??? [V2]
(prod. damn james! & Ty Dolla $ign)","Song recorded on stream on July 11th, 2026. Played by Ty on stream July 11th, 2026.",,"Jul 11, 2026","Jul 11, 2026",Partial,Recording,https://pillows.su/f/f2d08e34b4b6acb27284874b8e21d55d
PURPLE MOON,"???
(prod. damn james! & Ty Dolla $ign)
(BACK IN THE BOOTH)","Played by Ty on stream July 11th, 2026.",,"Jul 10, 2026","Jul 11, 2026",Partial,Recording,"https://pillows.su/f/b65dc125ed1dfe945eae11870695801e
https://pillows.su/f/c36f74f958511ed62fdfac7e91c3e605"
PURPLE MOON,"??? [V1]
(prod. damn james! & Ty Dolla $ign)","Original beat. Played by Ty on stream July 11th, 2026.",,,"Jul 11, 2026",Snippet,Recording,https://pillows.su/f/ca410e7a031d73b9bb89357350f57eaf
$24:00 [V2],"SLATTY (FREE JEFF)
(prod. Hitmaka)","OG Filename: Slatty (FREE JEFF) - 24HRS x Ty$
Song dedicated to Young Thug, likely recorded around the time he was arrested in 2022. Samples an Instagram story posted by Young Thug. Snippet leaked September 28th, 2025. Played on the Ty x 24hrs stream December 17th, 2025.",2:44,,"Jul 3, 2026",Full,CD Quality,https://pillows.su/f/1fe7ee0c13e6ce0d4846c6d0601d52b2
Dream House,"Ego Death [V2]
(feat. Kanye West & serpentwithfeet) (prod. Ty Dolla $ign & Kanye West)","Initial Ye freestyle. According to Ty, during the session for ""Everything We Need"", he showed the song to Ye, who ""jumped out of his chair and went crazy"", freestyling and beatboxing over the song. Snippets leaked October 14th, 2020 and July 2nd, 2026.",,"Sep 22, 2018","Jul 2, 2026",Snippet,CD Quality,"https://pillows.su/f/7614598256c4833a5a83885206e1295e
https://pillows.su/f/c3a33a1ab7ccc259c05c91d170276cc5"
Ongoing,"???
(prod. Ty Dolla $ign)","Snippet posted by Ty to TikTok on June 30th, 2026, captioned ""all u need is ur passport and ur birthday suit"".",,,"Jun 30, 2026",Snippet,CD Quality,https://pillows.su/f/22991c338899a2d59a890d7ec5aacb1a
Beach House 4 [V2],"Paid [V4]
(ref. Ant Clemons) (prod. Stryv)
(Get Paid)","OG Filename: VERSE W BEAT
Version from Japan likely made shortly after Ye’s initial freestyle. Was said to be a feature, but it’s more likely that this is a reference for Ye’s verse due to Ant’s lyrics and flow. Has alternate takes from Ty heard in the other Japan version, but is the first version with a structure heard in later versions. Snippet leaked June 9th, 2026.",3:31,"Jul 23, 2023","Jun 29, 2026",OG File,CD Quality,https://pillows.su/f/dc526ca189bec5ac5ebd25df99c0d8e8
¥$,"Paid [V9]
(ref. Ant Clemons) (feat. K-Ci) (prod. Stryv)
(Get Paid)","Second Ant Clemons reference track. Snippet leaked June 9th, 2026.",2:48,,"Jun 29, 2026",Full,CD Quality,https://pillows.su/f/e1609a846afc2f5f73195dca8d46a228
¥$,"✨ Amazing [V3]
(feat. Ant Clemons) (prod. Skrillex & ???)","OG Filename: amazing ( OV) 3
Ant Clemons reference track from Yandhi sessions, brought back during Italy sessions with Ty vocals and additional production. Ty covers part of Ant's verse and sings harmonies on the hook. Contains an open verse. Snippet leaked June 9th, 2026.",2:55,,"Jun 28, 2026",OG File,CD Quality,https://pillows.su/f/68a9189063594a14cf56bf91bc5b00e1
¥$,"Bad Bitch Playbook
(ref. Ant Clemons) (prod. Camper)","OG Filename: BAD BITCH PLAYBOOK 10.29.23
Solo Ant Clemons reference track intended for both Ty and Ye to record on. Vocals with a phaser effect were likely meant for Ty, while the rap verse without the effect were meant for Ye. Interpolates ""Super Freak"" by Rick James. Snippet leaked June 9th, 2026.",3:48,"Oct 29, 2023","Jun 28, 2026",OG File,CD Quality,https://pillows.su/f/a1f4ddf30652dd415eb6d2327f1db942
¥$,"Everything [V2]
(ref. Ant Clemons & Mamii) (prod. Camper & Mamii)
(Once Again, Rain On Me)","OG Filename: EVERYTHING 11.1.23
Ant Clemons reference track covering the entirety of the hook and Ty's verse, as well as additional lines which would remain unused. The intro and outro also include pitched-down vocals and production from Mamii's original version of the song. Snippet posted by Ant Clemons to Instagram on February 7th, 2024.",1:54,"Nov 1, 2023","Jun 28, 2026",OG File,CD Quality,https://pillows.su/f/374493b094a423344896590fc6d3a95e
¥$,"✨ Everything [V3]
(feat. Ant Clemons) (prod. Camper)
(Once Again, Rain On Me)","OG Filename: EVERYTHING 11.2.23 TY_1
Original version of the song before it was merged with ""TALKING"", featuring different production, additional vocals from Ty and Ant Clemons, and open sections likely intended for Ye to record over. The last line in Ty's verse also includes the alternate lyric, ""I'm tryna leave behind some buildings for the legacy"". Played in nearly full by Ty on stream November 17th, 2025. Snippet leaked June 9th, 2026.",2:54,"Nov 2, 2023","Jun 28, 2026",OG File,CD Quality,https://pillows.su/f/bdd2c3f22544645290c1435f0965d9a6
VULTURES 1,"Don't Kill The Party [V8]
(ref. Ant Clemons) (prod. BNYX®, 206derek, Matt Spatola, Lasik & BBYKOBE)","OG Filename: FaithwalkerXDontkilltheparty - FaithwalkerxAnt - B1
Ant Clemons reference track, written with TrueFaithWalker. Snippet leaked June 9th, 2026.",2:16,,"Jun 28, 2026",OG File,CD Quality,https://pillows.su/f/dcc3c29e47a37470d27a876abb1c3ce4
VULTURES 1,"Everybody [V8]
(ref. CyHi) (feat. Charlie Wilson & Lil Baby) (prod. Kanye West & will.i.am)","OG FIlename: everybody 12.11. REF_1
CyHi reference track, including additional lines from Ye. Snippet leaked June 16th, 2026.",3:22,"Dec 11, 2023","Jun 28, 2026",OG File,CD Quality,https://pillows.su/f/7fab3003c6ea1614d63d9db88e0d6b6f
VULTURES 1,"Lifestyle [V2]
(prod. Nico Baran, FNZ & Ty Dolla $ign)","Hi-hat bleed and cuts can be heard in Ye's vocals in the version below, suggesting that a longer freestyle was recorded over an instrumental with different arrangement.",,,"Jun 28, 2026",Snippet,Low Quality,https://pillows.su/f/a252c53bc0656c1c2fbdee98ba54295a
VULTURES 1,"Lifestyle [V3]
(prod. Nico Baran, FNZ, Ty Dolla $ign & Wheezy)","OG Filename: Lifestyle 12.12.23 ref
Version featuring two verses from Ye. Snippet leaked June 9th, 2026.",4:56,"Dec 12, 2023","Jun 28, 2026",OG File,CD Quality,https://pillows.su/f/a252c53bc0656c1c2fbdee98ba54295a
VULTURES 1,"Promotion [V8]
(ref. Ant Clemons) (feat. Future) (prod. The Legendary Traxster & AyoAA)
(Gorgeous)","OG Filename: PROMOTION 12.11.23 ant ref_1
Ant Clemons reference track based on Ye's mumble freestyle. Snippet leaked June 14th, 2026.",3:31,"Dec 11, 2023","Jun 28, 2026",OG File,CD Quality,https://pillows.su/f/372c42a7ff9a6a7161ae9585228a95cb
VULTURES 1,"LIFESTYLE [V5]
(ref. Ant Clemons) (feat. Lil Wayne) (prod. Nico Baran, FNZ, Ty Dolla $ign & Wheezy)","OG Filename: Lifestyle_Ant x Ty_150 C_12.19.23
Ant Clemons reference track.",4:54,"Dec 19, 2023","Jun 28, 2026",OG File,CD Quality,https://pillows.su/f/4d36e2604fdc24fa19b972ce942043c8
VULTURES 1,"LIFESTYLE [V6]
(ref. Ant Clemons) (feat. Lil Wayne) (prod. Nico Baran, FNZ, Ty Dolla $ign, Wheezy & Triangle Park)","OG Filename: Lifestyle_Ant x Ty_ Triangle Park_150 C_12.21.23
Version with additional production from Triangle Park added onto Ant Clemons' reference track. Snippet leaked June 9th, 2026.",4:54,"Dec 21, 2023","Jun 28, 2026",OG File,High Quality,https://pillows.su/f/22c9323919f5f8b381c3bbbcdf8e5192
Dream House,"03 Greedo - Hold Me Down
(feat. Ty Dolla $ign) (prod. Ty Dolla $ign, Gabe Shaddow & damn james!)","Snippet first previewed by 03 Greedo on June 9, 2018, and more of the song previewed on his Instagram story in 2023. Played by 03 Greedo at a show on June 23rd, 2026.",,,"Jun 23, 2026",Partial,Recording,"https://pillows.su/f/17d99dc876ae53a844ee645f93944c90
https://pillows.su/f/0118586a8bbafcb811fb7b7326bdc071"
Ongoing,"Hold Me [V3]
(prod. Ty Dolla $ign)","Following the song's deletion on TikTok, Ty tweeted that he and Fai were going to fix the ""video and mix"", which they would do on stream on June 21st, 2026.",,,"Jun 21, 2026",Partial,Recording,Link Needed
Ongoing,"???
(prod. Ty Dolla $ign)","Song that was being mixed on stream on June 21st, 2026, alongside ""Hold Me"".",,,"Jun 21, 2026",Partial,Recording,https://pillows.su/f/f07459269a9341f331cdea10a7404de1
Ongoing,"Hold Me [V2]
(prod. Ty Dolla $ign)","Played by Ty on stream March 26th, 2026. Snippet posted by Ty to TikTok on June 3rd, 2026, captioned ""coming $oon... ?"". The music video for the song was posted by Ty to TikTok on June 20th, 2026, then deleted, as Ty stated that he was fixing the ""video and mix"".",3:39,,"Jun 20, 2026",Full,High Quality,https://pillows.su/f/03fc2760b9ded9214dadec85fa8066ce
Campaign [V2],"⭐ tobi lou - Numbers [V1]
(feat. Ty Dolla $ign) (prod. Glassface)","Version of the tobi lou song with verses from Ty Dolla $ign. This version has no tobi lou vocals. First previewed on IG live, and was highly sought after for a long time by fans, being teased by tobi on multiple occasions, and finally releasing in 2023 without Ty. In 2025, tobi claimed that Ty was meant to be on release, but he didn't clear his feature due to the VULTURES rollout, in addition to revealing that the verse was recorded in 2016. A very quiet, HQ version was played nearly in full on tobi's stream on April 23, 2025 and was set to drop on his app, but didn't. Eventually leaked in full CDQ on June 15, 2026. The filename is fake.",3:29,,"Jun 15, 2026",Full,CD Quality,https://pillows.su/f/00319a462bcb52979c2523720c824164
Beach House 4 [V2],Can't Run,"Track 14 on the Japan Beach House 4 tracklist posted by dbmagic. First played by Ty on stream December 7th, 2025. Played in full by Ty on stream December 12th, 2025. Snippet leaked June 15th, 2026.",4:00,,"Jun 15, 2026",Full,Recording,"https://pillows.su/f/73acc67db1d5096e4e16ab71331c2e3f
https://pillows.su/f/b90b8ef13d840530c9b89cb7b3adedf4
https://pillows.su/f/3e3e6d6cfc1d4d809a1797b0000413b4"
VULTURES 2,"🏅 NEW BODY [V44]
(feat. Ice Spice) (prod. RONNY J, Plain Pat, Cubeatz & Ty Dolla $ign)","On March 18th, 2024, Ye stated on Instagram that ""ICE SPICE SENT A VERSE IN FOR NEW BODY NOW HER TEAM IS SAYING WE CAN’T USE IT"", after Nicki Minaj stated that she would not be clearing her verse as ""that train has left the station"". This version includes punch-ins from Ty over the mumble lines in Ye's verse, and RONNY J's producer tag has been removed. Played by Ty on stream June 15th, 2026.",,,"Jun 15, 2026",Partial,Recording,https://pillows.su/f/130ede3cc6ebe8a642be665dd40e6b76
girl music vol. 2: sex playlist,"???
(prod. Ty Dolla $ign)","Instrumental played by Ty on stream June 11th, 2026.",,"Jun 10, 2026","Jun 11, 2026",Partial,Recording,https://pillows.su/f/1fc37910f03f5b5c4d44356064a7feb5
girl music vol. 2: sex playlist,"???
(prod. Ty Dolla $ign, Leon Thomas, Thundercat & ???)","Instrumental played by Ty on stream June 11th, 2026.",,,"Jun 11, 2026",Partial,Recording,https://pillows.su/f/027ee24486bdc9fb8fd94e3dc2e1fcc2
girl music vol. 2: sex playlist,"???
(prod. Ty Dolla $ign)","Played by Ty on stream June 11th, 2026.",,,"Jun 11, 2026",Snippet,Recording,https://pillows.su/f/ed86a3f2c8aebf036164d5c3a6036de5
girl music vol. 2: sex playlist,???,"Played by Ty on stream June 11th, 2026.",,,"Jun 11, 2026",Snippet,Recording,https://pillows.su/f/4db150ecda18369314c6839bf0e4bed5
girl music vol. 2: sex playlist,"???
(prod. Ty Dolla $ign)
(Maxi)","Played by Ty on stream June 11th, 2026.",,,"Jun 11, 2026",Partial,Recording,https://pillows.su/f/f599f13e8300fb33bf7a7404db9f3ac2
girl music vol. 2: sex playlist,"???
(feat. Charlie WIlson) (prod. Ty Dolla $ign & Chrishan)","Played by Ty on stream June 11th, 2026. According to Ty, Chrishan played the drums and pianos on the song, while Ty played every other instrument.",,,"Jun 11, 2026",Partial,Recording,https://pillows.su/f/f2f26dfd552399664b68e5919449712b
girl music vol. 2: sex playlist,"??? - ???
(feat. Ty Dolla $ign)","Played by Ty on stream June 11th, 2026.",,,"Jun 11, 2026",Partial,Recording,https://pillows.su/f/a2efcbb0acf4e3bbd019bbd18b241f57
PURPLE MOON,"???
(prod. damn james! & Ty Dolla $ign)","Beat played by Ty on stream June 11th, 2026.",,,"Jun 11, 2026",Snippet,Recording,https://pillows.su/f/f007e366d9f786867aa1791a327f1e14
PURPLE MOON,"???
(prod. damn james! & Ty Dolla $ign)","Beat played by Ty on stream June 11th, 2026.",,,"Jun 11, 2026",Snippet,Recording,https://pillows.su/f/56ffa02da71c967c42c0775ef52a24bb
Beach House 2,"✨ Loyal [V3]
(prod. Nic Nac)","OG Filename: Ty$ - LOYAL
Version which only has the Ty hook and verse that Chris Brown would record over. and has less developed production compared to release. Has 10 seconds of silence before the song starts. According to Nic Nac, this is the version that was shown to Chris Brown's manager before he took it and gave it to Chris. Original snippet was posted to Nic Nac's Instagram Story in April 2018. Another snippet resurfaced April 28th, 2024, and a longer high quality one was posted on July 15th, 2025. Leaked by ScamHub.",1:18,,"Jun 10, 2026",OG File,CD Quality,https://pillows.su/f/9400c013fcf99a7fe222e7ecc1e01c7a
VULTURES 2,"RIVER [V54]
(feat. Young Thug) (prod. Lamm, Pi'erre Bourne, taydex, The Legendary Traxster & Wes Singerman)","Version with alternate production from Wes x Tay. Vocals are censored. Snippet leaked June 10th, 2026.",,,"Jun 10, 2026",Snippet,CD Quality,https://pillows.su/f/5a4ace59ccdc2bada2b304d7de614463
¥$,"Easy Come Easy Go [V4]
(ref. Ant Clemons) (prod. Ojivolta)
(Easy Come And Easy Go, Lost And Found)","Ant Clemons reference track. Samples ""Pump Up The Jam"" by Technotronic. Snippet leaked June 9th, 2026.",,,"Jun 9, 2026",Snippet,High Quality,https://pillows.su/f/c14532d8ab71b41460e013350342af95
¥$,"🏅 Not Inclusive [V3]
(prod. Ojivolta & Wheezy)","Version featuring a verse from Ty along with additional drum production, likely from Wheezy. First played by Ty on stream September 15th, 2025. Played by Ty on stream December 7th, 2025. Snippet leaked June 9th, 2026.",,,"Jun 9, 2026",Partial,Recording,"https://pillows.su/f/bb89bc8434832eb6b5c9b915702c02f7
https://pillows.su/f/c6565846d90e7c428d9417b40698d48e"
Beach House 4 [V2],Holy Mountain [V2],"OG Filename: HOLY MOUNTAIN V1.1
Song with a verse, chorus, and long instrumental sections, possibly seen on a Japan Beach House 4 tracklist. Later rebounced during ¥$ sessions. Snippet leaked December 23, 2024. Played by Ty on stream December 7th, 2025. Originally leaked April 27th, 2026, as a bonus to a Ye groupbuy.",3:20,,"Jun 2, 2026",OG File,Lossless,https://pillows.su/f/63e92d99579be64b6f6a656cf1c52985
girl music vol. 2: sex playlist,"???
(prod. Ty Dolla $ign)","Played by Ty on stream May 18, 2026. According to Ty, the song is untitled as he had just started working on it before leaving that day.",,"May 18, 2026","May 18, 2026",Partial,Recording,https://pillows.su/f/a6cca80b92ba8c0f6cba6f6d764e27a0
PURPLE MOON,???,"Song with low-pitched vocals. Played by Ty on stream May 18th, 2026.",,,"May 18, 2026",Snippet,Recording,https://pillows.su/f/8655886286f07e8ffb67fb63196d4ee0
PURPLE MOON,"??? [V2]
(prod. GREN808)","Briefly played by Ty on stream May 18th, 2026.",,,"May 18, 2026",Snippet,Recording,https://pillows.su/f/cdc90ba9b6b19cbbe5b2c61975a46761
PURPLE MOON,???,"Song with low-pitched vocals. Briefly played by Ty on stream May 18th, 2026.",,,"May 18, 2026",Snippet,Recording,https://pillows.su/f/b465d5b49217a8d806d9cf6a0de68e85
Mustard Collaboration,"???
(prod. Mustard)","First played by Ty on stream September 2nd, 2025.",,,"May 5, 2026",Partial,Recording,https://pillows.su/f/96e9b5a59a1cd249e03d4483bb5d21cb
Beach House 4 [V2],"🏅 House Music [V3]
(feat. ???) (prod. Nathan Butts & Azul Wynter)
(Time Moving Slow)","""Time Moving Slow"" is said to have originated as the second half of a two-part song, the first half being based around ""afro-house music"". According to Ty, he made this version with BEAM and later played it to Ye, who took the second half of the song, extracting the piano with AI. Features background vocals from an unidentified female singer. The first half of the song samples and interpolates ""I'll House You"" by the Jungle Brothers. Samples ""Mama"" by Papa San on the outro. First played by Ty on stream October 7, 2025. Played in full by Ty on stream May 5th, 2026.",4:02,,"May 5, 2026",Full,Recording,https://pillows.su/f/0a2d9f5e2ef4ed3462fe1e7584a3215c
Beach House 4 [V2],"🏅 Motion (Remix) [V2]
(feat. Chris Brown) (prod. Stryv, Will Larsen & Kanye West)","Version with reworked production, likely the remix produced by Ye. Played by Ty on stream May 5th, 2026.",4:47,,"May 5, 2026",Full,Recording,https://pillows.su/f/06ccf18f9c97cf09fe53c3080622432d
Airplane Mode 2 [V1],"Back Outside [V2]
(prod. damn james! & MixedByTheBest)
(She's Back Outside, We Back Outside, Aperol Spritz)","Solo Ty version with an open verse in place of Ant Clemons' bridge. Played by Ty on stream May 5th, 2026.",,,"May 5, 2026",Partial,Recording,https://pillows.su/f/d323e2b55d140e648cb77c11dc048423
¥$,"Love Me The Most [V3]
(prod. Lester Nowhere)","Cutdown of Ye's freestyle with punch-ins from Ty. Played by Ty on stream May 5th, 2026.",2:32,,"May 5, 2026",Full,Recording,https://pillows.su/f/0aedeeabd095d7657fd1e49474595ae6
¥$,"We Love You [V2]
(prod. James Blake & Camper)","Song seen on multiple Italy tracklists, originally thought to be ""We Love You Matthew"" until it was confirmed that the two are separate songs. According to Luit, the song features vocals from North West; however, it's more likely that he mistook the Coi Leray sample for North, and the song appears to be only an instrumental. Samples ""Lift Up Your Voices"" by the Sunday Service Choir and ""Too Far"" by Coi Leray. First played by Ty on stream November 17th, 2025.",,"Oct 1, 2023","May 5, 2026",Partial,Recording,"https://pillows.su/f/d455c575d61e6b13fa8506be54f5c7e4
https://pillows.su/f/0cc5d1c25544ea0cddd7ba27bc281432
https://pillows.su/f/6c1b2664b5eb1757f1726fc7565ee24c"
TYCOON [V1],"Eskimo
(feat. Quavo & Rich The Kid)","Song featuring verses from Quavo and Rich The Kid. According to Ty, the song was recorded on July 1st, 2024, in Milan, likely during the sessions for Rich The Kid's album Life's a Gamble which was being executive produced by Ye and Ty. Played by Ty on stream May 5th, 2026.",,"Jul 1, 2024","May 5, 2026",Partial,Recording,https://pillows.su/f/c01f4074ed88169607249344ed67185a
TYCOON [V1],"??? [V3]
(feat. Quavo) (prod. Gabe Shaddow & damn james!)
(Fame, Keep One Loaded)","Version with a verse and hook from Ty. The song was likely shown to Ty by Quavo and recorded in July 2024, around the same time as ""Eskimo"" and other Quavo collaborations. Played by Ty on stream May 5th, 2026.",,,"May 5, 2026",Partial,Recording,https://pillows.su/f/6f01066b8eea89740abce16d371fe212
TYCOON [V1],"???
(feat. Quavo)","Song with vocals from Quavo. Played by Ty on stream May 5th, 2026.",,,"May 5, 2026",Snippet,Recording,https://pillows.su/f/9111fb1024af82cd314149f984142065
TYCOON [V1],"???
(feat. ???)","Played by Ty on stream May 5th, 2026. Era unknown, placed here in TYCOON temporarily.",,,"May 5, 2026",Partial,Recording,https://pillows.su/f/c9322b8bbfaceebd87f8aabf56c7ffb0
TYCOON [V1],???,"Played by Ty on stream May 5th, 2026. Era unknown, placed here in TYCOON temporarily.",,,"May 5, 2026",Partial,Recording,https://pillows.su/f/1593e7405156c70b6d69e3a6acd833dd
TYCOON [V1],???,"Played by Ty on stream May 5th, 2026. Era unknown, placed here in TYCOON temporarily.",,,"May 5, 2026",Partial,Recording,https://pillows.su/f/c63e49eec8c63c66b18a4612afdf8dc6
TYCOON [V1],"???
(prod. RONNY J)","Played by Ty on stream May 5th, 2026. Era unknown, placed here in TYCOON temporarily.",,,"May 5, 2026",Partial,Recording,https://pillows.su/f/9bd8800d5d97ecbdbb962a71377c5724
TYCOON [V1],"???
(feat. ???)","Played by Ty on stream May 5th, 2026. Era unknown, placed here in TYCOON temporarily.",,,"May 5, 2026",Partial,Recording,https://pillows.su/f/f24eabf8ef432919a42fbd8d08823257
TYCOON [V1],???,"Played by Ty on stream May 5th, 2026. Era unknown, placed here in TYCOON temporarily.",,,"May 5, 2026",Snippet,Recording,https://pillows.su/f/609261f2c8b974d0f9076dab8f80e28b
TYCOON [V1],"???
(feat. ???)","Briefly played by Ty on stream May 5th, 2026. Era unknown, placed here in TYCOON temporarily.",,,"May 5, 2026",Snippet,Recording,https://pillows.su/f/fc64f904870fac54db3025f13e1b76ca
TYCOON [V1],???,"Briefly played by Ty on stream May 5th, 2026. Era unknown, placed here in TYCOON temporarily.",,,"May 5, 2026",Snippet,Recording,https://pillows.su/f/4f4839249175f5a71328db48af979b9c
TYCOON [V1],???,"Played by Ty on stream May 5th, 2026. Era unknown, placed here in TYCOON temporarily.",,,"May 5, 2026",Partial,Recording,"https://pillows.su/f/f29b0d03c57e055d7016b9882ef1b61f
https://pillows.su/f/c09b873ed3c08f81b8b465af2c94fc28"
TYCOON [V1],???,"Played by Ty on stream May 5th, 2026. Era unknown, placed here in TYCOON temporarily.",,,"May 5, 2026",Snippet,Recording,https://pillows.su/f/b262c04117755d2c48ba3e8f266676cb
TYCOON [V1],???,"Briefly played by Ty on stream May 5th, 2026. Era unknown, placed here in TYCOON temporarily.",,,"May 5, 2026",Snippet,Recording,https://pillows.su/f/fa5012aff8ca35ed27cc3c7d4406e10c
TYCOON [V1],???,"Briefly played by Ty on stream May 5th, 2026. Era unknown, placed here in TYCOON temporarily.",,,"May 5, 2026",Snippet,Recording,https://pillows.su/f/e61f358aff63ced7e65825e5afdb3fe0
TYCOON [V1],???,"Briefly played by Ty on stream May 5th, 2026. Era unknown, placed here in TYCOON temporarily.",,,"May 5, 2026",Snippet,Recording,https://pillows.su/f/8c2ccda8407b309fbf18bc8ddbbd1216
TYCOON [V1],???,"Played by Ty on stream May 5th, 2026. Era unknown, placed here in TYCOON temporarily.",,,"May 5, 2026",Snippet,Recording,https://pillows.su/f/24b600560047ecc0bf455d1fb0f606e2
TYCOON [V1],"Quavo - ???
(feat. Ty Dolla $ign)
(BUTT NAKED BITCHES)","First played by Ty on stream October 4, 2025. Likely recorded around the same time as ""ESKIMO"". Possibly Quavo's song, as Ty mentioned Quavo's upcoming album after playing the song.",,,"May 5, 2026",Partial,Recording,https://pillows.su/f/514f12690f364a3e6e66118c7ad24485
TYCOON [V2],"🏅 Kodak Black - Feeding The Baby [V2]
(feat. Ty Dolla $ign) (prod. FBG Goat)","OG Filename: FEEDING THE BABY TY$ YAK 129BPM
Ty stated in an interview that he and Kodak Black had a song together that was intended for TYCOON, but was cut from the album after Kodak decided to take it for his own project ""at the last minute"", instead giving ""SMILE BODY PRETTY FACE"" to Ty. Ty also mentioned that the song would appear on Kodak's upcoming album at the time, Just Getting Started, but the song did not release. Filename seen on FBG Goat's laptop on January 4th, 2026. First played by Ty on stream September 2nd, 2025. Played by Ty on stream May 5th, 2026.",,,"May 5, 2026",Partial,Recording,https://pillows.su/f/0c6dffdf26339860b1e94b15daeb2a0f
PURPLE MOON,"???
(feat. D. Savage)","Song featuring a verse from D. Savage. Played by Ty on stream May 5th, 2026. According to Ty, the song was made recently relative to when it was played.",1:30,"May 1, 2026","May 5, 2026",Full,Recording,https://pillows.su/f/471eeeecdea43b05a563b234f1c72e4e
PURPLE MOON,"BBYKOBE - ???
(feat. Ty Dolla $ign)","BBYKOBE song featuring Ty, using both low-pitched and regular vocals. First played by Ty on stream May 3rd, 2026.",,,"May 5, 2026",Partial,Recording,https://pillows.su/f/66a1293fa5ff482df6be4e6c21882bf3
¥$,"Love Me The Most (Remix) [V14]
(prod. Lester Nowhere, 88-Keys & Leon Thomas)","OG Filename: LOVE ME THE MOST (LT REMIX)
Version with additional production from Leon Thomas, labeled as a remix. Played by Ty on stream May 3rd, 2026.",,,"May 3, 2026",Snippet,Recording,https://pillows.su/f/3a3867f9f7bf98375ac37b49c915bc7b
TYCOON [V1],"City Outside
(feat. ???) (prod. Cardo Got Wings)","OG Filename: City Outside _ 3.10.25
Song featuring background vocals from a crowd and a verse from an unidentified rapper. First played by Ty on stream October 12th, 2025.",2:56,"Mar 10, 2025","May 3, 2026",Full,Recording,https://pillows.su/f/87dd0635b8dbf572dd31bf49225ee479
girl music vol. 2: sex playlist,???,"Briefly played by Ty on stream May 3rd, 2026.",,,"May 3, 2026",Snippet,Recording,https://pillows.su/f/f61df29f18aa25f4a69e822c705affac
girl music vol. 2: sex playlist,???,"Briefly played by Ty on stream May 3rd, 2026.",,,"May 3, 2026",Snippet,Recording,https://pillows.su/f/2c522f09250c6ccef5665d6b16c59281
girl music vol. 2: sex playlist,???,"Briefly played by Ty on stream May 3rd, 2026.",,,"May 3, 2026",Snippet,Recording,https://pillows.su/f/606fdb1a84c03105843d99256cea5f33
girl music vol. 2: sex playlist,"YG - LET ME DOWN
(feat. Ty Dolla $ign) (prod. damn james!)","Played by Ty on stream May 3rd, 2026.",,,"May 3, 2026",Partial,Recording,https://pillows.su/f/086a54b3ea4b3574322693c63a217449
PURPLE MOON,"Tommy Revenge - ??? [V2]
(feat. Ty Dolla $ign)","Pitched-up version. According to Ty, the song is intended for release on Tommy Revenge's project. Played by Ty on stream May 3rd, 2026.",,,"May 3, 2026",Partial,Recording,https://pillows.su/f/b9426b01670aecb3c3dbe40eee245308
PURPLE MOON,"???
(prod. Ty Dolla $ign & damn james!)
(HOMELESS BEAT)","Beat made by Ty on stream, then finished by damn james! on stream May 3rd, 2026. Nicknamed the ""homeless beat"" by James and Ty. Played by Ty on stream May 3rd, 2026.",,"May 3, 2026","May 3, 2026",Partial,Recording,https://pillows.su/f/cb25255d72a49c7671843766e2ee935d
PURPLE MOON,"???
(prod. damn james!)","Beat played by Ty on stream May 3rd, 2026.",,,"May 3, 2026",Snippet,Recording,https://pillows.su/f/b50f02990f706a3d98fed2c8eaf724ea
PURPLE MOON,"???
(prod. damn james!)","Beat played by Ty on stream May 3rd, 2026.",,,"May 3, 2026",Snippet,Recording,https://pillows.su/f/1d1d5b60b1d12a277ee424fa80b68b4b
PURPLE MOON,"???
(prod. damn james! & Ty Dolla $ign)","Beat played by Ty on stream May 3rd, 2026.",,,"May 3, 2026",Snippet,Recording,https://pillows.su/f/49c061dd255c09e77163a06cf5483146
PURPLE MOON,"???
(prod. damn james!)","Beat briefly played by Ty on stream May 3rd, 2026.",,,"May 3, 2026",Snippet,Recording,https://pillows.su/f/c9ca43fc344add7f56fa8f3b1ca1626e
PURPLE MOON,"???
(prod. damn james!)","Beat briefly played by Ty on stream May 3rd, 2026.",,,"May 3, 2026",Snippet,Recording,https://pillows.su/f/f991302b05b8227704a8b8ba9c144541
Beach House 4 [V2],⭐ Ain't Got No [V1],"Song from Beach House 4 sessions with some mumble lines. Samples ""Ain't Got No, I Got Life"" by Nina Simone. Snippets leaked August 12, 2024 and April 19, 2026. Played by Ty on stream December 7th, 2025.",,"Jul 10, 2023","May 1, 2026",Partial,High Quality,https://pillows.su/f/9d546a4a86f919bd982f554da8882427
PURPLE MOON,"??? [V1]
(prod. damn james! & Ty Dolla $ign)
(SMOKE TWO)","Original beat. Played by damn james! on Ty's stream April 29, 2026.",,,"Apr 29, 2026",Snippet,Recording,https://pillows.su/f/b1a39fc15806f187bf361c63a4fc26a4
PURPLE MOON,"???
(prod. damn james! & Ty Dolla $ign)","Beat played by damn james! on Ty's stream on April 29th, 2026.",,,"Apr 29, 2026",Snippet,Recording,https://pillows.su/f/486499c53d35cdd4e7b7bef1dd217c52
PURPLE MOON,"???
(prod. damn james! & Ty Dolla $ign)","Beat played by damn james! on Ty's stream on April 29th, 2026.",,,"Apr 29, 2026",Snippet,Recording,https://pillows.su/f/11ac6b634ad12f48979730b8428e478b
PURPLE MOON,"???
(prod. damn james! & Ty Dolla $ign)","Beat played by damn james! on Ty's stream on April 29th, 2026.",,,"Apr 29, 2026",Snippet,Recording,https://pillows.su/f/c3b976c9f134912145eea370f4474a05
$ign Language 2,"Drugs And Sex [V1]
(prod. Juicy J, Hitkidd & Ty Dolla $ign)","OG Filename: Drugs And ... 1_OV 
Version without Sexyy Redd's vocals on the hook. The file was seen in a $ign Language 2 folder intended for Playboi Carti. Has an open verse. Filename shown by Luit. Snippet leaked April 19, 2026.",,,"Apr 19, 2026",Snippet,CD Quality,https://pillows.su/f/ba964a111d69c633cbef44c448eda391
¥$,"All Is Love [V7]
(ref. Fya Man) (prod. James Blake)
(All In Love, Fall In / All Is Love)","Fya Man reference track. Snippet leaked April 18, 2026.",,,"Apr 18, 2026",Snippet,CD Quality,https://pillows.su/f/d84a8c4b6028be837592a36389d23085
¥$,🏅 Nowhere To Go,"Solo Ty song from Italy ¥$ sessions. Has an open verse for Ye. Likely the song played to Gregor Estavan by Ty in Ye's hotel room on August 26, 2023, which was a song with Ty vocals with what he called a ""new sound"" and an ""awesome beat"". Snippet posted by Aus Taylor to Instagram on August 26, 2023, before quickly being deleted and reposters being told to take it down because it would ""ruin the rollout"". Played by Ty on stream December 7th, 2025. Snippet leaked April 18, 2026.",,"Aug 26, 2023","Apr 18, 2026",Partial,Recording,"https://pillows.su/f/161e8bc7abc427f9d9198a7488d97fb6
https://pillows.su/f/9811ab6ca697cab6d18f7e7d04038c6d"
girl music vol. 2: sex playlist,"???
(prod. Ty Dolla $ign)","Briefly played by Ty on stream April 18, 2026 before he skipped it, saying he ""can't play that one"".",,,"Apr 18, 2026",Snippet,Recording,https://pillows.su/f/309839fa9c58cb7b7742c530a0231363
¥$,I Don't Want No Bitches Equal To Me,"Ye freestyle. Seen as track 3 on a tracklist posted by Luit. Snippet leaked April 17, 2026.",,,"Apr 17, 2026",Snippet,High Quality,https://pillows.su/f/4d4a14b5f0e6d443524480536a080b0a
VULTURES 2,"PROMOTION [V18]
(feat. Future) (prod. KrishnaMusic, AyoAA, Chrishan, The Legendary Traxster, London on da Track & Deaton Chris Anthony)
(GORGEOUS)","Version with alternate production from Deaton Chris Anthony. Snippet leaked October 28, 2024. Leaked April 12, 2026.",2:45,,"Apr 12, 2026",Full,High Quality,https://pillows.su/f/1f20f8c8f82382b433bd8aa63d3c45d0
VULTURES 2,"BELIEVER [V19]
(prod. Adam Vadel, JPEGMAFIA, BoogzDaBeast & 88-Keys)","Similar to release. Stems leaked April 12, 2026.",3:10,"May 5, 2024","Apr 12, 2026",Stem Bounce,Lossless,https://pillows.su/f/4962106dc141235f50d083c30aeebb18
Beach House 4 [V1],"Cash Cobain - Never Can Say Goodbye [V1]
(prod. Cash Cobain)
(WHITE LINES)","OG Filename: never can say good... &
AUDIO_3371
Original beat idea made by Cash Cobain, which would later be used for Ty's reference track. Features a different sample chop and a slower tempo compared to other versions. Snippet posted by Cash Cobain's manager, GlynBrwn, on April 11th, 2026, after Cash Cobain revealed that he had worked on BULLY.",3:07,"Feb 22, 2022","Apr 11, 2026",Snippet,High Quality,https://pillows.su/f/fdd49f5531f5eba61f1d914e212dc8a1
VULTURES 2,"PROMOTION [V22]
(feat. Future) (prod. Wes Singerman & taydex)
(GORGEOUS)","OG Filename: PROMOTION - Wes x Tay Edit
Version with alternate production from Wes x Tay. Leaked April 11, 2026.",2:26,,"Apr 11, 2026",OG File,High Quality,https://pillows.su/f/68e060de3a1449e585955c843f6ed9d8
girl music vol. 2: sex playlist,"???
(found)","Song recorded with Joyce Wrice on stream on April 6th, 2026. According to Ty, he was sent the beat by Shawn Barron. Linked snippet is the version Joyce would record over, as no bounce with her vocals was heard on the stream.",,"Apr 6, 2026","Apr 6, 2026",Partial,Recording,https://pillows.su/f/fe95d1419f4d28333a83095f803a80ae
PURPLE MOON,???,"Rage beat played by Ty on stream April 6th, 2026.",,,"Apr 6, 2026",Partial,Recording,https://pillows.su/f/ee547cbfd70c0912392437af6bab8d61
PURPLE MOON,???,"Rage beat played by Ty on stream April 6th, 2026. Samples ""Psychopathic Lunatic"" by Kingpin Skinny Pimp.",,,"Apr 6, 2026",Partial,Recording,https://pillows.su/f/a017bda34ea564d180ea8869b3fc5677
PURPLE MOON,???,"Rage beat played by Ty on stream April 6th, 2026.",,,"Apr 6, 2026",Partial,Recording,https://pillows.su/f/cac55787172b10e638ffaf0a8566f6a6
PURPLE MOON,???,"Rage beat played by Ty on stream April 6th, 2026. Samples ""Playa 4 Life"" by Lil E.",,,"Apr 6, 2026",Partial,Recording,https://pillows.su/f/ae2ee3b34e5d440cbe8eb7f092c7f859
TYCOON [V1],"Wheels Fall Off [V2]
(ref. LAWSON) (prod. BBYKOBE)
(Wheels)","LAWSON reference track later recorded over by Ty and Ye. Has a rougher beat and some alternate lyrics. Likely used for the AI Ye vocals on the version from the music video shoot. Snippet leaked April 5, 2026.",,,"Apr 5, 2026",Snippet,CD Quality,https://pillows.su/f/7cfa09fd9805857a01745fb209339ec7
Dream House,"Kanye West - Robinhood
(feat. Kid Cudi) (prod. BoogzDaBeast & Nascent)","OG Filename: Robinhood - KW Ref
A",2:37,,"Apr 4, 2026",OG File,High Quality,https://pillows.su/f/f432113001b578f96246ad82461b8cfd
Featuring Ty Dolla $ign,"✨ Sum Ain't Right
(feat. Gunna & Ant Clemons) (prod. Southside)","OG Filename: 01 TY - SUM AINT RIGHT Ft GUNNA
Finished song from 2020 with Gunna and Ant Clemons. Producer unknown, but the 808 Mafia tag and overall drum/production style points to the song being produced by Southside. Leaked April 3, 2026.",3:44,,"Apr 3, 2026",OG File,CD Quality,https://pillows.su/f/800cf5c6d0762ee25e22022291a85c8a
Beach House 4 [V1],"Adam Vadel - CROWN [V2]
(prod. Adam Vadel)
(Believer)","OG Filename: CROWN 02v2 133bpm  AdamVadel 
OG file leaked April 3, 2026.",4:26,"Jan 11, 2023","Apr 3, 2026",OG File,CD Quality,https://pillows.su/f/64963ef7765e9de238813427a3d99957
girl music vol. 2: sex playlist,"???
(prod. Ty Dolla $ign)","Beat made by Ty at The Church Studios on stream on April 2nd, 2026.",,"Apr 2, 2026","Apr 2, 2026",Snippet,Recording,Link Needed
¥$,"Back To Me [V12]
(ref. DeRay Davis) (prod. Zach Frenes, Wax Motif, Nic Nac, Count Bassy, Kanye West, AyoAA & 88-Keys)
(Back 2 Me, Cheesecake)","DeRay Davis reference track with the original Ye verse. Played by DeRay Davis at the club on May 30, 2024. Played between Denzel Curry and Ken Carson's Rolling Loud sets on December 15, 2024. Snippets posted by DeRay Davis to Instagram on October 22, 2025 and March 31, 2026.",,,"Mar 31, 2026",Partial,High Quality,"https://pillows.su/f/5955d25f095e93516159bfe8836b95cd
https://pillows.su/f/3d8294dc104f77109e5ef9f8e6fdc10b
https://pillows.su/f/89f5a263bccab502b9cf3c2412207a6c"
Dream House,YNW Melly - Late Night Shit [V2],"OG Filename: Late Night Shit v2 x Fatol Ruff Mix_01
Leaked March 22, 2026.",3:16,,"Mar 30, 2026",OG File,CD Quality,https://pillows.su/f/0dd8529710b97cba3acc568a1fc89170
Beach House 4 [V1],"🏅 ??? [V2]
(with Joe Moses) (feat. YoungBoy Never Broke Again)","Song featuring two verses and a hook where Ty and Joe Moses trade lines, as well as a verse from NBA YoungBoy, intended for Whoop! 2. According to Ty, YoungBoy sent back his verse 15 minutes after Ty sent him the song. Ty has expressed an interest in dropping the song multiple times while playing it on stream, and Joe Moses posted ""@nba_youngboy it's time to drop"" to his Instagram story on February 17th, 2026. First played by Ty on stream October 14th, 2025. Played in nearly full by Ty on stream December 6th, 2025. Played by Ty on stream March 28th, 2026, with added sound effects.",~4:00,,"Mar 28, 2026",Partial,Recording,"https://pillows.su/f/c7d0c994a5126ee12510f22bfa6d39a3
https://pillows.su/f/8c9e5f6ded80b3694d17681f33fd8c4b
https://pillows.su/f/4b120565f068cf3523044b9e150cab13"
VULTURES 3,"Kanye West - CAN'T HURRY LOVE [V11]
(feat. Ty Dolla $ign, Peso Pluma, Justin Laboy, Fai, Quentin Miller, The Game, & A$AP Ferg) (prod. Kanye West)
(I CAN'T WAIT)","Version with Ye, Ty, Peso Pluma, Justin Laboy, Fai, Quentin Miller, The Game, and A$AP Ferg singing over the song's hook. Studio snippet leaked March 28, 2026.",,"Feb 6, 2025","Mar 28, 2026",Partial,Recording,https://pillows.su/f/d055ccb1f020ba292d0a81bdcf49e1cc
TYCOON [V2],"FREAK [V4]
(prod. TheLabCook & Van Zandt)","Version with a better mix and an open verse, likely the version intended for the TYCOON deluxe. First played by Ty on stream October 12th, 2025.",,,"Mar 28, 2026",Partial,Recording,"https://pillows.su/f/2d5ffc602bb56f2e8ab642418b1e2afd 
https://pillows.su/f/3d1d0dca8f9e6af66b51c6be16c65d17"
girl music vol. 2: sex playlist,"sex playlist
(prod. Ty Dolla $ign)","First played by Ty on stream March 8th, 2026. Played by Ty on stream March 28th, 2026, with added sound effects.",,,"Mar 28, 2026",Partial,Recording,"https://pillows.su/f/58b455222632afe806f2c3349b44eab7
https://pillows.su/f/92183ccc35557a708126124e1f9adc49"
girl music vol. 2: sex playlist,"??? [V3]
(feat. ???) (prod. Ty Dolla $ign)
(only thing)","Song written with Ant Clemons and recorded on stream. Features background vocals from an unidentified female artist on the outro. Played by Ty on stream March 28, 2026, with added sound effects.",3:00,,"Mar 28, 2026",Full,Recording,https://pillows.su/f/6c2b376759b8b1c656c94005807e6664
girl music vol. 2: sex playlist,"??? [V3]
(prod. Ty Dolla $ign)
(don't worry bout it)","Song written with Ant Clemons and recorded on stream. Played by Ty on stream March 28, 2026, with added sound effects.",,,"Mar 28, 2026",Partial,Recording,https://pillows.su/f/26d4d11dca08265cb5baecf3ac9eec22
girl music vol. 2: sex playlist,"??? - ???
(feat. ???) (prod. damn james! & Ty Dolla $ign)","Played by Ty on stream March 28, 2026.",,,"Mar 28, 2026",Partial,Recording,https://pillows.su/f/97b174b16dfcadb16e583e81897514b6
girl music vol. 2: sex playlist,"???
(prod. Ty Dolla $ign)","Instrumental first played by Ty on stream March 22, 2026.",,,"Mar 26, 2026",Partial,Recording,https://pillows.su/f/b6c2023bf1219641b3f35b5587cde0ec
girl music vol. 2: sex playlist,"???
(prod. Ty Dolla $ign)","Instrumental played by Ty on stream March 22, 2026.",,,"Mar 26, 2026",Snippet,Recording,https://pillows.su/f/74318a47b89a3c8cdef0816dc2e312df
girl music vol. 2: sex playlist,"???
(prod. Ty Dolla $ign)","Instrumental played by Ty on stream March 24, 2026, that he and Ant Clemons would freestyle over.",,,"Mar 24, 2026",Partial,Recording,https://pillows.su/f/2bc6110b19271246ed4c28fbd14150ce
girl music vol. 2: sex playlist,"???
(prod. Ty Dolla $ign)","Instrumental played by Ty on stream March 24, 2026.",,,"Mar 24, 2026",Partial,Recording,https://pillows.su/f/da1defd7c6ea66a08bdfb03ca199fbfa
girl music vol. 2: sex playlist,"???
(prod. Ty Dolla $ign)","Instrumental played by Ty on stream March 24, 2026.",,,"Mar 24, 2026",Snippet,Recording,https://pillows.su/f/18de6d0c7febf6f01005c977de5a8753
girl music vol. 2: sex playlist,"??? [V1]
(prod. Ty Dolla $ign)
(only thing)","Original instrumental which Ty and Ant would freestyle over. Played by Ty on stream March 24, 2026.",,,"Mar 24, 2026",Partial,Recording,https://pillows.su/f/6b279725fc7e21a1ca8022c120a2c450
girl music vol. 2: sex playlist,"??? [V2]
(prod. Ty Dolla $ign)
(only thing)","Initial version recorded on stream on March 24, 2026.",,"Mar 24, 2026","Mar 24, 2026",Partial,Recording,"https://pillows.su/f/094ab382e3c4fa98d63ecd2ce6dfae56
https://pillows.su/f/e79f70387c835fcabfc658819c2816cc
https://pillows.su/f/615f2d6749866a7e5ac1a6a05a2b109a
https://pillows.su/f/579d2d81f756d3d182e32b6f611bfb36"
Dream House,YNW Melly - Late Night Shit [V1],"OG Filename: Late Night Shit x Fatol Ruff Mix_03
Leaked March 22, 2026.",3:16,,"Mar 22, 2026",OG File,CD Quality,https://pillows.su/f/404a02b0d9ef9800bd0dddf388fce760
Featuring Ty Dolla $ign,"YNW Melly - Late Night Shit [V3]
(feat. Ty Dolla $ign)","OG Filename: YNW Melly x Ty Dolla $ign - Late Night Shit &
LATE NIGHT SHIT
YNW Melly song from 2020 featuring Ty. Leaked March 22, 2026.",3:16,,"Mar 22, 2026",OG File,CD Quality,https://pillows.su/f/2b92d6ca8139c3052b3b498ff1f8dd3e
girl music vol. 2: sex playlist,"??? [V1]
(prod. Ty Dolla $ign)
(hold me)","Original instrumental. Briefly played by Ty on stream March 22, 2026.",,,"Mar 22, 2026",Snippet,Recording,https://pillows.su/f/baddc6b764693426fb2f1cc5d0b2fb55
girl music vol. 2: sex playlist,"??? [V1]
(prod. Ty Dolla $ign)
(don't worry bout it)","Original instrumental. Played by Ty on stream March 22, 2026.",,,"Mar 22, 2026",Snippet,Recording,https://pillows.su/f/d55a62dcae221a011ea62fda1974d29e
girl music vol. 2: sex playlist,"??? [V2]
(ref. Ant Clemons) (prod. Ty Dolla $ign)
(don't worry bout it)","Initial version recorded by Ty and Ant on stream on March 22, 2026.",,"Mar 22, 2026","Mar 22, 2026",Partial,Recording,https://pillows.su/f/a1944046f4f12786f51e1b1fb2d90ff1
girl music vol. 2: sex playlist,"???
(prod. Ty Dolla $ign)","Instrumental played by Ty on stream March 22, 2026.",,,"Mar 22, 2026",Snippet,Recording,https://pillows.su/f/defbd02652e1210369168db88f55636b
girl music vol. 2: sex playlist,"???
(prod. Ty Dolla $ign)","Instrumental played by Ty on stream March 22, 2026.",,,"Mar 22, 2026",Snippet,Recording,https://pillows.su/f/d2e314d68ea5b987689bf5a9b3adad02
girl music vol. 2: sex playlist,"???
(prod. Ty Dolla $ign)","Instrumental played by Ty on stream March 22, 2026.",,,"Mar 22, 2026",Snippet,Recording,https://pillows.su/f/cc0c501f67202ede970f40f2721f2124
girl music vol. 2: sex playlist,"???
(prod. Ty Dolla $ign)","Instrumental briefly played by Ty on stream March 22, 2026.",,,"Mar 22, 2026",Snippet,Recording,https://pillows.su/f/d56cd69ebdf958b9cb00350a57f9a66b
girl music vol. 2: sex playlist,"???
(prod. Ty Dolla $ign)","Instrumental played by Ty on stream March 22, 2026.",,,"Mar 22, 2026",Snippet,Recording,https://pillows.su/f/af5fea910378571f8662f95f642f7c9c
girl music vol. 2: sex playlist,"???
(prod. Ty Dolla $ign)","Instrumental played by Ty on stream March 22, 2026.",,,"Mar 22, 2026",Partial,Recording,https://pillows.su/f/9d8744a72cdb77b68b1f4004daa6df6d
girl music vol. 2: sex playlist,"???
(prod. Ty Dolla $ign)","Instrumental played by Ty on stream March 22nd, 2026. Samples ""If Only For One Night"" by Roberta Flack and Peabo Bryson.",,,"Mar 22, 2026",Snippet,Recording,https://pillows.su/f/311e246821fa43e81fe05e7f6687371b
girl music vol. 2: sex playlist,"???
(prod. Ty Dolla $ign)","Instrumental played by Ty on stream March 22, 2026.",,,"Mar 22, 2026",Snippet,Recording,https://pillows.su/f/c77cfaeec9f6c00f52ed258cb18105ef
girl music vol. 2: sex playlist,"???
(prod. Ty Dolla $ign)","Instrumental played by Ty on stream March 22, 2026.",,,"Mar 22, 2026",Snippet,Recording,https://pillows.su/f/b74bb413ce8c27bedd1067f51cf57263
girl music vol. 2: sex playlist,"???
(prod. Ty Dolla $ign)","Instrumental played by Ty on stream March 22, 2026.",,,"Mar 22, 2026",Snippet,Recording,https://pillows.su/f/91d7dfe135ca106efc6a8f3ec5912016
girl music vol. 2: sex playlist,"???
(prod. Ty Dolla $ign)","Instrumental played by Ty on stream March 22, 2026.",,,"Mar 22, 2026",Snippet,Recording,https://pillows.su/f/5d0cd1b5b18d2e52706d5bcf0fe860bf
girl music vol. 2: sex playlist,"???
(prod. Ty Dolla $ign)","Instrumental played by Ty on stream March 22, 2026.",,,"Mar 22, 2026",Snippet,Recording,https://pillows.su/f/4e1b693f9ebf08ab25927008af409879
girl music vol. 2: sex playlist,"???
(prod. Ty Dolla $ign)","Instrumental played by Ty on stream March 22, 2026.",,,"Mar 22, 2026",Partial,Recording,https://pillows.su/f/479b8818d0cc71d7d0a945c8569c8ae5
girl music vol. 2: sex playlist,"???
(prod. Ty Dolla $ign)","Instrumental played by Ty on stream March 22, 2026.",,,"Mar 22, 2026",Snippet,Recording,https://pillows.su/f/c96c9f69a67e89eac10efd91ab2a9bd0
girl music vol. 2: sex playlist,"???
(prod. Ty Dolla $ign)","Instrumental played by Ty on stream March 22, 2026.",,,"Mar 22, 2026",Partial,Recording,https://pillows.su/f/19340d501a5e56e91478e5b5f61f85fc
girl music vol. 2: sex playlist,"???
(prod. Ty Dolla $ign, Nikki Glaspie & damn james!)","Beat made on stream March 22nd, 2026, with Ty on the synths and drums and additional drums played by Nikki Glaspie, arranged by damn james!.",,"Mar 22, 2026","Mar 22, 2026",Snippet,Recording,"https://pillows.su/f/6d88f3b7a12219df6d667b665653bafb
https://pillows.su/f/f9a1123b9c3ff37594591754ce6b96e0"
¥$,"For Sure
(prod. Lester Nowhere)","OG Filename: 19 For Sure_01
Solo Ye mumble freestyle. Samples ""Up From The Desert"" by Jerry Garcia & Howard Wales. Filename seen in damn james!'s ""Florence Files"" folder. Snippet leaked December 2, 2025. Played by damn james! on stream March 19th, 2026.",,"Aug 30, 2023","Mar 19, 2026",Partial,Recording,"https://pillows.su/f/660e21b973fe1ed1231a2d1ad2fb3f40
https://pillows.su/f/eb17b0290c8cc16533bb1afd0ee79ab3"
¥$,Holy Mountain [V3],"OG Filename: 16 Holy Mountain_01
Rebounce of the Beach House 4-era file. Filename seen in damn james!'s ""Florence Files"" folder. Played by damn james! on stream March 19th, 2026",3:20,"Aug 30, 2023","Mar 19, 2026",Partial,Recording,https://pillows.su/f/bdb705f4791ee242a580f2129c4e3a71
¥$,I Forget To Breathe,"OG Filename: 30 I Forget to Breathe_01
Instrumental with a small amount of singing vocals. Filename seen in damn james!'s ""Florence Files"" folder. Played by damn james! on stream March 19th, 2026.",,"Aug 30, 2023","Mar 19, 2026",Partial,Recording,https://pillows.su/f/17a1434cacb1468ac0c9efe8b24ac60f
¥$,"Matthew 5:16 [V4]
(ref. Valentina) (prod. 88-Keys)
(Matthew)","OG Filename: 15 Matthew 5 16_01
Version with Valentina Pappalardo singing the chorus, likely as a reference. Filename seen in damn james!'s ""Florence Files"" folder. Played by damn james! on stream March 19th, 2026.",,"Aug 30, 2023","Mar 19, 2026",Partial,Recording,https://pillows.su/f/a56f84f56b9d66468ff47f8026a70646
¥$,"Problematic [V7]
(ref. Rooga & Sasha Hashemi) (prod. 88-Keys)
(Ceremony Freestyle)","OG Filename: 04 Problematic_02 Sasha
Sasha Hashemi reference track with Rooga vocals from his YEBU-era reference track. Filename seen in damn james!'s ""Florence Files"" folder. First played by damn james! on stream December 14th, 2025.",3:39,"Aug 30, 2023","Mar 19, 2026",Full,Recording,https://pillows.su/f/ee6fb777de2e5e0fe175d688888aedfa
¥$,Real Haters [V2],"OG Filename: 32 real haters_01
Version with Ty's vocals more onbeat. Filename seen in damn james!'s ""Florence Files"" folder. Played by damn james! on stream March 19th, 2026.",2:28,"Aug 30, 2023","Mar 19, 2026",Full,Recording,https://pillows.su/f/d58528fb84a84f8f3a9015040f15791c
¥$,"Unlock [V6]
(ref. Sasha Hashemi) (prod. 88-Keys, Boi-1da & Digital Nas)
(Unlocked)","OG Filename: 11 Unlock_02 Sasha
Sasha Hashemi reference track. Filename seen in damn james!'s ""Florence Files"" folder. Played by damn james! on stream March 19th, 2026.",3:35,"Aug 30, 2023","Mar 19, 2026",Partial,Recording,https://pillows.su/f/1cd91377eeef484a2c208ef3021e759a
VULTURES 2,"FORTUNE AND FAME [V3]
(prod. Wes Singerman & taydex)","Version with alternate production from Wes x Tay, said to be over five minutes long. Snippet leaked March 20th, 2026.",~5:00,,"Mar 19, 2026",Snippet,High Quality,https://pillows.su/f/dafb1b643ba6ff537a97e8f81eaef767
TYCOON [V2],"Trippie Redd - Fuck Is We Doing
(feat. Ty Dolla $ign)","OG Filename: Fuck Is We Doing VERSE
Unheard song leaked on March 19, 2026 via @lufc_fan_4.life, @franold, @ohmybosh, @6.ftw & @stamper14.",1:40,"Apr 26, 2025","Mar 19, 2026",OG File,High Quality,https://pillows.su/f/c6f2bb2e1c23f56d85d8d003579bd9a8
AIRPLANE MODE 2 [V2],"2 MYSELF [V7]
(prod. damn james! & Ty Dolla $ign)
(2 MY SELF)","According to damn james! on stream December 18, 2025, he brought back the original version of the song from 2019 for AIRPLANE MODE 2. Played by damn james! on stream March 19th, 2026.",,,"Mar 19, 2026",Partial,Recording,https://pillows.su/f/aaa2954a2d2552f99f49aa10b2fd335b
AIRPLANE MODE 2 [V2],"BODY LANGUAGE [V6]
(feat. Lefty Gunplay) (prod. damn james! & Di$)
(I CAN TELL)","OG Filename: 4 body language
Final version. First played by damn james! on stream November 21st, 2025.",2:11,"Nov 16, 2025","Mar 19, 2026",Full,Recording,https://pillows.su/f/ecc8471835c6b07cb578ffd4ad5941f2
AIRPLANE MODE 2 [V2],"CODEINE ADDICTION [V5]
(prod. damn james!)","OG Filename: 8 codeine addiction
Final version. Samples a clip of Snoop Dogg from Soul Plane (2004). First played by damn james! on stream November 21st, 2025.",2:12,"Nov 16, 2025","Mar 19, 2026",Full,Recording,https://pillows.su/f/994359bcb2e4dc20d555bd1c22aa2c38
AIRPLANE MODE 2 [V2],"DESIGNER DRUGS [V7]
(prod. damn james! & Gabe Shaddow)","OG Filename: 6 designer drugs
Final version. First played by damn james! on stream November 21st, 2025.",2:36,"Nov 16, 2025","Mar 19, 2026",Full,Recording,https://pillows.su/f/3cfbd946035021db19ff9cc231eb20d9
AIRPLANE MODE 2 [V2],"NONE LIKE U [V7]
(prod. damn james!)","OG Filename: 7 none like u
Final version. First played by damn james! on stream November 21st, 2025.",1:21,"Nov 16, 2025","Mar 19, 2026",Full,Recording,https://pillows.su/f/a693c1dd1eeb95ce0d9257ab1e4680f0
AIRPLANE MODE 2 [V2],"POP MY SHIT [V5]
(prod. damn james!)","OG Filename: 9 pop my shit
Final version. First played by damn james! on stream November 21st, 2025.",1:33,"Nov 16, 2025","Mar 19, 2026",Full,Recording,https://pillows.su/f/1b7b890f42f94bd7703c774f50b9eaa8
AIRPLANE MODE 2 [V2],"PURPLE IN MY PUNCH [V9]
(feat. Chris King) (prod. damn james! & Di$)
(PURPLE PUNCH)","OG Filename: 5 purple in my punch
Final version. First played by damn james! on stream November 21st, 2025.",2:05,"Nov 16, 2025","Mar 19, 2026",Full,Recording,https://pillows.su/f/b2cc1a64386794ca86c15852cfa4f7a9
AIRPLANE MODE 2 [V2],"SIDE TRACKED [V7]
(prod. damn james!)
(SIDETRACKED)","OG Filename: 10 side tracked
Final version. First played by damn james! on stream November 21st, 2025.",2:14,"Nov 16, 2025","Mar 19, 2026",Full,Recording,https://pillows.su/f/fccb87836b1e92d5cbc82f5b43577a20
girl music vol. 2: sex playlist,"ice spice [V2]
(feat. Jay 305) (prod. damn james!)
(cold nights alone)","Version including Jay 305's verse over the original production. Played by damn james! on stream March 19th, 2026.",,,"Mar 19, 2026",Partial,Recording,"https://pillows.su/f/9611a5425cd64e6159403877272eaffa
https://pillows.su/f/1aae2d70331d3714ddb34a358cc4b7a4"
girl music vol. 2: sex playlist,"ice spice [V3]
(feat. Jay 305) (prod. damn james!)
(cold nights alone)","Reworked version with an EDM beat. Played by damn james! on stream March 19th, 2026.",2:08,,"Mar 19, 2026",Full,Recording,https://pillows.su/f/38ccf136269d7f4b23f8384e40a47234
PURPLE MOON,"MONEY, CARS, CLOTHES [V3]
(prod. damn james!)","Version with slightly different production. Played by damn james! on stream March 19th, 2026.",2:36,,"Mar 19, 2026",Full,Recording,https://pillows.su/f/1e8c074ff38c9c93775cd943d248b6d1
Featuring Ty Dolla $ign,???,"Played by Ty on stream March 17th, 2026.",,,"Mar 17, 2026",Partial,Recording,https://pillows.su/f/298cffd1753695b64c53144ebd31a2e7
Featuring Ty Dolla $ign,???,"Played by Ty on stream March 17th, 2026.",,,"Mar 17, 2026",Partial,Recording,https://pillows.su/f/cda4aa6cb07a5857a065010d4b16cf4e
Featuring Ty Dolla $ign,"???
(prod. Wheezy)","Played by Ty on stream March 17th, 2026.",,,"Mar 17, 2026",Partial,Recording,https://pillows.su/f/96fdb90f6b342beb5a398fbea9c84390
Featuring Ty Dolla $ign,???,"Played by Ty on stream March 17th, 2026.",,,"Mar 17, 2026",Partial,Recording,https://pillows.su/f/6d5f4268fcc21089632f5d95df94105f
Featuring Ty Dolla $ign,???,"Played by Ty on stream March 17th, 2026.",,,"Mar 17, 2026",Partial,Recording,https://pillows.su/f/5ceed9384d90474fed76d41b773b9f43
Featuring Ty Dolla $ign,"???
(prod. d.a. got that dope)","Played by Ty on stream March 17th, 2026.",,,"Mar 17, 2026",Partial,Recording,https://pillows.su/f/82fcca742f1fad2936c4b3b1704f462b
Featuring Ty Dolla $ign,???,"Played by Ty on stream March 17th, 2026.",,,"Mar 17, 2026",Partial,Recording,https://pillows.su/f/14c1c07932814917b237e7d7424a8394
Featuring Ty Dolla $ign,???,"Played by Ty on stream March 17th, 2026.",,,"Mar 17, 2026",Snippet,Recording,https://pillows.su/f/10ab5317c73d0fe1d9ffa069647130a5
Featuring Ty Dolla $ign,???,"Played by Ty on stream March 17th, 2026.",,,"Mar 17, 2026",Snippet,Recording,https://pillows.su/f/f68697cdea67b7c1e30e0480276dda35
Featuring Ty Dolla $ign,???,"Played by Ty on stream March 17th, 2026.",,,"Mar 17, 2026",Snippet,Recording,https://pillows.su/f/bd7863ddb490d13f47bc7f91a32fe882
Featuring Ty Dolla $ign,???,"Played by Ty on stream March 17th, 2026.",,,"Mar 17, 2026",Snippet,Recording,https://pillows.su/f/b7a219d9bd54010d26427bbee6921696
Featuring Ty Dolla $ign,"???
(prod. DY Krazy)","Played by Ty on stream March 17th, 2026.",,,"Mar 17, 2026",Snippet,Recording,https://pillows.su/f/54b7d1ee52fa6ebd0baf02deecbcdbd0
Featuring Ty Dolla $ign,"???
(feat. 24hrs)","Played by Ty on stream March 17th, 2026.",,,"Mar 17, 2026",Partial,Recording,https://pillows.su/f/4d52f34b01511f510303f8e8e00a8e98
girl music vol. 2: sex playlist,"jd beat [V10]
(prod. Jermaine Dupri, Ty Dolla $ign & ???)","After a fan messaged Toney Handsome about potentially adding ""JD BEAT"" to GIRL MUSIC, Toney replied with ""Girl music vol. 2, Imma tell him"", meaning the song will possibly be considered for the second volume. Has reworked production to be more reminisicent of an R&B type sound. Played by Ty on stream March 14, 2026.",,,"Mar 14, 2026",Partial,Recording,https://pillows.su/f/19c87af33938bdda63063b292fa26ac0
PURPLE MOON,"ABOVE THE LAW
(feat. LAWSON)","First played by Ty on stream October 16, 2025. Played by Ty on stream March 14, 2026, alongside its music video.",1:30,,"Mar 14, 2026",Full,High Quality,https://pillows.su/f/95f842b4815c0751a1496c0705c12f6b
VULTURES 2,"LET GO [V20]
(prod. Wes Singerman & taydex)
(I LET GO, ON HIS HEAD)","Version with alternate production from Wes x Tay. Snippet leaked March 11, 2026.",,,"Mar 11, 2026",Snippet,High Quality,https://pillows.su/f/b9685627ef37eaf43a1d49ac5168e090
Campaign [V1],"Rock City - Real Talk [V1]
(feat. Future) (prod. Mustard)
(Fuck Somethin')","Rock City song from which Future's vocals would be reused for ""Fuck Somethin'"". Leaked March 9, 2026.",3:31,,"Mar 9, 2026",Full,CD Quality,https://pillows.su/f/d05faf275af5eb56547dc9d04a57e8a6
Beach House 4 [V1],???,"Song from 2023, played alongside ""Crush"". Played by Ty on stream March 8th, 2026.",,,"Mar 8, 2026",Partial,Recording,https://pillows.su/f/8fc2914226e2675fc1e8ea563fe60f86
Beach House 4 [V1],???,"Song from 2023, played alongside ""Crush"". Played by Ty on stream March 8th, 2026.",,,"Mar 8, 2026",Partial,Recording,https://pillows.su/f/53d18eb92d11dc22cfbb72e85843ca67
Beach House 4 [V1],???,"Song from 2023, played alongside ""Crush"". Played by Ty on stream March 8th, 2026.",,,"Mar 8, 2026",Partial,Recording,https://pillows.su/f/721fcf638309ac2e9d265b26cb22d2b2
Beach House 4 [V1],Ozuna - ??? [V1],"Version with an open verse that was sent to Ty to record over. Played by Ty on stream March 8th, 2026.",,,"Mar 8, 2026",Partial,Recording,https://pillows.su/f/b1e3ab71f615e316171b195d3fc7a5b1
Beach House 4 [V1],"Ozuna - ??? [V2]
(feat. Ty Dolla $ign)","Ozuna song from 2023 featuring a verse from Ty, played alongside ""Crush"". Played by Ty on stream March 8th, 2026.",,,"Mar 8, 2026",Partial,Recording,https://pillows.su/f/4f0d66fa680f750c0304510201949af6
girl music vol. 1,"???
(prod. Ty Dolla $ign & damn james!)","Instrumental made entirely by Ty with live instruments on stream on February 27th, 2026, arranged by damn james!. Played by Ty on stream March 8th, 2026.",2:10,"Feb 27, 2026","Mar 8, 2026",Partial,Recording,https://pillows.su/f/6f9aa1beb908a62834d8a1a32f7c7785
PURPLE MOON,"???
(feat. D. Savage) (prod. D. Savage)","Song featuring a verse from D. Savage, described by Ty as ""me and D. Savage freestyling on one of his beats"". Played by Ty on stream March 8th, 2026.",,,"Mar 8, 2026",Partial,Recording,"https://pillows.su/f/901e8d3129b36515c39e2e220f15a95f
https://pillows.su/f/df14238e77ea754d9d1e94ba66bd4347"
VULTURES 2,"FIELD TRIP [V21]
(feat. Playboi Carti & Don Toliver) (prod. Wes Singerman & taydex)","OG Filename: FIELD TRIP V3
Version with alternate production from Wes x Tay. Vocals are censored. Snippet leaked February 22, 2026. Leaked March 7, 2026.",3:36,,"Mar 7, 2026",OG File,High Quality,https://pillows.su/f/30bc21bd95bad4605d4bd089f50c5ec7
girl music vol. 1,"??? [V1]
(prod. damn james! & Ty Dolla $ign)
(gun in my pants)","Original beat. Played by Ty on stream March 7th, 2026.",,,"Mar 7, 2026",Snippet,Recording,https://pillows.su/f/71137acbd15140ad48af0f6515e991d2
girl music vol. 1,???,"Song with mumble vocals. Played by Ty on stream March 7th, 2026.",,,"Mar 7, 2026",Snippet,Recording,https://pillows.su/f/50fd2c0c3f502aea632b41a24f8d53d9
girl music vol. 1,"Fenix Flexin - ???
(prod. damn james! & Ty Dolla $ign)","Played by Ty on stream March 7th, 2026.",,,"Mar 7, 2026",Partial,Recording,https://pillows.su/f/995a379e9dd6c903e033986c390782fb
girl music vol. 1,"Kalan.FrFr - ???
(feat. Ty Dolla $ign) (prod. damn james! & Ty Dolla $ign)","Played by Ty on stream March 7th, 2026.",,,"Mar 7, 2026",Partial,Recording,https://pillows.su/f/ca6cf4513b6a7c44c448d8c7f4a3a8b3
girl music vol. 1,"??? - ???
(prod. damn james! & Ty Dolla $ign)","Played by Ty on stream March 7th, 2026.",,,"Mar 7, 2026",Snippet,Recording,https://pillows.su/f/dacbf905a727f1f059cd2fff0c5e2a09
PURPLE MOON,"???
(prod. Ty Dolla $ign & damn james!)","Beat played by Ty on stream March 7th, 2026.",,,"Mar 7, 2026",Partial,Recording,https://pillows.su/f/eb661f592b4d7704b686775760202a1d
PURPLE MOON,"???
(prod. Ty Dolla $ign & damn james!)","Beat played by Ty on stream March 7th, 2026.",,,"Mar 7, 2026",Snippet,Recording,https://pillows.su/f/ebc6ea63eeb13329ef50e8445b396380
PURPLE MOON,"???
(prod. Ty Dolla $ign & damn james!)","Beat played by Ty on stream March 7th, 2026.",,,"Mar 7, 2026",Snippet,Recording,https://pillows.su/f/c9eeb97e80e17f626311475acd5b3221
PURPLE MOON,"???
(prod. Ty Dolla $ign & damn james!)","Beat played by Ty on stream March 7th, 2026.",,,"Mar 7, 2026",Snippet,Recording,https://pillows.su/f/11e50ba71b0535fbb954b644407f8d2e
PURPLE MOON,"???
(prod. Ty Dolla $ign & damn james!)","Beat played by Ty on stream March 7th, 2026.",,,"Mar 7, 2026",Snippet,Recording,https://pillows.su/f/55e22a4fff07372a4d7e776f7e80c9b6
PURPLE MOON,"???
(prod. Ty Dolla $ign & damn james!)","Beat played by Ty on stream March 7th, 2026.",,,"Mar 7, 2026",Snippet,Recording,https://pillows.su/f/a388ad2a0999d08e9a2a2d8728781a15
VULTURES 2,"AFTER LYFE [V5]
(prod. Wes Singerman & taydex)","Version with alternate production from Wes x Tay. Snippets leaked February 19 and March 6, 2026.",,,"Mar 6, 2026",Snippet,Lossless,"https://pillows.su/f/15e8d1eacefc708adafbf832fec8fdab
https://pillows.su/f/5229a20801bc673d7b7fb062c4d90a5f"
VULTURES 2,"MELROSE [V9]
(feat. Digital Nas) (prod. TheLabCook & Ojivolta)","Digital Nas freestyle over the song. Snippet leaked March 4, 2026.",,,"Mar 4, 2026",Snippet,Recording,https://pillows.su/f/e265c77f7657a3ce5f8a6752dd5dbfa2
Dream House,"Kanye West - Mary Jane Girls
(prod. BoogzDaBeast)","OG Filename: Mary Jane Girls - KW Ref
Samples ""Musical Love"" by the Mary Jane Girls.",0:45,,"Mar 1, 2026",OG File,CD Quality,https://pillows.su/f/3cd1b327e510edd173bef4221e1f9b05
VULTURES 2,"🗑️ FRIED [V22]
(prod. Wes Singerman & taydex)
(BLEED IT)","OG Filename: FRIED V2
Version with alternate production from Wes x Tay. Vocals are censored. Leaked February 24, 2026.",2:59,"May 1, 2024","Feb 24, 2026",OG File,High Quality,https://pillows.su/f/aebd9fa90a7ab504e8d9ddd4549f669e
VULTURES 2,"PAY PER VIEW [V13]
(feat. Project Pat) (prod. Wes Singerman & taydex)","Version with alternate production from Wes x Tay and a different vocal take from Ty. Vocals are censored. Samples Project Pat's vocals from ""Poppin' My Collar"" by Three 6 Mafia. Snippets leaked February 19 and February 24, 2026.",,,"Feb 24, 2026",Snippet,High Quality,"https://pillows.su/f/5e5d6fbd67be8a8a5bfb250488f20553
https://pillows.su/f/fd3386cdbc40da5eb05f0f545480f9f3"
VULTURES 2,"🗑️ BELIEVER [V16]
(prod. Wes Singerman & taydex)","OG Filename: BELIEVER V2
Version with alternate production from Wes x Tay. Snippet and full file leaked February 23, 2025.",2:10,,"Feb 23, 2026",OG File,High Quality,https://pillows.su/f/37f169b816d975111988181ed54b94ed
VULTURES 2,"BELIEVER [V17]
(prod. Wes Singerman & taydex)","OG Filename: BELIEVER V3
Version with alternate production from Wes x Tay. Snippet and full file leaked February 23, 2025.",2:10,,"Feb 23, 2026",OG File,High Quality,https://pillows.su/f/d526bad8f0ad714da99db21156835f1e
VULTURES 2,"FIELD TRIP [V22]
(feat. Playboi Carti & Don Toliver) (prod. Wes Singerman & taydex)","OG Filename: FIELD TRIP V2
Version with alternate production from Wes x Tay. Vocals are censored. Snippet leaked February 22, 2026. Leaked February 23, 2026.",3:20,,"Feb 23, 2026",OG File,High Quality,https://pillows.su/f/81799b9e737a35256368a0ac6bc57bad
VULTURES 2,"TIME MOVING SLOW [V32]
(prod. Wes Singerman & taydex)
(TIME MOVIN' SLOW, TIME MOVES SLOW)","OG Filename: TIME MOVING SLOW V2
Version with alternate production from Wes x Tay. Vocals are censored. Snippet leaked February 22, 2026. Leaked February 23, 2026.",3:07,"May 1, 2024","Feb 23, 2026",OG File,High Quality,https://pillows.su/f/ee38742a50c81e53fb902fdc37a106f3
¥$,"She's Back Outside [V9]
(feat. Ant Clemons) (prod. damn james! & MixedByTheBest)
(Back Outside, We Back Outside, Aperol Spritz)","OG Filename: 12 she s back outside
Original version from 2023. First played by Ty on stream October 4, 2025. Snippet leaked February 22, 2026.",,,"Feb 22, 2026",Partial,Recording,https://pillows.su/f/160f65641ac2713ac995130a0379e2d6
VULTURES 2,"⭐ SO SOON [V6]
(prod. Wes Singerman & taydex)","OG Filename: So Soon - WES x TAY Edit
Version with alternate production from Wex x Tay and a verse and backing vocals from Ty. Snippet leaked February 20, 2026. Leaked February 21, 2026.",2:29,,"Feb 21, 2026",OG File,CD Quality,https://pillows.su/f/4d5cef2d04d2d448e80077889f802fd2
VULTURES 2,"SO SOON [V7]
(prod. Wes Singerman & taydex)","OG Filename: SO SOON V2
Version with alternate production from Wes x Tay. Snippets leaked February 18 and February 20, 2026. Leaked February 21, 2026.",2:10,,"Feb 21, 2026",OG File,High Quality,https://pillows.su/f/d9968de6be44145c6e67d21d015d7cd2
VULTURES 2,"FORTUNE AND FAME [V4]
(prod. Wes Singerman & taydex)","Version with alternate production from Wes x Tay. Snippet leaked February 20, 2026.",,,"Feb 20, 2026",Snippet,High Quality,https://pillows.su/f/21de666ea417bff9ea163333035aec70
VULTURES 2,"FRIED [V21]
(prod. Wes Singerman & taydex)
(BLEED IT)","Version with alternate production from Wes x Tay. Snippet leaked February 20, 2026.",,,"Feb 20, 2026",Snippet,High Quality,https://pillows.su/f/ea540f3fa303b2ec00e3359f927b0cca
VULTURES 2,"MAYBE [V3]
(prod. Wes Singerman & taydex)
(FOREVER, MAYBE WE CAN LAST FOREVER)","Version with alternate production from Wes x Tay. Vocals are censored. Snippet leaked February 19, 2026.",,"May 1, 2024","Feb 19, 2026",Snippet,High Quality,https://pillows.su/f/a5a3b7cd2497be171e149f1e709cc4b7
VULTURES 2,"SLIDE [V38]
(prod. Wes Singerman & taydex)
(SLIDE IN, SLIDIN', SLIDING)","Version with alternate production from Wes x Tay. Snippet leaked February 19, 2026.",,,"Feb 19, 2026",Snippet,High Quality,https://pillows.su/f/90ad13c40ee81b6883c31ec3970f49d7
Skrillex Collaboration,"???
(prod. Ty Dolla $ign & Skrillex)","Reggae beat produced by Ty and Skrillex, with ""Skrillex on the drums, [Ty] on the bass and all the instruments and shit"". Has a small amount of Ty vocals. Possibly one of the instrumentals on the album copy. Played by Ty on stream February 15th, 2026.",,,"Feb 15, 2026",Partial,Recording,https://pillows.su/f/2b4337724a542a76814c7594ca151554
Skrillex Collaboration,"Ant Clemons - ???
(prod. Ty Dolla $ign, Skrillex & Thundercat)
(Don't Let Your Guard Down)","Ant Clemons song with production from Ty, Skrillex, and Thundercat. Played by Ty on stream February 15th, 2026.",,,"Feb 15, 2026",Partial,Recording,https://pillows.su/f/b81da983f8690f53e23c88a89ad6730f
Featuring Ty Dolla $ign,"🏆 Something Serious [V1]
(feat. serpentwithfeet & James Blake) (prod. James Blake)","Fully finished song featuring verses from serpentwithfeet and James Blake, confirmed to be titled ""Something Serious"" and described by Ty as one of his favorite songs he has ever made. The song was likely recorded during sessions for Featuring Ty Dolla $ign, alongside James Blake's contributions to ""Temptations"". While the song was playing, Shawn Barron suggested that it be included on TYCOON, and it was possibly considered for the album's deluxe edition. First played by Ty on stream September 7th, 2025. Briefly played in higher quality by Ty on stream September 21st, 2025, and February 15th, 2026.",5:10,,"Feb 15, 2026",Full,Recording,"https://pillows.su/f/0cee66f8f01aea89c4b0bbf724bd3843
https://pillows.su/f/a7f556b63afb33e38377a15e666c364f
https://pillows.su/f/6584566d9f322b4d75fd23523f06c419"
Featuring Ty Dolla $ign,"???
(prod. Ty Dolla $ign)","Dance song produced by Ty. Features the ""hold on, this train goin' by"" sample that was also used in ""Ego Death"". Played by Ty on stream February 15th, 2026.",,,"Feb 15, 2026",Partial,Recording,https://pillows.su/f/965348a5804ac6eb316d198e6c197258
Featuring Ty Dolla $ign,"???
(prod. Ty Dolla $ign)
(Heaven Inside You)","Dance song produced by Ty. Features the ""hold on, this train goin' by"" sample that was also used in ""Ego Death"". Played by Ty on stream February 15th, 2026.",,,"Feb 15, 2026",Partial,Recording,https://pillows.su/f/9523983add09472d8229243e139c4bdb
Featuring Ty Dolla $ign,"???
(prod. Ty Dolla $ign & Tyrone Griffin Sr.)","House beat produced by Ty, featuring horns played by his father. Played by Ty on stream February 15th, 2026.",,,"Feb 15, 2026",Partial,Recording,https://pillows.su/f/9545df43e2f3b2b1f23acde4469591c5
Featuring Ty Dolla $ign,"???
(prod. Ty Dolla $ign)","House beat produced by Ty, described by him to be ""experimental"". According to Ty, during the pandemic he was making songs for his own pool, including this song. Played by Ty on stream February 15th, 2026.",3:20,,"Feb 15, 2026",Full,Recording,https://pillows.su/f/6f4d195da9d5e7f8f8a47841471614bd
Featuring Ty Dolla $ign,"???
(prod. Ty Dolla $ign)","House beat produced by Ty. Samples ""Ride on Time"" by Black Box. Played sped up by Ty on stream February 15th, 2026, after he stated that the song was too slow.",,,"Feb 15, 2026",Partial,Recording,https://pillows.su/f/e230f7c78fd62cd22a0b8c6fc97adb81
Featuring Ty Dolla $ign,"???
(feat. Ant Clemons) (prod. Ty Dolla $ign)
(Best Friend)","House song featuring vocals from Ant Clemons, produced by Ty. Played by Ty on stream February 15th, 2026.",,,"Feb 15, 2026",Partial,Recording,https://pillows.su/f/39cb83ec6dfffd8b241a7741624edaa9
Featuring Ty Dolla $ign,"???
(feat. Chrishan) (prod. Ty Dolla $ign)
(Somebody)","House song produced by Ty, featuring vocals from Chrishan and an open verse. Played by Ty on stream February 15th, 2026.",,,"Feb 15, 2026",Partial,Recording,https://pillows.su/f/ea5f144d34986dffb6177fd7dbe6e8e3
Featuring Ty Dolla $ign,"???
(feat. ???) (prod. Ty Dolla $ign & Channel Tres)","House song with vocals from an unidentified artist. Played by Ty on stream February 15th, 2026.",,,"Feb 15, 2026",Partial,Recording,https://pillows.su/f/f700e3fcc2be2796bc6899674a72b4ac
Featuring Ty Dolla $ign,"???
(prod. damn james! & Gabe Shaddow)","Played by Ty on stream February 15th, 2026.",,,"Feb 15, 2026",Partial,Recording,https://pillows.su/f/9f2d1669f7b60b5e1336d4a3befbe1f1
Featuring Ty Dolla $ign,"Ant Clemons - ???
(feat. Ty Dolla $ign) (prod. Ty Dolla $ign)","Played by Ty on stream February 15th, 2026. Has a small amount of Ty vocals.",,,"Feb 15, 2026",Partial,Recording,https://pillows.su/f/76d9b31b5842992bda786adc3e448207
Dance EP,"Stryv - 3AM [V1]
(prod. Stryv)
(Get Paid, Paid)","OG Filename: 3AM Stryv 118bpm
Original demo with vocals from Stryv, made before the beat was given to Ty. According to Stryv, Ty asked him to create ""a dark, Berlin, 3:00 a.m. sort of thing"". Filename shown by Stryv in an Instagram post along with a text from Fai asking for stems to the song on July 8th, 2023. Snippet leaked February 14th, 2026.",,,"Feb 14, 2026",Snippet,CD Quality,https://pillows.su/f/6900b3f628c2adee6af12250efc87c4f
Skrillex Collaboration,"✨ Back Talk [V1]
(ref. Ant Clemons) (prod. Skrillex)
(Backtalk)","OG Filename: Ant - back talk - ref
Ant Clemons reference track from 2019, later considered for his scrapped album LOVE.$WEAT.TEAR$ in 2021. Snippet leaked November 10, 2025. Has an open verse.",2:34,"Jan 1, 2019","Feb 9, 2026",OG File,CD Quality,https://pillows.su/f/8c367f4ff309f72f63c7fdbc0d365f38
Skrillex Collaboration,"🏆 Backtalk [V2]
(prod. Skrillex)
(Back Talk)","Version being played in the voice memo below. Has Ty vocals based on Ant Clemon's reference track, and a new second verse over the open verse on the Ant ref.",,"Jan 1, 2019","Feb 9, 2026",Partial,Recording,https://pillows.su/f/782fd8b6dada108e0e04322e94a8ff4e
Skrillex Collaboration,"Backtalk [V3]
(prod. Skrillex)
(Back Talk)","OG Filename: Backtalk TY$ ANT CLEMONS Skrillex Memo
Studio voice memo of the song dated January 2, 2020, with its original creation dated January 31, 2019. Ant Clemons is mentioned in the filename, yet he has no vocals on the song, likely because he wrote for the song. Snippet leaked November 10, 2025.",2:30,"Jan 31, 2019","Feb 9, 2026",OG File,Recording,https://pillows.su/f/782fd8b6dada108e0e04322e94a8ff4e
Featuring Ty Dolla $ign,"Ant Clemons - Head To Toe [V1]
(feat. Ty Dolla $ign & Charlie Wilson) (prod. Q Gulledge, Mustard, Brian Edwards, Ant Clemons & Solomon Fulton)
(Head 2 Toe)","OG Filename: 08.Head To Toe
Fully finished Ant Clemons song from 2020 with a Ty verse and Charlie Wilson backing vocals. Intended to be track 8 on Ant's scrapped album LOVE.$WEAT.TEAR$, later releasing on his EP 4Play II. Snippet leaked November 10, 2025.",2:51,"Dec 14, 2020","Feb 9, 2026",OG File,Lossless,https://pillows.su/f/c716a98a011ed82afdee499ecc62e6cf
Featuring Ty Dolla $ign,"Ant Clemons - Head 2 Toe [V2]
(feat. Ty Dolla $ign & Charlie Wilson) (prod. Q Gulledge, Mustard, Brian Edwards, Ant Clemons & Solomon Fulton)
(Head To Toe)","OG Filename: Ant Clemons - Head 2 Toe (ft. Uncle Charlie) &
Head 2 Toe - Ant Clemons ft. Ty$ (BGVs - Charlie Wilson)
Dated sometime in 2020.",2:04,,"Feb 9, 2026",OG File,CD Quality,https://pillows.su/f/25705de742d29f4d71ab6959003b40de
Beach House 4 [V1],"Ant Clemons - Head To Toe [V4]
(feat. Ty Dolla $ign, Charlie Wilson & Slim) (prod. Q Gulledge, Mustard, Brian Edwards, Ant Clemons & Solomon Fulton)
(Head 2 Toe)","OG Filename: HEAD TO TOE AC x Ty$ x Charlie Wilson
Version with a verse from Slim. Later released in 2025 exclusively to Ant's YouTube channel, before being released on streaming services on his EP 4Play II.",2:54,"Feb 9, 2022","Feb 9, 2026",OG File,CD Quality,https://pillows.su/f/f79624bc45b1003c5ab6f36461a6b62d
Beach House 4 [V1],"James Blake - Talking [V1]
(prod. James Blake & Dom Maker)","OG Filename: talking 110bpm_dm_
Initial loop done by James Blake. Snippet leaked November 5, 2025. Leaked February 9, 2026.",0:26,,"Feb 9, 2026",OG File,Lossless,https://pillows.su/f/63c110c337aa28c62b9fe748a213da4a
VULTURES 1,"FUK SUMN [V28]
(feat. Playboi Carti) (prod. ¥$, JPEGMAFIA, Timbaland, 88-Keys, Chrishan, SHDØW, AyoAA, Hubi, BBYKOBE, Che Pope & The Legendary Traxster)
(FUCK SUM, SMOKIN' ON JUNT)","Snippet leaked February 8th, 2026.",,,"Feb 8, 2026",Snippet,High Quality,https://pillows.su/f/541b071840977ff9d676d9ec58053736
Yandhi,"Kanye West - Sky City [V29]
(feat. Ty Dolla $ign, Ant Clemons, 070 Shake, The-Dream, Desiigner & Kid Cudi) (prod. Justus West, ​damn james!, Ty Dolla $ign, Timbaland, Federico Vindver & Angel Lopez)
(City In The Sky, Loyalty, Ooh Child Things Are Gonna Get Easier)","OG Filename: Sky City KW Timbo 07.15.19
Rebounce of the December 2018 version.",4:02,"Jul 15, 2019","Feb 6, 2026",OG File,CD Quality,https://pillows.su/f/7830e564375c6149bec2e55ca87a8635
Yandhi,"Kanye West - Ooh Child [V30]
(feat. Ty Dolla $ign, Ant Clemons, 070 Shake, The-Dream, Desiigner & Kid Cudi) (prod. Justus West, ​damn james!, Ty Dolla $ign, Timbaland, Federico Vindver & Angel Lopez)
(Sky City, City In The Sky, Loyalty, Ooh Child Things Are Gonna Get Easier)","OG Filename: Ooh Child 08.24.19 clean
Version with the ""deez nuts"" line censored but no intro fix.",4:02,"Aug 24, 2019","Feb 6, 2026",OG File,CD Quality,https://pillows.su/f/f5602b1add0a2d9e98a8a12e9efd1553
Yandhi,"Kanye West - Ohh Child [V31]
(feat. Ty Dolla $ign, Ant Clemons, 070 Shake, The-Dream, Desiigner & Kid Cudi) (prod. Justus West, ​damn james!, Ty Dolla $ign, Timbaland, Federico Vindver & Angel Lopez)
(Sky City, City In The Sky, Loyalty, Ooh Child, Ooh Child Things Are Gonna Get Easier)","OG Filename: Ohh Child 08.26.19 Clean Intro fix
Version with the ""deez nuts"" line censored and the cut in the intro fixed.",4:02,"Aug 26, 2019","Feb 6, 2026",OG File,CD Quality,https://pillows.su/f/3df41cc3c970e17b8183420345057392
girl music vol. 1,"CyHi - Model [V12]
(feat. Ye & Ty Dolla $ign) (prod. Noah Goldstein & ???)
(Model Type, You Ain't No Model)","Updated version worked on by an engineer on CyHi's stream February 6, 2026. Snippet leaked the same day.",,"Feb 6, 2026","Feb 6, 2026",Partial,Recording,"https://pillows.su/f/a48f80a3db3fc8fddd7c210f9ab7b46c
https://pillows.su/f/7592ecd9ef57754b1588b9a0710cf1dc"
TYCOON [V1],"🤖 Wheels Fall Off [V8]
(feat. Ye) (prod. BBYKOBE, Ye & Camper)
(Wheels)","Version with an alternate AI Ye verse. Snippet leaked February 4, 2026.",,,"Feb 4, 2026",Snippet,Recording,https://pillows.su/f/6e55b4f7bb81487c36ff4852a8f4ea55
Mustard Collaboration,"My Friends (Remix)
(feat. A$AP Rocky) (prod. FNZ, Mustard, Nic Nac, Ty Dolla $ign, Tyrone Griffin Sr., Tom Levesque & Waterboy)","Remix of the song featuring A$AP Rocky and different production compared to release. Snippet leaked January 19, 2026.",,,"Jan 19, 2026",Snippet,CD Quality,https://pillows.su/f/c2818dc941215ee1cf8fe7f87603bf49
¥$,"Nice To Meet You [V2]
(prod. Lester Nowhere)
(Nice To Meet U)","Mumble Ye freestyle where he rants about parents. Has some lines that would later be reused for his verse on ""Everybody"". Snippet leaked July 11, 2024. Leaked with fake sample clearance tags on January 18, 2026.",2:18,"Aug 1, 2023","Jan 18, 2026",Tagged,CD Quality,https://pillows.su/f/cb2f053004db64813763f9bf89d5371f
¥$,"Take The Fear Away [V2]
(prod. Lester Nowhere)
(Fear)","Initial Ye freestyle that would be later be punched in by Young Moose. Snippet leaked December 4th, 2025. Leaked January 18th, 2026, with fake sample clearance tags.",3:43,,"Jan 18, 2026",Tagged,CD Quality,https://pillows.su/f/9687111e9f78f6703cacb1ba2f1b2bda
girl music vol. 1,married to the money [V11],"OG Filename: Marreid To The moeny _ OV 11
Has an open verse. Played by Ty on stream December 30, 2025.",,,"Dec 30, 2025",Partial,High Quality,https://pillows.su/f/5197577b088ddb5186355376ebade109
girl music vol. 1,"???
(with Marc Nasty)","Song recorded with Marc Nasty on stream December 30, 2025.",,"Dec 30, 2025","Dec 30, 2025",Partial,High Quality,https://pillows.su/f/1b11e56f1c8b26fd53da2d7b406e7cab
girl music vol. 1,"???
(with Joe Moses)","Song recorded with Joe Moses on stream December 30, 2025. Samples ""Bend It Over"" by Renni Rucci.",,"Dec 30, 2025","Dec 30, 2025",Partial,High Quality,https://pillows.su/f/7f8adf28771164224c1bbe698262e9dd
girl music vol. 1,"Luh Tyler - Come Up Off [V1]
(feat. Ty Dolla $ign) (prod. DJ ESCO)","Has an open verse. Played by Ty on stream December 30, 2025.",,,"Dec 30, 2025",Snippet,High Quality,https://pillows.su/f/fbe9a9a5b4e41cf2201a0f7777d7eacd
PURPLE MOON,🏆 BACK TO YOU,"OG Filename: Back To You...
Fully finished song with lyrics about Ty's car accident on December 27th, 2025. Contains high-pitched vocals similar to ""HERE, THERE AND EVERYWHERE"" and a synth-based beat. Intended for PURPLE MOON. Played by Ty on stream December 30, 2025.",1:08,"Dec 27, 2025","Dec 30, 2025",Full,Recording,https://pillows.su/f/e6db83c04c543f02a75a9598f5835737
PURPLE MOON,"FORTY YEARS OLD
(feat. Tommy Revenge)","Played by Ty on stream December 30th, 2025.",,"Dec 29, 2025","Dec 30, 2025",Partial,High Quality,https://pillows.su/f/2a449b4d832c9e616b5fb4cb97b11b25
PURPLE MOON,"??? [V1]
(feat. Tommy Revenge)","Song with the line ""if this bitch don't let me fuck then imma goon"". Played by Ty on stream December 30, 2025. Last 50 seconds of the file are in high quality.",2:51,"Dec 29, 2025","Dec 30, 2025",Full,Recording,https://pillows.su/f/e9f4b7e5edfe2843cfba98d527bb5947
TYCOON [V1],"Destroy Lonely - ???
(DOPE BOY SWAG)","Destroy Lonely song from 2024 from which part of his verse would be reused for ""ON REPEAT"". Studio footage of the song surfaced December 29, 2025.",,,"Dec 29, 2025",Snippet,Recording,Link Needed
TYCOON [V2],"BLIND DATE [V15]
(feat. Destroy Lonely) (prod. Hitmaka & SkipOnDaBeat)","Version with a verse from Destroy Lonely. Ty confirmed that the song would be released in a more official capacity, likely as a loose song or for the deluxe. The folder ""Ty Lone 17dec2025"" was seen on Ty's laptop. Played by Ty on stream December 27th, 2025.",,"Dec 17, 2025","Dec 27, 2025",Partial,Recording,https://pillows.su/f/3d85f64d7f775d453798c1e7a9d3ff20
TYCOON [V2],"🏆 JD BEAT [V9]
(prod. Jermaine Dupri, Ty Dolla $ign & ???)","Version that re-adds production on the chorus from the Kurrco version as well as new sound effects, Ty harmonies and other production throughout the song. Currently the biggest grail and most sought-after song in the Ty community. Samples ""Funky Worm"" by Ohio Players. Played by Auger96 on stream December 17, 2025.",,,"Dec 27, 2025",Partial,High Quality,https://pillows.su/f/045ee312d259cd5fdfa86334c590cbe4
girl music vol. 1,"??? [V2]
(prod. damn james! & Ty Dolla $ign)
(gun in my pants)","Played by Ty on stream December 27th, 2025. Ty said on the stream that this is ""not a girl music vibe"" due to the lyrics and implied it could be on a potential extension of AIRPLANE MODE 2.",,,"Dec 27, 2025",Partial,Recording,https://pillows.su/f/67bdc9b400d820a210173d2ba03d703a
PURPLE MOON,"Tezzus - ???
(feat. Ty Dolla $ign & Lil Gotit) (prod. FBG Goat)
(PERKYS ADDYS)","Song with the line ""she don't give me no pussy I'm goonin"". Likely Tezzus' song as Ty stated that he recently (as of December 27th, 2025) recorded a feature for ""Tezzus and them"". Played by Ty on stream December 27th, 2025.",,"Dec 1, 2025","Dec 27, 2025",Partial,Recording,https://pillows.su/f/6a58c8dffbb52ab3e07fab459e00a8de
$ign Language 2,"Don't Kill The Party [V2]
(ref. BBYKOBE) (prod. BNYX®, 206derek, Lasik & BBYKOBE)","OG Filename: DONT KILL THE PARTY V1
BBYKOBE reference track, covering the entirety of the chorus and Ty's verse, including the line referencing Tyga. The file was found in the same folder as BBYKOBE's ""Smokin On Junt"" and ""Timeless"" reference tracks. Has an open verse. Snippet leaked September 26, 2025.",1:52,,"Dec 25, 2025",OG File,High Quality,https://pillows.su/f/97f8f9f887ba6be602da33119314ca33
Beach House 4 [V2],"✨ Paid [V2]
(prod. Stryv)
(Get Paid)","OG Filename: Paid
Original solo Ty version with a second verse, different structure, and additional samples. This version was later shown to Ye in Japan. Seen as track 6 on a Japan Beach House 4 tracklist. Snippet leaked February 10th, 2024.",3:18,"Jul 9, 2023","Dec 25, 2025",OG File,Lossless,https://pillows.su/f/78364eb91407cf7017416017f507474f
¥$,"Back To Me [V9]
(prod. Zach Frenes, Wax Motif, Nic Nac, Count Bassy, Kanye West & AyoAA)
(Back 2 Me, Cheesecake)","OG Filename: Back To Me 9.22 @AyoAA
Filename shown by AyoAA. Played by AyoAA on stream December 24th, 2025.",,,"Dec 24, 2025",Snippet,Recording,"https://pillows.su/f/3d4b5671e156eaab19e071dca8fa16a0
https://pillows.su/f/d80d976f7b82234fa956953f397317c8"
¥$,"Bobby Digital [V8]
(feat. James Blake) (prod. James Blake, Ty Dolla $ign & AyoAA)","According to AyoAA, he worked on the song. Played by AyoAA on stream December 24th, 2025. No differences can be heard in the snippet.",,,"Dec 24, 2025",Partial,Recording,https://pillows.su/f/b702d65387c1844dd951275bd70cecb7
¥$,"Fuck Sum [V9]
(prod. BBYKOBE, AyoAA & Shaun Enzo)
(Fuk Sumn, Smokin' On Junt)","OG Filename: @AyoAA Fuck Sum 9.20 horns
Version with only the chorus and alternate production from AyoAA and Shaun Enzo. Filename shown by AyoAA. Played by AyoAA on stream December 24th, 2025.",,"Sep 20, 2023","Dec 24, 2025",Partial,Recording,https://pillows.su/f/f530a275f5bf1f202e75b5b15dd00e11
¥$,"Fuck Sum [V11]
(prod. BBYKOBE, Juicy J & AyoAA)
(Fuk Sumn, Smokin' On Junt)","Played by AyoAA on stream December 24th, 2025.",,"Sep 24, 2023","Dec 24, 2025",Snippet,Recording,Link Needed
¥$,"Imagine That [V2]
(prod. The Legendary Traxster & AyoAA)
(Imagine Dat, Back N That)","Version with additional production from AyoAA. Played by AyoAA on stream December 24th, 2025.",,,"Dec 24, 2025",Snippet,Recording,https://pillows.su/f/89d1a322cd414def320eb2c7f5e55615
¥$,"Love Me The Most [V9]
(prod. Lester Nowhere, 88-Keys & AyoAA)","OG Filename love me the most v3 9.20 @ayoaa
Version with additional production from AyoAA. Filename shown by AyoAA. Played by AyoAA on stream December 24th, 2025. No vocals can be heard in the snippet.",,"Sep 20, 2023","Dec 24, 2025",Snippet,Recording,https://pillows.su/f/3765378313ab81a104e9a104334bf43a
¥$,"Love Me The Most [V12]
(prod. Lester Nowhere, 88-Keys & AyoAA)","OG Filename Love Me The Most 9.24
Filename shown by AyoAA. Played by AyoAA on stream December 24th, 2025.",,"Sep 24, 2023","Dec 24, 2025",Snippet,Recording,https://pillows.su/f/2c60bc037166bead97f733f77cdbc136
¥$,"New Body [V37]
(feat. Nicki Minaj) (prod. Cubeatz, Plain Pat, Ty Dolla $ign & AyoAA)","OG Filename: New Body 9.24
Filename shown by AyoAA. Played by AyoAA on stream December 24th, 2025.",,"Sep 23, 2023","Dec 24, 2025",Snippet,Recording,https://pillows.su/f/c70fed4709859c8a5769a8dbd4f8da2d
¥$,"Paid [V13]
(feat. K-Ci) (prod. Stryv, Chrishan, Wax Motif & AyoAA)
(Get Paid)","OG Filename: Paid 9.24 @AyoAA
Filename shown by AyoAA. Played by AyoAA on stream December 24th, 2025.",,"Sep 2, 2023","Dec 24, 2025",Snippet,Recording,https://pillows.su/f/a89374db963bd501d62d97ddd7a9af76
¥$,"Paperwork [V18]
(prod. 88-Keys & AyoAA)","Played by AyoAA on stream December 24th, 2025.",,,"Dec 24, 2025",Snippet,Recording,https://pillows.su/f/8519ce0af3945161436be93386fdc979
¥$,"Slide [V11]
(prod. Fred again.., Kanye West, Leon Thomas & AyoAA)
(Slide In, Slidin', Sliding)","Played by AyoAA on stream December 24th, 2025.",,,"Dec 24, 2025",Snippet,Recording,https://pillows.su/f/cc9d22b45a6a0ca6fc99297c21f3cef7
¥$,"So Called Friends [V7]
(prod. AyoAA)","OG Filename: @AyoAA Ty SCF V3
Solo Ty version with alternate production from AyoAA. Has an open verse. Filename shown by AyoAA. Played by AyoAA on stream December 24th, 2025.",,,"Dec 24, 2025",Partial,Recording,https://pillows.su/f/ebf8bba5ee61b1fe301396a6dae6e3db
¥$,"So Good [V3]
(prod. Kanye West, No ID & AyoAA)
(Good (Don't Die))","OG Filename: SO GOOD @AyoAA
Version with alternate production. Filename shown by AyoAA. Played by AyoAA on stream December 24th, 2025.",,"Sep 13, 2023","Dec 24, 2025",Snippet,Recording,https://pillows.su/f/36353bdeec8b456e6d61a6a8e980f099
¥$,"Up In The Stars [V11]
(prod. FNZ & AyoAA)
(Stars)","OG Filename: UP IN THE STARS 9.20 @AyoAA
Filename shown by AyoAA. Played by AyoAA on stream December 24th, 2025.",,"Sep 20, 2023","Dec 24, 2025",Snippet,Recording,https://pillows.su/f/140802941c34fa8f89f0134acb4b2659
¥$,"Up In The Stars [V12]
(prod. FNZ & AyoAA)
(Stars)","OG Filename: UP IN THE STARS 9.21 @AyoAA
Version with alternate production. Filename shown by AyoAA. Played by AyoAA on stream December 24th, 2025.",,"Sep 21, 2023","Dec 24, 2025",Snippet,Recording,https://pillows.su/f/c0abc68d4d94e0c28f6c5ac37285d8dc
¥$,"Time Movin' Slow [V6]
(prod. Nathan Butts, Azul Wynter & AyoAA)
(Time Moving Slow, Time Moves Slow)","OG Filename: Time Movin Slow 9.20
Filename shown by AyoAA. Played by AyoAA on stream December 24th, 2025.",,"Sep 20, 2023","Dec 24, 2025",Snippet,Recording,https://pillows.su/f/fb190dedcf83cdd88a5c76b1ed756844
¥$,"Time Movin' Slow [V12]
(ref. Fivio Foreign) (prod. Nathan Butts, Azul Wynter & AyoAA)
(Time Moving Slow, Time Moves Slow)","OG Filename: _FIVIO_TIME_MOVIN_SLOW
Fivio Foreign reference track. Filename shown by AyoAA. Played by AyoAA on stream December 24th, 2025.",,,"Dec 24, 2025",Snippet,Recording,"https://pillows.su/f/4b3c850f5e22f876b201db8ef9dc2727
https://pillows.su/f/65190e6f560c5a2eec6094b34b126635
https://pillows.su/f/0baccb757afeee3f5efc6b58155e9051"
¥$,"Time [V21]
(prod. Nathan Butts, Azul Wynter & AyoAA)
(Time Moving Slow, Time Movin' Slow, Time Moves Slow)","Version with sexy drill production and a faster tempo. Played by AyoAA on stream December 24th, 2025.",,,"Dec 24, 2025",Partial,Recording,https://pillows.su/f/55445380c3033f5c61e29ee838281274
¥$,"Unlock [V8]
(prod. 88-Keys & AyoAA)
(Unlocked)","Version with alternate drums by AyoAA. Played by him on stream December 24th, 2025.",,,"Dec 24, 2025",Snippet,Recording,https://pillows.su/f/7659f20064d4fc3d06057ce473f023b1
$24:00 [V1],"???
(RELAX)","Played by 24hrs on stream December 21, 2025.",,,"Dec 21, 2025",Full,Recording,Link Needed
¥$,"Hoodrat [V8]
(ref. Fat Money) (prod. 88-Keys)
(Hood Rat)","Fat Money reference track for the song. This version was likely sent to AyoAA to add production over, as he said ""this isn't it"" as the file was playing and he was looking for his version of the song. Played by AyoAA on stream November 18, 2025. Snippet posted by Fat Money to TikTok on December 21, 2025.",,,"Dec 21, 2025",Snippet,High Quality,"https://pillows.su/f/3025c3c0756aa7b93f20952aa9f4e052
https://pillows.su/f/29d3e4a133b45c91f938738623bc5fa8"
VULTURES 2,???,"Italy-era Ye and Ty freestyle. Played by Gabe Shaddow on stream December 21, 2025.",,,"Dec 21, 2025",Snippet,Recording,https://pillows.su/f/51c40c1bccafb974678269ba00962896
¥$,"Fuk Sumn [V14]
(feat. Playboi Carti) (prod. BBYKOBE & AyoAA)
(Fuck Sum, Smokin' On Junt)","Version with alternate production. Snippet leaked December 20th, 2025.",,,"Dec 20, 2025",Snippet,High Quality,https://pillows.su/f/bbd0b52e14bc01e391bec14dcdb165ab
$24:00 [V2],"VIBES [V1]
(prod. damn james!)
(TOCA)","OG Filename: VIBES 2 jr.(rough)
Played by damn james! on stream December 18, 2025.",,,"Dec 18, 2025",Partial,Recording,https://pillows.su/f/0a5e1def059570ce4ba0944c3f52d55a
¥$,"🏆 Back To Me [V3]
(ref. Ty Dolla $ign) (prod. Zach Frenes, Wax Motif, Nic Nac, Count Bassy & Kanye West)
(Back 2 Me, Cheesecake)","OG Filename: 18 Back to Me_01 TY$
Version with two Ty verses over the original beat, a small amount of freestyled Ye vocals punched in by Ty, and a slightly different hook including the line ""you'll be coming back to me"". Filename seen in damn james!'s ""Florence Files"" folder. Played by damn james! on stream December 18, 2025.",2:43,"Aug 30, 2023","Dec 18, 2025",Full,Recording,https://pillows.su/f/6d288b57a3cc9a28cb9549e8c398b8a7
¥$,"Back To Me [V4]
(ref. CyHi) (prod. Zach Frenes, Wax Motif, Nic Nac, Count Bassy & Kanye West)
(Back 2 Me, Cheesecake)","OG Filename: 18 Back to Me_02 CyHi
CyHi reference track over an alternate instrumental. Filename seen in damn james!'s ""Florence Files"" folder. Played by damn james! on stream December 18, 2025.",3:02,"Aug 30, 2023","Dec 18, 2025",Full,Recording,https://pillows.su/f/0b00be674895c64254d507b162000f8f
¥$,"Beg For Forgiveness [V10]
(prod. Digital Nas)
(Beg Forgiveness)","OG Filename: 03 Beg for Forgiveness_01
Rebounce of the original instrumental. Filename seen in damn james!'s ""Florence Files"" folder. Played by damn james! on stream December 18, 2025.",3:16,"Aug 30, 2023","Dec 18, 2025",Full,Recording,https://pillows.su/f/7bca79e4d45722488f4da412a032c4a4
¥$,"Hoodrat [V7]
(prod. 88-Keys)
(Hood Rat)","OG Filename: 02 Hood Rat_01
Rebounce of the YEBU-era instrumental. Filename seen in damn james!'s ""Florence Files"" folder. Played by damn james! on stream December 18, 2025.",,"Aug 30, 2023","Dec 18, 2025",Partial,Recording,https://pillows.su/f/2b7e77c1af1aad8b057261493460ebaa
¥$,Need The Most,"Song with Ye vocals, said to be a part 2 to ""Love Me The Most"". Played by Ty on stream October 17, 2025. Snippet leaked December 18, 2025.",,,"Dec 18, 2025",Snippet,High Quality,"https://pillows.su/f/0990ad74e15fef5e780ee23ba30270fb
https://pillows.su/f/fe03a280290949919c56397e78967753"
¥$,"Nice To Meet You [V3]
(prod. Lester Nowhere)
(Nice To Meet U)","OG Filename: 17 Nice to meet You_01
Cutdown of the original freestyle, creating a rough outline for the hook and a verse. Filename seen in damn james!'s ""Florence Files"" folder. Played by damn james! on stream December 18, 2025.",1:06,"Oct 20, 2023","Dec 18, 2025",Full,Recording,https://pillows.su/f/59ec4f16e2d2b5921a9b9c0b3f605115
VULTURES 2,"CITY IN THE SKY [V38]
(feat. 070 Shake, Desiigner, The-Dream & Kid Cudi) (prod. damn james! & William Van Zandt)
(SKY CITY, OOH CHILD THINGS ARE GONNA GET EASIER, LOYALTY)","OG Filename: city in the sky vz version 2
Version with alternate production from William Van Zandt. According to damn james!, Ty asked him to make different versions of the song during the sessions for VULTURES 2 because Ye loved the song. Filename seen on damn james!'s laptop. First played by damn james! on stream November 27, 2025.",3:50,"Jun 8, 2024","Dec 18, 2025",Full,Recording,https://pillows.su/f/6e159d732595cb2305c0b23d05456f8e
AIRPLANE MODE 2 [V2],"ICEE [V7]
(feat. Popcaan) (prod. damn james! & Dreamz)","OG Filename: 2 icee
Final version. Played by damn james! on stream December 18, 2025.",2:04,"Nov 16, 2025","Dec 18, 2025",Full,Recording,https://pillows.su/f/c4c590e56315193703f279dcdfc1a0e3
AIRPLANE MODE 2 [V2],"LICK BACK [V5]
(prod. damn james!)","OG Filename: 3 lick back
Final version. Played by damn james! on stream December 18, 2025.",1:39,"Nov 16, 2025","Dec 18, 2025",Full,Recording,https://pillows.su/f/20225de760604321a8192dec927dd8d7
Beach House 4 [V1],"Kanye West & James Blake - Traveller [V1]
(prod. James Blake)","Snippet leaked December 17, 2025.",,,"Dec 17, 2025",Snippet,Recording,https://pillows.su/f/67925b105ca4a443caa447c39512306c
$24:00 [V2],"911 [V2]
(prod. damn james!, BlueySport & Ty Dolla $ign)","OG Filename: 911 - TY DOLLA $IGN & 24HRS
Version with a verse from 24hrs over the open. Played on the Ty x 24hrs stream December 17, 2025.",2:14,,"Dec 17, 2025",Full,Recording,https://pillows.su/f/13ec063c4b39f0a240ea5502912787ea
$24:00 [V2],"CHILDREN
(feat. Blxst) (prod. BRANDONTHEPRO)","OG Filename: CHILDREN 24hrs x TY$ x BLX...
First previewed by 24hrs on Instagram Live. Snippet posted to YouTube by BRANDONTHEPRO on February 4, 2022. Played on the Ty x 24hrs stream December 17, 2025.",,,"Dec 17, 2025",Partial,Recording,"https://pillows.su/f/333fb0fef851815a0d6b7a98fa00dc6e
https://pillows.su/f/ea2f5dc95c9516d4506c5b1253921651"
$24:00 [V2],"FAKE FRIENDS
(prod. Hitmaka)","OG Filename: FAKE FRIENDS -RECORDED 1...
Played on the Ty x 24hrs stream December 17, 2025.",2:44,,"Dec 17, 2025",Full,Recording,https://pillows.su/f/2a4ba89d0f6186e60891b2b49d97d70a
$24:00 [V2],"I DON'T BELIEVE
(prod. Project X)
(VOICES)","OG Filename: I DONT BELIVE 24 x TY$
Released by 24hrs as ""VOICES"" in 2021. Differences from release unknown. Played on the Ty x 24hrs stream December 17, 2025.",3:26,,"Dec 17, 2025",Full,Recording,https://pillows.su/f/e926307f405b8332546633fd675e3fa8
$24:00 [V2],PROBLEM [V2],"Version with 24hrs. Played on the Ty x 24hrs stream December 17, 2025.",2:02,,"Dec 17, 2025",Full,Recording,https://pillows.su/f/9baf6aa7aed8432454fbfc7991437c7a
$24:00 [V2],SMOKE ALONE,"OG Filename: Smoke alone (24HRS x Ty$)
Played on the Ty x 24hrs stream December 17, 2025.",2:23,,"Dec 17, 2025",Full,Recording,https://pillows.su/f/7b28447302bd3671c20f8350c7366251
$24:00 [V2],"SO CALLED FRIENDS [V1]
(prod. Mustard)","OG Filename: 24Hrs x Ty$ - So called friend &
So Called Freinds - 24HRS x TY$
Original version of the song intended for $24:00 before it would be reworked during ¥$ sessions, with completely different production and a verse from 24hrs. Snippet leaked September 28, 2025. Played on the Ty x 24hrs stream December 17, 2025.",2:24,,"Dec 17, 2025",Full,Recording,"https://pillows.su/f/c17ed35256619e967676844325d4301c
https://pillows.su/f/5be1c3b892968a84eed6bf786b6c3f76"
$24:00 [V2],"TOCA [V2]
(prod. damn james!)
(VIBES)","OG Filename: TOCA 24HRS x TY$ (OPEN V)
Version with some Ty vocals pitched down. Has an open verse on the outro. First previewed by 24hrs on Instagram Live on January 27, 2023. Played on the Ty x 24hrs stream December 17, 2025.",,,"Dec 17, 2025",Partial,Recording,https://pillows.su/f/42fb902080e465dc515e1847ca12016b
Yandhi,"Kanye West - ??? [V4]
(prod. Justus West, damn james! & Ty Dolla $ign)
(Sky City, City In The Sky, Ooh Child Things Are Gonna Get Easier, Ohh Child, Loyalty)","Initial Ye freestyle. Some of Ye's vocals from this freestyle would be used on later versions of the song. Snippet played in the RapTV ""Making of 'Sky City'"" video posted on August 25, 2025. Played by damn james! on stream December 14th, 2025.",,,"Dec 14, 2025",Partial,Recording,"https://pillows.su/f/ad4f3d871346349bd8b63a9a85979281
https://pillows.su/f/a2a3a4fb003538106f8f61ef121f8fae"
Yandhi,"Kanye West - ???
(prod. damn james!)
(House In The Sky)","Ye freestyle recorded right after his ""Sky City"" freestyle. Played by damn james! on stream December 14th, 2025.",,,"Dec 14, 2025",Partial,Recording,https://pillows.su/f/fd8456bd90743433313b88a6e625e554
Yandhi,"Kanye West - ???
(prod. damn james!)","Song heard playing in the ""Sky City"" freestyle video. Played by damn james! on stream December 14th, 2025.",,,"Dec 14, 2025",Partial,Recording,Link Needed
Mustard Collaboration,"Brains
(feat. Wiz Khalifa) (prod. Mustard)","Played by Ty on stream December 14th, 2025.",,,"Dec 14, 2025",Partial,Recording,https://pillows.su/f/bbe67bd5b4b303fda472e1f3d71c2dbd
$ign Language 2,"Drugs And Sex [V2]
(feat. Sexyy Redd) (prod. Juicy J, Hitkidd & Ty Dolla $ign)","Version with alternate production. This file was sent by Ty to Wiz Khalifa. Played by Ty on stream December 14th, 2025.",,,"Dec 14, 2025",Partial,Recording,https://pillows.su/f/c635b0650cb005fb3779d08ccd99f418
Beach House 4 [V2],"Slide [V2]
(feat. Wiz Khalifa) (prod. Fred again.. & Skrillex)
(Slide In, Slidin', Sliding)","Version featuring a verse from Wiz Khalifa. Played by Ty on stream December 14th, 2025.",,,"Dec 14, 2025",Partial,Recording,https://pillows.su/f/6a38f8ca65ce0c064f31389d264f6e55
¥$,"In The Rain
(ref. CyHi & Malik Yusef)","OG Filename: 13 In the Rain_01
CyHi and Malik Yusef reference track. Samples ""In the Rain"" by The Wooden Glass. Filename seen in damn james!'s ""Florence Files"" folder. Played by damn james! on stream December 14th, 2025.",3:38,"Aug 30, 2023","Dec 14, 2025",Full,Recording,https://pillows.su/f/10ce7e7ab327f799846eb11f034d66be
¥$,Love Again [V2],"OG Filename: 22 Love again_01
Filename seen in damn james!'s ""Florence Files"" folder. Played by damn james! on stream December 15, 2025. Has an open verse.",1:47,"Aug 30, 2023","Dec 14, 2025",Full,Recording,https://pillows.su/f/79b4b9bf552b9238a3a28955c232bb42
¥$,"Paperwork [V4]
(feat. DaBaby) (prod. 88-Keys)","OG Filename: 08 Paperwork_02 DaBaby
Version with a verse from DaBaby. Filename seen in damn james!'s ""Florence Files"" folder. Snippet leaked December 3, 2025. Played by damn james! on stream December 14th, 2025.",1:44,"Aug 30, 2023","Dec 14, 2025",Full,Recording,"https://pillows.su/f/f78b9c75fd3ed815e1ca423d35bb8491
https://pillows.su/f/fd78e4a18d05765d429e6a9e5dce172c"
VULTURES 2,"THROW AWAY [V2]
(prod. The Legendary Traxster)","Played by Ty on stream December 14th, 2025.",,,"Dec 14, 2025",Snippet,Recording,https://pillows.su/f/20c5162343c120ef203f1fd5a843257b
TYCOON [V1],???,"Samples this video. This file was sent by Ty to Wiz Khalifa. First played by Ty on stream September 2nd, 2025. Played by Ty on stream December 14th, 2025.",,,"Dec 14, 2025",Snippet,Recording,https://pillows.su/f/50cd1c2c96e106636b3a90c76d877223
TYCOON [V1],???,"Song from Ty and Wiz Khalifa's text messages. Played by Ty on stream December 14th, 2025.",,,"Dec 14, 2025",Snippet,Recording,https://pillows.su/f/6b7ee1028210de7b6a1815146af041ee
TYCOON [V1],???,"Song from Ty and Wiz Khalifa's text messages. Played by Ty on stream December 14th, 2025.",,,"Dec 14, 2025",Snippet,Recording,https://pillows.su/f/6a77aae0b8dda510f6394ffe080bb6e2
TYCOON [V1],"???
(prod. Murda Beatz)","This file was sent by Ty to Wiz Khalifa. Played by Ty on stream December 14th, 2025.",,,"Dec 14, 2025",Partial,Recording,https://pillows.su/f/34d72d06bc8965094e213205c70f37f9
TYCOON [V1],"Wiz Khalifa & ZERB - Location
(feat. Ty Dolla $ign) (prod. Zerb)","Version with Wiz Khalifa covering the hook which would be sung by Ty on release, as well as an alternate structure. Played by Ty on stream December 14th, 2025.",,,"Dec 14, 2025",Partial,Recording,https://pillows.su/f/7c5498d812278b2dc0688c5962b004b8
TYCOON [V1],"Wiz Khalifa - Hash Hole
(prod. Sledgren & Daz)","Wiz Khalifa song with an open verse that was sent to Ty. Unknown if this was recorded on. The song was released in February 2024 without Ty vocals. Played by Ty on stream December 14th, 2025.",,,"Dec 14, 2025",Partial,Recording,https://pillows.su/f/547f6ba68853630cb36cbf1cb7c12179
TYCOON [V1],Wiz Khalifa - ???,"Wiz Khalifa song with an open verse that was sent to Ty. Unknown if this was recorded on. Played by Ty on stream December 14th, 2025.",,,"Dec 14, 2025",Snippet,Recording,https://pillows.su/f/5855a9a4030a0b5c88e3b9e2d77d82c1
TYCOON [V1],"3 Billion [V2]
(prod. Cobalii, Styalz Fuego & Wax Motif)","Early version with less developed production based on the original sample loop, but with added drums. Played by Ty on stream December 14th, 2025.",,,"Dec 14, 2025",Partial,Recording,https://pillows.su/f/72e2080dd9d442af52ba7400cd244668
girl music vol. 1,"??? [V2]
(feat. Wiz Khalifa) (prod. d.a. got that dope)
(Spend It)","Version featuring a verse from Wiz Khalifa filling in the open verse. Played by Ty on stream December 14th, 2025. According to Ty, Wiz sent his verse back the same day after Ty sent him the file the previous day.",2:40,"Dec 14, 2025","Dec 14, 2025",Full,Recording,https://pillows.su/f/c2e2652eb1bf7093adb7b81196a929ed
PURPLE MOON,"damn james! - ??? [V1]
(prod. damn james!)
(HOW THAT WORK)","Original beat. Played by damn james! on stream December 14th, 2025.",,,"Dec 14, 2025",Snippet,Recording,https://pillows.su/f/334c29d4057d99a3e0a1bc90e365172f
PURPLE MOON,"??? [V1]
(prod. damn james! & Ty Dolla $ign)
(LOSERS)","Original beat. Played by damn james! on stream December 14th, 2025.",,,"Dec 14, 2025",Partial,Recording,https://pillows.su/f/902f2f13b67e6ec4e9c85e1a3193b8b1
PURPLE MOON,"damn james! - ??? [V1]
(prod. damn james!)
(MILES)","Original beat. Played by damn james! on stream December 14th, 2025.",,,"Dec 14, 2025",Snippet,Recording,https://pillows.su/f/9d37a5519d7708cf72d599cedbb05f8d
PURPLE MOON,"damn james! - ??? [V1]
(prod. damn james!)
(MONEY KEEP CALLIN)","Original beat. Played by damn james! on stream December 14th, 2025.",,,"Dec 14, 2025",Snippet,Recording,https://pillows.su/f/81ff1485354b740e273cf6641232e9c7
PURPLE MOON,"damn james! - ??? [V1]
(prod. damn james!)
(TELL ME)","Original beat. Played by damn james! on stream December 14th, 2025.",,,"Dec 14, 2025",Snippet,Recording,https://pillows.su/f/404353d4b57b91c013807bf700fd606d
PURPLE MOON,"???
(ALIEN)","Song with an open verse. This file was sent by Ty to Wiz Khalifa. Played by Ty on stream September 2nd, 2025. Played by Ty on stream December 14th, 2025.",,,"Dec 14, 2025",Partial,Recording,"https://pillows.su/f/c51c6ebeec0625670312a1e6705556cb
https://pillows.su/f/f3b15462596ba11b8f8fceef43802341"
PURPLE MOON,"???
(prod. damn james! & Ty Dolla $ign)","Beat played by damn james! on stream December 14th, 2025.",,,"Dec 14, 2025",Partial,Recording,https://pillows.su/f/c3f7923537fcedcbc30cffa2fc40db54
PURPLE MOON,"???
(prod. damn james! & Ty Dolla $ign)","Beat played by damn james! on stream December 14th, 2025.",,,"Dec 14, 2025",Partial,Recording,https://pillows.su/f/5ff6dd0d70c360574542607db618ecd2
PURPLE MOON,"???
(prod. damn james! & Ty Dolla $ign)","Beat played by damn james! on stream December 14th, 2025.",,,"Dec 14, 2025",Snippet,Recording,https://pillows.su/f/0a146a8c1e031c1ef7e665a715c200fc
PURPLE MOON,"???
(prod. damn james! & Ty Dolla $ign)","Beat played by damn james! on stream December 14th, 2025.",,,"Dec 14, 2025",Snippet,Recording,https://pillows.su/f/e99391ec83f0f56bda88fdfeeda11f31
PURPLE MOON,"???
(prod. damn james! & Ty Dolla $ign)","Beat played by damn james! on stream December 14th, 2025.",,,"Dec 14, 2025",Snippet,Recording,https://pillows.su/f/d4dd2f5dca6a3d47570714c45a9b44af
PURPLE MOON,"???
(prod. damn james! & Ty Dolla $ign)","Beat played by damn james! on stream December 14th, 2025.",,,"Dec 14, 2025",Snippet,Recording,https://pillows.su/f/0cc46fa07db4a9381a8da25098c82d3b
Beach House 4 [V2],"Kanye West - Happy [V1]
(prod. The Legendary Traxster)","Seen on a tracklist for Ye's solo album being worked on in Japan, unrelated to the Donda 2 track of the same name. Samples ""Be Happy For Me"" by The Masqueraders. Snippet posted December 13, 2025.",,,"Dec 13, 2025",Snippet,High Quality,https://pillows.su/f/eebaa34ee775bc8ec694767d8a05c49d
TYCOON [V1],"3 Billion [V5]
(feat. Timbaland) (prod. Ty Dolla $ign, Camper, Cobalii, Styalz Fuego, Wax Motif, Timbaland & RobOnBass)","Seen on a tracklist in a photo of Ty in the studio on February 7th, 2025. According to Ty, Timbaland produced on the song, which is also confirmed by the adlibs on the song's outro. Briefly heard in high quality in a now-deleted TikTok post by Ty on March 3rd, 2025, where an unknown producer, likely RobOnBass, was seen playing live bass over the song. Played in nearly full by Ty on stream December 12th, 2025. This version would be released on girl music vol. 1, following constant requests from fans and backlash to the music video version.",,"Mar 3, 2025","Dec 12, 2025",Partial,Recording,"https://pillows.su/f/036b52f269ebe9014d77b6c4f6c6a88f
https://pillows.su/f/da93bd250177846a41a02c4b4a7ae7ce"
Beach House 4 [V2],"Kanye West - Real Thing
(feat. Ty Dolla $ign)","Song with vocals from Ty and Ye. Presumably one of the first ideas made for what would become ¥$. Snippet posted December 11, 2025.",,,"Dec 11, 2025",Snippet,High Quality,https://pillows.su/f/354ba9cdf16e01cebeb23f67e5299ccf
¥$,"What Am I Missing [V1]
(prod. Ojivolta & Scott Bridgeway)
(What I'm Missing)","Mumble Ye freestyle from a freestyle session on September 24th, 2023, with finished vocals on the hook, which Lil Durk would later base his reference track on. Snippet leaked December 10th, 2025.",,"Sep 24, 2023","Dec 10, 2025",Snippet,High Quality,https://pillows.su/f/376c3c37b45ab00b343e90e86359d324
¥$,"Easy Come Easy Go [V1]
(prod. Ojivolta)
(Easy Come And Easy Go, Lost And Found)","Ye freestyle from a freestyle session on September 24th, 2023. Snippet leaked December 9th, 2025.",,"Sep 24, 2023","Dec 9, 2025",Snippet,High Quality,https://pillows.su/f/5f6b48b296caf12878b8b1d961bd0af5
Beach House 4 [V1],"???
(Ride The Train)","Song with an open verse. Played by Ty on stream December 7th, 2025.",,,"Dec 7, 2025",Partial,Recording,"https://pillows.su/f/2713f38c9197d5320830a1ab08b893ba
https://pillows.su/f/dd16d9b06fdcba839f37981a20eed689 
https://pillows.su/f/1d892d7ee63f538bd4427e97a07161d4"
Beach House 4 [V1],"Ant Clemons - Amazing [V2]
(prod. Skrillex & ???)","OG Filename: 10. Amazing
Version said to have been considered for Ant's 2020 album LOVE.$WEAT.TEAR$. Has additional production and a faster tempo compared to the Yandhi-era reference. Was later recorded on by Ty during Italy ¥$ sessions. Original snippet leaked December 7th, 2025.",3:14,"Dec 21, 2020","Dec 7, 2025",OG File,Lossless,https://pillows.su/f/a3aaf8efa580a652a4394557d8647608
Beach House 4 [V1],"Lil Gotit - ???
(feat. Ty Dolla $ign)
(Try My Luck)","Has vocals from Lil Gotit. Ty reuses his flow from ""Menage"" on this song, which is also Lil Gotit's song; it's likely that these songs were recorded in the same session. Played by Ty on stream December 7th, 2025.",,"Nov 13, 2021","Dec 7, 2025",Partial,Recording,https://pillows.su/f/0874bd17e4054772bba3fff31602c68f
Beach House 4 [V1],"??? [V1]
(prod. d.a. got that dope)
(Spend It)","Song with an open verse. Played by Ty on stream December 7th, 2025.",2:40,,"Dec 7, 2025",Partial,Recording,"https://pillows.su/f/93e47054bf28fd4489261d46ea2523d6
https://pillows.su/f/b65c1d6b7569f1af7e9c4e71e5b353e8"
$24:00 [V2],PROBLEM [V1],"Solo Ty version. Played by Ty on stream December 7th, 2025.",,,"Dec 7, 2025",Partial,Recording,https://pillows.su/f/c19ead011da15b4d66eb5acea1a5e4e0
Mustard Collaboration,"5 In The Morning [V2]
(prod. Mustard)","According to Mustard in an interview, while he and Ty were working together he ended up showing Ty the beat to what would later become ""hey now"" by Kendirck Lamar, and Ty recorded on it. Mustard stated that it was a good song but he ""never was all the way there with it"". According to Ty, the song was on the album with Mustard. He would also add that this version of the song is called ""5 In The Morning"". Played by Ty on stream December 7th, 2025. According to Ty, this is an old version of the song with just drums and vocals, and he later added more to the song.",,,"Dec 7, 2025",Partial,Recording,https://pillows.su/f/9eec545d1d2d0bc633fbfd67baf75e80
Mustard Collaboration,"???
(prod. Mustard)
(Scoreboard)","Played by Ty on stream December 7th, 2025. Era unknown, but likely from the Mustard album.",2:25,,"Dec 7, 2025",Full,Recording,"https://pillows.su/f/15de0a5ceac699ca54fa246139f3dcc5
https://pillows.su/f/2348a3023dd11cec70f60fe56ccd30e8"
Mustard Collaboration,"???
(feat. ???) (prod. Mustard & Ty Dolla $ign)
(Rising Again, Break Me Down)","Anthemic song played by Ty on stream December 7th, 2025. Era unknown, but likely from the collaborative album with Mustard due to the horn-focused sound.",,,"Dec 7, 2025",Partial,Recording,https://pillows.su/f/afbb9e481ae3f0eed6a99692f152f39b
Mustard Collaboration,"???
(feat. BlueBucksClan) (prod. Mustard)
(Pull Up)","Played by Ty on stream December 7th, 2025. Likely from the sessions for the collaborative album with Mustard.",,,"Dec 7, 2025",Partial,Recording,https://pillows.su/f/558da7a4633d664b083df9052ef2dfb1
Mustard Collaboration,"???
(prod. Mustard)
(Way Too Rich)","Played by Ty on stream December 7th, 2025. Likely from the sessions for the collaborative album with Mustard.",,,"Dec 7, 2025",Partial,Recording,"https://pillows.su/f/ec3281e5c4f0689ad0cd21ade32b63a9
https://pillows.su/f/84c0b77008cdc25ed9d3881a4c1eb22e"
$ign Language 2,"Smokin' On Junt [V1]
(prod. BBYKOBE)
(Fuck Sum, Fuk Sumn)","Version with an open verse in place of Juicy J's verse. Played by Ty on stream December 7th, 2025.",,,"Dec 7, 2025",Partial,Recording,Link Needed
Dance EP,"All That [V1]
(feat. Coi Leray & Jeremih) (prod. Keith Turner, KDDO, Jonas Jurström & Shawn Barron)
(ALL THAT A$$)","Song from 2023 featuring Jeremih and Coi Leray, likely intended for the dance EP. Snippet leaked December 15, 2024. Played by Ty on stream December 7th, 2025.",,,"Dec 7, 2025",Snippet,CD Quality,"https://pillows.su/f/a954a38cfec03158933c17bac3ba98d4
https://pillows.su/f/b7f784b064f1581185e8af8e1aad4597"
Dance EP,"🏅 ???
(Give It To Me)","Dance song with a dark vibe similar to ""Paid"" and a brief beatswitch. Has an open verse. Likely from the dance EP sessions. Played by Ty on stream December 7th, 2025.",,,"Dec 7, 2025",Partial,Recording,https://pillows.su/f/815623b16b1b4aee9262f8a26b3e6110
Dance EP,"???
(Losing You)","Dance song with an open verse. Likely from the dance EP sessions. Played by Ty on stream December 7th, 2025.",,,"Dec 7, 2025",Partial,Recording,"https://pillows.su/f/b3ee5aec5b3a776833786b54b43aa1a2
https://pillows.su/f/d571d09aefc91e0f575d41d524fabdd6"
Beach House 4 [V2],"Cheesecake [V2]
(ref. Kanye West) (feat. Kanye West) (prod. Zach Frenes, Wax Motif, Nic Nac, Count Bassy & Kanye West)
(Back 2 Me, Back To Me)","Track 3 on the Japan Beach House 4 tracklist posted by dbmagic. Initial voice memo freestyle recorded by Ye. The song likely included only Ye vocals at this point, as he can be heard mumbling in this freestyle what would later become the chorus performed by Ty. This is further supported by Ty stating that he and Ye only ""got some words to"" the song while working in Italy. According to Wax Motif, he received a FaceTime call where he saw Ye ""playing keys and singing over the demo"". According to Luit, this version was on a Japan Beach House 4 copy. Snippet leaked November 27, 2025. Played by Ty on stream December 7th, 2025.",,,"Dec 7, 2025",Snippet,CD Quality,"https://pillows.su/f/f2b2102671447df8fb320f1a269ef86c
https://pillows.su/f/7d03a4a43909dba3215b0a364c8ab453"
Beach House 4 [V2],Love Again [V1],"Possibly seen as track 10 on a Japan tracklist for Beach House 4 posted by dbmagic. Said to be solo Ty, though differences to ¥$ versions of the song are unknown.",,,"Dec 7, 2025",Snippet,Recording,Link Needed
Beach House 4 [V2],"🏆 ???
(Breathe It In)","Played by Ty on stream December 7th, 2025. Likely from Beach House 4 sessions.",,,"Dec 7, 2025",Partial,Recording,https://pillows.su/f/618a3971f5a2e8b5784196d260f92a36
Beach House 4 [V2],"???
(Hurricane)","Played by Ty on stream December 7th, 2025.",,,"Dec 7, 2025",Partial,Recording,https://pillows.su/f/969cfae15a5a70a9f178149b97bc44b8
Beach House 4 [V2],"???
(prod. Cardo Got Wings)
(Joe Exotic)","Likely recorded during the Japan Beach House 4 sessions, based on mentions of ""Yeezy Slides"" and Japanese in Ty's verse. The song has been consistently played alongside other Beach House 4 and ¥$-era files. First played by Ty on stream November 9th, 2025.",~3:00,,"Dec 7, 2025",Partial,Recording,"https://pillows.su/f/9eea5bad7844acfc4addf9458d73c2fb
https://pillows.su/f/25af389905a538b5839aeb1035a7fb1f"
Beach House 4 [V2],"???
(prod. BNYX®)","First Played by Ty on stream November 9th, 2025. Likely given to Ty alongside the ""Don't Kill The Party"" beat.",,,"Dec 7, 2025",Snippet,Recording,"https://pillows.su/f/4d28ed4d08d2f0bb85e45cc6b4469272
https://pillows.su/f/3de9fcb3777b1177febfe8237af847d3"
Beach House 4 [V2],"???
(prod. RONNY J)
(Multiple Mils)","Rage song produced by RONNY J, likely recorded in October 2023 in Italy, as it was played alongside other files from the era and includes the line ""way out in Italy"". Played by Ty on stream December 7th, 2025.",,,"Dec 7, 2025",Partial,Recording,https://pillows.su/f/10146cbcfe583e1d9ff2b6b0c93e695f
Beach House 4 [V2],"???
(prod. RONNY J)
(Chanel You)","Played by Ty on stream December 7th, 2025.",,,"Dec 7, 2025",Partial,Recording,"https://pillows.su/f/ee3b8d48900c27d40b13654bf3207e2e
https://pillows.su/f/188750632bdf042d43319a0f8ea3e0f8"
Beach House 4 [V2],"???
(prod. RONNY J)
(Air Force Ones)","Played by Ty on stream December 7th, 2025.",,,"Dec 7, 2025",Partial,Recording,https://pillows.su/f/20c722eb9cec39b9e3fafb5e55c2a6b6
Beach House 4 [V2],"???
(prod. RONNY J)
(Translucent Lenses)","Played by Ty on stream December 7th, 2025.",,,"Dec 7, 2025",Partial,Recording,https://pillows.su/f/fa192da2f542f44cf97e418b4916134c
Beach House 4 [V2],"???
(prod. RONNY J)
(Want No Friends)","Played by Ty on stream December 7th, 2025.",,,"Dec 7, 2025",Snippet,Recording,https://pillows.su/f/bfe5b11ef193b0ae569f3215e08d4444
Beach House 4 [V2],"??? [V1]
(feat. H.E.R.) (prod. Camper)","Version with alternate production. Played by Ty on stream December 7th, 2025.",,,"Dec 7, 2025",Snippet,Recording,https://pillows.su/f/90bac118d8e7584d02d8a315378f5964
Beach House 4 [V2],"???
(prod. GREN808)
(Make No Sense)","Likely from Italy ¥$ sessions, as Ty references ""Italian bitches"" and ""Aperol spritz"" in his verse. The song was also played alongside ""We Love You"" and ""Pray"", and GREN808 is known to have been working with Ye and Ty at the time. Played in nearly full by Ty on stream December 7th, 2025.",~2:00,"Oct 1, 2023","Dec 7, 2025",Partial,Recording,https://pillows.su/f/7e7f281b9553309c4e796617908e9df0
Beach House 4 [V2],"???
(prod. GREN808)
(Whoa)","Likely from Italy ¥$ sessions, being played alongside ""We Love You"" and ""Pray"". Played by Ty on stream December 7th, 2025.",,"Oct 1, 2023","Dec 7, 2025",Partial,Recording,https://pillows.su/f/f46b5de34909dc78ae5e7abfb25a5f3a
Beach House 4 [V2],"???
(prod. Fya Man)
(A Lot)","Possibly from Italy ¥$ sessions as it has production from Fya Man, who was in Italy at the time. Played by Ty on stream December 7th, 2025.",,,"Dec 7, 2025",Partial,Recording,"https://pillows.su/f/e48129daf0f36796a5817aae67c228f0
https://pillows.su/f/a61f43ddc8de3804bfecdd84bbb84c62"
Beach House 4 [V2],"???
(prod. OG Parker)","Samples ""If Only For One Night"" by Roberta Flack and Peabo Bryson. Played by Ty on stream December 7th, 2025.",,,"Dec 7, 2025",Snippet,Recording,https://pillows.su/f/be9bb29405a48985d0604677613134d5
Beach House 4 [V2],"???
(prod. BONGO ByTheWay)
(Swerve)","Played in nearly full by Ty on stream December 7th, 2025.",~2:00,,"Dec 7, 2025",Partial,Recording,https://pillows.su/f/b72211464fe21cc3d6d5ad0983c1babf
Beach House 4 [V2],"???
(Enemies)","Played by Ty on stream December 7th, 2025.",,,"Dec 7, 2025",Partial,Recording,https://pillows.su/f/7f176a6add781f8f1a29230a071de0ee
Beach House 4 [V2],"???
(Lost Someone)","Played by Ty on stream December 7th, 2025. Possibly from 2022 as Ty mentions the year in the song.",,,"Dec 7, 2025",Partial,Recording,https://pillows.su/f/d888e0360f332d50f9fc7e3f103092c3
Beach House 4 [V2],"???
(prod. SkipOnDaBeat)
(Hop Out The Coupe)","Played by Ty on stream December 7th, 2025.",,,"Dec 7, 2025",Partial,Recording,"https://pillows.su/f/a24d4bb1d0468801190ec762fc506ae5
https://pillows.su/f/6ddeaba93a3de138f057587f1c0431fb"
Beach House 4 [V2],"Freddie Gibbs - Shangri La
(prod. The Alchemist)","Version with slightly different production compared to release, likely the original version shown to Ty, as it lacks the ""yeah hoe"" sample which was likely added to the song after ""So Called Friends"" was made. Freddie Gibbs would confirm on Genius that the song predates ""So Called Friends"", and his verse was later repurposed for that song, contrary to what was originally believed. Played by Ty on stream December 7th, 2025.",,,"Dec 7, 2025",Snippet,Recording,https://pillows.su/f/b82e5c5b2357be1a936934bfd7d2f818
¥$,Ain't Got No [V2],"Version likely brought back during ¥$ sessions, as the song was being sold as a ¥$-era song alongside ""Real Haters"", and it was played by Ty alongside other files from the era. Played by Ty on stream December 7th, 2025.",4:00,,"Dec 7, 2025",Full,Recording,https://pillows.su/f/91436b9750767b0fad3ccda0c5ba26ee
¥$,"All Is Love [V5]
(prod. James Blake)
(All In Love, Fall In / All Is Love)","Solo Ty version. According to Ty, Ye sent him the WAR version of the song and told him to sing over James Blake's parts. First played by Ty on stream October 7, 2025.",,,"Dec 7, 2025",Partial,Recording,https://pillows.su/f/6451dc560bb5effd236a5ede4e60b25a
¥$,"Amazing [V4]
(feat. Ant Clemons) (prod. Skrillex & ???)","OG Filename: 20 amazing_01
Rebounce of the original file. Filename seen in damn james!'s ""Florence Files"" folder. Played by Ty on stream December 7th, 2025.",,"Aug 30, 2023","Dec 7, 2025",Partial,Recording,https://pillows.su/f/22c1d8b28e954a6be903e321384609cf
¥$,"Back To Me [V6]
(prod. Zach Frenes, Wax Motif, Nic Nac, Count Bassy & Kanye West)
(Back 2 Me, Cheesecake)","Snippet leaked February 3, 2025. Played by Ty on stream December 7th, 2025.",,,"Dec 7, 2025",Snippet,CD Quality,"https://pillows.su/f/86e26e2ce3571d78e6d2ce2ab0711569
https://pillows.su/f/544b83c8891b61d75de3762c60b205d1"
¥$,"Flows Of A Ghost
(prod. GREN808)","Solo Ty song with an open verse likely intended for Ye. First played by Ty on stream October 18th, 2025.",,,"Dec 7, 2025",Partial,Recording,https://pillows.su/f/0ffd0bed2bc7f03ba0947daae4a77e1a
¥$,"Love Again [V4]
(ref. ???)","Version with vocals from an unidentified artist. Played by Ty on stream December 7th, 2025.",,,"Dec 7, 2025",Snippet,Recording,https://pillows.su/f/d1f0b393936bb0d41b80f6a93368f47b
¥$,"Pray [V4] 
(ref. DeRay Davis) (prod. TryBishop)","DeRay Davis reference track with Ty on the hook. Played by Joyboy on stream November 13, and November 22, 2024. Played by Ty on stream December 7th, 2025.",,,"Dec 7, 2025",Partial,Recording,"https://pillows.su/f/a6a5e024311fce1c451f44baf649d497
https://pillows.su/f/a0a87599c870e660d6ae9a18b04cd216"
¥$,"Sliding [V3]
(prod. Fred again.., Kanye West & Leon Thomas)
(Slide, Slide In, Slidin')","Briefly played by Ty on stream December 7th, 2025. This is likely the first reworked version of the song, as it features Ty's re-recorded vocals and production built around the same chord progression as later versions, while lacking the long intro, similar to the original version of the song. This is also likely the version that directly samples the drums from ""Touch"" by Omarion, before they were later replaced with an interpolation.",,,"Dec 7, 2025",Snippet,Recording,https://pillows.su/f/7ffd74388308a8897355642061e3fd69
¥$,"Sliding [V6]
(prod. Fred again.., Kanye West & Leon Thomas)
(Slide, Slide In, Slidin')","Version with the reworked instrumental used in all following versions of the song, but lacking the intro. Briefly played by Ty on stream December 7th, 2025.",,,"Dec 7, 2025",Snippet,Recording,https://pillows.su/f/a32841ed93d83022bc95e965ac84a9f7
¥$,"Stars [V13]
(prod. FNZ & ???)
(Up In The Stars)","Version with alternate production. Played by Ty on stream December 7th, 2025.",,,"Dec 7, 2025",Snippet,Recording,https://pillows.su/f/454745f180d85bdbb9d4ed72a1ec03d4
¥$,"Stars [V14]
(prod. FNZ & ???)
(Up In The Stars)","Version with alternate production. Played by Ty on stream December 7th, 2025.",,,"Dec 7, 2025",Snippet,Recording,https://pillows.su/f/ce100b67ac6aa42b2dcee8b8cf2a3be5
¥$,The Life,"Seen on the 40-song JoyBoy tracklist. Played by Ty on stream December 7th, 2025. Samples ""Opus Dei (Life is Life)"" by Laibach.",,,"Dec 7, 2025",Snippet,Recording,https://pillows.su/f/74cc154c8f195d18a72b94ebdce77804
¥$,"🏆 Thumbs Down
(feat. Freddie Gibbs)","Seen on the 40-song JoyBoy tracklist, said to have finished ¥$ vocals and a feature from Freddie Gibbs. Played by Ty on stream December 7th, 2025.",,"Oct 1, 2023","Dec 7, 2025",Snippet,Recording,https://pillows.su/f/6e83807fdf94ec4d1fc86d68f34b67c4
¥$,"We Still
(prod. Ojivolta)","Mumble Ye freestyle from a freestyle session on September 24th, 2023. Briefly played by Ty on stream December 7th, 2025.",,"Sep 24, 2023","Dec 7, 2025",Snippet,Recording,https://pillows.su/f/a8f948dec83d569808240d0e47618813
¥$,"DaBaby - The Way It Is
(feat. Ty Dolla $ign)","DaBaby song likely recorded alongside his ""Paperwork"" verse, as the song was played amongst other ¥$-era files. According to DaBaby, the song was planned for release, and a music video was made for it, but it was scrapped because the 2Pac interpolation could not be cleared. Interpolates ""Changes"" by 2Pac. Played by Ty on stream December 7th, 2025.",,,"Dec 7, 2025",Partial,Recording,https://pillows.su/f/9e3e8fe43380f426a3381ab8d857cc27
¥$,"Jay Worthy, Kamaiyah & Harry Fraud - Pull Up
(feat. Ty Dolla $ign) (prod. Harry Fraud & Tony Seltzer)","Alternate mix of release. Ty likely recorded his verse while in Italy between late September and early October 2023, given that the song was played on stream alongside other files from the time, as well as Ty's appearance in the song's music video, where he can be seen in the room where he and Ye were working while in Italy. Played by Ty on stream December 7th, 2025.",,"Oct 1, 2023","Dec 7, 2025",Snippet,Recording,Link Needed
¥$,"Vultures [V2]
(feat. Bump J) (prod. Juice)","According to JoyBoy, the intro of this song was taken from another finished track, later confirmed to be ""Hopeless"". It's likely that a version without the intro exists. A version without the outro also likely exists, as it was taken from ""Sign Language"". Briefly played by Ty on stream December 7th, 2025.",,,"Dec 7, 2025",Snippet,Recording,Link Needed
¥$,"???
(prod. Mamii & ???)
(Pick Up)","Hook-only song, likely from Saudi VULTURES sessions as Ty mentions the Burj Khalifa in his verse, and it was played alongside other songs from the era. Uses the same Mamii sample as Baby Keem's ""Dramatic Girl"". Possibly made around the same time that ""Rain On Me"" was taken from Mamii. Played by Ty on stream December 7th, 2025.",,,"Dec 7, 2025",Partial,Recording,https://pillows.su/f/1a4cc79d14c0f3a426bb5764af8ada76
VULTURES 1,"Do It [V1]
(feat. YG) (prod. Kanye West, Chrishan, Cubeatz, DTP, LukasBL, Mustard & Wheezy)","Version of the song played briefly by Ty Dolla $ign stream December 7th, 2025. Has new production in the intro, as well as a YG adlib between ""dolla sign"" and ""woah woah"". Possibly one of the versions mentioned in the below entry, however nothing else is known.",,,"Dec 7, 2025",Snippet,Recording,https://pillows.su/f/5662ac7d2e196b288639f9b7d7d4dba3
VULTURES 1,"Still The King [V4]
(prod. Wheezy & Lester Nowhere)
(King)","Played by Ty stream, slightly different drum mix.",,,"Dec 7, 2025",Snippet,Recording,https://pillows.su/f/12249b916f1956cc93287e0f1b2f7f9f
VULTURES 1,"Problematic [V10]
(ref. Ty Dolla $ign) (prod. 88-Keys & Chad Hugo)
(Ceremony Freestyle)","Version with additional production including drums, new Ye vocals based on Rooga's reference track, and punch-ins from Ty over some of Ye's mumble. Played by Ty on stream December 7th, 2025.",,,"Dec 7, 2025",Partial,Recording,https://pillows.su/f/2e680ed3da4a27b1f4d8859f5cb0262f
VULTURES 1,"??? [V2]
(feat. Future & Young Thug) (prod. Wheezy)
(Send Some Shots)","Future and Young Thug song played alongside other VULTURES-era files. Likely shown to Ye and Ty by Wheezy in Saudi; it's unknown if either of them worked on the song. Played by Ty on stream December 7th, 2025.",,,"Dec 7, 2025",Partial,Recording,https://pillows.su/f/03c8f3c87b050e6c84019b3d5c6cb793
VULTURES 1,"???
(prod. GREN808)
(Devotion)","Likely from sessions in Saudi Arabia for the solo album due to the song mentioning Saudi and Abu Dhabi. Played by Ty on stream December 7th, 2025.",,,"Dec 7, 2025",Partial,Recording,https://pillows.su/f/e6cc2ef8c4771f8c7f77944e5c9a143b
VULTURES 1,"???
(Militant)","Sample-based song likely from Saudi sessions, as it is mentioned in Ty's verse. The song was also played alongside other Saudi-era files. Played by Ty on stream December 7th, 2025.",,,"Dec 7, 2025",Partial,Recording,https://pillows.su/f/6a0aa539d98fbf43adffa59002ba2516
VULTURES 1,"???
(Heartbeat)","Rock-style song played by Ty on stream December 7th, 2025. Possibly from VULTURES sessions as it was played alongside other songs from the era.",,,"Dec 7, 2025",Snippet,Recording,https://pillows.su/f/0a181ab0805b2bcab608f7f814f26857
VULTURES 1,"BEG FORGIVENESS [V16]
(prod. JPEGMAFIA & Aver Ray)","Version with only the second half. Played by Ty on stream December 7th, 2025.",,,"Dec 7, 2025",Snippet,Recording,Link Needed
VULTURES 1,"BEG FORGIVENESS [V25]
(feat. Playboi Carti) (prod. JPEGMAFIA & Aver Ray)","Version with Playboi Carti vocals over the beatswitch. Unknown if the first half of the song is attached. Played by Ty on stream December 7th, 2025.",,,"Dec 7, 2025",Snippet,Recording,https://pillows.su/f/5ba9aca9a4afbfd19fa929be7efb2f14
VULTURES 1,"HEAVEN [V4]
(prod. Kanye West, John Cunningham & 88 Keys)
(TICKET TO HEAVEN)","Version with drums from 88-Keys reused from his version of Kanye West's ""Remote Control"". Played by Ty on stream December 7th, 2025. Seen on a whiteboard to-do list for producers posted February 10, 2024.",,,"Dec 7, 2025",Snippet,Recording,https://pillows.su/f/67c9c91aec61c27feaecbdceec1ed2f4
VULTURES 1,"HOODRAT [V15]
(ref. Freddie Gibbs) (prod. Kanye West, 88-Keys & Camper)
(HOOD RAT)","Freddie Gibbs reference track. Played by Ty on stream December 7th, 2025.",,,"Dec 7, 2025",Snippet,Recording,https://pillows.su/f/d7136886808c9beed6358be1ec1b5ed4
VULTURES 1,"🏆 LOVE LOVE LOVE [V10]
(prod. John Cunningham)","Version with two short, finished Ty verses based on Ye's mumble, possibly intended to be a reference for Ye. Ye's ""I mean"" vocals on the beatswitch are cut. Possibly the version seen on the January VULTURES 1 tracklist. Played nearly in full by Ty on stream December 7th, 2025.",,,"Dec 7, 2025",Partial,Recording,https://pillows.su/f/6b6050631a59b4abc086690d98d2d4d1
VULTURES 2,"TRAVELLER [V2]
(prod. James Blake)","Song from the Ye x James Blake album, now with Ty vocals. Interpolates ""Kwaku The Traveller"" by Black Sherif. This version is confirmed to be from VULTURES 2 sessions. Played by Ty on stream December 7th, 2025.",,,"Dec 7, 2025",Partial,Recording,https://pillows.su/f/cccbfcf5a60f2fb01c9ac2e0a1aa8eee
VULTURES 3,"Kanye West - BULLY [V5]
(ref. Ty Dolla $ign) (prod. Kanye West)
(SEROTONIN)","Initial reference track recorded by Ty. Briefly played by Ty on stream December 7th, 2025.",,"Oct 1, 2024","Dec 7, 2025",Snippet,Recording,https://pillows.su/f/d049d2e2821758496ff566bebd1335b1
VULTURES 3,"🤖 Kanye West - BULLY [V6]
(prod. Kanye West)
(SEROTONIN)","First version with AI vocals. Briefly played by Ty on stream December 7th, 2025.",,,"Dec 7, 2025",Snippet,Recording,https://pillows.su/f/839a8e0923f5ce63eb56fdd9e55ba9c2
VULTURES 3,"Kanye West - CAN'T HURRY LOVE [V1]
(ref. Ty Dolla $ign) (prod. Kanye West)
(I CAN'T WAIT)","Briefly played by Ty on stream December 7th, 2025.",,"Oct 1, 2024","Dec 7, 2025",Snippet,Recording,https://pillows.su/f/da3fb9686f860d97459631b579fa628c
VULTURES 3,"Kanye West - HIGHS AND LOWS [V3]
(ref. Ty Dolla $ign) (prod. Kanye West)","Initial reference track recorded by Ty. Briefly played by Ty on stream December 7th, 2025.",,"Oct 1, 2024","Dec 7, 2025",Snippet,Recording,https://pillows.su/f/5f719c3be2bc150ec9da5a53a1b37a34
VULTURES 3,"🏅 Kanye West - LAST BREATH [V1]
(ref. Ty Dolla $ign) (prod. Kanye West)","Original reference track recorded by Ty, with vocals that would be run through AI for following versions of the song. Ty has stated that he loved writing the song and that he wrote the lyrics in English, and Fai helped him translate them to Spanish. Utilizes the original pitch of the sample and lacks the ""Bésame Mama"" sample. The song was recorded sometime in October 2024, after Ye met the wrestler El Hijo de Dr. Wagner Jr. in Japan on September 30th and sampled his theme song, ""LEGADO"" by Nakamura ""Anija"" Takahiro. Briefly played by Ty on stream December 7th, 2025.",,"Oct 1, 2024","Dec 7, 2025",Snippet,Recording,https://pillows.su/f/a261fdf9906c813d37b281383482c172
VULTURES 3,"🤖 Kanye West - LAST BREATH [V2]
(prod. Kanye West)","First version with AI vocals. Briefly played by Ty on stream December 7th, 2025.",,,"Dec 7, 2025",Snippet,Recording,https://pillows.su/f/3fbd1ed028908b9f711274faeb3132df
VULTURES 3,"Kanye West & Playboi Carti - MADE IT [V10]
(ref. Ty Dolla $ign) (prod. Ojivolta)","Initial reference track recorded by Ty. Briefly played by Ty on stream December 7th, 2025.",,"Oct 1, 2024","Dec 7, 2025",Snippet,Recording,https://pillows.su/f/19cdb0993f0c8d8b0aae575b726d5fba
VULTURES 3,"🤖 Kanye West & Playboi Carti - MADE IT [V11]
(prod. Ojivolta)","Version with AI Ye vocals. According to Hogan, this song was considered for Ye and Playboi Carti's collaborative album, CARTI YE. Played by Ty on stream December 7th, 2025.",,,"Dec 7, 2025",Snippet,Recording,https://pillows.su/f/445c002429358dfb59cc48f2662fe494
TYCOON [V1],"???
(feat. ???)
(TIE ME DOWN)","Song with Spanish vocals from Ty and an unknown artist. Played by Ty on stream December 7th, 2025. Era unknown, placed here in TYCOON temporarily.",,,"Dec 7, 2025",Partial,Recording,https://pillows.su/f/97226b2e1beae26895a67146a8d38633
TYCOON [V1],"???
(P-DAY)","Played by Ty on stream December 7th, 2025. Era unknown, placed here in TYCOON temporarily.",,,"Dec 7, 2025",Partial,Recording,https://pillows.su/f/64aa8dfd0fcd697fb694c406ccb2aec8
TYCOON [V1],"???
(LEGACY)","Played by Ty on stream December 7th, 2025. Era unknown, placed here in TYCOON temporarily.",,,"Dec 7, 2025",Partial,Recording,https://pillows.su/f/d062f61a342e2ab909d71075fd40528f
TYCOON [V1],"???
(prod. GREN808)
(MY YEAR)","Played by Ty on stream December 7th, 2025. Era unknown, placed here in TYCOON temporarily.",,,"Dec 7, 2025",Partial,Recording,https://pillows.su/f/d774e4d67021110ddb9c2fa89536c8ab
TYCOON [V1],"???
(READ IT)","Played by Ty on stream December 7th, 2025. Era unknown, placed here in TYCOON temporarily.",,,"Dec 7, 2025",Partial,Recording,https://pillows.su/f/2579c10fc8fd624dca97d2e7cad20e9f
TYCOON [V1],"???
(feat. ???)
(HOLY WATER)","Played by Ty on stream December 7th, 2025. Has backing vocals from an unknown artist and an open verse. Era unknown, placed here in TYCOON temporarily.",,,"Dec 7, 2025",Partial,Recording,https://pillows.su/f/9f07f0cc0fa874810ef973145f15bbc6
TYCOON [V1],"???
(prod. damn james!)
(JUMPIN' OFF THE DRESSER)","Played by Ty on stream December 7th, 2025. Era unknown, placed here in TYCOON temporarily. Ty says ""we getting cucky"" on this song.",,,"Dec 7, 2025",Partial,Recording,https://pillows.su/f/68d7913a460e84e4027534de75d1dc31
TYCOON [V1],"???
(ON IT)","Played by Ty on stream December 7th, 2025. Era unknown, placed here in TYCOON temporarily.",,,"Dec 7, 2025",Partial,Recording,https://pillows.su/f/0ca0255b3fa8d95b867b9624edfc98e5
TYCOON [V1],"???
(ON IT)","Played by Ty on stream December 7th, 2025. Era unknown, placed here in TYCOON temporarily.",,,"Dec 7, 2025",Partial,Recording,https://pillows.su/f/e05152c83bb99fb5fe0265a3369c55dc
TYCOON [V1],"???
(ALL CAPS)","Played by Ty on stream December 7th, 2025. Era unknown, placed here in TYCOON temporarily.",,,"Dec 7, 2025",Partial,Recording,https://pillows.su/f/a516ef01705c7855fb67e4452864d06f
TYCOON [V1],"???
(FUCK THAT)","Played by Ty on stream December 7th, 2025. Era unknown, placed here in TYCOON temporarily.",,,"Dec 7, 2025",Partial,Recording,https://pillows.su/f/33bec668ae0b3102243dfc419f8f4b8a
TYCOON [V1],"???
(feat. ???)
(RIGHT ONE)","Played by Ty on stream December 7th, 2025. Era unknown, placed here in TYCOON temporarily.",,,"Dec 7, 2025",Partial,Recording,https://pillows.su/f/6018762d3a8b543d4d13ba6168604707
TYCOON [V1],"???
(BEST SIDE)","Played by Ty on stream December 7th, 2025. Era unknown, placed here in TYCOON temporarily.",,,"Dec 7, 2025",Partial,Recording,https://pillows.su/f/3776d00f4e618138abe17ceb68a9aa35
TYCOON [V1],"???
(LAST NIGHT)","Played by Ty on stream December 7th, 2025. Era unknown, possibly from 2023.",,,"Dec 7, 2025",Partial,Recording,https://pillows.su/f/8f62d0e931a0f5f602fa371cfef6093e
TYCOON [V1],"???
(SEX ADDICTION)","Played by Ty on stream December 7th, 2025. Era unknown, placed here in TYCOON temporarily.",,,"Dec 7, 2025",Partial,Recording,https://pillows.su/f/bfc567b11ed475eb90e7f5660b1860f8
TYCOON [V1],"???
(TOO LOUD)","Played by Ty on stream December 7th, 2025. Era unknown, placed here in TYCOON temporarily. Has an unidentified producer tag. Samples ""Show Me Love"" by Robin S.",,,"Dec 7, 2025",Partial,Recording,https://pillows.su/f/e332bc38a85ffadb437f24b386070358
TYCOON [V1],"???
(feat. ???)
(NO NO)","Played by Ty on stream December 7th, 2025. Has an unknown feature. Era unknown, placed here in TYCOON temporarily.",,,"Dec 7, 2025",Snippet,Recording,https://pillows.su/f/7b0a270be4fbca5214390bf5b63c4d44
TYCOON [V1],"???
(GOOD THING)","Played by Ty on stream December 7th, 2025. Era unknown, placed here in TYCOON temporarily.",,,"Dec 7, 2025",Snippet,Recording,https://pillows.su/f/859ebde9a011c16088f07a8e197e3994
TYCOON [V1],"???
(CHECK YOUR TONE)","Played by Ty on stream December 7th, 2025. Era unknown, placed here in TYCOON temporarily.",,,"Dec 7, 2025",Snippet,Recording,https://pillows.su/f/8b0f26105779a68c0194165327633796
TYCOON [V1],"???
(FOR THE LOVE)","Played by Ty on stream December 7th, 2025. Era unknown, placed here in TYCOON temporarily.",,,"Dec 7, 2025",Snippet,Recording,https://pillows.su/f/ba793bfc9f697659b3e4609f9029f5fb
TYCOON [V1],"???
(GANG)","Played by Ty on stream December 7th, 2025. Era unknown, placed here in TYCOON temporarily.",,,"Dec 7, 2025",Snippet,Recording,https://pillows.su/f/d6768524e4b16cfb7a438de55be8776d
TYCOON [V1],"???
(ON MINE)","Played by Ty on stream December 7th, 2025. Era unknown, placed here in TYCOON temporarily.",,,"Dec 7, 2025",Snippet,Recording,https://pillows.su/f/daecdca52b195d63ff930e70c972f63d
TYCOON [V1],"???
(feat. D. Savage) (prod. Wheezy)","Song that uses the same instrumental as ""Premium Gas"". D. Savage is likely featured on the song, based on the lyrics ""it's Dolla and Wheezy and Savage"", although he is not heard in the snippet. First played by Ty on stream October 4th, 2025.",,,"Dec 7, 2025",Partial,Recording,https://pillows.su/f/47c3ab59f10124569a63bdf06ff17b38
TYCOON [V2],"FADED
(prod. Ty Dolla $ign)","Song seen on a tracklist on stream October 14th, 2025. Snippet leaked December 7th, 2025. Played in nearly full by Ty on stream December 7th, 2025.",,,"Dec 7, 2025",Partial,Recording,"https://pillows.su/f/436ce052ba781b26fd956655fabcba03
https://pillows.su/f/3b0d58e38a8be8fad89f4d6940ffc163"
TYCOON [V2],I'M LIKE,"Song seen on a tracklist on stream October 14th, 2025. Snippet leaked December 7th, 2025. Played in nearly full by Ty on stream December 7th, 2025.",~2:00,,"Dec 7, 2025",Partial,Recording,"https://pillows.su/f/d86aa897b4028e512db9281ea371df22
https://pillows.su/f/87518ea9b716ba5e5b7319e22ae735da"
TYCOON [V2],"🏆 SOBER (INTERLUDE)
(feat. Thundercat) (prod. Thundercat)","Seen on a TYCOON tracklist. Interlude with Thundercat vocals and production. Played by Ty on stream December 7th, 2025.",3:46,,"Dec 7, 2025",Full,Recording,https://pillows.su/f/32b2916e3a21b1dbec21c7d6f87e39eb
TYCOON [V2],"??? [V1]
(prod. ???)
(LIFE IS HARD)","Earlier version with less developed production. First played by Ty on stream November 17th, 2025. Played by Ty on stream December 7th, 2025.",,,"Dec 7, 2025",Partial,Recording,https://pillows.su/f/0d2705cc7b9bc79be200ffa1be81c10b
Beach House 4 [V1],"???
(with Joe Moses) (prod. J.R.)","Song with Joe Moses. No Ty vocals can be heard in the snippet. Played by Ty on stream December 6th, 2025.",,,"Dec 6, 2025",Snippet,Recording,https://pillows.su/f/b3f592567065251090e4054c7c9072ec
Dance EP,"🏆 Garden
(prod. Zach Frenes, Wax Motif, Nic Nac & Count Bassy)","Cover of ""Garden"" by Zach Frenes with alternate production, later sampled for ""Back To Me"". The original song was initially thought to be the sample, but Ty later confirmed multiple times that his cover was the version that had been sampled in the song. This was described by Ty to be an ""EDM Skrillex-type"" song that he played to Ye in Japan, where Ye slowed it down and sampled it in the ASR-10. Wax Motif would also confirm in an interview that the song was originally intended for Ty's dance project. Played by Ty on stream December 6, 2025.",,,"Dec 6, 2025",Partial,Recording,"https://pillows.su/f/30b22699010c1d8ee73711b308e7acc1
https://pillows.su/f/541efed0b25da89f867bd361b17cd0b7"
Dance EP,"???
(prod. Wax Motif)","Played by Ty on stream December 6, 2025.",,,"Dec 6, 2025",Partial,Recording,https://pillows.su/f/b510987c3a9148df89c04139117ed860
¥$,"Hopeless [V1]
(prod. Ojivolta)","Mumble Ye freestyle from a freestyle session on September 24th, 2023. This song would later become the intro on ""Vultures"". Played by Joyboy on stream November 12th, 2024. Snippet leaked December 6th, 2025.",,"Sep 24, 2023","Dec 6, 2025",Snippet,High Quality,"https://pillows.su/f/2ae0e5367a374e859735056e577c949e
https://pillows.su/f/b3101937788640adbcf553123f3549b9"
Dream House,"Friends Say [V1]
(feat. Jeremih) (prod. FULLMATIC & Bizzy Crook)","Version with additional adlibs from Ty on the intro. Played by Ty on stream December 5th, 2025.",,,"Dec 5, 2025",Snippet,Recording,https://pillows.su/f/78b06f93395f8292bacb3669c9b14aef
Dream House,"Purple Emoji [V3]
(feat. J. Cole) (prod. MXXWLL)","According to Ty, J. Cole recorded his verse within about 15 minutes of being played the song. This version is uncensored. Briefly played by Ty on stream December 5th, 2025.",,"Sep 29, 2018","Dec 5, 2025",Snippet,Recording,
Dream House,"serpentwithfeet Interlude
(feat. serpentwithfeet) (prod. Ty Dolla $ign)","Briefly played by Ty on stream December 5th, 2025.",,,"Dec 5, 2025",Snippet,Recording,https://pillows.su/f/5ba6cc4ec3fdfa9865cc2040fe14fea0
Dream House,"??? / Time Will Tell
(prod. Charlie Handsome, Wheezy, D'Mile, Thundercat & ???)","Song over an acoustic guitar that has a beatswitch into ""Time Will Tell"". Played by Ty on stream December 5th, 2025.",,,"Dec 5, 2025",Partial,Recording,https://pillows.su/f/0254698df64a239c06a3a9f3cca8290c
Dream House,"Tyrone 2021 [V1]
(prod. Ty Dolla $ign & Murda Beatz)","Played by Ty on stream December 5th, 2025.",,,"Dec 5, 2025",Partial,Recording,https://pillows.su/f/e30e454420c4d924f856cb83e10e0b19
Dream House,"Universe [V1]
(feat. Kehlani) (prod. d.a. got that dope)","Briefly played by Ty on stream December 5th, 2025.",,,"Dec 5, 2025",Snippet,Recording,https://pillows.su/f/ad1abb854aafd593cf37fde5fdc3721d
Dream House,???,"Briefly played by Ty on stream December 5th, 2025.",,,"Dec 5, 2025",Snippet,Recording,https://pillows.su/f/fbf7b87a02f8cb324aa288a342cd45b8
Dream House,"???
(feat. ???) (prod. Wheezy)","Played by Ty on stream December 5th, 2025.",,,"Dec 5, 2025",Snippet,Recording,https://pillows.su/f/46357f3ef875db342be87f30083f24e2
Dream House,"???
(feat. ???)","Briefly played by Ty on stream December 5th, 2025.",,,"Dec 5, 2025",Snippet,Recording,https://pillows.su/f/2688a229532c67c74a91161c0af1f7c4
Dream House,???,"Briefly played by Ty on stream December 5th, 2025.",,,"Dec 5, 2025",Snippet,Recording,https://pillows.su/f/ff99343363137156de67d908943f32e2
Dream House,???,"Briefly played by Ty on stream December 5th, 2025.",,,"Dec 5, 2025",Snippet,Recording,https://pillows.su/f/56918b4c13333d0f647897e77ee3bc6a
Dream House,"???
(feat. Jeremih) (prod. BONGO ByTheWay & Tay Keith)
(Playas Cry Too)","Two-part song from 2019, featuring vocals from Jeremih and production from BONGO ByTheWay on the first half, followed by a beatswitch into a section with Ty's verse, produced by Tay Keith. Likely recorded around the same time as ""Friends Say"", as the two songs were played on stream alongside each other. Samples ""The Closer I Get To You"" by Roberta Flack and Donny Hathaway. Played by Ty on stream December 5th, 2025.",,,"Dec 5, 2025",Partial,Recording,https://pillows.su/f/d74af20dd2ca1b3672c77483a0ef5069
Dream House,???,"Briefly played by Ty on stream December 5th, 2025.",,,"Dec 5, 2025",Snippet,Recording,https://pillows.su/f/0d3023fd371b66a3e3dcb0fa862e1ef7
Dream House,???,"Briefly played by Ty on stream December 5th, 2025.",,,"Dec 5, 2025",Snippet,Recording,https://pillows.su/f/e79b66db163f0074591c46e8fd3d45f5
Dream House,???,"Briefly played by Ty on stream December 5th, 2025.",,,"Dec 5, 2025",Snippet,Recording,https://pillows.su/f/47686276f176e74be54f421b9ebed8e1
Dream House,???,"Briefly played by Ty on stream December 5th, 2025.",,,"Dec 5, 2025",Snippet,Recording,https://pillows.su/f/3c6898f254a3ecc9c0c8f4b16b6138c1
Dream House,???,"Briefly played by Ty on stream December 5th, 2025.",,,"Dec 5, 2025",Snippet,Recording,https://pillows.su/f/badcd3766b3f829a787d5f9682335c10
Dream House,???,"Briefly played by Ty on stream December 5th, 2025.",,,"Dec 5, 2025",Snippet,Recording,https://pillows.su/f/caa4643a89dfcb7df8610ad7ad5eb150
Dream House,???,"Played by Ty on stream December 5th, 2025.",,,"Dec 5, 2025",Partial,Recording,https://pillows.su/f/b31349acd12252d8ffa1a762c82f54be
Dream House,"???
(feat. Ne-Yo) (prod. Supah Mario)","Played by Ty on stream December 5th, 2025.",,,"Dec 5, 2025",Partial,Recording,https://pillows.su/f/035bfa1629df5a509ad8f7df7d462328
Dream House,"🏆 ???
(feat. Brandy & ???) (prod. Camper)
(Mercy Mercy Me)","Finished song from 2019 featuring additional vocals from multiple artists, including Brandy, over an organ-based instrumental likely produced by Camper. Played by Ty on stream December 5th, 2025.",3:18,,"Dec 5, 2025",Full,Recording,https://pillows.su/f/f1bb8a405bccb0ddd2e02d03a9259d87
Dream House,???,"Briefly played by Ty on stream December 5th, 2025.",,,"Dec 5, 2025",Snippet,Recording,https://pillows.su/f/e6ecb196822ab7b0bdbf0e83027b96fa
Dream House,???,"Briefly played by Ty on stream December 5th, 2025.",,,"Dec 5, 2025",Snippet,Recording,https://pillows.su/f/edfe2ca07a4a2706e321ef46007c1e7b
Dream House,???,"Played by Ty on stream December 5th, 2025.",,,"Dec 5, 2025",Partial,Recording,https://pillows.su/f/f73d0f91b8823418aa007487b22dbfe6
Dream House,???,"Briefly played by Ty on stream December 5th, 2025.",,,"Dec 5, 2025",Snippet,Recording,https://pillows.su/f/da9f217f2b9844a810df521b6622714e
Dream House,???,"Briefly played by Ty on stream December 5th, 2025.",,,"Dec 5, 2025",Snippet,Recording,https://pillows.su/f/9497d51abf955e553bafbef676bf19a1
Dream House,"???
(feat. H.R. & Kid Cudi) (prod. H.R.)
(Had A Dream)","Reggae song featuring vocals from H.R. and Kid Cudi. Played by Ty on stream December 5th, 2025.",,,"Dec 5, 2025",Snippet,Recording,"https://pillows.su/f/abf327b3fc7e92e926e64612d9018ed6
https://pillows.su/f/062aa5b9dd734bd9382356a02ec12b8d
https://pillows.su/f/383e00cc68dfabc6356fb5732e82b91f"
Dream House,"Tap In [V4]
(feat. Tyga) (prod. d.a. got that dope)","Version with different background vocals on the hook. Played by Ty on stream December 5th, 2025.",,,"Dec 5, 2025",Partial,Recording,https://pillows.su/f/10c0a0705b0165e7b7b8fdbfad0facf5
Skrillex Collaboration,"???
(prod. Skrillex)","Briefly played by Ty on stream December 5th, 2025.",,,"Dec 5, 2025",Snippet,Recording,https://pillows.su/f/02d80e313c2a6e83d087dd4c2a134e4c
VULTURES 2,"FUK SUMN (Remix) [V8]
(feat. Playboi Carti, Travis Scott, Quavo, Ant Clemons & Juicy J) (prod. ¥$, JPEGMAFIA, Timbaland, 88-Keys, Chrishan, SHDØW, AyoAA, Hubi, BBYKOBE, Che Pope & The Legendary Traxster)
(FUK SUMN PT. 2)","Version with Juicy J's verse on the intro, replacing the Koopsta Knicca sample. Played by Ty on stream December 5th, 2025.",,,"Dec 5, 2025",Partial,Recording,https://pillows.su/f/1066da8e5cb500beda5dae4943f2da4d
VULTURES 2,"???
(ref. Young Moose)
(BACKEND)","Song with Ty Dolla $ign and Young Moose vocals. Most likely recorded during sessions for VULTURES 2. It is unknown whether Moose's vocals were intended as a feature or reference. Played by Ty on stream December 5th, 2025.",,,"Dec 5, 2025",Partial,Recording,https://pillows.su/f/2527e1b5b49546d6375d6fc444c2efa5
¥$,"Time [V14]
(feat. AyoAA) (prod. Nathan Butts, Azul Wynter & AyoAA)
(Time Moving Slow, Time Movin' Slow, Time Moves Slow)","Version with adlibs and outro vocals from AyoAA. Snippets posted by AyoAA on December 4, 2025.",,,"Dec 4, 2025",Snippet,CD Quality,"https://pillows.su/f/0b211c9bd47bd78341804d69ce8c30d2
https://pillows.su/f/cb877596bfa0af461ced68b4aa09c463"
Dream House,"2 My Self [V1]
(prod. damn james! & Ty Dolla $ign)
(2 Myself)","OG Filename: 2 my self (x.ben.jr)_5.open.verss.125.bpm.2
Original version of the song from 2019 with entirely different trap production that would later be reworked by FNZ and Leon Thomas in Italy. Samples a clip of Donald Trump. Filename seen on damn james!'s laptop in the folder path ""ye italy/leon/Ty $ songs to revamp"". Played by damn james! on stream December 2, 2025.",2:49,"Nov 23, 2019","Dec 2, 2025",Full,Recording,https://pillows.su/f/cb06b7067af42e931998984b6a61c0d9
¥$,"Lights On [V2]
(prod. Lester Nowhere)","OG Filename: 42 lights on_01
Solo Ye freestyle with heavy mumble. Samples ""Till Then"" by Dean Martin. Filename seen in damn james!'s ""Florence Files"" folder. Played by damn james! on stream December 2, 2025.",3:05,"Aug 31, 2023","Dec 2, 2025",Full,Recording,https://pillows.su/f/d4bd57183e2ec3ca7f14ffcb00db9e89
¥$,"Lost Souls [V2]
(prod. damn james! & Leon Thomas)","OG Filename: lost souls. ty$ ye version
Solo Ty song with an open verse intended for Ye. Filename seen on damn james!'s laptop. First played by damn james! on stream November 21st, 2025.",1:30,"Sep 5, 2023","Dec 2, 2025",Full,Recording,https://pillows.su/f/01638ed09c4bacc670e4f70890dd9e89
¥$,"Love Me The Most [V4]
(prod. Lester Nowhere)","OG Filename: 23 love me the most_02
Drumless version with some extra vocals from Ye and Ty. Filename seen in damn james!'s ""Florence Files"" folder. Played by damn james! on stream December 2, 2025.",2:16,"Aug 30, 2023","Dec 2, 2025",Full,Recording,https://pillows.su/f/56e7d012f9f1264348a068c42b6efe10
¥$,"🤖 P&Q [V8]
(feat. ???) (prod. damn james! & Leon Thomas)
(Peace And Quiet)","OG Filename: P&Q jr LT. 5 (ye A.I.)
Version with AI Ye vocals and a small amount of vocals from an unknown artist. Filename seen on damn james!'s laptop. Played in full by damn james! on stream December 2, 2025.",2:40,"Sep 11, 2023","Dec 2, 2025",Full,Recording,https://pillows.su/f/47b392e14099681884b60d331438b926
¥$,"The Cross
(prod. The Legendary Traxster)","OG Filename: 14 The Cross_01
Solo Ye freestyle. Has an open verse. Samples ""He Died"" by Chubby Checker. Filename seen in damn james!'s ""Florence Files"" folder. First played by damn james! on stream November 21st, 2025.",8:30,"Oct 20, 2023","Dec 2, 2025",Full,Recording,https://pillows.su/f/87fae58ba4c17948412ea2a0b60290f7
TYCOON [V1],"damn james! - Fame [V1]
(prod. Gabe Shaddow & damn james!)","OG FIlename: fame brody james
Original beat. Samples ""15 Minutes Of Fame"" by Sheep On Drugs. Filename shown by damn james!. Played by damn james! on stream December 7th, 2025.",2:13,,"Dec 2, 2025",Partial,Recording,https://pillows.su/f/21c632f945ef8110154e571f26ba737b
AIRPLANE MODE 2 [V2],"JUDGE ME [V3]
(prod. damn james!)","OG Filename: ty.stu.james.12(judge m...
Played by damn james! on stream December 2, 2025.",2:42,,"Dec 2, 2025",Full,Recording,https://pillows.su/f/7c4d7fd6f3e40bef502ef92a01f48454
¥$,Medium Hard,"Mumble Ye freestyle from a freestyle session on September 24th, 2023. Snippet posted by Joyboy to Instagram on August 2nd, 2024, before being quickly deleted. Played by Ty on stream October 17th, 2025. Snippet leaked December 1st, 2025.",,"Sep 24, 2023","Dec 1, 2025",Snippet,CD Quality,"https://pillows.su/f/2ca082a319d8297cab5be473ad72c71f
https://pillows.su/f/b1b07af56c07a18406762274dc39c10f
https://pillows.su/f/2f4d0d11c86b8a2da5cb73db3b969948"
Beach House 4 [V1],"Kanye West & James Blake - Bobby Digital [V3]
(prod. James Blake)","Leaked November 29, 2025.",3:30,,"Nov 29, 2025",Full,CD Quality,https://pillows.su/f/dca2190b153e0ce76ee8f39260369720
¥$,"Bobby Digital [V6]
(feat. James Blake) (prod. James Blake & Ty Dolla $ign)","OG Filename: 10 Bobby digital_01
Version with an additional adlib during the first verse and stronger bass on the second half of the song, likely played by Ty. Filename seen in damn james!'s ""Florence Files"" folder. First played by Ty on stream September 2nd, 2025. Played by damn james! on stream November 29th, 2025.",3:25,"Aug 30, 2023","Nov 29, 2025",Full,Recording,https://pillows.su/f/6c9a6e94b50c6fb536c1e5fa0ea53914
¥$,"Love Love Love [V6]
(prod. ¥$ & John Cunningham)","OG Filename: 09 Love Love Love_01
Similar to the YEBU version of the song, but with stronger bass likely played by Ty, and a beat cut at the beginning of the beatswitch. Filename seen in damn james!'s ""Florence Files"" folder. Played by damn james! on stream November 29th, 2025.",4:11,"Aug 30, 2023","Nov 29, 2025",Full,Recording,https://pillows.su/f/0c158e29140c3a9d55ab39fe5ba42b30
PURPLE MOON,"EVEN THO [V1]
(prod. damn james! & Ty Dolla $ign)","OG Filename: even tho(idea)
Less developed version of the beat. Played by damn james! on stream November 29th, 2025. Samples ""Ébène Fumé"" by Mareux and Riki. Filename shown by damn james!.",,"Jun 23, 2025","Nov 29, 2025",Partial,Recording,https://pillows.su/f/ab49bc1ee4ac78484691fd0e1f7bd06a
PURPLE MOON,"EVEN THO [V2]
(prod. damn james! & Ty Dolla $ign)","OG Filename: even tho_3
Beat played by damn james! on stream November 29th, 2025. Filename shown by damn james!.",2:37,,"Nov 29, 2025",Partial,Recording,https://pillows.su/f/844c8bc2a09f3a54bfe452fabe1a8a8d
PURPLE MOON,"damn james! - ??? [V1]
(prod. damn james!)
(WE SHOULD HANG)","Original beat. Played by damn james! on stream November 29th, 2025.",,,"Nov 29, 2025",Partial,Recording,https://pillows.su/f/e28cee9d76bb273c3bfca72c85418da2
PURPLE MOON,"???
(prod. damn james! & Ty Dolla $ign)","Beat played by damn james! on stream November 29th, 2025.",,,"Nov 29, 2025",Snippet,Recording,https://pillows.su/f/5c6721b55410b99da0d32264c8813a22
PURPLE MOON,"???
(prod. damn james! & Ty Dolla $ign)","Beat played by damn james! on stream November 29th, 2025.",,,"Nov 29, 2025",Snippet,Recording,https://pillows.su/f/c37e8514fa9027d7d10c2d9a6a36f9f7
PURPLE MOON,"???
(prod. damn james! & Ty Dolla $ign)
(Make Me Rich)","Original instrumental to ""Make Me Rich"" by RJmrLA. Played by damn james! on stream November 29th, 2025.",,,"Nov 29, 2025",Snippet,Recording,https://pillows.su/f/4fa454e5b5c86cabc847b981d465ff67
¥$,"Bobby Digital [V7]
(ref. Sasha Hashemi) (feat. James Blake) (prod. James Blake & Ty Dolla $ign)","OG Filename: 10 Bobby digital_02 Sasha
Sasha Hashemi reference track. Filename seen in damn james!'s ""Florence Files"" folder. Played by damn james! on stream November 28, 2025.",3:28,"Aug 30, 2023","Nov 28, 2025",Full,Recording,https://pillows.su/f/a11d282518d7566cffc85cd4819c39d5
AIRPLANE MODE 2 [V2],"2 MY SELF [V5]
(prod. damn james!, Leon Thomas & FNZ)
(2 MYSELF)","OG Filename: 2 my self (x.ben.jr)_5.instrumen...
Lacks the open verse. Played by damn james! on stream November 27, 2025.",1:47,,"Nov 27, 2025",Full,Recording,https://pillows.su/f/47851eb3877a66790315ad3d4a361ba1
AIRPLANE MODE 2 [V2],"BODY LANGUAGE (I CAN TELL) [V5]
(feat. Lefty Gunplay) (prod. damn james! & Di$)","OG Filename: ty.stu.james.4.20(body language) (i can...
 Version with vocals from Lefty Gunplay on the outro replacing Popcaan. Played by damn james! on stream November 27, 2025.",2:11,,"Nov 27, 2025",Full,Recording,https://pillows.su/f/597a050852a50e94053757712673aa30
AIRPLANE MODE 2 [V2],"CODEINE ADDICTION [V4]
(prod. damn james!)","OG Filename: ty.stu.james.8(codiene addiction) 8.7
Played by damn james! on stream November 27, 2025.",2:12,,"Nov 27, 2025",Full,Recording,https://pillows.su/f/05b1174eb3ec0cb6c0edc2d0d8469258
AIRPLANE MODE 2 [V2],"DESIGNER DRUGS [V5]
(prod. damn james!)","OG Filename: ty.stu.james.6.12 (designer drugs)_1
Played by damn james! on stream November 27, 2025. Has an extended verse and lacks the open verse.",2:36,,"Nov 27, 2025",Full,Recording,https://pillows.su/f/e90d04cb3103fa938c4b46b6adb10191
AIRPLANE MODE 2 [V2],"FUCK AROUND & FIND OUT [V4]
(prod. damn james! & Di$)
(FIND OUT)","OG Filename: ty.stu.james.1 (fuck around & find out)_9-(...
Played by damn james! on stream November 27, 2025.",2:20,,"Nov 27, 2025",Full,Recording,https://pillows.su/f/7425041d28140047a81ac885ff1c78c0
AIRPLANE MODE 2 [V2],"ICEE [V6]
(feat. Popcaan) (prod. damn james! & Dreamz)","OG Filename: ty.stu.james.2 (icee).2_10-01
Played by damn james! on stream November 27, 2025.",2:04,,"Nov 27, 2025",Full,Recording,https://pillows.su/f/b8510b55f0d0fefa8c6323cc7c390fa4
AIRPLANE MODE 2 [V2],"LICK BACK [V4]
(prod. damn james!)","OG Filename: ty.stu.james.3 (lick back).3.22...
Played by damn james! on stream November 27, 2025.",1:39,,"Nov 27, 2025",Full,Recording,https://pillows.su/f/b960883e655a36c97f5de8621402e18f
AIRPLANE MODE 2 [V2],"NONE LIKE U [V6]
(prod. damn james!)","OG Filename: ty.stu.james.7.3(none li...
Played by damn james! on stream November 27, 2025. Has the re-recorded line ""all of these girls"" on the hook, and the open verse has been cut.",1:21,,"Nov 27, 2025",Full,Recording,https://pillows.su/f/52126c6ed0d06d245461535ca55cbf23
AIRPLANE MODE 2 [V2],"POP MY SHIT [V4]
(prod. damn james!)","OG Filename: ty.stu.james.(pop my shit)...
Played by damn james! on stream November 27, 2025.",1:33,,"Nov 27, 2025",Full,Recording,https://pillows.su/f/162180a57420996272d845363c48ba26
AIRPLANE MODE 2 [V2],"PURPLE IN MY PUNCH [V8]
(feat. Chris King) (prod. damn james! & Di$)
(PURPLE PUNCH)","OG Filename: ty.stu.james.5 (purple in my punch) 5...
Played by damn james! on stream November 27, 2025.",2:05,,"Nov 27, 2025",Full,Recording,https://pillows.su/f/99b9721ad5340f7abecc4e53ab248709
AIRPLANE MODE 2 [V2],"SHE'S BACK OUTSIDE [V39]
(feat. Ant Clemons) (prod. damn james! & MixedByTheBest)
(BACK OUTSIDE, WE BACK OUTSIDE, APEROL SPRITZ)","OG Filename: ty.stu.james.11(shes b...
Played by damn james! on stream November 27, 2025.",2:31,,"Nov 27, 2025",Full,Recording,https://pillows.su/f/4f1e7f637a1614dcbd2df242dfbc9a22
AIRPLANE MODE 2 [V2],"SIDETRACKED [V6]
(prod. damn james!)
(SIDE TRACKED)","OG Filename: ty.stu.james.10(sidetracked).10.13 (melo...
Played by damn james! on stream November 27, 2025.",2:14,,"Nov 27, 2025",Full,Recording,https://pillows.su/f/8e56378a868227dbd447d87671f7ee39
Dream House,"✨ Down Bad
(feat. Ne-Yo)","OG Filename: TY_NEO_DOWN_BAD_112717_AB_REFV1_02
Song from 2017 with Ne-Yo. Has an open verse. Snippet leaked August 30, 2025.",3:47,"Nov 27, 2017","Nov 26, 2025",Full,High Quality,https://pillows.su/f/37289411457be33e04349804f0315688
¥$,"Easy Come Easy Go [V2]
(prod. Ojivolta, AyoAA & Shaun Enzo)
(Easy Come And Easy Go, Lost And Found)","OG Filename: easy come easy go...
Version with alternate production from Shaun Enzo and AyoAA, along with a more finished Ye vocal take. Played by Ty on stream October 18, 2025. Played by Shaun Enzo on stream November 26, 2025.",,,"Nov 26, 2025",Snippet,Recording,"https://pillows.su/f/a9d38e508d29f2a721490779df60db33
https://pillows.su/f/6291dcdfc82eada6c3ea23431659fc40
https://pillows.su/f/ddc43297f4950d63683bc196129f7f9c
https://pillows.su/f/7c5e4bab48372ab75103e4aa7c12938c"
¥$,"Gothic [V2]
(ref. Pe$o) (prod. damn james!, Quentin Miller & Ponzoo)","OG Filename: gothic.vocal.(pe$o)
Filename shown by damn james!. Played by damn james! on stream November 26, 2025.",2:10,"Sep 5, 2023","Nov 26, 2025",Partial,Recording,Link Needed
Beach House 4 [V2],"Dangerous [V5]
(feat. Kanye West) (prod. The Legendary Traxster)
(Burn)","Initial Ye freestyle for the song recorded in Japan. According to Ty, this was the first song made for the ¥$ project. Snippet leaked November 25, 2025.",,,"Nov 25, 2025",Snippet,High Quality,https://pillows.su/f/78698d3387a540522e382df75d325827
¥$,"Aperol Spritz [V7]
(feat. Ant Clemons) (prod. damn james!, MixedByTheBest & AyoAA)
(She's Back Outside, Back Outside, We Back Outside)","OG Filename: Aperol Spritz 9.24
Version with additional production from AyoAA, reusing snare rolls from his version of ""Louie Bags"". Filename shown by AyoAA. Played by AyoAA on stream November 25, 2025.",,"Sep 24, 2023","Nov 25, 2025",Partial,Recording,https://pillows.su/f/6fb4f5ece1a3be6cd90d9c9d661356f1
TYCOON [V2],"SHOW ME LOVE [V3]
(feat. Tory Lanez) (prod. damn james!)","Version with entirely reworked production from damn james!. Played by damn james! on stream November 25th, 2025.",,,"Nov 25, 2025",Partial,Recording,https://pillows.su/f/d7d928e7273396718b1362a634153aae
TYCOON [V1],"Just Say That
(prod. FBG Goat)","Song over an electric guitar, likely played by FBG Goat, who posted an image in the studio with Ty to Instagram on December 5th, 2024, captioned ""Just Say That 💰 @tydollasign"". Vocals would be reused for Wax Motif's track ""Bad & U Know It"". Played by Ty on stream November 24th, 2025.",,"Dec 5, 2024","Nov 24, 2025",Snippet,Recording,https://pillows.su/f/860233e2822c0bade93b619f3094744e
TYCOON [V1],"???
(prod. DY Krazy & Tarentino)","First played by Ty on stream September 2nd, 2025. Era unknown, placed here in TYCOON temporarily.",,,"Nov 24, 2025",Snippet,Recording,https://pillows.su/f/744c79a752189ee2bfcd847069a5710f
TYCOON [V1],"🏆 ???
(prod. Camper & Ty Dolla $ign)
(Going Nowhere)","Finished song featuring piano-based production, likely from Camper, along with electric guitar on the outro played by Ty. The song was likely created around the same time as ""Good To Me"". First played by Ty on stream September 2nd, 2025.",3:00,,"Nov 24, 2025",Full,Recording,https://pillows.su/f/08ac477c060342c5aa248f051172184c
TYCOON [V1],"3 Billion [V1]
(prod. Cobalii)","Version with minimal production consisting of only the sample loop, which was likely produced by Cobalii, as well as an extended first verse that would be cut down for later versions and an alternate structure on the hook. First played by Ty on stream September 2nd, 2025.",,,"Nov 24, 2025",Partial,Recording,https://pillows.su/f/25b0f1104126f59aa5e2ec7892bd9488
PURPLE MOON,"BLITZ
(prod. damn james!)","OG Filename: Blitz 8.7.25 ( jr rough mix 1)
Song with low-pitched vocals, part of the damn james! PURPLE MOON copy.  Has an open verse. First played by Ty on stream September 2nd, 2025. Played by damn james! on stream November 24th, 2025.",2:16,"Aug 7, 2025","Nov 24, 2025",Full,Recording,https://pillows.su/f/170657c6a12ad3c1859fc027a7962a82
PURPLE MOON,"LOUNGIN BEAT [V1]
(prod. damn james! & Ty Dolla $ign)
(GET RICH, PURP23)","OG Filename: loungin beat-20
Original beat. Filename shown by damn james!. Played by damn james! on stream November 24th, 2025.",,,"Nov 24, 2025",Partial,Recording,https://pillows.su/f/463dac5ad6a21ca209bfc7d6855ef2b0
PURPLE MOON,"GET RICH [V5]
(feat. Kevin Gates) (prod. damn james! & Ty Dolla $ign)","OG Filename: get rich - purp23 8.5.25
Original version of the song with alternate production, part of the damn james! PURPLE MOON copy. First played by Ty on stream September 2nd, 2025. Played by damn james! on stream November 24th, 2025.",1:49,"Aug 5, 2025","Nov 24, 2025",Full,Recording,https://pillows.su/f/144f2cbf300dd8b9a4b2c7b801826051
PURPLE MOON,"HOW THAT WORK [V2]
(prod. damn james!)","OG Filename: How That work - 7.24.25
Song with low-pitched vocals, part of the damn james! PURPLE MOON copy. Has an open verse. First played by Ty on stream September 2nd, 2025. Played in full by damn james! on stream November 24th, 2025.",2:44,"Jul 24, 2025","Nov 24, 2025",Full,Recording,https://pillows.su/f/12686e87364fe281c9cf7947b4638562
PURPLE MOON,"LOSERS [V2]
(prod. damn james! & Ty Dolla $ign)","OG Filename: Losers 7.24.25 -
Song with low-pitched vocals, part of the damn james! PURPLE MOON copy. Samples a scene from the movie Little Miss Sunshine. First played by Ty on stream September 2nd, 2025. Played in full by damn james! on stream November 24th, 2025.",3:13,"Jul 24, 2025","Nov 24, 2025",Full,Recording,https://pillows.su/f/9b17615785d7187d793f29cf8cdc3405
PURPLE MOON,"MILES [V2]
(prod. damn james!)","OG Filename: Miles - 7.24.25
Song with low-pitched vocals, part of the damn james! PURPLE MOON copy. First played by Ty on stream September 2nd, 2025. Played by damn james! on stream November 24th, 2025.",,"Jul 24, 2025","Nov 24, 2025",Partial,Recording,https://pillows.su/f/93f5afa61337402ba43cee0eccdf0809
PURPLE MOON,"MONEY, CARS, CLOTHES [V2]
(prod. damn james!)","OG Filename: Money, Cars, Clothes 7.22.25.2 (rough.mix)
Song with low-pitched vocals, part of the damn james! PURPLE MOON copy. Played by damn james! on stream November 24th, 2025.",2:36,"Jul 22, 2025","Nov 24, 2025",Full,Recording,https://pillows.su/f/efb7dbc93c4d78a7539f147cdc84dd01
PURPLE MOON,"🏆 MONEY KEEP CALLIN [V2]
(prod. damn james!)","OG Filename: Money Keep Callin (jr.rough.mix.1) 
Song with low-pitched vocals, part of the damn james! PURPLE MOON copy. First played by Ty on stream September 2nd, 2025. Played in full by damn james! on stream November 24th, 2025.",1:46,,"Nov 24, 2025",Full,Recording,https://pillows.su/f/1aecc4e7d7f60b6df40799d3cf2fd057
PURPLE MOON,"TELL ME [V2]
(prod. damn james!)","OG Filename: tell me 8.7_25 (jr rough mix 1)
Song with low-pitched vocals, part of the damn james! PURPLE MOON copy. Has an open verse. Played in full by damn james! on stream November 24th, 2025.",1:59,"Aug 7, 2025","Nov 24, 2025",Full,Recording,https://pillows.su/f/58c3596458f6b8d83123bf192e4fc113
PURPLE MOON,"WE SHOULD HANG [V3]
(prod. damn james!)","OG Filename: we should hang  - (jr.rough).2
Song with low-pitched vocals, part of the damn james! PURPLE MOON copy. First played by Ty on stream September 2nd, 2025. Played by damn james! on stream November 24th, 2025.",3:01,,"Nov 24, 2025",Full,Recording,https://pillows.su/f/6d87675b42e075f60dc0f9465f91753e
PURPLE MOON,"??? [V2]
(feat. ???)
(BRING YOUR FRIENDS)","Played by Ty on stream September 16, 2025. Has an unidentified feature.",,,"Nov 24, 2025",Partial,Recording,https://pillows.su/f/15dbebab6780926775f1231326fe7086
PURPLE MOON,"???
(BEST FRIEND)","Song with high-pitched vocals. Played by Ty on stream November 24th, 2025.",,,"Nov 24, 2025",Partial,Recording,https://pillows.su/f/8c6676d66abc401c0abedc2832254930
PURPLE MOON,"???
(prod. GREN808)
(CAGE GIRL)","Song with high-pitched vocals. Samples drama trial's cover of ""Cage Girl"" by Jane Remover. First played by Ty on stream September 16, 2025.",,,"Nov 24, 2025",Partial,Recording,https://pillows.su/f/61b319e1e985f7d715181137f7d33f9c
PURPLE MOON,"??? [V2]
(prod. damn james! & Ty Dolla $ign)
(SMOKE TWO)","Song with low-pitched vocals, part of the damn james! PURPLE MOON copy. First played by Ty on stream September 2nd, 2025.",,,"Nov 24, 2025",Partial,Recording,https://pillows.su/f/ea2c89513c05fcff52010676cf005364
PURPLE MOON,"???
(SCHEMES DREAMS)","Song with high-pitched vocals. Played by Ty on stream November 24th, 2025.",,,"Nov 24, 2025",Partial,Recording,https://pillows.su/f/56814eaa70d651f2fcabdf173df0274f
PURPLE MOON,"???
(I DO DRUGS)","Song with low-pitched vocals. Played by Ty on stream November 24th, 2025.",,,"Nov 24, 2025",Partial,Recording,https://pillows.su/f/50be5cb5336f8fa0daaf04c11cf0cc8d
$ign Language 2,"Dis Bitch Dat Hoe [V1]
(prod. Juicy J)","OG Filename: dis bitch dat hoe - (OV HOOK)
Version with the original hook before it was rewritten by Juicy J. These vocals would later be used on a Wes x Tay version of ""PAY PER VIEW"". The file was seen in a $ign Language 2 folder intended for Playboi Carti. This file was also sent by Ty to Wiz Khalifa. Filename shown by Luit. Played by Ty on stream November 23, 2025.",,,"Nov 23, 2025",Partial,Recording,https://pillows.su/f/933d3a230de169a013c45321c38963cf
$ign Language 2,"Don't Cheat [V2]
(feat. 24hrs & ???) (prod. Juicy J, damn james! & The Loud Pack)","Song from 24dollas sessions that was worked on for $ign Language 2. Has an unidentified feature. Played by Ty on stream November 23, 2025.",3:00,,"Nov 23, 2025",Full,Recording,https://pillows.su/f/6edab9097180726f45e7cf7047c81dee
$ign Language 2,"I'm Not Afraid [V2]
(feat. Future) (prod. Metro Boomin & Juicy J)","Version with an additional sample and improved mixing, presumably from $ign Language 2 sessions based on the production style and the fact that it was played alongside other songs from the era. First heard in an Instagram Story from April 2023 posted by Skrillex, where he was seen listening to the song with Ty in a private jet to Coachella. Played by Ty on stream November 23, 2025.",,,"Nov 23, 2025",Partial,Recording,https://pillows.su/f/b8ddba25685fa067fa8c1bb33ad07645
$ign Language 2,"🏅 P.I.M.P. [V2]
(feat. Project Pat) (prod. Juicy J & DJ Paul)","Original song where the drums and Project Pat's verse from ""PAY PER VIEW"" were taken from, otherwise a completely different song. Samples ""I Feel Good All Over"" by Stephanie Mills on the intro. First played by Ty on stream October 7, 2025.",3:00,,"Nov 23, 2025",Partial,Recording,"https://pillows.su/f/8e2f0aa7ceea29a091343227435c3544
https://pillows.su/f/f2cc125ba93dac06629849493837043f"
$ign Language 2,"🏅 Stand On It [V2]
(prod. Juicy J)","Version with a finished second verse. First played by Ty on stream November 18, 2025.",2:37,,"Nov 23, 2025",Full,Recording,https://pillows.su/f/b228f3046744ff38e4c92f1644dfb9e2
$ign Language 2,"🏆 Tonight
(prod. Juicy J)","Finished song with memphis-style production from Juicy J, intended for $ign Language 2. According to Ty, this song is being brought back for PURPLE MOON (verify). Snippet leaked October 22, 2025. Played by Ty on stream September 2nd, 2025.",2:36,,"Nov 23, 2025",Full,Recording,"https://pillows.su/f/3dbaefc2ed0e428a551cbca070841f35
https://pillows.su/f/12f0607d813370790b98963bfc5a8bcc"
$ign Language 2,"???
(feat. Wiz Khalifa & ???) (prod. Juicy J)
(Take A Trip)","Song featuring a verse and hook from Wiz Khalifa, as well as background vocals from an unidentified singer. First played by Ty on stream September 2nd, 2025.",,,"Nov 23, 2025",Partial,Recording,https://pillows.su/f/78e5361eea6597955540df9080cafae9
$ign Language 2,"???
(prod. Juicy J)
(Never Trust Her)","Song with memphis-style production. Played by Ty on stream November 23, 2025.",,,"Nov 23, 2025",Partial,Recording,https://pillows.su/f/39a1e5a61ef92aa37b4aa6a8cd28a726
¥$,"Slide [V10]
(prod. Fred again.., Kanye West, Leon Thomas & AyoAA)
(Slide In, Slidin', Sliding)","OG Filename: 1. @AyoAA slide 9/20
Filename shown by AyoAA. Played by AyoAA on stream November 23, 2025.",,"Sep 20, 2023","Nov 23, 2025",Snippet,Recording,Link Needed
VULTURES 2,"TIME MOVING SLOW [V34]
(prod. Nathan Butts, Azul Wynter, AyoAA & Fya Man)
(TIME MOVIN' SLOW, TIME MOVES SLOW)","Version with alternate production from AyoAA. Played by AyoAA on stream November 23, 2025.",,,"Nov 23, 2025",Snippet,Recording,https://pillows.su/f/2bdcbab16a91aa3a3ccc39cfc35d14f8
VULTURES 2,"TIME MOVING SLOW [V35]
(prod. Nathan Butts, Azul Wynter, AyoAA & Fya Man)
(TIME MOVIN' SLOW, TIME MOVES SLOW)","Version with alternate production from AyoAA including a faster tempo and different pitch. According to AyoAA, this version was made the night before the album released. Played by AyoAA on stream November 23, 2025.",,,"Nov 23, 2025",Partial,Recording,https://pillows.su/f/dcddb1d500db1b76a00a320e87701344
TYCOON [V2],"SAY IT [V26]
(feat. Playboi Carti, Rema & Ant Clemons) (prod. Ty Dolla $ign, AJ Williams, Anthony Kilhoffer, Caleb Bryant, damn james!, Simon On The Moon, Skarp V, Aye YB, cppo, FBG Goat, Hitmaka, Varg²™, Wax Motif & AyoAA)","Version with additional production from AyoAA. Played by AyoAA on stream November 23rd, 2025.",,,"Nov 23, 2025",Snippet,Recording,https://pillows.su/f/a289f9e478ddeca1c4d6b839486d2445
Featuring Ty Dolla $ign,"🏅 ???
(feat. James Blake) (prod. Hitmaka & Aye YB)
(Got What You Wanted)","Song with background vocals from James Blake, likely recorded around the same time as ""Something Serious"". Played by Ty on stream November 21st, 2025.",,,"Nov 21, 2025",Snippet,Recording,https://pillows.su/f/e12091bece95c57c3561d1af16acf16f
Beach House 4 [V1],"James Blake - ??? [V1]
(prod. James Blake)
(Bobby Digital)","Initial piano loop done by James Blake. Snippet leaked November 21st, 2025.",,,"Nov 21, 2025",Snippet,High Quality,https://pillows.su/f/60e0105afafee6be6e021a833c4a6d0e
Beach House 4 [V2],"Paid [V3]
(feat. Kanye West) (prod. Stryv)
(Get Paid)","Initial Ye freestyle, recorded in Japan. Snippet leaked November 21st, 2025.",,,"Nov 21, 2025",Snippet,High Quality,https://pillows.su/f/b50afea70917deefcee6ebafa2b4b441
¥$,"Smokin' On Junt [V5]
(prod. BBYKOBE)
(Fuck Sum, Fuk Sumn)","Version with an open verse. Played by damn james! on stream November 21st, 2025.",,,"Nov 21, 2025",Snippet,Recording,https://pillows.su/f/395945793ad039f8c7a22a48ed5d3f4d
¥$,"Gothic [V1]
(prod. damn james!, Quentin Miller & Ponzoo)","OG Filename: gothic.118
Original instrumental. Filename shown by damn james!. Played by damn james! on stream November 21st, 2025.",2:10,"Sep 5, 2023","Nov 21, 2025",Partial,Recording,https://pillows.su/f/7f586ac35f2a11c316a2923c5b0f0d4d
¥$,"🤖 Gothic [V3]
(prod. damn james!, Quentin Miller & Ponzoo)","OG Filename: gothic.vocal.(pe$o)_2. (ye.i.)
Version with Ye AI over Pe$o's reference track. Filename shown by damn james!. Played by damn james! on stream November 21st, 2025.",1:37,"Sep 12, 2023","Nov 21, 2025",Snippet,Recording,https://pillows.su/f/a5c61b48c5ae990cb187dcfb1714e7b1
¥$,"Late Vibe
(prod. damn james!)","OG Filename: late vibe_2 [?]
Filename seen on damn james!'s laptop in the folder path ""ye italy/late vibe_2"". Played by damn james! on stream November 21st, 2025.",1:57,"Sep 5, 2023","Nov 21, 2025",Snippet,Recording,https://pillows.su/f/46c193834b74a1105cb4e9500855af6f
¥$,"P&Q [V1]
(prod. damn james! & Leon Thomas)
(Peace And Quiet)","OG Filename: P&Q jr LT. open ye part
Solo Ty version with an open verse intended for Ye. Played by Ty on stream November 9th, 2025. Played by damn james! on stream November 21st, 2025.",2:39,"Sep 2, 2023","Nov 21, 2025",Partial,Recording,https://pillows.su/f/5b404ea46d217d8ccaa7a836ec26e6d9
¥$,"P&Q [V2]
(prod. damn james! & Leon Thomas)
(Peace And Quiet)","Initial Ye freestyle. The file ""P&Q jr LT ye ref stem"", was seen on damn james!'s laptop. Acapella played by damn james! on stream November 21st, 2025.",2:39,"Sep 2, 2023","Nov 21, 2025",Snippet,Recording,"https://pillows.su/f/a1da8edb1aa6b927d59edf4c2d00a0b5 
https://pillows.su/f/3c783ccd1167689dc7b0f24a553b3bbf"
¥$,"So Good [V2]
(ref. Ty Dolla $ign) (prod. Kanye West & No ID)
(Good (Don't Die))","OG Filename: 27 so good_01
Filename seen in damn james!'s ""Florence Files"" folder. Played by damn james! on stream November 21st, 2025.",,"Aug 30, 2023","Nov 21, 2025",Snippet,Recording,"https://pillows.su/f/2540aff0d85a748145b2c449e9c45f2e 
https://pillows.su/f/114715d9e788a519ad61740ca9116af6"
¥$,"???
(prod. John Beck)","OG Filename: jb 93 6/8 jam
Filename seen on damn james!'s laptop in the folder path ""ye italy/john beck piano"". Played by damn james! on stream November 21st, 2025.",2:12,"Sep 5, 2023","Nov 21, 2025",Snippet,Recording,https://pillows.su/f/0761e7a46faa12920524b0cc541dfaeb
¥$,???,"Beat heard as damn james! was skipping through his ""Florence Files"" folder. Played by damn james! on stream November 21st, 2025.",,,"Nov 21, 2025",Snippet,Recording,https://pillows.su/f/7a6b82ee7a13c06dc9878e3e6d40690a
VULTURES 2,"Rich The Kid - Give Me [V5]
(feat. Kanye West) (prod. The Legendary Traxster & damn james!)
(Gimme A Second 2)","OG Filename: rtk.give.me.jr.5
Filename seen on damn james!'s laptop. Played by damn james! on stream November 21st, 2025.",3:19,"Jun 13, 2024","Nov 21, 2025",Snippet,Recording,https://pillows.su/f/fb0eba76bd0e4fb99ba73f953e0d6540
TYCOON [V1],"???
(prod. Hitmaka & Aye YB)
(Good To You)","Played by Ty on stream November 21st, 2025.",,,"Nov 21, 2025",Partial,Recording,https://pillows.su/f/9f38ac15e47a0e130b63f9c9d407466a
TYCOON [V1],"???
(prod. Hitmaka)","Played by Ty on stream November 21st, 2025.",,,"Nov 21, 2025",Snippet,Recording,https://pillows.su/f/d887796938240c76922d80d40ef7a366
AIRPLANE MODE 2 [V2],"2 MYSELF [V6]
(prod. damn james!, Leon Thomas & FNZ)
(2 MY SELF)","OG Filename: 11 2 myslef
Updated version. Played by damn james! on stream November 21st, 2025.",,"Nov 16, 2025","Nov 21, 2025",Snippet,Recording,https://pillows.su/f/019376ec56583b5a6ae849eb96adae23
AIRPLANE MODE 2 [V2],"SHE'S BACK OUTSIDE [V40]
(feat. Ant Clemons) (prod. damn james! & MixedByTheBest)
(BACK OUTSIDE, WE BACK OUTSIDE, APEROL SPRITZ)","OG Filename: 12 she s back outside
Final version. Played by damn james! on stream November 21st, 2025.",,"Nov 16, 2025","Nov 21, 2025",Snippet,Recording,Link Needed
Campaign [V2],"Forever 21
(feat. Kamaiyah)","OG Filename: TY_KAMAIYAH_FOREVER_21_082116_AB_REF
Snippet leaked October 21, 2025.",3:46,"Aug 21, 2016","Nov 20, 2025",Full,Lossless,https://pillows.su/f/7dd78c54b70b14ec4ddb24c0dfadc275
Dream House,"Intention [V2]
(feat. Brandy) (prod. Camper & Mustard)","While playing the song on stream, Ty repeatedly stated that he wanted to do something with it, mentioning that it could appear on Beach House 4 and implying that he may have been considering it for the TYCOON deluxe; the song would ultimately be released on girl music vol. 1. Ty also suggested that the song dates back several years; it was likely recorded in 2019 when Ty, Brandy, and Camper were pictured together in the studio, alongside ""No Tomorrow, Pt. 2"". First played by Ty on stream November 18th, 2025.",,,"Nov 20, 2025",Partial,Recording,Link Needed
¥$,"Unlock [V12]
(prod. 88-Keys & AyoAA)
(Unlocked)","OG Filename: @AyoAA unlock ye v 11
Version with alternate drums and new synths. Played by AyoAA on stream November 20, 2025.",1:59,"Sep 18, 2023","Nov 20, 2025",Snippet,Recording,https://pillows.su/f/5f1f90d744b9e6fa95d675bac4222cd7
Featuring Ty Dolla $ign,"???
(feat. DDG) (prod. OG Parker)","Song with DDG produced by OG Parker. Played by Ty on stream November 19, 2025. Likely from 2020 as it was played alongside other 2020 material.",,,"Nov 19, 2025",Full,Recording,Link Needed
TYCOON [V2],"MIXED EMOTIONS [V8]
(feat. Travis Scott & Leon Thomas) (prod. Taurus, Peter Lee Johnson, Casper1of1, FBG Goat, Wax Motif, Ty Dolla $ign & AyoAA)","OG Filename: mixed emotions @ AyoAA 10.16.25
Version with production from AyoAA, seen in Ty's files. This file is dated the day before release. Very similar to release but has extra percussion and different mixing. Played by AyoAA on stream November 19, 2025.",,"Oct 16, 2025","Nov 19, 2025",Partial,Recording,Link Needed
$ign Language 2,"??? [V1]
(feat. Wiz Khalfia) (prod. Juicy J)","Song from $ign Language 2 sessions. According to Ty, he gave the song to Wiz Khalifa. It's likely that Wiz is on this version, although he is not heard in the snippet. Samples and interpolates ""Goodbye Horses"" by Q Lazzarus. Samples ""Bud Keeps Me Fiending"" by DJ Squeeky. First played by Ty on stream September 2nd, 2025.",,,"Nov 18, 2025",Snippet,Recording,https://pillows.su/f/d44683763873517c149a864e7351cb13
¥$,"City Underground [V6]
(feat. Adam Vadel) (prod. Adam Vadel, REMED, twinsmatic & AyoAA)
(Built A City Underground)","OG Filename: @AyoAA CITY UNDERGROUND
Version with additional production from AyoAA. Played by AyoAA on stream November 18, 2025.",,"Sep 18, 2023","Nov 18, 2025",Partial,Recording,https://pillows.su/f/f7c85bcd2387c4a28b8a8982cc691a35
¥$,"Fuck Sum [V7]
(feat. Juicy J) (prod. BBYKOBE & AyoAA)
(Fuk Sumn, Smokin' On Junt)","OG Filename: @AyoAA fuck sum V2
Filename shown by AyoAA. Played by AyoAA on stream November 18th, 2025.",,"Sep 14, 2023","Nov 18, 2025",Snippet,Recording,https://pillows.su/f/1aef411935031e5bf21a888b3cebe766
¥$,"Fuck Sumn [V16]
(ref. Quavo) (feat. Playboi Carti) (prod. BBYKOBE, AyoAA & Shaun Enzo)
(Fuk Sumn, Smokin' On Junt)","OG Filename: FUCK SUMN V2 - Prod.ShaunEnzo...
Version with additional production from Shaun Enzo, as well as an open verse in place of Playboi Carti's verse. Snippet posted by Shaun Enzo to Instagram on March 3rd, 2024. Played by AyoAA on stream November 18th, 2025.",,,"Nov 18, 2025",Partial,Recording,https://pillows.su/f/45be9e2e11e121a454178e08da8572df
¥$,"Love Me The Most [V12]
(prod. Lester Nowhere, 88-Keys & AyoAA)","OG Filename: love me the most v6 aa
Version with additional production from AyoAA. Snippet played by AyoAA on a Ty Dolla $ign livestream October 17, 2025. Longer snippet played on an AyoAA stream November 18, 2025. Said to have more finished Ye vocals than other versions, though the snippet has identical vocals to the one above.",~5:00,,"Nov 18, 2025",Partial,Recording,"https://pillows.su/f/284b280422d0fe3236338a27c985e1a2
https://pillows.su/f/1f7c7d2862a89aa31f42e2ce44f5b3c5"
¥$,"New Body [V38]
(ref. Ty Dolla $ign) (feat. Nicki Minaj) (prod. RONNY J, Cubeatz, Plain Pat & Ty Dolla $ign)","Version with punch-ins over Ye's mumble lines. Played by AyoAA on stream November 18, 2025.",,,"Nov 18, 2025",Snippet,Recording,https://pillows.su/f/f78f571fe4d415ca3de3faf41f1f7acf
¥$,"River [V24]
(feat. Young Thug) (prod. Pi'erre Bourne, Digital Nas, Lamm & AyoAA)","Version with alternate production from AyoAA. Played by AyoAA on stream November 18, 2025.",,,"Nov 18, 2025",Partial,Recording,https://pillows.su/f/e71c547c8d06bda7f9a1c57086dbe884
¥$,"River [V25]
(feat. Young Thug) (prod. Pi'erre Bourne, Digital Nas, Lamm & AyoAA)","Version with alternate production from AyoAA. Played by AyoAA on stream November 18, 2025.",,,"Nov 18, 2025",Snippet,Recording,https://pillows.su/f/c00d26d3b037dace2763ee1e43e1d814
¥$,"River [V26]
(feat. Young Thug) (prod. Pi'erre Bourne, Digital Nas, Lamm & AyoAA)","Version with alternate production from AyoAA. Played by AyoAA on stream November 18, 2025.",,,"Nov 18, 2025",Snippet,Recording,https://pillows.su/f/9c3a2432b650fed8d5f558d16abf3375
¥$,"River [V27]
(feat. Young Thug) (prod. Pi'erre Bourne, Digital Nas, Lamm & AyoAA)","Version with alternate production from AyoAA. Played by AyoAA on stream November 18, 2025.",,,"Nov 18, 2025",Snippet,Recording,https://pillows.su/f/de4c8f98198e79b8f8866474148a03c0
¥$,"River [V29]
(feat. Young Thug) (prod. Pi'erre Bourne, Digital Nas, Lamm & AyoAA)","Version with alternate production from AyoAA. According to AyoAA, this is ""version 20"" of the song. Played by AyoAA on stream November 18, 2025.",,,"Nov 18, 2025",Snippet,Recording,https://pillows.su/f/c10a66e12a3385c36416336b2a90968a
VULTURES 1,"Field Trip [V7]
(feat. Playboi Carti & Don Toliver) (prod. Dez Wright, Wheezy & AyoAA)","Version with Wheezy's producer tag added and 808s that would be used on all later versions. Said by AyoAA to be an ""old one"" Played by AyoAA on stream November 18, 2025.",,,"Nov 18, 2025",Snippet,Recording,https://pillows.su/f/400789108535a7e60e2ca055341dd306
VULTURES 1,"Time [V26]
(prod. Nathan Butts, Azul Wynter & AyoAA)
(Time Moving Slow, Time Movin' Slow, Time Moves Slow)","OG Filename: Time MIX TEST.07_07
Alternate mix with differences in the drum pattern on some parts of the song. This version is likely a rebounce. Played during the Vultures World Premiere on Power 92 on December 14, 2023, with radio sound effects added throughout the song. Played by AyoAA on stream November 18, 2025.",2:59,"Dec 8, 2023","Nov 18, 2025",Partial,Recording,"https://pillows.su/f/9a5bfbb179fc68f82d73927a3cd58a8e
https://pillows.su/f/f2e269f1ee30b28da91562fff843aca4"
VULTURES 2,"MELROSE [V5]
(feat. Quavo) (prod. TheLabCook, Ojivolta & AyoAA)","Version with additional production from AyoAA. Lacks the ""Codeine"" sample. Played by AyoAA on stream November 18, 2025.",,,"Nov 18, 2025",Snippet,Recording,https://pillows.su/f/a90f9de2edda52b57112db58572d223d
TYCOON [V2],"SAY IT [V31]
(feat. Playboi Carti, Rema & Ant Clemons) (prod. Ty Dolla $ign, AJ Williams, Anthony Kilhoffer, Caleb Bryant, damn james!, Simon On The Moon, Skarp V, Aye YB, cppo, FBG Goat, Hitmaka, Varg²™, Wax Motif & AyoAA)","OG Filename: @AyoAA SI v5
Version with additional production from AyoAA. Pitched up compared to other versions. Played by AyoAA on stream November 18th, 2025.",,,"Nov 18, 2025",Partial,Recording,https://pillows.su/f/bdce7f9a2ab9b5ae055ea486abc5aa0d
Beach House 4 [V1],"2022 [V3]
(prod. Adam Vadel)","Played by Ty on stream November 17th, 2025.",,,"Nov 17, 2025",Snippet,Recording,https://pillows.su/f/a72475c563028bb9ddee75bb06896665
Beach House 4 [V1],"6LACK - NRH
(feat. Ty Dolla $ign) (prod. Camper, Fwdslxsh & Kill September)","Version with more vocals from Ty compared to release. Played by Ty on stream November 17th, 2025.",,,"Nov 17, 2025",Partial,Recording,https://pillows.su/f/4b0422b87c7e1a17d2438ae58d10240c
¥$,"Burn [V9]
(prod. Leon Thomas & Camper)
(Dangerous)","Similar to the version above, but with additional production and Ty's vocals added back, replacing Charlie Wilson. Played by Ty on stream November 17, 2025.",,,"Nov 17, 2025",Partial,Recording,https://pillows.su/f/eb9d5b5b35b07d47145cb539747ac49c
¥$,"River [V28]
(feat. Young Thug) (prod. Pi'erre Bourne, Digital Nas, Lamm, AyoAA & Camper)","Version with additional production on the outro from Camper and small production differences during Young Thug's verse. Played by Ty on stream November 17th, 2025.",,,"Nov 17, 2025",Partial,Recording,https://pillows.su/f/e8038fbe1c37f38a7f40c5e511a7603f
¥$,"So Good [V8]
(ref. Sasha Hashemi) (prod. Kanye West, No ID & Camper)
(Good (Don't Die))","Played by Ty on stream November 17th, 2025.",,,"Nov 17, 2025",Snippet,Recording,https://pillows.su/f/db413367e5213f58f3d8dc8c80530edf
VULTURES 1,"Time Moving Slow [V27]
(prod. Nathan Butts, Azul Wynter, AyoAA, SHDØW & Camper)
(Time Movin' Slow, Time Moves Slow)","Version with additional production from Camper. Played by Ty on stream November 17th, 2025",2:57,,"Nov 17, 2025",Full,Recording,https://pillows.su/f/7495552b070a05857db6e05882177263
VULTURES 1,"???
(prod. Camper)","Beat produced by Camper. Samples ""Paranoid"" by Kanye West. Unknown if this was recorded on. Played by Ty on stream November 17, 2025.",,,"Nov 17, 2025",Snippet,Recording,https://pillows.su/f/3027c6b3e4303559e99d545651d5b7e2
VULTURES 1,"LOVE LOVE LOVE [V9] 
(prod. John Cunningham & Camper)","Played by Ty on stream November 17th, 2025.",,,"Nov 17, 2025",Snippet,Recording,https://pillows.su/f/5bf7592989cc174cbde25e9484772872
VULTURES 1,"PRAY [V1]
(prod. Camper)","Version without Hitmaka's producer tag. Played by Ty on stream November 17th, 2025.",,,"Nov 17, 2025",Snippet,Recording,https://pillows.su/f/a46519ead7525ea0e04554fb71a5f8a9
VULTURES 1,"PRAY [V3]
(feat. Wiz Khalifa) (prod. Camper & Hitmaka)","Version with Ty's vocals pitched up. Played by Ty on stream November 17th, 2025.",,,"Nov 17, 2025",Snippet,Recording,https://pillows.su/f/f6ecabe11e1b829eacf4c7011f91c7e4
VULTURES 2,"BELIEVER [V7]
(feat. Yseult) (prod. Adam Vadel & Camper)","Version with additional production from Camper. Played by Ty on stream November 17th, 2025",,,"Nov 17, 2025",Snippet,Recording,https://pillows.su/f/63d62625c9263af2c73d1e945cdb6306
TYCOON [V1],"???
(prod. Camper)
(Can't Complain)","Played by Ty on stream November 17th, 2025.",2:10,,"Nov 17, 2025",Full,Recording,https://pillows.su/f/73dee8f833cf29a354bc73b83ad28b73
TYCOON [V1],"???
(prod. Camper)","Played in nearly full by Ty on stream November 17th, 2025.",~2:10,,"Nov 17, 2025",Partial,Recording,https://pillows.su/f/c16c9cd55bb9183a467709d9f32f590b
TYCOON [V1],"???
(prod. Camper)","Song over a synth-based instrumental produced by Camper, including references to VULTURES 2 and lines such as ""this summer it's me and Ye"". Interpolates ""Junya pt 2"" by Kanye West. Played by Ty on stream November 17th, 2025.",,,"Nov 17, 2025",Partial,Recording,https://pillows.su/f/153d2a44732adace734c9089590b7aa5
TYCOON [V2],"HARDER [V5]
(prod. Ty Dolla $ign, Simon On The Moon, Skarp V, Chrishan, Tenroc, Varg²™ & Camper)
(WYWD)","Version with an additional guitar, played Camper, on the outro. Played by Ty on stream November 17th, 2025.",2:10,,"Nov 17, 2025",Full,Recording,https://pillows.su/f/8996957a9ae5b7cbefa431de73ddb851
TYCOON [V2],"SMILE BODY PRETTY FACE [V4]
(feat. Kodak Black) (prod. Fai, FBG Goat, Hitmaka, Chrishan, The Blindside, Story., Morning Estrada, Camper & RobOnBass)","Version with only Ty and Kodak Black's vocals, and an open verse for YG to record over. Played by Ty on stream November 17th, 2025.",,,"Nov 17, 2025",Partial,Recording,https://pillows.su/f/deb7df8a2757949144f5d61b8ed1f052
TYCOON [V2],"🏆 ??? [V2]
(prod. Camper & ???)
(LIFE IS HARD)","Song with a similar melody to ""I'M LIKE"", described by Ty as ""one of my favorite ones ever"". Features more developed production compared to the previous version. Possibly the track ""D WIGHT"" seen on a TYCOON tracklist from October 13th, 2025, or the blocked name on the tracklist, as the song has been played alongside other records seen on the tracklist, including ""I'M LIKE"" and ""FADED"". Lyrics were teased by Ty in an Instagram post from July 14th, 2026, captioned ""i thought being loyal was part of the rules"". Played by Ty on stream November 17th, 2025.",3:12,,"Nov 17, 2025",Full,Recording,https://pillows.su/f/556509423f3f9666af998db4329645a4
PURPLE MOON,"??? [V1]
(prod. Camper)
(I BALL)","Song with low-pitched vocals. Samples ""Forever, for Always, for Love"" by Luther Vandross. First played by Ty on stream September 16th, 2025. Played in full by Ty on stream November 17th, 2025.",2:38,,"Nov 17, 2025",Full,Recording,https://pillows.su/f/2c59f5f564aca0651dbd638991d76415
TYCOON [V2],"DON'T KILL THE PARTY (Wax Motif Remix) [V2]
(feat. Quavo) (prod. Wax Motif)","Version of the remix with Quavo's verse instead of Ye's. Played by Ty on stream November 16, 2025.",3:00,,"Nov 16, 2025",Full,Recording,Link Needed
TYCOON [V2],"WHAT I WANT (Remix)
(feat. Lil Wayne) (prod. Mustard)","Remix of the song with a new Mustard beat. Played by Ty on stream November 15th, 2025.",,,"Nov 16, 2025",Partial,Recording,Link Needed
¥$,"Unlock [V9]
(prod. 88-Keys & AyoAA)
(Unlocked)","Version with alternate drums. Played by AyoAA on stream November 14, 2025.",,,"Nov 14, 2025",Partial,Recording,https://pillows.su/f/37c2d9e550d4b191b158720502e9e0d6
Beach House 4 [V1],"Kanye West & James Blake - Talking [V4]
(prod. James Blake, No ID & Dom Maker)","Leaked November 13, 2025.",2:10,,"Nov 13, 2025",Full,CD Quality,https://pillows.su/f/d57a33a43d894c5ab8c2ca034f328782
AIRPLANE MODE 2 [V2],"⭐ ICEE [V5]
(feat. Popcaan) (prod. damn james! & Dreamz)","OG Filename: 02 Airplane Mode 2 GG REF-03
Version with DJ Drama narration. Leaked alongside the music video after Ty accidentally showed the link to the ""Back Outside"" MV on stream.",2:04,"Nov 4, 2025","Nov 13, 2025",Full,Lossless,https://pillows.su/f/8c557a9182abea1ca2c9443614c2c798
AIRPLANE MODE 2 [V2],"⭐ PURPLE IN MY PUNCH [V7]
(feat. Chris King) (prod. damn james! & Di$)
(PURPLE PUNCH)","OG Filename: 05 Airplane Mode 2 GG REF-...
Version with DJ Drama narration and more developed production. Leaked November 13, 2025, alongside its music video after Ty accidentally showed the link to the ""Back Outside"" music video on stream.",2:05,"Nov 4, 2025","Nov 13, 2025",Full,Lossless,https://pillows.su/f/9983b564a1e378437563181bb1bd6d48
AIRPLANE MODE 2 [V2],"⭐ SHE'S BACK OUTSIDE [V38]
(feat. Ant Clemons) (prod. damn james! & MixedByTheBest)
(BACK OUTSIDE, WE BACK OUTSIDE, APEROL SPRITZ)","OG Filename: 12 Airplane Mode 2 GG REF-23
Version with DJ Drama narration and the original beat. Leaked November 13, 2025, alongside its music video after Ty accidentally showed the link on stream.",2:31,"Nov 4, 2025","Nov 13, 2025",Full,Lossless,https://pillows.su/f/e034a3fb27d1b0ff5db4bf7da0347901
AIRPLANE MODE 2 [V2],"⭐ BACK OUTSIDE [Music Video]
(dir. Jannik Dittmar) (feat. Chris King)
(SHE'S BACK OUTSIDE)","OG Filename: Back outside new song
Music video for ""SHE'S BACK OUTSIDE"", recorded in Paris alongside two other videos for AIRPLANE MODE 2, and the video for ""I WISH"". Includes a posthumous feature from Chris King as a ghost. Accidentally leaked by Ty on stream November 13th, 2025.",2:31,"Nov 4, 2025","Nov 13, 2025",OG File,CD Quality,https://imgur.gg/f/ElJsDF9
AIRPLANE MODE 2 [V2],"⭐ ICEE [Music Video]
(dir. Jannik Dittmar)","OG Filename: Icee new song
Music video for ""ICEE"", recorded in Paris alongside two other videos for AIRPLANE MODE 2, and the video for ""I WISH"". Accidentally leaked by Ty on stream November 13th, 2025.",2:04,"Nov 4, 2025","Nov 13, 2025",OG File,CD Quality,https://imgur.gg/f/J3pxzp7
AIRPLANE MODE 2 [V2],"⭐ PURPLE PUNCH [Music Video]
(dir. Jannik Dittmar)
(PURPLE IN MY PUNCH)","OG Filename: Purple punch new song v3
Music video for ""PURPLE IN MY PUNCH"", recorded in Paris alongside two other videos for AIRPLANE MODE 2, and the video for ""I WISH"". Accidentally leaked by Ty on stream November 13th, 2025.",2:05,"Nov 4, 2025","Nov 13, 2025",OG File,CD Quality,https://drive.google.com/file/d/1DhhVoxWcTT3a-lwb17HRdRQx1BwfE_XR/view?usp=sharing
girl music vol. 1,"YG - ON THE LOW
(feat. Travis Scott) (prod. Ty Dolla $ign)","According to Ty on stream on November 7, 2025, he has a song with Travis Scott which was made ""very recently"". Ty also said that he produced the song. This ended up being a song for YG's album THE GENTLEMEN'S CLUB. Eventually released on that album in June 2026, with Tyler, The Creator replacing Travis Scott.",,,"Nov 13, 2025",Partial,Recording,https://pillows.su/f/fde9cbb2d5f94320805f4e65560fad3c
Beach House 4 [V1],"???
(Texas Tea)","Song with low-pitched vocals. Played by Ty on stream November 12, 2025.",,,"Nov 12, 2025",Partial,Recording,https://pillows.su/f/30cf5138913186280f4b857fdfeb29d0
Beach House 4 [V1],"???
(Lost To The Pussy)","Played by Ty on stream November 12, 2025.",,,"Nov 12, 2025",Partial,Recording,https://pillows.su/f/aa4d2b4ae7f8d6a140dfb73df45e960d
Beach House 4 [V1],"Real Street Nigga
(with Joe Moses) (feat. MoneySign Suede)","Song featuring a hook from Ty and verses from Joe Moses and MoneySign Suede. First played by Ty on stream November 9th, 2025. Played in nearly full by Ty on stream November 12th, 2025.",~2:30,"Mar 3, 2022","Nov 12, 2025",Partial,Recording,https://pillows.su/f/effaedd7b7cdf52cf996da49690b0bef
Beach House 4 [V2],"🏆 ???
(Missing You, Miss Her)","Song with one mumble line. May be related to the dance song below, possibly as a beatswitch, as they share the same beat loop, and the two songs have been played alongside each other multiple times. Furthermore, Ty has said while playing this song, and after playing the other song, that ""y'all like that other fast one with Cardo, I like this one"". It's unknown who Ty was referring to as ""Cardo"", but it is unlikely to be Cardo Got Wings. While playing the song on stream November 15, 2025, Ty also stated that it would be ""on the [TYCOON] deluxe for sure"". First played by Ty on stream November 9th, 2025.",1:40,,"Nov 12, 2025",Full,Recording,https://pillows.su/f/4cb837925ce937095135d22daf871ae1
Beach House 4 [V2],"🏅 ???
(prod. Ricardo Villalobos)
(Something Special)","Hook-only dance song from 2023, possibly produced by Ricardo Villalobos, as Ty referred to it as the ""one with Cardo"", although this remains unconfirmed. First played by Ty on stream November 9th, 2025.",,,"Nov 12, 2025",Partial,Recording,https://pillows.su/f/66d58c78d74bc06c40e1d06fc8eb3bd1
¥$,"🏅 A Thousand Times
(prod. FNZ)","OG Filename: 31 A thousand times_01
Solo Ty song with an open verse. According to Ty, the song was produced by FNZ. Filename seen in damn james!'s ""Florence Files"" folder. First played by Ty on stream September 2nd, 2025.",~3:00,"Sep 1, 2023","Nov 12, 2025",Partial,Recording,https://pillows.su/f/23f203e032fdcc91e694095a738b93f7
¥$,"???
(Whole Time)","Song with an open verse, likely from Italy ¥$ sessions as the song has consistently been played alongside other files from the era, especially ""A Thousand Times"". The song was also heard as damn james! was skipping through his ""Florence Files"" folder. First played by Ty on stream September 15th, 2025.",,,"Nov 12, 2025",Partial,Recording,https://pillows.su/f/2f933223b209e162b80bf72fef5830c6
¥$,"Time Moving Slow [V8]
(prod. Nathan Butts, Azul Wynter & AyoAA)
(Time Movin' Slow, Time Moves Slow)","Similar to the version below but with a faster tempo and an additional whip sound effect, said to be a ""fucked up version"" by AyoAA. Played by AyoAA on stream November 11, 2025.",,,"Nov 11, 2025",Snippet,Recording,https://pillows.su/f/9b4ce68c318f7ba92b69e7c6b78b83d9
¥$,"Time Moving Slow [V9]
(prod. Nathan Butts, Azul Wynter & AyoAA)
(Time Movin' Slow, Time Moves Slow)","Version with mumble Ye vocals, some additional sound effects, and some different lines from Ty. Played by AyoAA on stream November 11, 2025.",,,"Nov 11, 2025",Partial,Recording,https://pillows.su/f/0949c70fbbc3a1cfd23292738c0a57ec
Dream House,"Ant Clemons - After All [V1]
(feat. Big Sean) (prod. Hit-Boy)","OG Filename: 01 After All Ant Clemons Big Sean prod. HitBoy
Ant Clemons song featuring Big Sean. Has an open verse. Intended for his album LOVE.$WEAT.TEAR$. Leaked in full September 18, 2022, with the OG file leaking later.",3:53,,"Nov 10, 2025",OG File,CD Quality,https://pillows.su/f/f7cd49f2d951423985f01c32a1e0ee0f
Featuring Ty Dolla $ign,"⭐ FWU [V2]
(prod. Hitmaka & OG Parker)","OG File: FWU - TY _ - v2
Song from 2020. Has an open verse. Leaked for free after being passed around to every seller in the community.",2:29,,"Nov 10, 2025",OG File,CD Quality,https://pillows.su/f/62666d9a3086032d24da65caf4cd5348
Featuring Ty Dolla $ign,"✨ Ant Clemons - After All [V2]
(feat. Ty Dolla $ign & Big Sean) (prod. Hit-Boy)","OG Filename: 02.AfterAll
Version with an additional Ant Clemons verse filling the open along with Ty vocals. Intended to be track 2 on Ant's scrapped album LOVE.$WEAT.TEAR$.",,,"Nov 10, 2025",OG File,Lossless,https://pillows.su/f/f6b6b37a5d19f8f3cbd7f838fa81d73b
Featuring Ty Dolla $ign,"Ant Clemons - Diamonds And Roses
(prod. Ty Dolla $ign)","Rough solo Ant Clemons song from 2020 produced by Ty Dolla $ign. Contains an open verse. Snippet leaked November 10, 2025.",,,"Nov 10, 2025",Snippet,CD Quality,https://pillows.su/f/724ccf30b3c3408c2081345e91802b15
TYCOON [V2],"✨ NOBU [V1]
(feat. J. Balvin)","Song with a finished Ty verse, a J Balvin verse and an open verse. According to sources, the song is from 2025.",2:58,,"Nov 10, 2025",Full,CD Quality,https://pillows.su/f/dac3e3a49432f867aa9cdf7c5e59296d
TYCOON [V2],"PLEASE DON'T GO [V1]
(feat. Chain Gang) (prod. Adam Vadel)","Song played as the intro to Ty's 2025 Coachella set. Has rock-influenced production as well as jail-type choirs on the chorus and one Ty verse. Choir vocals are likely from the group referred to as the ""Chain Gang"", confirmed alongside the songs title by a setlist posted by Ty to Instagram. Possibly produced by Adam Vadel, who he was seen in the studio with Ty and Fai in March 2025, based on the sound. Snippet leaked November 10th, 2025.",2:42,,"Nov 10, 2025",Full,Recording,"https://pillows.su/f/c43d373d4e41335253cd66fd19d7dae7
https://pillows.su/f/a03f3fd661100272f77a1ba5182791d4"
Free TC,"Krept & Konan - Bob Marley
(feat. Ty Dolla $ign) (prod. ADP)","Has an open verse. Found in the BMI repertoire, where the producer and the other artist were confirmed. Likely Krept & Konan's song as they both have writing credits on the song, although only one of them has vocals on it (could also indicate that there is a version with both of them, possibly on the open verse), and ADP is a frequent collaborator of the duo. Leaked after a groupbuy on November 19, 2025.",4:10,,"Nov 9, 2025",Full,CD Quality,https://pillows.su/f/6feb03bd83efd9fd3d15c7cf04d9a86b
Featuring Ty Dolla $ign,"Everywhere [V1]
(prod. ???)","Version with a completely different beat which has a different sample loop and hi-hats. Can be heavily heard in the bleed throughout the released song. Played by Ty on stream on November 9, 2025.",,,"Nov 9, 2025",Partial,Recording,https://pillows.su/f/5f0f01a29070286fe4bc1ad00a1b6137
Beach House 4 [V1],Sea Moss,"Song from 2022, likely made around the same time as ""Slipknot"" as they are similar in production and Ty uses some of the same flows. Played by Ty on stream November 9th, 2025.",1:55,,"Nov 9, 2025",Full,Recording,https://pillows.su/f/4096d3a963a44ff199bd23f5aed7a5cf
Beach House 4 [V1],"🏆 Slipknot
(prod. Cardo Got Wings)","According to Ty, this song was recorded on August 26th, 2022. Ty also stated that he loves the song and is unsure why it was never released. Played in nearly full by Ty on stream November 9th, 2025.",~2:00,"Aug 26, 2022","Nov 9, 2025",Partial,Recording,https://pillows.su/f/2219c75fb24476ed17737c2a4f0736df
Beach House 4 [V1],"???
(prod. Cardo Got Wings)
(Candy)","Played by Ty on stream November 9th, 2025.",,,"Nov 9, 2025",Partial,Recording,https://pillows.su/f/cc0a4ed021c20dbf71521e509b724222
Beach House 4 [V1],"???
(prod. Cardo Got Wings)
(Back Again)","Played by Ty on stream November 9th, 2025.",,,"Nov 9, 2025",Partial,Recording,https://pillows.su/f/19e17bea1173a1e2ef423be8de2b1089
Beach House 4 [V1],"???
(prod. Cardo Got Wings & Yung Exclusive)
(Different Breed)","Played by Ty on stream November 9th, 2025.",,,"Nov 9, 2025",Partial,Recording,https://pillows.su/f/bb4218edfd3fe16b1a4cfdccb5a9fd90
Beach House 4 [V1],"???
(prod. Cardo Got Wings)
(Disrespectful)","Played by Ty on stream November 9th, 2025.",,,"Nov 9, 2025",Partial,Recording,https://pillows.su/f/1a7d8266f355f98e589c564bc9276006
Beach House 4 [V1],"???
(prod. Cardo Got Wings)
(Make It Look Easy)","Played by Ty on stream November 9th, 2025.",,,"Nov 9, 2025",Partial,Recording,https://pillows.su/f/1c526328894185d09febaa30bb87f692
Beach House 4 [V1],"???
(with Joe Moses)","Song with Joe Moses. No Ty vocals can be heard in the snippet. Played by Ty on stream November 9th, 2025.",,,"Nov 9, 2025",Snippet,Recording,https://pillows.su/f/cf188d570d4881989844e483d35e66e1
Mustard Collaboration,"???
(prod. Mustard)","Played by Ty on stream November 9th, 2025.",,,"Nov 9, 2025",Partial,Recording,https://pillows.su/f/1d75e11873a9bf0d81fd0ab6775978d3
Mustard Collaboration,"???
(prod. Mustard)","Played by Ty on stream November 9th, 2025. No vocals can be heard in the snippet.",,,"Nov 9, 2025",Snippet,Recording,https://pillows.su/f/4babb73861e625aa5de4f96cfc542d67
$ign Language 2,"🏆 Do Sumn Nasty [V2]
(feat. NLE Choppa & Sexyy Redd) (prod. Juicy J)","Song from $ign Language 2 sessions featuring a Juicy J hook and NLE Choppa verse, as well as a verse from Sexyy Redd on the intro. This file was sent by Ty to Wiz Khalifa. Snippet leaked December 15th, 2024, wrongly labeled as an early version of ""FUK SUMN"". First played by Ty on stream November 9th, 2025. Played in full by Ty on stream December 9th, 2025.",3:30,,"Nov 9, 2025",Full,Recording,"https://pillows.su/f/c90328bcfc2a26284e8bb93aa0b2626b 
https://pillows.su/f/20a91c24bc7199c981db7f651ca9c52f"
$ign Language 2,"🏆 Drugs And Sex [V3]
(feat. Sexyy Redd) (prod. Juicy J, Hitkidd & Ty Dolla $ign)","Finished song over five minutes in length featuring a hook from Juicy J and Sexyy Redd and a beatswitch that samples ""The New Style"" by the Beastie Boys, the same sample which was later used on ""Lifestyle"". Samples ""Ooh Nuthin"" by Project Pat. Played by Ty at the AFRAM festival on June 17, 2023. First played by Ty on stream September 2nd, 2025.",,,"Nov 9, 2025",Partial,Recording,"https://pillows.su/f/50656fa456b427e17d3172b156edc907
https://pillows.su/f/616d6a018426dd01c89b6ba93500d129"
$ign Language 2,"Sign Language [V2]
(prod. Jae Deal, Jasper Harris & Chordz)
($ign Language)","OG Filename: sign language 
Song which would later become the outro on ""Vultures"", originally intended to be the intro and title track for $ign Language 2. Has alternate production including a higher pitch, slower tempo, and a different sample chop, as well as some additional Ty vocals compared to release. The ""free TC, Melly, and Thug"" line and the D.R.U.G.$. tag have been added in this version, both of which were absent from the previous version. Filename shown by Ty. Played by Ty on stream November 9th, 2025.",2:00,,"Nov 9, 2025",Full,Recording,https://pillows.su/f/761f777d5512d0eb2adcde6777143613
$ign Language 2,"Smokin' On Junt [V4]
(prod. BBYKOBE)
(Fuck Sum, Fuk Sumn)","Version with an alternate verse from Ty based on BBYKOBE's reference track. The chorus is also chopped up as it is in all following versions of the song. Played by Ty on stream November 9th, 2025.",,,"Nov 9, 2025",Partial,Recording,https://pillows.su/f/6269378cb1774b6e7233891acfeb6233
$ign Language 2,"??? [V2]
(feat. Lil Vada) (prod. Ty Dolla $ign & damn james!)","Song from $ign Language 2 featuring a verse from Lil Vada, likely recorded during earlier sessions for the project as the song appears to have little to no involvement from Juicy J. This was likely recorded around the same time as ""Uncle Luke"". The song was originally thought to be the title track for the project, but it was later discovered that the ""sign language "" file shown by Ty was for the song played directly before this one. First heard in an Instagram Story from April 2023 posted by Skrillex, where he was seen listening to the song with Ty in a private jet to Coachella. Played by Ty on stream on November 10, 2025.",,,"Nov 9, 2025",Partial,Recording,"https://pillows.su/f/89b26e1d445337a358a1a93ef792d34a
https://pillows.su/f/a83b68c1afca1d7e8715c68d76b1eb87"
Beach House 4 [V2],"Dangerous [V4]
(prod. The Legendary Traxster & John Beck)
(Burn)","Version with vocals from the original solo version and sample-based production similar to the final release. However, the sample is not used on this version, instead being replaced with a replay, likely from keyboardist John Beck, who was said to have worked on the track. John Beck is also an associate of Valentina, who was seen in Japan at the time and contributed to the song. This version was likely made when Ye was brought in as executive producer for the album in Japan. Played by Ty on stream November 9th, 2025.",,,"Nov 9, 2025",Partial,Recording,https://pillows.su/f/6d1f826d5a0c57ce87589ae3812fd6be
Beach House 4 [V2],"Motion (Remix)
(prod. Stryv, Will Larsen & ???)","Version with alternate production, likely another remix of the track, as Ty stated that ""a gang"" of remixes ""in a couple different styles"" were coming. Played by Ty on stream November 9th, 2025.",,,"Nov 9, 2025",Snippet,Recording,https://pillows.su/f/db4604dd747876c28eb70545bf89a241
Beach House 4 [V2],"New Body [V34]
(feat. Kanye West & Nicki Minaj) (prod. RONNY J, Cubeatz, Plain Pat & Ty Dolla $ign)","Possibly seen as track 17 on a Japan tracklist for Beach House 4 posted by dbmagic. The song was likely given to Ty by Ye in Japan after he came in as executive producer, as Ty has wanted the song out for years, mentioning it in ""Status"". The song was played by Ty on stream November 9, 2025, alongside other Japan-era files.",,,"Nov 9, 2025",Snippet,Recording,https://pillows.su/f/d695deed67be96234adf98aed6a81c72
Beach House 4 [V2],"Save A Little Love For Me
(prod. Digital Farm Animals)","Possibly seen as track 12 on a Japan tracklist for Beach House 4 posted by dbmagic. ""Pop Dolla"" was thought to be an alternate title for the song, but it's more likely that Ty was referring to the track as a ""pop [Ty] Dolla"" song. Snippet leaked December 23rd, 2024. Played in nearly full by Ty on stream November 9th, 2025.",~2:00,,"Nov 9, 2025",Partial,Recording,"https://pillows.su/f/4403c7d49d3c23d578020ed1ae861b0a
https://pillows.su/f/387e6e06ba1cac6617ce81a28447fc95/"
¥$,"City Underground [V5]
(feat. Adam Vadel) (prod. Adam Vadel, REMED, twinsmatic & ???)
(Built A City Underground)","Version with additional string production. Played by Ty on stream November 9th, 2025.",,,"Nov 9, 2025",Partial,Recording,https://pillows.su/f/97e92da48a50534013a892a18ece86ec
¥$,"🏆 Love Me The Most [V13]
(prod. Lester Nowhere, 88-Keys & ???)","Version with additional production. Song seen on multiple tracklists throughout BBPB and VULTURES 1, confirmed to be fully finished in Italy. Samples ""How Much Is Too Much"" by Skipworth & Turner and ""Johnee Jingo"" by Todd Rundgren. Played by Ty on stream November 9th, 2025.",,,"Nov 9, 2025",Snippet,Recording,https://pillows.su/f/4fd0e01da5b4847e4e1daf213681e3e1
¥$,"Paid [V15]
(feat. K-Ci) (prod. Stryv, Chrishan, Wax Motif & The Legendary Traxster)
(Get Paid)","Similar to the version below, but with a different arrangement of Ye's vocals and missing the Marshawn Lynch sample, as well as the ""dolla sign"" part in K-Ci's vocals. Played by Ty on stream November 9th, 2025.",,,"Nov 9, 2025",Partial,Recording,https://pillows.su/f/6c08104e46c09de32166c21d93472005
¥$,"Worship [V5]
(feat. Chlöe & Leon Thomas) (prod. TryBishop, 88-Keys & Leon Thomas)","Version with a different structure, with Ty's verse coming first instead of Chloe Bailey's. Played by Ty on stream November 9th, 2025.",,,"Nov 9, 2025",Partial,Recording,https://pillows.su/f/f2f6e3748c8fefd6195988801a76843b
VULTURES 2,"SLIDE [V36]
(prod. AyoAA, Leon Thomas, Lester Nowhere, Peter Lee Johnson, Ty Dolla $ign, Kanye West & The Legendary Traxster)
(SLIDE IN, SLIDIN', SLIDING)","Version with additional strings. Played by Ty on stream November 9th, 2025.",,,"Nov 9, 2025",Snippet,Recording,https://pillows.su/f/365f9ae107f1834cdb0741b3221f4990
TYCOON [V2],"Big Sean - Lease On Life
(feat. Ty Dolla $ign)","Big Sean and Ty song allegedly made in late 2025 according to the seller. Snippet leaked November 9, 2025.",,,"Nov 9, 2025",Snippet,CD Quality,https://pillows.su/f/6feb03bd83efd9fd3d15c7cf04d9a86b
Beach House 4 [V2],Real Haters [V1],"Song with an open verse, later brought back during ¥$ sessions. Likely originated during the Japan Beach House 4 sessions as the song was copyrighted on YouTube by Ty's label as a solo song. Samples ""Hanging On"" by KNOWER. Snippet leaked August 12, 2024. Leaked November 8, 2025, after a groupbuy.",2:28,,"Nov 8, 2025",Full,CD Quality,https://pillows.su/f/64dccfb071115c1f4c025dd44c21c652
TYCOON [V1],"🏆 Dead Homies [V2]
(prod. Ty Dolla $ign & ???)","Fully finished song with three verses, confirmed by Ty to be intended for Free TC 2. First briefly played by Ty on stream September 2nd, 2025. Played in nearly full by Ty on stream November 8, 2025.",~4:00,,"Nov 8, 2025",Partial,Recording,https://pillows.su/f/9e07e7c8ec6b154876d8163169aefa8e
TYCOON [V2],"DON'T KILL THE PARTY (Wax Motif Remix) [V1]
(feat. Quavo & Juicy J) (prod. Wax Motif)","During a stream on with Wax Motif, Ty asked the chat whether they wanted a Wax Motif dance remix of ""DON'T KILL THE PARTY"" or ""DECEMBER 31ST"", the former won the poll and when told the BPM for the song, Wax called it perfect. The remix was being worked on live on stream, with Ty rapping Ye's cut verse over the beat and asking for the acapella.",,"Nov 8, 2025","Nov 8, 2025",Partial,Recording,Link Needed
TYCOON [V2],"🏅 NOBODY FLEW HER OUT [V3]
(feat. Lil Durk) (prod. Wheezy & Akachi)","Seen on several tracklists, later discovered to have been a song brought back from VULTURES sessions. The song was eventually replaced by ""DECEMBER 31ST"" days before the album's release after Durk's label failed to clear the song in time. The song was likely in consideration for the deluxe. Played in full by Ty on stream November 8th, 2025.",2:08,,"Nov 8, 2025",Full,Recording,https://pillows.su/f/0528f81937fd71d79bebf2d2e410e29a
TYCOON [V2],"🏆 ??? [V3]
(feat. Dave Blunts)
(CALL MY PHONE, WAY TOO GEEKED)","Version with an additional synth bassline. Played by Ty on stream November 8, 2025.",2:45,,"Nov 8, 2025",Full,Recording,https://pillows.su/f/0014e5524914e0ad8e536a818d26a8f8
girl music vol. 1,"???
(prod. Ty Dolla $ign & damn james!)","Song that Ty and damn james! were working together on during a livestream. Played by Ty on stream November 8, 2025.",,"Nov 8, 2025","Nov 8, 2025",Partial,Recording,Link Needed
Beach House 4 [V1],"⭐ Nightmares
(prod. damn james!)","OG Filename: Nightmares jr 3_Master 1
Fully finished, mixed and mastered song from 2021. Leaked as part of a blind group buy on November 7, 2025. Multiple snippets leaked beforehand and the song was owned by at least 7 different people before it leaked November 7, 2025.",3:21,,"Nov 7, 2025",OG File,CD Quality,https://pillows.su/f/f998d2772c526079587d22ea933df5fe
Beach House 4 [V1],"Talk To Me [V1]
(prod. Ty Dolla $ign, Gabe Shaddow & damn james!)
(2am)","OG Filename: (talk to me) ty.encore11_Master 1
Song later given to RJmrLA and released in 2025. Has extra Ty vocals not found on release, and an open verse.",2:15,,"Nov 7, 2025",OG File,CD Quality,https://pillows.su/f/08b7c56e090eb431bf149dc16fe3b37e
SUCIO SOUND SYSTEM,"??? [V1]
(prod. Wax Motif)","Song with production from Wax Motif, seemingly just a beat. According to Ty while playing the beat, it was a ""very old version"", and it is being worked on for Sucio Sound System. Played by Ty on stream November 7, 2025.",,,"Nov 7, 2025",Snippet,Recording,https://pillows.su/f/e6177bd9b9bda76bb3ace5d25573fd2d
SUCIO SOUND SYSTEM,"???
(prod. Wax Motif)","Song most likely produced by Wax Motif, as Ty seemed to be skipping through a folder of Wax Motif beats when this was played. Played by Ty on stream November 7, 2025.",,,"Nov 7, 2025",Snippet,Recording,https://pillows.su/f/1488a668f9e81a7a6424b5a340d95c02
SUCIO SOUND SYSTEM,"???
(prod. Wax Motif)","Song most likely produced by Wax Motif, as Ty seemed to be skipping through a folder of Wax Motif beats when this was played. Played by Ty on stream November 7, 2025.",,,"Nov 7, 2025",Snippet,Recording,Link Needed
girl music vol. 1,"✨ got on
(prod. Wax Motif)","Song uploaded to hotcue.fm by Ty on stream November 7, 2025, then deleted after the TYCOON MASHUPS were released. Possibly intended for FREE TC 2 based on the song's subject matter.",2:14,,"Nov 7, 2025",Full,Low Quality,https://pillows.su/f/0033c18dcf6b90519b3cb89698015f52
TYCOON [V1],"A Boogie Wit da Hoodie - ???
(feat. Ty Dolla $ign) (prod. FBG Goat)
(Baddies)","Played by FBG Goat and Ty at the club. Snippet posted by FBG Goat to Instagram on November 4th, 2025.",,,"Nov 4, 2025",Snippet,Recording,https://pillows.su/f/f679fb7e1e80f0f070c0d43c99d1cf73
Beach House 4 [V2],"Ab-Soul - Go Pro [V2]
(feat. Ty Dolla $ign) (prod. Bentley Haze & ???)","Version of the song with synth-based production with minimal drums. Later released on Ab-Soul's album Soul Burger with completely different production. Played by Ty on stream November 9th, 2025.",,,"Nov 2, 2025",Partial,Recording,https://pillows.su/f/cbccd015f3630e7e4cfe04774e165b36
TYCOON [V2],"3 BILLION [V6]
(feat. Timbaland) (prod. Ty Dolla $ign, Camper, Cobalii, Styalz Fuego, Wax Motif & Timbaland)","Version that was likely intended for the deluxe edition of TYCOON, featuring stripped-back production. The music video was played by Ty on stream October 31st, 2025.",,,"Oct 31, 2025",Partial,Recording,https://pillows.su/f/efa5a9f33bf8a7b71595f2c75d1ab1f6
Campaign [V2],"Tm88 - Breaking U Off [V4]
(feat. Ty Dolla $ign) (prod. Tm88 & Southside)
(Breakin' U Off, Break N U Off)","OG FIlename: legend261 breaking u off v1.3 145bpm d minor
Hook-only idea that was on a copy of a 2018 Tm88 mixtape. Released with Rich The Kid and 2 Chainz in 2020. Leaked October 29, 2025.",3:32,"Sep 10, 2016","Oct 29, 2025",OG File,CD Quality,https://pillows.su/f/39a87c6568452db517ade193d3febcc2
MIH-TY,"London On Da Track - Whatever You On
(feat. Young Thug, Ty Dolla $ign, Jeremih & YG) (prod. London On Da Track)","OG Filename: 01_WhateverYouOn- London ft. Ty Dolla Sign YG Young Thug Jeremih - &
01_WhateverYouOn-EMMix5IntroEditMain_1644-REF_04Dec2017
OG file for release.",3:28,"Dec 4, 2017","Oct 29, 2025",OG File,High Quality,https://pillows.su/f/c34b0db1f0db8380dd636609cd542c05
Dream House,"⭐ Love On You
(prod. damn james! & Ty Dolla $ign)","OG Filename: Ty$ - love on you (master)
Song from 2019. Leaked June 24, 2021. OG file leaked October 28, 2025.",2:09,,"Oct 28, 2025",OG File,CD Quality,https://pillows.su/f/ce7e74152c02873c370802cc8d87f92e
¥$,"So Called Friends [V8]
(ref. Freddie Gibbs) (feat. Charlie Wilson & Freddie Gibbs) (prod. Juicy J, Kanye West & Camper)","Version with alternate production on the intro from Camper and additional vocals from Charlie Wilson, as well as punch-ins from Freddie Gibbs on Ye's verse. First played by Ty on stream October 7, 2025.",,,"Oct 26, 2025",Partial,Recording,https://pillows.su/f/ee6f8f77cc7ce735ef838e44fea7e2ad
TYCOON [V1],"🏅 Freak [V1]
(prod. TheLabCook & William Van Zandt)","Solo Ty version played alongside multiple other VULTURES-era songs, implying it is from that era. Has a second Ty verse in place of the AI Ye verse. Played by Ty on stream October 25, 2025.",,,"Oct 25, 2025",Partial,Recording,https://pillows.su/f/67a4b1f8c93a6c59fcfbc700398e4369
TYCOON [V1],"3 Billion [V3]
(prod. Ty Dolla $ign, Cobalii, Styalz Fuego & Wax Motif)","Version with production more similar to release, but without Timbaland's adlibs. Played by Ty on stream October 24th, 2025.",,,"Oct 24, 2025",Partial,Recording,https://pillows.su/f/98906ddbe5c8e0f2160ebc010096bdb4
TYCOON [V1],"Mixed Emotions [V2]
(prod. Taurus & Casper1of1)","Original instrumental with alternate production and a faster tempo. The melody from this version would be used during Travis' verse on release. Played by Ty on stream October 24, 2025.",,,"Oct 24, 2025",Snippet,Recording,https://pillows.su/f/5b2cf61f7d408b09c90c1b4ef9162b33
TYCOON [V1],"Say It [V2]
(feat. ???) (prod. Caleb Bryant, Aye YB & Hitmaka)","Version featuring a verse from an unidentified artist. After playing this version on stream, Ty stated that a remix of the song was coming, possibly suggesting that the verse could be reused for the remix. Played by Ty on stream October 24th, 2025.",,,"Oct 24, 2025",Partial,Recording,https://pillows.su/f/bc423382a4313f5779f1ea32694dd84f
TYCOON [V1],"Say It [V4]
(feat. Playboi Carti & Rema) (prod. damn james!)","Played by Ty on stream October 24th, 2025.",,,"Oct 24, 2025",Snippet,Recording,https://pillows.su/f/926ed49e8ed42b30e255091997e46587
TYCOON [V1],"Say It [V5]
(feat. Playboi Carti & Rema) (prod. damn james!)","Played by Ty on stream October 24th, 2025.",,,"Oct 24, 2025",Snippet,Recording,https://pillows.su/f/d8cceaef00c8b1393513987118abc37b
TYCOON [V1],"Say It [V6]
(feat. Playboi Carti & Rema) (prod. damn james!)","Played by Ty on stream October 24th, 2025.",,,"Oct 24, 2025",Snippet,Recording,https://pillows.su/f/629900d20edfec5637121505f82fcd6f
TYCOON [V1],"Say It [V7]
(feat. Playboi Carti & Rema) (prod. damn james!)","Version with alternate production, including additional synths and without the snare rolls. This file is a bounce of only the beatswitch portion with Rema and Playboi Carti's vocals. Played by Ty on stream October 24th, 2025.",,,"Oct 24, 2025",Snippet,Recording,https://pillows.su/f/78e2135d4448b7ea85da76258ffd1b5b
TYCOON [V1],"⭐ Say It [V9]
(feat. Playboi Carti, Rema & Ant Clemons) (prod. Caleb Bryant, Aye YB, Hitmaka, Wax Motif & damn james!)","Reuses Playboi Carti's verse from ""MELROSE"", recorded during VULTURES 2 sessions. Has different production compared to other versions, a beatswitch likely produced by damn james!, and no harmonies on the intro. Referred to by Ty as an ""old ass version"" after he heard the leak on stream. Original snippet leaked May 9, 2025. Leaked after a successful TY$HUB groupbuy. According to Ty, Carti didn't clear his verse as he was going through ""personal issues"", Chrishan would also say that Carti intended to record another verse but he seemingly never got around to it.",2:53,,"Oct 24, 2025",Full,Lossless,https://pillows.su/f/7af1ad450341d331829baaf23dba5f8e
TYCOON [V1],"Say It [V10]
(feat. Playboi Carti, Rema & Ant Clemons) (prod. Caleb Bryant, Aye YB, Hitmaka, Wax Motif & damn james!)","Version with alternate production. Played by Ty on stream October 24th, 2025.",,,"Oct 24, 2025",Snippet,Recording,https://pillows.su/f/e7618abe3c3269fd58087d778564fc07
TYCOON [V2],"MIXED EMOTIONS [V3]
(prod. Peter Lee Johnson & FBG Goat)","Version with real strings by Peter Lee Johnson as well as piano that is most likely played by FBG Goat, as he would repost this studio footage to his Instagram following the album's release.",,,"Oct 24, 2025",Snippet,Recording,Link Needed
SUCIO SOUND SYSTEM,"PUT YOUR BODY ON ME
(feat. mgk) (prod. Wax Motif)","Song with mgk produced by Wax Motif. According to mgk, the song was intended for TYCOON, however it's more likely meant for the dance project with Wax Motif. First previewed by mgk the F1 afterparty on February 18th, 2025, then later at both the Beyond Wonderland festival and the FriendShip 2025 festival, and again at WrestleMania After Dark on April 19th, 2025. Played by Ty on stream October 24th, 2025.",,,"Oct 24, 2025",Partial,Recording,"https://pillows.su/f/6b558d778d03a05cfc78616f92a3df2b 
https://pillows.su/f/14e6fa057cc00bb9eb0ed9a41e7ad724"
SUCIO SOUND SYSTEM,"???
(prod. Wax Motif)","Played by Ty on stream October 24th, 2025.",,,"Oct 24, 2025",Partial,Recording,https://pillows.su/f/12697bfad20ecda2112552e52a4f0add
SUCIO SOUND SYSTEM,"???
(prod. Wax Motif)","Played by Ty on stream October 24th, 2025.",,,"Oct 24, 2025",Snippet,Recording,https://pillows.su/f/13d0fd9f00c5917078ec7f031305c85b
SUCIO SOUND SYSTEM,"???
(prod. Wax Motif)","Played by Ty on stream October 24th, 2025.",,,"Oct 24, 2025",Snippet,Recording,https://pillows.su/f/668de8995d915cacf1c5d842a8a6e5f0
SUCIO SOUND SYSTEM,"???
(prod. Wax Motif)","Played by Ty on stream October 24th, 2025.",,,"Oct 24, 2025",Snippet,Recording,https://pillows.su/f/1d757d1ed12fc9df76d91f1a637bf535
SUCIO SOUND SYSTEM,"???
(prod. Wax Motif)","Played by Ty on stream October 24th, 2025.",,,"Oct 24, 2025",Snippet,Recording,https://pillows.su/f/c50f73313c21ff515f82d1f2cac2a204
SUCIO SOUND SYSTEM,"???
(prod. Wax Motif)","Played by Ty on stream October 24th, 2025.",,,"Oct 24, 2025",Snippet,Recording,https://pillows.su/f/57bc6df428a694870cae1177903210ee
SUCIO SOUND SYSTEM,"???
(prod. Wax Motif)","Played by Ty on stream October 24th, 2025.",,,"Oct 24, 2025",Snippet,Recording,https://pillows.su/f/dcd8b4fdd20671983ae59a67014f7e65
SUCIO SOUND SYSTEM,"???
(prod. Wax Motif)","Played by Ty on stream October 24th, 2025.",,,"Oct 24, 2025",Snippet,Recording,https://pillows.su/f/0e85b2f395cbb68ac0bfe43f562ff96b
SUCIO SOUND SYSTEM,"???
(prod. Wax Motif)","Played by Ty on stream October 24th, 2025.",,,"Oct 24, 2025",Snippet,Recording,https://pillows.su/f/2ed0c6d6ca1ac1d31a0324850be61a42
SUCIO SOUND SYSTEM,"???
(prod. Wax Motif)","Played by Ty on stream October 24th, 2025.",,,"Oct 24, 2025",Snippet,Recording,https://pillows.su/f/80808764529aa27ef0cbf2bacb2361a0
SUCIO SOUND SYSTEM,"???
(feat. Travis Scott & ???) (prod. Wax Motif)","Song featuring Travis Scott and an unidentified artist, recorded in the same session as ""MIXED EMOTIONS"". Played by Ty on stream October 24th, 2025.",,,"Oct 24, 2025",Partial,Recording,https://pillows.su/f/4b4c13ebb96dfefbe96d3e38655ab3f9
SUCIO SOUND SYSTEM,"???
(prod. Wax Motif)","Played by Ty on stream October 24th, 2025.",,,"Oct 24, 2025",Snippet,Recording,https://pillows.su/f/e78fa776823db66d96ee006b98556c68
SUCIO SOUND SYSTEM,"???
(feat. ???) (prod. Wax Motif)","Played by Ty on stream October 24th, 2025.",,,"Oct 24, 2025",Partial,Recording,https://pillows.su/f/08052301a9e5c94fb1193069f3bb1e14
SUCIO SOUND SYSTEM,"???
(feat. ???) (prod. Wax Motif)","Played by Ty on stream October 24th, 2025.",,,"Oct 24, 2025",Partial,Recording,https://pillows.su/f/a4baefda340398c862dd4fe6865c60ff
SUCIO SOUND SYSTEM,"Wax Motif - All That [V3]
(with Coi Leray, Ty Dolla $ign & Jeremih) (prod. Wax Motif)
(ALL THAT A$$)","Version with reworked production from Wax Motif. Seen as track 10 on a tracklist for Wax Motif's album House of Wax II. Played by Ty on stream October 24th, 2025.",,,"Oct 24, 2025",Partial,Recording,https://pillows.su/f/6f88796a4b7d418b52f6b7406756bad2
Dream House,"🗑️ Cuckoo
(feat. A$AP Ferg) (prod. Hit-Boy)","OG Filename: cuckoo (r1)
Finished song with a piano-based beat and a feature from A$AP Ferg including the line ""bitches gassed like a fart yeah"". Likely recorded in 2019, as A$AP Ferg mentions his age as being 30 on the song. Ty was also working with Ferg and Hit-Boy around this time.",2:12,,"Oct 20, 2025",Full,CD Quality,https://pillows.su/f/d539c7766fb7c0d32db021764ce5aece
¥$,"Happy [V2]
(prod. The Legendary Traxster)","Played by Ty on stream October 18, 2025. Differences unknown.",,,"Oct 18, 2025",Snippet,Recording,https://pillows.su/f/61cd42a6351ba69772be12fd547f644a
TYCOON [V1],"Blind Date [V3]
(prod. Hitmaka & SkipOnDaBeat)",Version with different adlibs and a slightly different mix compared to release.,,,"Oct 18, 2025",Full,CD Quality,https://pillows.su/f/2f6ee38d32cd91e00c6d7a27724c41d6
TYCOON [V1],"Blind Date [V14]
(prod. Hitmaka, SkipOnDaBeat & TM88)","OG Filename: 7 BLIND DATE M11H88
Version with slightly different production from TM88, along with sound effects which were cut for release. Has a very weird mix.",1:54,,"Oct 18, 2025",OG File,Lossless,https://pillows.su/f/40f25f8af24d513963814786ca880e93
Dream House,"Justine Skye - Gangsta [V2]
(feat. Ty Dolla $ign, YG & Vic Mensa) (prod. Vic Mensa)","OG Filename: Gangsta_Ty.YG.Vic_2.0
Unreleased Justine Skye song from 2019. OG file leaked October 17, 2025.",,,"Oct 17, 2025",OG File,High Quality,Link Needed
¥$,"Codeine [V4]
(prod. Kanye West, BoogzDaBeast & FNZ)","Version seen on the Italy tracklist. Differences unknown. Played by Ty on stream October 17, 2025.",,,"Oct 17, 2025",Snippet,Recording,https://pillows.su/f/af3c464afdfb3ba9e7b41553d6483e12
¥$,"🏅 Fuck Flowers [V52]
(prod. Digital Nas, Ojivolta & MIKE DEAN)
(Flowers, Keep The Flowers, Pluck Flowers, Your Life Finna Change Right Now, Friends I'd Smash)","Seen on the 40-song JoyBoy tracklist. According to Rodri, Ty recorded for the song in Italy. Briefly played by Ty on stream on September 15, 2025. Differences unknown.",,,"Oct 17, 2025",Snippet,Recording,https://pillows.su/f/93fdfe07fe16be52e210b36b7a62a386
¥$,"Love Me The Most [V5]
(prod. Lester Nowhere & 88-Keys)","Version with alternate lines and more Ye vocals. Played by Ty on stream October 17, 2025.",,,"Oct 17, 2025",Partial,Recording,https://pillows.su/f/2edbf5e4527e0af2af33577f0dbf4e01
¥$,"Problematic [V9]
(prod. 88-Keys & ???)
(Ceremony Freestyle)","Version with alternate production. Played by Ty on stream October 17, 2025.",,,"Oct 17, 2025",Snippet,Recording,"https://pillows.su/f/131502f67f763c72d41d2746e2878589 
https://pillows.su/f/a359a2ff030ff1d16b6f5154006b9a6e"
¥$,"Pussy Cost Money [V2]
(ref. DeRay Davis) (prod. Kanye West & Disko Boogie)","DeRay Davis reference track, likely recorded alongside his ""Back To Me"" reference. Lacks any Ye or Ty vocals. Samples a scene from From Dusk Till Dawn (1996). Played by DeRay Davis on Ty's stream on October 17th, 2025.",,,"Oct 17, 2025",Partial,Recording,https://pillows.su/f/c2976e3102587e8b12df21e054268e78
¥$,"This One Here [V9]
(feat. James Blake) (prod. James Blake & Dom Maker)
(It's Not Supposed To Be Sad)","OG Filename: This One Here... 
Version with Ty singing on the intro. James Blake's vocals can be faintly heard in the background. First played by Ty on stream September 15th, 2025.",,,"Oct 17, 2025",Partial,Recording,https://pillows.su/f/452741d733a2fc818b3d8cf3f322fc39
¥$,"🏅 ??? [V1]
(prod. ???)
(Gone, Starlight, Every Way)","Original mumble freestyle by Ye and Ty over a completely different instrumental. Samples ""Farther On"" by Jackson Browne. Played by Ty on stream October 17, 2025.",,,"Oct 17, 2025",Snippet,Recording,https://pillows.su/f/4c5a8a14efc127047e7d6eb163147be1
¥$,???,"Played by Ty on stream October 17, 2025.",,,"Oct 17, 2025",Snippet,Recording,https://pillows.su/f/85205f6f0f3bee46f508592c193ca11a
¥$,???,"Played by Ty on stream October 17, 2025.",,,"Oct 17, 2025",Snippet,Recording,https://pillows.su/f/6eea6df57d36e79fd4793c419c0c0417
¥$,"What I'm Missing [V2]
(ref. Lil Durk) (prod. Ojivolta & Scott Bridgeway)
(What Am I Missing)","Lil Durk reference track. Played by Ty on stream October 17th, 2025.",,,"Oct 17, 2025",Partial,Recording,https://pillows.su/f/085a09a6a9651fb53c4e4a68284d8550
VULTURES 1,"Honor Roll [V9]
(feat. Rich The Kid) (prod. TheLabCook)
(Carnival, Hooligans)","Version with the re-recorded Ye verse over the original production. Played by Ty on stream October 17, 2025.",,,"Oct 17, 2025",Partial,Recording,https://pillows.su/f/e94feb1717b6519271074cbfc10d8d78
VULTURES 2,"PUSSY COST MONEY [V3]
(prod. Kanye West, Disko Boogie & The Legendary Traxster)","Version with an open verse in place of Ye's verse. Played by Ty on stream October 17, 2025.",,,"Oct 17, 2025",Partial,Recording,https://pillows.su/f/5f665ffe56ac65172551fd8cb20d34e7
TYCOON [V2],"SAY IT [V11]
(feat. Playboi Carti, Rema, Ant Clemons & ???) (prod. Ty Dolla $ign, Caleb Bryant, damn james!, Simon On The Moon, Skarp V, Aye YB, cppo, Hitmaka, Varg²™ & Wax Motif)","Version featuring vocals from an unidentified artist on the outro. Possibly the version that was played during the TYCOON release party, although this remains unconfirmed as the song was cut during the middle of Playboi Carti's verse. Snippet posted by Varg²™ to Instagram on October 17th, 2025.",,,"Oct 17, 2025",Snippet,Recording,https://pillows.su/f/30ee82650f751b2857a0d50099e11caa
TYCOON [V2],"SAY IT [V21]
(feat. Playboi Carti, Rema & Ant Clemons) (prod. Ty Dolla $ign, Caleb Bryant, damn james!, Simon On The Moon, Skarp V, Aye YB, cppo, Hitmaka, Varg²™ & Wax Motif)","OG Filename: [?] - Say It  M 10 MT001-REF
Version that was initially intended for release on TYCOON. Features production elements from almost every version of the song, with drums from the Febuary version, the Rema bridge from the first version with his vocals and the guitars later used on release. Also has multiple beat pauses and some extra drums not found on other versions. Played by Ty on N3on's stream during the TYCOON release party on September 26th, 2025. Played by Dre Sinatra on Ty's stream on October 12th and October 13th, 2025. Snippet posted by Varg²™ to Instagram on October 17th, 2025, following the album's release.",,,"Oct 17, 2025",Partial,Recording,"https://pillows.su/f/2e95d1bd3c1d5fc1a55597ae1c441168
https://pillows.su/f/42ceeccc217adec74398a95a705ec7c3
https://pillows.su/f/01de5b906a82fdd757999902729eb8a2
https://pillows.su/f/a682b6947f99862ec3c7056f8fc186f6"
TYCOON [V2],"✨ TYCOON$ [V6]
(feat. Young Thug, Lil Baby & Future) (prod. FBG Goat, Rosen Beatz, babyxd & Camper)
(THE TYCOON$, JEWEL BABY)","Version intended for release on TYCOON before Future refused to clear his vocals due to his ongoing feud with Young Thug. Future allegedly called Ty on stream to tell him to either remove Thug completely or he wouldn't clear, which almost led to the song being scrapped entirely. Has Future doing parts that Ty would later do on release. Leaked in CDQ the same day as the album released, after being accidentally uploaded to Spotify's backend.",2:27,,"Oct 17, 2025",Full,Lossless,https://pillows.su/f/3ef09e3070a0cae12034070af87aa499
TYCOON [V2],"???
(prod. Ty Dolla $ign, Varg²™ & ???)","Song with ambient production that was heard as it being worked on by Ty, Varg²™, and another producer in footage posted by Varg²™ to Instagram on October 17th, 2025.",,,"Oct 17, 2025",Snippet,Recording,https://pillows.su/f/7bf9a7eee8600a3aa5bd255cc0e3327d
PURPLE MOON,"🏅 fakemink - Black Jeep [V3]
(with Ty Dolla $ign & Fimiguerrero) (prod. Skrillex, Varg²™, Skarp V & DJ Smokey)","Version featuring a verse from Ty that was cut from release. Likely recorded around August 1st, 2025, when Ty was pictured together with Varg²™, Fimguerrero, and Odzmoney. Played in nearly full by Ty on stream October 17th, 2025.",~3:00,,"Oct 17, 2025",Partial,Recording,https://pillows.su/f/f16a97dc68560037f6c48fd1227b26ed
TYCOON [V2],"WYWD [V1]
(prod. Ty Dolla $ign, Simon On The Moon, Skarp V, Chrishan, Tenroc, Varg²™ & Camper)
(HARDER)","Version with alternate production. Snippet leaked October 16th, 2025.",,,"Oct 16, 2025",Snippet,CD Quality,https://pillows.su/f/e478a07c51551a376635a74253e9ac70
TYCOON [V2],"MIXED EMOTIONS [V7]
(feat. Travis Scott & Leon Thomas) (prod. Leon Thomas, Wax Motif & Ty Dolla $ign)","Version with rougher autotune on Travis Scott's vocals, from an album close to release. Snippet leaked October 16, 2025.",,,"Oct 16, 2025",Snippet,CD Quality,Link Needed
TYCOON [V2],"ON REPEAT [V3]
(feat. Rich The Kid & Destroy Lonely) (prod. TheLabCook, FBG Goat, Varg²™, Skarp V, Simon On The Moon & 6ccpo)","Version with a different mix. Snippet leaked October 16, 2025.",,,"Oct 16, 2025",Snippet,CD Quality,Link Needed
TYCOON [V1],"Roddy Ricch - Handling My Balls
(feat. Ty Dolla $ign) (prod. ATL Jacob)","Roddy x Ty song from 2024, likely intended for The Navy Album. Likely recorded in December 2024, after Ty appeared at Roddy Ricch's PEMFBA 5-Year Anniversary show on December 8th and posted ""#NAVYERA"" to his Instagram story shortly after. Snippet leaked October 14th, 2025.",,"Dec 1, 2024","Oct 14, 2025",Snippet,CD Quality,https://pillows.su/f/6d9bf1e6177eaa6898fdd81384fab0d7
Beach House 4 [V1],"Can't Relate
(with Joe Moses)","Played by Ty on stream October 13th, 2025.",,,"Oct 13, 2025",Partial,Recording,https://pillows.su/f/6dfaef247fac0a077020407d878b2808
Beach House 4 [V1],"🏆 Freak
(with Joe Moses) (feat. Tyga) (prod. damn james! & Ty Dolla $ign)","Song featuring a verse and hook from Joe Moses and verses from Ty and Tyga, recorded during pandemic-era Whoop! 2 sessions. The song is commonly nicknamed ""Rookie"" by the community, and it was originally thought to be ""FREAK"" seen on multiple TYCOON tracklists until the two were discovered to be separate songs. Played by Ty on Tyga's stream on February 1st, 2025. Played in higher quality by Ty on stream October 13th, 2025.",3:12,,"Oct 13, 2025",Full,Recording,"https://pillows.su/f/1b5d9003c966ba34885e76748b2e0258
https://pillows.su/f/efc534847a1ec603a9a651210ba3ab0c
https://pillows.su/f/f33beed71aaac7f9516508a44ae84c55"
Beach House 4 [V1],"???
(with Joe Moses) (feat. E-40) (prod. d.a. got that dope)
(Whoa Whoa)","Song from Whoop! 2 sessions featuring a verse from E-40 and a small amount of Joe Moses vocals on the hook. Played by Ty on stream October 13th, 2025.",,,"Oct 13, 2025",Partial,Recording,https://pillows.su/f/b07819f8bbe8bd45e7e0fb8ca5bc789f
Beach House 4 [V1],"???
(with Joe Moses)
(Tryna Get Paid)","Song with a verse from Joe Moses. Played by Ty on stream October 13th, 2025.",,,"Oct 13, 2025",Partial,Recording,https://pillows.su/f/88a495063614c2ad978e496d0603a919
Beach House 4 [V1],"???
(with Joe Moses)
(Addiction)","Song with a verse from Joe Moses. Played by Ty on stream October 13th, 2025.",,,"Oct 13, 2025",Partial,Recording,https://pillows.su/f/148052be7f10b535bc1b59e4d23d47bb
Beach House 4 [V1],"???
(with Joe Moses)","Briefly played by Ty on stream October 13th, 2025.",,,"Oct 13, 2025",Snippet,Recording,https://pillows.su/f/fc2e4728775e1feefa6c825ed5bece8a
Beach House 4 [V1],"???
(with Joe Moses) (prod. Low the Great)","Briefly played by Ty on stream October 13th, 2025.",,,"Oct 13, 2025",Snippet,Recording,https://pillows.su/f/9ca23d86ddcf42ba4b42f2e5a9e193cc
Beach House 4 [V1],"???
(with Joe Moses)","Briefly played by Ty on stream October 13th, 2025.",,,"Oct 13, 2025",Snippet,Recording,https://pillows.su/f/5c98ea2b62a5dba7e022e7bb76340b1a
Beach House 4 [V1],"???
(with Joe Moses)","Briefly played by Ty on stream October 13th, 2025.",,,"Oct 13, 2025",Snippet,Recording,https://pillows.su/f/ae6ce6cb697397553a075d3f2573a9ab
TYCOON [V2],"SAY IT [V32]
(feat. Playboi Carti, Rema & Ant Clemons) (prod. Ty Dolla $ign, AJ Williams, Anthony Kilhoffer, Caleb Bryant, damn james!, Simon On The Moon, Skarp V, Aye YB, cppo, FBG Goat, Hitmaka, Varg²™ & Wax Motif)","Version similar to the final release, but with slight differences, including the full, uncut chorus, and a small amount of additional production. Played by Dre Sinatra on Ty's stream on October 13th, 2025.",,,"Oct 13, 2025",Snippet,Recording,https://pillows.su/f/4413533faf074fcfb3ffc47848ea692b
Dream House,"🗑️ Smokepurrp - Detox
(feat. Ty Dolla $ign) (prod. CBMIX)
(Fill The Room Up)","OG Filename: Smoke Purrp Feat Ty Dolla $ign - Detox
Smokepurrp leak which features a different beat to the song ""Fill The Room Up"". Ty Dolla $ign is also featured on that song, and has the same verse with the exact same vocal take. Beat to this version can be heard in Ty's headphone bleed on ""Fill The Room Up"". Smokepurrp has completely different lyrics, and the song otherwise is completely different from ""Fill The Room Up"", so this may be not be a demo. Has quite possibly the worst beat ever. Leaked in full June 19, 2024, with the OG file leaking later on.",,,"Oct 12, 2025",OG File,CD Quality,https://pillows.su/f/35444da509b5c430d97ef065fb9d4858
VULTURES 3,"A THOUSAND MILES [V1]
(prod. Ron Fair & Curtis Schweitzer)
(THOUSAND MILES)","Earliest known version recorded over the beat for ""A Thousand Miles"" by Vanessa Carlton. Played by Ty on stream October 12th, 2025.",,,"Oct 12, 2025",Snippet,Recording,https://pillows.su/f/a19a49513229180f31d1febce4978209
VULTURES 3,"THOUSAND MILES [V3]
(prod. Peter Lee Johnson)","Similar to the version above, but with additional piano played by Ty.",,,"Oct 12, 2025",Partial,Recording,https://pillows.su/f/2d0f9e159cad458a72936f69aa70c988
TYCOON [V1],"All I Know [V1]
(prod. Ty Dolla $ign)","First version of the song, over a piano instrumental. Played by Ty on stream October 12th, 2025.",,,"Oct 12, 2025",Partial,Recording,https://pillows.su/f/a7d041dfe6fe4dec67e5459d9d9aa536
TYCOON [V1],"Playboi Carti - ??? [V2]
(feat. Ty Dolla $ign) (prod. KP Beatz)
(OMERTÀ, DRUGS GOT ME NUMB)","Version of the Playboi Carti song with Ty vocals. According to Ty himself, he only did adlibs for the song. Likely recorded in the New Year's Eve 2024 session that Ty had with Carti. The song is not titled ""OMERTA"", as Ty didn't know what song fans were talking about when they spammed the name in his Twitch chat. Played by Ty on stream October 12th, 2025.",,"Dec 31, 2024","Oct 12, 2025",Snippet,Recording,https://pillows.su/f/e834d95778c7754b846c3592dac72400
TYCOON [V1],"Bring Your Friends
(Friends)","Seen on a tracklist in a photo of Ty in the studio on February 7, 2025. Possibly seen as ""Friends"" on the Justin Laboy tracklist. Played by Ty on stream October 12th, 2025.",,,"Oct 12, 2025",Partial,Recording,https://pillows.su/f/755e0f32fda31e939a2596655a6c99d1
TYCOON [V1],Fighting Demons,"Played by Ty on stream October 12th, 2025.",,,"Oct 12, 2025",Partial,Recording,https://pillows.su/f/c2b5af670a27daea267be7284d82d654
TYCOON [V1],"JD Beat [V2]
(feat. ???) (prod. Jermaine Dupri)","Early mumble version with very different production compared to later versions and backing vocals from an unknown artist. Played by Ty on stream October 12th, 2025.",,,"Oct 12, 2025",Snippet,Recording,https://pillows.su/f/185b32b32398ca2251147369f8001cef
TYCOON [V1],"Miss You 2 [V1]
(prod. Keyz)
(Miss U 2)","Solo Ty version. Played by Ty on stream October 12th, 2025.",,,"Oct 12, 2025",Partial,Recording,"https://pillows.su/f/cd6885cb7f663e4c1857154c0a89b42b
https://pillows.su/f/606457693849137362395b85c004e712"
TYCOON [V1],"🏅 Slime Sad [V1]
(feat. Young Thug) (prod. SLOWBURNZ, Wonderyo & Dylan Hyde)
(Sad Slime, Sad Spider)","OG Filename: SAD SLIME TY
Original version of the song later released on Young Thug's album UY SCUTI. Features a verse from Ty which was cut for release. According to Ty, the song was recorded on New Year's Day of 2025, and it was originally intended for TYCOON, but Thug took it for his album at the last minute. Ty's vocals would remain on the intro and outro of the track on release. Acapella played by Ty on stream October 5th, 2025. Played by Ty on stream October 12th, 2025. Snippet leaked November 12th, 2025.",,"Jan 1, 2025","Oct 12, 2025",Partial,Recording,"https://pillows.su/f/fddb7e10491bef515714826b3b5ef975
https://pillows.su/f/5bcb94ef2deb52663f5102ddcb90d314
https://pillows.su/f/48484c2b24eacf1f95d9e831854f5c0e"
TYCOON [V1],"🏆 Summer Time FIne [V2]
(feat. Roddy Ricch) (prod. Cardo Got Wings)","Seen on a TYCOON tracklist seen in a Wiz Khalifa music video posted on March 11, 2025. Seemingly finished with a feature from Roddy Ricch and is produced by Cardo. Played by Ty on stream on October 12th, 2025.",,,"Oct 12, 2025",Snippet,Recording,https://pillows.su/f/5c803021a2a4db2a95774f220f0b94fe
TYCOON [V1],"Wheels Fall Off [V6]
(feat. Ye) (prod. BBYKOBE & Ye)
Wheels","Version with Ye singing on the chorus. Acapella played by Ty on stream October 12th, 2025.",,,"Oct 12, 2025",Snippet,Recording,https://pillows.su/f/401c84e96648abc8df9f77f3fcba15fa
TYCOON [V1],???,"Played by Ty on stream October 12th, 2025.",,,"Oct 12, 2025",Partial,Recording,https://pillows.su/f/0f6d39515be6e4b6a86b6281cce1991c
TYCOON [V1],???,"Played by Ty on stream October 12th, 2025.",,,"Oct 12, 2025",Snippet,Recording,https://pillows.su/f/581353867c4f4967d792c2aa25369f35
TYCOON [V1],"???
(feat. ???)","Played by Ty on stream October 12th, 2025.",,,"Oct 12, 2025",Snippet,Recording,https://pillows.su/f/8bc590df96c335fb7c282f03d40874aa
TYCOON [V1],"???
(feat. The Game)","Briefly played by Ty on stream October 12th, 2025.",,,"Oct 12, 2025",Snippet,Recording,https://pillows.su/f/c11654725b645891061b429960cd193a
TYCOON [V1],???,"Briefly played by Ty on stream October 12th, 2025.",,,"Oct 12, 2025",Snippet,Recording,https://pillows.su/f/b1156fb7994ce46bde7d4d7819293020
TYCOON [V1],???,"Briefly played by Ty on stream October 12th, 2025.",,,"Oct 12, 2025",Snippet,Recording,https://pillows.su/f/833c9f5075ca5dd54c7524ddef02f48c
TYCOON [V1],???,"Briefly played by Ty on stream October 12th, 2025.",,,"Oct 12, 2025",Snippet,Recording,https://pillows.su/f/598e76c803185f579433508ffe16925b
TYCOON [V1],???,"Briefly played by Ty on stream October 12th, 2025.",,,"Oct 12, 2025",Snippet,Recording,https://pillows.su/f/0d639af481b364dbf64ace2e22af7bde
TYCOON [V1],???,"Briefly played by Ty on stream October 12th, 2025.",,,"Oct 12, 2025",Snippet,Recording,https://pillows.su/f/f5c25b45a473e39f04a1117802c020ea
TYCOON [V1],???,"Briefly played by Ty on stream October 12th, 2025.",,,"Oct 12, 2025",Snippet,Recording,https://pillows.su/f/9e34464924f9b9ce18a7ce916b0aa0bb
TYCOON [V1],???,"Briefly played by Ty on stream October 12th, 2025.",,,"Oct 12, 2025",Snippet,Recording,https://pillows.su/f/8ff79f6456206c97b3f539a390efe18f
TYCOON [V1],???,"Briefly played by Ty on stream October 12th, 2025.",,,"Oct 12, 2025",Snippet,Recording,https://pillows.su/f/1ac3da31b1155b76a2fa3e6c6872257b
TYCOON [V1],???,"Briefly played by Ty on stream October 12th, 2025.",,,"Oct 12, 2025",Snippet,Recording,https://pillows.su/f/d3e8ae8109746452adfb2e5a8a952530
TYCOON [V1],???,"Briefly played by Ty on stream October 12th, 2025.",,,"Oct 12, 2025",Snippet,Recording,https://pillows.su/f/af1bffd4bc866b6d776db350362bee73
TYCOON [V1],???,"Briefly played by Ty on stream October 12th, 2025.",,,"Oct 12, 2025",Snippet,Recording,https://pillows.su/f/cade6755fb5f0b24168fa77ffb53dd6e
TYCOON [V1],???,"Briefly played by Ty on stream October 12th, 2025.",,,"Oct 12, 2025",Snippet,Recording,https://pillows.su/f/e444d308c1c1e118759920d08a042ee1
TYCOON [V1],"???
(feat. ???)","Played by Ty on stream October 12th, 2025.",,,"Oct 12, 2025",Partial,Recording,https://pillows.su/f/5b70d92563db72370684d644b36c9db8
TYCOON [V1],???,"Played by Ty on stream October 12th, 2025.",,,"Oct 12, 2025",Snippet,Recording,https://pillows.su/f/b7817889add605b628a77403ab2c5635
TYCOON [V1],"???
(prod. Murda Beatz)","Played by Ty on stream October 12th, 2025.",,,"Oct 12, 2025",Snippet,Recording,https://pillows.su/f/c9d81f802ecf1e500bcd09db5ff09c77
TYCOON [V1],"???
(prod. DY Krazy)","First played by Ty on stream October 7, 2025.",,,"Oct 12, 2025",Snippet,Recording,https://pillows.su/f/5ef43db1ebf2d893a3aaac95d20307df
TYCOON [V1],"🏅 Playboi Carti - WE NEED ALL DA VIBES [V3]
(with ¥$, Young Thug & Gunna) (prod. Wheezy & Dez Wright)
(VIBING)","According to Ye in an interview with DJ Akademiks, he was supposed to be on MUSIC, recording a verse to this song in the same session as ""Wheels Fall Off"". Ye also stated that this session is where him and Carti talked about making a mixtape together, later forming into CARTI YE. Snippet played by Ty Dolla $ign on stream October 12th, 2025 while searching through ""Wheels Fall Off"" files.",,"Feb 6, 2025","Oct 12, 2025",Snippet,Recording,https://pillows.su/f/6e2e82055a6285e1395197145c938ff0
TYCOON [V2],"PLEASE DON'T GO [V2]
(feat. Wiz Khalifa) (prod. Adam Vadel)","Version with a verse from Wiz Khalifa and slightly different production. Lacks the Chain Gang pre-chorus. Has an open verse. Played by Ty on stream October 12th, 2025.",3:05,,"Oct 12, 2025",Full,Recording,https://pillows.su/f/2d419f63e50aecc00ffb8b882dd3c805
TYCOON [V2],"🏆 PLEASE DON'T GO [V3]
(feat. Wiz Khalifa) (prod. Adam Vadel)","Version that cuts down Ty's verse and has more stripped-back, synth-based production including trap drums and piano. Considered to replace ""TYCOON$"" after Future refused to clear his feature. According to Hogan, this song was track 1 on the TYCOON website tracklist in place of ""CAN'T BE FUCKED WITH"". First previewed by Ty at the Les Ardentes festival in Belgium. Played in full by Ty on stream October 12th, 2025.",2:35,,"Oct 12, 2025",Full,Recording,https://pillows.su/f/8f4ff58669176fc1daa87ec518c01dcf
TYCOON [V2],"JD BEAT [V7]
(prod. Jermaine Dupri & ???)","Version with the original drums. Has the bass taken out, which Ty pointed out made the song sound ""pop"" and to revert it back to normal. Considered to replace ""TYCOON$"" after Future refused to clear his feature. Played by Ty on stream October 12th, 2025.",,,"Oct 12, 2025",Partial,Recording,https://pillows.su/f/4a4c406cbbbe95a8c3bd6282d39664ea
TYCOON [V2],"TYCOON [V1]
(ref. Dave Blunts) (prod. Jimmy Jam)","Piano-based song with Dave Blunts vocals that are very different from his usual vocal style. While in the studio, Dave Blunts asked if this would become the new title track for the project after ""TYCOON$"" was facing clearance issues. Recorded and played on stream October 12th, 2025.",,"Oct 12, 2025","Oct 12, 2025",Partial,Recording,https://pillows.su/f/472d2326a629a1049529557e6f232144
TYCOON [V2],"TYCOON [V2]
(ref. Dave Blunts) (prod. Jimmy Jam)",Version with additional lines and alternate vocals recorded on stream.,,"Oct 12, 2025","Oct 12, 2025",Partial,Recording,https://pillows.su/f/59c7e1de5e54c1ed800cd88b447a7ba6
TYCOON [V2],"??? [V1]
(CALL MY PHONE, WAY TOO GEEKED)","Has an open verse where Dave Blunts would later record on. First played by Ty on stream September 16, 2025.",,,"Oct 12, 2025",Partial,Recording,https://pillows.su/f/2eb46b1853410a4b18ab5f1411c63087
TYCOON [V2],"??? [V2]
(feat. Dave Blunts)
(CALL MY PHONE, WAY TOO GEEKED)","Song with Ty doing a new experimental vocal inflection. Has a Dave Blunts feature recorded on stream on October 12, 2025. Played by Ty on stream October 12th, 2025.",2:50,"Oct 12, 2025","Oct 12, 2025",Full,Recording,https://pillows.su/f/3745dc4918398eea8e1f461387d77ccc
TYCOON [V2],"GRATEFUL [V2]
(feat. serpentwithfeet)","Version with additional lines in the first verse, most likely made after Shawn Barron suggested it be on TYCOON. Considered to replace ""TYCOON$"" after Future refused to clear his feature. Seen on the second list of suggestions for the deluxe edition of TYCOON sent to Ty by Auger96. Played by Ty on stream October 12th, 2025.",,,"Oct 12, 2025",Partial,Recording,https://pillows.su/f/d1aefcaafb22721e3dfea8a47cebd6d7
SUCIO SOUND SYSTEM,"???
(prod. Wax Motif)","Dance song, possibly from the sessions with Wax Motif. Has an open verse. Played by Ty on stream October 12th, 2025.",,,"Oct 12, 2025",Partial,Recording,https://pillows.su/f/c43f14e5053b51a856a155c674e85165
SUCIO SOUND SYSTEM,"???
(prod. Wax Motif)","Dance song, possibly from the sessions with Wax Motif. Played by Ty on stream October 12th, 2025.",,,"Oct 12, 2025",Snippet,Recording,https://pillows.su/f/9db7e185478d6b2411a0f1d54c583af5
Beach House 4 [V1],"???
(All Day)","Played by Ty on stream October 11, 2025.",,,"Oct 11, 2025",Full,Recording,https://pillows.su/f/69bb9dba5c17d1e82e226713099fcabd
Beach House 4 [V1],???,"Played by Ty on stream October 11, 2025.",,,"Oct 11, 2025",Full,Recording,Link Needed
Airplane Mode 2 [V1],"✨ Side Tracked [V1]
(prod. damn james!)
(Sidetracked)","OG Filename: 10 side tracked
Track 10 on Airplane Mode 2. Snippets leaked May 10 and September 4, 2025. Renamed file leaked October 11, 2025, for free after two failed $60 groupbuys beforehand.",2:14,,"Oct 11, 2025",OG File,CD Quality,https://pillows.su/f/9fa50032e3e10a084dcfcc7329d5c149
TYCOON [V2],"HARDER [V6]
(prod. Ty Dolla $ign, Simon On The Moon, Skarp V, Chrishan, Tenroc, Varg²™, Camper & AyoAA)
(WYWD)","Version with additional production from AyoAA. Played by Ty on stream October 11th, 2025.",,,"Oct 11, 2025",Partial,Recording,https://pillows.su/f/357e1cc7e32fd88ab9dd91c50d344b05
TYCOON [V2],"HARDER [V4]
(prod. Ty Dolla $ign, Simon On The Moon, Skarp V, Chrishan, Tenroc, Varg²™ & Camper)
(WYWD)","OG Filename: Copy of Harder - 10.8.25.2
Version with updated production compared to the one played at the TYCOON listening party. Played by Ty on Auger96's stream October 8, 2025.",,"Oct 8, 2025","Oct 8, 2025",Partial,Recording,Link Needed
MIH-TY,"🏅 New Level
(feat. PARTYNEXTDOOR & Lil Wayne) (prod. Hitmaka, SprngBrk & SlikkMuzik)","OG Filename: New Level J TY PND WAYNE 02.??.18
Hitmaka confirmed on The Joe Budden Podcast that PARTYNEXTDOOR was originally going to be on MIH-TY. This was revealed to be a cut verse on this song after a snippet leaked October 23, 2023; however, the snippet did not contain any PARTYNEXDOOR vocals. A new snippet including PARTYNEXTDOOR vocals leaked October 10, 2025. This version also features Lil Wayne's verse that was cut from the final release due to clearance issues.",,"Feb 1, 2018","Oct 7, 2025",Snippet,CD Quality,"https://pillows.su/f/c2b211718df4f02d658d7227abb62ce9
https://pillows.su/f/3f0d922002011d754ae8f942c07e13d0"
Beach House 4 [V2],"??? [V2]
(feat. H.E.R.) (prod. Camper)","Song featuring H.E.R., recorded sometime in 2023. Played by Ty on stream October 7th, 2025.",,,"Oct 7, 2025",Partial,Recording,https://pillows.su/f/61c1aad2b6df6c8d18f6566108a3b539
¥$,"Burn [V8]
(feat. Charlie Wilson) (prod. Camper)
(Dangerous)","Version with alternate production from Camper and Charlie Wilson singing the chorus. Has Ye's finished verse and lacks any Ty vocals. Samples ""Family Affair"" by Sly and the Family Stone. Played by Ty on stream October 7, 2025",,,"Oct 7, 2025",Partial,Recording,https://pillows.su/f/399685cb01707b9204a62607bf036ceb
TYCOON [V1],"???
(prod. GREN808)","Played by Ty on stream October 7, 2025. Era unknown, placed here in TYCOON temporarily.",,,"Oct 7, 2025",Snippet,Recording,https://pillows.su/f/15b5d2bd863c182e027a184ee05cfa93
TYCOON [V1],"JD Beat [V3]
(prod. Jermaine Dupri)","Version with different drums, slightly different lyrics on the second verse, and no beat cuts. Played by Ty on stream October 4, 2025. Ty says that he likes the drums on this version more than the later versions.",2:15,,"Oct 7, 2025",Full,Recording,https://pillows.su/f/aa17490f9dc966d4ed37179d24527100
TYCOON [V1],"Nobody Has To Know [V2]
(prod. Rosen Beatz, FBG Goat & Juko)","Solo Ty version featuring an additional verse that was cut from release, as well as a different line on the first verse and alternate production that directly samples ""Down Low (Nobody Has To Know)"" by R. Kelly, which was replaced by an interpolation for release. According to Ty, he freestyled the entire song after he was sent the beat by FBG Goat. First played by Ty on stream September 2nd, 2025. Played by Ty on stream October 7th, 2025.",,,"Oct 7, 2025",Partial,Recording,"https://pillows.su/f/5f0ea34d84cb52cc1d846b36fc4d57c9
https://pillows.su/f/d17d279c52ea0c25c4bda7c915498ce1"
TYCOON [V1],"???
(feat. Young Thug)","Song with vocals from Young Thug, likely recorded between late December 2024 and early January 2025, as it was played alongside ""Slime Sad"" and ""Vibing"". Played by Ty on stream October 7th, 2025.",,"Dec 1, 2025","Oct 7, 2025",Snippet,Recording,https://pillows.su/f/d324444a1b1cccf59f2dd89dec22f000
TYCOON [V2],???,"Played by Ty on stream October 7, 2025.",,,"Oct 7, 2025",Snippet,Recording,https://pillows.su/f/1be19f22b2e80f0b3777b115d1b8766b
TYCOON [V2],"HARDER [V7]
(prod. Ty Dolla $ign, Simon On The Moon, Skarp V, Chrishan, Tenroc, Varg²™ & Camper)
(WYWD)","Played by Ty on stream October 7th, 2025.",,,"Oct 7, 2025",Partial,Recording,https://pillows.su/f/318d88f55d9a7b690f08cb317c176f7a
TYCOON [V2],"MIXED EMOTIONS [V6]
(feat. Travis Scott & Leon Thomas) (prod. Taurus, Peter Lee Johnson, Casper1of1, FBG Goat, Wax Motif & Ty Dolla $ign)","Version with live bass played by Ty that would be used at the end of Leon's verse on release. Video posted October 7, 2025.",,,"Oct 7, 2025",Snippet,Recording,https://pillows.su/f/bf197ef898f903108e6253dbc7b6b583
TYCOON [V2],"SHOW ME LOVE [V5]
(feat. Tory Lanez) (prod. Hitmaka, SkipOnDaBeat, Varg²™, Simon On The Moon & Skarp V)","Version with Tory added back and a drum switch on his verse. Played by Ty on stream October 7, 2025.",,,"Oct 7, 2025",Partial,Recording,Link Needed
TYCOON [V2],"SHOW ME LOVE [V6]
(feat. Tory Lanez) (prod. Hitmaka & SkipOnDaBeat)","Version made live on stream by Ty who was messing with the production, has a slight beatswitch on Tory's verse and the main drums on his part. Played by Ty on stream October 7, 2025.",,"Oct 7, 2025","Oct 7, 2025",Partial,Recording,Link Needed
AIRPLANE MODE 2 [V2],"BODY LANGUAGE [V3]
(prod. damn james! & Di$)
(I CAN TELL)","Initial version made when the project was revisited in 2025. Played by Ty on stream October 7, 2025.",,,"Oct 7, 2025",Partial,Recording,https://pillows.su/f/2318cb2a6e5c64b9aa916bfd2efe607b
AIRPLANE MODE 2 [V2],"CODEINE ADDICTION [V2]
(prod. damn james!)","Initial version made when the project was revisited in 2025. Played by Ty on stream October 7, 2025.",,,"Oct 7, 2025",Partial,Recording,https://pillows.su/f/39d05ae856b7a514a34c4b744a331a54
AIRPLANE MODE 2 [V2],"DESIGNER DRUGS [V3]
(feat. Chris King) (prod. damn james!)","Initial version made when the project was revisited in 2025. Features Chris King's verse over the reworked production. First played by Ty on stream October 3, 2025.",,,"Oct 7, 2025",Partial,Recording,https://pillows.su/f/eb0269890a6550f5e5a832e84100d698
AIRPLANE MODE 2 [V2],"FIND OUT [V2]
(prod. damn james! & Di$)
(FUCK AROUND & FIND OUT)","Initial version made when the project was revisited in 2025. Played by Ty on stream October 7, 2025.",,,"Oct 7, 2025",Snippet,Recording,https://pillows.su/f/68f156e8aa231383cc7ed149a9b966b6
AIRPLANE MODE 2 [V2],"ICEE [V2]
(feat. Popcaan) (prod. damn james! & Dreamz)","Initial version made when the project was revisited in 2025. Played by Ty on stream October 7, 2025.",,,"Oct 7, 2025",Partial,Recording,https://pillows.su/f/ff1abb8f4e68926019c1e49fdf16078f
AIRPLANE MODE 2 [V2],"LICK BACK [V2]
(prod. damn james!)","Initial version made when the project was revisited in 2025. Played by Ty on stream October 7, 2025.",,,"Oct 7, 2025",Snippet,Recording,https://pillows.su/f/21257e2b5dddf56bf0d1677e7f0eec56
AIRPLANE MODE 2 [V2],"NONE LIKE U [V4]
(prod. damn james!)","Initial version made when the project was revisited in 2025. The open verse has been cut and the final line on Ty's verse is included in full. First played by Ty on stream October 3, 2025.",1:21,,"Oct 7, 2025",Full,Recording,https://pillows.su/f/41961be10a2fd4376fd6c06f99d16f8d
AIRPLANE MODE 2 [V2],"POP MY SHIT [V2]
(prod. damn james!)","Initial version made when the project was revisited in 2025. Played by Ty on stream October 7, 2025.",,,"Oct 7, 2025",Snippet,Recording,https://pillows.su/f/bb53553aa94fea33ed1c3e438af2d095
AIRPLANE MODE 2 [V2],"PURPLE IN MY PUNCH [V5]
(feat. Chris King) (prod. damn james! & Di$)
(PURPLE PUNCH)","Initial version made when the project was revisited in 2025. First played by Ty on stream October 3, 2025.",,,"Oct 7, 2025",Partial,Recording,https://pillows.su/f/ff135a390d339f4ec1f5bc3842692ee1
AIRPLANE MODE 2 [V2],"SHE'S BACK OUTSIDE [V12]
(feat. Ant Clemons) (prod. damn james! & MixedByTheBest)
(BACK OUTSIDE, WE BACK OUTSIDE, APEROL SPRITZ)","Initial version made when the project was revisited in 2025. Played by Ty on stream October 7, 2025.",,,"Oct 7, 2025",Partial,Recording,https://pillows.su/f/47b484d019acfeb25f25722df592dde4
AIRPLANE MODE 2 [V2],"SHE'S BACK OUTSIDE [V13]
(feat. Ant Clemons) (prod. damn james! & MixedByTheBest)
(BACK OUTSIDE, WE BACK OUTSIDE, APEROL SPRITZ)","Version with alternate production. Played by Ty on stream October 7, 2025.",2:14,,"Oct 7, 2025",Full,Recording,https://pillows.su/f/d3a9124ee0bfca33a37724f3555940b8
AIRPLANE MODE 2 [V2],"SHE'S BACK OUTSIDE [V14]
(feat. Ant Clemons) (prod. damn james! & MixedByTheBest)
(BACK OUTSIDE, WE BACK OUTSIDE, APEROL SPRITZ)","Version with alternate production including an offkey guitar. Played by Ty on stream October 7, 2025.",2:14,,"Oct 7, 2025",Full,Recording,https://pillows.su/f/367eb255a85031a12c910dba438fdd94
AIRPLANE MODE 2 [V2],"SIDE TRACKED [V2]
(prod. damn james!)
(SIDETRACKED)","Initial version made when the project was revisited in 2025. Played by Ty on stream October 7, 2025.",,,"Oct 7, 2025",Snippet,Recording,https://pillows.su/f/8b048d6eb704e4bdc1670ae8f0a00213
PURPLE MOON,"???
(prod. Varg²™)","Varg²™-produced rage beat played by Ty on stream October 7th, 2025.",,,"Oct 7, 2025",Partial,Recording,https://pillows.su/f/dda67d69e67eb72ac67c6bc1c7e05301
PURPLE MOON,"???
(prod. Varg²™)","Varg²™-produced rage beat played by Ty on stream October 7th, 2025.",,,"Oct 7, 2025",Snippet,Recording,https://pillows.su/f/1002d499fb4a8af0b3faf03881caf407
PURPLE MOON,"???
(prod. Varg²™)","Varg²™-produced rage beat played by Ty on stream October 7th, 2025.",,,"Oct 7, 2025",Snippet,Recording,https://pillows.su/f/88463b19bbdd08d005fdb829351cb4a5
Featuring Ty Dolla $ign,"DDG - Don't Play Wit Me [V3]
(feat. Ty Dolla $ign & IVXN)","OG Filename: DDG_x_TYref_Ivxn_DPWMv2mix.mp3
Version with a feature from Croatian artist IVXN, leaked as a bonus for a Kendrick Lamar groupbuy.",3:24,,"Oct 5, 2025",OG File,CD Quality,https://pillows.su/f/b6bc60e3e6081c71ca9bf22ef8eedeb9
TYCOON [V2],"CAN'T BE FUCKED WITH [V2]
(prod. AyoAA, Chrishan, LAF Collective, TURINI, Varg²™, Simon On The Moon & Skarp V)
(CAN'T BE FUCKED WIT, CBFW)","Version with background harmonies recorded live on stream. When the chat likened Ty's harmonies to moaning he responded with ""I only moan when I'm fucking your mom"". Played by Ty on stream October 5, 2025.",,"Oct 5, 2025","Oct 5, 2025",Snippet,Recording,Link Needed
TYCOON [V2],"SAY IT [V22]
(feat. Playboi Carti, Rema & Ant Clemons) (prod. Ty Dolla $ign, Caleb Bryant, damn james!, Simon On The Moon, Skarp V, Aye YB, cppo, Hitmaka, Varg²™ & Wax Motif)","Version that Ty listened to on stream October 5th, 2025, which Fai stated was ""from like two days ago"".",,"Oct 3, 2025","Oct 5, 2025",Snippet,Recording,https://pillows.su/f/908a830ce63a84ad887237eb2a4fdbf4
TYCOON [V2],"SAY IT [V23]
(feat. Playboi Carti, Rema & Ant Clemons) (prod. Ty Dolla $ign, Caleb Bryant, damn james!, Simon On The Moon, Skarp V, Aye YB, cppo, Hitmaka, Varg²™ & Wax Motif)","Version that Ty listened to on stream October 5th, 2025, which was sent by Varg²™ to Fai that day.",,"Oct 5, 2025","Oct 5, 2025",Partial,Recording,"https://pillows.su/f/e2ded457dcc27705108a6fbad6ba0319
https://pillows.su/f/5e284f725b224dce2828303af7c4b5e7"
TYCOON [V2],"SAY IT [V24]
(feat. Playboi Carti, Rema & Ant Clemons) (prod. Ty Dolla $ign, Caleb Bryant, damn james!, Simon On The Moon, Skarp V, Aye YB, cppo, Hitmaka, Varg²™ & Wax Motif)","Second version that Ty listened to on stream October 5th, 2025, which was sent by Varg²™ to Fai that day.",,"Oct 5, 2025","Oct 5, 2025",Partial,Recording,https://pillows.su/f/496b2193851116dd1f4be73c6ba37f30
Dream House,"Losing
(prod. d.a. got that dope)","Shares a similar instrumental to ""Problem With You"" by Chris Brown. Snippet leaked June 4, 2020. Leaked as a bonus to a Kendrick groupbuy.",2:33,,"Oct 4, 2025",Full,CD Quality,https://pillows.su/f/a6a06eaf1a760aa66da11392c46d319b
¥$,"⭐ 2 Myself [V3]
(prod. damn james!, Leon Thomas & FNZ)
(2 My Self)","OG Filename: 11 2 myslef
Track 11 on Airplane Mode 2. Has an open verse. A snippet with Rihanna vocals leaked alongside a real snippet of the song; however, this was later proven to be fake. According to damn james!, the song was made in Italy, likely referring to its reworked instrumental, as the track was originally recorded in 2019. James also stated that Leon Thomas and FNZ produced on the song, both of whom were working with Ye and Ty in Italy at the time. Snippets leaked June 9 and August 6, 2025. Leaked October 4, 2025, after damn james! confirmed the song would be releasing on Airplane Mode 2.",2:49,,"Oct 4, 2025",OG File,CD Quality,https://pillows.su/f/4d0c310e5b5fe1a53dfc1bfe7642e01c
VULTURES 2,"??? [V3]
(prod. JPEGMAFIA)
(GONE, STARLIGHT, EVERY WAY)","Version with an alternate line on the chorus, ""until we're dead"", which would later be replaced with ""until we're gone"". Played by Ty on stream October 4, 2025.",,,"Oct 4, 2025",Partial,Recording,"https://pillows.su/f/b9b0c0fbb204b5b01c7e9ee2ecfde3af
https://pillows.su/f/3ec7101eb09b622109fcea904e18e17b"
TYCOON [V1],"Blind Date [V2]
(prod. Hitmaka & SkipOnDaBeat)","Fully finished song with rage production. Considered to replace ""TYCOON$"" after Future refused to clear his feature. Snippets posted by Hitmaka to Instagram on May 29, 2024 and April 18, 2025. The song was made in mid-2024 due to studio footage of the song being made showing Ty wearing VULTURES merch. Briefly played by Ty on stream September 2nd, 2025 and again on October 4, 2025. Released as a bonus for TYCOON sent to fans who purchased the album by Auger96.",,,"Oct 4, 2025",Partial,Recording,"https://pillows.su/f/1a4fc739ac7dc361fa1c8a8cf5878fa1
https://pillows.su/f/55386d3beb828df7358d5b92f5cbaf11
https://pillows.su/f/270504c22bc039f6d190a35bf058319d"
TYCOON [V1],"???
(THROUGH IT)","First played by Ty on stream September 2nd, 2025.",,,"Oct 4, 2025",Partial,Recording,https://pillows.su/f/d8bf9b63eeb1a6ac6b3d12ad66b0448c
TYCOON [V1],"???
(FREAK ME NOW)","First played by Ty on stream September 2nd, 2025.",,,"Oct 4, 2025",Snippet,Recording,https://pillows.su/f/1f478ca5dcf51e65b0ff5cb7c08bbe90
TYCOON [V2],"🏆 Freddie Gibbs & KAYTRANADA - ???
(feat. Ty Dolla $ign) (prod. KAYTRANADA)","Freddie Gibbs stated in an interview from July 19th, 2025, that ""a couple months ago"", shortly after finishing up his album Alfredo 2 with The Alchemist, he recorded an R&B song featuring Ty, produced by KAYTRANADA. This was the first song that Freddie created with Kay, and it inspired the two to make a full collaborative project together. Interpolates ""Shangri La"" by Freddie Gibbs. First played by Ty on stream September 2nd, 2025.",,,"Oct 4, 2025",Snippet,Recording,https://pillows.su/f/df2ad79558fbc7ab6494cc2689548bae
TYCOON [V2],"GOOD TIME
(feat. Rich The Kid)","Song featuring a verse from Rich The Kid. First played by Ty on stream September 2nd, 2025.",,,"Oct 4, 2025",Partial,Recording,https://pillows.su/f/a9a689c941fc03a7242e2ece45400049
PURPLE MOON,"PURPLE MOON [V1]
(prod. GREN808)","Has an open verse. Played in nearly full by Ty on stream October 4th, 2025.",~2:00,,"Oct 4, 2025",Partial,Recording,https://pillows.su/f/5ff5e6821167cde158a48d8b9ecdf84c
PURPLE MOON,"🏆 ???
(prod. star boy & Outtatown)
(HUNNID, Lord Of Chaos)","Shares the same instrumental as ""Lord Of Chaos"" by Ken Carson. Ty likely made his version first, and it was likely intended for PURPLE MOON due to the sound and producers. First briefly played by Ty on stream September 2nd, 2025. Played in nearly full by Ty on stream October 4th, 2025.",~1:40,,"Oct 4, 2025",Partial,Recording,https://pillows.su/f/6229924768f9e5b44a907c93fb890589
PURPLE MOON,"???
(prod. star boy)","Song with open verses. While the song was playing, Ty stated that he wanted NBA YoungBoy and Playboi Carti to record on it, and that he would send them both the song, but it's unknown if anything happened. Played by Ty on stream October 4th, 2025.",,,"Oct 4, 2025",Partial,Recording,https://pillows.su/f/f647ed921cdb3b7089f7d8a73bbb8541
PURPLE MOON,"???
(prod. star boy)","First played by Ty on stream September 2nd, 2025.",,,"Oct 4, 2025",Partial,Recording,https://pillows.su/f/c9dade2cb99b8559da3b1969d26c97e6
PURPLE MOON,???,"First played by Ty on stream September 2nd, 2025.",,,"Oct 4, 2025",Snippet,Recording,https://pillows.su/f/5b4be3ba961cfca137bdd37c7f625b62
Beach House 4 [V1],⭐ Retail Therapy [V2],"OG Filename: AUDIO-2025-10-03-17-11-10
Fully finished song sent to Auger96 by Ty on October 3, 2025. Metadata indicates the song is from 2022.",2:44,,"Oct 3, 2025",OG File,CD Quality,https://pillows.su/f/e420ef2d4c1425643c021af7d37985fc
AIRPLANE MODE 2 [V2],"PURPLE IN MY PUNCH [V6]
(feat. Chris King) (prod. damn james! & Di$)
(PURPLE PUNCH)","OG Filename: AUDIO-2025-10-03-14-35-09
Low-quality rebounce sent to Auger96 by Ty on October 3, 2025.",2:03,"Oct 3, 2025","Oct 3, 2025",OG File,Low Quality,https://pillows.su/f/48eb79ceb50120b3d41b782968f712e8
PURPLE MOON,"⭐ SOCIAL NORM [V2]
(prod. Camper)","OG Filename: AUDIO-2025-10-03-17-14-31
Entirely freestyled joke song including lyrics about pornography, cancel culture, Donald Trump, and eating ass. According to Ty, the song will be on PURPLE MOON. Samples ""Lick My Nutz"" by Lord Infamous and DJ Paul. Played by Ty on stream September 2nd, 2025. This version is a rebounce that was sent to Auger96 by Ty on October 3rd, 2025.",1:54,"Oct 3, 2025","Oct 3, 2025",OG File,High Quality,https://pillows.su/f/5876336d77e2d8db3d2fe19d3cf22f07
Dream House,"Tap In [V1]
(feat. Tyga) (prod. d.a. got that dope)","Version with alternate lyrics on the hook. Snippet leaked September 27, 2025.",,,"Sep 27, 2025",Snippet,CD Quality,https://pillows.su/f/6cdf5bf3aa4488b1938ef92ba2a4b4aa
Dream House,"Rotate
(prod. Hitmaka)","Song from 2019. Samples ""Darkest Light"" by Lafayette Afro Rock Band, the same sample as ""PUSSY COST MONEY"". Snippet leaked December 14, 2024. A stem edit of the song with Joe Moses leaked September 26, 2025. The actual file has an open verse in place of Joe Moses.",,,"Sep 26, 2025",Partial,CD Quality,https://pillows.su/f/10f76cdf5b5ae70f15fa8cec1c31505e
TYCOON [V2],"CAN'T BE FUCKED WITH [V1]
(prod. Chrishan, LAF Collective, TURINI, Varg²™, Simon On The Moon & Skarp V)
(CAN'T BE FUCKED WIT, CBFW)","Very similar to release but does not have the extra background harmonies on the first half that were recorded by Ty on stream the next week, nor does it have the extra AyoAA production that was later added to the beatswitch closer to release. Played by Ty on N3ON's stream September 26, 2025.",,,"Sep 26, 2025",Partial,Recording,https://pillows.su/f/0d405ef2b08232683310edff9fd831f2
TYCOON [V2],"DON'T KILL THE PARTY [V15]
(feat. Quavo & Juicy J) (prod. BNYX®, 206derek, Juicy J, Matt Spatola, Lasik, BBYKOBE, Ojivolta & Ye)","Version similar to release but with a faster tempo. This may have been a one-off version of the song made for the performance. Played by Ty on stream September 26, 2025.",,,"Sep 26, 2025",Full,Recording,Link Needed
TYCOON [V2],"HARDER [V2]
(prod. Ty Dolla $ign, Simon On The Moon, Skarp V, Chrishan, Tenroc, Varg²™ & Camper)
(WYWD)","Version with an alternate mix very close to release. Played by Ty on N3ON's stream September 26th, 2025.",,,"Sep 26, 2025",Full,Recording,Link Needed
TYCOON [V2],"I WISH [V4]
(prod. Camper, star boy, Outtatown, Varg²™, Simon On The Moon & Skarp V)","Version with an alternate mix very similar to release. Played by Ty on N3ON's stream September 26, 2025.",,,"Sep 26, 2025",Partial,Recording,Link Needed
TYCOON [V2],"MIXED EMOTIONS [V5]
(feat. Travis Scott & Leon Thomas) (prod. Taurus, Peter Lee Johnson, Casper1of1, FBG Goat & Wax Motif)","Version with some different drums which would later be reworked by AyoAA the day before release and a different synth on Travis' verse. Initially thought to be solo Ty and Travis, however its more likely that Leon's part just wasn't played as they skipped to the remix before it started and Leon was standing next to Ty as the song was playing. Played by Ty on N3ON's stream September 25, 2025",,,"Sep 26, 2025",Partial,Recording,https://pillows.su/f/281e808f82802593831fb8027b3c6ad8
TYCOON [V2],"MIXED EMOTIONS (Remix)
(feat. Travis Scott & Leon Thomas) (prod. ???)","Remix of the song with a completely different beat. Played by Ty on N3ON's stream on September 26th, 2025.",,,"Sep 26, 2025",Partial,Recording,https://pillows.su/f/208095dbccaf4f54a96b10f38e0ccba4
TYCOON [V2],"NOBODY FLEW HER OUT [V2]
(feat. Lil Durk) (prod. Wheezy & Akachi)","Version without the outro. Played by Ty on N3ON's stream on September 26th, 2025.",1:52,,"Sep 26, 2025",Full,Recording,https://pillows.su/f/35f055b7f3b952fe264243ba69e5566c
TYCOON [V2],"ON REPEAT [V2]
(feat. Rich The Kid & Destroy Lonely) (prod. TheLabCook, FBG Goat, Varg²™, Skarp V, Simon On The Moon & 6ccpo)","Version of the song with a different Ty take on the hook, with him also doing part of Destroy Lonely's verse. Also lacks the choir vocals from the released version of the song, implying they are not a fake synth but a real choir, likely the same choir who did the extra vocals on the Coachella version of ""CARNIVAL"". Played by Ty on N3ON's stream September 25, 2025. When the song was initially premiered, people thought Destroy Lonely was actually NBA Youngboy.",,,"Sep 26, 2025",Partial,Recording,https://pillows.su/f/5554c7afb86022fac6ec30be2f4bc298
TYCOON [V2],"SHOW ME LOVE [V4]
(feat. Tory Lanez) (prod. Hitmaka, SkipOnDaBeat, Varg²™, Simon On The Moon & Skarp V)","Version with different drums and very different production from Varg not found on release, along with new Ty vocals on the outro. Played by Ty on N3ON's stream September 25, 2025. This version of song was seemingly intended to release instead of the version we got, as it could be heard in the Spotify preview when the link to the song was posted in Discord for a short time after release, showing that Tory was still on the song and Ty has prominent background vocals on his verse, as well as showing a short beatswitch on the last hook. It is theorised that Ty and his team accidentally uploaded the version intended to release on the June release date due to the poor mixing and the fact that it sounds much more basic than the version Ty was playing on stream leading up to the single release.",,,"Sep 26, 2025",Partial,Recording,"https://pillows.su/f/2531942ccee0fb7b3b0ca923f404ba67
https://pillows.su/f/7ca752cac22e8c10cff4dec7df1dfce1"
TYCOON [V2],"TWITCH [V10]
(feat. Tyga) (prod. BBYKOBE, Wax Motif, Dre Moon, Varg²™, Simon On The Moon & Skarp V)
(LIVE ON TWITCH)","Version dubbed ""Spooky Twitch"", played during an interview with Ebro on August 17th, 2025. Features reworked production from Varg²™, two beatswitches, one on Tyga's verse and a jerk beatswitch on the last hook, and new lyrics from Ty and Tyga. Later played on N3ON's stream alongside the full album on September 26th, 2025, confirming that this version was intended for TYCOON. This version was recieved very poorly by fans when Ty first played it on Ebro's podcast due to the very strange production as well as the abscence of 2 Chainz, which caused Ty to remove a lot of the production found in this version, reverting the song back to the original beat with some elements of this version sprinkled in, as well as re-adding 2 Chainz.",,,"Sep 26, 2025",Partial,High Quality,https://pillows.su/f/d6527172e34218805e25342c84943ec5
TYCOON [V2],"WIT IT [V5]
(feat. Chlöe) (prod. Camper, Simon On The Moon, Skarp V, Outtatown, star boy, Str8cash & Varg²™)","Version identical to release but without the guitar outro as well as a different mix and slight production differences. Played by Ty on N3ON's stream on September 26th, 2025.",,,"Sep 26, 2025",Partial,Recording,https://pillows.su/f/87dc63c0f68a2c042da2897695e7b6cd
$ign Language 2,"⭐ Stand On It [V1]
(prod. Juicy J)","OG Filename: stand on it R6_OV 
Song from 2023 $ign Language 2 sessions with an open verse. The file was seen in a $ign Language 2 folder intended for Playboi Carti. Filename shown by Luit. Samples ""Late Nite Tip"" by Three 6 Mafia. Snippet leaked December 23, 2024.",2:37,,"Sep 25, 2025",Full,CD Quality,https://pillows.su/f/2866d0ba90e98f79c866b16ddd44c876
Beach House 4 [V2],"Dangerous [V3]
(prod. Azul Wynter, Chrishan & Rissi)
(Burn)","Solo Ty version with entirely different dance production, including Ty's full, uncensored verse and a few additional adlibs which were cut from the final release. Has an open verse. Snippet leaked February 3, 2025.",2:34,,"Sep 25, 2025",Full,CD Quality,https://pillows.su/f/b372963ed28de67caa1ae1ddc1cdfcce
Dream House,"✨ Money & The Power
(prod. Ty Dolla $ign, Chrishan, Hitmaka & damn james!)","Song from 2019. Has an open verse. Original snippet leaked December 14, 2024. Leaked as a bonus to a Kendrick groupbuy.",2:25,,"Sep 23, 2025",Full,CD Quality,https://pillows.su/f/42c20fbe9d60129fa6252adb83f6ef56
Beach House 3,"???
(feat. Chrishan)","Played by Ty on stream September 21st, 2025.",,,"Sep 21, 2025",Snippet,Recording,https://pillows.su/f/14146bbce8507354efd1b272c09df072
Beach House 3,"???
(feat. Chrishan) (prod. Hitmaka)","Song that was previewed in the ""Ty Dolla $ign - Behind The Scenes"" video. Played by Ty on stream September 21st, 2025.",,,"Sep 21, 2025",Snippet,Recording,"https://pillows.su/f/590425e22fa058350c9654c827e76787
https://pillows.su/f/4397a1d828c8bbb402a15eab13a71f7f"
Airplane Mode 2 [V1],"Body Language [V1]
(prod. damn james! & Di$)
(I Can Tell)","Version without the outro from Popcaan. Played by Ty on stream September 21st, 2025.",2:11,,"Sep 21, 2025",Full,Recording,https://pillows.su/f/1d7583ef39884bc7603b0ad00724c6df
Airplane Mode 2 [V1],"Designer Drugs [V2]
(prod. damn james!)","OG Filename: 6 designer drugs
Played by Ty on stream September 21st, 2025.",2:02,,"Sep 21, 2025",Full,Recording,https://pillows.su/f/a71ebae345d7f463e788277627616f7b
Airplane Mode 2 [V1],"Find Out [V1]
(prod. damn james! & Di$)
(Fuck Around & Find Out)","OG Filename: 1 find out
Played by Ty on stream September 21st, 2025.",,,"Sep 21, 2025",Partial,Recording,"https://pillows.su/f/540e959c0470f220cc756bafbbbaaf0e
https://pillows.su/f/2da9e78981c39a7637960da2ec765d46"
Airplane Mode 2 [V1],"Icee [V1]
(feat. Popcaan) (prod. damn james! & Dreamz)","OG Filename: 2 icee
Original version from 2023. Played by Ty on stream September 21st, 2025.",,,"Sep 21, 2025",Partial,Recording,https://pillows.su/f/7521db656a8094892046a57e8214b7a3
Airplane Mode 2 [V1],"Lick Back [V1]
(prod. damn james!)","OG Filename: 3 lick back
Original version from 2023. Played by Ty on stream September 21st, 2025.",1:39,,"Sep 21, 2025",Full,Recording,https://pillows.su/f/205d208747989d9e48a9f97c7c768eca
Airplane Mode 2 [V1],"Purple In My Punch [V4]
(feat. Chris King) (prod. damn james! & Di$)
(Purple Punch)","OG Filename: 5 purple in my punch
Original version from 2023. Played by Ty on stream September 21st, 2025.",1:50,,"Sep 21, 2025",Full,Recording,https://pillows.su/f/561a9bf09c13178992d63e80bacc9771
¥$,"Lester Nowhere - LOOP 61
(prod. Lester Nowhere)","OG Filename: LOOP 61 150BPM Abm (Kurt Cobain - Opinion)...
Lester Nowhere loop that was given to Ye. Unknown if this was recorded on. Samples ""Opinion"" by Nirvana. Filename seen on Lester Nowhere's laptop. Snippet posted by Lester Nowhere to Instagram on April 4th, 2025. Played by Ty on stream September 21st, 2025.",1:16,"Aug 1, 2023","Sep 21, 2025",Snippet,Recording,"https://pillows.su/f/7f34c7cd0a9c31564c4d481d91049420
https://pillows.su/f/f04eb086597663bd1d05a715ccc04e56"
TYCOON [V1],"???
(feat. ???)","Played by Ty on stream September 21st, 2025. Era unknown, placed here in TYCOON temporarily.",,,"Sep 21, 2025",Partial,Recording,https://pillows.su/f/a5f857423d7daa3d41328d3f3d59a82e
TYCOON [V1],???,"Played by Ty on stream September 21st, 2025. Era unknown, placed here in TYCOON temporarily.",,,"Sep 21, 2025",Partial,Recording,https://pillows.su/f/b6621030f4fd9eebe4633928f5884ed7
TYCOON [V1],"Wheels Fall Off [V10]
(feat. Ye & The Game) (prod. BBYKOBE, Ye & Camper)
(Wheels)","Version with a verse from The Game. Played by Ty on stream September 21st, 2025.",,,"Sep 21, 2025",Snippet,Recording,https://pillows.su/f/cd90ea8f78a8351249da2f82818374b1
TYCOON [V1],"Wheels Fall Off [V11]
(feat. Ye) (prod. BBYKOBE, Ye & Camper)
(Wheels)","Version with alternate production. Played by Ty on stream September 21st, 2025.",,,"Sep 21, 2025",Snippet,Recording,https://pillows.su/f/cf2f5a23447ac0fe593df279a248b0d6
TYCOON [V2],"???
(feat. Dave Blunts)
(DON'T TEST ME)","Song with vocals from Dave Blunts, most likely Ty's song due to the production style and him having more vocal presence. Played by Dave Blunts on Instagram Live September 21, 2025.",,"Sep 11, 2025","Sep 21, 2025",Partial,Recording,"https://pillows.su/f/259d5bed90b4ac62565496d1ebd21b4d
https://pillows.su/f/4efc2d2e6495f4edb5e4bbea2ac25794"
TYCOON [V2],"???
(prod. T-Minus)","Played by Ty on stream September 21st, 2025. According to Ty, he recorded the song in Vegas the day before and sent it to Kehlani, who he says ""fucked with it"". Ty would state that the song was produced by T-Minus, and was written by Chrishan with another songwriter from New Jersey. Interpolates ""Violent Crimes"" by Kanye West.",,,"Sep 21, 2025",Partial,Recording,https://pillows.su/f/049ff11f3ec0e4559f1201ef1db03c24
TYCOON [V2],"???
(BAD BITCHES ONLY)","Played by Ty on stream September 21st, 2025.",,,"Sep 21, 2025",Partial,Recording,https://pillows.su/f/14aa89a451b61b66de7a5c15a4640dd3
TYCOON [V2],"???
(feat. ???)","Song where Ty uses a flow similar to his verse on ""DECEMBER 31ST"". Played by Ty on stream September 21st, 2025.",,,"Sep 21, 2025",Partial,Recording,https://pillows.su/f/12a7c83e75836f234b2614998db03d53
PURPLE MOON,"??? [V1]
(feat. D. Savage)
(BRING YOUR FRIENDS)","Snippet leaked January 10, 2025. Played by Ty on stream September 21st, 2025.",2:24,,"Sep 21, 2025",Full,Recording,"https://pillows.su/f/9a7d57b246cc9b8ef2664017c436a977
https://pillows.su/f/dbcfe802dd9d4ad89053e1efa88ebac8"
PURPLE MOON,"🏆 PURPLE MOON [V2]
(prod. GREN808)","Title track for PURPLE MOON. Has high pitched Ty vocals which are heavily tuned, GREN808 production, and the open verse cut. Played by Ty on stream September 16th, 2025.",1:34,,"Sep 16, 2025",Full,Recording,https://pillows.su/f/7a051b1a7706d939950af67cc23b0405
PURPLE MOON,"??? [V2]
(prod. Cardo Got Wings)
(COTTON CANDY, POTS AND PANS)","Version pitched down from the original, much more in line with other PURPLE MOON songs. Played by Ty on stream September 16th, 2025.",1:05,,"Sep 16, 2025",Full,Recording,https://pillows.su/f/027a296808fec829885070750159a4c3
PURPLE MOON,"???
(prod. GREN808)","Song with low-pitched vocals. Played by Ty on stream September 16, 2025.",,,"Sep 16, 2025",Snippet,Recording,https://pillows.su/f/444a56c492e4acd2afa5f51e54b91a59
PURPLE MOON,???,"Played by Ty on stream September 16, 2025.",,,"Sep 16, 2025",Snippet,Recording,https://pillows.su/f/eda10e3ca080cecc90bd66e69adbb76a
PURPLE MOON,???,"Played by Ty on stream September 16, 2025.",,,"Sep 16, 2025",Snippet,Recording,https://pillows.su/f/53ac685086a01ef1e84fe11c3658a460
PURPLE MOON,???,"Played by Ty on stream September 16, 2025.",,,"Sep 16, 2025",Snippet,Recording,https://pillows.su/f/cc12af979e6fc3e566c11caa4a6268d2
PURPLE MOON,"fakemink - Black Jeep [V2]
(with Ty Dolla $ign & Fimiguerrero) (prod. Skrillex, Varg²™, Skarp V & DJ Smokey)","Earlier version with a different arrangment. Played by Ty on stream September 16th, 2025.",,,"Sep 16, 2025",Partial,Recording,https://pillows.su/f/89de2abfd85fa090cd8b74389d9fd526
Skrillex Collaboration,"Know Me Well [V3]
(feat. Starrah & ???) (prod. Skrillex & Sarz)","More developed version with additional vocals from Ty and the unknown artist, as well as more developed production. Played by Ty on stream September 15th, 2025.",,,"Sep 15, 2025",Partial,Recording,https://pillows.su/f/871cb2d2e13866ce68363376cce77323
Featuring Ty Dolla $ign,"???
(feat. Ant Clemons & YK Osiris) (prod. Camper)
(Slow Dancing)","First played by Ty on stream September 15th, 2025. According to Ty, the song was recorded during the pandemic.",,,"Sep 15, 2025",Partial,Recording,https://pillows.su/f/dcffc2c3ceb5478409dcdd0472620c17
Beach House 4 [V1],"Adam Vadel - Vocal Chop [V1]
(CIty Underground, Build A City Underground, Shifting)","OG Filename: Adam Vocal Chop 
Original voice memo for the song done by Adam Vadel, made by pitching down his own voice. Snippet posted by Adam Vadel to Instagram on September 15, 2025.",,,"Sep 15, 2025",Snippet,CD Quality,https://pillows.su/f/3e0d524e95b383430040a0a51e5f1372
Beach House 4 [V1],"Adam Vadel - SHIFTING [V2]
(prod. Adam Vadel & REMED)
(CIty Underground, Built A City Underground)","OG Filename: SHIFTING prod adamva...
Version with production added onto the original voice memo, with baritone guitar played by Adam Vadel and bell synths by REMED. According to Adam, he wanted it to sound like a ""chopped and screwed / more futuristic"" version of ""Since I've Been Loving You"" by Led Zeppelin. Snippet posted by Adam Vadel to Instagram on September 15, 2025.",,,"Sep 15, 2025",Snippet,CD Quality,https://pillows.su/f/eec062b771f2c0218faf04a0b0c0deb5
¥$,"Back Outside [V6]
(feat. Ant Clemons) (prod. damn james! & MixedByTheBest)
(She's Back Outside, We Back Outside)","Version with a different snare. Played by Ty on stream September 15th, 2025.",,,"Sep 15, 2025",Partial,Recording,https://pillows.su/f/1d3841fbe76ccce26008222d8d6ac155
¥$,"Church Girl [V3]
(feat. Lil Uzi Vert) (prod. James Blake & No ID)","When asked about collaborating with Lil Uzi Vert, Ty replied ""we got a song that me, him, and Ye did"", indicating that Uzi is still featured on the track, and that Ty may have vocals on this version. First played by Ty on stream September 15th, 2025.",,,"Sep 15, 2025",Snippet,Recording,https://pillows.su/f/891f0a6bb7e24c42be3b3dc479c44de5
¥$,"City Underground [V4]
(feat. Adam Vadel) (prod. Adam Vadel, REMED & twinsmatic)
(Built A City Underground)","Solo Ty version made in Italy. First played by Ty on stream September 15th, 2025.",,,"Sep 15, 2025",Partial,Recording,https://pillows.su/f/4d13cd190e091c5847840c6aa55cec5d
¥$,"Everybody [V3]
(feat. Charlie Wilson) (prod. Kanye West)","Version with Ty covering the vocals on the intro that would later be sung by Charlie Wilson, as well as minimal production. Played by Ty on stream September 15th, 2025.",,,"Sep 15, 2025",Partial,Recording,https://pillows.su/f/12ba766071b2ac4f72727ded672bb0bb
¥$,"🏅 Future Sounds [V38]
(feat. Travis Scott) (prod. Nabeyin, Wallis Lane, BoogzDaBeast & Hudson Mohawke)
(Future $ound$, Future Bounce, Telekinesis, Ultrasounds)","Seen on the 40-song JoyBoy tracklist stylized as ""Future $ound$"". Briefly played by Ty on stream September 15th, 2025.",,,"Sep 15, 2025",Snippet,Recording,https://pillows.su/f/eeb993a98e11dc95e0455212e19588ab
¥$,🏆 Love Again [V3],"OG Filename: Love Again - Ov_Cm_81
Solo Ty song with an open verse for Ye, seen on multiple Italy tracklists. The song was originally thought to be the original version of ""Crying"" by Sekou, but it was confirmed to be a different song. Snippet leaked February 8, 2024. Played by Joyboy on stream November 12, 2024. Played by Ty on stream September 15th, 2025.",,,"Sep 15, 2025",Partial,Recording,"https://pillows.su/f/725c9723dafc278c718517142e905c07
https://pillows.su/f/e656f6364d0c14ce7eb42fc796e43922
https://pillows.su/f/7c2c6288ae683f94557d0b0fefa7e22a 
https://pillows.su/f/bd52a2706a65e7a5a0eb4ac6eb91abeb"
¥$,"Love Love Love [V7]
(prod. ¥$ & John Cunningham)","Version with Ty interpolating the sample. Played by Ty on stream September 15th, 2025.",,,"Sep 15, 2025",Snippet,Recording,https://pillows.su/f/06bd9ea26b98fda13a16a59881961316
¥$,"Promotion [V5]
(feat. Future) (prod. The Legendary Traxster & AyoAA)
(Gorgeous)","Version with some additional Ty vocals from earlier versions of the song and some of Future's lines repeated. Has open verses for Ye. Played by Ty on stream September 15th, 2025.",,,"Sep 15, 2025",Partial,Recording,https://pillows.su/f/4ef17fd2bbd92d8107acd55253858bc8
¥$,"Stars [V10]
(feat. Camper) (prod. FNZ & Camper)
(Up In The Stars)","Similar to the previous version, but with slight differences in the echo and an additional word at the end of Ye's verse. Played by Ty on stream September 15th, 2025.",,,"Sep 15, 2025",Partial,Recording,https://pillows.su/f/fad245a66e98802a8cbbe00bf07e77d4
¥$,"Unlock [V13]
(prod. 88-Keys & Digital Nas)
(Unlocked)","Version with alternate production. According to Rodri, Ty recorded for the song in September 2023. The existence of Ty's verse was also supported by AyoAA, who stated that he couldn't play it on stream because it was ""unreleased"". Played by Ty on stream September 15th, 2023.",,"Sep 1, 2023","Sep 15, 2025",Snippet,Recording,https://pillows.su/f/136793035c6cab16c0ef458d14042217
¥$,"Nobody Flew Her Out [V1]
(feat. Lil Durk) (prod. Wheezy & Akachi)","Version played alongside other VULTURES-era files, likely recorded in Saudi as it is mentioned by Ty on the song. Lil Durk's verse was possibly originally intended to be a reference for Ye. Played by Ty on stream on September 15, 2025.",,,"Sep 15, 2025",Snippet,Recording,https://pillows.su/f/f1be68eeffb7bb539298485fc72591bb
¥$,"???
(feat. Swizz Beatz)
(Do Me)","Solo Ty song with adlibs from Swizz Beatz, likely from Saudi VULTURES sessions as Ty says ""just took the PJ from Italy to Saudi"", and it was played alongside other songs from the era. Samples ""Hollywood Swinging"" by Kool & The Gang. Played by Ty on stream September 15th, 2025.",,,"Sep 15, 2025",Partial,Recording,https://pillows.su/f/b8ce1a712d3411e2f5a33a83d29e4e39
TYCOON [V1],???,"First played by Ty on stream September 15th, 2025.",,,"Sep 15, 2025",Partial,Recording,https://pillows.su/f/d4bb9c4eaa728c4f688ed9995d544808
TYCOON [V1],???,"Played by Ty on stream September 15th, 2025. Era unknown, placed here in TYCOON temporarily.",,,"Sep 15, 2025",Partial,Recording,https://pillows.su/f/8814657b6b2ba05a75092e2c5d3f6127
TYCOON [V1],???,"Played by Ty on stream September 15th, 2025. Era unknown, placed here in TYCOON temporarily.",,,"Sep 15, 2025",Partial,Recording,https://pillows.su/f/c4b0399e453043d870009084bab86185
TYCOON [V1],???,"Played by Ty on stream September 15th, 2025. Era unknown, placed here in TYCOON temporarily.",,,"Sep 15, 2025",Partial,Recording,https://pillows.su/f/34fe0b4b7c8436cb9198b06f69d8f2fd
TYCOON [V1],???,"Samples ""Love Me"" by JMSN. Played by Ty on stream September 15th, 2025. Era unknown, placed here in TYCOON temporarily.",,,"Sep 15, 2025",Partial,Recording,https://pillows.su/f/80b5b6a73f9f5891990664ca829f3987
TYCOON [V1],???,"Played by Ty on stream September 15th, 2025. Era unknown, placed here in TYCOON temporarily.",,,"Sep 15, 2025",Partial,Recording,https://pillows.su/f/6485e32f89b1615477fce656d7e6133c
VULTURES 2,"⭐ THROW AWAY [V1]
(prod. The Legendary Traxster)","OG Filename: 050324 THROW AWAY 100BPM Aminor
Solo Ty song seen on a May VULTURES 2 tracklist, a cover of the second half of ""Throw Away"" by Future with a few lyric changes. Snippets leaked December 16, 2024, and April 29, 2025. Leaked September 13, 2025.",3:16,"May 3, 2024","Sep 13, 2025",OG File,CD Quality,https://pillows.su/f/025d446ffab2b64fd3a18950a0de320e
Free TC,"Gizzle - Opp!s!te$
(feat. Ty Dolla $ign & YG)","Track 9 on a Gizzle album copy, at the time known as ""Lady G Da Real"". Has vocals from YG and Ty Dolla $ign.",3:58,,"Sep 11, 2025",Full,CD Quality,https://pillows.su/f/2b8f7c2e9588b8cf897d479a0c06ae51
Featuring Ty Dolla $ign,"🏆 Grateful [V1]
(feat. serpentwithfeet)","Fully finished song with vocals from serpentwithfeet. While the song was playing, Shawn Barron suggested it be put on TYCOON as the intro. Likely recorded during the sessions for Featuring Ty Dolla $ign. Played by Ty on stream September 7th, 2025.",,,"Sep 7, 2025",Partial,Recording,"https://pillows.su/f/ae84c7237012925404af21ae8c5c43dc
https://pillows.su/f/8e7d9ecc8af85a2a729016445222b1db"
Beach House 4 [V1],Mystery,"Song with trap production, said to be from 2021 according to Ty. First played by Ty on stream September 7, 2025.",1:38,,"Sep 7, 2025",Full,Recording,https://pillows.su/f/e9882acce8669c2691bf2da44e3f474d
Mustard Collaboration,"🏆 Hard To Love
(feat. Mario) (prod. Mustard)","Fully finished song with vocals from Mario. While the song was playing, Shawn Barron suggested it be put on TYCOON with vocals from Leon Thomas. Played by Ty on stream September 7, 2025.",,,"Sep 7, 2025",Partial,Recording,https://pillows.su/f/211284270cc18e73e1bf805376e0fa28
¥$,"Paid [V14]
(feat. K-Ci) (prod. Stryv, Chrishan, Wax Motif & The Legendary Traxster)
(Get Paid)","OG Filename: Paid Dembow & 
untitled (Master)
Version with dembow-style production. Snippet leaked February 12, 2024.",3:21,"Oct 18, 2023","Sep 7, 2025",OG File,Lossless,https://pillows.su/f/22afc183575bb10a974cb6d62b545eb3
¥$,"Paid [V22]
(feat. K-Ci) (prod. Stryv, Chrishan, Wax Motif & The Legendary Traxster)
(Get Paid)","OG Filename: Paid OG - V8_A
Version with alternate production including additional strings on the outro from Traxster. Snippet leaked February 12, 2024.",3:32,"Oct 19, 2023","Sep 7, 2025",OG File,High Quality,https://pillows.su/f/0fc83115b97debeeda15f21f7885244d
TYCOON [V1],???,"Very short snippet with horns. Played by Ty on stream September 7, 2025.",,,"Sep 7, 2025",Snippet,Recording,https://pillows.su/f/f6064a4f668ee9f55a75c0992e53ce5c
PURPLE MOON,"🏆 GET RICH [V6]
(feat. Kevin Gates) (prod. damn james!, Ty Dolla $ign & Varg²™)","Song with rage production, multiple beatswitches, a Kevin Gates feature, and Ty doing a new low-pitched vocal style. According to Ty, the song is intended for PURPLE MOON. First played by Ty on stream September 2nd, 2025.",1:38,,"Sep 7, 2025",Full,Recording,https://pillows.su/f/1ab2d7ea5dacf4278ea0135648bdcde1
TYCOON [V2],"SHOW ME LOVE [V2]
(feat. Tory Lanez) (prod. SkipOnDaBeat, Hitmaka & Chrishan)","Seen on multiple TYCOON tracklists. Played by Ty on an Adin Ross stream 5/4/2025, revealing it has a Tory Lanez feature. Played again by Ty at a show in Vegas on 5/26/25. CDQ snippets leaked 9/6/25 in response to the album being delayed for the fourth time.",2:31,,"Sep 6, 2025",Snippet,CD Quality,"https://pillows.su/f/2d7ba36a87b48605a4c47cc33b4624a8 
https://pillows.su/f/40d75a4fbb352e8be6b5779848ae59b0"
$ign Language 2,"??? [V2]
(feat. Wiz Khalifa) (prod. ???)","Version with entirely reworked dance production. Snippet leaked September 5th, 2025.",,,"Sep 5, 2025",Snippet,CD Quality,https://pillows.su/f/c1ea853dddd7928d634423ecc230528c
TYCOON [V2],ALL THE SIGNS [V2],"Version with alternate lines suggested by the Twitch chat that were recorded on stream on September 4th, 2025. Played by Ty on stream September 4th, 2025.",,"Sep 4, 2025","Sep 4, 2025",Full,Recording,Link Needed
Beach House 4 [V1],"???
(prod. Cash Cobain)
(Use Me)","Played by Ty on stream September 2nd, 2025. Possibly recorded in 2022 around the same time as ""WHITE LINES"".",,,"Sep 2, 2025",Partial,Recording,https://pillows.su/f/bd008a6ed217146c6f5f1104eb9f58dc
Beach House 4 [V1],"???
(prod. Cash Cobain)
(Skills)","Played by Ty on stream September 2nd, 2025. Possibly recorded in 2022 around the same time as ""WHITE LINES"".",,,"Sep 2, 2025",Partial,Recording,https://pillows.su/f/55356dc4aed7c4aafad0691aa1244a67
Mustard Collaboration,"Up In The Stars [V3]
(feat. Camper) (prod. Mustard, FNZ & Camper)
(Stars)","Version with an outro added that samples an interaction between Ye and paparazzi from 2013. Played by Ty on stream September 2nd, 2025.",,,"Sep 2, 2025",Partial,Recording,https://pillows.su/f/ae73100a96dd8a260ccbce361838a920
Mustard Collaboration,"???
(feat. 24hrs) (prod. Mustard & Cardo Got Wings)
(Ransom)","Song with 24hrs. Played by Ty on stream September 2nd, 2025.",,,"Sep 2, 2025",Partial,Recording,https://pillows.su/f/9672285320a5c82915f9114cd0e00ed9
Mustard Collaboration,"???
(prod. Mustard)","Played by Ty on stream September 2nd, 2025.",,,"Sep 2, 2025",Snippet,Recording,https://pillows.su/f/9ad173be8330657f436c7d025050d09a
$ign Language 2,"Do Sumn Nasty [V1]
(feat. Sexyy Redd) (prod. Juicy J)","Version with a second Sexyy Redd verse that would later be replaced by NLE Choppa. Played in nearly full by Ty on stream September 2nd, 2025.",,,"Sep 2, 2025",Partial,Recording,https://pillows.su/f/2edac7458d8e8960f85470b15af69774
$ign Language 2,"Drugs And Sex [V4]
(feat. Sexyy Redd) (prod. Juicy J, Hitkidd & Ty Dolla $ign)","Version with alternate production, then a beatswitch into the original beat. Samples the melody from ""Ooh Nuthin"" by Project Pat. Played by Ty on stream September 2nd, 2025.",,,"Sep 2, 2025",Partial,Recording,https://pillows.su/f/c3da5bdaee4fa820f8909075bbc75c01
$ign Language 2,"Sign Language [V1]
(prod. Jae Deal, Jasper Harris & Chordz)
($ign Language)","Original version with an alternate line that would be replaced with ""free TC, Melly, and Thug"", and lacking the D.R.U.G.$. producer tag on Ty's verse. According to Ty, he recorded the song in 2022 while swimming in a pool in Bali, likely sometime in November when he had a performance in the country. This is also supported by the line ""way out in Bali"", which would later be replaced with ""way out in Saudi"" during VULTURES 1 sessions. Played by Ty on stream September 2nd, 2025.",2:00,"Nov 1, 2022","Sep 2, 2025",Partial,Recording,https://pillows.su/f/d2b293e87672eac44dc173083c2f3f6f
$ign Language 2,"??? [V1]
(feat. Lil Vada) (prod. Ty Dolla $ign & damn james!)","Version without the intro sample. Briefly played by Ty on stream September 2nd, 2025.",,,"Sep 2, 2025",Snippet,Recording,https://pillows.su/f/32ae89069b26f938c2af10725cad7ac0
$ign Language 2,"???
(prod. Juicy J)","Samples ""Hoish Ass Niggaz"" by DJ Sound. Played by Ty on stream September 2nd, 2025.",,,"Sep 2, 2025",Snippet,Recording,https://pillows.su/f/b1f6841a8aa4101912f4f2a23f032d85
$ign Language 2,"???
(prod. Juicy J)","Played by Ty on stream September 2nd, 2025.",,,"Sep 2, 2025",Snippet,Recording,https://pillows.su/f/1d6a6e4e80195749fc876de391e2738c
$ign Language 2,"???
(prod. Juicy J)","Played by Ty on stream September 2nd, 2025. Samples ""Sweet Stangin"" by the Gimisum Family.",,,"Sep 2, 2025",Snippet,Recording,https://pillows.su/f/0b98f9c1754d9402ea676c43204f1804
$ign Language 2,"???
(prod. Juicy J)","Briefly played by Ty on stream September 2nd, 2025.",,,"Sep 2, 2025",Snippet,Recording,https://pillows.su/f/04617de67296dbf42a26c6ee7dec7844
$ign Language 2,"???
(prod. Juicy J)","Briefly played by Ty on stream September 2nd, 2025.",,,"Sep 2, 2025",Snippet,Recording,https://pillows.su/f/b28aaf5ed48ba043c447bd79fb50625f
$ign Language 2,"???
(prod. Juicy J)","Briefly played by Ty on stream September 2nd, 2025.",,,"Sep 2, 2025",Snippet,Recording,https://pillows.su/f/f2761a3d90b1d346da3c746f2947ca9c
$ign Language 2,"???
(prod. Juicy J)","Briefly played by Ty on stream September 2nd, 2025.",,,"Sep 2, 2025",Snippet,Recording,https://pillows.su/f/a74030321d0a767c399dfcce6a09495c
$ign Language 2,"???
(prod. Juicy J)","Briefly played by Ty on stream September 2nd, 2025.",,,"Sep 2, 2025",Snippet,Recording,https://pillows.su/f/2aefba1ea4cfa7eac442679925844f2a
$ign Language 2,"???
(prod. Juicy J)","Briefly played by Ty on stream September 2nd, 2025.",,,"Sep 2, 2025",Snippet,Recording,https://pillows.su/f/87efc972486a8432338df0b1d8d076f8
$ign Language 2,"???
(prod. Juicy J)","Briefly played by Ty on stream September 2nd, 2025.",,,"Sep 2, 2025",Snippet,Recording,https://pillows.su/f/7611e8a4492250f3fd7f1b623dbd943d
¥$,"All Is Love [V6]
(feat. James Blake) (prod. James Blake)
(All In Love, Fall In / All Is Love)","Version with Ty singing over Ye's vocals, which are now tuned. James Blake can be faintly heard in the background. Played by Ty on stream September 2nd, 2025. Seen on the 40-song JoyBoy tracklist.",3:03,,"Sep 2, 2025",Full,Recording,https://pillows.su/f/0a24d0aa6eeae3056cbdd9ac0a5837f9
¥$,"Love Me The Most [V6]
(prod. Lester Nowhere & 88-Keys)","Snippet leaked June 14, 2024. Played by Ty on stream September 2nd, 2025.",,,"Sep 2, 2025",Partial,Recording,"https://pillows.su/f/f730aaa9f4986bd747fe46c5015b075e  
https://pillows.su/f/f5bedabba88b51b88b14bd9eb9f23fa0"
¥$,"???
(feat. Leon Thomas)
(Alone)","Song with Leon Thomas vocals. Played by Ty on stream September 2nd, 2025.",,,"Sep 2, 2025",Snippet,Recording,https://pillows.su/f/0e153d7b76e2ca9932c83984cfe3757a
¥$,"??? [V2]
(prod. Dez Wright)
(Husband)","Mumble Ye freestyle. Played by Ty on stream September 2nd, 2025.",,,"Sep 2, 2025",Snippet,Recording,https://pillows.su/f/5da0742c5d118b1d69d515a1c9f0b86a
VULTURES 2,"FORTUNE AND FAME [V1]
(prod. ???)","Version with alternate production. Played by Ty on stream September 2nd, 2025.",,,"Sep 2, 2025",Partial,Recording,https://pillows.su/f/b89be83cb250e91780a538771c6a7418
VULTURES 2,"AFTER LYFE [V1]
(prod. ???)","Version with guitar based-production and extra Ty backing vocals. Originally assumed to be Cruza, however urnotsellingcruza confirmed it's not them. Likely the initial Ty version of the song due to the lack of open verse and the extra backing vocals. Played by Ty on a Twitch stream September 2nd, 2025",,,"Sep 2, 2025",Partial,Recording,https://pillows.su/f/0aee8a33ec21138fb4eb9b37f73b3a2e
VULTURES 2,"FEAR [V6]
(prod. Lester Nowhere)
(TAKE THE FEAR AWAY)","Version seen on a May tracklist, likely featuring vocals from Ty, given that he recorded for other songs on the tracklist and it was played by him on stream. Rodri has also stated that this version is different from the version that was created in late April. Briefly played by Ty on stream September 2nd, 2025.",,,"Sep 2, 2025",Snippet,Recording,https://pillows.su/f/7a90b04bd99fb5d09f2bb4f537b29c08
VULTURES 2,"LET GO [V12]
(prod. Ojivolta & Digital Nas)
(I LET GO, ON HIS HEAD)","Version with less vocals and some alternate lines. Played by Ty on stream September 2nd, 2025.",,,"Sep 2, 2025",Partial,Recording,https://pillows.su/f/563742f7297a66aca24879bc5c10ab24
VULTURES 2,"NIGHTS ON THE MOON [V4]
(prod. 88-Keys, Wentz, Digital Nas & Hubi)","Briefly played by Ty on stream September 2nd, 2025.",,,"Sep 2, 2025",Snippet,Recording,https://pillows.su/f/58f9e074033adc4d60f5787efe7e157d
VULTURES 2,"🤖 PUSSY COST MONEY [V5]
(prod. Kanye West, Disko Boogie & The Legendary Traxster)","Version with an AI Ye verse, likely intended for release on the August 2 yeezy.com tracklist. Samples ""The P Is Free"" by Boogie Down Productions and ""Darkest Light"" by Lafayette Afro Rock Band.",,,"Sep 2, 2025",Partial,Recording,https://pillows.su/f/c399c69eb4dc37d6d408322fd173f072
VULTURES 2,SO SOON [V5],"Version with Ty vocals and the original production. Played in nearly full by Ty on stream September 2nd, 2025.",~2:00,,"Sep 2, 2025",Partial,Recording,https://pillows.su/f/30194bab0f70b4caed8a74e5b0328335
VULTURES 2,"🏅 STAR TIME [V25]
(prod. Kanye West, Diddy, 88-Keys & MIKE DEAN)
(START TIME, THE MIND IS POWERFUL, MIND POWER)","Version with Ty performing the chorus. Played by Ty on stream September 2nd, 2025.",,,"Sep 2, 2025",Partial,Recording,https://pillows.su/f/8a9a2cc031ff4735354df217a3a86666
VULTURES 3,"THOUSAND MILES [V2]
(prod. Peter Lee Johnson)","Version with alternate production. Played on Ty's Twitch stream on September 2, 2025.",,,"Sep 2, 2025",Partial,Recording,https://pillows.su/f/6408ca00cefcae96218f607470367994
VULTURES 3,"??? [V2]
(prod. Cash Cobain)
(WHITE LINES)","Solo Ty version recorded over the original sample chop created by Cash Cobain. This was originally thought to be a reference track for Ye; however, this is unlikely based on lyrics referencing Ty's brother ""going blood in the streets"" and mentions of only one daughter. Likely recorded in 2022, when the sample chop was first created, then revisited during early VULTURES 3 or BULLY sessions, as Just Da 1 has stated that songs created during early BULLY sessions were brought in for VULTURES 3. Played in nearly full by Ty on stream September 2nd, 2025.",~3:00,,"Sep 2, 2025",Partial,Recording,https://pillows.su/f/ddafd6535780adc319c36d358d4a6ccc
TYCOON [V1],"🏅 All I Know [V2]
(prod. Ty Dolla $ign)","In an interview with Bag Fuel, Ty claimed that at one point, his label tried getting him to make a country album due to Morgan Wallen's success. This is likely one of the songs he was referring to. Played by Ty on stream on September 2nd, 2025.",2:42,,"Sep 2, 2025",Full,Recording,https://pillows.su/f/1df2234b8994df77de6b2fbeb9c3c563
TYCOON [V1],"Good To Me [V2]
(prod. Ty Dolla $ign & Camper)","Played by Ty on stream September 2nd, 2025.",,,"Sep 2, 2025",Partial,Recording,Link Needed
TYCOON [V1],Mad At The World,"Played by Ty on stream September 2nd, 2025.",,,"Sep 2, 2025",Snippet,Recording,https://pillows.su/f/61d7efabc3beda2f67599250d6558008
TYCOON [V1],"🏅 ???
(prod. Hitmaka & Nick Papz)
(Through It All)","Samples ""All Broken Hearted"" by Alexia Phillips. Has an open verse. Played by Ty on stream September 2nd, 2025.",,,"Sep 2, 2025",Partial,Recording,https://pillows.su/f/8bb6ea71aeaebd1beac91897c3f59f64
TYCOON [V1],"???
(prod. Hitmaka)","Played by Ty on stream September 2nd, 2025.",,,"Sep 2, 2025",Partial,Recording,https://pillows.su/f/564927844b897decd8d5687415c81bf1
TYCOON [V1],"???
(prod. Hitmaka)
(My Birthday)","Most likely made around mid-2024 as Ty shouts out Aus Taylor, who Ye and Ty were working with closely during VULTURES sessions. The song also shares similarities to ""BLIND DATE"". Played by Ty on stream September 2nd, 2025.",,,"Sep 2, 2025",Partial,Recording,https://pillows.su/f/5ec8e0a253df5196019b712bcb43d598
TYCOON [V1],"???
(I CAN SEE)","Played by Ty on stream September 2nd, 2025.",,,"Sep 2, 2025",Snippet,Recording,https://pillows.su/f/7033d1beef4e33f925d165a6df05d3fa
TYCOON [V1],"???
(LIKE YEAH)","Played by Ty on stream September 2nd, 2025.",,,"Sep 2, 2025",Snippet,Recording,https://pillows.su/f/ffa75e7af4c7f123e41eb04dc86f25d7
TYCOON [V1],???,"Played by Ty on stream September 2nd, 2025. Era unknown, placed here in TYCOON temporarily.",,,"Sep 2, 2025",Partial,Recording,https://pillows.su/f/8ce025df750735ad980d6f47b3ed4e1f
TYCOON [V1],???,"Played by Ty on stream September 2nd, 2025. Era unknown, placed here in TYCOON temporarily.",,,"Sep 2, 2025",Partial,Recording,https://pillows.su/f/e55650c2981db9ebaa343bbf0a1cf9ca
TYCOON [V1],???,"Played by Ty on stream September 2nd, 2025. Era unknown, placed here in TYCOON temporarily.",,,"Sep 2, 2025",Partial,Recording,https://pillows.su/f/ec6260ac46303b6486a98820e20d74d1
TYCOON [V1],"???
(HOW YOU MOVE)","Played by Ty on stream September 2nd, 2025. Era unknown, placed here in TYCOON temporarily.",,,"Sep 2, 2025",Partial,Recording,https://pillows.su/f/108adbe661d8a507e0f964325a1ad815
TYCOON [V1],"???
(FELL IN LOVE)","Played by Ty on stream September 2nd, 2025. Era unknown, placed here in TYCOON temporarily.",,,"Sep 2, 2025",Partial,Recording,https://pillows.su/f/e505d66ce96c0695b34bfbe282318b5b
TYCOON [V1],"???
(TOP TEN)","Played by Ty on stream September 2nd, 2025. Era unknown, placed here in TYCOON temporarily.",,,"Sep 2, 2025",Partial,Recording,https://pillows.su/f/923d51e5a5c5ff3e8656b92f7bb3b9a0
TYCOON [V1],"???
(prod. Bugz Ronin)","Played by Ty on stream September 2nd, 2025. Era unknown, placed here in TYCOON temporarily.",,,"Sep 2, 2025",Partial,Recording,https://pillows.su/f/156b8d7f1dc3f70ee0b13229fd84d630
TYCOON [V1],"???
(feat. Teezo Touchdown)
(JUDGE ME NOW)","Played by Ty on stream September 2nd, 2025. Era unknown, placed here in TYCOON temporarily.",,,"Sep 2, 2025",Partial,Recording,https://pillows.su/f/b5ed3fbe148453a45ecda8055307d21e
TYCOON [V1],"???
(FOREVER)","Played by Ty on stream September 2nd, 2025. Era unknown, placed here in TYCOON temporarily.",,,"Sep 2, 2025",Partial,Recording,https://pillows.su/f/0b6e3bd3ae3ec7215b6ef3f4cbacbbf9
TYCOON [V1],"???
(feat. ???) (prod. damn james! & Ty Dolla $ign)
(DANCER)","Played by Ty on stream September 2nd, 2025. Era unknown, placed here in TYCOON temporarily.",,,"Sep 2, 2025",Partial,Recording,https://pillows.su/f/0c50809de8d55bc52726be5aaebad50f
TYCOON [V1],"???
(prod. damn james!)
(parting ways, MOON WALKING)","Played by Ty on stream September 2nd, 2025. The beat was played on stream and uploaded to [untitled] by damn james! on December 2, 2025 (need link). According to damn james!, the beat was made on May 1, 2024.",,,"Sep 2, 2025",Snippet,Recording,https://pillows.su/f/c50acde3382ea40b7045cdb5862ae69c
TYCOON [V1],"???
(CHAINS ON)","Played by Ty on stream September 2nd, 2025. Era unknown, placed here in TYCOON temporarily.",,,"Sep 2, 2025",Snippet,Recording,https://pillows.su/f/a68b9714c9183a4518e4b5014785a03b
TYCOON [V1],"???
(What Are We Here For)","Played by Ty on stream September 2nd, 2025. Era unknown, placed here in TYCOON temporarily.",,,"Sep 2, 2025",Snippet,Recording,https://pillows.su/f/f1c4a7603f98123b3cf92d509da0bb36
TYCOON [V1],"???
(NEW PORSCHE)","Played by Ty on stream September 2nd, 2025. Era unknown, placed here in TYCOON temporarily.",,,"Sep 2, 2025",Snippet,Recording,https://pillows.su/f/c557ac325321095d2494cc523dec840f
TYCOON [V1],"???
(TURN ME ON)","Played by Ty on stream September 2nd, 2025. Era unknown, placed here in TYCOON temporarily.",,,"Sep 2, 2025",Snippet,Recording,https://pillows.su/f/3472e0a3328d34d509af7ac6645bc3d6
TYCOON [V1],???,"Played by Ty on stream September 2nd, 2025. Era unknown, placed here in TYCOON temporarily.",,,"Sep 2, 2025",Snippet,Recording,https://pillows.su/f/8ba43f6f5f5eb00b3ccd85f0863fee4c
TYCOON [V1],"???
(SEXUAL NOSTALGIA)","Played by Ty on stream September 2nd, 2025. Era unknown, placed here in TYCOON temporarily.",,,"Sep 2, 2025",Snippet,Recording,https://pillows.su/f/b9a7abccd270a0293bd1217889dbe824
TYCOON [V1],"???
(feat. ???)","Played by Ty on stream September 2nd, 2025. Era unknown, placed here in TYCOON temporarily.",,,"Sep 2, 2025",Snippet,Recording,https://pillows.su/f/3051964590681d762db94ec96feb0e08
TYCOON [V1],???,"Briefly played by Ty on stream September 2nd, 2025. Era unknown, placed here in TYCOON temporarily.",,,"Sep 2, 2025",Snippet,Recording,https://pillows.su/f/3fb7db08aa1177ead1414af9d2ae9625
TYCOON [V1],???,"Briefly played by Ty on stream September 2nd, 2025. Era unknown, placed here in TYCOON temporarily.",,,"Sep 2, 2025",Snippet,Recording,https://pillows.su/f/71ce0672cda0d41c9f1e343dec38c0e3
TYCOON [V1],???,"Briefly played by Ty on stream September 2nd, 2025. Era unknown, placed here in TYCOON temporarily.",,,"Sep 2, 2025",Snippet,Recording,https://pillows.su/f/6e21cb0b1c048a1fbc96218d91da3e8b
TYCOON [V1],"???
(PRETTY GIRL)","Briefly played by Ty on stream September 2nd, 2025. Era unknown, placed here in TYCOON temporarily.",,,"Sep 2, 2025",Snippet,Recording,https://pillows.su/f/cb3041e00fe17b0a42ef985ca4c88188
TYCOON [V1],???,"Briefly played by Ty on stream September 2nd, 2025. Era unknown, placed here in TYCOON temporarily.",,,"Sep 2, 2025",Snippet,Recording,https://pillows.su/f/918e7e16062302b3b55e0fb643c0b00c
TYCOON [V1],???,"Briefly played by Ty on stream September 2nd, 2025. Era unknown, placed here in TYCOON temporarily.",,,"Sep 2, 2025",Snippet,Recording,https://pillows.su/f/42682b1c2229fe3cdcfe938c32a2a0be
TYCOON [V1],???,"Briefly played by Ty on stream September 2nd, 2025. Era unknown, placed here in TYCOON temporarily.",,,"Sep 2, 2025",Snippet,Recording,https://pillows.su/f/2c62ba7a7781325467a47d75893b479b
TYCOON [V1],???,"Briefly played by Ty on stream September 2nd, 2025. Era unknown, placed here in TYCOON temporarily.",,,"Sep 2, 2025",Snippet,Recording,https://pillows.su/f/57cfd30c8b91c4340dd9744329f59454
TYCOON [V1],???,"Briefly played by Ty on stream September 2nd, 2025. Era unknown, placed here in TYCOON temporarily.",,,"Sep 2, 2025",Snippet,Recording,https://pillows.su/f/fa7dc58d9c24b27a5954615317e20cb7
TYCOON [V1],???,"Briefly played by Ty on stream September 2nd, 2025. Era unknown, placed here in TYCOON temporarily.",,,"Sep 2, 2025",Snippet,Recording,https://pillows.su/f/62b83876d41ce701ff7e2207de400011
TYCOON [V1],???,"Briefly played by Ty on stream September 2nd, 2025. Era unknown, placed here in TYCOON temporarily.",,,"Sep 2, 2025",Snippet,Recording,https://pillows.su/f/de69b75ac469bd5f7c9f4653246f4b80
TYCOON [V1],???,"Briefly played by Ty on stream September 2nd, 2025. Era unknown, placed here in TYCOON temporarily.",,,"Sep 2, 2025",Snippet,Recording,https://pillows.su/f/3b4a0ca6fcf5aa14c0b0ae7e92b3bc8f
TYCOON [V1],???,"Briefly played by Ty on stream September 2nd, 2025. Era unknown, placed here in TYCOON temporarily.",,,"Sep 2, 2025",Snippet,Recording,https://pillows.su/f/aa525f2b29f998f7685136b85c8cb81e
TYCOON [V1],???,"Briefly played by Ty on stream September 2nd, 2025. Era unknown, placed here in TYCOON temporarily.",,,"Sep 2, 2025",Snippet,Recording,https://pillows.su/f/1ae6f27a9249ba21d39c953162c1e74f
TYCOON [V1],???,"Briefly played by Ty on stream September 2nd, 2025. Era unknown, placed here in TYCOON temporarily.",,,"Sep 2, 2025",Snippet,Recording,https://pillows.su/f/055bcef9c7f81d6ee7ed42161e03967c
TYCOON [V1],???,"Briefly played by Ty on stream September 2nd, 2025. Era unknown, placed here in TYCOON temporarily.",,,"Sep 2, 2025",Snippet,Recording,https://pillows.su/f/040744acdf5c956c352062531cdb5e97
TYCOON [V1],???,"Briefly played by Ty on stream September 2nd, 2025. Era unknown, placed here in TYCOON temporarily.",,,"Sep 2, 2025",Snippet,Recording,https://pillows.su/f/e552714a0c102462810af56e648bd8df
TYCOON [V1],???,"Briefly played by Ty on stream September 2nd, 2025. Era unknown, placed here in TYCOON temporarily.",,,"Sep 2, 2025",Snippet,Recording,https://pillows.su/f/a8d0be8549f1d35338415b885eabb796
TYCOON [V1],???,"Briefly played by Ty on stream September 2nd, 2025. Era unknown, placed here in TYCOON temporarily.",,,"Sep 2, 2025",Snippet,Recording,https://pillows.su/f/78dbe22761caa744c2a87f93793e24df
TYCOON [V1],???,"Briefly played by Ty on stream September 2nd, 2025. Era unknown, placed here in TYCOON temporarily.",,,"Sep 2, 2025",Snippet,Recording,https://pillows.su/f/d096a7c88ebd0ddb45bbad4be9954095
TYCOON [V1],???,"Briefly played by Ty on stream September 2nd, 2025. Era unknown, placed here in TYCOON temporarily.",,,"Sep 2, 2025",Snippet,Recording,https://pillows.su/f/8a0c716727626a97c75767a46d1c69bc
TYCOON [V1],???,"Briefly played by Ty on stream September 2nd, 2025. Era unknown, placed here in TYCOON temporarily.",,,"Sep 2, 2025",Snippet,Recording,https://pillows.su/f/2302ae94ce10ebd8042a346ace2bc182
TYCOON [V1],???,"Briefly played by Ty on stream September 2nd, 2025. Era unknown, placed here in TYCOON temporarily.",,,"Sep 2, 2025",Snippet,Recording,https://pillows.su/f/c4e630e89341494cfe3d61bf6ef7bc15
TYCOON [V1],???,"Briefly played by Ty on stream September 2nd, 2025. Era unknown, placed here in TYCOON temporarily.",,,"Sep 2, 2025",Snippet,Recording,https://pillows.su/f/f9408cef1a0d02612539ac971dbd523d
TYCOON [V1],???,"Briefly played by Ty on stream September 2nd, 2025. Era unknown, placed here in TYCOON temporarily.",,,"Sep 2, 2025",Snippet,Recording,https://pillows.su/f/764e2397caf40a98ba7462aa8e2e7f2c
TYCOON [V1],"???
(feat. ???)","Briefly played by Ty on stream September 2nd, 2025. Era unknown, placed here in TYCOON temporarily.",,,"Sep 2, 2025",Snippet,Recording,https://pillows.su/f/2106fd02de0929b76406364b1d6c8540
TYCOON [V1],"???
(SIT BACK)","Briefly played by Ty on stream September 2nd, 2025. Era unknown, placed here in TYCOON temporarily.",,,"Sep 2, 2025",Snippet,Recording,https://pillows.su/f/9d9dbaeabbc5ff852bf455f25feabe92
TYCOON [V1],???,"Briefly played by Ty on stream September 2nd, 2025. Era unknown, placed here in TYCOON temporarily.",,,"Sep 2, 2025",Snippet,Recording,https://pillows.su/f/fe6996cd30a160ebe2c44d469eaa12a4
TYCOON [V1],???,"Briefly played by Ty on stream September 2nd, 2025. Era unknown, placed here in TYCOON temporarily.",,,"Sep 2, 2025",Snippet,Recording,https://pillows.su/f/a289de558b19233ca17ce84faca39805
TYCOON [V1],???,"Briefly played by Ty on stream September 2nd, 2025. Era unknown, placed here in TYCOON temporarily.",,,"Sep 2, 2025",Snippet,Recording,https://pillows.su/f/62a92aee7bdc107bf8951cbed982e40c
TYCOON [V1],???,"Briefly played by Ty on stream September 2nd, 2025. Era unknown, placed here in TYCOON temporarily.",,,"Sep 2, 2025",Snippet,Recording,https://pillows.su/f/94950e7368a3491d9e700baffdea90f6
TYCOON [V1],???,"Briefly played by Ty on stream September 2nd, 2025. Era unknown, placed here in TYCOON temporarily.",,,"Sep 2, 2025",Snippet,Recording,https://pillows.su/f/686438399df927cee77c7d6f0d88ad71
TYCOON [V1],???,"Briefly played by Ty on stream September 2nd, 2025. Era unknown, placed here in TYCOON temporarily.",,,"Sep 2, 2025",Snippet,Recording,https://pillows.su/f/b2e10baa3aef93730a1ff0292a14634c
TYCOON [V1],???,"Briefly played by Ty on stream September 2nd, 2025. Era unknown, placed here in TYCOON temporarily.",,,"Sep 2, 2025",Snippet,Recording,https://pillows.su/f/edcf4799d65246090687f2f78081495b
TYCOON [V1],???,"Briefly played by Ty on stream September 2nd, 2025. Era unknown, placed here in TYCOON temporarily.",,,"Sep 2, 2025",Snippet,Recording,https://pillows.su/f/8a98b66ecc8047838c1eee39777d2878
TYCOON [V1],???,"Briefly played by Ty on stream September 2nd, 2025. Era unknown, placed here in TYCOON temporarily.",,,"Sep 2, 2025",Snippet,Recording,https://pillows.su/f/4b6835c84816e4002c0f0414d1041ccb
TYCOON [V1],???,"Briefly played by Ty on stream September 2nd, 2025. Era unknown, placed here in TYCOON temporarily.",,,"Sep 2, 2025",Snippet,Recording,https://pillows.su/f/de60732e6afc9f5c753acf9e2ac845c1
TYCOON [V1],???,"Briefly played by Ty on stream September 2nd, 2025. Era unknown, placed here in TYCOON temporarily.",,,"Sep 2, 2025",Snippet,Recording,https://pillows.su/f/63500360dec4720e915b3ca0be9cab27
TYCOON [V1],???,"Briefly played by Ty on stream September 2nd, 2025. Era unknown, placed here in TYCOON temporarily.",,,"Sep 2, 2025",Snippet,Recording,https://pillows.su/f/ee2766532ec52ec8364864f16b1a23e7
TYCOON [V1],"???
(FEEL THIS TOO)","Briefly played by Ty on stream September 2nd, 2025. Era unknown, placed here in TYCOON temporarily.",,,"Sep 2, 2025",Snippet,Recording,https://pillows.su/f/747e257f3ffebf5705a2083152c0d9ff
TYCOON [V1],???,"Briefly played by Ty on stream September 2nd, 2025. Era unknown, placed here in TYCOON temporarily.",,,"Sep 2, 2025",Snippet,Recording,https://pillows.su/f/5ab6242890beac6eee3ca80990525e52
TYCOON [V1],???,"Briefly played by Ty on stream September 2nd, 2025. Era unknown, placed here in TYCOON temporarily.",,,"Sep 2, 2025",Snippet,Recording,https://pillows.su/f/85758a2f2804c8091b88f7552bf272f4
TYCOON [V1],???,"Briefly played by Ty on stream September 2nd, 2025. Era unknown, placed here in TYCOON temporarily.",,,"Sep 2, 2025",Snippet,Recording,https://pillows.su/f/c361b320d461528c10f6336d4444feaa
TYCOON [V1],???,"Briefly played by Ty on stream September 2nd, 2025. Era unknown, placed here in TYCOON temporarily.",,,"Sep 2, 2025",Snippet,Recording,https://pillows.su/f/03bcc28d4386fb239c25a28330ef5e58
TYCOON [V1],???,"Briefly played by Ty on stream September 2nd, 2025. Era unknown, placed here in TYCOON temporarily.",,,"Sep 2, 2025",Snippet,Recording,https://pillows.su/f/f3f265a8249586b0fae420d2b6c30c87
TYCOON [V1],???,"Briefly played by Ty on stream September 2nd, 2025. Era unknown, placed here in TYCOON temporarily.",,,"Sep 2, 2025",Snippet,Recording,https://pillows.su/f/6e5b73b7c06a8dba4b4851b184a3e6d8
TYCOON [V1],"???
(NAUSEOUS)","Briefly played by Ty on stream September 2nd, 2025. Era unknown, placed here in TYCOON temporarily.",,,"Sep 2, 2025",Snippet,Recording,https://pillows.su/f/c964de2130c59bc3019fb29efbd97215
TYCOON [V1],???,"Briefly played by Ty on stream September 2nd, 2025. Era unknown, placed here in TYCOON temporarily.",,,"Sep 2, 2025",Snippet,Recording,https://pillows.su/f/9e7b2b41d1a0fab6607a48848b862d38
TYCOON [V1],???,"Briefly played by Ty on stream September 2nd, 2025. Era unknown, placed here in TYCOON temporarily.",,,"Sep 2, 2025",Snippet,Recording,https://pillows.su/f/a9e83e82098915794237f0ac112ce13a
TYCOON [V1],???,"Briefly played by Ty on stream September 2nd, 2025. Era unknown, placed here in TYCOON temporarily.",,,"Sep 2, 2025",Snippet,Recording,https://pillows.su/f/a5a775e1ca8885424bbcf79563636b83
TYCOON [V1],???,"Briefly played by Ty on stream September 2nd, 2025. Era unknown, placed here in TYCOON temporarily.",,,"Sep 2, 2025",Snippet,Recording,https://pillows.su/f/c04af38d2a0e488097543ee3f6908b80
TYCOON [V1],???,"Briefly played by Ty on stream September 2nd, 2025. Era unknown, placed here in TYCOON temporarily.",,,"Sep 2, 2025",Snippet,Recording,https://pillows.su/f/8291984fa5a8df1038be9e9fa177dd94
TYCOON [V1],???,"Briefly played by Ty on stream September 2nd, 2025. Era unknown, placed here in TYCOON temporarily.",,,"Sep 2, 2025",Snippet,Recording,https://pillows.su/f/6bfcf437247fdef68e19971643d9f60c
TYCOON [V1],"???
(prod. FBG Goat)","Briefly played by Ty on stream September 2nd, 2025.",,,"Sep 2, 2025",Snippet,Recording,https://pillows.su/f/c96efd594a1e893867cf66de9a4e728e
TYCOON [V1],???,"Briefly played by Ty on stream September 2nd, 2025. Era unknown, placed here in TYCOON temporarily.",,,"Sep 2, 2025",Snippet,Recording,https://pillows.su/f/3e9137c4688257863c76812cb39042dd
TYCOON [V1],???,"Briefly played by Ty on stream September 2nd, 2025. Era unknown, placed here in TYCOON temporarily.",,,"Sep 2, 2025",Snippet,Recording,https://pillows.su/f/282818e2f216870d9de3fec36db89fd2
TYCOON [V1],???,"Briefly played by Ty on stream September 2nd, 2025. Era unknown, placed here in TYCOON temporarily.",,,"Sep 2, 2025",Snippet,Recording,https://pillows.su/f/0b21be070790964d75363b32cd194179
TYCOON [V1],???,"Briefly played by Ty on stream September 2nd, 2025. Era unknown, placed here in TYCOON temporarily.",,,"Sep 2, 2025",Snippet,Recording,https://pillows.su/f/102b6ac52b9ba712e6d22355d76c3195
TYCOON [V1],???,"Briefly played by Ty on stream September 2nd, 2025. Era unknown, placed here in TYCOON temporarily.",,,"Sep 2, 2025",Snippet,Recording,https://pillows.su/f/79637da3746c2fa593d582f9d14a1a58
TYCOON [V1],???,"Briefly played by Ty on stream September 2nd, 2025. Era unknown, placed here in TYCOON temporarily.",,,"Sep 2, 2025",Snippet,Recording,https://pillows.su/f/34c7caae7a9771e254617fe98e0b58dd
TYCOON [V1],???,"Briefly played by Ty on stream September 2nd, 2025. Era unknown, placed here in TYCOON temporarily.",,,"Sep 2, 2025",Snippet,Recording,https://pillows.su/f/2af8c97720248508c743f9ca01a9f241
TYCOON [V1],???,"Briefly played by Ty on stream September 2nd, 2025. Era unknown, placed here in TYCOON temporarily.",,,"Sep 2, 2025",Snippet,Recording,https://pillows.su/f/6d904a5670117e9d838f13b173e7925b
TYCOON [V1],"???
(GO GADGET)","Briefly played by Ty on stream September 2nd, 2025. Era unknown, placed here in TYCOON temporarily.",,,"Sep 2, 2025",Snippet,Recording,https://pillows.su/f/1acdd589a9211ed851b66f99a3890be7
TYCOON [V1],"???
(feat. ???) (prod. damn james!)","Briefly played by Ty on stream September 2nd, 2025. Era unknown, placed here in TYCOON temporarily.",,,"Sep 2, 2025",Snippet,Recording,https://pillows.su/f/7678ec49829d217d98668fa17d614f9b
TYCOON [V1],"🏅 ??? [V2]
(prod. Ty Dolla $ign)
(Wait For Me)","Played by Ty on stream September 2nd, 2025.",,,"Sep 2, 2025",Partial,Recording,https://pillows.su/f/a89ae547c5ae36c191de256ceb1ff636
TYCOON [V1],"???
(prod. Ty Dolla $ign)
(Laying Low)","Country song likely recorded around the same time as ""All I Know"". Played by Ty on stream September 2nd, 2025.",,,"Sep 2, 2025",Partial,Recording,https://pillows.su/f/b9ef13155b8739ede24410b7cc9c6e43
TYCOON [V1],🏆 All The Signs [V1],"Original version with alternate lines that were later re-recorded on stream. Commonly nicknamed ""Doin It For Dolla"". Played by Ty on stream on September 2nd, 2025.",2:10,,"Sep 2, 2025",Full,Recording,https://pillows.su/f/fdff0d34b3ac0786b0a3daf23dcd2027
TYCOON [V1],"🤖 Freak [V3]
(feat. Ye) (prod. TheLabCook & William Van Zandt)","Seen on multiple early TYCOON tracklists. Has rage production from TheLabCook and William Van Zandt. Ye vocals which are AI can be heard in the last few seconds of the snippet. Unrelated to the Featuring Ty Dolla $ign song of the same name. Played by Ty Dolla $ign on stream September 2nd, 2025.",,,"Sep 2, 2025",Partial,Recording,https://pillows.su/f/d063ec96b2735eb60ad56b94c5df18e1
TYCOON [V1],"JD Beat [V4]
(prod. Jermaine Dupri & ???)","Version with different production, tempo, and no synths from later versions. Can be heard for the bleed in later versions. Samples ""Tycoon"" by E-40 on the outro. Played by Ty on stream September 2nd, 2025.",,,"Sep 2, 2025",Partial,Recording,https://pillows.su/f/dfc7f130f0dee3feaa4ea4763405138a
TYCOON [V1],"Premium Gas
(prod. Wheezy)","Played by Ty on stream September 2nd, 2025.",,,"Sep 2, 2025",Partial,Recording,https://pillows.su/f/8fe334f02279aff8bdbacab25e71d19b
TYCOON [V1],"Ready To Love
(prod. Hitmaka, Aye YB, Chrishan & OSA)","Solo version of the song, later released on Joey Bada$$'s album LONELY AT THE TOP with only Ty's hook present. May have verses from Ty that were cut for release, however its most likely open. Snippet posted to Hitmaka's Instagram. Possibly made in the same session as ""SAY IT"" due to having some of the same producers. Played by Ty on stream September 2nd, 2025.",,,"Sep 2, 2025",Snippet,Recording,https://pillows.su/f/2f31bb1ec591f712c8fda0753150a088
TYCOON [V1],"🏅 ??? [V2]
(prod. BBYKOBE)
(GO!)","Produced by BBYKOBE, likely from the same session as ""Wheels Fall Off"". Samples ""GO!"" by Common. Played by Ty on stream September 2nd, 2025.",,,"Sep 2, 2025",Partial,Recording,https://pillows.su/f/85d5b9a995669d1fa2e610e8b76e84d8
TYCOON [V1],"???
(47 Nights)","Has an open verse. Played by Ty on stream September 2nd, 2025.",,,"Sep 2, 2025",Partial,Recording,https://pillows.su/f/881c238c0fccfeff411fe38d0bcab8f8
TYCOON [V1],"???
(feat. Joony)","Played by Ty on stream September 2nd, 2025.",,,"Sep 2, 2025",Partial,Recording,https://pillows.su/f/0bec8536e9a91d1cb923256c3c9bb8f0
TYCOON [V1],"???
(prod. FBG Goat)","Played by Ty on stream September 2nd, 2025.",,,"Sep 2, 2025",Snippet,Recording,https://pillows.su/f/46bb7f9a1eba95a549479c03c8a7802f
TYCOON [V2],"🏅 ALL IN (Remix) [V2]
(prod. Ty Dolla $ign)","Remix of the song with completely revamped production. First played by Ty on stream September 2nd, 2025. The song was played again along with the rest of the album on September 26, 2025, and was confirmed to be intended for release.",,,"Sep 2, 2025",Partial,Recording,https://pillows.su/f/c8ca9793bf3bfe8b0f0674f8f5fce702
TYCOON [V2],"???
(feat. E-40) (prod. Mustard)
(PROBLEMS)","Song produced by Mustard with an E-40 verse and adlibs. According to Ty, the song was made very recently relative to when it was played. First played by Ty on stream September 2nd, 2025.",,,"Sep 2, 2025",Partial,Recording,https://pillows.su/f/6023b7b5a61bec2d85ddf4350d94c058
TYCOON [V2],"???
(prod. Aye YB)
(BACK AGAIN)","Played by Ty on stream September 2nd, 2025.",,,"Sep 2, 2025",Snippet,Recording,https://pillows.su/f/b81fcd448b004aa82c5f90921e598ee6
TYCOON [V2],"???
(MONEY, CLOTHES, HOES)","Played by Ty on stream September 2nd, 2025.",,,"Sep 2, 2025",Snippet,Recording,https://pillows.su/f/66041370d4e84ce66ef6c7eec0ef2a9a
TYCOON [V2],"???
(feat. Chlöe & ???)","Song featuring verses from Chloe Bailey and an unidentified artist. Played by Ty on stream September 2nd, 2025.",,,"Sep 2, 2025",Partial,Recording,https://pillows.su/f/eb94a085794151fa69d0067dde791761
TYCOON [V2],"???
(prod. Jdolla)
(PUT HER ON)","Played by Ty on stream September 2nd, 2025.",,,"Sep 2, 2025",Snippet,Recording,https://pillows.su/f/a2231236fc64004a42b08942d774b111
PURPLE MOON,"???
(prod. star boy)
(GONE OFF)","This file was sent by Ty to Wiz Khalifa. Played by Ty on stream September 2nd, 2025.",,,"Sep 2, 2025",Partial,Recording,https://pillows.su/f/c27f4f74b601def62890ef2109b017ef
PURPLE MOON,"???
(feat. star boy) (prod. star boy & Outtatown)
(ON THESE HOES)","Song featuring a verse from star boy. Played by Ty on stream September 2nd, 2025.",,,"Sep 2, 2025",Partial,Recording,https://pillows.su/f/5fcd7bad457987ed816097bcf6644d13
PURPLE MOON,"???
(prod. damn james!)
(BITCHES)","Song with low-pitched vocals, part of the damn james! PURPLE MOON copy.  Played by Ty on stream September 2nd, 2025.",,,"Sep 2, 2025",Partial,Recording,https://pillows.su/f/6f97809c7de08c1eb134d79b310b956d
PURPLE MOON,"🏅 ???
(prod. GREN808 & ok)
(WHERE I GO)","Produced by GREN808 and ok. Nicknamed ""WHERE I GO"". According to ok, he ""put this melody in a loop pack like 4 years ago"". Played by Ty on stream September 2nd, 2025.",,,"Sep 2, 2025",Partial,Recording,https://pillows.su/f/b1fc6b277d024a9cc5721e2033184823
PURPLE MOON,"🏅 ???
(prod. GREN808)
(SCHEME)","Played by Ty on stream September 2nd, 2025.",,,"Sep 2, 2025",Partial,Recording,https://pillows.su/f/2661ffdbb4ac14f08ce719c04f2c3be0
PURPLE MOON,"???
(prod. GREN808 & Olswel)
(seenbetterdays, NO DISAPPOINTMENT)","Has an open verse. Played by Ty on stream September 2nd, 2025. A slightly different version of the beat, titled ""seenbetterdays"", was uploaded to GREN808's YouTube channel on December 14th, 2024.",,,"Sep 2, 2025",Partial,Recording,https://pillows.su/f/9714dd2f83dfeb12bd4f83d175014bac
PURPLE MOON,"???
(prod. GREN808)","Briefly played by Ty on stream September 2nd, 2025.",,,"Sep 2, 2025",Snippet,Recording,https://pillows.su/f/16c3c9c7fb81477c1052f32d53f9f68d
PURPLE MOON,"???
(prod. Di$)","Briefly played by Ty on stream September 2nd, 2025.",,,"Sep 2, 2025",Snippet,Recording,https://pillows.su/f/eb31851a3d693c009b7063ee3a11cb19
PURPLE MOON,"???
(MF INTRO)","Played by Ty on stream September 2nd, 2025.",,,"Sep 2, 2025",Snippet,Recording,https://pillows.su/f/b1489d8edce455fbef63a49a86aa74f7
PURPLE MOON,???,"Briefly played by Ty on stream September 2nd, 2025.",,,"Sep 2, 2025",Snippet,Recording,https://pillows.su/f/e4ae83e14a501e8aca0fea599bfda16a
TYCOON [V2],"I WISH [V3]
(prod. Camper, star boy, Outtatown, Varg²™, Simon On The Moon & Skarp V)",Version with drums and updated production from Varg and his affiliates previewed by Ty at multiple shows. Played during an interview with Ebro on 8/17/25.,,,"Aug 17, 2025",Full,High Quality,Link Needed
Dream House,"✨ Dizzy [V2]
(prod. Hitmaka & Ayo & Keyz)","OG Filename: dizzy v2 - ty
Song from 2019. Has an open verse. Snippet leaked December 14, 2024. Leaked August 7, 2025, as a bonus to the ""Side Tracked"" groupbuy",3:28,,"Aug 7, 2025",OG File,CD Quality,https://pillows.su/f/4f202a08d4be1d20a05d69a58ebf5276
Dream House,"⭐ Henny And The Gin
(prod. d.a. got that dope)","Likely from the same session as ""Tap In"". Leaked August 7, 2025, as a bonus to the ""Side Tracked"" groupbuy.",2:57,,"Aug 7, 2025",Full,CD Quality,https://pillows.su/f/d02b15267545e8b4d0bdb5d67556bdfe
Dream House,"⭐ My Mind
(feat. T.I.) (prod. d.a. got that dope & Hitmaka)","Snippet leaked January 5, 2020, was lost for a while but later rediscovered October 8, 2024. Shares a similar instrumental as Tyga's song ""Goddamn"", however it has an additional Right Now Sound tag. Interpolates ""Poison"" by Bell Biv DeVoe. Likely made in the same session as ""Tap In"". Was a very wanted song in the community before it was leaked as a bonus to the ""Side Tracked"" groupbuy.",3:23,,"Aug 7, 2025",Full,CD Quality,https://pillows.su/f/db564fa1166a2a834db6131b590c92b0
Beach House 4 [V1],"Kanye West & James Blake - Church Girl [V2]
(prod. James Blake & No ID)","Snippet leaked August 6, 2025.",,,"Aug 6, 2025",Snippet,CD Quality,https://pillows.su/f/27327bd58987fcc09530b0f40f2d2ef8
VULTURES 2,"MAYBE [V2]
(prod. Wes Singerman & taydex)
(FOREVER, MAYBE WE CAN LAST FOREVER)","Version with alternate production from Wes x Tay. Snippet leaked August 3, 2025.",,,"Aug 3, 2025",Snippet,High Quality,https://pillows.su/f/cdef69984de48eff73660cc2fff2866f
$24:00 [V1],"MY SONG [V2]
(prod. Ty Dolla $ign, D'Mile & ISM)","OG Filename: Ty x 24 - My Song - 051416 - AB
Version without the intro vocals from Future and worse mixing. Metadata confirms this version was considered for an early version of 24$.",3:12,"May 14, 2016","Aug 1, 2025",OG File,CD Quality,https://pillows.su/f/9795349c2330fe657064ad7d0911c098
Dream House,"Kanye West - Again
(prod. BoogzDaBeast)","OG Filename: Again - KW Ref
Snippet leaked July 21, 2020.",1:32,,"Jul 31, 2025",OG File,CD Quality,https://pillows.su/f/eae4a26138aa917fe038328cdf970b19
Yandhi,"Kanye West - New Body [V11]
(feat. Ty Dolla $ign) (prod. RONNY J, Cubeatz, Plain Pat & Ty Dolla $ign)","OG Filename: New Body [TY hook bass line TY vrs] 09.30.18
Solo Ty version. Has an open verse. Leaked July 31, 2025.",3:12,"Sep 30, 2018","Jul 31, 2025",OG File,CD Quality,https://pillows.su/f/638403e453e93a4c3bb7cd2249b6dd25
Beach House 4 [V2],"Kanye West - Matthew [V2]
(ref. Bryson Gray) (prod. 88-Keys)
(Matthew 5:16)","Version with mumble Ye vocals and a reference verse from Bryson Gray reused from his song ""Be Holy"". Snippet leaked July 27, 2025.",,,"Jul 27, 2025",Snippet,CD Quality,https://pillows.su/f/23eb04e9c432da643e8326b60ed9513f
¥$,"??? [V1]
(prod. Dez Wright)
(Husband)","Original beat, heard in Wheezy's Saudi vlog posted on July 26th, 2025.",,,"Jul 26, 2025",Partial,Recording,https://pillows.su/f/30d6690c3371416d904a81f85b55fdf5
Airplane Mode 2 [V1],"⭐ Body Language [V2]
(feat. Popcaan) (prod. damn james! & Di$)
(I Can Tell)","OG Filename: 4 body language
Track 4 on Airplane Mode 2. Fully finished with two verses and Popcaan vocals on the outro. Snippet leaked August 5, 2024. Leaked July 22, 2025, after an extremely slow moving groupbuy for $60.",2:11,,"Jul 22, 2025",OG File,CD Quality,https://pillows.su/f/fc9f6a9654f99080c737019fe70ce9c9
TYCOON [V2],"DON'T KILL THE PARTY [V14]
(feat. Quavo & Juicy J) (prod. BNYX®, 206derek, Juicy J, Matt Spatola, Lasik, BBYKOBE, Ojivolta & Ye)","Version with a better mix. Snippet posted by Ty Dolla $ign to Instagram on July 19, 2025.",,,"Jul 19, 2025",Snippet,Recording,Link Needed
Campaign [V2],"Clean [V3]
(prod. Ali P & Ty Dolla $ign)
(I'm So Clean)","OG Filename: 11 Clean_TY DOLLA SONG
OG file for release.",,,"Jul 11, 2025",OG File,Lossless,Link Needed
VULTURES 2,"HUSBAND [V5]
(prod. Dez Wright, 88-Keys & ???)","Version heard in the AI-extracted vocal bleed of the April 29, 2024 version and later a leaked acapella. Most likely just a different version of the song with faster trap drums that were in earlier versions, which can be best heard at 1:59. Has an added guitar, most likely from 88-Keys due to his contribution to the other April 29 files. Likely the last version made before being merged with ""LIFESTYLE"".",2:10,,"Jul 10, 2025",Full,Low Quality,"https://pillows.su/f/7355e6605a0a2108f74d1993fdfe4ea2
https://pillows.su/f/ea206f92a919920d0214d4f55724abd7"
Beach House 4 [V1],"???
(feat. G-Eazy)","Song with vocals from G-Eazy, however he is not present in the snippet. Unknown who's song it is but most likely Ty's. Confirmed to be from 2023.",,,"Jul 9, 2025",Snippet,CD Quality,https://pillows.su/f/d8fa2ac5dc6e3fdb310841c49c521b35
TYCOON [V2],"✨ ALL IN (Remix) [V1]
(prod. Ty Dolla $ign)",Version with completely different jazz-style production performed by Ty during his On The Radar performance. Contains opens Ty would fill while performing. Most likely made for the performance.,,,"Jul 8, 2025",Full,CD Quality,"Link Needed
https://www.youtube.com/watch?v=ZCgGIoVtVOw"
TYCOON [V2],"I WISH [V2]
(prod. Camper)","Version of the song performed by Ty on On The Radar. Is completely reworked by Camper with an entirely new instrumental and brand new Ty vocals. Essentially an entirely new song that just shares the same name. Compared to release, this version has extra orchestral production that wasn't used on release, but no drums or bass, just pianos and strings.",,,"Jul 8, 2025",Full,CD Quality,"Link Needed
https://www.youtube.com/watch?v=ZCgGIoVtVOw"
Yandhi,"Kanye West - New Body [V19]
(feat. Ty Dolla $ign & Nicki Minaj) (prod. RONNY J, Cubeatz, Plain Pat & Ty Dolla $ign)","OG Filename: New Body [KW NM and TY vrs] 10.04.18
Version seen on a list of files dated October 5, 2018, named ""ref mixes"". Leaked July 3, 2025.",3:42,"Oct 4, 2018","Jul 3, 2025",OG File,CD Quality,https://pillows.su/f/4a67a942a9ee2672c9c80c3e6c88725a
Yandhi,"Kanye West - The Garden [V7]
(ref. Carole Bayer Sager) (feat. Ant Clemons) (prod. ???)
(Garden, Pets)","OG Filename: The Garden - lyric idea
A very early version with Carole Bayer-Sager's extended voicemail where she's reciting her reference lyrics over Kanye freestyle vocals.This is the same version put up for sale by Alek in early 2020.",2:27,"Sep 14, 2018","Jul 3, 2025",OG File,High Quality,https://pillows.su/f/e6071ae6a2959dae94661a5df3da50c7
Beach House 4 [V2],"Kanye West - Beg Forgiveness [V4]
(ref. Vory) (prod. Kanye West)","OG FIlename: Beg Forgiveness 3.0 - 06.04.23mg
Vory reference track. Played by Vory on March 11, 2024. Snippets leaked September 17, 2024, and June 28, 2025. Leaked June 28, 2025.",3:18,"Jun 4, 2023","Jun 28, 2025",OG File,CD Quality,https://pillows.su/f/9bf776c8c154570cbea8698702efdf6c
Beach House 4 [V2],"Kanye West - Hood Rat [V5]
(ref. Vory) (prod. 88-Keys)
(Hoodrat)","OG Filename: Hood Rat 2.0 - Vory.Cyhi.88 - 5.15.23mg
Vory reference track. Likely recorded around when Vory also recorded his ""Beg Forgiveness"" reference. Most likely has additional writing from CyHi, similar to files from 2022.",2:52,"May 15, 2023","Jun 28, 2025",OG File,CD Quality,https://pillows.su/f/5b0c8daee3efaa6b7860552845c28c9f
Free TC,Diddy - Stick Around [V1],"Version played by Diddy during a 3-hour long Kanye West So Help Me God voice memo. This version is just the beat, likely shown to Ty around the same time he got Diddy on ""Guard Down"".",,,"Jun 23, 2025",Snippet,Recording,https://pillows.su/f/ef707ceacc4ab510bb23ca42ef57204b
TYCOON [V2],"Adam Vadel - Shifting [V10]
(feat. Yseult) (prod. Adam Vadel, REMED & twinsmatic)
(City Underground, Built A City Underground)","OG Filename: 2. Shifting 110bom prod... & 
SShifting 110bpm AdamVadel Remed Twinsmatic ft Yseult
Version with additional production and vocals. Snippet posted by Adam Vadel to Instagram on June 13, 2025, captioned ""city undergroud v2"". However, it's more likely that this is an updated version made after Adam took back the song, as it is more developed than earlier versions and the filename indicates that it is seemingly on a tracklist.",2:54,,"Jun 13, 2025",OG File,CD Quality,https://pillows.su/f/057e9ddd53174e0808b857e1fe557d49
TYCOON [V1],"All In [V1]
(prod. Ty Dolla $ign)","Seen on a tracklist in a photo of Ty in the studio on February 7, 2025. Video of Ty coming up with the initial idea for the song was posted by him on June 8, 2025.",,,"Jun 8, 2025",Snippet,Recording,https://pillows.su/f/1718d0e0b3cc3f9c7e4c72b22f8d6cd2
TYCOON [V2],"⭐ I WISH [V3]
(feat. Big TC & ???) (prod. Camper & Ty Dolla $ign)","OG Filename: I WISH idea 4.10.25 TC Up
Seen on every TYCOON tracklist. Completely different song, being a TC interlude with background vocals from Ty and a choir. Was premiered during Ty's Coachella set where he got emotional and cried while performing it. According to Ty, he took an old video of his brother singing and added instrumentation around it so he could sing with him again.",2:42,"Apr 10, 2025","Jun 6, 2025",OG File,CD Quality,https://pillows.su/f/6b5ed4300a59294918631fcf407c1c63
TYCOON [V2],"TWITCH [V5]
(prod. BBYKOBE & Wax Motif)
(LIVE ON TWITCH)","OG Filename: twitch _ 3.28.25
Version with no Tyga vocals but made a month after he recorded, still has his ""T-Raw"" tag present however. Likely a file used for performances such as the Sperm Racing half time show. Leaked by Hogan for free following the album announcement.",1:10,"Mar 28, 2025","Jun 6, 2025",OG File,Lossless,https://pillows.su/f/0cc064528a5ebd28f26c9780fb10dce1
TYCOON [V2],"ALL IN [V3]
(prod. Ty Dolla $ign, Joony, Boys Noize, Steven Shaeffer, Charlie Hallock & Wax Motif)","OG Filename: all_in
Snippet posted by Ty to his Instagram on 6/3/25. Was initially thought to be ""SUMMER TIME FINE"" before Ty posted another snippet of the song on 6/4/25 captioned ""ALL IN FRIDAY"". Alternate mix of release.",,,"Jun 3, 2025",Snippet,High Quality,Link Needed
TYCOON [V2],???,"Brief snippet with guitar posted to Ty to Instagram on June 2, 2025.",,,"Jun 2, 2025",Snippet,Recording,Link Needed
¥$,"Don't Kill The Party [V6]
(feat. Quavo & Juicy J) (prod. BNYX®, 206derek, Juicy J, Matt Spatola, Lasik & BBYKOBE)","OG Filename: don't kill the party - r2.1
Version similar to release. Leaked June 1, 2025.",2:11,,"Jun 1, 2025",OG File,Lossless,https://pillows.su/f/1ea5beb29b16b0ee9173ce12b98015e9
TYCOON [V2],"DON'T KILL THE PARTY [V13]
(feat. Quavo & Juicy J) (prod. BNYX®, 206derek, Juicy J, Matt Spatola, Lasik, BBYKOBE, Ojivolta & Ye)","Version with a worse mix, strange reverb and some production differences in comparison to release, intended for the June release of TYCOON. Leaked June 1st, 2025.",2:15,,"Jun 1, 2025",Full,CD Quality,https://pillows.su/f/5b66d8444a28f7f600b1e14307258aa7
TYCOON [V2],"✨ JEWEL BABY [V3]
(feat. Young Thug, Lil Baby & Future) (prod. FBG Goat, Rosen Beatz, babyxd & Camper)
(TYCOON$, THE TYCOON$)","OG Filename: jewel_baby
First version of the song made after being given to Ty with re-recorded Young Thug vocals. Has completely different Future vocals from later versions as well as extra Ty harmonies and a slightly different hook. Is a detagged file.",2:33,"May 7, 2025","May 31, 2025",Tagged,CD Quality,https://pillows.su/f/c223875eea567c2dade7c84e0ccc76fa
Yandhi,"Kanye West - The Garden [V12]
(ref. The WRLDFMS Tony Williams) (prod. MIKE DEAN & ???)
(Garden, Pets)","OG Filename: The Garden 10.08.18 [TONY WILLIAMS demo 1]
One of two Tony Williams ""Garden"" reference tracks.",3:48,"Oct 8, 2018","May 12, 2025",OG File,CD Quality,https://pillows.su/f/03741f461e98c8992babc9a5762a3fd8
¥$,"So Called Friends [V17]
(feat. Freddie Gibbs) (prod. Juicy J & Kanye West)","OG Filename: So Called Friends MIX TEST.3_3
Version mixed by IRKO, with quieter Ty harmonies and louder beatbox drums. Some of Freddie's vocals from the end of his verse are cut. Snippet leaked February 12, 2024.",3:47,,"May 12, 2025",OG File,CD Quality,https://pillows.su/f/d2c704e08706457364731f2b0b649204
Beach House,"✨ Avicii - Touch The Clouds [V1]
(feat. Ty Dolla $ign) (prod. Avicii)
(Levels)","OG Filename: Touch The Clouds 5.11.11
Version of ""Levels"" by Avicii featuring Ty Dolla $ign from 2011. Snippet leaked on February 19, 2025. Leaked as a bonus to a YZYCORD buy, exactly 14 years after being made.",1:00,"May 11, 2011","May 11, 2025",OG File,Lossless,https://pillows.su/f/30e609d1c488da21a50df26a09ec6a5c
¥$,"Don't Kill The Party [V7]
(ref. Quavo) (feat. Tyga) (prod. BNYX®, 206derek, Juicy J, Matt Spatola, Lasik & BBYKOBE)","Version made in Italy with both Quavo and Tyga. Quavo's verse was originally a reference for Ye. Snippet leaked May 11, 2025.",,,"May 11, 2025",Snippet,High Quality,https://pillows.su/f/2d36ba6132b4c6e9911c29714ac3c703
TYCOON [V1],"Say It [V8]
(feat. Playboi Carti, Rema & Ant Clemons) (prod. Caleb Bryant, Aye YB, Hitmaka, Wax Motif & damn james!)","Similar to the following version, but without the sword sound effects. Snippet leaked May 9th, 2025.",,"Feb 17, 2025","May 9, 2025",Snippet,Recording,https://pillows.su/f/fab45953203ef620d758c98585f1ce64
Airplane Mode 2 [V1],"⭐ None Like U [V3]
(prod. damn james!)","OG Filename: 7 none like u
Track 7 on Airplane Mode 2. Has an open verse. The song was originally claimed by its seller to be from 2018. Snippet leaked May 5, 2025, with the full song leaking later that same day after a groupbuy.",2:26,,"May 5, 2025",OG File,CD Quality,https://pillows.su/f/b64d61ac404dabed14b30b8c818bf22b
TYCOON [V2],"TWITCH [V6]
(feat. Tyga & 2 Chainz) (prod. BBYKOBE & Wax Motif)
(LIVE ON TWITCH)","Version that lacks vocal effects on the hook. According to GucciTunes this version features 2 Chainz, though he is absent from the snippet. Snippet leaked April 13, 2025.",,,"Apr 13, 2025",Snippet,CD Quality,https://pillows.su/f/3a338e9b873c7f134bb4b067af02fd35
TYCOON [V2],"TWITCH [V8]
(feat. Tyga) (prod. BBYKOBE, Wax Motif & Dre Moon)
(LIVE ON TWITCH)","Version of Twitch played at Ty's Coachella set, has added production throughout and an open for Tyga to perform on.",,,"Apr 13, 2025",Full,Recording,Link Needed
¥$,"??? [V1]
(prod. Lester Nowhere)
(Fear, Take The Fear Away)","Original instrumental which, according to Lester Nowhere, was fully produced by him in Ye's room in Italy. Lester Nowhere would describe the song as ""the best song I've worked on in my lifetime so far"". Snippet posted by Lester Nowhere to Instagram on April 4th, 2025.",,,"Apr 4, 2025",Snippet,Recording,https://pillows.su/f/3f8ce1db14f966a4a269ae66d2bff2fc
VULTURES 3,"THOUSAND MILES [V5]
(prod. Peter Lee Johnson & Digital Nas)","The sample from ""100 Miles"" has been removed, and additional 808s have been added. Original snippet played by Digital Nas during a soundcheck, and he would later play it in full on his Twitch stream.",,,"Apr 4, 2025",Full,Recording,https://pillows.su/f/e8ccae22fa2bcf343a7bc6725032496d
TYCOON [V2],"TWITCH [V7]
(feat. Tyga & 2 Chainz) (prod. BBYKOBE, Wax Motif & Dre Moon)
(LIVE ON TWITCH)",Version of Twitch with an added 2 Chainz feature played by Ty on an Adin Ross stream 4/4/2025. Has a slightly different beat arrangement on Tyga's verse.,,,"Apr 4, 2025",Partial,Recording,https://pillows.su/f/04b6c5a05b47d79c0ef55b044dde6dc1
TYCOON [V1],"Bad Bitch Alert [V1]
(prod. Maxx Owa, PRICE & Oh Gosh Leotus)","Version with alternate production before the song would be brought back for girl music vol. 1. Played by Ty on DDG's stream on March 30, 2025.",,,"Mar 30, 2025",Partial,High Quality,https://pillows.su/f/28b1e260b14f0ba3b9bfee76e8c9ef49
TYCOON [V2],"DDG - speed [V2]
(feat. Ty Dolla $ign & Rich The Kid) (prod. Hitmaka, SkipOnDaBeat, Sakii & Satori)","Version with DDG recorded and played on March 30th, 2025. According to Ty Dolla $ign Brasil, this along with the other songs played on DDG's stream will not be on TYCOON. Was later released on DDG's album blame the chat. According to Hitmaka, when Ty asked him for songs to play on DDG's stream, this was the first one he sent.",,"Mar 30, 2025","Mar 30, 2025",Snippet,High Quality,Link Needed
TYCOON [V2],"Icewear Vezzo - Sign [V1]
(prod. June The Genius)","OG Filename: veezo x June - Sign...
Snippet posted to Icewear Vezzo's Instagram 5/21/2025, later being reposted by Ty. According to Icewear Vezzo, at the time of posting Ty had ""just sent back"" his verse, though the file is dated about a month before the snippet was shared, so this is likely a version with opens for him. Snippet length was 1:27, though only 1 minute of it is available. Samples ""Movies"" by Ashanti. Later released on Icewear Vezzo's Youtube channel.",3:35,"Apr 20, 2025","Mar 21, 2025",Partial,High Quality,https://pillows.su/f/9a425752608e7cf92304ff2d215ecbd5
VULTURES 3,"🤖 Kanye West - MELROSE [V13]
(ref. Ty Dolla $ign) (feat. Ty Dolla $ign & Playboi Carti) (prod. TheLabCook)","Version with AI Ye vocals and a new Ty verse. Version on the December BULLY visual album copy posted by Ye to his Twitter, dated on or before December 23, 2024.",3:41,,"Mar 18, 2025",Full,CD Quality,https://pillows.su/f/f18f36d717241d92562c43db2d7a024e
Beach House 4 [V2],"Maeta - Kissing New People [V1]
(ref. Demi Lovato) (feat. Ty Dolla $ign) (prod. Oak)","Original version of the song with Demi Lovato vocals Maeta would later use as a reference track. Later released on Maeta's album When I Hear Your Name. Snippet leaked March 7, 2025.",,,"Mar 7, 2025",Snippet,CD Quality,https://pillows.su/f/5fff9d7132c8a8630e0b1b3cb846e007
TYCOON [V1],"JD Beat [V6]
(prod. Jermaine Dupri & ???)","Song seen on multiple TYCOON tracklists. Was thought to be unheard until Ty confirmed it was this song on stream and that the ""JD"" actually stands for Jermaine Dupri. A video of Ty playing an earlier version of the song was posted March 6, 2025, with a higher quality snippet being posted to Twitter by Kurrco a day later.",,,"Mar 7, 2025",Snippet,High Quality,https://pillows.su/f/ee4f9a84be26a9d1f07f30a15ed5ad89
Beach House 4 [V1],"⭐ Do You Really Mean [V2]
(feat. 24kGoldn) (prod. David Guetta)
(Do You Really Mean It)","Track from 2021 featuring 24kGoldn. Snippet leaked February 20, 2025. Full version leaked for free after the seller was exposed to be a scammer.",1:57,,"Mar 5, 2025",Full,CD Quality,https://pillows.su/f/3ff76d263186126e34b91022701838e9
TYCOON [V1],"JD Beat [V5]
(prod. Jermaine Dupri & ???)","Version with less developed production. A video of Ty playing this version in the studio was posted March 5, 2025.",,"Mar 5, 2025","Mar 5, 2025",Snippet,Recording,https://pillows.su/f/63f58e6aacc8be30c6714f1d80e818f6
Skrillex Collaboration,"Skrillex & Starrah - Know Me Well [V1]
(prod. Skrillex)","Collaboration between Starrah and Skrillex. Unknown when this version is from, but it was eventually given to Ty, who recorded over Starrah's lyrics. Was originally thought to be a reference track for Ty, but according to skye it was originally a Starrah and Skrillex song that Skril wanted Ty on. Originally leaked on November 4, 2021.",3:24,,"Mar 3, 2025",Full,CD Quality,https://pillows.su/f/e3b4307f2bb2a25393c1de08f7fe7a4b
Skrillex Collaboration,"✨ Know Me Well [V2]
(feat. Starrah & ???) (prod. Skrillex & Sarz)",Fully finished version with Ty and background vocals on the hook from an unknown artist who sounds different to Starrah. Most likely intended for the Skrillex collab album. Filename indicates that it has some involvement from Skrillex collaborator Sarz.,2:18,,"Mar 3, 2025",Full,High Quality,https://pillows.su/f/21a3721361e589f0e75f6b980c6764ae
TYCOON [V1],"3 Billion [V4]
(feat. Timbaland) (prod. Ty Dolla $ign, Camper, Cobalii, Styalz Fuego, Wax Motif & Timbaland)",Version that the live bass was played over.,,,"Mar 3, 2025",Snippet,Recording,https://pillows.su/f/22a3d4afa31ef3046443122a1accdd63
TYCOON [V1],"Twitch [V4]
(feat. Tyga) (prod. BBYKOBE & Wax Motif)
(Live On Twitch)","Updated version with additional production played at Toney Handsome's DJ set. Has Mustard tags throughout, however this is just part of a transition into ""POWER"" by YG. High quality version posted to Toney Handsome's Instagram February 27, 2025. CDQ snippet posted by Kurrco on Twitter March 7th 2025.",,,"Feb 27, 2025",Partial,High Quality,Link Needed
Yandhi,"Kanye West - Hurricane [V16]
(ref. 070 Shake) (feat. Ty Dolla $ign) (prod. BoogzDaBeast, Nascent & RONNY J)
(Don't Let Me Down, Hurricanes, 80 Degrees)","OG Filename: Hurricane 8.28.18 Shake Vocals
Filedate says it was recorded 8.28.18, however this doesn't really make sense with ""Hurricane's"" evolution, so it's safe to assume this was a misspelling of 9.28.18. It's confirmed that 070 Shake does part of the hook, but any other info about this version is unknown. Stems are confirmed to be owned by members of the community. Snippet of Shake's vocal take leaked February 22, 2025. Longer snippet of the full track leaked February 23rd, 2025, showing it includes Ty's infamous ""grandma couch"" verse.",,"Sep 28, 2018","Feb 23, 2025",Snippet,High Quality,"https://pillows.su/f/3234542e1b2933866ea07fac30940eb5
https://pillows.su/f/5f47264f033cb0f7ba752514a5c3b017"
TYCOON [V1],???,"Snippet leaked February 23, 2025. Era unknown.",,,"Feb 23, 2025",Snippet,CD Quality,https://pillows.su/f/9f2892c7a1f9cf211f33a75e63e6012a
TYCOON [V1],???,"Snippet leaked February 23, 2025. Era unknown.",,,"Feb 23, 2025",Snippet,CD Quality,https://pillows.su/f/e7251813a309df4e7c0efdb2674be62b
TYCOON [V1],"???
(prod. Hitmaka)","Snippet leaked February 23, 2025. Era unknown.",,,"Feb 23, 2025",Snippet,CD Quality,https://pillows.su/f/9bffed92798fe7879c05541f38d20941
Beach House 4 [V1],"Tish Hyman - City Underground [V3]
(feat. Adam Vadel) (prod. Adam Vadel, REMED & twinsmatic)
(Built A City Underground)","OG Filename: City underground prod adam...
According to Adam Vadel, he wrote lyrics to the song with Tish Hyman and gave her ""the adlib melodies and everything"". According to Tish Hyman, her version of the song was created in 2022. Played by Tish Hyman on stream January 2, 2025. Snippet posted by Adam Vadel to Instagram on February 21, 2025.",,,"Feb 21, 2025",Snippet,CD Quality,"https://pillows.su/f/8e6f1f9de04cf4a5e614021a88319cca
https://pillows.su/f/12cecfd16fdb5719a4059eb474143a35
https://pillows.su/f/aeb32313ed567a934fc6bb7ba3438ea1"
Skrillex Collaboration,"Ego Death [V4]
(feat. FKA twigs & serpentwithfeet) (prod. Ty Dolla $ign, Skrillex, BoogzDaBeast & Dre Sinatra)","OG Filename: EGO DEATH skril YE VERSE
Version with alternate production including drums from Dre Sinatra and an additional sample. Has an open verse in place of Ye's verse and additional mumble FKA twigs vocals.",3:16,"Jan 26, 2019","Feb 20, 2025",OG File,High Quality,https://pillows.su/f/dcf9638399d3ba36e4fae75f60fe52f9
Skrillex Collaboration,"✨ Ego Death [V5]
(feat. Kanye West, FKA twigs & serpentwithfeet) (prod. Ty Dolla $ign, Skrillex, BoogzDaBeast & Dre Sinatra)","OG Filename: EGO DEATH skril verson edit 2
Similar to the previous version, but with Ye's verse added, and more finished FKA twigs vocals based on her previous mumble vocals. First previewed in January 2019.",4:06,"Jan 1, 2019","Feb 20, 2025",OG File,CD Quality,https://pillows.su/f/8954419e505ec94bee1358fcdb072b3d
Skrillex Collaboration,"⭐ Ego Death [V10]
(feat. Kanye West, FKA twigs & serpentwithfeet) (prod. Ty Dolla $ign, Skrillex & BoogzDaBeast)","OG Filename: Ego death 4.3.19
Version with an extra verse from Ty and different production, including a beatswitch meant to transition into the following track. Leaked as a bonus to a Ye groupbuy.",4:41,"Apr 3, 2019","Feb 20, 2025",OG File,CD Quality,https://pillows.su/f/6139ba93e5aa4fb5917d2dee7d4a9a04
TYCOON [V1],"🤖 Wheels Fall Off [V14]
(feat. Ye & The Hooligans) (prod. BBYKOBE, Ye & Camper)
(Wheels)","Version with backing vocals from Ty on Ye's verse, and a slightly longer delay before Ye's verse begins. Previewed in a YouTube video posted by Justin Laboy on February 19, 2025.",,,"Feb 19, 2025",Snippet,Recording,https://pillows.su/f/daf657391487b98fd3ae437fd63f6bc9
VULTURES 2,"MY SOUL [V26]
(feat. Young Moose & Todd Rundgren) (prod. 88-Keys, BoogzDaBeast, Camper, FNZ, Rory Noble, Ty Dolla $ign & Kanye West)
(FIGHTING FIRES, FIGHTIN' FIRE, FAITHFUL)","OG Filename: 20240517 MY SOUL MOOSE ROUGH EDWIN
Version with a verse from Young Moose. Vocals are censored. Leaked February 14, 2025.",2:50,"May 17, 2024","Feb 14, 2025",OG File,Lossless,https://pillows.su/f/6a5f440067cd01d1286eecf79d79ae58
TYCOON [V1],"🤖 Wheels Fall Off [V12]
(feat. Ye & King Combs) (prod. BBYKOBE, Ye & Camper)
(Wheels)","OG Filename: Wheels Fall Off - EXTENDED - Dirty (FM)...
Similar to the initial release version. Snippet posted February 13, 2025.",,,"Feb 13, 2025",Snippet,Recording,https://pillows.su/f/cba420af97745788f32891562050d86f
TYCOON [V1],"Leon Thomas - RATHER BE ALONE [V1]
(feat. Halle & Ty Dolla $ign) (prod. Leon Thomas, Freaky Rob, D. Phelps & Wax Motif)","Version that live keyboards are being played over, The keyboards were likely an addition by Camper.",,,"Feb 12, 2025",Snippet,Recording,https://pillows.su/f/0a002d864a8b42eb77077f1407a0b7c6
TYCOON [V1],"🏆 Leon Thomas - RATHER BE ALONE [V2]
(feat. Halle & Ty Dolla $ign) (prod. Leon Thomas, Freaky Rob, D. Phelps, Wax Motif & Camper)","Snippet posted by Wax Motif to Instagram on February 12th, 2025, from Ty's studio, where Ty was seen listening to the song while Camper was playing keys over it. Ty was also tagged in the post, suggesting that he was involved with the song, although no contributions from Wax, Camper, or Ty appear on release. It's possible that the song was simply being worked on in Ty's studio and that he was not directly involved with it.",,"Feb 12, 2025","Feb 12, 2025",Snippet,Recording,https://pillows.su/f/0a002d864a8b42eb77077f1407a0b7c6
Beach House 4 [V2],"⭐ Slide [V1]
(prod. Fred again.. & Skrillex)
(Slide In, Slidin', Sliding)","OG Filename: FRED TY SLIDE
Solo Ty version with a different vocal take over an entirely different dance beat produced by Fred again.. and Skrillex. Seen as track 1 on a Japan Beach House 4 tracklist posted by dbmagic. Snippets leaked January 14th and August 12th, 2024.",2:40,"Jul 17, 2023","Feb 8, 2025",Full,Lossless,https://pillows.su/f/5e52ff8c6e1fda5316d6ea4d7bbbf5ec
Beach House 4 [V2],Chlöe - River [V1],"Chloe Bailey song which would be partially reused for the outro to ""River"", likely recorded and given to Ye in Japan alongside ""Worship"". Snippet leaked February 8, 2025.",,,"Feb 8, 2025",Snippet,High Quality,https://pillows.su/f/5f14d3876a722792be7fd7ee4eff2dd7
TYCOON [V1],"Rucci - Mind Off Him [V2]
(feat. Ty Dolla $ign) (prod. damn james!, BlueySport & Ty Dolla $ign)
(Mind On Him)","Song that was meant to be released as a single for Rucci's album Forever On That in March of 2024, the album released in June with the song nowhere to be found. Snippet leaked February 8, 2025, with fake Ye AI over Rucci's verse as the seller was trying to sell it as a VULTURES 3 song.",,,"Feb 8, 2025",Snippet,CD Quality,https://pillows.su/f/57fddb3cefe89939e998d9098a03f9c1
TYCOON [V1],"🤖 Wheels Fall Off [V9]
(feat. Ye) (prod. Ye, BBYKOBE & Camper)
(Wheels)","Version with minimal production and additional AI Ye vocals. This version was played as a video for the song was being recorded. Snippet leaked February 6, 2025.",2:36,,"Feb 6, 2025",Full,Recording,https://pillows.su/f/a2d15aa83755026c7380eec88c613092
VULTURES 3,"DON'T KILL THE PARTY [V12]
(feat. Tyga) (prod. 206derek, BNYX®, Lasik, Matty Spats & BBYKOBE))","Version with an updated structure. Was played multiple times by Ye and Ty throughout early 2025 and was intended for VULTURES 3. Snippet posted by Ty to Instagram on February 3, 2025. Played by Ty on stream with Tyga February 3, 2025.",2:58,,"Feb 3, 2025",Full,Recording,"https://pillows.su/f/6422b58083fad16a3ccf309597ca5a21
https://pillows.su/f/e18cd8b3a0f3a48621c7f40858461313"
TYCOON [V1],"🏅 Wheels Fall Off [V7]
(feat. Ye) (prod. BBYKOBE, Ye & Camper)
(Wheels)","Version with an extended verse from Ty that was cut from later versions, and lacking the AI Hooligans vocals over the ""we both outside with the shooters"" line. Previewed at the Grammys afterparty on February 3, 2025, where Ye cut off the song early before his part was played.",,,"Feb 3, 2025",Partial,Recording,https://pillows.su/f/0d5e42be26bde468d7a02bd7fd94717d
Beach House 4 [V1],"Tyga - Tap In [V4]
(feat. Ty Dolla $ign) (prod. d.a. got that dope)","According to a reliable source, this song was given to Tyga after the release of Featuring Ty Dolla $ign. Confirmed after Tyga played a version of the song on stream.",,,"Feb 1, 2025",Full,Recording,Link Needed
VULTURES 1,"Do It [V5]
(feat. YG & Tyga) (prod. Kanye West, Chrishan, Cubeatz, DTP, LukasBL, Mustard & Wheezy)","Version with an entirely different verse from Tyga, as well as slightly different production. Snippet leaked February 11, 2024. Played by Tyga on stream February 1, 2025.",,,"Feb 1, 2025",Partial,Recording,"https://pillows.su/f/893a3c3e4f14af7b13a28cc49d4aecff
https://pillows.su/f/27c25c2692dec82e3b50ceaff632a8e8"
TYCOON [V1],"Live On Twitch [V2]
(prod. BBYKOBE)
(Twitch)",Has an open verse that Tyga would record over on stream.,,,"Feb 1, 2025",Partial,Recording,https://pillows.su/f/4cf3df748fca833aa9e7c1c2c169c5ea
TYCOON [V1],"Twitch [V3]
(feat. Tyga) (prod. BBYKOBE)
(Live On Twitch)","Version of the song with finished Tyga vocals, recorded shortly after he was shown the song on his livestream. Has Ty doing a new style of high pitched vocals. Most likely meant for TYCOON rather than Tyga's album, as Ty could be heard saying ""Tycoon, Tycoon, Tycoon!"" shortly before it played. The studio session clip was uploaded to Tyga's Youtube, calling the song ""Live On Twitch"" before being renamed to just ""Twitch"". Seen on multiple TYCOON tracklists.",2:10,"Feb 1, 2025","Feb 1, 2025",Full,Recording,https://pillows.su/f/18ce2dc025043ec92f3a422d19698a1d
TYCOON [V1],"Wicked Games [V2]
(prod. Hitmaka & OG Parker)","Version played by Ty on stream with Tyga February 1, 2025.",,,"Feb 1, 2025",Full,Recording,Link Needed
Mustard Collaboration,"What I Want [V1]
(feat. Lil Wayne) (prod. Ty Dolla $ign, Mustard, Larry Jayy, Eskeerdo & Bass Charity)","Originally previewed on Ty's Tiktok on April 5, 2022. Original snippet leaked December 14, 2024, and later leaked in full after being one of the community's most sought-after grails. Was later brought back for TYCOON, presumably due to the leak's status.",2:36,"Apr 5, 2022","Jan 30, 2025",Full,CD Quality,https://pillows.su/f/9ed8ad41126117807f0aa60b7bfd8538
Campaign [V1],"⭐ Woke Up [V2]
(feat. Kanye West) (prod. Charlie Heat)","Originally thought to have been a finished SHMG throwaway, but the naming of the original German filename (Ty$ - Woke Up Feat Kanye West) means it was probably given to Ty$, similar to ""Guard Down."" Has a minute of rapping and singing vocals from Kanye, as well as punch-ins and verses from Ty Dolla over the initial reference track. Samples ""Paradise"" by Jeremih. Original snippet leaked Apr 17, 2024. Leaked after a successful Soakbuy,",3:00,,"Jan 29, 2025",Full,CD Quality,https://pillows.su/f/4e73d1f1eec09e69873eecfc27652d34
Dream House,"PARTYNEXTDOOR - Routine Rouge [V2]
(feat. Ty Dolla $ign & Rich The Kid) (prod. PARTYNEXTDOOR)","OG Filename: RTK ty dolla open
PARTYNEXTDOOR song with vocals from Ty and Rich The Kid. Metadata says it's from 2015, however it's embedded with OVO copyright from 2018 and iTunes 12.5.5.5, which released in 2017. This may mean it is a rebounce.",,,"Jan 22, 2025",OG File,Lossless,Link Needed
VULTURES 2,"FEAR [V4]
(ref. Young Moose) (prod. Lester Nowhere)
(TAKE THE FEAR AWAY)","OG Filename: FEAR X MOOSE REF 1
Young Moose reference track. Has a different seemingly mumble take of Ye doing the ""I might have to"" line. Ye would use this ref to create the April 29, 2024 version of the song.",2:22,,"Jan 22, 2025",OG File,CD Quality,https://pillows.su/f/911e4b67604cf2997b02d309efdb3380
VULTURES 2,"FEAR [V5]
(prod. Lester Nowhere)
(TAKE THE FEAR AWAY)","OG Filename: 042924 FEAR 81BPM FSHARPMINOR
Solo Ye version with finished vocals. Samples ""Fear"" by Low. Snippet leaked October 29, 2024. Lester Nowhere found out about plans for a groupbuy for the song, and voiced his anger for buying unreleased music, which then caused the groupbuy to not happen. Leaked January 22, 2025, after a separate groupbuy.",2:04,"Apr 29, 2024","Jan 22, 2025",OG File,Lossless,https://pillows.su/f/efb01dd80e192ccd51157cf7e45083a2
VULTURES 2,"MELROSE [V7]
(feat. Quavo & Playboi Carti) (prod. TheLabCook & Ojivolta)","OG Filename: MELROSE - quavo
Version with a verse from Quavo. Has the ""Codeine"" sample and slower tempo that would be used on following versions of the song. Parts of Quavo's verse would be rerecorded by Ty for the chorus on the BULLY version of this song. Snippet leaked December 29, 2024. Leaked January 22, 2025.",6:56,,"Jan 22, 2025",OG File,CD Quality,https://pillows.su/f/a4c0f21db7f98c2767376a125488f737
VULTURES 1,"CARNIVAL [V13]
(feat. The Hooligans, Rich The Kid & Playboi Carti) (prod. ¥$, Digital Nas, Ojivolta, TheLabCook, The Legendary Traxster & London on da Track)
(HONOR ROLL, HOOLIGANS)",Version with alternate drums from London on da Track.,4:24,,"Jan 21, 2025",Full,CD Quality,https://pillows.su/f/b3e155d8b17d8cd6e73803b82268baa0
Beach House 4 [V1],"Kanye West & James Blake - Talking [V2]
(prod. James Blake, No ID & Dom Maker)","Snippet leaked January 18, 2025.",~20:00,,"Jan 18, 2025",Snippet,Lossless,https://pillows.su/f/cccdb8dc928455b9749cfadb9948a2b0
Beach House 3,"Language
(feat. Wizkid)","Song from 2017 featuring Wizkid. Snippet leaked January 12th, 2025.",,,"Jan 12, 2025",Snippet,CD Quality,Link Needed
Beach House 3,"Reachin
(feat. Wizkid)","Snippet leaked by Flab, said to be from 2017. Features Wizkid.",,,"Jan 12, 2025",Snippet,CD Quality,Link Needed
VULTURES 2,"PAY PER VIEW [V7]
(prod. Cruza)","Solo Ty version with alternate production from Cruza. Snippet leaked January 11, 2024.",,,"Jan 11, 2025",Snippet,Low Quality,https://pillows.su/f/7f18ac67a1926d4a522d7c987ea49085
VULTURES 2,"PAY PER VIEW [V8]
(prod. Wes Singerman & taydex)","Solo Ty version with alternate production from Wes x Tay. Dated sometime in May of 2024. Snippet leaked January 11, 2024.",,,"Jan 11, 2025",Snippet,High Quality,https://pillows.su/f/2efb971280e81cd1d9408b5cfa174260
VULTURES 2,"RIVER [V47]
(feat. Young Thug & The Hooligans) (prod. Pi'erre Bourne, Digital Nas & AyoAA)","Version with vocals from The Hooligans on the outro. Snippet of the acapella leaked January 9th, 2025. Full acapella stem leaked January 11th, 2024.",,"Feb 29, 2024","Jan 11, 2025",Partial,Lossless,https://pillows.su/f/4a5589761c6213b516fed2e7649986dc
Beach House 4 [V1],"Lil Gotit - Minaj
(feat. Ty Dolla $ign & Lil Keed) (prod. GREN808, Dynox & Prodbykay)","OG Filename:  Ty$ x Keed x Gotit x gren808.kd gt . bfb. 11.13.21ref
Snippet previewed by Lil Gotit on Instagram January 19, 2022. CDQ snippet posted in Soakhub. Ty does the hook and has a verse. Was said to be recorded during VULTURES sessions and on a tracklist for the project, though this was later confirmed to be false. The filename leaves the ownership of the song ambiguous, though it is likely Lil Gotit's. Most likely made in the same session as ""Rich Shit"" and ""Night 2 Remember"" off of Lil Gotit's album The Cheater.",2:42,"Nov 13, 2021","Jan 9, 2025",OG File,CD Quality,https://pillows.su/f/7bd6bdf3ac423670b81d8e8a65bdca48
VULTURES 2,"🤖 530 [V29]
(prod. Kanye West, BoogzDaBeast, E.VAX, FNZ & John Cunningham)
(The Car's Missing, Dear Summer, 5:30, 530 AM)",Version used in the song's music video. Seemingly unmixed.,,,"Jan 8, 2025",Partial,CD Quality,https://pillows.su/f/91ad1551e00c0b252484419e71a44d44
VULTURES 2,"MY SOUL [V25]
(prod. Wes Singerman & taydex)
(FIGHTING FIRES, FIGHTIN' FIRE, FAITHFUL)","Version with alternate production from Wes x Tay. Snippet leaked January 7, 2025.",,,"Jan 7, 2025",Snippet,CD Quality,https://pillows.su/f/b52470856f836ad1ec60c802563f4a5f
VULTURES 2,"LET GO [V19]
(prod. Wes Singerman & taydex)
(I LET GO, ON HIS HEAD)","Has alternate production from Wes Singerman & taydex. Snippet leaked January 6, 2025.",,,"Jan 6, 2025",Snippet,High Quality,https://pillows.su/f/eedcdf13a58279a5b605fedc51be069b
VULTURES 2,"RIVER [V52]
(feat. Young Thug) (prod. Wes Singerman & taydex)","Version with alternate production from Wes x Tay. Snippet leaked January 6, 2025.",,,"Jan 6, 2025",Snippet,High Quality,https://pillows.su/f/793b81ed35ad5213785f8dcb6539bdeb
VULTURES 2,"TIME MOVING SLOW [V31]
(prod. Wes Singerman & taydex)
(TIME MOVIN' SLOW, TIME MOVES SLOW)","Version with alternate production from Wes x Tay. Snippet leaked January 6, 2025.",,,"Jan 6, 2025",Snippet,High Quality,"https://pillows.su/f/afdf0ef0d133dd00a2fd0d6b4e13fb91
https://pillows.su/f/d7cf257baf50d180a86719aef5dba034"
¥$,"Smokin' On Junt [V6]
(ref. BBYKOBE) (prod. BBYKOBE)
(Fuck Sum, Fuk Sumn)","OG Filename: smokin on junt new verses
BBYKOBE reference track with a lower-pitched instrumental. The file was found in the same folder as BBYKOBE's ""Don't Kill The Party"" and ""Timeless"" reference tracks.",2:12,"Sep 13, 2023","Jan 5, 2025",OG File,High Quality,https://pillows.su/f/6799b30cb4383a9aea549fcc105a6b71
Free TC,"Horses in the Stable [V2]
(ref. Tish Hyman) (prod. Dave Kuncio & Rance)","Further along demo of the song with additional production from Rance1500. This version was texted to Ty by Tish. Snippet posted to by Tish Hyman to Instagram on January 4, 2025.",,,"Jan 4, 2025",Partial,Recording,https://pillows.su/f/3cc1830bcec3cc21eafaa44424769074
Beach House 4 [V1],"2022 [V2]
(ref. Tish Hyman) (prod. Adam Vadel)","OG Filename: 2022  Louder
Tish Hyman reference track for ""2022"", leaked by Tish herself. Has different production than release.",2:46,,"Jan 4, 2025",OG File,High Quality,https://pillows.su/f/f84211c260485a0765f44ec59a1e2a2c
VULTURES 2,"FORTUNE AND FAME [V2]
(prod. Wes Singerman & taydex)","Version with alternate production from Wes x Tay, said to be about five minutes long. Dated late April 2024. Snippet leaked January 3, 2025.",~5:00,"Apr 1, 2024","Jan 3, 2025",Snippet,High Quality,https://pillows.su/f/1fbb55e0faf58fa81e1a833228eba3a0
VULTURES 2,"BELIEVER [V15]
(prod. Wes Singerman & taydex)","Version with alternate production from Wes x Tay. Snippet leaked January 3, 2025.",,,"Jan 3, 2025",Snippet,High Quality,https://pillows.su/f/b79319897e9b183d7c742992a0f3be11
VULTURES 2,"FIELD TRIP [V19]
(feat. Playboi Carti & Don Toliver) (prod. Wes Singerman & taydex)","Has production from Wes Singerman & taydex. Snippet leaked January 1, 2025.",,,"Jan 1, 2025",Snippet,Low Quality,https://pillows.su/f/5ea223384984049e43b49aa19951161b
VULTURES 2,"PROMOTION [V21]
(feat. Future) (prod. Wes Singerman & taydex)
(GORGEOUS)","Has added production from Wes Singerman & taydex. Snippet leaked January 1, 2025",,"Apr 1, 2024","Jan 1, 2025",Snippet,High Quality,https://pillows.su/f/24e4e33a36e1001a7b028318141ae908
VULTURES 2,"LIFESTYLE [V9]
(prod. Deaton Chris Anthony)","Version solo-produced by Deaton Chris Anthony. The drums and vocal samples from this version would be reused on all later versions of the song. Snippet posted by Deaton Chris Anthony to Instagram on December 31, 2024.",,,"Dec 31, 2024",Snippet,Recording,https://pillows.su/f/55fd3ad676c57d9a8864d221d62d6a07
VULTURES 2,"PAY PER VIEW [V6]
(prod. Wes Singerman & taydex)","Solo Ty version with vocals from the original version of ""Dis Bitch Dat Hoe"" before the hook was rewritten, and alternate production from Wes x Tay. Dated sometime in April 2024. Snippet leaked December 31, 2024.",,,"Dec 31, 2024",Snippet,High Quality,https://pillows.su/f/4e5d74a791e09f37227e0f017ae1cbf7
VULTURES 2,"SLIDE [V37]
(prod. Wes Singerman & taydex)
(SLIDE IN, SLIDIN', SLIDING)","Version with alternate production from Wes x Tay. Vocals are censored. Snippets leaked November 2, and December 31, 2024.",,"May 1, 2024","Dec 31, 2024",Snippet,CD Quality,"https://pillows.su/f/b8f978738f7adf7a1fba558a8dab65f4
https://pillows.su/f/674336555cd07b769559f0cc4c7398e8"
$ign Language 2,"✨ Dis Bitch Dat Hoe [V2]
(ref. Juicy J) (prod. Juicy J)","OG Filename: dis bitch dat hoe - (OV HOOK) - JJ Hk
Version with vocals from Juicy J after he helped Ty rewrite the song's hook. Ty's verse, the outro, and some production elements on ""PAY PER VIEW"" would be taken from this song. Snippet leaked December 22nd, 2024.",2:17,"Mar 19, 2023","Dec 27, 2024",OG File,Lossless,https://pillows.su/f/00645f4a9c7da208752412fea1ba61d8
VULTURES 1,"Dead [V11]
(feat. Future & Lil Durk) (prod. ATL Jacob & SHDØW)","Version with additional production from SHDØW. Snippet leaked December 26, 2024.",,,"Dec 26, 2024",Snippet,CD Quality,https://pillows.su/f/1e8fb73c87fce4b419b1907f845e9520
Beach House 4 [V2],"BEAM - House Music [V1]
(ref. Azul Wynter & Shraban) (prod. Nathan Butts & Azul Wynter)
(Time Moving Slow)","According to Nathan Butts in an interview, the song originated in a session between him, BEAM, Shraban, and Azul Wynter. According to Shraban in an interview, Nathan and Azul played some sounds while he, Azul, BEAM, and BEZI wrote for the song. Shraban and Azul would record a demo, arranged by BEAM, titled ""House Music"". Snippet from the studio session leaked December 25, 2024.",,,"Dec 25, 2024",Snippet,Recording,https://pillows.su/f/7fd264a8a072f5481cb8b2bcbd251692
Beach House 4 [V2],"Leon Thomas - That's Just How It Is [V3]
(feat. A$AP Rocky & Ty Dolla $ign) (prod. Madlib, D33J, Shlohmo & Boys Noize)
(How It Is)","Original Filename: Thats Just How It Is FEATURING ASAP ROCKY X TY DOLLA  NEW MIX
Version with a different mix.",4:06,,"Dec 24, 2024",OG File,CD Quality,Link Needed
Dance EP,🏆 Let You Down [V1],"Song from 2023 with a similar sound to ""Motion"", likely intended for the dance EP. Snippet leaked December 23, 2024.",,,"Dec 23, 2024",Snippet,CD Quality,https://pillows.su/f/9c13b7fc458bfa75cd70abc3eaac6f3a
Beach House 4 [V2],🏅 Keep It A Buck,"Song from 2023. Snippet leaked December 23, 2024.",,,"Dec 23, 2024",Snippet,CD Quality,https://pillows.su/f/4dc15d2f7b3d8119a17849c51ce25db8
Beach House 4 [V2],🏆 Stomp My Name,"Song from 2023, other information is unknown. Snippet leaked December 23, 2024.",,,"Dec 23, 2024",Snippet,CD Quality,https://pillows.su/f/65bff9eef383535250253558792a357e
VULTURES 2,"IDEA 3 [V3]
(feat. Yung Lean & Teezo Touchdown) (prod. 88-Keys, The Legendary Traxster & Whitearmor)
(THIRSTY)","OG Filename: 041524 IDEA3 TRAXS LEAN YE 88 WHITEARMOR 80BPM CMAJOR OSC TEEZO TOUCHDOWN FREEYSTLE 2
Yung Lean and Teezo Touchdown freestyle with live production from Traxster, 88-Keys, and Whitearmor. Leaked December 19, 2024, after a groupbuy.",37:36,"Apr 15, 2024","Dec 19, 2024",OG File,CD Quality,https://pillows.su/f/92c1e7a318e86dc813c79aeb353d98f6
Dream House,"Replace My Ex [V2]
(feat. Wiz Khalifa & Rich The Kid) (prod. Hitmaka)
(Replace Your Ex)","Presumably a more finished version, featuring Rich The Kid instead of Tierra Whack. Snippet leaked sometime in 2019 and was lost before being rediscovered on December 18, 2024.",,,"Dec 18, 2024",Snippet,Lost,Link Needed
Beach House 4 [V1],???,"Snippet leaked December 15, 2024.",,,"Dec 15, 2024",Snippet,CD Quality,https://pillows.su/f/f508bdad4a90e280ccfb8035c10d314e
Beach House 4 [V1],???,"Snippet leaked December 15, 2024.",,,"Dec 15, 2024",Snippet,CD Quality,https://pillows.su/f/e5b4366435caf4f663015969a559057e
Beach House 4 [V2],"Playboi Carti - ??? [V1]
(prod. KP Beatz)
(DRUGS GOT ME NUMB, OMERTÀ)","Reuses the choir from other Carti song ""DRUGS GOT ME NUMB"" and was previewed during Rolling Loud Miami 2024. It's said to have been recorded in 2023, but this has not been confirmed.",3:34,,"Dec 15, 2024",Full,Recording,Link Needed
Beach House 3,Safe,"Song from 2017. Snippet leaked December 14, 2024.",,,"Dec 14, 2024",Snippet,CD Quality,https://pillows.su/f/2c5bdd1d23650c57bb29572d43569c32
Dream House,"✨ Rowdy [V2]
(prod. Hitmaka, Go Grizzly & Murda Beatz)
(Hoes On Ice)","Song from 2019 that leaked previously, but resurfaced on December 14, 2024. This file is an edit that loops the first verse, while the real file contains an open verse.",,,"Dec 14, 2024",Partial,High Quality,https://pillows.su/f/d4181ecd44b324652475938c4e26b611
Beach House 4 [V1],"Do You Really Mean It [V3]
(feat. 24kGoldn & ???) (prod. David Guetta & Digital Farm Animals)
(Do You Really Mean)","Version with alternate production from Digital Farm Animals and backing vocals from an unknown artist. According to the seller this version still has 24kGoldn. Snippet leaked December 14, 2024.",,,"Dec 14, 2024",Snippet,CD Quality,https://pillows.su/f/c8462c3419ba5eb2086c5b397a1a9ff9
¥$,"Paperwork [V20]
(ref. Quavo) (prod. 88-Keys)","Version with alternate production from 88-Keys. Played by 88-Keys on stream December 14th, 2024.",,,"Dec 14, 2024",Snippet,Recording,https://pillows.su/f/726dcd91fe6f452abe0df87de163cec1
¥$,"Paperwork [V21]
(ref. Quavo) (prod. 88-Keys)","Version with alternate production from 88-Keys. Played by 88-Keys on stream December 14th, 2024.",,,"Dec 14, 2024",Snippet,Recording,https://pillows.su/f/3dd03f2d6fb0a7e8b1486ece6eb2f993
¥$,"Paperwork [V22]
(ref. Quavo) (prod. 88-Keys)","Version with alternate production from 88-Keys. Played by 88-Keys on stream December 14th, 2024.",,,"Dec 14, 2024",Snippet,Recording,https://pillows.su/f/f6113d1abd4956364fa506da86d11c0c
¥$,"Paperwork [V23]
(ref. Quavo) (prod. 88-Keys)","Version with alternate production from 88-Keys. Played by 88-Keys on stream December 14th, 2024.",,,"Dec 14, 2024",Snippet,Recording,https://pillows.su/f/5dda589989c4b6a0887fb39513ecdc9b
¥$,"Paperwork [V24]
(ref. Quavo) (prod. 88-Keys)","Version with alternate production from 88-Keys. Played by 88-Keys on stream December 14th, 2024.",,,"Dec 14, 2024",Snippet,Recording,https://pillows.su/f/95b5ef3ade835683b43e7f79ea7d004d
Free TC,"⭐ Fergie - L.A.LOVE (la la) [V3]
(feat. Ty Dolla $ign) (prod. Mustard)",Features a verse from Ty Dolla $ign that was later replaced by another Fergie verse. Was considered lost for a very long time. Snippet posted by known larper and pedophile REX in TY$HUB before it was rediscovered on Youtube later that same day.,3:10,,"Dec 13, 2024",Full,High Quality,https://pillows.su/f/8454043d178aad928feca4455b8c182c
Featuring Ty Dolla $ign,"🏆 Butterfly Coupe [V2]
(feat. Chrishan) (prod. Hitmaka, SkipOnDaBeat & OG Parker)","Snippet leaked December 13, 2024. Released as a Kalan.FrFr song featuring Tyga in 2023. Unknown if Tyga is on this version, but it is unlikely as he references Kalan in his verse. Kalan may have vocals on this version since the song's title comes from a lyric in his hook. However, what is more likely is that Ty recorded a hook that Kalan reused. This is supported by the fact that Chrishan's adlibs in the snippet can be heard on release on the hook and part of Kalan's verse, and Kalan's verse contains a lyric similar to a line sung by Ty in the snippet. Likely originates from around 2020 based on the sound and producers.",,,"Dec 13, 2024",Snippet,High Quality,https://pillows.su/f/b9c407512c521f371f72e7bc89189947
Beach House 4 [V1],"Love
(with Joe Moses) (prod. Mustard)","Song from 2020 featuring a verse from Joe Moses, likely from Whoop! 2 sessions. Possibly leaked earlier, however it resurfaced on December 13th, 2024.",2:18,,"Dec 13, 2024",Full,CD Quality,https://pillows.su/f/545cbb00860b19d711ed237fa2e00399
VULTURES 2,"FIELD TRIP [V22]
(feat. Playboi Carti & Don Toliver) (prod. Cruza)","Another alternate version with production from Cruza. Snippet leaked December 13, 2024.",,,"Dec 13, 2024",Snippet,CD Quality,https://pillows.su/f/000f7c5c004b78821178e7f04cc3763f
VULTURES 2,"TIME MOVING SLOW [V30]
(prod. Cruza)
(TIME MOVIN' SLOW, TIME MOVES SLOW)","Version with alternate production from Cruza. Snippet leaked December 13, 2024.",,"May 1, 2024","Dec 13, 2024",Snippet,CD Quality,https://pillows.su/f/331f0d55abbd7fe669782d63f77394a6
Yandhi,"Kanye West - The Garden [V24]
(feat. Sunday Service Choir, Slim & Ty Dolla $ign) (prod. Phil The Keys)
(Garden, Pets)","Similar to the versions above, but with the piano added back. This version was intended for release on the Stem Player. Leaked December 12, 2024.",1:26,,"Dec 12, 2024",Full,High Quality,https://pillows.su/f/a0721f0f866154ed113fbf68149ada91
Beach House 4 [V2],"🏆 Turn Me Up
(feat. Tyga)","Snippet leaked December 12, 2024. According to GucciTunes, the track is from 2022-2024. According to a trusted source the song is 3:21 in length and contains an open verse.",3:21,,"Dec 12, 2024",Snippet,CD Quality,https://pillows.su/f/db901a184a3dcf13661b1fbdf1bd66b5
Beach House 3,"Ant Clemons - T-Shirt [V2]
(feat. Chance the Rapper & Ty Dolla $ign) (prod. 
Carter Lang)","OG Filename: 01 T Shirt Ant Clemons Chance The Rapper
Ant Clemons track very likely recorded in 2018 or 2019, due to the fact Chance and Ant were working together a lot during this time during sessions for GAJ18. Version without Chance leaked sometime in 2020, then later, on November 9th, it leaked in full alongside 55 other Ant Clemons songs. Unfortunately these have both been lost as the Dbree links are now broken. Contains a feature verse from Chance and background vocals from Ty Dolla $ign. Chance's vocals have been described as unmixed based on their audio quality and possibly contain some mumble. New snippet leaked June 4, 2023. Full lyrics have been transcribed on Genius, so it's likely still in circulation. One of the most perplexing cases of unarchived leaks. Finally resurfaced 12/11/2024.",3:30,,"Dec 11, 2024",OG File,CD Quality,https://pillows.su/f/9f2928498f71cc6a865b0910e06e9fd8
VULTURES 2,"RIVER [V56]
(feat. Young Thug) (prod. Cruza)","Version with alternate production from Cruza. Snippet leaked December 11, 2024.",,,"Dec 11, 2024",Snippet,CD Quality,https://pillows.su/f/20856d1a6945a413aa4a5af096990528
Beach House 3,"Chance the Rapper - Die For [V2]
(feat. Daniel Caesar)
(The Garden, Pets)","OG Filename: DIE FOR djc r
Cutdown of the ""Pets"" jam session. Has extra Daniel Ceasar vocals throughout that aren't heard in the previous version. Leaked on December 9, 2024.",6:18,,"Dec 9, 2024",OG File,CD Quality,https://pillows.su/f/741826bad1d28171b2e0a2b8c24f33a1
Dream House,"Hit-Boy - Ace Of Hearts / Count Me Out
(feat. Juice WRLD, Big Sean, Chance the Rapper & Ty Dolla $ign) (prod. Hit-Boy)
(Don't Count Me Out, Pop It)","OG Filename: ACE OF HEARTS- COUNT ME OUT
Version of the song from 2019 with Big Sean, Chance the Rapper, and additional Ty vocals with a small amount of mumble. Has an intro from Juice WRLD that was taken from his unreleased song ""Pop It"" with G Herbo. Later given to BlueBucksClan and released as ""Don't Count Me Out"" with cut-down, AI-extracted Ty vocals and a Kalan.FrFr verse.",3:10,,"Dec 9, 2024",OG File,CD Quality,https://pillows.su/f/26644cc5b12c4f97127ed54a91fbc37d
Beach House 4 [V1],"Pop Out [V1]
(prod. Hit-Boy & Corbett)",Version with a different beat arrangment that can be heard during the beat cuts.,,,"Dec 9, 2024",Snippet,Low Quality,https://pillows.su/f/b58e678751ae863e644bd72cbd0e550e
Beach House 4 [V1],"✨ Pop Out [V2]
(prod. Hit-Boy & Corbett)","OG Filenames: Pop Out (unfinished-open verse)
Song from 2021 with a finished hook, verse, and an open verse. Snippet leaked November 26, 2024. The fake file ""HOT STEPPIN FOR YE"", claiming that it was intended for Ye, leaked December 9, 2024. OG file leaked the same day.",1:50,,"Dec 9, 2024",OG File,CD Quality,https://pillows.su/f/b58e678751ae863e644bd72cbd0e550e
Beach House 4 [V2],"Chlöe - Worship [V1]
(prod. TryBishop)","According to Rodri, the song was originally a Chlöe Bailey song made in a 10-song recording session. Snippet leaked December 5, 2024.",,,"Dec 5, 2024",Snippet,Recording,https://pillows.su/f/4266d592d1ebf55c19547c991962c4b0
Dream House,"Kanye West - Violent Nights [V6]
(ref. Ty Dolla $ign) (feat. Ty Dolla $ign & 070 Shake) (prod. 7 Aurelius & Irv Gotti)","OG Filename: Violent Nights REF 5.24
Leaked 12/01/24. Basically the same as the May 25th version of the song but with different mixing and is 3 seconds shorter.",3:20,"May 24, 2018","Dec 1, 2024",OG File,High Quality,https://pillows.su/f/2307314ba3e1e116c8c5602bba34e9d6
Beach House 4 [V2],"BEAM - House Music [V2]
(feat. ???) (prod. Nathan Butts & Azul Wynter)
(Time Moving Slow)","Version with vocals from BEAM which Ty would record over. According to Shraban, BEAM called Ty the same night that the original ""House Music"" demo was created and sent him the song. Snippet posted by BEAM to Instagram on December 1, 2024.",,,"Dec 1, 2024",Partial,CD Quality,https://pillows.su/f/8910071795af9b7446681324a078f44f
Yandhi,"Kanye West - City In The Sky [V7]
(feat. Ty Dolla $ign, Ant Clemons, Desiigner & 070 Shake) (prod. Justus West, damn james!, Ty Dolla $ign & ​MIKE DEAN)
(Sky City, Ooh Child Things Are Gonna Get Easier, Ohh Child, Loyalty)","OG Filename: City In The Sky - [MD drums New Ty Vocal] 09.23.18 &
city in the sky mike reff
Similar to the version above, but with drums from MIKE DEAN and lacking the intro.",4:24,"Sep 23, 2018","Nov 30, 2024",OG File,CD Quality,https://pillows.su/f/73aa0aa49e6ccc4e1118f2f83e617dda
Yandhi,"Kanye West - City In The Sky [V8]
(feat. Ty Dolla $ign, 070 Shake & Desiigner) (prod. ​Justus West, damn james!, Ty Dolla $ign & MIKE DEAN)
(Sky City, Ooh Child Things Are Gonna Get Easier, Ohh Child, Loyalty)","OG Filename: City In The Sky - Cut Intro 09.23.18 [MD Drums]
Alternate mix.",4:24,"Sep 23, 2018","Nov 30, 2024",OG File,CD Quality,https://pillows.su/f/62215b2e0299518edf39eae3abf33c49
Yandhi,"Kanye West - City In The Sky [V9]
(feat. Ty Dolla $ign, Ant Clemons, Desiigner & 070 Shake) (prod. Justus West, damn james!, Ty Dolla $ign & MIKE DEAN)
(Sky City, Ooh Child Things Are Gonna Get Easier, Ohh Child, Loyalty)","OG Filename: City In The Sky - Cut Intro 09.23.18 [3pm]
Version with less drums and a minute of silence at the end.",5:20,"Sep 23, 2018","Nov 30, 2024",OG File,CD Quality,https://pillows.su/f/6fc19d19e8fa8c037ce9f1c7c357d1af
Yandhi,"Kanye West - City In The Sky [V10]
(feat. Ant Clemons, Ty Dolla $ign, 070 Shake & Desiigner) (prod. Justus West, damn james!, Ty Dolla $ign & MIKE DEAN)
(Sky City, Ooh Child Things Are Gonna Get Easier, Ohh Child, Loyalty)","OG Filename: City In The Sky 09.24.18 [Add Ant Vocals]
Filename shown by orb.",4:24,"Sep 24, 2018","Nov 30, 2024",OG File,CD Quality,https://pillows.su/f/b6e3f4ee214be70a430fe75863c8fbd0
Yandhi,"Kanye West - City In The Sky [V11]
(feat. Ty Dolla $ign, 070 Shake, Ant Clemons & Desiigner) (prod. Justus West, damn james!, Ty Dolla $ign & MIKE DEAN)
(Sky City, Ooh Child Things Are Gonna Get Easier, Ohh Child, Loyalty)","OG Filename: City In The Sky 09.24.18 [EON bounce]
Filename shown by Alek.",4:24,"Sep 24, 2018","Nov 30, 2024",OG File,CD Quality,https://pillows.su/f/98578f16631c55338117ca70b22a4a17
Yandhi,"Kanye West - City In The Sky [V12]
(feat. Ty Dolla $ign, 070 Shake, Ant Clemons & Desiigner) (prod. Justus West, damn james!, Ty Dolla $ign & MIKE DEAN)
(Loyalty, Ooh Child, Ooh Child Things Are Gonna Get Easier, Sky City)","OG Filename: City In The Sky 09.24.18 [No Drums]
Filename shown by Alek.",4:24,"Sep 24, 2018","Nov 30, 2024",OG File,CD Quality,https://pillows.su/f/4adc36d99c47790e9e6815e69bee47ba
Yandhi,"Kanye West - City In The Sky [V14]
(feat. Ty Dolla $ign, Ant Clemons, Desiigner & 070 Shake) (prod. Justus West, ​damn james!, Ty Dolla $ign & MIKE DEAN)
(Loyalty, Ooh Child, Ooh Child Things Are Gonna Get Easier, Sky City)","OG Filename: City in The Sky 09.25.18 [KW edits Delay and Add ch vocals under shake]
Filename shown by orb.",3:47,"Sep 25, 2018","Nov 30, 2024",OG File,CD Quality,https://pillows.su/f/9e5291f269cec8228cd99f74af48372d
Yandhi,"Kanye West - City In The Sky [V15]
(feat. Ty Dolla $ign, Ant Clemons, Desiigner & 070 Shake) (prod. Justus West, ​damn james!, Ty Dolla $ign & MIKE DEAN)
(Loyalty, Ooh Child, Ooh Child Things Are Gonna Get Easier, Sky City)","OG Filename: City In The Sky 09.25.18 [KW edits CUT TIME]
Filename shown by Alek.",3:44,"Sep 25, 2018","Nov 30, 2024",OG File,CD Quality,https://pillows.su/f/e1ef55515d536eeed16547c5fc59fdd8
Yandhi,"Kanye West - City In The Sky [V16]
(feat. Ty Dolla $ign, Ant Clemons, Desiigner & 070 Shake) (prod. Justus West, ​damn james!, Ty Dolla $ign & MIKE DEAN)
(Loyalty, Ooh Child, Ooh Child Things Are Gonna Get Easierl, Sky City)","OG Filename: City In The Sky 09.25.18 [open verses]
Filename shown by Alek.",3:47,"Sep 25, 2018","Nov 30, 2024",OG File,CD Quality,https://pillows.su/f/e47408cc91e115286bfa2e470f8a0ec8
Yandhi,"Kanye West - City In The Sky [V17]
(ref. Ant Clemons) (feat. Ty Dolla $ign, Desiigner, 070 Shake & Slim) (prod. Justus West, ​damn james!, Ty Dolla $ign & MIKE DEAN)
(Loyalty, Ooh Child, Ooh Child Things Are Gonna Get Easier, Sky City)","OG Filename: City In The Sky 09.27.18 [Ant electric lady ref] 
Filename shown by Alek.",3:47,"Sep 27, 2018","Nov 30, 2024",OG File,CD Quality,https://pillows.su/f/e406cf343fe43243f2a4425fad05ec51
Yandhi,"Kanye West - City In The Sky [V20]
(prod. Justus West, ​damn james!, Ty Dolla $ign & MIKE DEAN)
(Loyalty, Ooh Child, Ooh Child Things Are Gonna Get Easier, Sky City)","OG Filename: City In The Sky 09.29.18 [Acapella Intro]
Filename shown by Alek.",3:35,"Sep 29, 2018","Nov 30, 2024",OG File,CD Quality,https://pillows.su/f/e9b1c0dd912eeaba35cb3818b57e0480
Yandhi,"Kanye West - Sky City [V26]
(ref. The WRLDFMS Tony Williams) (feat. Ty Dolla $ign, Ant Clemons, Desiigner & 070 Shake) (prod. Justus West, ​damn james!, Ty Dolla $ign & MIKE DEAN)
(City In The Sky, Loyalty, Ooh Child, Ooh Child Things Are Gonna Get Easier)","OG Filename: SKY CITY 10.08.18 [TONY WILLIAMS demo]
Tony Williams ""Sky City"" reference track.",4:15,"Oct 8, 2018","Nov 30, 2024",OG File,CD Quality,https://pillows.su/f/dd61e65cbd7d81a1a35e3423e606476a
Yandhi,"Kanye West - The Garden [V13]
(ref. The WRLDFMS Tony Williams) (prod. MIKE DEAN & ???)
(Garden, Pets)","OG Filename: The Garden 10.08.18 [TONY WILLIAMS demo 2]
One of two Tony Williams ""Garden"" reference tracks.",3:48,"Oct 8, 2018","Nov 30, 2024",OG File,CD Quality,https://pillows.su/f/f36aaaac718bdc4adf641c224383b13a
Yandhi,"Kanye West - Jeet [V2]
(feat. tizhimself) (prod. RONNY J & tizhimself)
(The Storm, XXX, Everything We Need, We Begin After The Storm Inside)",Version being played in the voice memo below.,,,"Nov 30, 2024",Full,Recording,https://pillows.su/f/3eed8206d00f752ab57580cc1650ea91
Yandhi,"Kanye West - Jeet [V3]
(feat. tizhimself) (prod. RONNY J & tizhimself)
(The Storm, XXX, Everything We Need, We Begin After The Storm Inside)","OG Filename: Jeet - KW Iphone Ref solo
Initial Ye voice memo freestyle. Leaked November 30, 2024.",1:41,,"Nov 30, 2024",OG File,Recording,https://pillows.su/f/3eed8206d00f752ab57580cc1650ea91
Yandhi,"Kanye West - Jeet [V4]
(ref. Ant Clemons) (feat. tizhimself) (prod. RONNY J & tizhimself)
(The Storm, XXX, Everything We Need, We Begin After The Storm Inside)","OG Filename: Jeet - Ant Ref 1 - Singing
First Ant Clemons reference track. Leaked November 30, 2024.",2:57,,"Nov 30, 2024",OG File,CD Quality,https://pillows.su/f/65bf3b66aed03c2e7f00877202a1d051
Yandhi,"Kanye West - Jeet [V5]
(feat. tizhimself) (prod. RONNY J & tizhimself)
(The Storm, XXX, Everything We Need, We Begin After The Storm Inside)","OG Filename: Jeet - KW ref - 117bpm
Similar to the initial freestyle, but in better quality. Leaked November 30, 2024.",3:00,,"Nov 30, 2024",OG File,CD Quality,https://pillows.su/f/31c60d5321397c4d41f3cb845241df48
Yandhi,"Kanye West - Jeet [V7]
(ref. Ant Clemons) (feat. tizhimself) (prod. RONNY J & tizhimself)
(The Storm, XXX, Everything We Need, We Begin After The Storm Inside)","OG Filename: Jeet - Ant ref KW ref ON TOP - 117bpm
Version with a reference verse from Ant Clemons that would be used for Ye's first verse, and new freestyle vocals from Ye. Leaked November 30, 2024.",3:00,,"Nov 30, 2024",OG File,CD Quality,https://pillows.su/f/f46b84c14dc7d65585aa9bad7bd9372b
Yandhi,"Kanye West - Jeet [V8]
(ref. Really Doe) (feat. tizhimself & Ant Clemons) (prod. RONNY J & tizhimself)
(The Storm, XXX, Everything We Need, We Begin After The Storm Inside)","OG Filename: Jeet (ant ref) KW and Really Doe Ref 09.18.18
Version with Ye and Really Doe freestyling over the song as Ant Clemons sings. Leaked November 30, 2024.",2:56,"Sep 18, 2018","Nov 30, 2024",OG File,CD Quality,https://pillows.su/f/0c1430b66725e9627bf34726d6543bb0
Yandhi,"Kanye West - Jeet [V10]
(feat. tizhimself) (prod. RONNY J & tizhimself)
(The Storm, XXX, Everything We Need, We Begin After The Storm Inside)","OG Filename: Jeet 09.22.18 [mute 3rd verse and louder]
Leaked November 30, 2024.",3:00,"Sep 22, 2018","Nov 30, 2024",OG File,CD Quality,https://pillows.su/f/3ffef0409f9c7dd44a4ae388b243233e
Yandhi,"Kanye West - Jeet [V11]
(feat. Ty Dolla $ign, XXXTENTACION, Ant Clemons & tizhimself) (prod. RONNY J & tizhimself)
(The Storm, XXX, Everything We Need, We Begin After The Storm Inside)","OG Filename: Jeet 09.22.18 [TY$]
Leaked November 30, 2024.",3:00,"Sep 22, 2018","Nov 30, 2024",OG File,CD Quality,https://pillows.su/f/1c901c2705c0042915b290f35dbdda2e
Yandhi,"Kanye West - Jeet [V12]
(feat. Ty Dolla $ign, XXXTENTACION, Ant Clemons & tizhimself) (prod. RONNY J & tizhimself)
(The Storm, XXX, Everything We Need, We Begin After The Storm Inside)","OG Filename: Jeet 09.22.18 [TY$] UPDATED
Similar to the version above, but with louder Ty vocals. Leaked November 30, 2024.",3:00,"Sep 22, 2018","Nov 30, 2024",OG File,CD Quality,https://pillows.su/f/8ccdecccd06d3a2d2daa8290136aebec
Beach House 4 [V1],"⭐ Future - Promotion [V2]
(feat. Ty Dolla $ign) (prod. DJ ESCO)
(Gorgeous)","Version with additional verses from Ty and Future as well as completely different production compared to release. According to Luit, Ty recorded his vocals for this song in 2021 while the song was still Future's. Leaked November 30, 2024.",3:21,,"Nov 30, 2024",Full,CD Quality,https://pillows.su/f/1189777ff29b65d8a191538f6f14895e
VULTURES 2,"FORTUNE AND FAME [V7]
(prod. Cruza)","Version with alternate production from Cruza. Snippet leaked November 30, 2024.",,,"Nov 30, 2024",Snippet,High Quality,https://pillows.su/f/1581cb261fed521f870d9c3a8d910d17
VULTURES 2,"PAY PER VIEW [V14]
(feat. Project Pat) (prod. Cruza)","Version with alternate production from Cruza and a different vocal take from Ty. Samples Project Pat's vocals from ""Poppin' My Collar"" by Three 6 Mafia. Snippet leaked November 30, 2026.",,,"Nov 30, 2024",Snippet,CD Quality,https://pillows.su/f/9492273e8d8c048032db89705f4fc658
VULTURES 2,"TAKE OFF YOUR DRESS [V121]
(prod. Cruza)
(PAPA WANNA SEE)","Version with alternate production from Cruza. Vocals are censored. Snippet leaked November 30th, 2024.",,"May 1, 2024","Nov 30, 2024",Snippet,High Quality,https://pillows.su/f/72e2da6da6c0b1ee845a159b27cbbf48
VULTURES 2,"MAYBE [V5]
(prod. Cruza)
(Maybe, Maybe We Can Last Forever)","Version with alternate production from Cruza. Snippet leaked November 29, 2024.",,,"Nov 29, 2024",Snippet,CD Quality,https://pillows.su/f/9cd9fde7f11b1f6b1969f9c4e0249f4a
VULTURES 2,"MAYBE [V6]
(ref. Gabe Shaddow) (prod. Chrishan)
(Maybe, Maybe We Can Last Forever)","Gabe Shaddow claims that he did AI references for all the VULTURES 2 songs he was credited for on Genius. ""FOREVER"" is one of these tracks.",,,"Nov 29, 2024",Confirmed,Not Available,
Free TC,"Nina [V1]
(ref. Bibi Bourelery) (prod. ???)","Early version marketed as a reference track for Kanye, however this is likely untrue. Features reference vocals from Bibi Bourelery that Ty used for the hook, as well as rough vocals from Ty himself. Snippet posted to SoakHub by Egg.",,,"Nov 25, 2024",Snippet,High Quality,https://pillows.su/f/8831c6a5ddb3a33f68984e88ad5389ef
VULTURES 2,"⭐️ FUK SUMN (Remix) [V7]
(feat. Playboi Carti, Travis Scott, Quavo & Ant Clemons) (prod. ¥$, JPEGMAFIA, Timbaland, 88-Keys, Chrishan, SHDØW, AyoAA, Hubi, BBYKOBE, Che Pope & The Legendary Traxster)
(FUK SUMN PT. 2)","OG Filename: FUKK SUM 3.18.24 ME- F REF 5 ANT
Version with vocals from Ant Clemons replacing a portion of Ye's pitched-up vocals. According to Pop, this was intended to be released in a remix pack, similar to the VULTURES PACK and the CARNIVAL PACK.",3:51,"Mar 18, 2024","Nov 21, 2024",OG File,CD Quality,https://pillows.su/f/c5c95c268b6a75ed41e1881980b4b9e6
VULTURES 2,"NEXT TIME [V3]
(ref. Young Moose) (prod. London on da Track & Sean Momberger)
(MAKE IT FEEL RIGHT)","OG Filename: NEXT TIME X MOOSE REF 1
Version with two verses from Young Moose and a finished Ye hook, as well as slightly different production.",3:41,,"Nov 21, 2024",OG File,CD Quality,https://pillows.su/f/24e89b4712cdba379b0f4664d24be719
¥$,"Paperwork [V5]
(ref. Ty Dolla $ign) (prod. 88-Keys)","Version being played in the voice memo below, featuring a different Ty verse and a porno sample on the outro.",2:39,,"Nov 20, 2024",Full,Recording,https://pillows.su/f/0da30bd9ab7bec4f6525127ddad8688a
¥$,"✨ Paperwork [V6]
(prod. 88-Keys)","OG Filename: Paperwork - voice memo
Voice memo with Ye and Bianca Censori talking and freestyling together as the song plays. The version of the song being played features a different Ty verse and a porno sample on the outro. Snippets leaked May 22, June 28, and October 19, 2024.",2:39,,"Nov 20, 2024",OG File,Recording,https://pillows.su/f/0da30bd9ab7bec4f6525127ddad8688a
¥$,"Hopeless [V2]
(prod. Ojivolta)","Version with additional production. Snippet posted by JoyBoy to Instagram on November 19th, 2024.",,,"Nov 19, 2024",Snippet,Recording,https://pillows.su/f/d9c5a5c854a65842d09df624a1c53a43
VULTURES 2,"THIRSTY [V4]
(ref. Young Moose) (prod. 88-Keys)","OG Filename: THIRSTY x MOOSE ref 1
Young Moose reference track. Has slightly different production to other versions. Leaked after a groupbuy.",2:30,,"Nov 19, 2024",OG File,CD Quality,https://pillows.su/f/ec20b21b2263542cb7ab153cef005129
VULTURES 2,"THIRSTY [V5]
(prod. 88-Keys)","OG Filename: 042924 THIRSTY 110BPM Dbmajor
Samples ""Third Coast"" by Teezo Touchdown. Has fully finished Ye vocals with him going back and forth with Teezo. Original snippets leaked October 31, 2024 & November 8, 2024, before leaking after a groupbuy.",2:31,"Apr 29, 2024","Nov 19, 2024",OG File,Lossless,https://pillows.su/f/d0022aa561b17a2e50813f1996e2883b
VULTURES 2,"THIRSTY [V7]
(feat. Cruza) (prod. Cruza)","OG Filename: THIRSTY 120 CRUZAFIED V2
Has alternate production done by Cruza. Also features extra vocals from one of Cruza's members. Leaked after a groupbuy.",3:44,,"Nov 19, 2024",OG File,Lossless,https://pillows.su/f/4b8fbc0d9f58be35df8d2904676adc2a
Beach House 4 [V2],"Kanye West - Worship [V3]
(prod. TryBishop & 88-Keys)","Initial Ye freestyle. Snippet leaked November 18, 2024.",,,"Nov 18, 2024",Snippet,Lossless,https://pillows.su/f/aaf1e1b43a2a5ee1350010852a15091e
¥$,"Back To Me [V11]
(ref. Quavo) (prod. Zach Frenes, Wax Motif, Nic Nac, Count Bassy, Kanye West, AyoAA & 88-Keys)
(Back 2 Me, Cheesecake)","OG Filename: 13. back to me - q 2
Version with a verse from Quavo, intended to be a reference track for Ye. Has a different take on Ye's ""did I do that?"" line. Likely an earlier version due to it having more simple production and less effects. Snippet leaked October 18, 2023. Played by AyoAA on stream November 18, 2025.",,,"Nov 18, 2024",Partial,Recording,"https://pillows.su/f/d09390b5b4a9e719234e34ea67285952
https://pillows.su/f/f44818ffa514294f4f91656606569b8c"
VULTURES 2,"FIELD TRIP [V21]
(feat. Playboi Carti, Don Toliver & ???) (prod. Cruza)","Version with production from Cruza. Has multiple beat switches and additional adlibs. Snippet leaked November 18, 2024.",,,"Nov 18, 2024",Snippet,CD Quality,https://pillows.su/f/1f275b0a7fc67ef7db0ff8bf42bd058f
Featuring Ty Dolla $ign,"DDG - Don't Play Wit Me [V2]
(feat. Ty Dolla $ign)","OG Filename: 20. DDG x Ty - Don't Play Wit Me (Rough V2)
DDG song featuring Ty previewed multiple times by him, originally on his Snapchat sometime in 2021. Most likely the track being refered to when DDG tweeted that he had just made a song with Ty Feburary 18, 2020. Previewed again by DDG on stream in November 2024. Filename shown by Egg, apparently being track 20 on a DDG album copy. According to DDG on a stream in 2025, the song is 5 years old, placing it here.",,"Feb 18, 2020","Nov 13, 2024",Partial,High Quality,"https://pillows.su/f/8cf14bcb35a027bff60cb690fd37b61f
https://pillows.su/f/736914e314397acf12255f2dc0bd3cb7
https://krakenfiles.com/view/f2UVDAaUaW/file.html
https://krakenfiles.com/view/DeCril960n/file.html"
VULTURES 2,"ABOUT MINE [V7]
(ref. Bump J) (feat. Rich The Kid, Takeoff & YoungBoy Never Broke Again) (prod. Buddah Bless & The Legendary Traxster)
(YE ABOUT MINE, MOTION, LET ME CHILL OUT)","OG Filename: about mine bump ref
Bump J reference track. One line from this reference would be used by Ye on a version of ""PAY PER VIEW"", and Bump J would reuse this verse for his own song ""OLADIPO"".",2:31,,"Nov 13, 2024",OG File,High Quality,https://pillows.su/f/7e686d2aaee3262b7463e4e9202c2b12
¥$,"Fuk Sumn [V18]
(feat. Playboi Carti & Quavo) (prod. BBYKOBE & AyoAA)
(Fuck Sum, Smokin' On Junt)","Version with an additional snare on the intro. Played by JoyBoy on stream November 12th, 2024.",,,"Nov 12, 2024",Snippet,Recording,https://pillows.su/f/a95066db9356fbffbfdbe8fe90e9f8d9
¥$,"Imagine That [V1]
(prod. The Legendary Traxster)
(Imagine Dat, Back N That)","Original Ye freestyle, recorded during a freestyle session on September 24th, 2023. Played by Joyboy on stream November 12, 2024.",,"Sep 24, 2023","Nov 12, 2024",Snippet,Recording,https://pillows.su/f/996b99893e7572efa255e8f88b37af4e
¥$,"Time Moving Slow [V7]
(prod. Nathan Butts, Azul Wynter & AyoAA)
(Time Movin' Slow, Time Moves Slow)","Initial Ye freestyle. Played by Joyboy on stream November 12, 2024.",,,"Nov 12, 2024",Snippet,Recording,https://pillows.su/f/f91bcc2d1a6d6e24e52bc9ef5957d449
¥$,???,"Samples ""Locked In A Feeling"" by Bramlaan. Played by Joyboy on stream November 12, 2024. No vocals can be heard in the snippet.",,,"Nov 12, 2024",Snippet,Recording,https://pillows.su/f/f1acb9339037f60eb4f96fcb58fe09cf
¥$,???,"Played by Joyboy on stream November 12, 2024.",,,"Nov 12, 2024",Snippet,Recording,https://pillows.su/f/f92b5ec18388c9777cbc59432321072c
¥$,???,"Played by Joyboy on stream November 12, 2024. Has mumble Ye vocals.",,,"Nov 12, 2024",Snippet,Recording,https://pillows.su/f/3fe8b795320ff9e669e8fa12d99d217f
VULTURES 1,"Worship [V8]
(feat. Chlöe & Leon Thomas) (prod. TryBishop, 88-Keys & Leon Thomas)","Full version of the partial iTunes file below, with a verse from Ty interpolating Chloe's verse. Snippet leaked April 1, 2024. Played by Joyboy on stream November 12, 2024. Partial iTunes file leaked July 31, 2024.",,,"Nov 12, 2024",Partial,Lossless,"https://pillows.su/f/71a6f8c0b3a79ec7a52d5a4748801124
https://pillows.su/f/bd15cd43d873541e8b783995dec5562c"
VULTURES 1,"✨ Worship [V9]
(feat. Chlöe & Leon Thomas) (prod. TryBishop, 88-Keys & Leon Thomas)","OG Filename: Kanye West Ty Dolla ign - Worship
Song with a verse from Chloe Bailey with pitched-down vocals and background vocals from Leon Thomas on the chorus. This version is a placeholder file that was uploaded to iTunes, fading out during the second chorus. Leaked July 31, 2024.",1:26,,"Nov 12, 2024",OG File,Lossless,https://pillows.su/f/71a6f8c0b3a79ec7a52d5a4748801124
¥$,"Aperol Spritz (Back Outside) [V8]
(feat. Ant Clemons) (prod. damn james! & MixedByTheBest)
(She's Back Outside, We Back Outside)","Version with a different snare. Snippet leaked August 9, 2024.",,,"Nov 9, 2024",Snippet,CD Quality,https://pillows.su/f/571d11929e4e3a7fb273de7e3b10f6a1
VULTURES 2,"FRIED [V6]
(ref. Bump J) (prod. TheLabCook & Ojivolta)
(BLEED IT)","OG Filename: FRIED hook idea
Bump J reference track, made before The Hooligans were added onto the song.",0:12,,"Nov 7, 2024",Full,High Quality,https://pillows.su/f/54d549b4d7d095f49ed746f334bb701f
VULTURES 2,"BELIEVER [V14]
(feat. Adam Klein) (prod. Cruza)","Version with alternate production from Cruza. Snippet leaked November 5, 2024.",,,"Nov 5, 2024",Snippet,Low Quality,https://pillows.su/f/83c2c2809517ef48728b39299c3b486c
VULTURES 2,"FRIED [V17]
(prod. Cruza)
(BLEED IT)","Version with alternate production from Cruza. Snippet leaked November 5, 2024.",,,"Nov 5, 2024",Snippet,CD Quality,https://pillows.su/f/8ce6ee557347a2781d031753fc4d1295
VULTURES 2,"MY SOUL [V28]
(feat. Adam Klein) (prod. Cruza)
(FIGHTING FIRES, FIGHTIN' FIRE, FAITHFUL)","Version with alternate production from Cruza and additional vocals from Cruza's vocalist, Adam Klein. Vocals are censored. Snippet leaked November 5, 2024.",,"May 1, 2024","Nov 5, 2024",Snippet,CD Quality,https://pillows.su/f/d0c6b3ac4b7be6dbd5febefb52b659fb
VULTURES 2,"RIVER [V55]
(feat. Young Thug) (prod. Cruza)","Version with alternate production from Cruza. Snippet leaked November 5, 2024.",,,"Nov 5, 2024",Snippet,CD Quality,https://pillows.su/f/ea2587933a830bfcc4cde4ddc11d32c3
VULTURES 2,"SLIDE [V39]
(prod. Cruza)
(SLIDE IN, SLIDIN', SLIDING)","Version with alternate production from Cruza. Snippet leaked November 5, 2024.",,,"Nov 5, 2024",Snippet,High Quality,https://pillows.su/f/9a09ea7f4324adaadf4f5c7b578a5b8c
VULTURES 2,"TIME MOVING SLOW [V29]
(prod. Cruza)
(TIME MOVIN' SLOW, TIME MOVES SLOW)","Version with alternate production from Cruza. Vocals are censored. Snippet leaked November 5, 2024.",,"May 1, 2024","Nov 5, 2024",Snippet,CD Quality,https://pillows.su/f/e43f49c6aeb3d2c9804fdfd51bfa2ef8
VULTURES 2,"FRIED [V5]
(prod. TheLabCook & Ojivolta)
(BLEED IT)","Rough Ye freestyle over the original production, likely when he took the song for himself. Snippet leaked November 4, 2024.",,,"Nov 4, 2024",Snippet,CD Quality,https://pillows.su/f/894a01561c64aef4ff3980b6072499e1
VULTURES 2,"FRIED [V7]
(ref. Ant Clemons) (prod. TheLabCook & Ojivolta)
(BLEED IT)","Ant Clemons reference track. Snippet leaked November 4, 2024.",,,"Nov 4, 2024",Snippet,Lossless,https://pillows.su/f/07f366abf2b40e46cdbb77aee9f68933
VULTURES 2,"LET GO [V18]
(prod. Cruza)
(I LET GO, ON HIS HEAD)","Has alternate production from Cruza. Snippet leaked November 14, 2024.",,,"Nov 4, 2024",Snippet,Low Quality,https://pillows.su/f/336a641fbf731182ad2a8d4d01c34276
Beach House 4 [V2],"Kanye West - So Good [V1]
(prod. Kanye West & No ID)
(Good (Don't Die))","OG Filename: so good - demo
Solo Ye demo made during the YEBU sessions in Japan. Leaked after a groupbuy for various Vultures-era tracks. Better microphone quality begins 15 seconds in.",1:17,,"Nov 3, 2024",OG File,High Quality,https://pillows.su/f/b6596c68969256c24f3a5ab8ea2a06a3
VULTURES 2,"Rich the Kid - BLEED IT [V2]
(feat. Kanye West) (prod. TheLabCook & Ojivolta)
(FRIED)","OG Filename: Bleed It
Has 2 verses and a hook done by Rich The Kid, as well as mumbly iPhone vocals from Ye. Some of Rich's lyrics would be reused by Ty in the March 20th version.",2:20,"Mar 6, 2024","Nov 3, 2024",OG File,Lossless,https://pillows.su/f/58f7e520ef58f772fed5f51a226b3259
VULTURES 2,"Rich the Kid - BLEED [V3]
(prod. TheLabCook & Ojivolta)
(BLEED IT, FRIED)","OG Filename: BLEED 150BPM LABCOOK
Has extra TheLabCook production.",2:46,,"Nov 3, 2024",Beat Only,Lossless,https://pillows.su/f/d1e17f95248eb0f8db2be0bb8c053446
VULTURES 2,"BLEED IT [V4]
(feat. The Hooligans) (prod. TheLabCook & Ojivolta)
(FRIED)","OG Filename: BLEED IT - 3.6.24 - Hooligans beat ref skjit
Skit made for the song ""Fried"". Samples an interaction that occurred between Ye & a member of the paparazzi that happened just before the release of VULTURES 1. Original leak from August 6, 2024 turned out to be only partial - later leaked in full.",0:28,"Mar 6, 2024","Nov 3, 2024",OG File,CD Quality,https://pillows.su/f/0b62b3ee5f10a1b44d5a56bcbe2d27f6
VULTURES 2,"??? [V2]
(feat. Project Pat) (prod. Juicy J, DJ Paul, Nico Baran & The Legendary Traxster)
(PAY PER VIEW)","OG Filename: PP TY YE 2 Traxster
Original version of the song arranged by Traxster. The outro, Project Pat's verse, and the drums on his part were taken from ""P.I.M.P"", while Ty's vocals and the beatswitch were taken from ""Dis Bitch Dat Hoe"", both from $ign Language 2. The main melody was taken from Nico Baran's ""CAT N MOUSE"" loop. In later versions of the song, Project Pat's verse would be cut down, Ty would re-record his hook to have more energy, and the outro would be replaced with that from ""Dis Bitch Dat Hoe"". Has an open verse. The song is untitled at this point, with ""PP"" in the filename referring to Project Pat. Samples ""Deep Into The Woods"" by Children Of The Corn on the outro.",2:55,,"Nov 3, 2024",OG File,Lossless,https://pillows.su/f/fb24475346f8d34844d33ed8acb54267
VULTURES 2,"PAY PER VIEW [V4]
(feat. Project Pat) (prod. Juicy J, DJ Paul, Nico Baran & The Legendary Traxster)","OG Filename: PAy Per View _ 3.10.24 SHOW 
Similar to the previous version, but with heavily compressed drums and a shorter open verse section. Played at the VULTURES 2 Phoenix LP on March 10, 2024.",2:24,"Mar 10, 2024","Nov 3, 2024",OG File,Lossless,https://pillows.su/f/bbda3242a9675b7ce4cbf1f8fdcdc156
VULTURES 2,"PROMOTION [V20]
(feat. Future) (prod. Cruza)
(GORGEOUS)","Has production from Cruza. Snippet leaked November 3rd, 2024.",,,"Nov 3, 2024",Snippet,CD Quality,https://pillows.su/f/4dc2b547ee51236448b6e2be2de471d2
VULTURES 2,"YE ABOUT MINE [V2]
(feat. Rich The Kid, Takeoff & YoungBoy Never Broke Again) (prod. Buddah Bless)
(MOTION, LET ME CHILL OUT)","Has an open verse. Leaked November 3, 2024, alongside its stems.",2:30,,"Nov 3, 2024",Stem Bounce,Lossless,https://pillows.su/f/c79b57b895daf3161fe52a3f8be2ca63
VULTURES 2,"YE ABOUT MINE [V3]
(feat. Rich The Kid, Takeoff & YoungBoy Never Broke Again) (prod. Buddah Bless)
(MOTION, LET ME CHILL OUT)","OG Filename: Ye About Mine - 230308
Version with an offbeat mumble Ye verse. Snippet leaked August 21, 2024.  Leaked November 3, 2024.",2:30,"Mar 8, 2024","Nov 3, 2024",OG File,Lossless,https://pillows.su/f/c753920f3f7729da4fdc7919a172721f
VULTURES 2,"YE ABOUT MINE [V4]
(feat. Rich The Kid, Takeoff & YoungBoy Never Broke Again) (prod. Buddah Bless)
(MOTION, LET ME CHILL OUT)","OG Filename: YE ABOUT MINE - ye ref 1
Version with different mumble Ye vocals. Leaked November 3, 2024.",2:30,,"Nov 3, 2024",OG File,Lossless,https://pillows.su/f/8b3d7971135fff19d985512d784b6f11
VULTURES 2,"YE ABOUT MINE [V5]
(feat. Rich The Kid, Takeoff & YoungBoy Never Broke Again) (prod. Buddah Bless)
(MOTION, LET ME CHILL OUT)","OG Filename: YE ABOUT MINE - ye ref 2
Similar to the version from March 8 but with better mixing and Ye's verse on beat. Leaked November 3, 2024.",2:30,,"Nov 3, 2024",OG File,CD Quality,https://pillows.su/f/0e5d101c1d55a527bc854b19ad16476f
VULTURES 2,"PPV [V10]
(ref. Young Moose) (feat. Project Pat) (prod. Nico Baran, Juicy J, DJ Paul & The Legendary Traxster)
(PAY PER VIEW)","OG Filename: PPV X MOOSE REF 1
Young Moose reference track. Has a single line from Ye, taken from Bump J's ""YE ABOUT MINE"" reference. Leaked November 3, 2024.",2:49,,"Nov 3, 2024",OG File,CD Quality,https://pillows.su/f/b5a9ba72f95e31ff100159c8dbe5319c
VULTURES 2,"⭐ PPV [V11]
(ref. Young Moose) (feat. Project Pat) (prod. Nico Baran, Juicy J, DJ Paul & The Legendary Traxster)
(PAY PER VIEW)","OG Filename: PPV X MOOSE REF 2
Second Young Moose reference track. Has different Ye freestyle vocals including lines that would be reused for ""HUSBAND"". Samples vocals from ""Dis Bitch, Dat Hoe"" by Three 6 Mafia on the outro. Leaked November 3, 2024.",2:49,,"Nov 3, 2024",OG File,CD Quality,https://pillows.su/f/bf36f293055a7d5a05e4d29054170ed7
VULTURES 2,"YE ABOUT MINE [V9]
(ref. Young Moose) (feat. Rich The Kid, Takeoff & YoungBoy Never Broke Again) (prod. Buddah Bless & The Legendary Traxster)
(MOTION, LET ME CHILL OUT)","OG Filename: YE ABOUT MINE X MOOSE ref 1
Young Moose reference track based on Ye's mumble verse.",2:31,,"Nov 3, 2024",OG File,CD Quality,https://pillows.su/f/665cca71491cecd9ac0364ae1d7786c2
VULTURES 2,"⭐ YE ABOUT MINE [V10]
(ref. Young Moose) (feat. Rich The Kid, Takeoff & YoungBoy Never Broke Again) (prod. Buddah Bless & The Legendary Traxster)
(MOTION, LET ME CHILL OUT)","OG Filename: YE ABOUT MINE X MOOSE ref 2
Second Young Moose reference track.",2:31,,"Nov 3, 2024",OG File,CD Quality,https://pillows.su/f/339bb83f1ec0a9e9da826d06af9610e7
VULTURES 1,"RIVER [V45]
(feat. Young Thug) (prod. Pi'erre Bourne, Digital Nas, Lamm, AyoAA & London on da Track)","Version with alternate production. Snippet leaked November 2nd, 2024.",,,"Nov 2, 2024",Snippet,Recording,https://pillows.su/f/8a1c281e4bd3b0e490ec62e75d58a939
VULTURES 2,"SLIDE [V35]
(prod. AyoAA, Leon Thomas, Lester Nowhere, Peter Lee Johnson, Ty Dolla $ign, Kanye West & The Legendary Traxster)
(SLIDE IN, SLIDIN', SLIDING)","Version with different mixing and additional strings, as well as the extended outro. Snippet leaked October 31, 2024.",5:11,,"Oct 31, 2024",Snippet,High Quality,https://pillows.su/f/288c917c4c7e388571472a4d444bcbae
VULTURES 1,"Promotion [V9]
(feat. Future) (prod. The Legendary Traxster & AyoAA)
(Gorgeous)","Version with mumble Ye vocals. Played at the Dukunoo Jamaican Kitchen on December 10, 2023. Snippet leaked October 28, 2024.",,,"Oct 28, 2024",Snippet,Recording,"https://pillows.su/f/5cd8482082d01e8f0b4447226bf2fce6
https://pillows.su/f/c2e9ad2d6b159f4ee78db2d9d9301754
https://pillows.su/f/93ab04d79a609dc6455d25ae5c099686"
VULTURES 2,"PROMOTION [V19]
(feat. Future) (prod. KrishnaMusic, AyoAA, Chrishan, The Legendary Traxster & London on da Track)
(GORGEOUS)","Has an added vocoder over Ye's vocals. Snippet leaked October 28, 2024.",,,"Oct 28, 2024",Snippet,Recording,https://pillows.su/f/a1b1f847e1c8e9ea7fb8b6af8d5c6e93
Beach House 4 [V2],"Kanye West - Paperwork [V2]
(prod. 88-Keys)","Version with some pitched-up Ye vocals. Snippet leaked Octonber 23, 2024.",,,"Oct 23, 2024",Snippet,Recording,https://pillows.su/f/ffa1f345736c00f535e7399e7f95554e
Beach House 4 [V2],"Kanye West - Everybody [V1]
(prod. Kanye West)","Original version that directly utilizes the Backstreet Boys sample on the intro. According to Luit, the song was originally intended for YEBU before it was taken for VULTURES. Snippets leaked October 20 and October 22, 2024.",,,"Oct 22, 2024",Partial,Recording,https://pillows.su/f/1c5e0336e70935d44eeb214d5aa81e7e
Beach House 4 [V2],"Lil Uzi Vert - All Yours
(prod. Dez Wright & Wheezy)","OG Filename: All Yours (Wheezy) Ruff
Lil Uzi Vert song from 2023 Pink Tape sessions that shares the same instrumental as ""Field Trip"", recorded before the beat was given to Don Toliver.",2:06,,"Oct 21, 2024",OG File,CD Quality,https://pillows.su/f/d215a62c8598562dad4b5bfbf82542d0
¥$,"Don Toliver - Disconnected [V1]
(prod. Dez Wright & Wheezy)
(Field Trip)","OG Filename: AUDIO_5340
First version made after the beat was given to Don Toliver. Has an open verse. Leaked October 21, 2024.",3:56,"Nov 14, 2023","Oct 21, 2024",OG File,High Quality,https://pillows.su/f/dc44c4985b98c22d8ae37d1c20b65969
¥$,"Papa Wanna See [V3]
(prod. Scott Bridgeway)
(Take Off Your Dress)","OG Filename: PAPA WANNA SEE V2 - 2023-11-03
Second mumble Ye freestyle. The ""ooh wee"" vocals from this version would later be used for the chorus on the song. Snippet leaked October 19th, 2024.",2:17,"Nov 3, 2023","Oct 21, 2024",OG File,CD Quality,https://pillows.su/f/fe6547d8610b5dd46c4fdd6248a77335
VULTURES 1,"Dead [V4]
(ref. Ty Dolla $ign & Fre$h) (feat. Future & Lil Durk) (prod. ATL Jacob)","OG Filename: DEAD - ty ref
Reference track with Ty covering the entirety of the verse that Ye would perform for his finished verse, along with three lines from FRE$H at the end of the track, two of which Ye would use, but would ultimately be cut from the final release due to their controversial mentions of Jewish people. This is also the first known version with Ty's re-recorded verse, including the alternate line ""say it twice, I got two wrists"" which would be replaced for release. Snippet leaked October 19, 2024.",4:57,,"Oct 21, 2024",OG File,Lossless,https://pillows.su/f/ef35faa4b36e18e84cb20429f133c7a1
VULTURES 1,"Field Trip [V5]
(feat. Don Toliver & Playboi Carti) (prod. Dez Wright & Wheezy)","OG Filename: pbc 12-12-23
First version with Playboi Carti. Leaked October 21, 2024.",3:26,"Dec 12, 2023","Oct 21, 2024",OG File,Lossless,https://pillows.su/f/4aed1df309e1c9e23f58230f1dcc4908
VULTURES 1,"FIELD TRIP [V11]
(feat. Don Toliver) (prod. Dez Wright, Wheezy, EJ PARIS, AyoAA & The Legendary Traxster)","OG Filename: Field Trip Traxster 2.2
Beatswitch idea with alternate production from Traxster. This section would later be used for Kodak's part on release, but with different drums. Leaked October 21, 2024.",0:47,"Feb 2, 2024","Oct 21, 2024",OG File,Lossless,https://pillows.su/f/03a1a9a141c33b3e598d105271de6d07
VULTURES 2,"✨ Adam Vadel - CROWN [V3]
(prod. Adam Vadel)
(BELIEVER)","OG Filename: FOR TY 02 132bpm prod Adam Vadel
According to Adam Vadel, a few weeks after the song's original demo was created, he produced a bridge for the track that would become it's own song, and he would play it at his father's funeral. This version, likely a rebounce, was given to Ty in Italy on February 13th, 2024, and was also track 2 on Adam Vadel's NOT EVERYTHING FEELS LIKE SOMETHING ELSE, uploaded exclusively to [untitled], before the song was removed. Snippet posted by Adam Vadel to Instagram on September 26th, 2024.",5:13,"Feb 13, 2024","Oct 21, 2024",OG File,Lossless,https://pillows.su/f/e8a13dbdbbd17b51524fd3fa7dcdb16f
VULTURES 2,"BELIEVER [V4]
(ref. Yseult) (feat. Yseult) (prod. Adam Vadel)","OG Filename: believer updated loop
Yseult reference track.",1:28,,"Oct 21, 2024",OG File,High Quality,https://pillows.su/f/04dfdefeb79fede466e37c6c85883850
VULTURES 2,"✨ BELIEVER [V5]
(feat. Yseult) (prod. Adam Vadel)","OG Filename: believer R1
Solo Ty version with additional harmony vocals, recorded over the original instrumental loop. Includes humming vocals from Yseult from the version above.",1:27,,"Oct 21, 2024",OG File,CD Quality,https://pillows.su/f/197ad754e30821a5975f2e32a474288f
VULTURES 2,"BELIEVER [V9]
(ref. FRE$H) (prod. Adam Vadel, JPEGMAFIA & BoogzDaBeast)","OG Filename: Believer Fre$h_02
FRE$H reference track. First known version with the reworked instrumental.",3:09,,"Oct 21, 2024",OG File,CD Quality,https://pillows.su/f/1893a43ef9d9ccb2073c9b07ccb99bb5
VULTURES 2,"🗑️ BELIEVER [V12]
(prod. Adam Vadel, BoogzDaBeast & star boy)","OG Filename: BELIEVER_3.10.24 STARBOY_SHORTER
Version with alternate production, likely only meant for the LP. According to star boy, he did not clear this for Ye. Played at the VULTURES 2 Phoenix LP on March 10, 2024.",1:12,"Mar 10, 2024","Oct 21, 2024",OG File,CD Quality,https://pillows.su/f/c19a28bc791c93e09186aff3c9bc4e15
VULTURES 2,"BELIEVER [V13]
(ref. Quentin Miller) (prod. Adam Vadel & JPEGMAFIA)","OG Filename: believer qm v1
Quentin Miller reference track. Snippet leaked October 19, 2024. Leaked October 21, 2024.",1:27,"Mar 13, 2024","Oct 21, 2024",OG File,CD Quality,https://pillows.su/f/5ea287d2620dac2077ba9079fad1b8f8
VULTURES 2,"DEAD [V13]
(feat. Future & Lil Durk) (prod. ATL Jacob)","OG Filename: dead 3.10.24 show-1
Version with Ye's ""you know I'm crazy, but you crazy glued to me"" line repeating several times, similar to the final release, rather than cutting off immediately. Played at the VULTURES 2 Phoenix LP on March 10, 2024.",4:50,"Mar 10, 2024","Oct 21, 2024",OG File,Lossless,https://pillows.su/f/cd98fe0b98190501c13ead109d8b0af1
VULTURES 2,"FIELD TRIP [V13]
(feat. Playboi Carti, Don Toliver & Lil Durk) (prod. Dez Wright, EJ PARIS, Wheezy, AyoAA, The Legendary Traxster & Ojivolta)","OG Filename: FIELD TRIP_3.10.24_OV W DRUMS
Played during the Phoenix listening party on March 10, 2024 in full. Features the Portishead beatswitch as an open verse.",3:12,"Mar 10, 2024","Oct 21, 2024",OG File,CD Quality,https://pillows.su/f/5087b6842b667df0200d86303a4a400b
VULTURES 2,"FRIED [V11]
(feat. The Hooligans) (prod. TheLabCook & Ojivolta)
(BLEED IT)","OG Filename: FRIED - ye verse v1
Has mumble Ye vocals and rough production. A lot of lines from Ye's finished verse originate from this freestyle.",1:48,,"Oct 21, 2024",OG File,CD Quality,https://pillows.su/f/d891bdf8d67ffc83d0223f3d380c8abe
VULTURES 2,"FRIED [V13]
(feat. The Hooligans) (prod. Chrishan, Ojivolta, Oscar Adler, Outtatown & TheLabCook)
(BLEED IT)","OG Filename: FRIED_3.10.24
Played during the Phoenix listening party.",2:08,"Mar 10, 2024","Oct 21, 2024",OG File,CD Quality,https://pillows.su/f/9416903084e09761ca59e4cebcefafec
VULTURES 2,"FRIED [V14]
(feat. The Hooligans) (prod. Chrishan, Ojivolta, Oscar Adler, Outtatown & TheLabCook)
(BLEED IT)","OG Filename: FRIED_ty$ x ye
Version with different drums and alternate Ty lines (that are mostly from the Rich The Kid version) and no actual verse from him, instead he goes back and forth with Ye until the outro. Ty also harmonises with The Hooligans at the end.",2:33,"Mar 20, 2024","Oct 21, 2024",OG File,Lossless,https://pillows.su/f/30599299db2a58d1faf67e0028388975
VULTURES 2,"INTRO [V3]
(feat. 070 Shake) (prod. 88-Keys)
(VAGABOND)","OG Filename: intro - 88 drums - v1
88-Keys drum idea. Leaked October 21, 2024.",1:25,,"Oct 21, 2024",OG File,CD Quality,https://pillows.su/f/922b408e74a8f9eb7c5fe21397d8b838
VULTURES 2,"INTRO [V4]
(feat. 070 Shake) (prod. 88-Keys)
(VAGABOND)","OG Filename: intro - 88 drums - v2
88-Keys drum idea. Leaked October 21, 2024.",0:42,,"Oct 21, 2024",OG File,CD Quality,https://pillows.su/f/55cc663b27dbc93e30571c81a62bdbf5
VULTURES 2,"INTRO [V5]
(feat. 070 Shake) (prod. 88-Keys)
(VAGABOND)","OG Filename: intro - 88 drums - v3
88-Keys drum idea. Leaked October 21, 2024.",0:42,,"Oct 21, 2024",OG File,CD Quality,https://pillows.su/f/fae907df0f922383cf48cbd60ee52d5d
VULTURES 2,"INTRO [V6]
(feat. 070 Shake) (prod. 88-Keys)
(VAGABOND)","OG Filename: intro - 88 drums - v4
88-Keys drum idea. Leaked October 21, 2024.",0:42,,"Oct 21, 2024",OG File,CD Quality,https://pillows.su/f/5e17d75f8f01fd4a0f6ed071e90158e0
VULTURES 2,"INTRO [V7]
(feat. 070 Shake) (prod. 88-Keys)
(VAGABOND)","OG Filename: intro - 88 drums - v5
88-Keys drum idea. Leaked October 21, 2024.",0:42,,"Oct 21, 2024",OG File,CD Quality,https://pillows.su/f/e75ab539c073ec593f992173c067eb16
VULTURES 2,"MELROSE [V2]
(prod. TheLabCook & Ojivolta)","OG Filename: melrose [ye freestyle edit 1]
Solo Ye mumble freestyle. These vocals would be cut down for later versions. Leaked October 21, 2024.",8:23,"Feb 18, 2024","Oct 21, 2024",OG File,CD Quality,https://pillows.su/f/998ee3ffacd9e2e8969ab02915d68ef7
VULTURES 2,"FIGHTING FIRES [V19]
(feat. Todd Rundgren) (prod. 88-Keys, BoogzDaBeast, Camper, FNZ, Rory Noble, Ty Dolla $ign & Kanye West) 
(MY SOUL, FIGHTIN' FIRE, FAITHFUL)","OG Filename: fighting fires - 88 drums - v1
88-Keys drum idea. Leaked October 21, 2024.",2:08,,"Oct 21, 2024",OG File,CD Quality,https://pillows.su/f/d9fa6aede644e1425cfd4b86cb91d07a
VULTURES 2,"FIGHTING FIRES [V20]
(feat. Todd Rundgren) (prod. 88-Keys, BoogzDaBeast, Camper, FNZ, Rory Noble, Ty Dolla $ign & Kanye West) 
(MY SOUL, FIGHTIN' FIRE, FAITHFUL)","OG Filename: fighting fires - 88 drums - v2
88-Keys drum idea. The drums from this version would be used on release. Leaked October 21, 2024.",2:08,,"Oct 21, 2024",OG File,CD Quality,https://pillows.su/f/6a8c523304ad2f03fda6305691987420
VULTURES 2,"FIGHTING FIRES [V21]
(feat. Todd Rundgren) (prod. 88-Keys, BoogzDaBeast, Camper, FNZ, Rory Noble, Ty Dolla $ign & Kanye West) 
(MY SOUL, FIGHTIN' FIRE, FAITHFUL)","OG Filename: fighting fires - 88 drums - v3
88-Keys drum idea. Leaked October 21, 2024.",2:05,,"Oct 21, 2024",OG File,CD Quality,https://pillows.su/f/8ac38726f23dd3e28cf8632be2feb779
VULTURES 2,"FIGHTING FIRES [V22]
(feat. Todd Rundgren) (prod. 88-Keys, BoogzDaBeast, Camper, FNZ, Rory Noble, Ty Dolla $ign & Kanye West) 
(MY SOUL, FIGHTIN' FIRE, FAITHFUL)","OG Filename: fighting fires - 88 drums - v4
88-Keys drum idea. Leaked October 21, 2024.",2:08,,"Oct 21, 2024",OG File,CD Quality,https://pillows.su/f/4341bd8428846c006f5e36949fac3b00
VULTURES 2,"FIGHTING FIRES [V23]
(feat. Todd Rundgren) (prod. 88-Keys, BoogzDaBeast, Camper, FNZ, Rory Noble, Ty Dolla $ign & Kanye West) 
(MY SOUL, FIGHTIN' FIRE, FAITHFUL)","OG Filename: fighting fires - 88 drums - v5
88-Keys drum idea. Leaked October 21, 2024.",2:08,,"Oct 21, 2024",OG File,CD Quality,https://pillows.su/f/d3f363b0fad1f11f0dd0bb40d60bb2f1
VULTURES 2,"PROMOTION [V15]
(feat. Future) (prod. KrishnaMusic, AyoAA, Chrishan, The Legendary Traxster & London on da Track)
(GORGEOUS)","OG Filename: PROMOTION - F1_
Played during the VULTURES 2 Phoenix LP on March 10, 2024. Future has more audible bleed, also has 1 more Ty adlib compared to release and different effects on Ye's second verse and no autotune on the outro.",2:38,"Mar 8, 2024","Oct 21, 2024",OG File,Lossless,https://pillows.su/f/92662db26205f998724675c87153f461
VULTURES 2,"SLIDIN' [V34]
(prod. AyoAA, Leon Thomas, Lester Nowhere, Peter Lee Johnson, Ty Dolla $ign, Kanye West & The Legendary Traxster)
(SLIDE IN, SLIDIN', SLIDING)","OG Filename: Slidin MIX TEST.17_17
Alternate mix. Played at the VULTURES Phoenix LP on March 10, 2024.",5:15,"Mar 4, 2024","Oct 21, 2024",OG File,High Quality,https://pillows.su/f/5d2bf4365dc229ab4d8012bfd709cca5
VULTURES 2,"✨ AFTER LYFE [V2]
(prod. Wes Singerman & taydex)","OG Filename: After Lyfe FINAL (wes x tay)
Track initially known through anonymous sources. Seen on two leaked VULTURES 2 tracklists. Solo Ty with open verses.",2:48,,"Oct 21, 2024",OG File,Lossless,https://pillows.su/f/8d9a7a9a3f217dd6f3ee7911c19b5248
VULTURES 2,"MAYBE WE CAN LAST FOREVER [V3]
(feat. Young Moose) (prod. Chrishan)
(FOREVER, MAYBE)","OG Filename: 20240516 MAYBE WE CAN LAST FOREVER MOOSE ROUGH EDWIN
Version with a verse from Young Moose, alternate production, and a long open verse. Vocals are censored. Leaked as a bonus to a groupbuy on October 21, 2024.",4:03,"May 16, 2024","Oct 21, 2024",OG File,Lossless,https://pillows.su/f/23efcb0f31259cc096f403ca3ec0707c
VULTURES 2,"FRIED [V20]
(prod. Wes Singerman & taydex)
(BLEED IT)","OG Filename: FRIED Wes x Tay Edit 1
Unknown when exactly when made. Has more Ty$ adlibs that are different to the ones that were on a release version and completely different production. Vocals are censored. Leaked October 21, 2024.",2:59,"May 1, 2024","Oct 21, 2024",OG File,Lossless,https://pillows.su/f/dd26c9e6d27e0f4e30f059776629b061
VULTURES 2,"LET GO [V17]
(feat. Young Moose) (prod. Ojivolta & Digital Nas)
(I LET GO, ON HIS HEAD)","OG Filename: LET GO - moose adds 2
Version with a feature from Young Moose.",2:51,"May 18, 2024","Oct 21, 2024",OG File,CD Quality,https://pillows.su/f/d1683ceb276aaa5ede67f7f7fb17171d
VULTURES 2,"SLIDE [V41]
(feat. Young Moose) (prod. AyoAA, Leon Thomas, Lester Nowhere, Peter Lee Johnson, Ty Dolla $ign, Kanye West & The Legendary Traxster)
(SLIDE IN, SLIDIN', SLIDING)","OG Filename: 20240518 SLIDE MOOSE ROUGH EDWIN 
Version with a verse from Young Moose. Vocals are censored.",5:15,"May 18, 2024","Oct 21, 2024",OG File,Lossless,https://pillows.su/f/a8e92fa649fd7f2ce43bf4813f899108
VULTURES 2,"TIME MOVING SLOW [V33]
(feat. Young Moose) (prod. Nathan Butts, Azul Wynter, AyoAA, Fya Man & SHDØW)
(TIME MOVIN' SLOW, TIME MOVES SLOW)","OG Filename: 20240519 TIME MOVING SLOW MOOSE ROUGH EDWIN 
Version with a verse from Young Moose and some additional production from the iTunes version. Song is clean apart from the Moose verse. Leaked October 21, 2024.",2:57,"May 19, 2024","Oct 21, 2024",OG File,Lossless,https://pillows.su/f/f4539867fc1751a8da996f056042d8a9
Beach House 4 [V2],"Kanye West - Beg Forgiveness [V7]
(ref. Bryson Gray) (prod. Kanye West)","OG Filename: Beg forgiveness Bryson (on the phone)
Bryson Gray reference track over an instrumental lacking the sample. Leaked October 19, 2024.",1:35,"Jul 16, 2023","Oct 19, 2024",OG File,Recording,https://pillows.su/f/34926afa180b7222ed721a4ef8e04e44
Beach House 4 [V2],"Kanye West - Beg Forgiveness [V8]
(ref. Rooga) (prod. Kanye West)","OG Filename: Beg Forgiveness - QM x Rooga x Bryson
Second Rooga reference track, co-written by Quentin Miller and Bryson Gray. Leaked October 19, 2024.",2:42,,"Oct 19, 2024",OG File,High Quality,https://pillows.su/f/420dac5f16178d06a9905810393f30e1
Beach House 4 [V2],"Kanye West - Hoodrat [V6]
(ref. Bryson Gray) (prod. 88-Keys)
(Hood Rat)","OG Filename: Hoodrat (Bryson Gray Rough)
Bryson Gray reference track. Bryson says the lines ""Why every female rapper want to be a hoodrat? Is rapping 'bout they vagina the only thing they good at?"" and ""The industry is ran by the LGBT & satanists"".",0:55,,"Oct 19, 2024",OG File,CD Quality,https://pillows.su/f/6b23e56e34936f9ecf550ca83d12e28e
Beach House 4 [V2],"Kanye West - Paperwork [V1]
(prod. 88-Keys)","Original solo Ye version made in Japan. Samples ""Ay Si Ñiño"" by Rochy RD. Snippet from a recording dated sometime in July 2023 leaked January 21, 2024. Snippet leaked October 19, 2024.",,,"Oct 19, 2024",Snippet,CD Quality,"https://pillows.su/f/d94ccaf088da1a0e36d2a4454ce965bf
https://pillows.su/f/d3e52911f7b1eeff7865aef342eb1015
https://pillows.su/f/e220cf3b0a8ca9a60910bd74d4fc9d5c"
Beach House 4 [V2],"Kanye West - Problematic [V4]
(ref. Rooga) (prod. 88-Keys)
(Ceremony Freestyle)","OG Filename: Problematic - Ye.Rooga Re 2 - 20230715
Second Rooga reference track, with slighty more Rooga vocals compared to the previous one.",3:39,"Jul 15, 2023","Oct 19, 2024",OG File,CD Quality,https://pillows.su/f/6802c430982cb94ae53652e38dc78994
¥$,"Field Trip [V2]
(feat. Don Toliver) (prod. Dez Wright & Wheezy)","OG Filename: field trip -ye ref
Version with a mumble freestyle from Ye. This freestyle is said to have been recorded in the same session ""as another VULTURES era song"". Unknown what the other song is. Snippet leaked March 5, 2024. Leaked October 17, 2024.",4:28,"Nov 14, 2023","Oct 17, 2024",OG File,Lossless,https://pillows.su/f/06607852f94789cc2d02388765ba0034
VULTURES 1,"BACK TO ME [V36]
(feat. Freddie Gibbs, Quavo & 88-Keys) (prod. Zach Frenes, Wax Motif, Nic Nac, Count Bassy, Kanye West, AyoAA & 88-Keys)
(Back 2 Me, Cheesecake)","OG Filename: BACK TO ME Mix 19 VoX shift MT001-TUCCI MASTER-24BIT-48kHz
Post-release mix. Has better mixing and fixes the timing of Ye and Freddie's vocals.",4:45,"Feb 11, 2024","Oct 17, 2024",OG File,Lossless,https://pillows.su/f/8d32b4fd188fea39c74689569a4d320d
VULTURES 1,"BEG FORGIVENESS [V33]
(feat. Chris Brown) (prod. Kanye West, London on da Track, Digital Nas, JPEGMAFIA & Anthony Kilhoffer)","OG Filename: BEG FORGIVENESS M7 Ye Vers V2 MT001 SPLICED-TUCCI MASTER-24BIT-48kHz
Post-release mix. Has a proper outro that does not cut out prematurely as it does on release. This version was played at the Italy and France LPs.",6:28,"Feb 12, 2024","Oct 17, 2024",OG File,Lossless,https://pillows.su/f/0d8b11cba118cacab3e6d914e0407fe5
VULTURES 1,"BURN [V15]
(prod. Kanye West, Leon Thomas, The Legendary Traxster, Azul Wynter, Chrishan & Rissi)
(DANGEROUS)","OG Filename: BURN M7 MT001-TUCCI MASTER-24BIT-48khz
Post-release mix. Leaked October 17, 2024, after a groupbuy.",1:51,"Feb 10, 2024","Oct 17, 2024",OG File,Lossless,https://pillows.su/f/4d3d2faadf2ebc3d71244864d3334253
VULTURES 1,"CARNIVAL [V23]
(feat. The Hooligans, Rich The Kid & Playboi Carti) (prod. ¥$, Digital Nas, Ojivolta, TheLabCook & The Legendary Traxster)
(HONOR ROLL, HOOLIGANS)","OG Filename: CARNIVAL M10 DECLICK MT001-TUCCI MASTER-24BIT-48kHz
Post-release mix with better mixing.",4:24,"Feb 11, 2024","Oct 17, 2024",OG File,Lossless,https://pillows.su/f/d14092c884990dd6b934aaffa1519cd0
VULTURES 1,"DO IT [V15]
(feat. YG) (prod. Kanye West, Chrishan, Cubeatz, DTP, LukasBL, Mustard & Wheezy)","OG Filename: Do It M7 24 bit
Alternative mix, leaked after a groupbuy.",3:45,"Feb 10, 2024","Oct 17, 2024",OG File,Lossless,https://pillows.su/f/823886c12d74474fea99abe79beed43d
VULTURES 1,"DO IT [V16]
(feat. YG) (prod. Kanye West, Chrishan, Cubeatz, DTP, LukasBL, Mustard & Wheezy)","OG Filename: DO IT CLEAN M8 FLAT MT001-TUCCI MASTER-24BIT-48kHz
Post-release clean mix, leaked after a groupbuy. Has worse mixing compared to the previous version.",3:45,"Feb 11, 2024","Oct 17, 2024",OG File,Lossless,https://pillows.su/f/d0f4def12f410cc790be7d7e836087a9
VULTURES 1,"FUK SUMN [V40]
(feat. Playboi Carti & Travis Scott) (prod. ¥$, JPEGMAFIA, Timbaland, 88-Keys, Chrishan, SHDØW, AyoAA, Hubi, BBYKOBE, Che Pope & The Legendary Traxster)
(FUCK SUM, SMOKIN' ON JUNT)","OG Filename: Fuk Sumn M11
Post-release mix.",3:29,"Feb 10, 2024","Oct 17, 2024",OG File,Lossless,https://pillows.su/f/6f163d8f301b8b668121c2426458d951
VULTURES 1,"GOOD (DON'T DIE) [V17]
(feat. J. Rey Soul) (prod. Kanye West, ​will.i.am, Johnny Goldstein & No ID)
(SO GOOD)","OG Filename: Good (Don't Die) Jrey Feb8th_MST
OG file for the released version, leaked after a groupbuy. Removed on all streaming services due to sample clearance issues.",3:33,"Feb 8, 2024","Oct 17, 2024",OG File,Lossless,https://pillows.su/f/28938d29b4065e58626b4bd5799c8cd4
VULTURES 1,"HOODRAT [V24]
(prod. Kanye West, 88-Keys & Camper)
(HOOD RAT)","OG Filename: HOODRAT M8 Flatten DECLICK  MT001-TUCCI MASTER-24BIT-48kHz &
HOODRAT M8 MT001
Post-release mix with better mixing. Leaked October 17, 2024, after a groupbuy.",3:42,"Feb 11, 2024","Oct 17, 2024",OG File,Lossless,https://pillows.su/f/ae9e84eff20311aab18de84b6b4df7c9
VULTURES 1,"KEYS TO MY LIFE [V17]
(feat. India Love, Faouzia & ???) (prod. Kanye West, VEYIS, Timbaland, Hubi, SHDØW & Vinnyforgood)
(TIMBO FREESTYLE)","OG Filename: KEYS TO MY LIFE
Alternate mix.",2:54,"Feb 10, 2024","Oct 17, 2024",OG File,Lossless,https://pillows.su/f/45c70c9340f3987ed18e63134d2aa548
VULTURES 1,"KING [V17]
(prod. Kanye West, Lester Nowhere, Wheezy, Dez Wright, 88-Keys & JPEGMAFIA)
(STILL THE KING)","OG Filename: KING M3 Flatten  MT001-TUCCI MASTER-24BIT-48kHz
Post-release mix, leaked after a groupbuy. Has better mixing.",2:36,"Feb 11, 2024","Oct 17, 2024",OG File,Lossless,https://pillows.su/f/681c13e71dfa4e0e13dfdd94e342b91e
VULTURES 1,"KING [V18]
(prod. Kanye West, Lester Nowhere, Wheezy, Dez Wright, 88-Keys & JPEGMAFIA)
(STILL THE KING)","OG Filename: KING M3 Flatten NO OZZY MT001-TUCCI MASTER-24BIT-48kHz
Post-release mix, leaked after a groupbuy. Similar to above, but has the Ozzy sample removed and has some slight difference with vocal volume/delay compared to the above version.",2:36,"Feb 11, 2024","Oct 17, 2024",OG File,Lossless,https://pillows.su/f/113a40d75e6e9d41ab1a3e0a72de6757
VULTURES 1,"KING [V20]
(prod. Kanye West, Lester Nowhere, Wheezy, Dez Wright, 88-Keys & JPEGMAFIA)
(STILL THE KING)","OG Filename: King M5 SAMPLE REPLAY
Post-release mix, leaked after a groupbuy. Has better mixing.",2:37,"Mar 3, 2024","Oct 17, 2024",OG File,Lossless,https://pillows.su/f/aa32c8bab2081f7ac696ec44e12cda79
VULTURES 1,"PAID [V53]
(feat. K-Ci) (prod. Kanye West, Anthony Kilhoffer, Stryv, Chrishan & Wax Motif)
(GET PAID)","OG Filename: Paid M17 K 120MT &
PAID M17 K Master USE Flatten 120MT  MT001-TUCCI MASTER-24BIT-48kHz
Post-release mix with different drums. Leaked October 17, 2024, after a groupbuy.",3:15,"Feb 11, 2024","Oct 17, 2024",OG File,Lossless,https://pillows.su/f/e1ff39ff692da1df699fcfed9d4d2beb
VULTURES 1,"PAPERWORK [V33]
(feat. Quavo) (prod. Kanye West, Digital Nas, The Legendary Traxster, 88-Keys & Swizz Beatz)","OG Filename: Paperwork M8 24 bit
Post-release mix.",2:25,"Feb 10, 2024","Oct 17, 2024",OG File,Lossless,https://pillows.su/f/252344da8d9efdc0315968dd34407974
VULTURES 1,"PROBLEMATIC [V18]
(prod. Kanye West, 88-Keys, Chad Hugo, Camper & Ty Dolla $ign)
(Ceremony Freestyle)","OG Filename: Problematic M6
Alternate mix, leaked after a groupbuy.",3:14,"Feb 10, 2024","Oct 17, 2024",OG File,Lossless,https://pillows.su/f/3f2626787dd425ba5eb2cb9c91e7dc4c
VULTURES 1,"STARS [V17]
(feat. The Hooligans) (prod. Kanye West, FNZ, JPEGMAFIA, SHDØW, The Legendary Traxster & Aver Ray)","OG Filename: Stars
Alternate mix. Leaked after a groupbuy.",1:55,"Feb 10, 2024","Oct 17, 2024",OG File,Lossless,https://pillows.su/f/224a90907fe46ee67263b6853b658ebd
VULTURES 1,"TALKING [V33]
(feat. North West & James Blake) (prod. Kanye West, Camper, Dom Maker, James Blake, Edsclusive & Swizz Beatz)
(TALKING / ONCE AGAIN)","OG Filename: TALKING EXPLICIT M9 TY ADJUST MT001 declick &
TALKING
Alternate mix.",3:05,"Feb 10, 2024","Oct 17, 2024",OG File,Lossless,https://pillows.su/f/7e6d7bbc1ee3445f9183142368b4b151
VULTURES 1,"VULTURES [V14]
(feat. Bump J & Lil Durk) (prod. ¥$, Jasper Harris, Gustave Rudman, Ambezza, Ojivolta, Adey, Chordz, Digital Nas, Fya Man & Juice)","OG Filename: VULTURES_FM6_MAIN1.1_MT001 &
VULTURES FM6 MAIN1.1 MT001-TUCCI MASTER-24BIT-441kHz
Alternate mix.",4:36,"Feb 9, 2024","Oct 17, 2024",OG File,Lossless,https://pillows.su/f/25ccdf5e8c61dae3ad3ad513a8c4ba55
VULTURES 2,"NOT INCLUSIVE [V5]
(ref. Young Moose) (prod. Ojivolta)","OG FIlename: NOT INCLUSIVE 3.30.24 MOOSE REF 1
Young Moose reference track.",2:14,"Mar 30, 2024","Oct 17, 2024",OG File,CD Quality,https://pillows.su/f/e39c6b02d91cb8446ca2ba98039bc0fa
VULTURES 2,"FRIED [V16]
(feat. The Hooligans) (prod. Chrishan, Ojivolta, Oscar Adler, Outtatown & TheLabCook)
(BLEED IT)","OG Filename: FRIED 75bpm 5.6
Has a different structure and an alternate Ty Dolla $ign verse with alternate explicit lines, including a line in support of Diddy that would later be cut. Has some OG Hooligans near the end of the song.",2:59,"May 6, 2024","Oct 17, 2024",OG File,Lossless,https://pillows.su/f/1528cad69a3a765eb8eff381ed9988c0
VULTURES 2,"NIGHTS ON THE MOON [V2]
(ref. Young Moose) (prod. 88-Keys, Wentz, Digital Nas & Hubi)","OG Filename: Moose No Drums X NIGHTS ON THE MOON
Young Moose reference track.",3:10,,"Oct 17, 2024",OG File,CD Quality,https://pillows.su/f/96ffa529e3288f14c0219b01e21347bb
VULTURES 2,"STAR TIME [V24]
(feat. Young Moose & The-Dream) (prod. Kanye West, Diddy, 88-Keys & MIKE DEAN)
(START TIME, THE MIND IS POWERFUL, MIND POWER)","OG Filename: STAR TIME MOOSE 1
Version with a verse from Young Moose, mumble Ye vocals, and a long outro.",4:35,,"Oct 17, 2024",OG File,CD Quality,https://pillows.su/f/d1170a82e6c0bc5553f232b438e1f016
VULTURES 1,"⭐ Dead [V2]
(ref. Lil Baby) (feat. Future & Lil Durk) (prod. ATL Jacob)","OG Filename: dead MIAMI BABY 20 - YE
Version with Ty's original verse, which contains more rapping before it was later rewritten, as well as a verse from Lil Baby likely intended to be a reference for Ye. Snippets leaked August 8 and October 14, 2024.",3:27,,"Oct 16, 2024",OG File,CD Quality,https://pillows.su/f/20db0dcc512f1339e5dad00ce0631aec
VULTURES 2,"BELIEVER [V6]
(feat. Yseult) (prod. Adam Vadel)","OG Filename: believer R2 -
Mumble Ye freestyle over the version above. Snippet leaked August 8th, 2024.",2:54,,"Oct 16, 2024",OG File,CD Quality,https://pillows.su/f/c3fc5e210336f9da1c303ba1a1ecf44f
VULTURES 2,"VAGABOND [V2]
(feat. 070 Shake)
(INTRO)","OG Filename: vagabond 3.10
A cappella song with solo 070 Shake vocals that was considered to be the intro track on VULTURES 2. According to 070 Shake, she never gave the song to Ye. A significantly more developed version of the song released on 070 Shake's Petrichor. Samples ""My Wish"" by Beres Hammond. Played at the VULTURES 2 Phoenix LP on March 10, 2024. Leaked October 16, 2024.",1:39,"Mar 10, 2024","Oct 16, 2024",OG File,Lossless,https://pillows.su/f/65bfaf6475efb7f3a0ea09068f91fdd7
VULTURES 2,"⭐ LET GO [V15]
(prod. Ojivolta & Digital Nas)
(I LET GO, ON HIS HEAD)","OG Filename: let go - r3
Version brought back when VULTURES 2 was being reworked in early May 2024. Has re-recorded Ty vocals and different production. Leaked October 16, 2024.",2:54,,"Oct 16, 2024",OG File,CD Quality,https://pillows.su/f/f7237e16a7f72f460678177fb675e422
VULTURES 2,"✨ RIVER [V53]
(feat. Young Thug) (prod. Lamm, Pi'erre Bourne, taydex, The Legendary Traxster & Wes Singerman)","OG Filename: river - r2
Version with re-recorded Ty vocals and alternate production on the outro, with the sample removed.",4:07,,"Oct 16, 2024",OG File,CD Quality,https://pillows.su/f/f56b2512a47c5e738f32f5c722a34c30
Beach House 4 [V2],Kanye West - So Soon [V1],"It can be assumed that an initial freestyle exists for this song, which Quentin Miller would later use as the basis for his ref. Part of the freestyle can be heard on the version that leaked October 15, 2024. An inverted version is linked so you can hear the mumble better.",,,"Oct 15, 2024",Snippet,Low Quality,https://pillows.su/f/194e5da07c3e1b8f9eb5429f9b74424c
Beach House 4 [V2],Kanye West - So Soon [V3],"OG Filename: So Soon - Ye Reference
Seen on a tracklist for Ye's solo album being worked on in Japan. Has one finished verse that loops. Said to have been brought back for VULTURES 2 by trusted sources. Leaked after a groupbuy.",2:29,,"Oct 15, 2024",OG File,High Quality,https://pillows.su/f/193bb7003c18723063716767af0a319e
VULTURES 1,"Take Off Your Dress [V4]
(prod. Scott Bridgeway)
(Papa Wanna See)","OG Filename: TAKE OFF YOUR DRESS - sample only
Version with finished Ye vocals over the original sample chop. Played during the Vultures City afterparty on December 15th, 2023.",2:42,,"Oct 15, 2024",OG File,CD Quality,https://pillows.su/f/56195d8634f5542120c2ae5b88aa466c
VULTURES 1,"FUK SUMN [V26]
(ref. Travis Scott) (feat. Playboi Carti) (prod. ¥$, JPEGMAFIA, Timbaland, 88-Keys, Chrishan, SHDØW, AyoAA, Hubi, BBYKOBE, Che Pope & The Legendary Traxster)
(FUCK SUM, SMOKIN' ON JUNT)","Travis Scott reference track for Ye's verse, which can be heard in the background of the pitched-up section on release. Snippet leaked October 14th, 2024.",,,"Oct 14, 2024",Snippet,Low Quality,"https://pillows.su/f/c693136bd7e20e80a927d2a7fdb9f402
https://pillows.su/f/a6f0290d4feafc99bfcdd94b70024551"
Yandhi,"🏅 Kanye West - City In The Sky [V5]
(feat. Ty Dolla $ign) (prod. Justus West, damn james! & Ty Dolla $ign)
(Sky City, Ooh Child Things Are Gonna Get Easier, Ohh Child, Loyalty)","Version with an extended verse from Ty over the beat heard in the intro of the version below, along with Ye vocals from his freestyle. Snippet leaked October 9, 2024.",,,"Oct 9, 2024",Snippet,CD Quality,https://pillows.su/f/155e0c67ec8dcc74360e835857168a80
Beach House 4 [V2],"Kanye West - Unlock [V3]
(prod. 88-Keys, Boi-1da & Digital Nas)
(Unlocked)","OG Filename: Unlock - Ye Reference
Made sometime before mid-June 2023. The song has a minute long finished verse, two choruses and two minutes of open verse. Tagged file leaked after it was private bought for $5.5k. Detag can be found in the Fakes tab.",3:33,"Jun 1, 2023","Oct 9, 2024",Tagged,High Quality,https://pillows.su/f/7fdd7d196b87b05bf534c18010bbac76
Beach House 4 [V1],"Kanye West - Love Love Love [V2]
(ref. Consequence) (prod. Kanye West & John Cunningham)","Played by Consequence on stream October 8, 2024.",,,"Oct 8, 2024",Partial,Recording,https://pillows.su/f/267cba7bea9f751919c74a7062400e93
TYCOON [V1],"Logic - Good Enough
(feat. Ty Dolla $ign) (prod. Marshmello)","Unreleased Logic track featuring Ty. Previewed by Logic at a performance October 8, 2024.",,,"Oct 8, 2024",Partial,Recording,https://pillows.su/f/bc0a38c55280e141bccc4fcd254c83a1
¥$,"Pray [V3]
(prod. TryBishop)","OG Filename: pray ye ref (new arrangement)
Solo Ye freestyle recorded in Italy. Samples ""An Awful Thing To Waste"" by Supertramp. Shares a similar instrumental to ""Pray"" by Koryn Hawthorne. Snippet leaked July 13, 2024.",7:05,,"Oct 5, 2024",OG File,CD Quality,https://pillows.su/f/a35b2dc433ccdce7d0ff8496101ea2d4
VULTURES 1,"Dead [V5]
(feat. Future & Lil Durk) (prod. ATL Jacob)","OG Filename: dead w/ jew freestyle
Version with a three-minute long, low-mumble Ye freestyle stitched onto the outro, including lyrics referencing Jewish people. This version was likely recorded shortly before the Las Vegas Rave, as it includes the ""top floor"" line on Ty's verse and the ""homegirl"" line on Ye's verse, both of which appear in the Las Vegas version and the final release, but not in earlier versions. Ty's verse is also untuned on this version.",8:12,,"Oct 5, 2024",OG File,CD Quality,https://pillows.su/f/91a55f529d0062a157a7002daa9644ac
Beach House 4 [V2],"Young Thug - Big Boody Bitch [V3]
(prod. Pi'erre Bourne)","OG Filename: BIG BOODY BITCH(Open)
Rebounce from 2023, likely the version sent to Ye's team.",2:47,,"Oct 4, 2024",Full,CD Quality,https://pillows.su/f/97fd9881a20b3a9698d5967cdb4d8f8e
Beach House 4 [V1],"Kanye West - Love Love Love [V1]
(prod. Kanye West & John Cunningham)","Leaked October 2, 2024.",4:01,"Dec 4, 2022","Oct 2, 2024",Full,CD Quality,https://pillows.su/f/9018df22d797fe66d1531c478d3e0e0b
VULTURES 2,"IMAGINE DAT [V10]
(ref. Young Moose) (prod. The Legendary Traxster)
(IMAGINE THAT, BACK N THAT)","OG Filename: TRAX MOOSE YE IMAGINE DAT R7
Has a Young Moose verse, likely intended as a reference for Ye. Leaked after a Joebuy.",4:26,,"Oct 1, 2024",OG File,CD Quality,https://pillows.su/f/d6ca9e0bedd327affb5e0f4c5c2b8463
VULTURES 2,"NEW BODY [V45]
(prod. RONNY J, Plain Pat, Cubeatz & Ty Dolla $ign)","OG Filename: new body sm7 ref
Solo Ye version from 2018 with a different verse, rebounced sometime in 2024. Snippet leaked September 28th, 2024.",1:41,,"Oct 1, 2024",OG File,CD Quality,https://pillows.su/f/e44bce1d8d96f7a6a211a10cb149b329
VULTURES 2,"🤖 530 [V28]
(prod. Kanye West, BoogzDaBeast, E.VAX, FNZ & John Cunningham)
(The Car's Missing, Dear Summer, 5:30, 530 AM)","Played at the 2nd China LP that features a Ye verse finished using AI, and additional Ty Dolla $ign vocals. Has a line about Kamala Harris that was removed for release.",4:54,,"Sep 28, 2024",Full,Recording,https://pillows.su/f/adef0221577f71de43b9e06bb31d00c4
Beach House 4 [V1],"Adam Vadel & Yseult - ??? [V1]
(prod. Adam Vadel)
(Believer)","According to Adam Vadel, ""Believer"" originated as a voice memo from a jam session with Yseult, and they intended to send the song to H.E.R. because of its ""very organic acoustic r&b vibe"". Snippet posted by Adam Vadel to Instagram on September 26, 2024.",,"Sep 26, 2022","Sep 26, 2024",Snippet,CD Quality,https://pillows.su/f/d6a3ac633cb78f84986a9c11067f4a86
Beach House 4 [V1],"Lil Baby - On My Own [V1]
(prod. FOREVEROLLING, Flex on the Beat, Audiovista & Mattazik Muzik)
(Forever Rolling, Forever Rollin')","Solo Lil Baby version with an extended verse, made in 2021 during the sessions for Lil Baby and Lil Durk's collaborative album, The Voice of the Heroes. Lil Durk never recorded for the song. Leaked September 18, 2024.",2:09,,"Sep 18, 2024",OG File,CD Quality,https://pillows.su/f/3127aaa9c9ffb6bde8c8d737b7fc3fa8
VULTURES 2,"🤖 CAN U BE [V15]
(feat. Travis Scott) (prod. Havoc)
(Pressure, Never Let Me Go)",Updated version played at the China LP. Has different sequencing and mixing.,2:27,,"Sep 15, 2024",Partial,Recording,https://pillows.su/f/5f7db3129ca52de3fe7f3218945b62ce
VULTURES 2,"FRIED [V24]
(feat. The Hooligans) (prod. Chrishan, Ojivolta, Oscar Adler, Outtatown & TheLabCook)","Played at the first Haikou LP. Incorporates a guitar, which is not present on the released version.",,,"Sep 15, 2024",Full,Recording,https://pillows.su/f/d1546d750ac346a6ad2989605f46ee8d
VULTURES 3,"NEW BODY [V46]
(feat. Nicki Minaj) (prod. RONNY J, Plain Pat, Cubeatz & Ty Dolla $ign)","Was played again at the first China LP, which was a month after VULTURES 2 and its deluxes released. It played alongside new songs like ""A THOUSAND MILES"". It is currently speculated that because of these events, the song would've likely appeared on VULTURES 3.",3:56,,"Sep 15, 2024",Full,Recording,https://youtu.be/jm3S1wFKuXg?t=3242
VULTURES 3,"THOUSAND MILES [V4]
(prod. Peter Lee Johnson)","Solo Ty cover of ""A Thousand Miles"" by Vanessa Carlton with vocal samples from ""100 Miles"" by Skinbone. Said by Digital Nas to have been ""made in front of Ye in five minutes"". Played at the second Haikou LP.",3:42,,"Sep 15, 2024",Full,Recording,https://pillows.su/f/95824bd9af7f8986e502fc2888722c37
VULTURES 2,"FRIED [V23]
(feat. The Hooligans) (prod. Chrishan, Ojivolta, Oscar Adler, Outtatown & TheLabCook)
(BLEED IT)","Played at the Korea LP, Has Ty's ""boy don't play with me you know I'm fried"" line seemingly in higher quality not seen in any released mix. Higher quality rip with less crowd noise later leaked.",2:46,,"Sep 10, 2024",Full,High Quality,https://pillows.su/f/ae76b52207a6ef3979cc2663208fd6fe
Dream House,"Kanye West - Bitches Do Voodoo
(prod. BoogzDaBeast)","OG Filename: Bitches Do Voodoo - KW Ref
Samples ""Bitches Do Voodoo"" by The Midnight Hour. Snippets leaked June 27, 2024.",1:19,,"Sep 6, 2024",OG File,High Quality,https://pillows.su/f/eba3594d2f9ef14ce8015614159d72bc
Beach House 4 [V1],"⭐ Yung Bleu - Crush
(feat. Ty Dolla $ign & Chris Brown) (prod. Hitmaka & Romano)","Track recorded in 2023 with Chris Brown and Yung Bleu, possibly around the same time as ""Motion"". Possibly one of the Chris Brown songs considered for BBPB.",2:47,,"Sep 3, 2024",Full,CD Quality,https://pillows.su/f/f541ccea92cce95b20554ed7d4704e49
VULTURES 1,"DO IT [V6]
(feat. YG) (prod. Kanye West, Chrishan, Cubeatz, DTP, LukasBL, Mustard & Wheezy)","OG Filename: doit8barintro
Earlier clean version. Basically same as release, but there is an 8-bar intro before the choir intro, different mixing and the song being clean. Instrumental originally leaked June 9, 2024.",4:02,,"Sep 3, 2024",OG File,Lossless,https://pillows.su/f/5c8fe3e69e2b1dc4adf75e91e8ef90e7
VULTURES 1,"DO IT [V8]
(feat. YG) (prod. Kanye West, Chrishan, Cubeatz, DTP, LukasBL, Mustard & Wheezy)","OG Filename: yetydollasignfeatyg-doit
Same as release, but clean (clean version was never released).",3:44,,"Sep 3, 2024",OG File,Lossless,https://pillows.su/f/ca6a1c8e7a23a323c47f6cfbad696e5d
VULTURES 2,"🗑️ LIFESTYLE [V10]
(feat. Lil Wayne) (prod. Deaton Chris Anthony, Dez Wright, FNZ, Ty Dolla $ign, Wheezy & Kanye West)","OG Filename: 042924_LIFESTYLE_150BPM_CMJAOR_
Version with no Ty vocals and an awful ""HUSBAND"" section of the song with new, unmixed Ye vocals. Leaked September 3, 2024. Stems leaked April 12, 2026.",4:56,"Apr 29, 2024","Sep 3, 2024",OG File,Lossless,https://pillows.su/f/c4970604f885144f0e6e0b3343d7765d
VULTURES 2,"✨ MAYBE [V1]
(prod. Wes Singerman & taydex)
(FOREVER, MAYBE WE CAN LAST FOREVER)","OG Filename: MAYBE Wes x Tay Edit 5_1_24
Version with alternate production from Wes x Tay. Leaked September 3, 2024.",1:35,"May 1, 2024","Sep 3, 2024",OG File,Lossless,https://pillows.su/f/f80d92157afb4fc3867fb433f1da9552
VULTURES 2,"MY SOUL [V27]
(prod. Cruza) 
(FIGHTING FIRES, FIGHTIN' FIRE, FAITHFUL)","OG Filename: MY SOUL P2 92 (CRUZAFIED V1)
Version with alternate production from Cruza. Vocals are censored. Leaked September 3, 2024.",2:26,"May 1, 2024","Sep 3, 2024",OG File,Lossless,https://pillows.su/f/a7491ae59d7c05affb070ecdf71eb8a5
VULTURES 2,"🗑️ SLIDE [V40]
(prod. Cruza)
(SLIDE IN, SLIDIN', SLIDING)","OG Filename: Slide P2 108 (CRUZAFIED V1)
Version with alternate production from Cruza. The drums from this version were used on the initial release version of ""TIME MOVING SLOW"". Vocals are censored.",3:15,"May 1, 2024","Sep 3, 2024",OG File,Lossless,https://pillows.su/f/217d684244d0707712270bee9fb45d62
VULTURES 2,"TAKE OFF YOUR DRESS [V120]
(prod. Cruza)
(PAPA WANNA SEE)","OG Filename: TAKE OFF YOUR DRESS P2 115 (CRUZAFIED V1)
Version with alternate production from Cruza. Vocals are censored.",2:30,"May 1, 2024","Sep 3, 2024",OG File,Lossless,https://pillows.su/f/166533f3fdd9e2329d9f55c74fecd40a
Featuring Ty Dolla $ign,"✨ Blow My Mind [V3]
(prod. Hitmaka)","OG Filename: Blow My Mind - TY - v3
Song from Featuring Ty Dolla $ign sessions made sometime in 2020. Ty has a very Chris Brown type flow on this song. Likely made in the same session as ""FWU"". Leaked September 2, 2024.",1:31,,"Sep 2, 2024",OG File,CD Quality,https://pillows.su/f/76eb62674588d56274aa187762f91279
VULTURES 1,"Take Off Your Dress [V5]
(prod. Scott Bridgeway)
(Papa Wanna See)","OG Filename: TAKE OFF YOUR DRESS 12.5.23 YE_2
Version with finished Ye vocals over the original sample chop, given to SHDØW to add production onto. According to SHDØW, he needed to extract stems for the song with AI because he was not given stems. Filename shown by SHDØW. Snippet played by SHDØW in an interview posted August 31st, 2024.",2:54,"Dec 5, 2023","Aug 31, 2024",Snippet,CD Quality,https://pillows.su/f/37496c56a886c22c3e0446c960d1771a
VULTURES 1,"Big Sean - FIGHTING FIRES [V18]
(prod. BoogzDaBeast, FNZ & Rory Noble) 
(MY SOUL, FIGHTIN' FIRE, FAITHFUL)","Version with vocals from Big Sean that he originally played himself on an IG Live, however he said that he didn't know if Ty and Ye were still going to use it for VULTURES 2, Big Sean later confirmed that it was actually his song, but he couldn't clear it in time. Samples ""Transition"" by Galaxy 2 Galaxy. Was posted to Big Sean's Soundcloud on August 29, 2024.",4:33,"Jan 19, 2024","Aug 29, 2024",Full,High Quality,https://pillows.su/f/69bb9270c38d08e0c73042c27766ac04
Yandhi,"??? [V1]
(prod. Justus West)
(Sky City, City In The Sky, Ooh Child Things Are Gonna Get Easier, Ohh Child, Loyalty)","According to damn james!, Ty brought his guitar player into the studio to lay out various riffs and melodies, a portion of which would be looped to create the melody heard throughout ""Sky City"". The guitar player is speculated to have been Justus West, as he was frequently collaborating with Ty at the time. Snippet played in the RapTV ""Making of 'Sky City'"" video posted on August 25, 2024.",~10:00,,"Aug 25, 2024",Snippet,High Quality,https://pillows.su/f/c824ccef23c11bef758315de4c533e5f
Yandhi,"??? [V2]
(prod. Justus West, damn james! & Ty Dolla $ign)
(Sky City, City In The Sky, Ooh Child Things Are Gonna Get Easier, Ohh Child, Loyalty)","Original loop created by damn james! and Ty from the guitar freestyle, with additional effects added, which Ye would later freestyle over. Snippet played in the RapTV ""Making of 'Sky City'"" video posted on August 25, 2024.",,,"Aug 25, 2024",Snippet,High Quality,https://pillows.su/f/5603fc90f018a4d2502f2cbbf56b6d9c
VULTURES 2,"🤖 FIELD TRIP [V38]
(ref. Gabe Shaddow & Ty Dolla $ign) (feat. Don Toliver, Playboi Carti & Kodak Black) (prod. AyoAA, Chrishan, Dez Wright, EJ PARIS, The Legendary Traxster & Wheezy)","Played at the Korea LP. Is seemingly the IRKO mix, but a single Kodak line is uncensored. Higher quality rip with less crowd noise later leaked.",2:43,,"Aug 23, 2024",Full,High Quality,https://pillows.su/f/63f7b107d3f3dc6ce2c81241da6a31a2
VULTURES 2,"RIVER [V46]
(feat. Young Thug & Charlie Wilson) (prod. Digital Nas, Lamm & JPEGMAFIA)","Version with alternate production from JPEGMAFIA on the first half of the song, and more prominent Charlie WIlson vocals on the outro. Played by JPEGMAFIA at a San Francisco show on August 20th, 2024.",,,"Aug 20, 2024",Partial,Recording,https://pillows.su/f/f6127d94fd16ccedbb9151e70966ac1f
VULTURES 2,"PROMOTION [V16]
(feat. Future) (prod. AyoAA, KrishnaMusic, London on da Track, The Legendary Traxster & Deaton Chris Anthony)","Version with alternate production from an Deaton Chris Anthony, originally thought to be from Cashmere Cat. Leaked August 10, 2024.",2:39,,"Aug 10, 2024",Full,CD Quality,https://pillows.su/f/287974ab006f69663f463d47c9b7136c
VULTURES 2,"🗑️ RIVER [V49]
(feat. Young Thug) (prod. Deaton Chris Anthony)","Version with alternate production from an Deaton Chris Anthony, incorrectly thought to be Cashmere Cat. Said to have been made in March 2024. Samples ""I Luv U"" by Dizzee Rascal. Leaked August 10, 2024.",2:19,,"Aug 10, 2024",Full,CD Quality,https://pillows.su/f/0b8e52b0027ba528429de5c5f7e88cd5
VULTURES 2,"🤖 FOREVER [V7]
(ref. Gabe Shaddow) (prod. Chrishan)
(Maybe, Maybe We Can Last Forever)","Version Previewed at the Salt Lake City listening party. Has open verses, a slightly different structure, and the AI Quentin Miller vocals. Uses the AI extracted sample from the original release instead of the restructured one on the current streaming version.",,,"Aug 9, 2024",Full,Recording,https://youtu.be/J0hXe3rQIaM?si=sWk9aDWiBbICDyuc&t=3675
Beach House 3,"Spiff TV - So Drunk [V2]
(feat. Tory Lanez, Bad Bunny & Rick Ross) (prod. DJ Luian)
(Drunk)","OG Filename: Bad Bunny Tory Lanez Rick Ross - So Drunk New Reff
Original version of the song from 2017 with a verse from Rick Ross.",3:20,,"Aug 8, 2024",OG File,CD Quality,https://pillows.su/f/e26a7fbb03598159e12f4052db1bc3db
Beach House 4 [V1],"Spiff TV - Drunk [V7]
(feat. Ty Dolla $ign, Bad Bunny & Kodak Black) (prod. DJ Luian)
(So Drunk)","OG Filename: Drunk V1.3
Version with alternate production and Ty vocals. The song was originally Spiff TV's song, likely intended for his scrapped album The Union, indicated by Bad Bunny's adlibs saying ""Dimelo Spiff, The Union"". Metadata indicates this version is from 2021, and it was later brought back during ¥$ sessions.",3:15,,"Aug 8, 2024",OG File,CD Quality,https://pillows.su/f/431297a1db627c0a6cd08f0f402f8d08
Beach House 4 [V2],"Promotion [V3]
(feat. Future) (prod. DJ ESCO)
(Gorgeous)","OG Filenames: PROMOTION ESCOXTY$XFUTURE &
PROMOTION V1 &
PROMOTIONV3_V1
Possibly seen as track 15 on a Japan tracklist for Beach House 4 posted by dbmagic. Version with the original DJ ESCO beat and extra vocals later cut for release. Recording originally leaked August 6th, 2024, with an HQ version leaking the next day. For some reason, the ""PROMOTION ESCOXTY$XFUTURE"" is just a minute of the snippet that was previewed fully, but ""PROMOTION V1"" is the actual 3 minute file.",,,"Aug 7, 2024",Partial,High Quality,"https://pillows.su/f/f37482ff3beec5d864fe44fcecdbc5aa 
https://pillows.su/f/95c7a86c1f6134e077a900cc5f8466b6"
VULTURES 2,"TOYD [V118]
(prod. Scott Bridgeway & SHDØW)
(PAPA WANNA SEE)","OG Filename: TOYD MIX TEST_105.105
Solo Ye version with Ty covering the sample.",2:42,,"Aug 7, 2024",Full,CD Quality,https://pillows.su/f/c559f7c7601aa109f83c69772c6c58eb
VULTURES 1,"Dead [V9]
(ref. Fat Money) (feat. Future & Lil Durk) (prod. ATL Jacob)","Version with additional vocals from Fat Money filling in lines and punch-ins in Ty's verse, likely intended to be a reference. Snippet posted by Fat Money to Instagram on August 6, 2024.",,,"Aug 6, 2024",Partial,Recording,https://pillows.su/f/7cf135bec574a3cb8105b0f9118aa695
¥$,"Slidin' [V8]
(prod. Peter Lee Johnson)
(Slide, Slide In, Sliding)","OG Filename: slidin string only sample
Filename shown by Peter Lee Johnson. Snippet posted to Instagram by Peter Lee Johnson on August 4, 2024.",0:13,,"Aug 4, 2024",Partial,High Quality,https://pillows.su/f/2e5cd1b596ae56fb14f9b699b5077c49
Beach House 4 [V1],"✨ FKA twigs - Measure of a Man [V2]
(feat. Ty Dolla $ign) (prod. John Hill)",Version of the FKA twigs song with a finished Ty feature. Later released in 2021 with Central Cee replacing Ty's verse.,3:27,,"Aug 3, 2024",Full,High Quality,https://pillows.su/f/b32e0b859ad55e15336c41cb5eea9fd0
Beach House 4 [V1],"Kanye West & James Blake - Talking [V9]
(ref. Fat Money) (prod. James Blake, No ID & Dom Maker)","OG Filename: FM Talking v9 REF.01
Fat Money reference track. Leaked by Fat Money himself as a response to the release of VULTURES 2. Very quiet Ye vocals can also be heard at the end of the song",2:10,,"Aug 3, 2024",Full,CD Quality,https://pillows.su/f/03bb81066365b1bb2445aab489d79d51
¥$,"⭐ Time [V20]
(prod. Nathan Butts, Azul Wynter & AyoAA)
(Time Moving Slow, Time Movin' Slow, Time Moves Slow)","OG Filename: Time MIX TEST.06_06
Track seen on a tracklist from the Italy sessions and track 4 on a tracklist posted by Ty Dolla $ign. Played at the Dukunoo Jamaican Kitchen on December 10, 2023. Misses the ""Got my heart broke, I liked that bitch a lot"" line in Ye's verse and has mixing differences. Seems like he had the idea to record it eventually, considering he rapped it over faintly in the brunch snippet.",2:59,"Oct 10, 2023","Aug 3, 2024",OG File,CD Quality,https://pillows.su/f/18645169897e97ef481b97e8f90c8540
VULTURES 1,"King [V11]
(ref. Fat Money)
(Still The King)","Leaked August 3rd, 2024 by Fat Money himself as a response to the release of VULTURES 2. Has some Ye vocals.",3:14,,"Aug 3, 2024",Full,CD Quality,https://pillows.su/f/872bd58cacd11f4d8cd817bd5fe2a63f
VULTURES 1,"BEG FORGIVENESS [V20]
(ref. Fat Money) (feat. Chris Brown) (prod. Digital Nas)","Fat Money reference track. Played by Fat Money on March 9, 2024. Leaked August 3, 2024, by Fat Money himself as a response to the release of VULTURES 2.",3:16,,"Aug 3, 2024",Full,CD Quality,https://pillows.su/f/007e3f0e3bd69fe6f08f90f07ac6f472
VULTURES 1,"BEG FORGIVENESS [V21]
(ref. Fat Money) (prod. Digital Nas)","Second Fat Money reference track. Leaked August 3, 2024, by Fat Money himself as a response to the release of VULTURES 2.",3:08,,"Aug 3, 2024",Full,CD Quality,https://pillows.su/f/5f32e6edf4e10683c02d3f42807e8369
VULTURES 2,"FIELD TRIP [V25]
(feat. Playboi Carti, Don Toliver & Lil Durk) (prod. AyoAA, Chrishan, Dez Wright, EJ PARIS, The Legendary Traxster & Wheezy)","OG Filename: FIELD TRIP YE REF (5.7.24)
Version with the newly recorded Durk verse, different mixing, and a mumble Ye verse. Has no Kodak.",3:12,"May 7, 2024","Aug 3, 2024",Full,Lossless,https://pillows.su/f/81eca87e179a6164738e35c875a53e59
VULTURES 2,"✨ FORTUNE AND FAME [V5]
(prod. ???)","OG Filename: Fortune and Fame 5.6
Solo Ty version. Samples ""Something We All Adore"" by Solomun. Leaked August 3, 2024.",2:41,"May 6, 2024","Aug 3, 2024",OG File,CD Quality,https://pillows.su/f/32b6f40ce7b7cf2c901df04456730a62
VULTURES 2,"FRIED [V19]
(feat. The Hooligans) (prod. Chrishan, Ojivolta, Oscar Adler, Outtatown & TheLabCook)
(BLEED IT)","Version with alternate mixing and production. Accidentally played during the VULTURES 2 release LP on August 3, 2024.",,,"Aug 3, 2024",Partial,CD Quality,https://pillows.su/f/97e5a9fe0bf9a019fc482865faedcac1
VULTURES 2,"MY SOUL [V29]
(feat. Todd Rundgren) (prod. 88-Keys, BoogzDaBeast, Camper, FNZ, Rory Noble, Ty Dolla $ign & Kanye West)
(FIGHTING FIRES, FIGHTIN' FIRE, FAITHFUL)","OG Filename: MY_SOUL_8.2.24
Version with a different vocal take from Ty and lacking the outro, seen on the yeezy.com tracklist. Leaked August 3, 2024.",2:18,"Aug 2, 2024","Aug 3, 2024",Full,CD Quality,https://pillows.su/f/6e6c84badd6864e3e1315a97d1671f3c
VULTURES 2,"MY SOUL [V30]
(feat. Todd Rundgren & Big TC) (prod. 88-Keys, BoogzDaBeast, Camper, FNZ, Rory Noble, Ty Dolla $ign & Kanye West)
(FIGHTING FIRES, FIGHTIN' FIRE, FAITHFUL)","Similar to the version that was released as a digital download. Played at the VULTURES 2 release LP on August 3, 2024.",3:56,,"Aug 3, 2024",Full,High Quality,https://pillows.su/f/1863c665f21a72cf21aafeeb2417fadf
SUCIO SOUND SYSTEM,"MAKE ME BETTER
(prod. Wax Motif)",Dance track previewed by Ty and Wax Motif at Hard Summer 2024.,3:26,,"Aug 3, 2024",Full,High Quality,https://pillows.su/f/598aa168c3cfb4389ae002e2bb259574
Beach House 4 [V1],"Future & Lil Durk - Dead [V1]
(prod. ATL Jacob)","OG Filename: Dead w Durk
Original version of the song that was created for Future and Lil Durk's collaborative album. Future's verse contains additional lines that were later replaced with a loop of his ""cook up the yay', make it jump out the gym"" line, and he also has extra adlibs throughout the song.",3:20,"Jan 6, 2023","Jul 31, 2024",OG File,High Quality,https://pillows.su/f/7475d3a444078b2faac78ae92d6e018e
Mustard Collaboration,"⭐ Up In The Stars [V2]
(feat. Camper) (prod. Mustard, FNZ & Camper)
(Stars)","OG Filename: Up In the Stairs x CAMPER ROUGH
Original version of the song recorded in early 2022, intended for Ty and Mustard's collaborative project, featuring entirely different production and additional verses from Ty, as well as background vocals from Camper.",3:05,"Jan 20, 2022","Jul 31, 2024",Full,CD Quality,https://pillows.su/f/251369dda54f77eec12c13d368709abd
¥$,"King [V3]
(prod. Lester Nowhere)
(Still The King)","OG Filename: King
Drumless bounce.",2:49,,"Jul 31, 2024",OG File,CD Quality,https://pillows.su/f/b5bed51d320e182f0ea33c7f0d95dc4a
VULTURES 1,"Back To Me [V17]
(feat. Freddie Gibbs & Quavo) (prod. Zach Frenes, Wax Motif, Nic Nac, Count Bassy, Kanye West, AyoAA & 88-Keys)
(Back 2 Me, Cheesecake)","Full version of the partial iTunes file below. Played at the VULTURES Miami rave. Quavo's verse is removed and instead has adlibs on both Ye's and Freddie's line (""where they at?""). The end of the track is distorted by microphone audio coming back in. Heavily structured around a clip from the movie ""Dogma"". Partial lossless iTunes file leaked July 31, 2024.",5:45,,"Jul 31, 2024",Partial,Lossless,"https://pillows.su/f/d013d7f1bef724f5ba3be247a3a2b450
https://pillows.su/f/eacdce3d650be6eea868d8fcdb2cb134"
VULTURES 1,"Back To Me [V18]
(feat. Freddie Gibbs & Quavo) (prod. Zach Frenes, Wax Motif, Nic Nac, Count Bassy, Kanye West, AyoAA & 88-Keys)
(Back 2 Me, Cheesecake)","OG Filename: Kanye West Ty Dolla ign - Back to Me
Version played at the VULTURES Miami rave. Quavo's verse is removed and instead has adlibs on both Ye's and Freddie's line (""where they at?""). The end of the track is distorted by microphone audio coming back in. Heavily structured around a clip from the movie ""Dogma"". Partial lossless iTunes file leaked July 31, 2024.",2:40,,"Jul 31, 2024",OG File,Lossless,https://pillows.su/f/eacdce3d650be6eea868d8fcdb2cb134
VULTURES 1,"Beg Forgiveness [V13]
(feat. Chris Brown) (prod. Digital Nas)","Full version of the partial iTunes filel below. Played at the VULTURES Miami rave. Less developed than the brunch snippet, containing no Ty vocals. Partial lossless iTunes file leaked July 31, 2024.",3:16,,"Jul 31, 2024",Full,High Quality,"https://pillows.su/f/3ce09a61d37cee515dc562e81910d6f4
https://pillows.su/f/b5bfaa86259024f9bc8e5e132a43c1aa"
VULTURES 1,"Beg Forgiveness [V14]
(feat. Chris Brown) (prod. Digital Nas)","OG Filename: Kanye West Ty Dolla ign - Beg Forgiveness
This version is a placeholder file that was uploaded to Apple Music, fading out before the second chorus. Leaked July 31, 2024.",2:08,,"Jul 31, 2024",OG File,Lossless,https://pillows.su/f/b5bfaa86259024f9bc8e5e132a43c1aa
VULTURES 1,"Beg Forgiveness [V15]
(feat. Chris Brown) (prod. Digital Nas)","OG Filename: 1-110
Version with a small amount of additional production. Leaked July 31, 2024.",3:14,,"Jul 31, 2024",OG File,Lossless,https://pillows.su/f/c0897e91f5c2060356ed73e9c9cea06d
VULTURES 1,"Beg Forgiveness [V16]
(feat. Chris Brown) (prod. Digital Nas & London on da Track)","OG Filename: YE CHRIS TY 110 CHORDS
Version with additional production not seen on release. Leaked July 31, 2024, alongside its stems.",3:14,"Dec 13, 2023","Jul 31, 2024",Stem Bounce,Lossless,https://pillows.su/f/290ba7f0e86180ef89dd16dea957015a
VULTURES 1,"Dead [V7]
(feat. Future & Lil Durk) (prod. ATL Jacob)","OG Filename: dead - Track 1
Identical to the version above, but with Ye vocals recorded over the reference track.",5:04,,"Jul 31, 2024",OG File,Lossless,https://pillows.su/f/dd8bae6d0509eb978b3cbc8ba442edc5
VULTURES 1,"Dead [V8]
(feat. Future & Lil Durk) (prod. ATL Jacob, London on da Track & Wheezy)","OG Filename: Dead Intro 134
Version with additional production from London on da Track and Wheezy on the intro and the beginning of Ye's verse.",5:04,"Dec 14, 2023","Jul 31, 2024",Stem Bounce,Lossless,https://pillows.su/f/3460035d4635364b0506e2f7025d4c86
VULTURES 1,"Everybody [V10]
(feat. Charlie Wilson & Lil Baby) (prod. Kanye West, will.i.am & Timbaland)","Full version of the partial iTunes file below. Played at the VULTURES Miami rave on December 12, 2023. Partial lossless iTunes file leaked July 31, 2024.",5:28,,"Jul 31, 2024",Full,High Quality,"https://pillows.su/f/300a9b8415fa29aeb45bb71072a6d459
https://pillows.su/f/40455126012e3e2082c9d17b89b24627"
VULTURES 1,"Everybody [V11]
(feat. Charlie Wilson & Lil Baby) (prod. Kanye West, will.i.am & Timbaland)","OG Filename: Kanye West Ty Dolla ign - Everybody
This version is a placeholder file that was uploaded to Apple Music, fading out before Ye's verse. Leaked July 31, 2024.",3:14,,"Jul 31, 2024",OG File,Lossless,https://pillows.su/f/40455126012e3e2082c9d17b89b24627
VULTURES 1,"Everybody [V12]
(feat. Charlie Wilson) (prod. Kanye West, will.i.am, Timbaland & London on da Track)","OG Filename: EVERYBODY V1A 108BPM
Loop with additional production from London on da Track. Leaked July 31, 2024, alongside its stems.",0:53,"Dec 14, 2023","Jul 31, 2024",Stem Bounce,Lossless,https://pillows.su/f/781394dfd0cbb4ec2b48756adc96dd30
VULTURES 1,"Forever Rollin' [V6]
(feat. Lil Baby) (prod. Kanye West, Audiovista, Flex on the Beat, FOREVEROLLING, Mattazik Muzik & Morning Estrada)
(Forever Rolling, On My Own)","OG Filename: Kanye West Ty Dolla ign - Drunk
Version that was accidentally uploaded as ""Drunk"" on the December iTunes copy of VULTURES.",1:50,,"Jul 31, 2024",OG File,Lossless,https://pillows.su/f/eb3e1d0e22a12b5728588beffab8be30
VULTURES 1,"Gun To My Head [V3]
(ref. Ty Dolla $ign & FRE$H) (prod. Sean Momberger & Wheezy)","Full version of the partial iTunes file below. Played at the Dukunoo Jamaican Kitchen on December 10, 2023.",,,"Jul 31, 2024",Partial,Lossless,"https://pillows.su/f/20f8e476fcc46afe28462e063e7ec13a
https://pillows.su/f/6940a438559917c73220fc8ad9001e9c
https://pillows.su/f/32adeae08cb06012a5dd99e34c4b5b98"
VULTURES 1,"✨ Gun To My Head [V4]
(ref. Ty Dolla $ign & FRE$H) (prod. Sean Momberger & Wheezy)","OG Filename: Kanye West Ty Dolla ign - Gun to My Head
Version with additional production and punch-ins from Ty and FRE$H that would later be recorded over by Ye. Some Ye vocals, likely from his original freestyle, can be heard in this version. This version is a placeholder file that was uploaded to Apple Music, fading out during Ye's verse.",1:36,,"Jul 31, 2024",OG File,Lossless,https://pillows.su/f/20f8e476fcc46afe28462e063e7ec13a
VULTURES 1,"Hood Rat [V10]
(prod. 88-Keys)
(Hoodrat)","OG Filename: 1-01 Hood Rat
Leaked July 31, 2024.",2:06,,"Jul 31, 2024",Beat Only,Lossless,https://pillows.su/f/1ce42c1275997c217fdd6150a3e59b01
VULTURES 1,"Hood Rat [V11]
(prod. 88-Keys & London on da Track)
(Hoodrat)","OG Filename: HOOD RAT V1A STMS
Version with additional production and a beatswitch not seen in other versions. Leaked July 31, 2024, alongside its stems.",2:06,"Dec 15, 2023","Jul 31, 2024",Stem Bounce,Lossless,https://pillows.su/f/7456bb0607a5b6aeddad1f2f11e63c3b
VULTURES 1,"Still The King [V5]
(prod. Wheezy & Lester Nowhere)
(King)","OG Filename: STILL THE KING WHEEZY x ye
Demo version, played shortly in the Vultures City afterparty before Timbaland joined the livestream. Better quality snippet was later posted by Lester Nowhere.",3:14,"Dec 15, 2023","Jul 31, 2024",OG File,CD Quality,https://pillows.su/f/f305e3ec5679bbffd0eb118673916f5d
VULTURES 1,"King [V7]
(prod. Wheezy, Lester Nowhere & London on da Track)
(Still The King)","Version with London on da Track production. One of the background sounds is a sample of Bob from ""The Minions"" saying ""KING BOB!"". Original snippet leaked February 13, 2024, with the beat leaking July 31, 2024.",2:30,"Dec 15, 2023","Jul 31, 2024",Beat Only,Lossless,https://pillows.su/f/ccea8812fb39e5c25a528eceb1e4332a
VULTURES 1,"King [V8]
(prod. ???)
(Still The King)",Version with drums and alternate production by a currently unknown producer. Accurate bounce provided by erickhatesbmc.,2:49,"Dec 16, 2023","Jul 31, 2024",Stem Bounce,Lossless,https://pillows.su/f/4398714326a2218941ef4347e8c2a971
VULTURES 1,"Lifestyle [V1]
(prod. Nico Baran, FNZ, Ty Dolla $ign & Timbaland)","OG Filename: Kanye West Ty Dolla ign - Lifestyle
Version featuring alternate production including drums which would be reused for ""Keys To My Life"", as well as a faster tempo and an open verse in place of Lil Wayne's verse. This version is a placeholder file that was uploaded to iTunes, fading out toward the end of the open verse.",2:16,,"Jul 31, 2024",OG File,Lossless,https://pillows.su/f/41aa14e94a03444046eccc88071d224b
VULTURES 1,"Make It Feel Right [V1]
(prod. London on da Track & Sean Momberger)
(Next Time)","OG Filename: make it feel right 90bpm lot x sm v1_Master
Instrumental with a small amount of Ty adlibs throughout the song.",3:46,"Dec 15, 2023","Jul 31, 2024",OG File,Lossless,https://pillows.su/f/73e13c40ac664562b891978cc9388b15
VULTURES 1,"New Body [V42]
(feat. Nicki Minaj) (prod. RONNY J, Plain Pat, Cubeatz & Ty Dolla $ign)",Full version of the partial iTunes file below.,,,"Jul 31, 2024",Partial,Lossless,https://pillows.su/f/f4409cc73594de22d0e651baaea192d8
VULTURES 1,"New Body [V43]
(feat. Nicki Minaj) (prod. RONNY J, Plain Pat, Cubeatz & Ty Dolla $ign)","OG Filename: Kanye West Ty Dolla ign - New Body
Similar to the Miami rave version, but with different mixing. This version is a placeholder file that was uploaded to Apple Music, fading out during Nicki's verse. Leaked July 31, 2024.",2:04,,"Jul 31, 2024",OG File,Lossless,https://pillows.su/f/f4409cc73594de22d0e651baaea192d8
VULTURES 1,"Paid [V25]
(feat. K-Ci) (prod. Kanye West, Anthony Kilhoffer, Stryv, Chrishan, Wax Motif & London on da Track)
(Get Paid)","Full version of the partial iTunes file below. Played at the VULTURES Miami rave on December 12, 2023. Partial lossless iTunes file leaked July 31, 2024.",3:01,,"Jul 31, 2024",Full,High Quality,"https://pillows.su/f/4a664d0575a94a5759d1494a663becc5
https://pillows.su/f/5308ad790743a5c629c8e0b0e6973ca4"
VULTURES 1,"Paid [V26]
(feat. K-Ci) (prod. Kanye West, Anthony Kilhoffer, Stryv, Chrishan, Wax Motif & London on da Track)
(Get Paid)","OG Filename: Kanye West Ty Dolla ign - Paid
This version is a placeholder file that was uploaded to Apple Music, fading out during Ye's verse.",1:44,,"Jul 31, 2024",OG File,Lossless,https://pillows.su/f/5308ad790743a5c629c8e0b0e6973ca4
VULTURES 1,"Paid [V27]
(feat. K-Ci) (prod. Kanye West, Anthony Kilhoffer, Stryv, Chrishan, Wax Motif & London on da Track)
(Get Paid)","OG Filename: PAID 118STMS
Loop with additional production from London on da Track.",0:28,"Dec 14, 2023","Jul 31, 2024",Stem Bounce,Lossless,https://pillows.su/f/0f29fdf2270388464c87e6101c4e446d
VULTURES 1,"Paid [V28]
(feat. K-Ci) (prod. Kanye West, Anthony Kilhoffer, Stryv, Chrishan, Wax Motif & London on da Track)
(Get Paid)","OG Filename: PAID ADDS 12.14.23
Loop with additional production from London on da Track.",1:21,"Dec 14, 2023","Jul 31, 2024",Stem Bounce,Lossless,https://pillows.su/f/7aaf2b08e80d7127a139195d0d49215f
VULTURES 1,"Paid [V29]
(feat. K-Ci) (prod. Kanye West, Anthony Kilhoffer, Stryv, Chrishan, Wax Motif & London on da Track)
(Get Paid)","OG Filename: PAID - Track 1
Version with additional production from London on da Track.",3:03,"Dec 14, 2023","Jul 31, 2024",OG File,Lossless,https://pillows.su/f/26711a9be17a44570a4de5b16af6d36d
VULTURES 1,"Paid [V30]
(feat. K-Ci) (prod. Kanye West, Anthony Kilhoffer, Stryv, Chrishan, Wax Motif & London on da Track)
(Get Paid)","OG Filename: PAID
Version with additional production from London on da Track.",3:03,"Dec 14, 2023","Jul 31, 2024",Stem Bounce,Lossless,https://pillows.su/f/1309ce965625ee7a01eedca0b11b9333
VULTURES 1,"Gorgeous [V10]
(prod. The Legendary Traxster, AyoAA, Wheezy & London on da Track)
(Promotion)","OG Filename: Gorgeous
Instrumental for an early version. Leaked July 31, 2024, alongside its stems.",2:42,"Dec 11, 2023","Jul 31, 2024",Beat Only,Lossless,https://pillows.su/f/4cbac8ac5b218cf2a9fa1d87821d9ab1
VULTURES 1,"Gorgeous [V11]
(prod. The Legendary Traxster, AyoAA, Wheezy & London on da Track)
(Promotion)","OG Filename: GORGEIUS STEMS V1A 157BPM
Instrumental with alternate production. Leaked July 31, 2024, alongside its stems.",2:32,"Dec 11, 2023","Jul 31, 2024",Beat Only,Lossless,https://pillows.su/f/372696da7c95d6da40b4609b34427bd1
VULTURES 1,"✨ Gorgeous [V12]
(prod. The Legendary Traxster, AyoAA, Wheezy & London on da Track)
(Promotion)","OG Filename: GORGEOUS V1B 157BPM
Instrumental with additional production. Leaked July 31, 2024, alongside its stems.",2:32,"Dec 12, 2023","Jul 31, 2024",Beat Only,Lossless,https://pillows.su/f/16589966581a9c8c07125dc953e3c9a6
VULTURES 1,"Promotion [V13]
(prod. The Legendary Traxster, AyoAA, Wheezy & London on da Track)
(Gorgeous)","OG Filename: promotion piano intro
Instrumental with additional production on the intro. Leaked July 31, 2024, alongside its stems.",2:31,"Dec 14, 2023","Jul 31, 2024",Beat Only,Lossless,https://pillows.su/f/ad27d74427c81acdc9f3aae9503d4b76
VULTURES 1,"River [V42]
(feat. Young Thug) (prod. Pi'erre Bourne, Digital Nas & London on da Track)","Version with different mixing and effects on some of Ye's vocals, and less Ty vocals on the outro.",3:35,,"Jul 31, 2024",Stem Bounce,Lossless,https://pillows.su/f/0b0e53eb1b416df4904dd02c4a202da5
VULTURES 1,"River [V43]
(feat. Young Thug) (prod. Pi'erre Bourne, Digital Nas, Lamm, AyoAA & London on da Track)","OG Filename: River �
Version with additional production from London on da Track. Snippet leaked March 9th, 2024.",3:46,"Dec 15, 2023","Jul 31, 2024",Stem Bounce,Lossless,https://pillows.su/f/321a5b6de50ca4a7125f9e6fe86cab40
VULTURES 1,"River [V44]
(feat. Young Thug) (prod. Pi'erre Bourne, Digital Nas, Lamm, AyoAA & London on da Track)","OG Filename: RIVER V1A 132BPM
Instrumental with additional production from London on da Track.",3:34,"Dec 15, 2023","Jul 31, 2024",Stem Bounce,Lossless,https://pillows.su/f/4c711c4dbc1496477d091aac884eb45d
VULTURES 1,"So Good [V10]
(prod. BBYKOKE, Kanye West & No ID)
(Good (Don't Die))","OG Filename: Kanye West Ty Dolla ign - So Good
Partial lossless iTunes file leaked July 31, 2024.",1:35,,"Jul 31, 2024",OG File,Lossless,https://pillows.su/f/b77df5d52287df30e66dbed0b6688ba6
VULTURES 1,"So Good [V11]
(prod. BBYKOKE, Kanye West, London on da Track & No ID)
(Good (Don't Die))","OG Filename: 12-130
Loop. Originally leaked in full February 24, 2024. Made on or before Dec 14, 2023",0:29,,"Jul 31, 2024",OG File,Lossless,https://pillows.su/f/becf280a7e5e9d0a9013ddfa058e7a79
VULTURES 1,"So Good [V12]
(prod. Kanye West, No ID & London on da Track)
(Good (Don't Die))","OG Filename: 130 YE LODT
Loop with additional production from London on da Track.",0:29,"Dec 14, 2023","Jul 31, 2024",Stem Bounce,Lossless,https://pillows.su/f/06fadea57f7d13936e98be9f59d07252
VULTURES 1,"So Good [V13]
(prod. Kanye West, No ID & London on da Track)
(Good (Don't Die))","OG Filename: YELODT 130 V1B BETTER CHORDS
Another loop with alternate additional production from London on da Track.",0:44,"Dec 14, 2023","Jul 31, 2024",Stem Bounce,Lossless,https://pillows.su/f/8feb3d5d22abca2952f0d07e7a5dd64c
VULTURES 1,"So Good [V14]
(prod. Kanye West, No ID & London on da Track)
(Good (Don't Die))","OG Filename: INTRO IDEA 1 130 V1A
A loop for an intro idea with production from London on da Track.",0:35,"Dec 14, 2023","Jul 31, 2024",Stem Bounce,Lossless,https://pillows.su/f/91d113ee63be4e1a135793f2d7824e46
VULTURES 1,"Slidin' [V15]
(prod. AyoAA, Leon Thomas, Lester Nowhere, Peter Lee Johnson, Ty Dolla $ign, Kanye West & The Legendary Traxster)
(Slide In, Slidin', Sliding)","OG Filename: Slidin - Track 12
Version with different mixing and an extended outro. Played during DJ Pharris' album premiere on December 14, 2023. Leaked July 7, 2024, after a groupbuy. OG file leaked July 31, 2024.",5:15,,"Jul 31, 2024",OG File,Lossless,https://pillows.su/f/525ab2353c78863fe9a612c231206989
VULTURES 1,"✨ Slidin' [V16]
(prod. AyoAA, Leon Thomas, Lester Nowhere, Peter Lee Johnson, Ty Dolla $ign, Kanye West, The Legendary Traxster & London on da Track)
(Slide In, Slidin', Sliding)","Version with additional production from London on da Track including choirs and guitar. Snippet leaked March 9, 2024.",5:15,"Dec 14, 2023","Jul 31, 2024",Stem Bounce,Lossless,https://pillows.su/f/a630ebbe5fa496f74b3c7d8d70b83b91
VULTURES 1,"Talking / Once Again [V20]
(feat. North West & James Blake) (prod. James Blake & Dom Maker)","Version that was accidentally uploaded as ""Unlock"" on the December iTunes copy of VULTURES. This version is a placeholder file that was uploaded to iTunes, fading out toward the end of the song. Leaked July 31, 2024.",2:25,,"Jul 31, 2024",Full,Lossless,https://pillows.su/f/4bba39ee5ca6e216b032872193114c07
VULTURES 1,"Talking / Once Again [V21]
(feat. North West & James Blake) (prod. James Blake & Dom Maker)","OG Filename: untitled - Track 8
Ye's part on the outro goes on for longer than on released.",4:33,"Dec 14, 2023","Jul 31, 2024",OG File,Lossless,https://pillows.su/f/cda95725e13cda91161d6b9e455da25c
VULTURES 1,"Talking / Once Again [V22]
(feat. North West & James Blake) (prod. James Blake, Dom Maker & ???)",Has additional production at 3:28 that is unmixed.,4:33,"Dec 14, 2023","Jul 31, 2024",Stem Bounce,Lossless,https://pillows.su/f/1e198f3eb1a4d051840ee121301fdd9d
VULTURES 1,"Time Moving Slow [V24]
(prod. Nathan Butts, Azul Wynter, AyoAA & SHDØW)
(Time Movin' Slow, Time Moves Slow)",Full version of the partial iTunes file below.,,,"Jul 31, 2024",Partial,Lossless,https://pillows.su/f/7d465f1909f69b8af09ce270c734602c
VULTURES 1,"✨ Time Moving Slow [V25]
(prod. Nathan Butts, Azul Wynter, AyoAA & SHDØW)
(Time Movin' Slow, Time Moves Slow)","OG Filename: Kanye West Ty Dolla ign - Time Moving Slow
Version with additional production including additional sound effects and some high-pitched vocals. This version is a placeholder file that was uploaded to iTunes, fading out during the bridge. Leaked July 31, 2024.",2:04,,"Jul 31, 2024",OG File,Lossless,https://pillows.su/f/7d465f1909f69b8af09ce270c734602c
VULTURES 1,"BEG FORGIVENESS [V18]
(feat. Chris Brown) (prod. Digital Nas & London on da Track)","OG Filename: BEG FORGIVENESS V1B WITH DRUMS
Version with additional production not seen on release. Leaked July 31, 2024, alongside its stems.",3:16,"Dec 17, 2023","Jul 31, 2024",Stem Bounce,Lossless,https://pillows.su/f/ea93af859db873cf1a5d9e4192052f15
VULTURES 1,"EVERYBODY [V13]
(feat. Charlie Wilson) (prod. Kanye West, will.i.am & Timbaland)","OG Filename: V2 1-EB 2
Version with Ye's vocals pitched down. Lacks the intro and any Ty vocals, and has long open verses. Leaked July 31, 2024.",2:36,,"Jul 31, 2024",OG File,Lossless,https://pillows.su/f/c42394afa704e1489eb63ae581ec1104
VULTURES 1,"EVERYBODY [V14]
(feat. Charlie Wilson & Lil Baby) (prod. Kanye West, will.i.am, Timbaland & London on da Track)","OG Filename: EVERYBODY V2A
Similar to the version above, but with additional production. Leaked July 31, 2024, alongside its stems.",2:36,"Dec 16, 2023","Jul 31, 2024",Stem Bounce,Lossless,https://pillows.su/f/1eca2567f9cdbb2083980e807aaad07f
VULTURES 1,"EVERYBODY [V15]
(feat. Charlie Wilson & Lil Baby) (prod. Kanye West, will.i.am & Timbaland)","OG Filename: everybody - Track 1
Leaked July 31, 2024.",3:28,,"Jul 31, 2024",OG File,Lossless,https://pillows.su/f/4dddd4f778b756f5635c89975a5425f3
VULTURES 1,"⭐ EVERYBODY [V16]
(feat. Charlie Wilson & Lil Baby) (prod. Kanye West, will.i.am, Timbaland & London on da Track)","OG Filename: everybody 108 london adds
Version with additional production from London on da Track. The ""murder scene"" line in Ye's verse is missing on this version. Samples and interpolates ""Everybody (Backstreet's Back)"" by the Backstreet Boys. Samples ""Puerto Rico"" by Frankie Cutless and ""Shine Eye Gal"" by Shabba Ranks. Leaked July 31, 2024.",3:47,"Dec 19, 2023","Jul 31, 2024",Stem Bounce,Lossless,https://pillows.su/f/76887878a0b4d43272ea75fd7a97f5a4
VULTURES 1,"GUN TO MY HEAD [V6]
(feat. Kid Cudi) (prod. Sean Momberger, Wheezy & London on da Track)","Version with additional production from Wheezy and London on da Track and the extended Ye freestyle. Leaked July 31, 2024, alongside its stems.",6:08,"Dec 21, 2023","Jul 31, 2024",Stem Bounce,Lossless,https://pillows.su/f/f0092e0e759a7e1bd29826c7bf47dfb3
VULTURES 1,"LIFESTYLE [V7]
(prod. Nico Baran, FNZ, Ty Dolla $ign & SHDØW)",Version with alternate production from SHDØW and lacking Lil Wayne's verse.,5:16,"Dec 20, 2023","Jul 31, 2024",Stem Bounce,Lossless,https://pillows.su/f/725bd5685b887f5f550807ea5ccaa5c9
VULTURES 1,"⭐ LIFESTYLE [V8]
(feat. Lil Wayne) (prod. Nico Baran, FNZ, Ty Dolla $ign, London on da Track & Wheezy)","Original version of the song before it was reworked for release on VULTURES 2. Has additional production from Wheezy and London on da Track. Has an open verse where Ty's verse on release would be. Samples ""LOVE IS GONE"" by Nico Baran.",5:29,"Dec 21, 2023","Jul 31, 2024",Stem Bounce,Lossless,https://pillows.su/f/1100ee5b88c36260c0c3716d414e55e3
VULTURES 1,"MAKE IT FEEL RIGHT [V2]
(prod. London on da Track & Sean Momberger)
(NEXT TIME)","Version with alternate production, and Ty's vocals cut down to only the outro.",3:44,"Dec 17, 2023","Jul 31, 2024",Stem Bounce,Lossless,https://pillows.su/f/bbaf85977e860815e449b2c31a5eb80b
VULTURES 1,"✨ MATTHEW [V7]
(feat. North West & Charlie Wilson) (prod. 88-Keys & London on da Track)
(MATTHEW 5:16)","OG Filename: Matthew_v1.0
Version with additional production from London on da Track including a piano. London was not given the stems, so AI stem extraction was used to create this version. Samples a clip of Sha'Carri RIchardson. Snippet leaked March 9, 2024. Leaked July 31, 2024, alongside its stems.",2:44,"Dec 19, 2023","Jul 31, 2024",OG File,CD Quality,https://pillows.su/f/c4633e44e68eba392d146d0487cee633
VULTURES 1,"RIVER [V43]
(feat. Young Thug) (prod. Pi'erre Bourne, Digital Nas, Lamm, AyoAA & London on da Track)","OG Filename: RIVER V2A
Instrumental with additional production from London on da Track.",3:35,"Dec 16, 2023","Jul 31, 2024",Stem Bounce,Lossless,https://pillows.su/f/69f252cd2fa9bec19bc6de5a898950eb
VULTURES 1,"RIVER [V44]
(feat. Young Thug) (prod. Pi'erre Bourne, Digital Nas, Lamm, AyoAA & London on da Track)","OG Filename: RIVER V3A 132BBPM
Instrumental with additional production from London on da Track.",3:35,"Dec 16, 2023","Jul 31, 2024",Stem Bounce,Lossless,https://pillows.su/f/4edbf3e26e41f9ddeae8597ecd5d08c6
VULTURES 1,"WOLVES CRY [V2]
(feat. YoungBoy Never Broke Again) (prod. London on da Track, FNZ & 254Bodi)
(WOLF CRY)","Instrumental with additional production. Leaked July 31, 2024, alongside its stems.",2:38,"Dec 19, 2023","Jul 31, 2024",Stem Bounce,Lossless,https://pillows.su/f/f084358e4576f8ad10db33fb37484d44
VULTURES 1,"HONOR ROLL [V11]
(feat. The Hooligans, Rich The Kid & Playboi Carti) (prod. ¥$, Digital Nas, Ojivolta, TheLabCook & The Legendary Traxster)
(CARNIVAL, HOOLIGANS)","Version with a higher-energy vocal take on Ye's verse with alternate lines, and different adlibs from Playboi Carti. Snippet leaked July 22, 2024.",4:24,"Feb 6, 2024","Jul 29, 2024",Full,CD Quality,https://pillows.su/f/540fef1be5f24fe762eae5529ccb9f84
VULTURES 1,"HOODRAT [V16]
(prod. Kanye West, 88-Keys & Camper)
(HOOD RAT)","Solo Ye version with finished vocals that would be covered by Ty on release, as well as the original vocal pitch. Snippet leaked July 22, 2024. Leaked July 29, 2024.",3:42,"Feb 6, 2024","Jul 29, 2024",Full,CD Quality,https://pillows.su/f/213c0ddc246411f428757186256501ff
VULTURES 1,"KEYS TO MY LIFE [V15]
(feat. India Love, Faouzia & ???) (prod. Kanye West, VEYIS, Timbaland, Hubi, SHDØW & Vinnyforgood)
(TIMBO FREESTYLE)","May be one of the 5 previous versions / mixes done by Traxster. Has different production at the second half, apart from that similar to release, but more stripped down. Snippet leaked July 22nd, 2024.",3:07,"Feb 6, 2024","Jul 29, 2024",Full,CD Quality,https://pillows.su/f/4c4e5977487d33426aed672a73ceb988
VULTURES 1,"STARS [V16]
(prod. Kanye West, FNZ, JPEGMAFIA, SHDØW, The Legendary Traxster & Aver Ray)
(Up In The Stars)","OG Filename: 026 - STARS 124 bpm (ye)
Version with alternate production. Samples ""Costume Party"" by Two Door Cinema Club.",2:15,"Feb 6, 2024","Jul 29, 2024",Full,CD Quality,https://pillows.su/f/17239cd8a32dd7e5cb93ea0c682ff937
TYCOON [V1],"Blind Date [V1]
(ref. Ace Redd) (prod. Hitmaka & SkipOnDaBeat)","Snippet posted by Hitmaka to Instagram on July 28, 2024 with reference vocals from Ace Redd that were mistaken for Future.",,,"Jul 28, 2024",Snippet,Low Quality,https://pillows.su/f/6c7276d26c87581e5ee31a6edf4a964c
Yandhi,"Kanye West - New Body [V4]
(ref. Ant Clemons) (feat. 6ix9ine) (prod. RONNY J, Cubeatz & Plain Pat)","OG Filename: New Body 9_28_18 ant bongo verse
Second Ant Clemons reference track. Snippet leaked July 27, 2024.",,"Sep 28, 2018","Jul 27, 2024",Snippet,High Quality,"https://pillows.su/f/b4c1b5a162edec4cb8f81a26ec3b612c
https://pillows.su/f/5680fb939fefb7e65f847388f3aad9ae"
VULTURES 2,"PROMOTION [V14]
(feat. Future) (prod. The Legendary Traxster & AyoAA)
(GORGEOUS)","Played during the private VULTURES 2 Los Angeles LP on March 9, 2024. Played by Adin Ross on stream July 23, 2024.",,,"Jul 23, 2024",Partial,High Quality,"https://pillows.su/f/6e8a7c62370727d065313065b72ce940
https://pillows.su/f/0fbb173252741948ed548f74f1e61e7a"
VULTURES 2,"PROMOTION [V23]
(feat. Future) (prod. KrishnaMusic, AyoAA, Chrishan, The Legendary Traxster & London on da Track)
(GORGEOUS)","OG Filename: PROMOTION - 5.6.24
Version considered for VULTURES 2 post-rework with Ty vocals re-recorded to be mostly clean except for some lines that remain from his original verse. Ye and Future's vocals are uncensored, and Future's vocals lack autotune after the intro. Leaked July 23, 2024.",2:39,"May 6, 2024","Jul 23, 2024",OG File,CD Quality,https://pillows.su/f/27d66d88c2bc3945da7398ed2c0feff8
¥$,"Time Standing Still [V10]
(ref. Fya Man) (prod. Nathan Butts, Azul Wynter & AyoAA)
(Time Moving Slow, Time Movin' Slow, Time Moves Slow)","Fya Man reference track. Snippet leaked July 22, 2024.",,,"Jul 22, 2024",Snippet,CD Quality,https://pillows.su/f/469fbeb548a7a5eeac7814f39d4d3965
VULTURES 1,"VULTURES [V6]
(feat. Bump J & Lil Durk) (prod. ¥$, Jasper Harris, Gustave Rudman, Ambezza, Ojivolta, Adey, Chordz, Digital Nas, Fya Man, Juice & ???)","Version with different drums, possibly from KAYTRANADA. Snippet leaked July 22, 2024.",,,"Jul 22, 2024",Snippet,CD Quality,https://pillows.su/f/f5948b39768398bc515696000066807c
Dream House,"Kanye West - Bottom Line
(prod. BoogzDaBeast)","OG Filename: Bottom Line - KW Ref
Samples ""Bottom Line"" by Electric Wire Hustle.",2:41,,"Jul 15, 2024",OG File,CD Quality,https://pillows.su/f/daa710e6449041972a0f06cfc13e3ff3
Beach House 4 [V2],"Kanye West - Hood Rat [V2]
(prod. 88-Keys)
(Hoodrat)","OG Filename: Hood Rat Ye Ref - Ye.88-Keys - 4.20.23
Track shown briefly in Fivio Foreign's Without Warning documentary. Made around April 2023. Has mumble vocals. In the same clip in the documentary, Fivio was seen making a voice memo, however it wasn't for ""Hood Rat"" as it was thought to be. Said by Rodri to have been played at the private YEBU LP.",,"Apr 20, 2023","Jul 14, 2024",Snippet,CD Quality,"https://pillows.su/f/76d6c162260cdab528fe62c4a00855f5
https://pillows.su/f/337acc8eaa3ea8d2351e9a0df6ac5a29"
Dream House,"CyHi - Model [V8]
(feat. Kanye West & Ty Dolla $ign) (prod. Noah Goldstein)
(Model Type, You Ain't No Model)","OG Filename: Model- REF 09.06.18
CyHi version from 2018. Has mumble Ty vocals.",5:07,"Sep 6, 2018","Jul 12, 2024",OG File,CD Quality,https://pillows.su/f/7bc36403f2fb770ab781db485ae6d9e8
VULTURES 2,"✨ MELROSE [V4]
(feat. Playboi Carti) (prod. TheLabCook & Ojivolta)","OG Filename: melrose_
Version with a faster tempo compared to later versions and without the ""Codeine"" sample. Has about four minutes of mumble Ye vocals, finished Ty vocals and 1:30 of Carti vocals. Snippets leaked July 10, 2024, with the full song leaking the same day after a Carti groupbuy. Mixed by Fritz Owens.",5:29,"Feb 20, 2024","Jul 10, 2024",OG File,CD Quality,https://pillows.su/f/1fc5b5f4e7993fca56093b9eba620d33
VULTURES 2,"MELROSE [V8]
(feat. Playboi Carti) (prod. TheLabCook & Ojivolta)","OG Filename: MELROSE 3.8.24
Version with the ""Codeine"" sample, slower tempo, and Ye and Carti's verses cut down. Leaked after a Carti groupbuy on July 10, 2024. Mixed by Fritz Owens. Played during the private LA VULTURES 2 listening party on March 9, 2024.",3:20,"Mar 8, 2024","Jul 10, 2024",OG File,Lossless,https://pillows.su/f/319354fee028dec5c37ff29f1ff8a429
Beach House 3,"Chance the Rapper - Pets [V3]
(The Garden)","OG Filename: Jam sess idea1 PETS jl 9-5
Version of ""Garden"" with completely different Chance vocals. Was thought to be made during the Good Ass Job sessions with Kanye but it turned out it was made on the day of the full 24 minute jam session version with Daniel Caesar, also despite it saying ""9-5"" in the filename it could just be an error. Leaked on July 4, 2024 apart of a 62 gigabyte mass leak.",6:58,"Sep 7, 2017","Jul 4, 2024",OG File,CD Quality,https://pillows.su/f/1b27c153e9524087669406c8c4e77a27
Dream House,"Young Thug - I'm A Blessing [V1]
(prod. Wheezy)",Solo Young Thug version with an open verse. Leaked as part of a 60gb vault leak.,3:36,"May 1, 2018","Jul 4, 2024",Full,CD Quality,https://pillows.su/f/ceed382da87db9e01e8045dcde80b410
$ign Language 2,"Denzel Curry - COLD PIMP [V4]
(with Juicy J, Ty Dolla $ign & Key Nyata) (prod. Hollywood Cole & Elijah Fox)
(COLE PIMP)","OG Filename: Cold_Pimp_v1_1
Version with an extended intro, no outro, and a verse from Key Nyata cut from release. The song was rumored to have originated during VULTURES sessions, but this was proven to be false.",4:30,"Mar 30, 2023","Jul 4, 2024",OG File,High Quality,https://pillows.su/f/ff9155da44648f0697ac16b08087a6ec
Beach House 4 [V2],"⭐ Leon Thomas - That's Just How It Is [V2]
(feat. A$AP Rocky & Ty Dolla $ign) (prod. Madlib, D33J, Shlohmo & Boys Noize)
(How It Is)","OG FIlename: Thats Just How It Featuring A$AP ROCKY X TY
A further developed and later version of the song ""How It Is"" retitled to ""That's Just How It Is"" with an additional feature from Ty Dolla $ign and Rocky as the song was given to Leon Thomas. A snippet for the song was leaked on March 10, 2024 with the full song leaking as part of a mass leak.",4:06,"Jun 28, 2023","Jul 4, 2024",OG File,High Quality,https://pillows.su/f/612d3cd77ef582ce675b745d8b0bcfc2
¥$,"🏆 City Underground [V7]
(feat. Adam Vadel) (prod. Adam Vadel, REMED & twinsmatic)
(Built A City Underground)","Version with voice memo vocals from Ye, which would later be used by Fat Money to base his reference track on. Seen on a tracklist uploaded to Spotify's backend for release sometime in late October to early November of 2023. Snippet leaked June 30, 2024.",,,"Jun 30, 2024",Snippet,Recording,https://pillows.su/f/bec244839d4ecbde04251f804bc4568f
VULTURES 2,"North West - Bomb [V1]
(prod. Cruza, Noah Madrid, No ID, The Legendary Traxster & Welcome2tc)","Heard in one of the footages of Ye in Moscow on June 30, 2024. Differences are unknown, but North's Japanese vocals are already present. Seen on the leaked Elementary School Dropout tracklist in a now-deleted video from Saint's YouTube channel.",,,"Jun 30, 2024",Snippet,Recording,https://pillows.su/f/883815bce4b9095ac988f7d71ebe3321
VULTURES 1,"FUK SUMN PT. 2 [V1]
(feat. Playboi Carti & Quavo) (prod. ¥$, JPEGMAFIA, Timbaland, 88-Keys, Chrishan, SHDØW, AyoAA, Hubi, BBYKOBE & Che Pope)
(FUK SUMN (Remix))","Version with production from the original SHDØW version and additional production from JPEGMAFIA. Playboi Carti's verse has been replaced with a beatswitch including Quavo's verse, and Ye and Travis Scott's vocals have been removed. This version was teased by SHDØW as ""FUK SUMN PT.2"". Snippet posted by JPEGMAFIA to Instagram on February 23rd, 2024. Played by JPEGMAFIA at the Pitchfork Music Festival on March 7th, 2024. Played by JPEGMAFIA at the Outbreak Festival on June 28th, 2024.",,,"Jun 28, 2024",Partial,High Quality,"https://pillows.su/f/310daeab63c6d6b01208aa4ed8fd11dd
https://pillows.su/f/d44dd3eddeb56001c3d75d3249a6519b"
Free TC,Stick Around [V2],"Fully finished song from Free TC sessions, thought it could've been recorded in the sessions for Diddy's 2015 album, MMM. Beat was played by Diddy during a 3-hour long Kanye West So Help Me God voice memo. Snippet leaked June 22, 2024.",2:16,,"Jun 23, 2024",Full,CD Quality,Link Needed
VULTURES 2,"Rich The Kid - Gimme A Second 2 [V6]
(feat. Kanye West) (prod. Digital Nas & The Legendary Traxster)
(Give Me)","Version with additional lines on Ye's verse that would be replaced by Ty on release. Leaked June 20, 2024.",2:51,,"Jun 20, 2024",Full,High Quality,https://pillows.su/f/52e0af050e87704613940548c98f4044
Beach House 4 [V1],"⭐ I'm Not Afraid [V1]
(feat. Future) (prod. Metro Boomin)","Future and Ty track, likely from late 2022 due to references to Young Thug being locked up. The song was originally thought to be Future's, but it was likely Ty's song as it was later worked on during $ign Language 2 sessions. According to Ty, he loves his verse on this song.",4:05,,"Jun 17, 2024",Full,CD Quality,https://pillows.su/f/5b6e6138cb04f9b5e7af81165a7a4106
VULTURES 2,"Rich The Kid - Gimme A Second 2 [V2]
(feat. Kanye West) (prod. Digital Nas & The Legendary Traxster)
(Give Me)","Version with alternate production. Played by Rich The Kid on June 16, 2024.",,,"Jun 16, 2024",Snippet,Recording,https://pillows.su/f/79b10d60b039da593a4ff0c92daa99be
Dream House,"Teyana Taylor - SisqoSong [V2]
(ref. NOVA WAV) (prod. Kanye West)
(3Way)","OG Filename: NOVA SisqoSong V1 KW
NOVA WAV reference track for ""3Way"". Original snippet leaked June 6, 2024.",4:03,,"Jun 11, 2024",OG File,CD Quality,https://pillows.su/f/59dc49c686c7d276f884f131fd9b974e
¥$,"Street Lights [V10]
(feat. Freddie Gibbs) (prod. The Alchemist)","OG Filename: Street Lights MIX TEST.08_08
Version mixed by IRKO. Samples ""Piedras de Color"" by M.I.A. Features multiple finished verses from Freddie Gibbs and Ye. This version was thought to have been for YEBU, but Rodri would later confirm that this version is from ¥$ as IRKO started mixing songs during Italy sessions. Leaked as part of a groupbuy. Unknown if there's any other mix tests after this. Snippet leaked February 12, 2024.",4:56,"Oct 1, 2023","Jun 11, 2024",Full,CD Quality,https://pillows.su/f/674f5da8b2ee1b7c344c45e5735b634a
Free TC,Let It Go,Throwaway likely from Free TC sessions.,4:46,,"Jun 7, 2024",Full,CD Quality,https://pillows.su/f/3895a22fe9d9e4d16cc518e94baa5a44
VULTURES 1,"Field Trip [V3]
(feat. Don Toliver) (prod. Dez Wright & Wheezy)","Version of the Ye freestyle with a different instrumental arrangement. Snippet leaked June 6, 2024.",,,"Jun 6, 2024",Snippet,CD Quality,https://pillows.su/f/bdc0b2f907c74f7eaceed6ccc62500fb
Yandhi,"Kanye West & Chance the Rapper - Pets [V4]
(feat. Ant Clemons) (prod. ???)
(The Garden, Garden)",Early version of Pets with Ant vocals. Has a less developed instrumental than previous versions strangely. Found in the Dreezy Chakras zip.,17:58,,"Jun 4, 2024",Full,Recording,https://pillows.su/f/02459e439aeda6225eb45ba2e95a3896
Yandhi,"Kanye West & Chance the Rapper - Pets [V6]
(feat. Ant Clemons) (prod. ???)
(The Garden, Garden)","OG Filename: C800.33_53
17-minute long jam session of Chance, Ye, and Ant Clemons riffing on what would later become ""The Garden"". Likely still called ""Pets"" at this time. Features a speech from Ye about happiness. He also takes a phone call 3 minutes into it. Leaked in the Dreezy Chakras zip.",17:03,,"Jun 4, 2024",OG File,Recording,https://pillows.su/f/c161c9516c6d405e2662fe49056f5853
Beach House 4 [V1],"✨ Subtle [V1]
(feat. Daniel Daley) (prod. ???)","OG Filename: Ty$ - Subtle acoustic
Version that was thought to be a remix but is actually the original version of the song.",3:27,"Jan 18, 2022","Jun 4, 2024",OG File,CD Quality,https://pillows.su/f/a6c9ec233b556bd81d5e12ae44a7654a
Beach House 4 [V1],"Subtle [V2]
(feat. Daniel Daley) (prod. Ty Dolla $ign & Nineteen85)","OG Filename: subtle ty vibe3 
Track from 2022 featuring Daniel Daley of dvsn, though it's not related to their collaborative project. Cuts off early, but this is most likely a bouncing error as this is the full file.",1:08,"Jan 18, 2022","Jun 4, 2024",OG File,High Quality,https://pillows.su/f/be72c6b77551d3ed83e0c79eea845a65
Beach House 4 [V1],"Subtle [V4]
(feat. Daniel Daley) (prod. ???)","OG Filename: subtle 115bpm
Pitched-up version with house production.",2:17,"Apr 20, 2022","Jun 4, 2024",OG File,High Quality,https://pillows.su/f/62fb32835868e0b5aa6751b96216dc7e
Dream House,"Spicy [V1]
(prod. Ty Dolla $ign, damn james! & Westen Weiss)",Early solo version with a slightly different hook. Has a second Ty verse instead of a verse from YG or Post Malone and producer tags on the outro as well.,2:17,,"Jun 3, 2024",Full,High Quality,https://pillows.su/f/00b2e55bd1eb7156d22fdde5a53ada76
Featuring Ty Dolla $ign,"Buddy - All The Way [V18]
(feat. Ty Dolla $ign) (prod. BONGO ByTheWay)","OG Filename: AllTheWay_V.18 ty$ vox added march10
Version with backing vocals from Ty and a different mix on the hook not seen on release.",3:44,"Mar 10, 2020","Jun 3, 2024",OG File,CD Quality,https://pillows.su/f/ee916e9c122fdbdd98e007eb8c1712a6
Beach House 4 [V1],"Subtle [V3]
(feat. Daniel Daley) (prod. Ty Dolla $ign & Nineteen85)","OG Filename: subtle ty dvsn
Version that fixes the bouncing error from the previous version.",2:25,"Apr 13, 2022","Jun 3, 2024",OG File,CD Quality,https://pillows.su/f/0015eb6287b25f030001223721b61b99
VULTURES 2,"FIELD TRIP [V18]
(feat. Playboi Carti & Don Toliver) (prod. Dez Wright, EJ PARIS, SHDØW & Wheezy)","Version played by SHDØW on an Instagram livestream. Has a beatswitch and extra production. From December as it has the old Lil Durk verse. Another snippet leaked May 30, 2024.",,,"May 30, 2024",Partial,Recording,"https://pillows.su/f/613d1767cb489cc1245eeae900db79f5
https://pillows.su/f/5b2856226c22af63592c20aff98c9fde"
Free TC,"Kanye West - Fade [V11]
(feat. Ty Dolla $ign) (prod. Kanye West, Benji B, Charlie Handsome, Anthony Kilhoffer & MIKE DEAN)","OG Filename: Fade Stems @ 106 BPM
Has no Post Malone and beatbox Kanye drums.",2:57,"Aug 26, 2015","May 29, 2024",Full,Lossless,https://pillows.su/f/84dbc6a29dc0ec82e70da12b6c0724b3
Free TC,"Kanye West - Fade [V14]
(feat. Ty Dolla $ign & Lil Uzi Vert) (prod. Kanye West, Benji B, Charlie Handsome, Anthony Kilhoffer & MIKE DEAN)","OG Filename: uzi - fade idea
Version with Lil Uzi Vert vocals. Snippet leaked on May 26, 2024. Leaked after a successful groupbuy.",0:50,"Oct 14, 2015","May 29, 2024",OG File,CD Quality,https://pillows.su/f/45192e9fde0d1c710b799f164168359b
Free TC,"Kanye West - Fade [V15]
(feat. Ty Dolla $ign & Lil Uzi Vert) (prod. Kanye West, Benji B, Charlie Handsome, Anthony Kilhoffer & MIKE DEAN)","OG Filename: trav uzi fade
Version with better-mixed Uzi vocals. Leaked after a successful groupbuy.",2:57,"Oct 14, 2015","May 29, 2024",OG File,Lossless,https://pillows.su/f/6847d7e9c6f0860c427a9a09c054bc26
Free TC,"Kanye West - Fade [V16]
(ref. Miloh) (feat. Ty Dolla $ign) (prod. Kanye West, Benji B, Charlie Handsome, Anthony Kilhoffer & MIKE DEAN)","OG Filename: uzi fade (& miloh)
Miloh reference track. Leaked after a successful groupbuy.",2:57,"Oct 14, 2015","May 29, 2024",OG File,Lossless,https://pillows.su/f/50bd5eb26b332fd9e1537f1838ddf41f
VULTURES 1,"Take Off Your Dress [V11]
(prod. Scott Bridgeway & SHDØW)
(Papa Wanna See)","Solo Ye version with production similar to release. Played by SHDØW on Instagram Live on May 29th, 2024.",,,"May 29, 2024",Partial,Recording,https://pillows.su/f/9d6f455f75e7753b743e05bac3bbbb7d
VULTURES 1,"Worship [V10]
(feat. Chlöe & Leon Thomas) (prod. TryBishop, 88-Keys, Leon Thomas & SHDØW)","Version with alternate production from SHDØW. Played by SHDØW on stream March 29, 2024.",,,"May 29, 2024",Snippet,Recording,https://pillows.su/f/065665aeda5b0a72e9f33746797276c5
VULTURES 1,"???
(prod. SHDØW)","Unknown song played by SHDØW on stream May 29th, 2024.",,,"May 29, 2024",Snippet,Recording,https://pillows.su/f/9c104bd3ce7ceb3303c7f1a7ba01cbe8
VULTURES 2,"RIVER [V45]
(feat. Young Thug) (prod. Pi'erre Bourne, Digital Nas, Lamm, AyoAA & SHDØW)","Version with alternate production from SHDØW, said to be ""fully made in Poland"". Played by SHDØW on stream May 29th, 2024.",,,"May 29, 2024",Partial,Recording,https://pillows.su/f/6011265af829b2d51144e034e8b8a447
Beach House 4 [V2],"Kanye West - Problematic [V3]
(ref. Rooga) (prod. 88-Keys)
(Ceremony Freestyle)","OG Filename: Problematic - Ye Ref 1
Reference track with Ye mumble. Made sometime in 2023, but file was rebounced in 2024. Has no beatswitch. According to Monki this was recorded during Japan sessions. Apparently was sent to Bryson Gray to make Christian. Leaked during the ""Can U Be"" groupbuy.",3:42,,"May 26, 2024",OG File,CD Quality,https://pillows.su/f/9515e35f907912b7c2ae2ba62623e10d
¥$,"⭐ So Called Friends [V14]
(feat. Freddie Gibbs) (prod. Juicy J & Kanye West)","OG Filename: so called friends _58bpm_F#_R5_1
Song with finished verses from Ye, Ty, and Freddie Gibbs, seen on multiple ¥$-era tracklists. Freddie's verse was taken from his song ""Shangri La"", which was made prior to this song and would ultimately release on his album Alfredo 2.",3:51,,"May 26, 2024",OG File,CD Quality,https://pillows.su/f/00f626aae662781c817b91975e6bdca5
VULTURES 1,"FIELD TRIP [V9]
(feat. Don Toliver, Playboi Carti & Lil Durk) (prod. Dez Wright, Wheezy, EJ PARIS & AyoAA)","OG Filename: field trip 12.21.
Version with a different verse from Lil Durk and Ty's full verse. Leaked May 26, 2024, as a bonus to the ""Pressure"" groupbuy.",5:18,"Dec 21, 2023","May 26, 2024",OG File,CD Quality,https://pillows.su/f/c8b5899b69970ea9d8841b94c0bc6a9d
VULTURES 2,"Future & Metro Boomin - LIKE THAT (Remix) [V1]
(feat. Kanye West) (prod. Metro Boomin)
(LIKE THAT REMIX, LIKE THAT)","First version of the remix, using the original song's instrumental, lacking Ty vocals, and with some additional and different lines from Ye and adlibs that would be cut from release. Unknown if Kendrick is on this version. Interpolates ""Celebration"" by Kanye West. First previewed by Adam22 on April 20, 2024. Snippets leaked May 20 and May 26, 2024.",,,"May 26, 2024",Partial,High Quality,"https://pillows.su/f/ef5e69835b1477ab2ecc5d5575e93a97
https://pillows.su/f/50324ec9769b02aff9d0810282fd989b
https://pillows.su/f/fd067c4aec59cfc67333508610f2ad0a"
¥$,"Fuk Sumn [V15]
(ref. Quavo) (feat. Playboi Carti) (prod. BBYKOBE & AyoAA)
(Fuck Sum, Smokin' On Junt)","According to Alek, Quavo's verse was originally intended to be a reference for Ye. Snippet leaked November 15th, 2023.",3:25,,"May 21, 2024",Full,CD Quality,https://pillows.su/f/352355aea0ae47b38438d8a4e16ee402
$ign Language 2,"⭐ Smokin' On Junt [V2]
(prod. BBYKOBE)
(Fuck Sum, Fuk Sumn)","OG Filename: smokin on junt - TY - JJ Vocals Rev 1
Original version of the song that was intended for $ign Language 2, featuring a different chorus, a full verse from Ty, and a verse from Juicy J. Snippet leaked January 15th, 2024. Mono file leaked May 19th, 2024, after a groupbuy.",2:03,,"May 19, 2024",OG File,Lossless,https://pillows.su/f/5036715855223383ae64cc4635c9e38c
¥$,"Fvk Smn [V12]
(ref. Bump J) (prod. BBYKOBE)
(Fuk Sumn, Fuck Sum, Smokin' On Junt)","OG Filename: bj fvk smn
Bump J reference track with an alternate Ty verse based on BBYKOBE's reference track. Snippet leaked January 15th, 2024.",2:30,"Oct 4, 2023","May 19, 2024",Full,Lossless,https://pillows.su/f/f702b36eee7e5fafbfa2118279caff55
¥$,"Fuk Sumn [V13]
(ref. Quavo) (feat. Playboi Carti) (prod. BBYKOBE & Juicy J)
(Fuck Sum, Smokin' On Junt)","According to Luit, this acapella is used on a ""Quavo Carti version"". Playboi Carti's acapella leaked May 19th, 2024.",3:05,"Oct 7, 2023","May 19, 2024",Partial,Lossless,https://pillows.su/f/fb2c77e49d007c1924e97bcd3045397a
Yandhi,"Kanye West - XXX [V16]
(feat. Kid Cudi, XXXTENTACION, Ty Dolla $ign, Ant Clemons, tizhimself & Andrew Dawson) (prod. RONNY J, tizhimself, BoogzDaBeast, FNZ, MIKE DEAN & Andrew Dawson)
(The Storm, Jeet, Everything We Need, We Begin After The Storm Inside)","OG Filename: XXX Dawson Chords in final CH
Version with additional production from Andrew Dawson on the outro. Leaked May 18, 2024.",3:19,,"May 18, 2024",OG File,CD Quality,https://pillows.su/f/b8b657a22c3f350b9781a72dbb8ba115
VULTURES 2,"NIGHTS ON THE MOON [V3]
(prod. 88-Keys, Wentz, Digital Nas & Hubi)","Snippet posted by Travis Scott to Instagram on May 9th, 2024, captioned ""YE AND THE JACK"", as promotion for his CJ1 shoe restock.",,,"May 9, 2024",Snippet,High Quality,https://pillows.su/f/14827a6b26afcd72d20fd602aa18f9da
VULTURES 2,"Nico Baran - CAT N MOUSE
(prod. Nico Baran)","OG Filename: NICO BARAN CAT N MOUSE 140
Original loop for that would be used for ""PAY PER VIEW"". Snippet posted by Nico Baran to Instagram on May 5, 2024.",~0:24,,"May 5, 2024",Partial,High Quality,https://pillows.su/f/fda480fb29453df6711f6236a9c27a91
VULTURES 2,"Rich The Kid - Gimme A Second 2 [V1]
(feat. Kanye West) (prod. Digital Nas & The Legendary Traxster)
(Give Me)","Version with alternate production. Snippet leaked May 5, 2024.",,,"May 5, 2024",Snippet,Recording,https://pillows.su/f/c4238d9c8ed0d6371366aa58544737f2
VULTURES 2,"FIELD TRIP [V17]
(feat. Playboi Carti & Don Toliver) (prod. Dez Wright, EJ PARIS, Wheezy & AyoAA)","Sped up version played at an Abu Dhabi event. It's unknown if Durk is still on the song. Likely has the second Carti verse from the Chase Center version, since the extra adlibs are present during the last heard chorus. Thought to have an ""extended tag"", but this is just an effect from the DJ.",,,"Apr 27, 2024",Partial,Recording,https://pillows.su/f/862307ebed3525aee0703a457f81fe0f
VULTURES 2,"FRIED [V15]
(feat. The Hooligans) (prod. Chrishan, Ojivolta, Oscar Adler, Outtatown & TheLabCook)
(BLEED IT)",Version played in an Abu Dhabi event. Seemingly has added adlibs.,,,"Apr 27, 2024",Partial,Recording,https://pillows.su/f/a6a8ebe73a63741f41ed3424b46bd637
VULTURES 2,"LIKE THAT REMIX [V3]
(feat. Future & The Hooligans) (prod. Metro Boomin, Kanye West & The Legendary Traxster)
(LIKE THAT (Remix), LIKE THAT)","Version with the Eazy sample briefly playing before The Hooligans start. Otherwise, this version is the same same as release. According to insiders, the remix was intended to be a single for VULTURES 2, but these plans were scrapped. Played on the Justin Laboy ""The Download"" interview.",,,"Apr 21, 2024",Partial,High Quality,https://pillows.su/f/2986c1f5e69b99b40f8331ea29291432
VULTURES 2,"FIELD TRIP [V16]
(feat. Playboi Carti, Don Toliver, Lil Durk & Kodak Black) (prod. AyoAA, Chrishan, Dez Wright, EJ PARIS, The Legendary Traxster, Wheezy & Ojivolta)","Version played at Ty Dolla $ign's birthday event on April 13, 2024. Kodak Black's verse is now placed over the beatswitch section of the song. It's unknown if the song has Ye vocals at this point.",,,"Apr 13, 2024",Snippet,Recording,https://pillows.su/f/5690917186824a0bebeeab407920fc14
Airplane Mode 2 [V1],"Designer Drugs [V1]
(feat. Chris King) (prod. damn james!)","Original version recorded during the Airplane Mode 2 session. Snippet posted by Chris King to Instagram on April 11, 2024.",,"Aug 19, 2023","Apr 11, 2024",Snippet,Recording,https://pillows.su/f/dadf3b9e6aa1b9bd9e39f40aaa43b5a9
Airplane Mode 2 [V1],"damn james! - ??? [V1]
(prod. damn james!)
(None Like U)","Original instrumental which Ty and Chris King can be heard freestyling over to develop a flow for the song. Snippet posted by Chris King to Instagram on April 11, 2024.",,,"Apr 11, 2024",Snippet,Recording,https://pillows.su/f/6399c306b7d5d0906884e8b1d236a62e
Airplane Mode 2 [V1],"damn james! - ??? [V1]
(prod. damn james! & Di$)
(Purple In My Punch, Purple Punch)","Original instrumental. Snippet posted by Chris King to Instagram on April 11, 2024.",,,"Apr 11, 2024",Snippet,Recording,https://pillows.su/f/09318d541194053c4a5d149806f3fd5a
Airplane Mode 2 [V1],"Chris King - Purple In My Punch [V2]
(feat. Ty Dolla $ign) (prod. damn james! & Di$)
(Purple Punch)","Footage of Ty and Chris King recording for the song, including different lines and vocal takes. Snippet posted by Chris King to Instagram on April 11, 2024.",,"Aug 19, 2023","Apr 11, 2024",Snippet,Recording,https://pillows.su/f/2662e43f1cb13d4a6327117441033491
Airplane Mode 2 [V1],"Chris King - Purple In My Punch [V3]
(feat. Ty Dolla $ign) (prod. damn james! & Di$)
(Purple Punch)","Original version recorded during the Airplane Mode 2 session. The song was teased by Chris King as ""'PURPLE IN MY PUNCH' by @whoischrisking feat. @tydollasign"". The producer tags on the intro have a different placement compared to later versions. Snippet posted by Chris King to Instagram on April 11, 2024.",,"Aug 19, 2023","Apr 11, 2024",Partial,Recording,https://pillows.su/f/5adf47f64e47f4f099b0a02061d4645c
¥$,"Time [V13]
(prod. Nathan Butts, Azul Wynter & AyoAA)
(Time Moving Slow, Time Movin' Slow, Time Moves Slow)","OG Filename: time v2 3
Version with rougher mixing and Ye doing an Ice Spice-esque 'grah' sound. Snippet leaked April 1, 2024.",,,"Apr 1, 2024",Snippet,CD Quality,https://pillows.su/f/3ecf16221f28d0ac36ac4f1b4d52a7d8
VULTURES 1,"BEG FORGIVENESS [V23]
(feat. Chris Brown) (prod. Digital Nas & SHDØW)","Version with additional production. Played by SHDØW on stream March 29, 2024.",,,"Mar 29, 2024",Snippet,Recording,https://pillows.su/f/ae296f5dbcb74b10eebf324149e75029
VULTURES 2,"FIELD TRIP [V15]
(feat. Don Toliver) (prod. Dez Wright, EJ PARIS, Wheezy & AyoAA)",Version with only Ty and Don Toliver. Played during Don's set at Rolling Loud California 2024.,,,"Mar 17, 2024",Partial,High Quality,https://pillows.su/f/fc91f2f1ba672b9f9e2b2dc711de1ba9
VULTURES 1,"Field Trip [V8]
(feat. Playboi Carti, Don Toliver & Lil Durk) (prod. Dez Wright & Wheezy)","This particular version is from December 2023. Does not have a Ye verse. Original snippets leaked February 13, 2024, and another snippet with more of Don Toliver's vocals was posted by Lidestyworld on X/Twitter later. Other snippet leaked March 5, 2024, and was played by Wheezy on an Instagram Live March 15, 2024.",,,"Mar 15, 2024",Snippet,CD Quality,"https://pillows.su/f/468cb0402cb771aa37ba8510e3ae24d1
https://pillows.su/f/f6a1de0a7aa536181dfaeab2ed9728a0
https://pillows.su/f/4bba3829301a3a4c1c5db16f7d6ceb0c
https://pillows.su/f/da4daaf2bfcb71e49a218942d1195cb3"
VULTURES 1,"FUK SUMN (Remix) [V2]
(feat. Playboi Carti, Travis Scott & Quavo) (prod. ¥$, JPEGMAFIA, Timbaland, 88-Keys, Chrishan, SHDØW, AyoAA, Hubi, BBYKOBE, Che Pope & The Legendary Traxster)
(FUK SUMN PT. 2)","Version with less production and an identical structure to release, but with Quavo's verse added onto the outro. Played at the VULTURES Phoenix LP on March 10th, 2024. Played at the ¥$ Rolling Loud set on March 14th, 2024.",,,"Mar 14, 2024",Partial,Recording,"https://pillows.su/f/9d9ce30dcda550ddf6e9662cdaf8903a
https://pillows.su/f/e9e7700ea1d7d1638c422c88384ec045"
VULTURES 2,"PROMOTION [V17]
(feat. Future) (prod. AyoAA, KrishnaMusic, London on da Track, The Legendary Traxster & Deaton Chris Anthony)","Version with alternate production from Deaton Chris Anthony. Leaked March 13, 2024.",2:45,,"Mar 13, 2024",Full,CD Quality,https://pillows.su/f/ad08cf047bdb9ebf8dbe5801209b0b9a
VULTURES 2,"FIELD TRIP [V14]
(feat. Playboi Carti, Don Toliver, Lil Durk & Kodak Black) (prod. Dez Wright, EJ PARIS, Wheezy, AyoAA & The Legendary Traxster)","Version played at the Chase Center listening event and at Rolling Loud. Has an added verse from Kodak Black, and a second Carti verse which was cut early. Has new Carti adlibs. Has no Portishead drums",,,"Mar 12, 2024",Partial,Recording,https://pillows.su/f/20ac2d8bb17d84d24242a9c0640c8fd1
VULTURES 2,"MATTHEW [V8]
(feat. North West & Charlie Wilson) (prod. 88-Keys)
(MATTHEW 5:16)","Played at the VULTURES San Francisco LP on March 12, 2024.",,,"Mar 12, 2024",Partial,Recording,https://pillows.su/f/4d2565df16036a6088bb0211f1154b17
VULTURES 1,"BEG FORGIVENESS [V34]
(feat. Chris Brown & The Hooligans) (prod. Kanye West, London on da Track, Digital Nas, JPEGMAFIA & Anthony Kilhoffer)","Version with vocals from The Hooligans. Played at the VULTURES Phoenix LP on March 10, 2024.",,,"Mar 10, 2024",Partial,Recording,https://pillows.su/f/92c60198fbda53d7875b3aecd2e805ae
Beach House 4 [V2],"Promotion [V4]
(feat. Future) (prod. London on da Track)
(Gorgeous)","Version with additional vocals from earlier versions, but with alternate production that would be used on later versions of the song. Snippet leaked March 9, 2024.",,,"Mar 9, 2024",Snippet,CD Quality,https://pillows.su/f/23270a5168262276b4faffd90d2461c4
VULTURES 2,"BELIEVER [V10]
(prod. Adam Vadel, JPEGMAFIA & BoogzDaBeast)","Version similar to release. Played at the VULTURES 2 Los Angeles LP on March 9th, 2024.",1:26,,"Mar 9, 2024",Full,Recording,https://pillows.su/f/468be0d6758954f8b8b66c51dd09d362
VULTURES 2,"DEAD [V12]
(feat. Future & Lil Durk) (prod. ATL Jacob)","Version with Ye's controversial lines about Jewish people removed from his verse. Snippet posted by Aus Taylor to Instagram on February 20, 2024. Played at the private VULTURES 2 Los Angeles LP on March 9, 2024.",3:57,,"Mar 9, 2024",Full,Recording,https://pillows.su/f/7445f9e2d01e61dafc64422961cfff74
VULTURES 2,"FIELD TRIP [V12]
(feat. Playboi Carti, Don Toliver & Lil Durk) (prod. Dez Wright, EJ PARIS, Wheezy & AyoAA)","Played during the private LA listening party for VULTURES 2 on March 9, 2024. No Ye verse was played however it was cut off early. Same version played in Phoenix. It's been said by Luit that a Ye verse does exist on the beatswitch of the song, but that it is a freestyle.",,,"Mar 9, 2024",Partial,Recording,https://pillows.su/f/26d8107488de976722d1df045d25faeb
VULTURES 2,"FRIED [V12]
(feat. The Hooligans) (prod. Chrishan, Ojivolta, Oscar Adler, Outtatown & TheLabCook)
(BLEED IT)",Version played at the LA private listening event. Has different sequencing.,1:35,,"Mar 9, 2024",Full,Recording,https://pillows.su/f/5e298e39a54c5a17ef40b42745f69989
VULTURES 2,"VAGABOND [V1]
(feat. 070 Shake)
(INTRO)","Played at the VULTURES 2 LA LP on March 9, 2024.",,,"Mar 9, 2024",Partial,Recording,Link Needed
VULTURES 2,"MY SOUL [V24]
(feat. Todd Rundgren & Sunday Service Choir) (prod. 88-Keys, BoogzDaBeast, Camper, FNZ, Rory Noble, Ty Dolla $ign & Kanye West) 
(FIGHTING FIRES, FIGHTIN' FIRE, FAITHFUL)","Played at the VULTURES 2 Los Angeles LP on March 9, 2024.",,,"Mar 9, 2024",Partial,Recording,https://pillows.su/f/9c2b47767aa15febdc91ccd15a043118
VULTURES 2,"PAY PER VIEW [V3]
(feat. Project Pat) (prod. Juicy J, DJ Paul, Nico Baran & The Legendary Traxster)","Version with Project Pat's verse cut down, Ty's vocals re-recorded, and the outro from ""Dis Bitch Dat Hoe"", as well as a shorter open verse for Ye. The song was commonly nicknamed ""Poppin"" before its title was revealed. Played at the VULTURES 2 Los Angeles LP on March 9, 2024.",2:36,,"Mar 9, 2024",Full,Recording,https://pillows.su/f/0c5e2decfaab9df70cfa37311a735806
VULTURES 2,"RIVER [V48]
(feat. Young Thug) (prod. Pi'erre Bourne, Digital Nas, Lamm, AyoAA & London on da Track)","Played at the VULTURES 2 Los Angeles LP on March 9, 2024.",3:19,,"Mar 9, 2024",Full,Recording,https://pillows.su/f/c28be3e47d04690e97c0be4ad90fcd39
VULTURES 2,"TAKE OFF YOUR DRESS [V12]
(prod. Scott Bridgeway & SHDØW)
(PAPA WANNA SEE)","Solo Ye version. Played at the VULTURES 2 Los Angeles LP on March 9, 2024.",2:44,,"Mar 9, 2024",Full,Recording,https://pillows.su/f/ed3ee610052ae31ecf5dcb52713fe582
VULTURES 2,"YE ABOUT MINE [V6]
(feat. Rich The Kid, Takeoff & YoungBoy Never Broke Again) (prod. Buddah Bless)
(MOTION, LET ME CHILL OUT)","Played at the VULTURES 2 Los Angeles LP on March 9, 2024.",,,"Mar 9, 2024",Partial,Recording,https://pillows.su/f/74ffc06003d6055a4b208a8e9bf7dc98
VULTURES 2,"🏆 ??? [V4]
(prod. JPEGMAFIA)
(GONE, STARLIGHT, EVERY WAY)","Solo Ty song with production from JPEGMAFIA. The song was thought to be named ""STARLIGHT"", but this was proven to be false. Samples ""Bonafide Love"" by Buju Banton and Wayne Wonder and ""My Wish"" by Beres Hammond and Buju Banton. Played during the VULTURES 2 Los Angeles LP on March 9, 2024.",,,"Mar 9, 2024",Partial,Recording,https://pillows.su/f/e0b59cf728346a5ac16542e6aac4eaea
VULTURES 1,"PAID [V32]
(feat. K-Ci) (prod. Kanye West, Anthony Kilhoffer, Stryv, Chrishan, Wax Motif & JPEGMAFIA)
(GET PAID)","Version with alternate production from JPEGMAFIA. Played by JPEGMAFIA at the Pitchfork Music Festival in Mexico on March 7, 2023.",3:26,,"Mar 7, 2024",Full,Recording,https://pillows.su/f/73dd437b5907e3bb31e7238cf3a5cec6
VULTURES 1,"CARNIVAL [V24]
(feat. The Hooligans, Rich The Kid & Playboi Carti) (prod. ¥$, Digital Nas, Ojivolta, TheLabCook & The Legendary Traxster)
(HONOR ROLL, HOOLIGANS)","Updated version that adds a sample of a Spanish guy screaming ""Puro pinche carnival y no mamadas"". Played at the VULTURES 1 France and Italy LPs. Snippet leaked March 5, 2024.",4:25,,"Mar 5, 2024",Full,Recording,"https://pillows.su/f/22b692c40a610071070452fe1e355847
https://pillows.su/f/3391dc63a712bff57aab25deeee964c2"
Beach House 3,"CyHi - Model [V7]
(feat. Kanye West & Ty Dolla $ign) (prod. Noah Goldstein)
(Model Type, You Ain't No Model)","OG Filename: Model- REF 03.06.18
A version of ""You Ain't No Model"" from 2018. Intended for a CyHi project, possibly the 7-track Kanye-produced album he was initially planned to have release alongside Pusha T, Nas and Teyana Taylor's. Samples ""A Lifetime"" by Brothers Of Soul. Leaked as a bonus for the ""Welcome To My Life"" groupbuy but was purposely bounced in low quality in the sessions because the buy did not finish in time for this version to leak in CDQ. CDQ snippet was leaked on 3/4/2024.",5:07,"Mar 6, 2018","Mar 4, 2024",Full,Low Quality,"https://plwcse.top/f/8025f4503fc8eaea2d9b34a2144dbf01
https://plwcse.top/f/05d6aaeb1579cfcc1a27e532e841e21a
https://plwcse.top/f/6fecb87a1107c2515c05aaa75e4373b0"
Beach House 4 [V1],"CyHi - Model [V11]
(feat. Kanye West & Ty Dolla $ign)
(Model Type, You Ain't No Model)","2022 version. Has completely new CyHi verses and 3 beatswitches, one of them being a Jersey club beatswitch over the Ty Dolla $ign part. The Ty Dolla $ign mumble from previous versions has also been cut out. This also could be one of the songs CyHi mentioned that Ye was featured for his upcoming album. Original snippet leaked September 23, 2023, and two others March 4, 2024.",,,"Mar 4, 2024",Snippet,CD Quality,"https://pillows.su/f/538f8746670ec24e5cee0f3f577e1874
https://pillows.su/f/ad99076fa7d236c013f9a3493493ffb1
https://pillows.su/f/f2e70c2a71e357ba315aa63b672bcfdd"
VULTURES 1,"King [V6-V?]
(prod. Digital Nas)
(Still The King)","Version with Digital Nas production. In the video DN wrote ""Demo 1"", so there are likely more versions. Unknown when made.",,,"Mar 4, 2024",Snippet,Recording,https://pillows.su/f/1de0d41ff317095494195bdc130599f0
VULTURES 2,???,"Snippet of Ty recording in the studio posted to Instagram by French Montana on March 3, 2024, captioned ""Back to work @tydollasign @ye Vultures 2 coming soon"". According to Pop, the song does not feature French Montana. The song was originally thought to have been ""Back Outside"", but this was proven to be false.",,"Mar 3, 2024","Mar 3, 2024",Snippet,Recording,https://pillows.su/f/8eac1f5c3b7d1ab81766b093f51d59b9
Beach House 4 [V1],"Kanye West - I Let Go [V9]
(prod. Digital Nas & Ojivolta)","OG Filename: I Let Go - 21.06.22 Ref Match_Trim End
Found in a 2020-2021 copy of Donda. Has different delay effects.",2:49,"Jun 22, 2021","Feb 25, 2024",OG File,CD Quality,https://pillows.su/f/df0da85fb8647b99117807f37cb7a1cc
VULTURES 1,"Timbo Freestyle [V5]
(prod. Kanye West, VEYIS, Timbaland, Hubi, SHDØW & Vinnyforgood)
(Keys To My Life)","OG Filename: Timbo - Track 12
Played at the Vultures City afterparty on December 15th, 2023. Snippet leaked December 18th, 2023.",2:51,,"Feb 25, 2024",OG File,Lossless,https://pillows.su/f/d64d66d12e1fd6fbc2d8b0b9f052dcae
VULTURES 1,"So Good [V15]
(prod. Kanye West, No ID & London on da Track)
(Good (Don't Die))","OG Filename: So Good LONDONADDS V1B
Full version with alternate production from London on da Track.",2:27,"Dec 14, 2023","Feb 24, 2024",OG File,Lossless,https://pillows.su/f/d001ce787a12cc1b4bc6962f1bdc06cb
VULTURES 1,"Timbo Freestyle [V6]
(prod. Kanye West, VEYIS, Timbaland, Hubi, SHDØW, Vinnyforgood & London on da Track)
(Keys To My Life)","OG Filename: Timbo LONDON ADDS
Version with additional production from London on da Track.",2:51,"Dec 14, 2023","Feb 24, 2024",OG File,Lossless,https://pillows.su/f/454d6e9f4a1db76547a684e8339396a8
Beach House 4 [V1],"Tyler, The Creator - WUS YA NAME [V2]
(feat. YoungBoy Never Broke Again & Ty Dolla $ign) (prod. Tyler, The Creator)
(WUSYANAME)","OG Filename: 01 Tyler Wus Ya Name NHMPMix1 Feat. NBA Yung Boy and Ty 
Original version of ""WUSYANAME"" with an alternate outro, worse mixing, offbeat vocals, production differences and without DJ Drama.",2:02,,"Feb 22, 2024",OG File,CD Quality,https://pillows.su/f/66b931ea4b03d23ca51f5a891986e6f1
Beach House 4 [V2],"Kanye West - Ticket To Heaven [V2]
(prod. John Cunningham)
(Heaven)","OG Filename: Ticket to heaven - Ye freestyle.01
More finished version. Samples the ""This is my eternal soul"" line from ""God Is"". alongside the beat (which is AI extracted). Was mentioned by Ali Alexander when he said that he ""heard YE remixing [""God Is""]"". Original snippet leaked February 17, 2023.",2:49,"Dec 4, 2022","Feb 15, 2024",OG File,CD Quality,https://pillows.su/f/616c96744510c01a05fed15b0405e63c
VULTURES 1,"HOODRAT [V25]
(prod. Kanye West, 88-Keys, Camper & London on da Track)
(HOOD RAT)","OG Filename: HOODRAT M9 FLATTEN LOTT
Post-release mix described by Digital Nas to be ""not good"". Played by London on da Track on stream February 13, 2024.",,,"Feb 13, 2024",Partial,Recording,https://pillows.su/f/32f5c03ba681327918167c6b7b865df3
¥$,"Back To Me [V14]
(prod. Zach Frenes, Wax Motif, Nic Nac, Count Bassy, Kanye West, AyoAA, 88-Keys & Camper)
(Back 2 Me, Cheesecake)","Version with additional piano from Camper. Video of the song playing in the studio was posted on February 10, 2024.",,,"Feb 10, 2024",Snippet,Recording,https://pillows.su/f/f45624c082a18ab9c5cc0308a7657e79
¥$,"Papa Wanna See [V1]
(prod. Scott Bridgeway)
(See, Take Off Your Dress)","OG Filename: See -PAPA WANNA SEE 112_g#m
Mumble Ye freestyle from a freestyle session on September 24th, 2023. Played at the Vultures City afterparty on December 15th, 2023, directly after the finished version of the song.",2:17,"Sep 24, 2023","Feb 10, 2024",Full,CD Quality,https://pillows.su/f/632dbe7c179ec28d725fd96088f7c244
VULTURES 1,"EVERYBODY [V20]
(feat. Charlie Wilson & Lil Baby) (prod. Kanye West, will.i.am & Timbaland)","Played at the VULTURES 1 New York LP on February 9, 2024.",3:54,,"Feb 9, 2024",Partial,Recording,https://pillows.su/f/c77da61b050ed583d06a01209701d9b4
¥$,"Paperwork [V16]
(ref. Quavo) (prod. 88-Keys)","OG Filename: Paperwork - r9
Version with a Quavo verse and pitched-up mumble Ye vocals. Quavo's verse would later be used for Ye's verse on release and Ty's released verse would be based on Ye's mumble from this version. Quavo's adlibs and one line on his verse would be reused on release.",2:03,,"Feb 8, 2024",Full,CD Quality,https://pillows.su/f/51999fd0c9e4c9a4dcecf3b874d63d3f
¥$,"So Good [V5]
(prod. Kanye West & No ID)
(Good (Don't Die))","OG Filename: so good - ref 1.1
Version with different chopping of the sample at some points. Lacks J.Rey Soul's vocals. Leaked February 8, 2024.",2:27,"Oct 5, 2023","Feb 8, 2024",Full,Lossless,https://pillows.su/f/a4b4cfeca387169752df64fd300e7eea
¥$,"Stars [V9]
(feat. Camper) (prod. FNZ & Camper)
(Up In The Stars)","OG Filename: stars - ref 3_OV_62bpm_
Version with different vocals on the hook and guitar on the outro taken from the original version of the song. Includes an open verse.",2:50,,"Feb 8, 2024",Full,CD Quality,https://pillows.su/f/cad243e31007aed170eddad387da1d3c
VULTURES 1,"BACK TO ME [V19]
(feat. Freddie Gibbs, Quavo & 88-Keys) (prod. Zach Frenes, Wax Motif, Nic Nac, Count Bassy, Kanye West, AyoAA & 88-Keys)
(Back 2 Me, Cheesecake)","Version with a different structure. The Urkel soundbite is removed and the ""Run"" adlib is replaced by 88-Keys' interpolation instead of the actual sample. Played at the Chicago LP for VULTURES 1 on February 8, 2024.",4:56,,"Feb 8, 2024",Full,High Quality,https://pillows.su/f/8e09d688cd764c382c069bab72b03fd2
VULTURES 1,"BEG FORGIVENESS [V24]
(feat. Chris Brown) (prod. Kanye West, London on da Track, Digital Nas, JPEGMAFIA & Anthony Kilhoffer)","Played at the VULTURES 1 Chicago LP on February 8, 2024.",6:09,,"Feb 8, 2024",Full,High Quality,https://pillows.su/f/a8a30b65ee1d6a4efb7424ec6f6dfbf7
VULTURES 1,"BURN [V14]
(prod. Kanye West, Leon Thomas, The Legendary Traxster, Azul Wynter, Chrishan & Rissi)
(DANGEROUS)","Version with additional Ye vocals and different drums. Played at the Chicago listening party on February 8, 2024.",1:56,,"Feb 8, 2024",Full,High Quality,https://pillows.su/f/bc1031315cb93bacb0fa9cdb3d4bdffe
VULTURES 1,"CARNIVAL [V12]
(feat. The Hooligans, Rich The Kid & Playboi Carti) (prod. ¥$, Digital Nas, Ojivolta, TheLabCook & The Legendary Traxster)
(HONOR ROLL, HOOLIGANS)","Similar to release, but with the ""Iron Man"" sample. Played at the VULTURES 1 Chicago LP on February 8, 2024.",4:25,,"Feb 8, 2024",Full,Recording,"https://pillows.su/f/ebfe897ed605eafe1eecb04c0eb69dfa
https://pillows.su/f/2e515323f4be8a2a92427f127819cd82"
VULTURES 1,"DO IT [V7]
(feat. YG) (prod. Kanye West, Chrishan, Cubeatz, DTP, LukasBL, Mustard & Wheezy)","Version played at the Chicago listening party. Contains an evolved instrumental. Intro has a short Nipsey Hussle verse stemming from unreleased song ""I Just Wanna Know"". New Ty$ line in Ye's verse, which was also re-recorded. Beat switch samples ""Back That Azz Up"" - Juvenile.",4:01,,"Feb 8, 2024",Full,High Quality,https://pillows.su/f/7e92d73696638a5cb14b895974980be6
VULTURES 1,"EVERYBODY [V19]
(feat. Charlie Wilson & Lil Baby) (prod. Kanye West, will.i.am & Timbaland)","Played at the VULTURES 1 Chicago LP on February 8, 2024.",3:55,,"Feb 8, 2024",Full,High Quality,https://pillows.su/f/f82ac8cc7a352ceeb1d281eb17e0806a
VULTURES 1,"FUK SUMN [V30]
(feat. Playboi Carti & Travis Scott) (prod. ¥$, JPEGMAFIA, Timbaland, 88-Keys, Chrishan, SHDØW, AyoAA, Hubi, BBYKOBE, Che Pope & The Legendary Traxster)
(FUCK SUM, SMOKIN' ON JUNT)","Played at the VULTURES 1 Chicago LP on February 8th, 2024.",3:27,,"Feb 8, 2024",Full,High Quality,https://pillows.su/f/98e3594c6e15fa0df56e98b6e5d74b8e
VULTURES 1,"SO GOOD [V16]
(prod. Kanye West, ​will.i.am, Johnny Goldstein & No ID)
(GOOD (DON'T DIE))","Played at the Chicago listening party. Similar to the release version, but without the sample replay.",3:33,,"Feb 8, 2024",Full,High Quality,https://pillows.su/f/afba6ccecaed363a71eece1ae29d91fe
VULTURES 1,"HOODRAT [V17]
(prod. Kanye West, 88-Keys & Camper)
(HOOD RAT)","Version with additional Ye vocals on the first verse that would be covered by Ty on release. Played at the VULTURES 1 Chicago LP on February 8, 2024.",3:45,,"Feb 8, 2024",Full,High Quality,https://pillows.su/f/3bd75893d1e17f84ee65a619c6d7c599
VULTURES 1,"KEYS TO LIFE [V14]
(feat. India Love, Faouzia & ???) (prod. Kanye West, VEYIS, Timbaland, Hubi, SHDØW & Vinnyforgood)
(KEYS TO MY LIFE, TIMBO FREESTYLE)","OG Filename: Keys To Life Traxster v6 YE Long 
Version similar to what was played during the Chicago listening party. Has alternate production and an alternate sample chop, along with an outro done by India Love.",3:04,"Jan 22, 2024","Feb 8, 2024",OG File,CD Quality,https://pillows.su/f/aec873dcc636903150d150c4c3016acc
VULTURES 1,"KEYS TO MY LIFE [V16]
(feat. India Love, Faouzia & ???) (prod. Kanye West, VEYIS, Timbaland, Hubi, SHDØW & Vinnyforgood)
(TIMBO FREESTYLE)","Played at the VULTURES 1 Chicago LP on February 8th, 2924.",2:57,,"Feb 8, 2024",Full,High Quality,https://pillows.su/f/16f64668bcceeda4c97123eb193c31c4
VULTURES 1,"KING [V14]
(prod. Kanye West, Lester Nowhere, Wheezy, Dez Wright, 88-Keys & JPEGMAFIA)
(STILL THE KING)","Played at the Chicago listening party. Fully finished song about Ye overcoming his controversies. Stream was cut short due to non-sporting curfew rules in Chicago, so we don't have a full HQ rip, but there is a full recording linked alongside the partial version.",,,"Feb 8, 2024",Partial,High Quality,"https://pillows.su/f/6bf7737d4ea8fb06ba2f55e4c6507384
https://pillows.su/f/a16b26a93f261c28c0edffdacacc520d"
VULTURES 1,"PAID [V34]
(feat. K-Ci) (prod. Kanye West, Anthony Kilhoffer, Stryv, Chrishan & Wax Motif)
(GET PAID)","Played at the VULTURES 1 Chicago LP on February 8, 2024. Has a different structure, re-recorded K-Ci vocals and a more finished Ye verse.",3:14,,"Feb 8, 2024",Full,High Quality,https://pillows.su/f/8a2c09e3c3f816fc878a34472650045a
VULTURES 1,"PAPERWORK [V25]
(feat. Quavo) (prod. Kanye West, Digital Nas, The Legendary Traxster, 88-Keys & Swizz Beatz)",Played during the VULTURES 1 Chicago LP.,2:35,,"Feb 8, 2024",Full,High Quality,https://pillows.su/f/d100b3d42496aec59435e7cdb4effedf
VULTURES 1,"PROBLEMATIC [V12]
(prod. Kanye West, 88-Keys, Chad Hugo, Camper & Ty Dolla $ign)
(Ceremony Freestyle)","Played at the Chicago listening party. Track nicknamed as ""Leader Of The Vatican"", until shown to be named ""Problematic"". Doesn't have the low quality release line 'Throw your motherfucking hands' and instead Ye says 'I do it for my fam'.",3:14,,"Feb 8, 2024",Full,High Quality,https://pillows.su/f/a7dca006f827c30285408fe1731fd7eb
VULTURES 1,"VULTURES (Havoc Version) [V1]
(feat. Lil Durk & Bump J) (prod. Havoc, The Legendary Traxster, London on da Track & Dson Beats)","OG Filename: vulture bass - 73 BPM london x dson 1
Version with alternate production, including heavier bass and drums from the non-Havoc version. Leaked February 8, 2024.",4:36,,"Feb 8, 2024",OG File,CD Quality,https://pillows.su/f/1defc56497cb56f70e6006ec41523067
Beach House 4 [V2],"Kanye West - Hood Rat [V1]
(prod. 88-Keys)
(Hoodrat)",An earlier version than the April version shown in Fivio Foreign's documentary. Said by Alek to just be an instrumental.,,,"Feb 7, 2024",Snippet,High Quality,https://pillows.su/f/b5fa2982ec5694800aee89214f066502
¥$,"Mamii - Rain On Me [V1]
(prod. Mamii)
(Everything, Once Again)","OG Filename: Mamii Rain on me
Original version of the song made by Mamii before it was taken for VULTURES, described by Mamii to have been a ""country record"". Snippet leaked February 7th, 2024.",,,"Feb 7, 2024",Snippet,High Quality,https://pillows.su/f/b65eab1e7abce30719547ab58b2d929e
VULTURES 1,"FUK SUMN [V29]
(feat. Playboi Carti & Travis Scott) (prod. ¥$, JPEGMAFIA, Timbaland, 88-Keys, Chrishan, SHDØW, AyoAA, Hubi, BBYKOBE, Che Pope & The Legendary Traxster)
(FUCK SUM, SMOKIN' ON JUNT)","Version with alternate production, including JPEGMAFIA's production over Playboi Carti's verse. Played by Ty at Club Poppy on February 3rd, 2024.",,,"Feb 3, 2024",Snippet,Recording,https://pillows.su/f/1be6cbd25c0d6f1d007b064b8d11eac4
¥$,"Back 2 Me [V7]
(ref. Bump J) (prod. Zach Frenes, Wax Motif, Nic Nac, Count Bassy & Kanye West)
(Back To Me, Cheesecake)","OG filename: back 2 me bj
Bump J reference track with an instrumental similar to the CyHi version. This version is said to have the extended Ye verse. Snippet leaked January 30, 2024.",,,"Jan 30, 2024",Snippet,High Quality,https://pillows.su/f/befe402d124b5e8611673c9a4f1e1299
¥$,"Time Moving Slow [V11]
(ref. Quentin Miller) (prod. Nathan Butts, Azul Wynter & AyoAA)
(Time Movin' Slow, Time Moves Slow)","Quentin Miller reference track. Snippet leaked January 30, 2024.",,"Oct 4, 2023","Jan 30, 2024",Snippet,CD Quality,https://pillows.su/f/dbc4adf84f9b2cbaf5fc5c59a2b6dc58
VULTURES 1,"Dead [V10]
(ref. Fat Money) (feat. Future & Lil Durk) (prod. ATL Jacob)","Version with a faster tempo. Played by Fat Money on Instagram Live on January 29, 2024.",,,"Jan 29, 2024",Snippet,Recording,https://pillows.su/f/f673b5a7e6e529ef04707b8321ea7a9f
Featuring Ty Dolla $ign,"Track 5 [V5]
(feat. Kanye West, Anderson .Paak & Thundercat) (prod. BoogzDaBeast, Ty Dolla $ign, damn james! & Audio Anthem)
(Track 6, Thank You Vol. 2)","OG Filename: Track5_4424-REF_15Oct2020 &
Track5_4424-REF_16Oct2020 & 
06 Track5 2444-REF Afternoon 16Oct2020
Version with different mixing and an uncensored line from Ty in the second verse, although Anderson .Paak's verse remains censored.",2:40,"Oct 15, 2020","Jan 27, 2024",OG File,Lossless,https://pillows.su/f/928dd454e6182d12420fee8693f338c4
VULTURES 1,"VULTURES (Havoc Version) [V2]
(feat. Lil Durk & Bump J) (prod. Havoc & The Legendary Traxster)","Version with different drums on parts of Bump J and Ty's verses and a ""perfect!"" tag at the end of the song. Snippet posted by Fabio D'Innocenzo to Instagram on January 22, 2024. Posted by Ye to Instagram on January 23, 2024.",,,"Jan 23, 2024",Partial,High Quality,"https://pillows.su/f/66813cb1045e77209690b7577426d7a3 
https://pillows.su/f/a03e99c888943363f136fbe57648acb5
https://pillows.su/f/f986dee02b4c8d80fd965b06dfb75f28"
Featuring Ty Dolla $ign,"Ariana Grande - Safety Net [V2]
(feat. Ty Dolla $ign) (prod. Leon Thomas, Keys Open Doors, The Rascals & TBHits)","OG Filename: Safety Net_E_81_3.2.20
Early mix very similar to release.",3:27,,"Jan 22, 2024",OG File,CD Quality,https://pillows.su/f/55509dd365169ddd699e4a7fccb07c10
VULTURES 1,"PAID [V33]
(feat. K-Ci) (prod. Kanye West, Anthony Kilhoffer, Stryv, Chrishan & Wax Motif)
(GET PAID)","Version with different chopping of Ye's verse. Played by Ty at an event on January 20, 2024.",,,"Jan 20, 2024",Snippet,Recording,https://pillows.su/f/9fdb8b92c875eeba78c654f9a6daade9
¥$,"Burn [V10]
(prod. The Legendary Traxster)
(Dangerous)","Version with slightly different production. Snippet leaked January 18, 2024.",,,"Jan 18, 2024",Snippet,High Quality,https://pillows.su/f/16bed3778d2b1c6170895e228b7c9af5
Dream House,"Juice WRLD - Forever [V1]
(prod. Nick Mira & JRHITMAKER)","Original version of ""Forever"" made during the sessions for Juice WRLD's album Death Race For Love. Song is fully completed with a chorus and two verses. Recorded on November 14, 2018. Was thought to be leaked in full, but was confirmed later on to not be the full file, and that we are missing about 10 seconds.",3:20,"Nov 14, 2018","Jan 16, 2024",Partial,CD Quality,https://pillows.su/f/0c81a59d2f5e76a999b20749514c0699
VULTURES 1,"FUK SUMN [V27]
(feat. Playboi Carti) (prod. ¥$, JPEGMAFIA, Timbaland, 88-Keys, Chrishan, SHDØW, AyoAA, Hubi, BBYKOBE, Che Pope & The Legendary Traxster)
(FUCK SUM, SMOKIN' ON JUNT)","Version with Ye's verse on the piano outro, including additional lines that were cut from release. The unreleased music video for the song was recorded over this version. Snippets leaked January 14th, 2024.",,,"Jan 14, 2024",Partial,Recording,"https://pillows.su/f/b83f938b9fd365aa937deedb406276c2
https://pillows.su/f/bad81214f2aabb2ce3cfe3bc98404d13
https://pillows.su/f/c4904651021f5aac5c270009485cc22f"
Beach House 4 [V1],"Diddy - I Like [V1-V?]
(feat. Mary J. Blige) (prod. Diddy, Chaz Jackson & Stevie J.)",Many other demos without Ty's vocals leaked around the same time as the one below. These versions have seemingly been lost since then.,,,"Jan 11, 2024",Full,Lost,Link Needed
Beach House 4 [V1],"✨ Diddy - I Like [V2]
(feat. Ty Dolla $ign, Mary J. Blige & ???) (prod. Diddy, Chaz Jackson, Stevie J & Matt Testa)","Version which features a Ty Dolla $ign verse not heard on release or the any other demos alongside another unknown artist. The unknown artist is labeled as ""JG"" in the filename, though it's unknown who it could be.",2:23,"Feb 7, 2023","Jan 11, 2024",Full,CD Quality,https://pillows.su/f/5cdd1b2ff15ea0d745930369dd22bda6
VULTURES 1,"Forever Rollin' [V3]
(feat. Lil Baby & EST Gee) (prod. Audiovista, FOREVEROLLING & Flex On The Beat)
(Forever Rolling, On My Own)","Version with a verse from EST Gee and mumble Ye vocals. Snippet posted by EST Gee to Instagram on January 7, 2024.",3:35,,"Jan 7, 2024",Snippet,High Quality,https://pillows.su/f/9e53c8b58719a593184960aeecdbf0f7
¥$,"Forever [V2]
(ref. Ty Dolla $ign) (feat. Juice WRLD) (prod. Nick Mira & JRHITMAKER)","OG Filename: forver - all togheter
Juice WRLD song that was considered for ¥$. Has Juice doing the hook and the first verse with Ty doing the second verse and a couple other punch-ins for the hook & Juices verse. Ty's verse is most likely a reference for Ye judging from some of the lyrics including slapping Trevor Noah, who had been blamed for getting Ye kicked from performing at the 2022 Grammys. Snippet leaked January 5, 2024.",3:17,,"Jan 6, 2024",Full,High Quality,https://pillows.su/f/9c461210f905dec5ca82d45dc65b6276
VULTURES 1,"EVERYBODY [V18]
(feat. Charlie Wilson & Lil Baby) (prod. Kanye West, will.i.am & Timbaland)","OG Filename: EVERYBODY 12.23.F1.2
Played during a DJ set on January 6, 2024.",3:53,"Dec 23, 2023","Jan 6, 2024",Snippet,Recording,"https://pillows.su/f/d792be2d9d024987f4d22e8c53c78f1e
https://pillows.su/f/6c40c54594285a128cb234673b93a298
https://pillows.su/f/e5508e8cdb4202af6986f5cb7e60b0fc
https://pillows.su/f/bb3ecfdb352ff0b38999f131fa95e287"
¥$,"✨ Burn [V12]
(prod. The Legendary Traxster)
(Dangerous)","OG Filename: burn - V5
Version with quieter drums and Ty's full verse, but with the ""bitch"" line censored. Leaked January 5, 2024.",2:26,,"Jan 5, 2024",Full,CD Quality,https://pillows.su/f/7f02c994578b64c75ad11474c949645b
VULTURES 1,"PRAY [V2]
(feat. Wiz Khalifa) (prod. Camper & Hitmaka)","Song that was given to Cordae and later released on his album The Crossroads. This version features verses from Ty and Wiz Khalifa that were both cut from release, as well as Hitmaka and Camper's producer tags that were removed. Heard in Wiz Khalifa's ""DayToday: Miami pt 1"" vlog posted on January 5th, 2024. Unrelated to the other track of the same name produced by TryBishop.",,"Dec 1, 2023","Jan 5, 2024",Snippet,Recording,https://pillows.su/f/6c8a9ca88d65702c9e67b192f8d6eb7b
VULTURES 1,"Lifestyle [V4]
(feat. Lil Wayne) (prod. Nico Baran, FNZ, Ty Dolla $ign & Wheezy)","Played at the Vultures City afterparty on December 15th, 2023.",3:50,,"Dec 30, 2023",Full,Recording,"https://pillows.su/f/8ed8d8dd738be41e86f38637edad57b4
https://pillows.su/f/aeee229870264b206c6ba5a233356cbc"
VULTURES 1,"EVERYBODY [V17]
(feat. Charlie Wilson) (prod. Kanye West, will.i.am, Timbaland & London on da Track)","Version with alternate production. Snippet leaked December 30, 2023.",,,"Dec 30, 2023",Snippet,CD Quality,https://pillows.su/f/77872015530a74d10455b86cc78813f5
Campaign [V1],"Christina Aguilera - Accelerate [V3]
(Pick Up Your Speed, Auxillary)","OG FIlename: Accelerate
Found in the ""Acellerate"" sessions. Has yet to be bounced.",,"Feb 24, 2016","Dec 29, 2023",Confirmed,Lossless,Link Needed
Campaign [V2],"Christina Aguilera - Pick Up Your Speed [V4]
(Accelerate, Auxillary)","OG FIlename: Copy of Pick Up Your Speed.2
Found in the ""Acellerate"" sessions. Has yet to be bounced.",,"Aug 4, 2016","Dec 29, 2023",Confirmed,Lossless,Link Needed
Campaign [V2],"Christina Aguilera - Pick Up Your Speed [V5]
(feat. Ty Dolla $ign)
(Accelerate, Auxillary)","OG FIlename: Copy of Pick Up Your Speed.2 ty$$
Found in the ""Acellerate"" sessions. Has yet to be bounced.",,"Aug 5, 2016","Dec 29, 2023",Confirmed,Lossless,Link Needed
Campaign [V2],"Christina Aguilera - Pick Up Your Speed [V6]
(Accelerate, Auxillary)","OG FIlename: Copy of Pick Up Your Speed.2 _X Vox
Found in the ""Acellerate"" sessions. Has yet to be bounced.",,"Sep 10, 2016","Dec 29, 2023",Confirmed,Lossless,Link Needed
Campaign [V2],"Christina Aguilera - Accelerate [V7]
(Pick Up Your Speed, Auxillary)","OG FIlename: Accelerate _4 Mix
Found in the ""Acellerate"" sessions. Has yet to be bounced.",,"Sep 16, 2016","Dec 29, 2023",Confirmed,Lossless,Link Needed
Beach House 3,"Christina Aguilera - Pick Up Your Speed [V9]
(Accelerate, Auxillary)","OG FIlename: Copy of Pick Up Your Speed.2 _X Vox_3
Found in the ""Acellerate"" sessions. Has yet to be bounced.",,"Dec 13, 2016","Dec 29, 2023",Confirmed,Lossless,Link Needed
Beach House 3,"Christina Aguilera - Accelerate [V10]
(Pick Up Your Speed, Auxillary)","OG FIlename: Accelerate _5 Mix
Found in the ""Acellerate"" sessions. Has yet to be bounced.",,"Feb 12, 2017","Dec 29, 2023",Confirmed,Lossless,Link Needed
Beach House 3,"Christina Aguilera - Accelerate [V11]
(Pick Up Your Speed, Auxillary)","OG FIlename: Accelerate _5checamp
Found in the ""Acellerate"" sessions. Has yet to be bounced.",,"Apr 19, 2017","Dec 29, 2023",Confirmed,Lossless,Link Needed
Beach House 3,"Christina Aguilera - Pick Up Your Speed [V12]
(Accelerate, Auxillary)","OG FIlename: Copy of Pick Up Your Speed.2 _X Vox_4
Found in the ""Acellerate"" sessions. Has yet to be bounced.",,"Apr 20, 2017","Dec 29, 2023",Confirmed,Lossless,Link Needed
Beach House 3,"Christina Aguilera - Pick Up Your Speed [V13]
(Accelerate, Auxillary)","OG FIlename: Copy of Pick Up Your Speed.2 _X Vox_5
Found in the ""Acellerate"" sessions. Has yet to be bounced.",,"Apr 30, 2017","Dec 29, 2023",Confirmed,Lossless,Link Needed
Beach House 3,"Christina Aguilera - Pick Up Your Speed [V14]
(Accelerate, Auxillary)","OG FIlename: Copy of Pick Up Your Speed.2 _X Vox_6
Found in the ""Acellerate"" sessions. Has yet to be bounced.",,"Apr 30, 2017","Dec 29, 2023",Confirmed,Lossless,Link Needed
VULTURES 1,"Back To Me [V16]
(feat. Freddie Gibbs & Quavo) (prod. Zach Frenes, Wax Motif, Nic Nac, Count Bassy, Kanye West, AyoAA & 88-Keys)
(Back 2 Me, Cheesecake)","Version with additional adlibs from Freddie Gibbs, a different structure, and an untuned Ye freestyle on the outro, which would eventually become the ""Beautiful Big Titty Butt Naked Women Just Don't Fall Out The Sky"" bridge. The ""Run"" sample is also played more frequently on this version. Leaked in low quality on December 28, 2023, as an iPhone SMS audio file alongside the Freddie Gibbs song ""A Thousand Mountains"".",4:15,,"Dec 28, 2023",Full,Low Quality,https://pillows.su/f/958fa3aab406a8f5144145a366f77ced
VULTURES 1,"TALKING / ONCE AGAIN [V24]
(feat. North West & James Blake) (prod. Kanye West, Camper, Dom Maker, James Blake, Edsclusive & Swizz Beatz)","Version played on DJ Pharris' radio show prior to the supposed intended release. Has slight differences to the release version such as a longer version of the ""Once Again"" part of the track (no different vocals though, just the same parts looped).",3:43,,"Dec 28, 2023",Tagged,High Quality,https://pillows.su/f/9c4db1b99eb3d6f9fb206316a872b237
Featuring Ty Dolla $ign,"Ariana Grande - Safety Net [V1]
(feat. Ty Dolla $ign) (prod. Leon Thomas, Keys Open Doors, The Rascals & TBHits)","OG Filename: Safety Net_E_81_2.20.20_1-2
Early version with a slightly different instrumental.",3:27,,"Dec 26, 2023",OG File,CD Quality,https://pillows.su/f/1f8bf04917b172c15485a4735c0dc678
Featuring Ty Dolla $ign,"Spiff TV - So Drunk [V3]
(feat. Tory Lanez, Bad Bunny & J Balvin) (prod. DJ Luian)
(Drunk)",Version with vocals from J Balvin.,3:49,,"Dec 25, 2023",Full,CD Quality,https://pillows.su/f/375df886c724deb8bec7645804e2c587
¥$,"We Back Outside [V5]
(prod. damn james! & Digital Nas)
(She's Back Outside, Back Outside, Aperol Spritz)","OG Filename: we back outside dn
Instrumental produced by Digital Nas with different drums and a synth-based melody, lacking the guitar. A formant-shifted version of Ty's hook plays throughout the song.",1:32,,"Dec 25, 2023",OG File,High Quality,https://pillows.su/f/b3bb67ecaa91516dba1310b2ac5a7aec
Free TC,"Kanye West - Fade [V8]
(feat. Ty Dolla $ign) (prod. Kanye West, Benji B, Charlie Handsome, Anthony Kilhoffer & MIKE DEAN)","OG Filename: KW - Fade Ref (8.15.15)
Version which Post Malone would record over.",,"Aug 15, 2015","Dec 23, 2023",Partial,CD Quality,https://pillows.su/f/40bd316e91e4db4c19ebad6971de62aa
Free TC,"Kanye West - Fade [V9]
(feat. Post Malone & Ty Dolla $ign) (prod. Kanye West, Benji B, Charlie Handsome, Anthony Kilhoffer & MIKE DEAN)","Earliest known version with Post Malone, recorded after Kylie Jenner's eighteenth birthday party. Post Malone freestyles for around 16 minutes, and his vocals used in the released version are taken from this freestyle. Post Malone stated that ""[we] went in the studio...we just recorded the scratch vocals and then I wrote over it"". Same intro, chorus, bridge and first verse as the released version but in the part where Kanye says ""I love to... I wanna... I'm tryna..."" on the final version he is mumbling. Snippet leaked November 7, 2020.",17:42,,"Dec 23, 2023",Full,CD Quality,https://pillows.su/f/7ea5a39f2082c14c217454895ade754d
VULTURES 1,"Timbo Freestyle [V4]
(prod. Kanye West, VEYIS, Timbaland, Hubi, SHDØW & Vinnyforgood)
(Keys To My Life)","OG Filename: TIMBO FREESTYLE 12.2.23_3
Snippet posted by SHDØW to Instagram on December 18th, 2023, captioned ""2 weeks ago @timbaland called me to play 'timbo freestyle'"".",,"Dec 2, 2023","Dec 18, 2023",Snippet,Recording,Link Needed
¥$,"Fuk Sumn [V17]
(feat. Playboi Carti & Quavo) (prod. BBYKOBE & AyoAA)
(Fuck Sum, Smokin' On Junt)","Played in nearly full at the Vultures City afterparty on December 15th, 2023.",~2:40,,"Dec 15, 2023",Partial,Recording,https://pillows.su/f/1f797964e42302501b7a3e7b925822d2
VULTURES 1,"Dead [V6]
(feat. Future & Lil Durk) (prod. ATL Jacob)","Similar to the version above, but without Ye's freestyle and with proper tuning of Ty's vocals. Played at the Vultures Las Vegas Rave on December 15, 2023.",4:56,,"Dec 15, 2023",Full,Recording,https://pillows.su/f/e150db0ebd1e3e7936d3c3ca63a6956e
VULTURES 1,"Do It [V3]
(feat. YG) (prod. Kanye West, Chrishan, Cubeatz, DTP, LukasBL, Mustard & Wheezy)",Version that was played several times during the Las Vegas rave before the event being abruptly stopped by local police.,,,"Dec 15, 2023",Partial,Recording,"https://pillows.su/f/e57fc47c6187f2f79a7becb975299604
https://pillows.su/f/ea5a2d3f264e2c0727ded0fa6a6b9ad1
https://pillows.su/f/4410139621e9115c7d1188b4361acbf6"
VULTURES 1,"Do It [V4]
(feat. YG & Tyga) (prod. Kanye West, Chrishan, Cubeatz, DTP, LukasBL, Mustard & Wheezy)","Version featuring a verse from Tyga. Played at the Vultures City afterparty on December 15, 2023.",5:22,,"Dec 15, 2023",Full,Recording,https://pillows.su/f/e64f282c73c747d759f8e30db6682e0d
VULTURES 1,"Don't Kill The Party [V9]
(feat. Tyga) (prod. BNYX®, 206derek, Matt Spatola, Lasik & BBYKOBE)","OG Filename: dont kill the party V1_OV
Played at the Vultures City afterparty on December 15, 2023.",,,"Dec 15, 2023",Partial,Recording,"https://pillows.su/f/ba85fb58c23d76bb47f5523bdded8fde
https://pillows.su/f/bf350308ea76a73fde727f720b48b5ec"
VULTURES 1,"Don't Kill The Party [V10]
(prod. BNYX®, 206derek, Matt Spatola, Lasik & BBYKOBE)","Version with Ye's verse in place of Tyga's. Has a slightly slower tempo. Played at the Vultures City afterparty on December 15, 2023.",,,"Dec 15, 2023",Partial,Recording,https://pillows.su/f/e349976a411d012e146a96fc9f6e3c75
VULTURES 1,"Fukk Sum [V21]
(feat. Playboi Carti) (prod. BBYKOBE, AyoAA, SHDØW, Hubi & Kanye West)
(Fuck Sum, Fuk Sumn, Smokin' On Junt)","OG Filename: fukk sum (new snare + ye piano) 9.12.23
Initial version with reworked production from SHDØW and Hubi, including a beatswitch outro with a piano. According to SHDØW, the song was played at the Jamaican bar two days after he finished the beat. Played at Dukunoo Jamaican Kitchen on December 10th, 2023. Played in nearly full at the Vultures City afterparty on December 15th, 2023. Partial lossless iTunes file leaked July 31st, 2024.",~2:35,"Dec 9, 2023","Dec 15, 2023",Partial,Lossless,"https://pillows.su/f/f482f915c7f831aa5430629524de719b
https://pillows.su/f/08462a82b7d6b5cc0b41e859358220f2"
VULTURES 1,"Fuk Sumn [V22]
(feat. Playboi Carti) (prod. BBYKOBE, AyoAA, SHDØW, Hubi & Kanye West)
(Fuck Sum, Smokin' On Junt)","OG Filename: Kanye West Ty Dolla ign - Fuk Sumn
This version is a placeholder file that was uploaded to Apple Music, being cut off after Carti's verse.",1:12,,"Dec 15, 2023",OG File,Lossless,https://pillows.su/f/08462a82b7d6b5cc0b41e859358220f2
VULTURES 1,"Fuk Sumn [V23]
(feat. Playboi Carti & Quavo) (prod. BBYKOBE, AyoAA, SHDØW, Hubi & Kanye West)
(Fuck Sum, Smokin' On Junt)","Version with Quavo's verse over the updated production. Snippet leaked December 15th, 2023.",,,"Dec 15, 2023",Snippet,Recording,https://pillows.su/f/80f9020b8af8dd628b34a6ba9c0d67fc
VULTURES 1,"Gun To My Head [V5]
(feat. Kid Cudi) (prod. Sean Momberger & Wheezy)","Version with a long Ye freestyle on the outro that would removed from release. Played during the VULTURES 1 Las Vegas LP on December 15, 2023.",5:40,,"Dec 15, 2023",Full,Recording,https://pillows.su/f/af7ff44ed8fa75e3fc676c7400d6ff95
VULTURES 1,"Honor Roll [V6]
(feat. Rich The Kid) (prod. TheLabCook)
(Carnival, Hooligans)","Version with an entirely different Ye verse and production compared to release. Rich The Kid's verse also includes the original line ""pull up in Bentley with Dolla $ign"" instead of ""Yeezy and Dolla $ign"" from the original version of the track before Ye was intended to be on it. According to Ty and Rich The Kid, the song was played for Ye shortly before the Las Vegas Rave, and Ye likely recorded for the song the same day before it was previewed at the rave. The background vocals on this version that form the melody playing throughout the song, which would later be covered by The Hooligans, were sung by Ye and processed with additional effects from Fai. Samples ""Iron Man"" by Black Sabbath. Played at the Vultures Las Vegas Rave on December 15, 2023.",,"Dec 15, 2023","Dec 15, 2023",Partial,Recording,https://pillows.su/f/76692bbba133badd2b61000a18949c95
VULTURES 1,"Honor Roll [V7]
(feat. Rich The Kid) (prod. TheLabCook)
(Carnival, Hooligans)","Similar to the version above, but with the line ""new Yeezy bag"" instead of ""old Louis bag"" on Ye's verse. Played at the Vultures City afterparty on December 15, 2023.",,"Dec 15, 2023","Dec 15, 2023",Partial,Recording,https://pillows.su/f/a1c2889e47af753ebbf5f9226c02b1c6
VULTURES 1,"Honor Roll [V8]
(feat. Rich The Kid) (prod. TheLabCook)
(Carnival, Hooligans)","Ye was seen recording for the song during the Vultures City afterparty on December 15, 2023.",,"Dec 15, 2023","Dec 15, 2023",Snippet,Recording,https://pillows.su/f/d5a3073b91f3d631c8c792939c505547
VULTURES 1,"Matthew [V5]
(feat. North West & Charlie Wilson) (prod. 88-Keys)
(Matthew 5:16)","Played at the VULTURES 1 Las Vegas rave on December 15th, 2023.",2:33,,"Dec 15, 2023",Full,High Quality,https://pillows.su/f/6c29a87a71aac96ac4f95ceaff346582
VULTURES 1,"Matthew [V6]
(feat. North West, Charlie Wilson & Faouzia) (prod. 88-Keys)
(Matthew 5:16)","Faouzia was seen recording for the song during the Vultures City afterparty on December 15th, 2023.",,"Dec 15, 2023","Dec 15, 2023",Snippet,Recording,https://pillows.su/f/8ff336fbd7265413fb0b113027b87505
VULTURES 1,"Talking / Once Again [V23]
(feat. North West & James Blake) (prod. James Blake & Dom Maker)",Short snippet played in the Las Vegas Rave. Has new Ye intro vocals. Presumably stitched together as well.,,,"Dec 15, 2023",Partial,High Quality,https://pillows.su/f/3a9929b9ff90c752c1ff5bfbcff04277
VULTURES 1,"Timbo Freestyle [V7]
(feat. India Love) (prod. Kanye West, VEYIS, Timbaland, Hubi, SHDØW & Vinnyforgood)
(Keys To My Life)","India Love was seen recording for the song during the Vultures City afterparty on December 15th, 2023.",,"Dec 15, 2023","Dec 15, 2023",Snippet,Recording,https://pillows.su/f/487cef3d40c5c4f024b0d032bd8dc9ee
VULTURES 1,"Timbo Freestyle [V8]
(feat. India Love, Faouzia & ???) (prod. Kanye West, VEYIS, Timbaland, Hubi, SHDØW & Vinnyforgood)
(Keys To My Life)","Initial version with crowd vocals recorded during the Vultures City afterparty on December 15th, 2023.",,"Dec 15, 2023","Dec 15, 2023",Snippet,Recording,Link Needed
Beach House 4 [V2],"Kanye West - Beg Forgiveness [V1]
(prod. Kanye West)","OG Filename: beg forgiveness [dn]
Early instrumental version with only the sample chop and bass and synths by Digital Nas. Samples ""Gabriel"" by Joe Goddard, which would later be replaced by an interpolation by Chris Brown. This version was added to Digital Nas' dropbox in July 2023. Leaked December 14, 2023.",3:43,,"Dec 14, 2023",Beat Only,High Quality,https://pillows.su/f/e7f5dc25e1a0a82373e1a5d59a207e35
VULTURES 1,"Paid [V24]
(feat. K-Ci) (prod. Kanye West, Anthony Kilhoffer, Stryv, Chrishan, Wax Motif & London on da Track)
(Get Paid)","Played during the Vultures World Premiere on Power 92 on December 14, 2023, with radio sound effects added throughout the song.",3:00,,"Dec 14, 2023",Tagged,High Quality,https://pillows.su/f/4464731daf30ccc55fe3418e8e2d4bdc
VULTURES 1,"BEG FORGIVENESS [V19]
(feat. Chris Brown) (prod. Digital Nas)","Played during the Vultures World Premiere on Power 92 on December 14, 2023, with radio sound effects added throughout the song.",5:05,,"Dec 14, 2023",Tagged,High Quality,https://pillows.su/f/6d303265dfb16dab985608f13d652289
VULTURES 1,"Drunk [V9]
(feat. Kodak Black & Bad Bunny) (prod. SHDØW, VEYIS & Okami)
(So Drunk)","OG Filename: drunk (shdow veyis vers ) 12...
Played at the Vultures Miami Rave on December 12, 2023. Played by SHDØW on stream May 29, 2024. FIlename shown by VEYIS, who said that it was one of his favorite songs he produced.",3:47,,"Dec 12, 2023",Partial,Recording,"https://pillows.su/f/a13588644d1b5dfc2f4bba295dc9a664
https://pillows.su/f/d96f746617a5278a675c56119820505d"
VULTURES 1,"Everybody [V7]
(feat. Charlie Wilson) (prod. Kanye West & will.i.am)","Played by Ty at the club on December 12, 2023.",,,"Dec 12, 2023",Snippet,Recording,https://pillows.su/f/29d7d854c9b460608cce747597b3c9f1
VULTURES 1,"Forever Rollin' [V5]
(feat. Lil Baby) (prod. Kanye West, Audiovista, Flex on the Beat, FOREVEROLLING, Mattazik Muzik & Morning Estrada)
(Forever Rolling, On My Own)","Full version of the partial iTunes file below. Played at the VULTURES 1 Miami LP on December 12, 2023.",3:14,,"Dec 12, 2023",Full,High Quality,"https://pillows.su/f/4d4b1456dd048a1ee116e3cb9f8eb561
https://pillows.su/f/eb3e1d0e22a12b5728588beffab8be30"
VULTURES 1,"New Body [V41]
(feat. Nicki Minaj) (prod. RONNY J, Plain Pat, Cubeatz & Ty Dolla $ign)","Version with a line from Ye's verse repeated on the chorus, an extra word added onto Ye's verse, and a faster RONNY J tag with a different echo. Played at the VULTURES Miami rave on December 12, 2023.",3:42,,"Dec 12, 2023",Full,Recording,https://pillows.su/f/e5c2064795bc5c682aea8578f6f282ba
VULTURES 1,"River [V41]
(feat. Young Thug) (prod. Pi'erre Bourne & Digital Nas)","OG Filename: River MIX TEST.09_09
Played at the Vultures Miami rave on December 12, 2023.",3:34,,"Dec 12, 2023",Full,High Quality,https://pillows.su/f/3f5980c4090a36347030a8cbc6ce6fbf
VULTURES 1,"Talking [V19]
(feat. North West & James Blake) (prod. James Blake & Dom Maker)","Version played at the VULTURES Miami rave. Updated from the WAR version with Jersey drums, as well as North West rapping.",1:23,,"Dec 12, 2023",Full,High Quality,https://pillows.su/f/1eda5e0d2c83073a7b0b6fab69b4c381
VULTURES 1,"YoungBoy Never Broke Again - Wolf Cry [V1]
(prod. London on da Track, FNZ & 254Bodi)
(Wolves Cry)","According to Luit, there was an NBA YoungBoy song brought ""out of the vault"" during VULTURES sessions. This song was discovered to be ""Wolf Cry"", which was released to YoungBoy's YouTube channel on December 11, 2023, before quickly being taken down. Samples ""I Need You Now"" by Smokie Norful.",2:49,,"Dec 11, 2023",Full,CD Quality,https://pillows.su/f/1552d95952410a91dee0e0ce92645844
¥$,"Slide [V12]
(prod. AyoAA, Leon Thomas, Lester Nowhere, Peter Lee Johnson, Ty Dolla $ign, Kanye West & The Legendary Traxster)
(Slide In, Slidin', Sliding)","Played by Ty at the club on September 29, 2023. Played at Fred again..'s set on November 4, 2023.",3:39,,"Dec 10, 2023",Full,Recording,https://pillows.su/f/cad5ffaf71de282d53949dde5455f9eb
VULTURES 1,"Everybody [V6]
(feat. Charlie Wilson) (prod. Kanye West, will.i.am & Timbaland)","Version with additional drums that would be removed from later versions, Ty on the intro instead of Charlie Wilson, and some different Charlie Wilson vocals. Has open verses. Played at the Dukunoo Jamaican Kitchen on December 10, 2023.",,,"Dec 10, 2023",Partial,Recording,https://pillows.su/f/4f4ba8ec62448832b58ec22483dcfab2
VULTURES 1,"Everybody [V5]
(feat. Charlie Wilson) (prod. Kanye West & will.i.am)","Version with the original Backstreet Boys sample on the intro, which then cuts to Charlie Wilson's vocals. Snippet posted by Ye on December 9, 2023.",,,"Dec 9, 2023",Snippet,Recording,https://pillows.su/f/f5ede0d271c604c65fb0058d6cb3169f
Campaign [V1],"Kanye West - Real Friends [V4]
(ref. Ty Dolla $ign) (prod. Boi-1da, Frank Dukes & Havoc)","OG Filename: REAL FRIENDS 113015_AB_REFv1
A later version of the mumble demo but with Ty Dolla $ign filling in the mumble with reference vocals. Some vocals were used in the final version. Leaked on December 9, 2023 as a bonus for ""The Mall"" groupbuy.",,"Nov 30, 2015","Dec 8, 2023",OG File,High Quality,https://pillows.su/f/7041cf44547ac755fbae0cfcadecadae
Campaign [V1],"Kanye West - Fade [V13]
(feat. Ty Dolla $ign & Post Malone) (prod. Benji B, Charlie Handsome, Anthony Kilhoffer & MIKE DEAN)","OG Filename: KW - Fade Mike Dean Master 2
Punchier mix made by MIKE DEAN for ""Fade"".",3:21,"Jan 5, 2016","Dec 2, 2023",OG File,Lossless,https://plwcse.top/f/4d48aaff679d5257fa79f0f1b8e4d0ec
¥$,"Bump J - Vultures [V1]
(prod. Juice)","The song was originally Bump J's, which Ye liked so much that he took it for VULTURES 1, and made it the lead single for the album. This version likely has a different beat which can be heard in the bleed of Bump J's verse on release.",,,"Nov 17, 2023",Snippet,Low Quality,https://pillows.su/f/f9c5cf0f41e20bbf7b71e350453d7df7
VULTURES 1,???,"Inaudible snippet of a potential VULTURES-era song. Snippet leaked November 15, 2023.",,,"Nov 15, 2023",Snippet,Recording,https://pillows.su/f/00319b5cbd6e568e5e55db21eb462140
Dream House,"Kanye West - All Mine [V7]
(feat. Ant Clemons) (prod. Kanye West, MIKE DEAN, Francis & the Lights & Scott Carter)","OG Filename: All Mine REF 05.25.18
Same as the below version but missing Ty Dolla $ign's vocals.",2:06,"May 25, 2018","Oct 29, 2023",OG File,CD Quality,https://pillows.su/f/a6c9eec864c96b45c857816fe024ab70
Dream House,"Kanye West - All Mine [V8]
(feat. Ty Dolla $ign & Ant Clemons) (prod. Kanye West, MIKE DEAN, Francis & the Lights & Scott Carter)","OG Filename: All Mine REF 05.26.18 
Filename shown by Waterfalls. Has no Kanye vocals.",2:06,"May 26, 2018","Oct 29, 2023",OG File,CD Quality,https://pillows.su/f/bd5d7c018b333857e2f8feb14c8e9a1c
Dream House,"Kanye West - I Feel Free [V11]
(feat. Ty Dolla $ign)
(I Feel Free, Freeee (Ghost Town Pt. 2))","OG Filename: I Feel Free REF 05.25.18
Earliest version of ""I Feel Free"" with Ty Dolla $ign vocals. Has Kanye's vocal take that was used for the final version with the exception of extra mumble vocals. Also contains different Ty Dolla $ign vocals. Contains open sections. Leaked on October 29, 2023",4:05,"May 25, 2018","Oct 29, 2023",OG File,Lossless,https://pillows.su/f/58fb6671e1f343b4621ae22d5e00de08
Yandhi,"✨ Kanye West - Garden [V15]
(feat. Ty Dolla $ign & Ant Clemons) (prod. Phil The Keys & StereoSine)
(The Garden, Pets)","OG Filename: Garden (StereoSines_PhillipKeys) - 2 (orig chords)
Version with alternate production including a different take on the piano and dance beatswitch. Leaked October 28, 2023.",3:12,,"Oct 29, 2023",OG File,High Quality,https://pillows.su/f/5e57aafc6d92a6ac0ddd155aa7c89848
Beach House 3,"CyHi - You Ain't No Model [V6]
(feat. Kanye West & Ty Dolla $ign)
(Model, Model Type)","OG Filename: YOU AINT NO MODEL-KY-3-2-17
""You Ain't No Model"" was given to CyHi after being scrapped by Kanye. Samples ""A Lifetime"" by The Brothers Of Soul and ""Takin' It Back"" by Toto. Leaked on October 27, 2023.",3:35,"Mar 2, 2017","Oct 27, 2023",OG File,CD Quality,https://plwcse.top/f/1459f1484c3bec2fb4a05a63c492beec
Featuring Ty Dolla $ign,"How Do You
(prod. Hitmaka)",Track from Featuring Ty Dolla $ign sessions. Leaked on LEAKED.CX.,2:55,,"Oct 19, 2023",Full,CD Quality,https://pillows.su/f/b80a12fe1f6d738fee253c074958864a
Dream House,"Kanye West - DRB ADB
(prod. BoogzDaBeast)","OG Filename: DRB ADB - KW Ref
A",0:22,,"Oct 14, 2023",OG File,CD Quality,https://pillows.su/f/f167a2de1d12ef89ea89e540024919ff
Dream House,"Kanye West - Goodbye Piano
(prod. BoogzDaBeast & Nascent)","OG Filename: Goodbye Piano - KW Ref
A",1:13,,"Oct 14, 2023",OG File,High Quality,https://pillows.su/f/dbb7a6ce051c8b257ce7cae309f669fa
Dream House,"Kanye West - Sax Appeal
(prod. BoogzDaBeast)","OG Filename: Sax Appeal - KW Ref
Samples ""Walk on the Lonely Side"" by the Sax Appeal Orchestra.",0:44,,"Oct 14, 2023",OG File,CD Quality,https://pillows.su/f/14f9cf24f4977328327bca9b5b584767
Yandhi,"Kanye West - We Begin After The Storm Inside [V27]
(ref. Sean Leon) (feat. Ty Dolla $ign & Ant Clemons)
(Everything We Need, The Storm, We Begin, XXX, Jeet)","OG Filename: We Begin After The Storm Inside - 9.23.19 Sean ref
Sean Leon reference track for ""Everything We Need"".",1:42,"Sep 23, 2019","Oct 14, 2023",OG File,CD Quality,https://pillows.su/f/0e5d34483ad5b370b365cca9505d2527
Yandhi,"Kanye West - We Begin After The Storm Inside [V29]
(ref. Victory) (feat. Ty Dolla $ign & Ant Clemons)
(Everything We Need, The Storm, We Begin, XXX, Jeet)","OG Filename: We Begin After The Storm Inside - 9.26.19 Victory
Victory reference track for ""Everything We Need"". Has completely different lyrics than the version listed on TheSource.",1:42,"Sep 26, 2019","Oct 14, 2023",OG File,CD Quality,https://pillows.su/f/18a2dc1a024eb0b1cc47ea3b6225f065
Yandhi,"Kanye West - We Begin After The Storm Inside [V30]
(ref. Momo Boyd) (feat. Ty Dolla $ign & Ant Clemons)
(Everything We Need, The Storm, We Begin, XXX, Jeet)","OG Filename: We Begin After The Storm Inside - 9.26.19 Momo
Momo Boyd reference track for ""Everything We Need"".",1:57,"Sep 26, 2019","Oct 14, 2023",OG File,CD Quality,https://pillows.su/f/049f232dde75d519e92b8f5e9d4ee3c1
Skrillex Collaboration,"Ego Death [V11]
(feat. serpentwithfeet & ???) (prod. Ty Dolla $ign, Skrillex & BoogzDaBeast)","An unknown-dated version of ""Ego Death"", without Ye's or FKA twigs' vocals, no drums, and an unknown rapper on the outro. Most likely made when Ye stopped doing non-secular music, and Ty was unsure if he would let him drop the song. Leaked on October 14, 2023.",3:21,,"Oct 14, 2023",Full,CD Quality,https://pillows.su/f/94bbf90a81dbcd9ec3d37cd0205cc9ab
Beach House 4 [V1],"Kanye West - I Let Go [V3]
(feat. Cailin Russo) (prod. Digital Nas)","OG Filename: I Let Go - 21.05.27 Short Ref for Ye
First cutdown of the ""On His Head"" freestyles to create ""I Let Go"". Leaked on October 14, 2023.",1:22,"May 27, 2021","Oct 14, 2023",OG File,CD Quality,https://pillows.su/f/23b6e12176a9b02a9ccd2f35d247c5ba
Beach House 4 [V1],"Kanye West - Junya [V31]
(feat. Playboi Carti & Ty Dolla $ign) (prod. Digital Nas)","OG Filename: Junya MIX TEST.04_04
Seen on an August 23rd, 2021 copy of Donda. Version of ""Junya"" with the same structure as the pt 2 version, but with an alternate mix and uncensored.",3:02,,"Oct 14, 2023",OG File,CD Quality,https://pillows.su/f/6ffbbf0b5b60d3e6341e444f35fbf9ae
Beach House 4 [V1],"Kanye West - Junya [V32]
(feat. Playboi Carti & Ty Dolla $ign) (prod. Digital Nas)","OG Filename: Junya MIX TEST.05_05
Seen on an August 25, 2021 copy of Donda. Version of ""Junya"" with the same structure as the pt 2 version, but with an alternate mix and uncensored. Unknown if there are any other mix tests after this.",3:02,,"Oct 14, 2023",OG File,CD Quality,https://pillows.su/f/04fd2b9d4c85e1e453ae2e2941e9a37c
¥$,"Not Inclusive [V2]
(prod. Ojivolta)","OG Filename: Ty Not Inclusive -ob oxv 10.11.22 idea a 143bpm
Mumble Ye freestyle from a freestyle session on September 24th, 2023, with open verses intended for Ty to record on.",2:14,"Sep 24, 2023","Oct 14, 2023",OG File,CD Quality,https://pillows.su/f/9a570258a8d157817b1c14a6e5fda03d
Campaign [V1],"Kanye West - Fade [V18]
(feat. Ty Dolla $ign & Post Malone)","OG Filename: KW - Fade Ref (3.11.16)
Filename shown by p4. Leaked after the password for the ""Fade"" sessions was cracked. Is mostly empty as it has no drums, only appearing at 2:20 until the end.",3:21,"Mar 11, 2016","Oct 10, 2023",OG File,CD Quality,https://plwcse.top/f/97647bfa8e30b1023f0857da494a31c4
Yandhi,"Kanye West - Amazing [V1]
(ref. Ant Clemons) (feat. Sunday Service Choir) (prod. Skrillex)","OG Filename: Amazing ref - Ant & Choir - 03.21.19
March 2019-era track with Skrillex production, Ant Clemons vocals, and a ""choir"". Not confirmed to be Sunday Service Choir, but is most likely their vocals judging from the time period. Original snippet leaked November 18, 2022. Given to Ant Clemons for his 2020 solo project, then brought back for Bad Bitch Playbook in 2023.",3:33,"Mar 21, 2019","Oct 10, 2023",OG File,CD Quality,https://pillows.su/f/5974024d7f4ba26db77ca33a8a0b9023
Yandhi,"⭐ Kanye West - New Body [Music Video]
(feat. Nicki Minaj & Ty Dolla $ign)","OG Filename: KW_NM_NewBody_1028
Music video made for the Yandhi version of ""New Body"". Features Ye and Ty dressed up in fursuits. Many photos of the set leaked from behind-the-scenes pictures over the years, but the only actual snippet of the video leaked on WESTDAYEVER in 2020.",3:42,"Nov 19, 2019","Oct 10, 2023",Full,CD Quality,https://pillows.su/f/fea3d6fa2fe83f938a31f061e5200e86
¥$,"New Body [V36]
(feat. Nicki Minaj) (prod. Cubeatz, Plain Pat, Ty Dolla $ign & AyoAA)","OG Filename: @AyoAA new body 9.20
Version with new drums from AyoAA. Filename seen on AyoAA's laptop. Played at the Spaceclub Firenze in Florence on October 10, 2023.",,"Sep 20, 2023","Oct 10, 2023",Snippet,Recording,"https://pillows.su/f/e02c7caacc6e75ce85060a994f639d11
https://pillows.su/f/34bf66ccee7a4c8cb78656b7aa61ee1f
https://pillows.su/f/c398eaac7776d151dbc637fc6b890b63 
https://pillows.su/f/1f37075126d1aa8031a91804230ec51d"
Dream House,"G.P.E. [V1]
(prod. Marii Beatz & Hitmaka)","Song from 2019. Previewed by Ty Dolla $ign on Instagram Live in 2020. Leaked October 5, 2023.",3:00,,"Oct 5, 2023",Full,CD Quality,https://pillows.su/f/f53c43f9be4dcfc0b937b4ae8519f36b
¥$,"Back To Me [V13]
(prod. Zach Frenes, Wax Motif, Nic Nac, Count Bassy, Kanye West, AyoAA & 88-Keys)
(Back 2 Me, Cheesecake)","OG Filename: back to me a...
A short video of Ye & Ty Dolla $ign playing a song from Ye's new album leaked October 2, 2023 after an article published just a day before said that Ye looked 'furious and distressed as he previews his upcoming album'. Likely produced by 88-Keys as he's seen in the background of the video. Title and length were partially posted by Mark Seekings on November 11, 2023, appears to be around ~5:00 in length. One of the first BBPB leaks.",~5:00,,"Oct 2, 2023",Snippet,Recording,https://pillows.su/f/ab80547db49057de63ece68f87e4e31e
Beach House 4 [V1],"Kanye West - Junya Watanabe [V3]
(ref. Ty Dolla $ign) (prod. Digital Nas)
(Junya)","OG Filename: Junya wantanabe - 21.06.03 Ty$ V1 ref
Ty recorded his reference for ""Junya"", which would later be reused for his verse on ""Junya pt 2"" on June 3rd, 2021. The reference is on the original beat. Has an alt vocal take from Ty with some different lines",2:35,"Jun 3, 2021","Oct 1, 2023",OG File,Lossless,https://pillows.su/f/3401de34fefd4a9567117f47450e66c1
Campaign [V1],"Kanye West - Fade [V14]
(prod. DJDS, Benji B, Charlie Handsome, Anthony Kilhoffer & MIKE DEAN)","OG Filename: FADE - DJDS FULL SONG @ 106 
DJDS version of ""Fade"". Has similar production to the version below, but lacks all vocals from Ye, Ty and Post Malone.",3:03,"Jan 22, 2016","Sep 30, 2023",OG File,Lossless,https://plwcse.top/f/0e8153317e381256623c5826dfbd595f
Featuring Ty Dolla $ign,"Juice
(prod. Hitmaka)","Track from Featuring Ty Dolla $ign sessions, unrelated to the Campaign track of the same name. Has an open verse. Leaked September 26, 2023.",2:42,,"Sep 26, 2023",Full,CD Quality,https://pillows.su/f/6926379431ef9bf91ca657c211ac049a
Featuring Ty Dolla $ign,"Dr. Dre & Kanye West - Everything We Need (Remix)
(feat. Ty Dolla $ign & Ant Clemons) (prod. Dr. Dre)","OG Filename: 07 Everything We Need (Remix) RE2 2.1 Main_4424__02MAR2020
Dr. Dre version of ""Everything We Need"". Features the same vocals as the Jesus Is King version.",2:41,"Mar 2, 2020","Sep 25, 2023",OG File,High Quality,https://pillows.su/f/ad726718a512406f76602a88ca03a698
Featuring Ty Dolla $ign,"Murda Beatz - Doors Unlocked [V1]
(ref. Chrishan) (prod. Murda Beatz & Charlie Handsome)","Has a reference by Chrishan for Ty's verse, and the rest is open verse.",,,"Sep 24, 2023",Full,Lost,Link Needed
Dream House,"Kanye West - Wouldn't Leave [V6]
(feat. Jeremih, PARTYNEXTDOOR & Ty Dolla $ign) (prod. Kanye West, Ty Dolla $ign, MIKE DEAN& Noah Goldstein)","OG Filename: Wouldn't Leave REF 05.25.18
Another version of ""Wouldn't Leave"" from a few days later, with a different first verse similar to the release verse and a third verse with mumble. The Ty Dolla $ign outro on this version is used as a bridge. Leaked on September 22, 2023.",4:13,"May 25, 2018","Sep 22, 2023",OG File,CD Quality,https://plwcse.top/f/774f9fffe3aa038e88bb5a71903c6fb2
Yandhi,"Kanye West - New Body [V9]
(prod. RONNY J, Cubeatz & Plain Pat)","OG Filename: New Body [KW Hook] 09.29.18
Version with Ye voice memo vocals on the hook. Has an open verse. Leaked September 22, 2023.",2:51,"Sep 29, 2018","Sep 22, 2023",OG File,CD Quality,https://pillows.su/f/67bbf92bbbbeb758bca0b0903c7aa828
Yandhi,"Kanye West - New Body [V14]
(ref. Tassho Pearce) (prod. RONNY J, Cubeatz & Plain Pat)","OG Filename: Ye New Body Tassho Ref
Tassho Pearce reference track. Leaked September 22, 2023.",1:22,"Sep 1, 2018","Sep 22, 2023",OG File,CD Quality,https://pillows.su/f/4fc222d333b6ae018668c770d3b9dc58
Campaign [V1],"Kanye West - Fade [V15]
(feat. Ty Dolla $ign & Post Malone) (prod. DJDS, Benji B, Charlie Handsome, Anthony Kilhoffer& MIKE DEAN)","OG Filename: fade_full_stems
DJDS version of ""Fade"". Features production similar to release. Leaked on September 19, 2023.",3:19,,"Sep 19, 2023",OG File,CD Quality,https://plwcse.top/f/e0b038a8ffae0ec631e6ff41dfdb5a66
Dream House,"Thank You Vol. 2 [V2]
(feat. Kid Cudi) (prod. Audio Anthem & BoogzDaBeast)
(Track 6, Track 5)","OG Filename: Thank You Vol 2 - CUDI and KW REF
Mumble freestyle between Ye and Kid Cudi over the sample loop. Ye's vocals on release would be directly taken from this version.",4:04,,"Sep 19, 2023",OG File,High Quality,https://pillows.su/f/8efe70d53a0fb3aa1e372fe79f34cf90
Featuring Ty Dolla $ign,"Kanye West - Welcome To My Life [V4]
(feat. Ty Dolla $ign) (prod. Rico Nichols, Darius Woodley & E.VAX)","OG Filename: EVAN_mix
Version of ""Welcome To My Life"" with additional production from E.VAX. VC recorded snippet leaked in 2022. Leaked on September 19, 2023.",,"Jul 5, 2020","Sep 19, 2023",OG File,CD Quality,https://krakenfiles.com/view/inZCoLfJis/file.html
Featuring Ty Dolla $ign,"Kanye West - Welcome To My Life [V3]
(feat. Ty Dolla $ign) (prod. Rico Nichols & Darius Woodley)","OG Filename: Welcome To My Life - 06.27.20 Add RxD Adds
Version of ""Welcome To My Life"" from June 27, 2020. Fully finished, but rougher than later versions.",,"Jun 27, 2020","Sep 17, 2023",OG File,High Quality,https://krakenfiles.com/view/Lb4XlOBWCn/file.html
Featuring Ty Dolla $ign,"⭐ Kanye West - Welcome To My Life [V7]
(feat. Ty Dolla $ign) (prod. Rico Nichols, Darius Woodley, BoogzDaBeast & FNZ)","OG Filename: Welcome To My Life V2
Version of ""Welcome To My Life"" from October 2020 with a better mix than the September version. Feature a few different instrumental elements and a different outro.",3:45,"Oct 20, 2020","Sep 17, 2023",OG File,Lossless,https://pillows.su/f/b8e9a30d43ff8928ec45935979eff310
Beach House 4 [V1],"Kanye West - Welcome To My Life [V8]
(feat. Ty Dolla $ign) (prod. Rico Nichols, Darius Woodley, BoogzDaBeast & FNZ)","OG Filename: Welcome To My Life V2
Version of ""Welcome To My Life"" from November 2020, similar to the October version except the Virgil line is censored and there are mixing differences.",,"Nov 1, 2020","Sep 17, 2023",OG File,Lossless,https://pillows.su/f/fb047cfac60dbb220bc03a851070a389
Beach House 4 [V1],"Kanye West - Survived [V1]
(ref. Ty Dolla $ign) (prod. Ojivolta)","OG Filename: Survived V1_Ov
Ty Dolla $ign reference track. Unknown if a Ye version exists. Leaked September 17, 2023.",2:39,,"Sep 17, 2023",OG File,CD Quality,https://pillows.su/f/75203aabe4e5d935023e7d98a8695d2a
Featuring Ty Dolla $ign,"Peter Lee Johnson - ???
(prod. Peter Lee Johnson)
(Reachin')","Demo created by Peter Lee Johnson ""a few years ago"" which would become the melody for ""Reachin'"". Snippet posted by Peter Lee Johnson to Instagram on September 15th, 2023.",,,"Sep 15, 2023",Snippet,High Quality,https://pillows.su/f/d3e16ed508905152c46bdf7ad7b4d281
Beach House 4 [V2],"Kanye West - Unlock [V4]
(prod. 88-Keys, Boi-1da & Digital Nas)
(Unlocked)","Version of the song played at the Mowalola fashion show in London on September 15, 2023. Has a different hook compared to other versions, with the last portion pitched down.",,"Jun 1, 2023","Sep 15, 2023",Partial,Recording,https://pillows.su/f/022cd95cc4a74c5e12771dd84a672d25
Beach House 4 [V2],"Kanye West - Ceremony Freestyle [V2]
(prod. 88-Keys)
(Problematic)","Song played backstage after Steve Lacy's set at the Electric Picnic festival in Ireland. Snippet contains mumble. Unknown who produced it or if there are any features. Samples ""Jubilation"" by Spooky Tooth. Nicknamed ""Leader Of The Vatican"" until the real name was revealed later. Seen on the Japan tracklist for YEBU. Bryson Gray said on an Instagram Live that he has this version.",,,"Sep 1, 2023",Snippet,Recording,https://pillows.su/f/227299290e9c030d6f4ca19e441a9d28
Beach House 4 [V2],"Caleb Bryant - Is It Enough
(prod. Caleb Bryant)","OG Filename: [Caleb Bryant] 65bpm - is it enough
Original song that was made by Caleb Bryant in 2023 that was later sampled for ""SAY IT"". Early versions of ""SAY IT"" directly sampled the vocals from this version, while later versions and release would feature Ant Clemons covering the sample instead. Snippet posted by Caleb Bryant to TikTok on August 7th, 2023.",,"Aug 7, 2023","Aug 7, 2023",Snippet,High Quality,https://pillows.su/f/8feafdf2a014fdb38052fc565455ba03
Free TC,"Kanye West - Fade [V5]
(feat. Ty Dolla $ign) (prod. Kanye West)",Version which James Blake would record over.,,,"Aug 5, 2023",Snippet,Low Quality,https://pillows.su/f/5d9b0effd91d764bf2f31adb606a0ed6
Free TC,"✨ Kanye West - Fade [V6]
(feat. Ty Dolla $ign & James Blake) (prod. Kanye West)","OG Filename: FADE @ 120 BPM Dm
Version from March 2015 with vocals from James Blake and alternate production. Snippet leaked October 23, 2022.",4:20,"Mar 3, 2015","Aug 5, 2023",Stem Bounce,Lossless,https://pillows.su/f/91227b8669c1779b6f639b32f00d9d66
Dream House,"Kanye West - All Mine [V6]
(ref. Consequence) (feat. Ty Dolla $ign & Ant Clemons)","Kanye has said that Consequence contributed the ""Stormy Daniels"" line, in a June 2018 interview. In response to Elon Musk posting the ye cover to Twitter, Consequence played his reference track on Instagram Live. Dated after Ty Dolla $ign recorded his vocals as his vocals are present on this version.",,,"Jul 18, 2023",Partial,Recording,https://pillows.su/f/17143e0dcc486140ccc611c918933812
Beach House 4 [V1],"CHASE B - Ring Ring [V4]
(feat. Travis Scott, Don Toliver, Quavo & Ty Dolla $ign) (prod. BRYVN & CHASE B)","OG Filename: RING RING 713 MIX 3
Later version now featuring Ty Dolla $ign. Ty has some new lines, there's a Chase B tag in the intro, and the song has different mixing with more reverb at points. Appears to be the same version that was previewed by Chase B on Instagram Live on September 27, 2021.",3:43,,"Jul 15, 2023",OG File,CD Quality,https://pillows.su/f/15084d07c8ebbc13f59ad485685e159c
Yandhi,"Kanye West - The Garden [V8]
(prod. ???)
(Garden, Pets)","OG Filename: IMG_1164
A version of ""Garden"" that contains the voice note Kanye freestyle that is heard in the version of ""Garden"" with Carol's extended reference. Shares the same beat as the ""Pets"" demo. Enya VC recording snippet resurfaced October 22, 2022, with the full song leaking on July 9, 2023.",2:21,"Sep 22, 2018","Jul 9, 2023",OG File,Lossless,https://pillows.su/f/c51c7d84c6b3e3ca9fea28d25ca91c00
Yandhi,"Kanye West - The Garden [V17]
(feat. Sunday Service Choir, Slim & Ty Dolla $ign) (prod. ???)
(Garden, Pets)","OG Filename: The Garden - Chor Piano loop w Slim 02.28.19
First reworked version of the song from 2019, with most instrumentation removed in favor of the Sunday Service Choir's singing, and Ty's vocals cut down to one line that fades out. Leaked July 9, 2023.",2:34,"Feb 28, 2019","Jul 9, 2023",OG File,Lossless,https://pillows.su/f/e8caacaa8ad7e6df302bf19c459183f2
Yandhi,"Kanye West - The Garden [V18]
(feat. Sunday Service Choir, Slim & Ty Dolla $ign) (prod. ???)
(Garden, Pets)","OG Filename: The Garden - Choir - loop - shortened
Similar to the version above, but cut down to be shorter. Leaked July 9, 2023.",2:00,"Mar 2, 2019","Jul 9, 2023",OG File,Lossless,https://pillows.su/f/dd1f41ea97c72eda102974c6eb6a451a
Yandhi,"Kanye West - The Garden [V19]
(feat. Sunday Service Choir, Slim & Ty Dolla $ign) (prod. ???)
(Garden, Pets)","OG Filename: The Garden - Choir Loop 03.04.19
 Similar to the version above. Snippet leaked June 16, 2023. Leaked July 9, 2023.",2:00,"Mar 4, 2019","Jul 9, 2023",OG File,Lossless,https://pillows.su/f/5c353e2b80d2d6baee54c43c2e584ea7
Yandhi,"Kanye West - The Garden [V20]
(feat. Sunday Service Choir, Slim & Ty Dolla $ign) (prod. ???)
(Garden, Pets)","OG Filename: The Garden - Choir - loop - extended bass
Similar to the version above, but with added bass and different mixing. Leaked July 8, 2023.",2:00,"Mar 7, 2019","Jul 9, 2023",OG File,Lossless,https://pillows.su/f/0a0d9f3b40fe2f7fc531ff2fecb8c8bf
Yandhi,"Kanye West - The Garden [V21]
(feat. Sunday Service Choir, Slim & Ty Dolla $ign) (prod. ???)
(Garden, Pets)","OG Filename: The Garden - Choir - loop - muted bass
Similar to the version above, but with the bass removed. Leaked July 9, 2023.",2:00,"Mar 19, 2019","Jul 9, 2023",OG File,Lossless,https://pillows.su/f/c8ef8381943d6428f081c0797e07a86c
Yandhi,"Kanye West - The Garden [V22]
(feat. Sunday Service Choir, Slim & Ty Dolla $ign) (prod. ???)
(Garden, Pets)","OG Filename: The Garden - shorter loop new bass - 03.19.19
Similar to the version above, but with different bass added and shortened. Leaked July 9, 2023.",1:25,"Mar 19, 2019","Jul 9, 2023",OG File,Lossless,https://pillows.su/f/2c523d350d02a57920954fe10ab8ad5c
Yandhi,"Kanye West - The Garden [V23]
(feat. Sunday Service Choir, Slim & Ty Dolla $ign) (prod. ???)
(Garden, Pets)","OG Filename: The Garden 100 - 03.28.19
Similar to the version above, but with the tempo decreased to 100 bpm. Leaked July 9, 2023.",1:36,"Mar 28, 2019","Jul 9, 2023",OG File,Lossless,https://pillows.su/f/d136af25c01e85e5ca61681662b2b38d
Yandhi,"XXX [V21]
(feat. Kid Cudi, XXXTENTACION, Ty Dolla $ign, Ant Clemons & tizhimself) (prod. RONNY J & MIKE DEAN)
(Everything We Need, The Storm, We Begin, Jeet, We Begin After The Storm Inside)","OG Filename: XXX 10.07.18 [Shorten]
Another shortened version of ""XXX"". Was used on a December tracklist.",2:13,"Oct 7, 2018","Jul 9, 2023",OG File,CD Quality,https://pillows.su/f/80306ec246a3d2fc06c4ee7ab9576ce3
Yandhi,"Kanye West - The Garden [V25]
(feat. Slim & Sunday Service Choir)
(Pets)","OG Filename: The Garden Fast Grid - 07.18.19 - Choir Loop shorter
Version of the song made during JESUS IS KING-era, however, not the version found on the August copy.",1:08,"Jul 18, 2019","Jul 9, 2023",OG File,Lossless,https://pillows.su/f/fc25d2753a04eb173c49b4a25ad17c40
Featuring Ty Dolla $ign,"Kanye West - New Body [V32]
(feat. Ty Dolla $ign & Nicki Minaj) (prod. Cubeatz, Plain Pat, Ty Dolla $ign & Kanye West)","OG Filename: New Body - 07.10.20 Ye Edit
Version with a re-recorded Nicki Minaj verse and different drums. Leaked July 7, 2023.",4:03,"Jul 10, 2020","Jul 7, 2023",OG File,CD Quality,https://pillows.su/f/3418aa29a96c9fec6d3701f03f75c3d3
PURPLE MOON,"??? [V1]
(prod. GREN808)","Original beat. Snippet posted by GREN808 to Instagram on June 29th, 2023.",,,"Jun 29, 2023",Snippet,CD Quality,https://pillows.su/f/6806b1eac54b84b0ad392bbf62510324
Featuring Ty Dolla $ign,"Ariana Grande - Safety Net [V3]
(feat. Ty Dolla $ign) (prod. Leon Thomas, Keys Open Doors, The Rascals & TBHits)","OG Filename: Safety Net_E_81_6.29.20_1-2
Early mix very similar to release.",3:27,,"Jun 16, 2023",OG File,CD Quality,https://pillows.su/f/4c3b1c7254f250a29bcc565914e62455
Beach House 4 [V1],??? [V1],"Version of the track Ty was recording harmonies on. Can be heard in his headphone bleed. Interpolates his track ""I Bet"".",,,"Jun 5, 2023",Snippet,Recording,https://pillows.su/f/43c7cb705515631de9ab501f739cdd3a
Beach House 4 [V1],??? [V2],"Song Ty was recording harmonies on while getting tattooed. Snippet posted to his TikTok on June 5, 2023.",,"Jun 5, 2023","Jun 5, 2023",Snippet,Recording,https://pillows.su/f/43c7cb705515631de9ab501f739cdd3a
Dream House,"⭐ Drake - Jaded [V1]
(feat. Ty Dolla $ign) (prod. Noel Cadastre)","OG Filename: Jaded DRAKE TY 02.06.18
Version of ""Jaded"" with a Ty verse that was cut from the version officially released on Scorpion.",3:30,"Feb 6, 2018","May 28, 2023",OG File,CD Quality,https://pillows.su/f/17428415887762813115650285f85a15
Dream House,"🗑️ Don Toliver - Crimson [V7]
(feat. Ty Dolla $ign)","OG Filename: Crimson 7 Ty_Ruff
Really rough throwaway featuring Don Toliver, likely from 2019. Likely Don's song judging by the filename. Has rough Ty vocals with heavy autotune. Has a Clash Royale type beat.",,,"May 24, 2023",Full,CD Quality,https://pillows.su/f/3d0226cd2413cb3d57f3f1703243ce9d
Featuring Ty Dolla $ign,"Kanye West - By Ur Side [V2] 
(ref. J.Lauryn) (feat. Ty Dolla $ign) (prod. Major Seven)
(By Your Side)","OG Filename: 8 2 20 BY UR SIDE Kanye
Version with two J.Lauryn reference verses. Is otherwise is the exact same as the other version.",3:54,"Aug 2, 2020","May 18, 2023",OG File,High Quality,https://pillows.su/f/d223157480acc2d2fabdc8b1f686d45c
Dance EP,"Motion [V3]
(prod. Stryv & Will Larsen)","Early mix previewed by Ty to Twitter on May 15th, 2023, several weeks before the song's release.",,"May 15, 2023","May 15, 2023",Snippet,Recording,https://pillows.su/f/bed9c74312c80be33771df310780b77e
Dream House,"⭐ G.P.E. [V7]
(feat. Young Thug) (prod. Marii Beatz & Hitmaka) 
(Good Pussy Energy)","OG Filename: G.P.E.-Main Mix V7 CD
Song from 2019. This version has a verse from Young Thug replacing Ty's second verse. First leaked June 4, 2021. OG file leaked May 4, 2023.",3:16,,"May 4, 2023",OG File,CD Quality,https://pillows.su/f/6a394f8c1654e8081a9a7c43f8a33fae
Dream House,"Juice WRLD - The Motions [V2]
(feat. Ty Dolla $ign) (prod. Hit-Boy)
(HeMotions, Motions, Muddy Emotions)","OG Filename: The Motions Ty V1
Alternate version with Ty Dolla $ign. Was rumored to exist but was unheard prior to being played by Ty on an Instagram Live on March 27, 2020.",3:22,,"Apr 18, 2023",OG File,CD Quality,https://pillows.su/f/34fce71e8dcc73c81f20ae2942cf3aea
Beach House 4 [V1],"Takeoff - Let Me Chill Out [V1]
(feat. Rich The Kid & YoungBoy Never Broke Again) (prod. Buddah Bless)
(Ye About Mine, Motion)","OG Filename: Let Me Chill Out v1.3_Takeoff x YB x RTK_Buddah
Original version of the song from mid-2022, later given to Ye for VULTURES 2. Leaked April 2, 2023.",2:15,,"Apr 2, 2023",OG File,CD Quality,https://pillows.su/f/3332e48583be824ef6ba94dd0e53b6a6
Featuring Ty Dolla $ign,"✨ BLM 3
(prod. Ty Dolla $ign)","Instrumental played during Soulection Radio Show #587 on March 26th, 2023, credited under Ty's DJ name, ""Minister"". Transitions into ""LAY UP (Demo)"" by SiR as part of the DJ mix.",2:18,,"Mar 26, 2023",Full,CD Quality,https://pillows.su/f/959af564706e448fed04216a3ef51ca1
Featuring Ty Dolla $ign,"⭐ Don't Act
(prod. Ty Dolla $ign)","Song played during Soulection Radio Show #587 on March 26th, 2023, credited under Ty's DJ name, ""Minister"". Transitions into ""Either Way (JVKINHO SAMBA Version)"" by JVKINHO as part of the DJ mix.",2:53,,"Mar 26, 2023",Full,CD Quality,https://pillows.su/f/9d1939d724c4eb5eb6e1f1dab8c1afe5
Yandhi,"Kanye West - Model Type [V9]
(feat. Ty Dolla $ign & CyHi) (prod. Kanye West, Charlie Heat & Noah Goldstein)
(You Ain't No Model, Model)","OG Filename: KANYE WEST + TY DOLLA SIGN - MODEL TYPE - SMPL_12
Version with new production and vocals. Was thought to be Ty's song as the snippet was found on IRKO's website, but the filename implies that it was Ye's song at this point. Snippet leaked March 9, 2023.",,,"Mar 9, 2023",Snippet,CD Quality,https://pillows.su/f/f60eb32c046e44a7bd97e623d48807ce
$ign Language 2,"🏅 ???
(prod. Juicy J & Bone Collector)
(On The Low)","Song previewed by Ty in an Instagram story posted on February 18th, 2023, captioned ""#signlanguage2 @juicyj"". The snippet was reposted by Bone Collector captioned ""fire incoming w @tydollasign @juicyj #signlanguage2"", possibly indicating that he worked on the song.",,,"Feb 18, 2023",Snippet,Recording,https://pillows.su/f/b28553f1004952e4fb38e7e42515e5c8
Beach House 4 [V1],"Kanye West & James Blake - Church Girl [V1]
(prod. James Blake & No ID)","Snippet leaked February 17, 2023.",,,"Feb 17, 2023",Snippet,Recording,https://pillows.su/f/f43e24aa6a263b61c4fc533b8bbf8ade
Beach House 4 [V1],"Kanye West & James Blake - Talking [V3]
(prod. James Blake, No ID & Dom Maker)","Snippet leaked February 17, 2023.",,,"Feb 17, 2023",Snippet,Recording,https://pillows.su/f/463f8d907adb842f316cc0e1c5ed1a3f
Beach House 4 [V1],"???
(prod. DJ Scheme)
(Deep Inside)","Snippet posted to DJ Scheme's Twitter and Instagram February 14, 2023.",,,"Feb 14, 2023",Partial,High Quality,https://pillows.su/f/d59ba2a2a0363bfe404753f86c552bc3
Dream House,"Teyana Taylor - Chop 26 [V1]
(ref. The WRLDFMS Tony Williams) (prod. Kanye West)
(3Way)","OG Filename: Tony Williams Chop 26 ref 1
The WRLDFMS Tony Wililams ""3Way"" reference track. Metadata dates it as being from between January 20th and 29th of 2018. Uses ""Chop 26"".",4:06,,"Feb 5, 2023",OG File,CD Quality,https://pillows.su/f/33a9164ebfcac3d3709c460528a4bfc1
Yandhi,"Kanye West - XXX / The Storm [V23]
(feat. XXXTENTACION, Ty Dolla $ign, Ant Clemons & tizhimself)
(Everything We Need, We Begin, Jeet, We Begin After The Storm Inside)","OG Filename: XXX - The Storm v1
Has the same V1 beat but with extra effects, proper mixing and no Kid Cudi verse. Leaked on February 5, 2023.",2:48,"Dec 22, 2018","Feb 5, 2023",OG File,CD Quality,https://pillows.su/f/71acd5841ca872802ac374f42873822d
Cheers to the Best Memories,"You Know [V2]
(prod. Nineteen85)
(Mind Ya Business, Mind Your Business)","OG Filename: You Know Idea
Version with no Charlie Wilson backing vocals and a less developed instrumental.",2:36,,"Feb 3, 2023",Full,CD Quality,https://pillows.su/f/6b9363e002e1f2864134e574f968f4b5
Cheers to the Best Memories,"You Know [V3]
(prod. Nineteen85)
(Mind Ya Business, Mind Your Business)","OG Filename: You Know V1 Fai Mix Ref
Almost identical to the last version but with a new mix from DJ Fai, as well as a slightly different outro.",2:30,,"Feb 3, 2023",Full,CD Quality,https://pillows.su/f/51d7b031e6a741040fe4e8173579e14a
Cheers to the Best Memories,"Mind Ya Business [V4]
(feat. Charlie Wilson) (prod. Nineteen85)
(Mind Your Business, You Know)","OG Filename: Mind Ya Business 3.3.21 Open
Has an open verse, extra Ty vocals, and background vocals from Charlie Wilson throughout the song.",3:06,"Mar 3, 2021","Feb 3, 2023",Full,Lossless,https://pillows.su/f/9d62d2ee79a64dd29cf80cb5b9d0bba7
Cheers to the Best Memories,"✨ Mind Ya Business [V5]
(feat. Charlie Wilson) (prod. Nineteen85 & D'Mile)
(Mind Your Business, You Know)","OG Filename: Mind Ya business Open Bridge 76bpm
Version of the song made before being given to Diddy. Has more developed production and extra Ty vocals compared to both the previous versions and release, as well as a better mix. Still has an open verse, likely intended for Daniel Daley to record over.",3:36,"Mar 9, 2021","Feb 3, 2023",Full,Lossless,https://pillows.su/f/9b5cbd54e3994215d2718bc9f0773cea
Beach House 4 [V1],"??? [V2]
(prod. Hitmaka)
(Do Me Dirty)","Possibly Hitmaka's song, although this is unconfirmed. Previewed by Hitmaka on Instagram Live February 2, 2023.",,,"Feb 2, 2023",Snippet,Recording,https://pillows.su/f/be28d92d17eee5d60491f71b8836a08f
Yandhi,"Kanye West - Everything We Need [V34]
(ref. Pusha T) (feat. Ty Dolla $ign & Ant Clemons)
(Jeet, The Storm, We Begin, XXX, We Begin After The Storm Inside)","OG Filename: Everything We Need - 10.20.19 OG v1 w Eve v2
Has a single Pusha T reference line punch-in and an extended outro with Ty Dolla $ign vocals. Has less effects on the Kanye vocal take.",2:12,"Oct 20, 2019","Jan 31, 2023",OG File,Lossless,https://pillows.su/f/40abda62bcf4d0f3032dd92574cb8825
Mustard Collaboration,"A Song For Mom [V1]
(prod. Mustard)","Version which lacks the Charlie Wilson vocals from the released version. Later released on Mustard's Faith of a Mustard Seed album, but was likely intended for the collab initially. Tagged with sample clearance tags.",,,"Jan 24, 2023",Tagged,CD Quality,https://pillows.su/f/f1ca0335816ec3c5a867997dc8fde299
Dream House,"Juice WRLD - HeMotions [V1]
(prod. Hit-Boy)
(The Motions, Motions, Muddy Emotions)","OG Filename: juice wrld - HeMotions v1.2 (hit soys2000)
Rough demo version with open verses. First previewed March 4, 2019. Leaked on 1/14/2023.",,"Jan 11, 2019","Jan 14, 2023",OG File,Lossless,https://pillows.su/f/fb59766696c1130823f4d1dcd4d098b6
Dream House,"Juice WRLD - HeMotions [V3]
(prod. Hit-Boy)
(The Motions, Motions, Muddy Emotions)","OG Filename: HeMotions-Main Mix V2 JJ
Version mixed by Jaycen Joshua. Leaked on 1/14/2023.",,"Feb 2, 2019","Jan 14, 2023",OG File,Lossless,https://pillows.su/f/9d997c04ebbc206a7805a54635a7f45b
Featuring Ty Dolla $ign,"Kanye West - Welcome To My Life [V5]
(feat. Ty Dolla $ign) (prod. Rico Nichols & Darius Woodley)","Version of ""Welcome To My Life"" seen on July tracklists and a July 23rd copy of the album. Has a minute-long Kanye verse which recounts the events leading up to his fame while making often obscure references to art. Similar to the September version, with a worse mix, and another sample. Samples a clip of Richard Williams calling out an interviewer in 1995. Leaked in full on January 9, 2023.",,,"Jan 9, 2023",OG File,CD Quality,https://krakenfiles.com/view/uevU3htaU6/file.html
Featuring Ty Dolla $ign,"Kanye West - Welcome To My Life [V6]
(feat. Ty Dolla $ign) (prod. Rico Nichols, Darius Woodley, BoogzDaBeast & FNZ)","OG Filename: KW Welcome To My Life V1 (BEdit) 09.15.20
Version of ""Welcome To My Life"" with a better mix than the June version, an alternate outro and a few minor different instrumental elements. Samples ""Diminutions"" by Van der Graaf Generator. A CDQ snippet leaked on 12/17/22, and a second snippet leaked 12/22/22. Groupbuy for $10,000 finished on January 8, 2023.",,"Sep 15, 2020","Jan 8, 2023",OG File,CD Quality,https://krakenfiles.com/view/lCrCYkzxkG/file.html
Talk About it in the Morning,Do My Thing,Wiz Khalifa and Ty track from around 2014.,4:03,,"Dec 25, 2022",Full,CD Quality,https://pillows.su/f/9782a9edb624266885a4ec29c989b2af
Campaign [V1],"Kanye West - Real Friends [V5]
(prod. Darren King)","OG Filename: REAL FRIENDS DARREN KING REPLAY IDEAS
Darren King version of ""Real Friends"". Only the beat is currently available.",,,"Dec 25, 2022",Beat Only,Lossless,https://pillows.su/f/bd5b8edc3c4595a40f21b091e0cf6ae7
Dream House,"Throw Dat
(feat. Jeremih) (prod. Hitmaka)","Finished song featuring Jeremih, produced by Hitmaka.",2:52,"Aug 5, 2020","Dec 25, 2022",Full,CD Quality,https://pillows.su/f/e062cbce101afe3fb2a522be71200266
Beach House 4 [V1],"A$AP Rocky - How It Is [V1]
(prod. Madlib, D33J, Shlohmo & Boys Noize)
(That's Just How It Is)","An earlier solo version ""How It Is"" without the feature from Ty Dolla $ign. The song was made during the same sessions with producers D33J, Shlohmo and Boyz Noise as the songs ""King Size"", ""Lift"" and ""Pass By"" either in late 2020 to sometime in 2021, but this song does not feature the infamous ""GRIM"" tag as some of the others do, but the song is confirmed to be in the same sessions as the ones that do which helps confirm the year. Original snippet leaked on March 18, 2022.",2:39,,"Dec 25, 2022",Full,CD Quality,https://pillows.su/f/1623e650d3b1daf34d2e15f93250f52e
Free TC,"Kanye West - Four Five Seconds [V6]
(ref. Ty Dolla $ign) (feat. Paul McCartney) (prod. Paul McCartney)
(3, Don't Wanna Fight)","Ty Dolla $ign reference track. Kanye can be heard mumbling in the background. Used as the backing track for a performance of the song at FYF Fest 2015. CDQ snippet leaked December 19, 2022.",,,"Dec 19, 2022",Snippet,CD Quality,"https://pillows.su/f/aaabc32c8939b26fc12f6bdd7384442e
https://www.youtube.com/watch?v=vUEw7SePPSg"
Campaign [V1],"Kanye West - Only One [V6]
(feat. Paul McCartney, Caroline Shaw & Ty Dolla $ign) (prod. Paul McCartney, Noah Goldstein & MIKE DEAN)","Version of ""Only One"" with Caroline Shaw vocals and alternate production. Snippet released in the scrapped ""Only One"" game trailer. Used as the outro of the Saint Pablo tour version of the song. A new snippet leaked December 2022. Leaked in full on 12/16/2022.",4:22,,"Dec 16, 2022",Full,CD Quality,https://plwcse.top/f/fc35e928d355e46b1fb422aa03de23ea
Featuring Ty Dolla $ign,"✨ Roddy Ricch - Everyday [V6]
(feat. Ty Dolla $ign & Young Thug) (prod. Tay Keith)","Song with Young Thug and Roddy Ricch. Snippet leaked September 7, 2020. Leaked December 14, 2022.",2:19,,"Dec 14, 2022",Full,CD Quality,https://pillows.su/f/ee1cf28506374480ad47b1d6d7ae0d99
Featuring Ty Dolla $ign,"Blxst - Chosen [V1]
(feat. Ty Dolla $ign) (prod. JFK Beatz, ThaRealCstylez & Blxst)",Version lacking the Tyga verse from release. Recorded sometime in 2020.,2:41,,"Dec 8, 2022",Full,CD Quality,https://pillows.su/f/fbd46b51225eed1b2f69ec71ea0e0cb9
MIH-TY,"⭐ Me
(prod. Hitmaka)","OG Filename: Me 12.15.17
Finished song from MIH-TY sessions. Snippet leaked December 4, 2018.",2:56,"Dec 15, 2017","Dec 7, 2022",OG File,CD Quality,https://pillows.su/f/951671d629b0bffac1998760ee41f9e3
Dream House,"80
(prod. damn james!, BlueySport, Ty Dolla $ign & William Van Zandt)","Hook-only song from Dream House sessions. Leaked November 3, 2022.",2:47,,"Nov 3, 2022",Full,CD Quality,https://pillows.su/f/2573fbd820e56f36052fb5f3f341c241
Dream House,"Caught Up
(prod. damn james!, BlueySport, Ty Dolla $ign & William Van Zandt)",Track from Featuring Ty Dolla $ign sessions. Leaked on LEAKED.CX.,2:44,,"Nov 3, 2022",Full,CD Quality,https://pillows.su/f/0548bbfe3c8f82e810bef078f35d82da
Dream House,"Cold Nights Alone [V1]
(prod. damn james!)
(Ice Spice)","Song from 2019. Has an open verse. Leaked November 3, 2022.",2:38,,"Nov 3, 2022",Full,CD Quality,https://pillows.su/f/c7d77b05b4f037e42495c06cc586f61a
Dream House,"✨ Embrace It
(feat. Quavo) (prod. damn james!, BlueySport, Ty Dolla $ign & William Van Zandt)","Song from 2019 featuring Quavo. Leaked November 3, 2022.",2:59,,"Nov 3, 2022",Full,CD Quality,https://pillows.su/f/7d4f99c2182cd88249bcf51a4e9fd9e8
Dream House,"Hot Cheetos
(prod. damn james!, BlueySport, Ty Dolla $ign & William Van Zandt)","Track from Featuring Ty Dolla $ign sessions. Leaked November 3, 2022.",2:40,,"Nov 3, 2022",Full,CD Quality,https://pillows.su/f/feccfa3251cfe7bcf0ee021740ae57d3
Dream House,"Mood Swings
(feat. Gunna) (prod. damn james!, BlueySport, Ty Dolla $ign, William Van Zandt & BEATSAINTFREE JG)","Song with Gunna from 2020. Snippet leaked October 18, 2022. Leaked November 3, 2022.",2:14,,"Nov 3, 2022",Full,CD Quality,https://pillows.su/f/29cf359c3626c7086d480d6557a87d0d
Dream House,"Off The Liquor
(prod. damn james!, BlueySport, Ty Dolla $ign & William Van Zandt)","Leaked November 3, 2022.",2:48,,"Nov 3, 2022",Full,CD Quality,https://pillows.su/f/95fdab391b747666d87537ab8d3384b7
Dream House,"Takes 1 To Know 1
(prod. damn james!, BlueySport, Ty Dolla $ign & William Van Zandt)","Song from 2020. Has an open verse. Leaked November 3, 2022.",2:28,,"Nov 3, 2022",Full,CD Quality,https://pillows.su/f/455f67124282c6530dd218379d0ac908
Featuring Ty Dolla $ign,"Come Correct
(feat. YG) (prod. Hitmaka)","Snippet leaked June 4th, 2020.",2:27,,"Nov 3, 2022",Full,CD Quality,https://pillows.su/f/0cb8ebf6dbfbeea9f0528cd8a3062063
Cheers to the Best Memories,"⭐ Call Me When You're Horny
(prod. Nineteen85, damn james!, Ty Dolla $ign & BlueySport)","Fully finished song with vocals from both Ty and Daniel. Initially thought to be from Featuring Ty Dolla $ign sessions, though it is more likely from Cheers to the Best Memories.",2:24,,"Nov 3, 2022",Full,CD Quality,https://pillows.su/f/40fb51b089ffd81beea292d74e5ce485
Free TC,"Kanye West - Fade [V10]
(feat. Post Malone & Ty Dolla $ign) (prod. Kanye West, Benji B, Charlie Handsome, Anthony Kilhoffer & MIKE DEAN)","Cut-down version of Post Malone's freestyle, featuring a verse not found in the released version. Only Post Malone's raw acapella stem for this version has leaked.",,"Aug 22, 2015","Nov 1, 2022",Partial,Lossless,https://pillows.su/f/ee2faed90b1ce21e7a47ade0e2a7f124
Beach House 4 [V1],"Kanye West - I Let Go [V6]
(ref. Ty Dolla $ign) (prod. Digital Nas & Ojivolta)","OG Filename: I Let Go 1f
Ty Dolla $ign reference track for ""I Let Go"", contains about a minute of Ty Dolla $ign vocals alongside Ye's. Leaked in full October 30, 2022.",2:55,"Jun 17, 2021","Oct 30, 2022",OG File,Lossless,https://pillows.su/f/9dfeb4a2ffcde5269ed4554fb2d6e876
Free TC,"Kanye West - Don't Let Your Guard Down [V1]
(prod. Hit-Boy)
(Guard Down)","OG Filename: KW - Don't Let Your Guard Down Ref (2.14.15)
Original Kanye mumble demo of ""Guard Down"".",3:31,"Feb 14, 2015","Oct 3, 2022",OG File,CD Quality,https://pillows.su/f/b323b7eefd3fd76aa1618bb3ce9f102c
Yandhi,"✨ Kanye West - City In The Sky [V18]
(feat. Ant Clemons, Ty Dolla $ign & 070 Shake) (prod. BONGO ByTheWay)
(Sky City, Ooh Child Things Are Gonna Get Easier, Ohh Child, Loyalty)","OG Filename: Audio 2_01
Jam session between Ty, Ant, and Shake over piano played by BONGO ByTheWay.",3:45,,"Oct 3, 2022",OG File,Recording,https://pillows.su/f/ad0543e09879e6ab70e6af54af968cc1
Free TC,"Kanye West - I Feel Like That [V4]
(feat. Ty Dolla $ign & The WRLDFMS Tony Williams) (prod. MIKE DEAN)","OG Filename: KW - I Feel Like That Ref (8.20.14)
Early version of the August 22nd demo. Contains rough mumbley freestyle vocals over the entire song, which evenetually ended up being cut in favor of a purely singing.",5:58,"Aug 20, 2014","Oct 2, 2022",OG File,CD Quality,https://plwcse.top/f/68c0f592a5b3774b6292cd43cdd73502
Campaign [V1],"⭐ Kanye West - I Feel Like That [V11]
(feat. Ty Dolla $ign & The WRLDFMS Tony Williams) (prod. MIKE DEAN & DJDS)","OG Filename: IFLT - DJDS FULL SONG @ 110
DJDS version of ""I Feel Like That"", from January 2016. The OG file's metadata labels it as the ""TLOP DJDS VERSION,"" but this is likely because they tagged the files in 2018. Was commonly referred to as ""Shogani IFLT,"" as he played it a lot in VCs. Leaked by Jabba on October 2, 2022.",4:12,"Jan 22, 2016","Oct 2, 2022",OG File,Lossless,https://pillows.su/f/910614072d2c57be77687d95a2a292e8
$24:00 [V1],"911 [V1]
(prod. damn james!, BlueySport & Ty Dolla $ign)",Solo Ty version with an open verse which 24hrs would later fill.,2:14,"Aug 5, 2018","Sep 9, 2022",Full,CD Quality,https://pillows.su/f/e4d5b70f32266a7ab44e1e6142c0ec4a
Dream House,"✨ Mind On Him [V1]
(prod. damn james!, BlueySport & Ty Dolla $ign)
(Mind Off Him)","Track from Featuring Ty Dolla $ign sessions. Has an open verse. Leaked September 9, 2022. Was later given to Rucci in 2024 and was meant to release as a single in March of that year but  it never ended up releasing.",2:13,,"Sep 9, 2022",Full,CD Quality,https://pillows.su/f/e7161daf9393290ab4ead1805e6e190d
Featuring Ty Dolla $ign,"Boomerang [V2]
(feat. Chrishan) (prod. BONGO ByTheWay)",Track from Featuring Ty Dolla $ign sessions. Features vocals from Chrishan. Leaked on LEAKED.CX.,2:53,,"Sep 9, 2022",Full,CD Quality,https://pillows.su/f/131d4b77d615b19dafad808e4cdd10b1
Dream House,"How I Feel
(feat. ???) (prod. damn james!, BlueySport & Van Zandt)","Finished song from 2019 with an unidentified feature. Leaked September 8, 2022 along with ""Showstoppin'"" and ""Split The Vibes"".",2:40,,"Sep 8, 2022",Full,CD Quality,https://pillows.su/f/0b4a7f4f8b2e450d56aeed86f372501f
Featuring Ty Dolla $ign,"⭐ Showstopping
(feat. Young Thug) (prod. Mustard)","OG Filename: TY x Young Thug - SHOWSTOPPING - YT_1 ruff
Finished song from 2020 featuring Young Thug. While the song cuts off abruptly midway through Thug's vocals on the outro, this is the OG File. Originally leaked September 8, 2022, alongside ""Split The Vibes"" and ""How I Feel"".",3:45,,"Sep 8, 2022",OG File,CD Quality,https://pillows.su/f/0caaf2277979d452acd058d9fc7131ec
Featuring Ty Dolla $ign,"⭐ Split The Vibes
(prod. Ty Dolla $ign & damn james!)","Fully finished synth pop song from Featuring Ty Dolla $ign sessions produced by damn james! and Ty himself. Leaked September 8, 2022, alongside ""Showstoppin'"" and ""How I Feel"".",3:11,,"Sep 8, 2022",Full,CD Quality,https://pillows.su/f/206286eeffc885d33ffc5bd49bc11b89
Beach House 4 [V1],"Young Thug & Gunna - Vibing [V1]
(prod. Wheezy & Dez Wright)
(We Need All Da Vibes)","OG Filename: VIBING - THUG x GUNNA
Original version of ""WE NEED ALL DA VIBES"" from 2021 with a verse from Gunna that was later replaced by Ty's verse. Gunna's adlibs remained on release before the song was updated and they were removed. Previewed by Ocean Drive Slim on March 30, 2021. Leaked August 30, 2022.",2:40,,"Aug 30, 2022",OG File,CD Quality,https://pillows.su/f/201e223bfe935fbe57ad9eeab6ec476f
Mustard Collaboration,"⭐ Hole In The Apple
(feat. Jack Harlow) (prod. Mustard)","Fully finished song with a verse from Jack Harlow. Samples ""Do You Believe"" by The Supreme Jubilees.",2:26,,"Aug 29, 2022",Full,CD Quality,https://pillows.su/f/649a4b35888b3054a031e89f624a55fb
Yandhi,"Kanye West - Everything We Need [V38]
(feat. Ty Dolla $ign, Ant Clemons & Sunday Service Choir) (prod. Kanye West, Federico Vindver, BoogzDaBeast, RONNY J, FNZ & MIKE DEAN)
(Jeet, The Storm, We Begin, XXX, We Begin After The Storm Inside)","OG Filename: Everything We Need (MD JJ MIX 6 FLAT) (MASTERED DK
Has an alternate Ty Dolla $ign vocal take with changed lyrics similar to the Sunday Service Choir version. Made on 24th October 2019, 1 day before the release of JESUS IS KING.",1:57,"Oct 24, 2019","Aug 28, 2022",OG File,Lossless,https://pillows.su/f/8ff92007d143b165ceccab85afb81a6c
Yandhi,"Kanye West - Everything We Need [V39]
(feat. Ty Dolla $ign, Ant Clemons & Sunday Service Choir) (prod. Kanye West, Federico Vindver, BoogzDaBeast, RONNY J, FNZ & MIKE DEAN)
(Jeet, The Storm, We Begin, XXX, We Begin After The Storm Inside)","OG Filename: Everything We Need (MD JJ MIX 6 FLAT) (MASTERED DK (24bit)
Made on 24th October 2019, 1 day before the release of JESUS IS KING.",1:57,"Oct 24, 2019","Aug 28, 2022",OG File,Lossless,https://pillows.su/f/aec013b381481c1bf6783f2e2e871c3c
Dream House,"⭐ Gas Station
(prod. damn james!, Ty Dolla $ign & BlueySport)","Track from Featuring Ty Dolla $ign sessions. Ty interpolates his own song ""Campaign"" on here and talks about something other than fucking bitches, making for one of his best verses from the era.",2:44,,"Aug 26, 2022",Full,CD Quality,https://pillows.su/f/8cb6cb9d93affd6b7c3f7b591ffae9b7
Beach House 4 [V1],"Kanye West - If I Let Go [V5]
(prod. Digital Nas & Ojivolta)
(Let Go, I Let Go)",From June 2021. Has different mixing.,2:53,"Jun 1, 2021","Aug 24, 2022",Full,CD Quality,https://pillows.su/f/d352d41cf9b458f3adb943bfb4e870bc
Dream House,"Kanye West - All Mine [V4]
(feat. Ant Clemons & Ty Dolla $ign)","In the background of the Ty Dolla $ign vocal stems for ""All Mine"", a beat with an alternate melody and harder drums is audible. The link leads to a boosted version to make the beat audible. This version also has alternate Ty vocals that can be found in his vocal session for the song.",,,"Aug 18, 2022",Snippet,Low Quality,"https://pillows.su/f/80fd2fd99401304b78a3436f572b5286
https://pillows.su/f/e8347e4dac239ff57cc135f3417b4e73
https://pillows.su/f/77a980e45c450a9433373a0846577f53"
Campaign [V1],"⭐ Lurkin' [V2]
(prod. Timbaland)","OG Filename: TY_TIMBO_GIZZLE_LURKIN_012516_AB_REFv2
Song from 2016 co-written by Gizzle and produced by Timbaland. Filename revealed by an anonymous seller during a scam buy on June 11th, 2025.",3:47,"Jan 25, 2016","Aug 5, 2022",Full,CD Quality,https://pillows.su/f/1cb0247c7868af850e3b07b29b26f179
Featuring Ty Dolla $ign,"PARTYNEXTDOOR - Pink Lemonade
(feat. Ty Dolla $ign)","PARTYNEXTDOOR track featuring Ty, snippet first previewed on through file-sharing websites August 4, 2022, though this has since been lost.",,,"Aug 4, 2022",Snippet,Lost,Link Needed
Campaign [V2],"Rich The Kid - Flood [V6]
(feat. Ty Dolla $ign) (prod. Southside)","OG FIlename: southrich 1 v1.6 the flood
Unreleased Rich The Kid song featuring Ty. Ty would later rework his verse into both ""$"" and ""Brand New"". Contains an open verse. Was lost before being resurfaced on January 7, 2025.",,,"Jul 6, 2022",OG File,CD Quality,Link Needed
Yandhi,"Kanye West - The Storm [V22]
(feat. XXXTENTACION, Ty Dolla $ign, Ant Clemons & tizhimself) (prod. FNZ, E.VAX, RONNY J, MIKE DEAN, Team Timbo& Timbaland)
(Everything We Need, Jeet, We Begin, XXX, We Begin After The Storm Inside)","OG Filename: The Storm (Timbaland:TeamTimbo) V1 12.21.18
Leaked by Alek on June 27, 2022 as a bonus for the ""Skeletons"" groupbuy.",2:50,"Dec 21, 2018","Jun 27, 2022",OG File,Lossless,https://pillows.su/f/58c6fdf33d393ea22c4a7bd26f5a01bf
Dream House,"✨ Can't Tie Me Down [V1]
(ref. Chrishan) (prod. Hitmaka, Nonstop Da Hitman & Ty Dolla $ign)","Version with reference vocals from Chrishan. Has Ty adlibs. First previewed on Instagram. Uploaded to Soundcloud on July 21, 2022, however it probably leaked before this.",2:37,,"Jun 21, 2022",Full,CD Quality,https://pillows.su/f/c1e932d2e40085c01d989e04f01035ad
Yandhi,"Kanye West - City In The Sky [V6]
(feat. Ty Dolla $ign, Ant Clemons, Desiigner & 070 Shake) (prod. Justus West, damn james! & Ty Dolla $ign)
(Sky City, Ooh Child Things Are Gonna Get Easier, Ohh Child, Loyalty)","OG Filename: city in the sky - ty.gtr.song.1.12._Master 1
Version with an extended intro with alternate production including Ty's producer tag, as well as different Ty and Desiigner vocals, vocals from Ye's freestyle, and an extended 070 Shake verse. Orignally leaked distorted and corrupted. OG file leaked June 16, 2022.",4:33,"Sep 22, 2018","Jun 16, 2022",OG File,Lossless,https://pillows.su/f/7a7beaeab4b81d6e755a331268a5d79a
Free TC,"Justin Bieber - Turn Up
(prod. Mustard)","OG Filename: Turn Up (MIX 01)
Throwaway Justin Bieber song using the same beat later given to Big Sean for ""I Don't Fuck With You"". Doesn't contain Kanye production at this point.",1:20,,"Jun 10, 2022",OG File,CD Quality,https://pillows.su/f/344d7fc9380dc12e5645c8fa2ff468f7
Beach House 4 [V1],"Mr JazziQ - ???
(feat. Ty Dolla $ign) (prod. Mr JazziQ)
(Love)","First previewed by Mr JazziQ on June 9, 2022. Long recording of the song was posted to YouTube on June 10, 2022. Was intended by JazziQ for release on his next album as an ""international feature"", but the song did not release for unknown reasons. Likely recorded in March of 2022 as JazziQ teased that he was communicating with Ty on March 2, 2022.",,"Mar 1, 2022","Jun 10, 2022",Partial,Recording,https://pillows.su/f/f24d0a10f9a41e57ea75429d39112ad5
Beach House 4 [V1],"JELEEL! - FAST CAR! [V1]
(with Ty Dolla $ign) (prod. Mason Cyrus, Grenade, BenjiDidIt & GREN808)",Version which lacks the extra line at the beginning from release and has diffferent mixing. Later released on JELEEL!'s 2023 album REEL RAW!.,2:20,"Apr 11, 2022","May 30, 2022",Tagged,CD Quality,https://pillows.su/f/a6e88a029f6f59089ec8cba0b1e3dbe6
Beach House 4 [V1],"JELEEL! - TOO EASY!
(with Ty Dolla $ign)","Likely from April of 2022, when ""FAST CAR!"" with JELEEL! was also made.",2:33,"Apr 1, 2022","May 30, 2022",Full,CD Quality,https://pillows.su/f/17a892cf2feecff195ac69a2974064c0
Free TC,"Kanye West - I Feel Like That [V5]
(feat. Ty Dolla $ign & The WRLDFMS Tony Williams) (prod. MIKE DEAN)","OG Filename: KW - I Feel Like That Ref (8.22.14)
Features Ty Dolla $ign & The WRLDFMS Tony Williams with mumble Kanye and alt production compared to the Glastonbury version. Leaked with the instrumental on May 11, 2022. The instrumental still features some vocals and can be found in the Stems section.",5:58,"Aug 22, 2014","May 11, 2022",OG File,Lossless,https://plwcse.top/f/5e6a9f0479adfa81dfcce622fd4cab72
Beach House 4 [V1],"???
(prod. CKay)
(Popeyes)","Snippet of Ty singing about food over guitar played by CKay. Possibly just a voice memo, as Ty can be seen holding his phone while recording, though he may be reading the lyrics off of his phone instead. Unknown if this was ever recorded.",,,"Apr 26, 2022",Snippet,Recording,https://pillows.su/f/b094e42b9f1b25f64a7a8b38a36957ef
Beach House 2,"Young Thug - Friend Of Scotty [V1]
(prod. Dun Deal)","OG Filename: Friend Of Scotty 
Original solo Young Thug version made in 2013. Non-OG file leaked January 16th, 2015.",3:23,,"Apr 9, 2022",OG File,CD Quality,https://pillows.su/f/74bb8039ea04e59da4f5fd7384c84b2a
Yandhi,"Kanye West - New Body [V10]
(ref. Nino Blu) (prod. RONNY J, Cubeatz & Plain Pat)","OG Filename: New Body_Nino ref 1
Nino Blu reference track. Leaked March 19, 2022.",4:12,"Sep 29, 2018","Mar 19, 2022",OG File,High Quality,https://pillows.su/f/961e4c7d82a8b6a5270503c53e14683f
Beach House 4 [V1],"Wiz Khalifa - ???
(feat. Ty Dolla $ign) (prod. Hitmaka)","Song previewed by Wiz Khalifa during an Instagram Live on February 21, 2022, likely for his album Multiverse.",,"Feb 21, 2022","Feb 21, 2022",Partial,Recording,https://pillows.su/f/3489dcf21381f8735e5d337a6d5d25d4
Beach House 4 [V1],"Wiz Khalifa - ???
(feat. Ty Dolla $ign)","Song previewed by Wiz Khalifa during an Instagram Live on February 21, 2022, likely for his album Multiverse.",,,"Feb 21, 2022",Snippet,Recording,https://pillows.su/f/19b87dee81be19c2bc6846903e5e06e3
Beach House 3,"Kanye West - I Feel Like That [V12]
(feat. Ty Dolla $ign & The WRLDFMS Tony Williams) (prod. DJDS & Jerome Potter)","A version of ""I Feel Like That"" from 2017, featured in the third episode of jeen-yuhs. Kanye is seen recording new vocals for the song in the documentary, which contains mumble. Tony Williams and Ty Dolla $ign are both still featured. The production is similar to the DJDS version, but features different progression and new elements from Jerome Potter.",,,"Feb 1, 2022",Partial,Recording,https://pillows.su/f/a363190ca8b652a66a9120b81e4b831b
Beach House 3,Five Real,Hook-only song.,2:51,,"Jan 23, 2022",Full,CD Quality,https://pillows.su/f/7269191c94f3fb90b064652733c028d4
Featuring Ty Dolla $ign,"Top 10
(prod. SkipOnDaBeat & HItmaka)",Has an open verse.,2:38,,"Jan 22, 2022",Full,CD Quality,https://pillows.su/f/ed424215baf6b0152e955da2f51247fe
Beach House 3,"Chance the Rapper - Pets [V1]
(feat. Daniel Ceaser)
(The Garden)","Jam session with Chance & Daniel freestyling over ""The Garden"" beat. Bounce date is September 7, 2017.",24:52,"Sep 7, 2017","Nov 11, 2021",Full,High Quality,https://pillows.su/f/91a002a3b3ae8ace908d8c4e71285823
Yandhi,"Kanye West - City In The Sky [V19]
(feat. Ty Dolla $ign, Ant Clemons, Desiigner, 070 Shake & Kid Cudi) (prod. Justus West, ​damn james!, Ty Dolla $ign & MIKE DEAN)
(Loyalty, Ooh Child, Ooh Child Things Are Gonna Get Easier, Sky City)","OG Filename: City In The Sky 09.29.18 [Open verse]
Open verse version of ""City In The Sky"" from 9.29. The 9.29 ""Sky City"" ProTools are named ""City In The Sky 09.29.18 [ADD CUDI and MD DRUMS] KW SNL vocal.ptx""",3:47,"Sep 29, 2018","Nov 11, 2021",OG File,CD Quality,https://pillows.su/f/b9341813771f71eeef1d4b5a9984e9a6
Yandhi,"Kanye West - Sky City [V23]
(feat. Ty Dolla $ign, Ant Clemons, Desiigner, 070 Shake & Kid Cudi) (prod. Justus West, ​damn james!, Ty Dolla $ign & MIKE DEAN)
(City In The Sky)","OG Filename: SKY CITY [10.01.18] OPEN VERSE
Open verse version of ""Sky City"" from 10.01.",4:18,"Oct 1, 2018","Nov 11, 2021",OG File,CD Quality,https://pillows.su/f/c7c814f4d97e21c42449596cf293f73f
Yandhi,"Kanye West - New Body [V15]
(feat. Ty Dolla $ign) (prod. RONNY J, Cubeatz, Plain Pat & Ty Dolla $ign)","OG Filename: New Body [TY hook bass line KW chopped vrs 3 CH] 10.01.18
Leaked November 11, 2021.",2:51,"Oct 1, 2018","Nov 11, 2021",OG File,CD Quality,https://pillows.su/f/68372fb6a4dcf5a8ba664f682f548f27
Yandhi,"Kanye West - New Body [V16]
(feat. Ty Dolla $ign) (prod. RONNY J, Cubeatz, Plain Pat & Ty Dolla $ign)","OG Filename: New Body [OPEN VERSES] 10.04.18
Has an open verse, likely the version sent to Nicki Minaj to record on. Leaked November 11, 2021.",2:51,"Oct 4, 2018","Nov 11, 2021",OG File,CD Quality,https://pillows.su/f/37c706bb1c244f748294ef46748a37a8
Yandhi,"Kanye West - New Body [V17]
(feat. Ty Dolla $ign & Nicki Minaj) (prod. RONNY J, Cubeatz, Plain Pat & Ty Dolla $ign)","OG Filename: New Body [KW REF NM VRS 2] 10.04.18
First version with the more complete Ye vocals and Nicki Minaj's verse. According to Nicki Minaj, she recorded her verse within an hour after being contacted by Kim Kardashian. Leaked November 1, 2021.",2:51,"Oct 4, 2018","Nov 1, 2021",OG File,CD Quality,https://pillows.su/f/2cdc5daba5bb623ac5f06b52bcdd333e
Yandhi,"Kanye West - New Body [V18]
(feat. Ty Dolla $ign) (prod. RONNY J, Cubeatz, Plain Pat & Ty Dolla $ign)","OG Filename: New Body [KW REF TY VRS 2] 10.04.18
Similar to the version above, but with Ty's verse replacing Nicki Minaj's. Leaked November 1, 2021.",2:51,"Oct 4, 2018","Nov 1, 2021",OG File,CD Quality,https://pillows.su/f/b5bd1c2c4e6b5473b03a25d670e0acd1
Yandhi,"Kanye West - The Garden [V11]
(feat. Carole Bayer Sager, Ty Dolla $ign, Ant Clemons & The-Dream) (prod. MIKE DEAN & ???)
(Garden, Pets)","OG Filename: The Garden 10.04.18 [TY, Ant, Dream]
Version of ""The Garden"" with an open during Teyana Taylor's part. Was also used on a December tracklist.",3:48,"Oct 4, 2018","Nov 1, 2021",OG File,CD Quality,https://pillows.su/f/c1dc8840ce2515eea1cf40ca1d7e23b7
Yandhi,"XXX [V19]
(feat. Kid Cudi, XXXTENTACION, Ty Dolla $ign, Ant Clemons & tizhimself) (prod. RONNY J & MIKE DEAN)
(Everything We Need, The Storm, We Begin, Jeet, We Begin After The Storm Inside)","OG Filename: XXX 10.04.18 [ADD MD PARTS]
Third 10.04.18 version of ""The Storm"". Basically the same as the SNL version, but with a shorter outro.",3:02,"Oct 4, 2018","Nov 1, 2021",OG File,CD Quality,https://pillows.su/f/e694824cfe9885da24bc33dd79953a35
Yandhi,"Kanye West - New Body [V12]
(feat. Ty Dolla $ign) (prod. RONNY J, Cubeatz, Plain Pat & Ty Dolla $ign)","OG Filename: New Body [TY hook bass line KW ref] 09.30.18
Version with an extended Ye verse including mentions of R. Kelly. Leaked October 24, 2021.",3:12,"Sep 30, 2018","Oct 24, 2021",OG File,CD Quality,https://pillows.su/f/1bbe57f3bdcbb66b6e842e10258f7003
Yandhi,"Kanye West - The Garden [V9]
(feat. Carole Bayer Sager, Ty Dolla $ign & Ant Clemons) (prod. ???)
(Garden, Pets)","OG Filename: The Garden 09.22.18 [TY and ANT]
Version of ""Garden"" featuring only verses from Ty Dolla $ign and Ant Clemons. Dated 09.22.18. Stems leaked in November 2021.",3:00,"Sep 22, 2018","Oct 24, 2021",OG File,CD Quality,https://pillows.su/f/b35537adb3a0a9b676ff6317eaf2fb69
Yandhi,"Kanye West - Leave It In (Jeet) [V9]
(feat. Ant Clemons, XXXTENTACION & tizhimself) (prod. RONNY J & tizhimself)
(The Storm, XXX, Everything We Need, We Begin After The Storm Inside)","OG Filename: LEAVE IT IN (Jeet) 09.22.18 [add xxxtentacion]
First version with Ye's finished first verse and XXXTENTACION's verse. Leaked October 24, 2021.",3:00,"Sep 22, 2018","Oct 24, 2021",OG File,CD Quality,https://pillows.su/f/2fe6a8658c558a7c0264a02528ef68b6
Yandhi,"Kanye West - We Begin [V13]
(feat. Ty Dolla $ign, Ant Clemons, XXXTENTACION & tizhimself) (prod. RONNY J & tizhimself)
(The Storm, XXX, Jeet, Everything We Need, We Begin After The Storm Inside)","OG Filename: We Begin 09.22.18 [TY$ Ant KW edits]
First version with the harder drums on XXXTENTACION's verse. Leaked October 24, 2021.",2:31,"Sep 22, 2018","Oct 24, 2021",OG File,CD Quality,https://pillows.su/f/ed70309e8e1ba64211560aa1abf88929
Yandhi,"Kanye West - XXX [V15]
(feat. Kid Cudi, Ty Dolla $ign, Ant Clemons & tizhimself) (prod. RONNY J & tizhimself)
(The Storm, Jeet, Everything We Need, We Begin After The Storm Inside)","OG Filename: XXX 09.25.18 [Open Verses]
Leaked October 24, 2021.",3:35,"Sep 25, 2018","Oct 24, 2021",OG File,CD Quality,https://pillows.su/f/6af82daea07ca3355c674f40208a3545
Yandhi,"⭐ Kanye West - XXX (The Storm) [V16]
(feat. Kid Cudi, XXXTENTACION, Ty Dolla $ign, Ant Clemons & tizhimself) (prod. RONNY J, tizhimself, BoogzDaBeast, FNZ & MIKE DEAN)
(Jeet, Everything We Need, We Begin After The Storm Inside)","OG Filename: XXX (the storm) mike add
Version with better mixing and additional production from MIKE DEAN. Leaked October 24, 2021.",3:19,"Sep 28, 2018","Oct 24, 2021",OG File,CD Quality,https://pillows.su/f/22d5955135780cbdbfbb7692e9bf0cd4
Beach House 4 [V1],"Kanye West - On His Head [V1]
(feat. Cailin Russo) (prod. Digital Nas)
(I Let Go)","OG Filename: 210526 Gallery - On His Head pt. 1
Early version of ""Let Go"" that features a mumble Kanye and Cailin Russo freestyle.",4:35,"May 26, 2021","Oct 24, 2021",OG File,Lossless,https://pillows.su/f/196c38a446e2a6cca4af3fd129e3be4e
Beach House 4 [V1],"Kanye West - On His Head [V2]
(feat. Cailin Russo) (prod. Digital Nas)
(I Let Go)","OG Filename: 210526 Gallery - On His Head pt. 2
Another early version of ""Let Go"" that features a mumble Kanye and Cailin Russo freestyle.",5:14,"May 26, 2021","Oct 24, 2021",OG File,Lossless,https://pillows.su/f/8737d74463d6e520c56521b62a1521af
Yandhi,"⭐ Kanye West - New Body [V21]
(feat. Ty Dolla $ign & Nicki Minaj) (prod. RONNY J, Cubeatz, Plain Pat & Ty Dolla $ign)","OG Filename: New Body [Add KW tag line] 10.06.18
Similar to the version above, but with additional Ye vocals on the hook. Leaked October 9, 2021.",3:44,"Oct 6, 2018","Oct 9, 2021",OG File,CD Quality,https://pillows.su/f/a14bab72af29f145f2efe8e4151024e5
Beach House 4 [V1],"🏆 Smoke Break
(prod. Ojivolta)","Song previewed by Ty in a Tiktok posted on September 24, 2021. Shares a melody with an early freestyle of Ye's unreleased track ""Made It"". The melody was later given to NAV & Playboi Carti for their track ""UNLIMITED"". Interpolates ""Krazy"" by 2Pac. Commonly nicknamed, and likely titled ""Smoke Break"" , as Ty has referred to the song multiple times with the name.",,"Sep 24, 2021","Sep 24, 2021",Snippet,High Quality,https://pillows.su/f/9f6ba0d8fed659cf07ef673171268268
Yandhi,"Kanye West - Jeet [V6]
(ref. Ant Clemons) (feat. tizhimself) (prod. RONNY J & tizhimself)
(The Storm, XXX, Everything We Need, We Begin After The Storm Inside)","OG Filename: Jeet - Ant Ref
Second Ant Clemons reference track. Leaked September 19, 2021.",3:21,,"Sep 19, 2021",OG File,CD Quality,https://pillows.su/f/8460229bf97979ada7fac6a7c3ecff2e
Yandhi,"Kanye West - Everything We Need [V35]
(feat. Ty Dolla $ign & Ant Clemons)
(Jeet, The Storm, We Begin, XXX, We Begin After The Storm Inside)","Version of ""Everything We Need"" wiith a different vocal take on the second verse, a different mix, and some missing production. XXXTENTACION's verse is gone; his vocals given to Skye for ""Voices"".",1:56,"Oct 22, 2019","Sep 1, 2021",Full,CD Quality,https://pillows.su/f/fa156dfdb47f0e435571b90a30fc1c3e
Yandhi,"Kanye West - Sky City [V22]
(feat. Ty Dolla $ign, Ant Clemons, Desiigner, 070 Shake & Kid Cudi) (prod. Justus West, ​damn james!, Ty Dolla $ign & MIKE DEAN)
(City In The Sky, Ooh Child, Ooh Child Things Are Gonna Get Easier, Loyalty)","OG Filename: Sky City 09.29.18 [KW verse]
SNL version of ""City in the Sky"" with Kanye rapping over an alternate instrumental. Snippet leaked on June 3rd, 2021. Leaked August 20, 2021.",3:47,"Sep 29, 2018","Aug 20, 2021",OG File,CD Quality,https://pillows.su/f/86961f6f77e8aef561e06f1913e22985
Yandhi,"Kanye West - Sky City [V24]
(feat. Ty Dolla $ign, Ant Clemons, Desiigner, 070 Shake & Kid Cudi) (prod. Justus West, ​damn james!, Ty Dolla $ign & MIKE DEAN)
(City In The Sky, Loyalty, Ooh Child, Ooh Child Things Are Gonna Get Easier)","OG Filename: SKY CITY 10.01.18 [Move Shake]
Version of ""Sky City"" similar to the one above, with 070 Shake vocals moved to after Kanye verse. Extended guitar outro.",4:18,"Oct 1, 2018","Aug 20, 2021",OG File,CD Quality,https://pillows.su/f/00feef233b031eadb20c92d191564535
Yandhi,"Kanye West - Sky City [V25]
(feat. Ty Dolla $ign, Ant Clemons, Desiigner, 070 Shake & Kid Cudi) (prod. Justus West, ​damn james!, Ty Dolla $ign & MIKE DEAN)
(City In The Sky, Loyalty, Ooh Child, Ooh Child Things Are Gonna Get Easier)","OG Filename: SKY CITY 10.04.18 [Extend Shake Verse]
Has more Shake vocals than the one above.",4:12,"Oct 4, 2018","Aug 20, 2021",OG File,CD Quality,https://pillows.su/f/2b43da5e9a98778f5afde8f136c3c28e
Yandhi,"Kanye West - The Storm [V17]
(feat. XXXTENTACION, Ty Dolla $ign, Ant Clemons & tizhimself)
(Everything We Need, Jeet, We Begin, XXX, We Begin After The Storm Inside)","OG Filename: The Storm 10.04.18 [Shortened]
10.04.18 version of ""The Storm"". Has autotuned Kanye vocals, no Cudi verse and XXX verse. Shorter outro.",2:13,"Oct 4, 2018","Aug 20, 2021",OG File,CD Quality,https://pillows.su/f/f741f6834e2d2738845eee573beb4b64
Dream House,"Kanye West - Let You Go
(ref. The-Dream) (feat. Ty Dolla $ign) (prod. Kanye West)
(Never Would Have Made It)","OG Filenames: KW-DREAM_16_Let You Go_ &
 KW-DREAM_16_Let You Go_11.17
LOVE EVERYONE era demo with The-Dream doing ref vocals for Kanye. The instrumental, hook and Ty Dolla $ign vocals were reworked into the Teyana Taylor K.T.S.E. song ""Never Would Have Made It"". Unknown if a Kanye version exists. File dated Jan 2x, 2018, and the folder is dated Feb 13, 2018. Possibly originally from Nov 17, 2017, as mp3 exists with same name but ""11.17"" added at the end.",3:02,"Nov 17, 2017","Aug 19, 2021",OG File,CD Quality,https://pillows.su/f/25ed222be539a8be5f7fdcb07755f349
Campaign [V2],"N.O.R.E. - We Don't [V1]
(feat. Ty Dolla $ign & City Boy Dee) (prod. Mustard)",Lacks the feature from Rick Ross and has minor lyric differences.,3:37,,"Aug 16, 2021",Full,CD Quality,https://pillows.su/f/4941c4154bd07b570a201323835b1532
MIH-TY,"My Yea
(feat. Kid Ink) (prod. Hitmaka, Chrishan & BONGO ByTheWay)",Song with Kid Ink.,2:58,,"Aug 16, 2021",Full,CD Quality,https://pillows.su/f/d772961d49fccbb57635219be94b10f3
Dream House,"Jason Derulo - Birthday
(feat. Ty Dolla $ign)","Jason Derulo song featuring Ty. Snippet leaked November 11, 2020. Leaked August 16, 2021.",3:45,"Feb 28, 2019","Aug 16, 2021",Full,CD Quality,https://pillows.su/f/23de3e579d5323e4394821b99a75c322
Beach House 4 [V1],"Kanye West - Let Go [V4]
(prod. Digital Nas)
(I Let Go)","Version which features a slightly different mumble Kanye take. It is unknown what Cailin Russo's contributions to this song were at the time. The recording was made on June 1, 2021.",,"Jun 1, 2021","Aug 12, 2021",Partial,Recording,https://www.youtube.com/watch?v=6OgxvV599Rw
Free TC,"Kanye West - I Feel Like That [V9]
(feat. Ty Dolla $ign & The WRLDFMS Tony Williams)","Version played at Glastonbury 2015. Low quality audio leaked from the stage setup, and a CDQ snippet leaked in July 2021.",,,"Jul 17, 2021",Snippet,CD Quality,"https://plwcse.top/f/0a044474add0a4e62b0b5ec45dd85831
https://plwcse.top/f/4ee8df5326480aef67fc6d7ebc41d468"
Dream House,"Ant Clemons - Pootie Tang [V2]
(prod. BONGO ByTheWay & ROBOTSCOTT)
(All Mine)","OG Filename: POOTIE TANG TP ANT BONGO SCOTT
Ant Clemons song which the hook for ""All Mine"" was taken from. It was made well before the release of ye, and is not a reference track. According to xtcy, the file was in a folder of Jeremih x Ant Clemons tracks. On February 10, 2018, Legion on Instagram posted a snippet along with what looks to be a scrapped music video.",2:27,,"Jul 17, 2021",OG File,CD Quality,https://pillows.su/f/21961c6be53341a350e69e98017a5ac6
Yandhi,"Kanye West - New Body [V8]
(ref. Mykki Blanco) (prod. RONNY J, Cubeatz & Plain Pat)","Mykki Blanco reference track. Snippets leaked July 17, 2021.",,,"Jul 17, 2021",Snippet,CD Quality,"https://pillows.su/f/154029c4c54a6b775b043c2098941a0a
https://pillows.su/f/2c7d08ca879da922d7395b41370518fb
https://pillows.su/f/7ceb415628d1061ad7e0076f448ecfbd"
Featuring Ty Dolla $ign,"✨ Sweet
(prod. Hitmaka & Ayo & Keyz)","OG Filename: Sweet TY$ 04.19.20
Song originally previewed by Ty on Instagram Live. Has Ty doing Chris Brown-esque vocal runs. Has an open verse. Samples ""Don't Leave Me"" by Blackstreet. Filename shown by Rodri. Leaked July 16, 2021.",2:19,"Apr 16, 2020","Jul 16, 2021",Full,CD Quality,https://pillows.su/f/952412a426a5037286c054f7f8b55648
Skrillex Collaboration,"🏆 Kid Cudi - Don't Worry Bout It 
(feat. Ty Dolla $ign) (prod. Skrillex)","Song from 2020 that was being sold labeled as Cudi's song, likely a throwaway from Man On The Moon III: The Chosen, and recorded in the same sessions as ""Temptations"". Snippet leaked July 9th, 2021.",,,"Jul 9, 2021",Snippet,CD Quality,https://pillows.su/f/9ecc3106e3d964236d7319a4239cacfc
Beach House 4 [V1],"???
(prod. Ty Dolla $ign, GREN808 & Dynox)","Beat that was being worked on by Ty in FL Studio in an Instagram story posted by GREN808 on July 5th, 2021. Dynox was also tagged in the story.",,"Jul 5, 2021","Jul 5, 2021",Snippet,Recording,https://pillows.su/f/75e7b43332e245c8e3d89f007a495122
Cheers to the Best Memories,"Believe It [V2]
(prod. Ty Dolla $ign & Nineteen85)
(I Believed It)","According to Daniel, Ty called Mac Miller to the studio to listen to the music they were making and Daniel asked Mac if he wanted to feature on any of the songs they were playing, he was unsure until he heard “I Believed It”. This confirms a version without Mac exists. According to Daniel, this version is called ""Believe It"" which is also supported by the track's Songview entry. Snippet of this version was posted to dvsn's Instagram story on 7/26/2018, a couple months before Mac recorded. Another snippet of what is likely this version was posted to Ty's twitter on 6/30/2021.",,,"Jun 30, 2021",Snippet,Recording,"https://pillows.su/f/017743470c1ea0714a2cea7a1d3e1409
Link Needed"
Featuring Ty Dolla $ign,"Coupe
(prod. damn james! & Ty Dolla $ign)","Track from Featuring Ty Dolla $ign sessions. Leaked June 25, 2021.",2:34,,"Jun 25, 2021",Full,CD Quality,https://pillows.su/f/f1683603443ecf893a768f523ad7fde7
MIH-TY,"Gucci Mane - Hands Off [V2]
(feat. Ty Dolla $ign & Jeremih) (prod. Romano, Smash David, Hitmaka & OG Parker)","Features a Jeremih hook, Ty verse, and minor adlibs.",3:26,"Aug 27, 2018","Jun 23, 2021",Full,CD Quality,https://pillows.su/f/e716bcf46d9dcbc2d36bea2a2323cfc1
Dream House,Sunshine,Song from 2017.,3:14,,"Jun 20, 2021",Full,CD Quality,https://pillows.su/f/c92255ded6e806a91f355e547fbe0d6f
Beach House 4 [V1],"CHASE B - Ring Ring [V1]
(feat. Travis Scott, Don Toliver & Quavo) (prod. BRYVN & CHASE B)","OG Filename: RING RING Final Arrangement 1
Early version of the Chase B track without Ty Dolla $ign.",,,"Jun 12, 2021",OG File,CD Quality,Link Needed
Yandhi,"Kanye West - New Body [V2]
(ref. Ant Clemons) (feat. 6ix9ine) (prod. RONNY J, Cubeatz & Plain Pat)","Version with Ant Clemons and mumble Ye vocals. Snippet leaked June 8, 2021.",,,"Jun 8, 2021",Snippet,CD Quality,https://pillows.su/f/e34b0f8a6783737a75b75122bae9ad45
Free TC,"Justine Skye - Make A Move
(feat. Ty Dolla $ign)",Justine Skye song featuring Ty.,4:07,,"Jun 6, 2021",Full,CD Quality,https://pillows.su/f/ce3ddadd362301abec3033108ed5c50a
Featuring Ty Dolla $ign,"But I Did
(prod. Mustard)",Track from Featuring Ty Dolla $ign sessions. Leaked by SodaCup111.,3:23,,"Jun 4, 2021",Full,CD Quality,https://pillows.su/f/edcf5e3ed83daa5b7504641c7d2173b4
Campaign [V2],"Chew It Up
(prod. Hitmaka)",Song from Campaign sessions produced by Hitmaka. Snippet originally leaked on SongShop.,,,"Jun 3, 2021",Full,CD Quality,https://pillows.su/f/514b1094fc541bc6afd97620411c72fd
Beach House 3,"Same Way
(feat. Wiz Khalifa) (prod. Pharrell Williams)","Song from 2017 featuring Wiz Khalifa, produced by Pharrell.",2:46,,"May 20, 2021",Snippet,Lost,Link Needed
MIH-TY,"Run It Back
(prod. Hitmaka)","Song from MIH-TY sessions. Snippet leaked May 20, 2021.",3:07,,"May 20, 2021",Snippet,CD Quality,Link Needed
Dream House,"Tricks
(prod. Pharrell Williams)",Song from 2018 that is 1:50 in length.,1:50,,"May 20, 2021",Snippet,Not Available,Link Needed
Yandhi,"Kanye West - Everything We Need [V28]
(ref. Victory) (feat. Ty Dolla $ign & Ant Clemons)
(Jeet, The Storm, We Begin, XXX, We Begin After The Storm Inside)","Victory ""Everything We Need"" reference track. Was for sale on TheSource.",,,"Apr 19, 2021",Snippet,CD Quality,https://pillows.su/f/601553506ee2f7bb6b0d0cf1e351c1cb
Dream House,"Young Thug - I'm A Blessing [V2]
(feat. Ty Dolla $ign) (prod. Wheezy)","Young Thug tweeted ""TyDollar album is tripping"" hours before previewing this track on April 9, 2021. Has one Ty Dolla $ign verse. Snippet leaked in early 2020.",3:24,,"Apr 9, 2021",Snippet,CD Quality,Link Needed
MIH-TY,"All Around [V2]
(feat. Eric Bellinger, Wale & Chrishan) (prod. Hitmaka & 30 Roc)","Song possibly from MIH-TY sessions, featuring Eric Bellinger and Wale. Unknown when this leaked, but it was posted to SoundCloud on April 7, 2021.",2:55,,"Apr 7, 2021",Full,Low Quality,https://pillows.su/f/807a3979fe16e5942aee978f8483c6bc
Dream House,"✨ Young Thug - Wow Wow Wow
(feat. Ty Dolla $ign) (prod. DY Krazy)","Thug track featuring Ty. First previewed by Young Thug on December 6, 2018. Leaked in full on March 21, 2021.",3:47,,"Mar 21, 2021",Full,CD Quality,https://pillows.su/f/5596208696fd413dbdbed7a07f098f14
Dream House,"Belly - Hawaii Five-0
(feat. Ty Dolla $ign & PnB Rock)",Belly song featuring Ty and PnB Rock.,3:17,,"Mar 5, 2021",Full,CD Quality,https://pillows.su/f/bac75be179cf1876623d1413955910b5
Skrillex Collaboration,"⭐ Run From You
(prod. Skrillex)
(Runaway)","OG Filename: 8. Run From You
Fully finished song with Skrillex. First previewed by Ty on Instagram Live in early 2020. The song is also known as ""Runaway"", but it is more likely titled ""Run From You"" based on the song's lyrics. Additionally, the file ""8. Run From You"" was seen on a list of songs sent by Ty to Fai alongside other songs from Featuring Ty Dolla $ign and TYCOON. According to Ty, he tried to get the song cleared for release, but was told that the melody on the intro was similar to another song, and it couldn't be cleared despite Ty claiming that everything was original. Ty has also said that this is one of his favorite songs that he's ever made.",3:00,"Aug 27, 2019","Mar 5, 2021",Full,CD Quality,https://pillows.su/f/8e413503e9e0f7d609f682db828dd24e
Featuring Ty Dolla $ign,"SZA - Hit Different [V2]
(feat. Ty Dolla $ign) (prod. The Neptunes)",Version with alternate SZA vocals.,,,"Mar 5, 2021",Snippet,Low Quality,https://pillows.su/f/5c06482800dbe9891c8add641427b3e9
Featuring Ty Dolla $ign,"Fivio Foreign - Rockstar Nights
(feat. Ty Dolla $ign) (prod. Hitmaka, Non Native & Bordeaux)",Fivo Foreign track made during sessions for his album B.I.B.L.E. Recorded in 2020.,2:40,,"Mar 1, 2021",Full,CD Quality,https://pillows.su/f/959b57b8f7e249b55a1b144415e96e02
$24:00 [V2],"TACTICS
(feat. Derrick Milano) (prod. Hit-Boy)","Features Derrick Milano and is likely titled ""Tactics"".",,,"Feb 17, 2021",Snippet,Recording,https://pillows.su/f/016a62e1dcd14ab734e2ab4274a98eaa
Dream House,"Ant Clemons - ???
(feat. Ty Dolla $ign)
(Humiliate Me)","Snippet posted to Tier 4 of TheSource on February 3rd, 2021. Currently being sold by user Block. Era and title are unconfirmed.",,,"Feb 3, 2021",Snippet,CD Quality,Link Needed
Featuring Ty Dolla $ign,"Gunna - Envy
(feat. Ty Dolla $ign) (prod. London on da Track)",Gunna song featuring Ty. Leaked on r/rapleaks by u/icebubl.,2:01,,"Jan 27, 2021",Full,CD Quality,https://pillows.su/f/3651f8f0ff777d0cdb1d556018220190
Dream House,"Kanye West - Do It Together
(prod. BoogzDaBeast)","OG Filename: Do It Together - KW Ref
Original Ye freestyle that would later be added to the outro of ""Tap In"". Samples ""Vitamin C"" by Can. Snippet leaked January 21, 2021.",1:28,,"Jan 21, 2021",Snippet,CD Quality,https://pillows.su/f/7e7875484e9d796ea37644c69bbb0bec
Featuring Ty Dolla $ign,???,"Snippet leaked December 24th, 2020 as ""Ty$ X 2"".",,,"Dec 24, 2020",Snippet,Lost,Link Needed
Featuring Ty Dolla $ign,???,"Snippet leaked December 24th, 2020 as ""Ty$ X 3"".",,,"Dec 24, 2020",Snippet,Lost,Link Needed
Featuring Ty Dolla $ign,???,"Snippet leaked December 24th, 2020 as ""Ty$ X 4"".",,,"Dec 24, 2020",Snippet,Lost,Link Needed
Featuring Ty Dolla $ign,???,"Snippet leaked December 24th, 2020 as ""Ty$ X 5"".",,,"Dec 24, 2020",Snippet,Lost,Link Needed
Featuring Ty Dolla $ign,???,"Snippet leaked December 24th, 2020 as ""Ty$ X 6"".",,,"Dec 24, 2020",Snippet,Lost,Link Needed
Featuring Ty Dolla $ign,???,"Snippet leaked December 24th, 2020 as ""Ty$ X 7"".",,,"Dec 24, 2020",Snippet,Lost,Link Needed
Featuring Ty Dolla $ign,???,"Snippet leaked December 24th, 2020 as ""Ty$ X 10"".",,,"Dec 24, 2020",Snippet,Lost,Link Needed
Featuring Ty Dolla $ign,???,"Snippet leaked December 24th, 2020 as ""Ty$ X 11"".",,,"Dec 24, 2020",Snippet,Lost,Link Needed
Featuring Ty Dolla $ign,???,"Snippet leaked December 24th, 2020 as ""Ty$ X 12"".",,,"Dec 24, 2020",Snippet,Lost,Link Needed
Dream House,"Tory Lanez - Loose Leaf
(feat. Ty Dolla $ign)",Very likely to be a throwaway from Tory's Memories Don't Die album. First previewed by Tory Lanez in early 2018.,,,"Dec 23, 2020",Full,CD Quality,Link Needed
Dream House,"21 Savage - Never Fair
(feat. Ty Dolla $ign) (prod. ChaseTheMoney)","Leaked on LEAKTH.IS by SodaCup111 on Dec. 14, 2020. The first snippet was originally leaked by GucciTunes on 9/5, 2019.",2:53,,"Dec 14, 2020",Full,CD Quality,https://pillows.su/f/98e94ed05d2c29b149566c91fc7d224c
Dream House,"Ant Clemons - Love Away
(feat. Ty Dolla $ign)","Made in 2019, likely in the same session as ""Excited"". Snippet posted May 14, 2020, later leaked in full by leakthis user Squirtle.",3:29,,"Dec 6, 2020",Full,CD Quality,https://pillows.su/f/0eeb85549bf1dd52a609c0affdd3a5dc
Yandhi,"Kanye West - New Body [V5]
(prod. RONNY J, Cubeatz & Plain Pat)","Solo Ye freestyle with little mumble, heard in the first version with 6ix9ine. Rebounced in 2024 during the sessions for VULTURES 2. Snippet leaked December 5, 2020.",,"Sep 28, 2018","Dec 5, 2020",Snippet,CD Quality,https://pillows.su/f/6c10e10f2dedca6fa4ad1aaded25afaa
Dream House,"Kanye West - All Mine [V10]
(feat. Ty Dolla $ign & Ant Clemons)","Some unreleased vocals, different vocal takes, and some parts of the production is different compared to the released version. Includes the same Ty Dolla $ign and Ant Clemons vocals as released version. Put up for sale by Lil Goblin on TheSource.",2:26,,"Nov 19, 2020",Snippet,CD Quality,https://pillows.su/f/20f4480e371bde39e663b194f06ecf18
Yandhi,"Kanye West - New Body [V24]
(ref. Consequence) (feat. Ty Dolla $ign & Nicki Minaj) (prod. Cubeatz, Plain Pat, Ty Dolla $ign, Bizness Boi & BoogzDaBeast)","Consequence reference track. Leaked November 19, 2020.",4:10,,"Nov 19, 2020",Full,CD Quality,https://pillows.su/f/cf738333d27f23defbf603f2c497ae7f
Free TC,"Kanye West - Only One [V5]
(feat. Paul McCartney & Ty Dolla $ign) (prod. Paul McCartney, Noah Goldstein & MIKE DEAN)","OG Filename: Kanye West - Only One 12-31-14 44-24 MFiT
Original file for ""Only One"".",,"Dec 31, 2014","Nov 9, 2020",OG File,High Quality,https://plwcse.top/f/50861be7cbf2bbdd9d51881be1da864b
Campaign [V1],"Kanye West - Only One [V5]
(feat. Paul McCartney & Ty Dolla $ign) (prod. Paul McCartney, Noah Goldstein & MIKE DEAN)","OG Filename: Kanye West - Only One 12-31-14 44-24 MFiT
Original file for ""Only One"".",4:39,"Dec 31, 2014","Nov 9, 2020",OG File,High Quality,https://pillows.su/f/50861be7cbf2bbdd9d51881be1da864b
Skrillex Collaboration,"Ant Clemons - Change [V3]
(feat. Ty Dolla $ign) (prod. Skrillex & Virtual Riot)
(Sullen Sunday)","Version which is significantly shorter, has slight beat differences, and no Nia Miranda vocals. One of the 55 Ant songs leaked on the same day. Later released as ""Sullen Sunday"" on REPRISE: A Roc Nation Album.",0:54,,"Nov 9, 2020",Full,Lossless,https://pillows.su/f/787036a5de6c8866bba47550bda89401
Beach House,"⭐ OMG
(prod. G.Ca$$o)","Song from 2010 produced by G.Ca$$o, possibly made for the House On The Hill mixtape.",3:47,,"Nov 7, 2020",Full,High Quality,https://pillows.su/f/474feddfd9a598cffa68f52c26b8d1e6
Beach House 3,"CyHi - Model [V8]
(feat. Kanye West) (prod. Noah Goldstein)
(Model Type, You Ain't No Model)","An open verse version of ""Model"", found in CyHi's video ""BARCODE EP 1"". Unknown when this version is from, but it was used in a video from 2020.",,,"Nov 5, 2020",Partial,High Quality,https://pillows.su/f/eb029d08d9fb2413687574c9d02b3984
Featuring Ty Dolla $ign,"Lil Mosey - Sophisticated
(feat. Ty Dolla $ign) (prod. Hitmaka)","Leaked on LEAKTH.IS by Off This Earth on 11/3, 2020. Found by Free The Robots on 10/8/2024.",,,"Nov 3, 2020",Full,CD Quality,https://pillows.su/f/64a645690ee6badc770ff004802a80e9
Dream House,"Lift Me Up [V1]
(feat. Future & Young Thug) (prod. DY Krazy)","Recorded in 2017. Features an alternate instrumental to release, a shortened Future verse, alternate outro, and an alt take on the Ty verse with slight lyric changes throughout, as well as extra adlibs from him.",3:38,,"Oct 25, 2020",Full,CD Quality,https://pillows.su/f/b66493c2c181ed29adc6313d3ef5946c
Featuring Ty Dolla $ign,"Rich The Kid - ???
(feat. Ty Dolla $ign) (prod. 808 Mafia & Southside)",Rich The Kid song featuring Ty. Snippet leaked on LEAKTH.IS by SodaCup111. Confirmed to be 5:20 in length.,5:20,,"Oct 25, 2020",Snippet,CD Quality,Link Needed
Featuring Ty Dolla $ign,"By Yourself
(prod. Mustard)","Solo version played to Jamie Foxx after Ty finished his vocals. Snippet posted to Ty to Twitter on October 19, 2020. According to Ty, ""The song needed the frequency of a strong woman, so I had to call my sis @JheneAiko who came in and killed it like only she can do. #ByYourself"".",,,"Oct 19, 2020",Snippet,Recording,Link Needed
Featuring Ty Dolla $ign,"Your Turn
(prod. Ali P, D'Mile, Dave Kuncio & Ty Dolla $ign)",Early version of the song. According to a trusted source it lacks vocals from Tish Hyman. Snippet posted by Ty 10/19/2020.,,,"Oct 19, 2020",Snippet,Recording,Link Needed
Free TC,"STFU
(feat. ???)",Hook-only song. Has backing vocals from an unknown female artist.,3:43,,"Oct 14, 2020",Full,High Quality,https://pillows.su/f/481478c979c2295412e68de89848ac94
Featuring Ty Dolla $ign,"Young Thug, Future, Lil Baby & Gunna - Jewel Baby [V2]
(prod. Wheezy & Turbo)
(TYCOON$, THE TYCOON$)","OG Filename: THUG  x FUTURE X GUNNA X LILBABY- JEWEL BABY 
Version of ""Jewel Baby"" with Gunna and no Ty, still has the Thug, Future and Baby vocals. First previewed by Young Thug in an Instagram story on August 18, 2019, teasing SUPER SLIMEY 2.",3:27,,"Oct 13, 2020",Snippet,Recording,"https://pillows.su/f/b6ca35da40060423406ee9fa56096558
https://pillows.su/f/8e480e9f37bf2c174ea0f109c8b1325b
https://pillows.su/f/92da3940e648669abd0d232ad02a7787"
Featuring Ty Dolla $ign,"Lil Durk - Area Codes
(feat. Ty Dolla $ign)","Leaked on LEAKTH.IS by OTF on Oct. 8, 2020. Found by Free The Robots on 10/8/2024.",,,"Oct 8, 2020",Full,CD Quality,https://pillows.su/f/a7858cd367ea7ff461e4cc2cb71a78ea
Featuring Ty Dolla $ign,"GASHI - Oops (I'm Sorry) [V1]
(ref. Ty Dolla $ign)","Snippet leaked on LEAKTH.IS by mansions on Oct 1, 2020. Features Ty doing the entire song instead of just being a guest verse, likely being a reference.",,,"Oct 1, 2020",Snippet,Lost,Link Needed
Campaign [V2],"Shit'n
(Shittin')","Leaked on LEAKTH.IS by Fortify on 9/26, 2020. Contains an open verse.",,,"Sep 26, 2020",Full,CD Quality,https://pillows.su/f/714e24249653db90b41ea923aa6edc18
Dream House,"Expensive [V1]
(prod. BlueySport, Ty Dolla $ign, damn james!, William Van Zandt & OkayJJack)","Version that was played to Brandy by Ty. Differences unknown. Snippet posted by Ty to Twitter on September 19th, 2020.",,,"Sep 19, 2020",Snippet,Recording,Link Needed
Featuring Ty Dolla $ign,"Jack Harlow - ???
(feat. Ty Dolla $ign)",Jack Harlow song featuring Ty. Snippet leaked on LEAKTH.IS by Red Pints.,,,"Sep 14, 2020",Snippet,CD Quality,Link Needed
Featuring Ty Dolla $ign,"JAG - Playing For Keeps
(feat. Ty Dolla $ign) (prod. London on da Track)",JAG song from 2020 featuring Ty. Produced by London on da Track. Leaked on LEAKTH.IS by 6godtings.,,,"Sep 11, 2020",Full,CD Quality,Link Needed
Featuring Ty Dolla $ign,"O.T. Genasis - Back to You [V1]
(feat. Chris Brown, Ty Dolla $ign & Charlie Wilson) (prod. Hitmaka & BONGO ByTheWay)","Demo of the song ""Back to You"" later released by O.T. Genasis as a single in 2020 without Ty. Tagged version leaked Septemner 8, 2020.",,,"Sep 8, 2020",Tagged,CD Quality,https://pillows.su/f/e5c23e7817d367588140cff5f74fbd04
Dream House,"Ant Clemons - ???
(feat. Ty Dolla $ign)","Snippet leaked on LEAKTH.IS by Squirtle on 8/18/2020. Most likely from 2018-2020, as their other leaked collaborations are from the same timeframe and Ant wasn't popular before then.",,,"Aug 18, 2020",Snippet,CD Quality,Link Needed
Featuring Ty Dolla $ign,"Track 6 [V4]
(feat. Kanye West, Anderson .Paak & Thundercat) (prod. BoogzDaBeast, Ty Dolla $ign, damn james! & Audio Anthem)
(Track 5, Thank You Vol. 2)","Fully explicit version. Snippet leaked August 9th, 2020.",,,"Aug 9, 2020",Snippet,High Quality,https://pillows.su/f/e33a58568e2c5c91a52ba9798108f93b
Beach House 3,"???
(feat. Jeremih)","Snippet leaked August 8, 2020.",,,"Aug 8, 2020",Snippet,Lost,Link Needed
Campaign [V2],"G.O.O.D Music - Circle [V1]
(with Pusha T) (feat. Ty Dolla $ign) (prod. Boi-1da, Vinylz, Allen Ritter & Frank Dukes)","Leaked on LEAKTH.IS by Alek on 8/6, 2020. Features more Pusha T vocals and does not have Desiigner as the official does, was apparently meant for Cruel Winter Recorded on Jul. 24, 2016.",4:08,,"Aug 6, 2020",Full,CD Quality,https://pillows.su/f/bdaa2291adb242c382af9bf55f33a406
Dream House,"🗑️ Expensive [V2]
(feat. G-Eazy) (prod. BlueySport, Ty Dolla $ign, damn james!, William Van Zandt & OkayJJack)",Version featuring a verse from G-Eazy in place of Nicki Minaj.,,,"Aug 5, 2020",Full,CD Quality,https://pillows.su/f/c9ec4e153fe1290f244cb98d138d3281
Dream House,"⭐ Friends Say [V2]
(feat. Jeremih) (prod. FULLMATIC & Bizzy Crook)","Finished song with a verse from Jeremih that was thought to be from MIH-TY sessions; however, it was most likely made in 2019, as it was played by Ty on stream alongside other songs from the era.",2:21,,"Aug 5, 2020",Full,CD Quality,https://pillows.su/f/486e44b534a8eb2b2a4023dc1210dd84
Featuring Ty Dolla $ign,"Kanye West - By Your Side [V1] 
(feat. Ty Dolla $ign) (prod. Major Seven)
(By Ur Side)","DONDA-era throwaway with Ty Dolla $ign backing vocals. Only contains a hook, with the rest being open verses. Samples ""Always Be My Baby"" by Mariah Carey.",3:54,,"Aug 4, 2020",Tagged,High Quality,https://pillows.su/f/fe8651f7587c5bda7ad6514b60c4b07c
MIH-TY,"⭐ My Last One
(prod. Hitmaka)","Song from MIH-TY sessions. Has an open verse. Leaked August 3, 2020.",2:30,"Aug 5, 2018","Aug 3, 2020",Full,CD Quality,https://pillows.su/f/cad708f772a2d14eb05949c5c0c2c76b
Featuring Ty Dolla $ign,"⭐ Nipsey Hussle - I Just Wanna Know [V1]
(feat. Ty Dolla $ign & Cardi B) (prod. C Gutta & MyGuyMars)","Original Nipsey Hussle song where his vocals on ""Do It"" come from; his pre-chorus and chorus vocals were turned into a verse on the intro. The song was meant to release on Featuring Ty Dolla $ign, but was scrapped for unknown reasons.",3:22,,"Jul 30, 2020",Full,CD Quality,https://pillows.su/f/0d12b4f98f1175c76400a4790f177cdd
Beach House 3,Mean It,"Snippet leaked July 23, 2020.",,,"Jul 23, 2020",Snippet,Lost,Link Needed
Featuring Ty Dolla $ign,Don't Go,"Track from Featuring Ty Dolla $ign sessions. Vocals from this song would be used on a fake Ye snippet featuring Ty, titled ""Stay"". Has an open verse. Leaked July 18, 2020.",3:44,,"Jul 18, 2020",Full,CD Quality,https://pillows.su/f/91823db22f17b6f3a4a2abc347066996
Featuring Ty Dolla $ign,"???
(feat. MadeInTYO)","Snippet leaked July 11th, 2020. Song is 2:17 in length.",2:17,,"Jul 11, 2020",Snippet,Lost,Link Needed
Free TC,"She Knows
(feat. Rich Homie Quan)","Song with vocals from Rich Homie Quan. Most likely from 2014-2015 as these are the years they collaborated the most in, also appearing together in the 2014 XXL Freshman Cypher. Most likely from the same session as ""Worried"".",3:05,,"Jul 5, 2020",Full,High Quality,https://pillows.su/f/e16ededce9880da45a5779b3afdfe653
Campaign [V1],"100 Pounds
(feat. T.I.)",Song from very early Campaign sessions with a feature from T.I.,3:26,"Dec 14, 2015","Jul 5, 2020",Full,High Quality,https://pillows.su/f/acb7e9ef110f8e9bb451e67b81d0b85d
Campaign [V2],"No Justice [V2]
(feat. Big TC) (prod. D.R.U.G.$. & D'Mile)","Leaked on LEAKTH.IS by Sweiv on Jul. 5, 2020. Features an altered instrumental, new Ty vocals and an extra Ty verse.",,,"Jul 5, 2020",Full,CD Quality,https://pillows.su/f/6c63319a1c0b09cec1397fc720f9ac03
$24:00 [V1],"⭐ PUT IT ON DOLLA
(prod. FKi 1st)","Song from 2018, likely intended for the 24$ collab tape. Has an open verse.",3:57,,"Jul 5, 2020",Full,CD Quality,https://pillows.su/f/a898716558fee5187a3683150ad7cce7
Dream House,"Let's Be Clear
(feat. Tee Grizzley) (prod. Hit-Boy)",Track from Featuring Ty Dolla $ign sessions.,2:33,,"Jul 5, 2020",Full,CD Quality,https://pillows.su/f/0394987d737a8d24b375adc6ec648256
Beach House 2,"Got My Shit Together
(prod. Stargate)",Leaked on LEAKTH.IS by Sweiv on 7/2/2020.,3:44,,"Jul 2, 2020",Full,CD Quality,https://pillows.su/f/6012fbf3db02318c0383db874c7f70d5
Free TC,Finessin',"Leaked July 2, 2020.",3:02,"Jul 5, 2015","Jul 2, 2020",Full,CD Quality,https://pillows.su/f/d7e09ca55885f1637ef0496188f5f791
Free TC,"✨ Who You Wit?
(feat. Joe Moses) (prod. Mustard)","Leaked on LEAKTH.IS by Sweiv on Jul. 2, 2020. Allegedly from 2018, but its more likely that it's from 2014-15 along with all the other songs that have Ty using this tone of voice and production style that were claimed to be 2018",2:46,,"Jul 2, 2020",Full,CD Quality,https://pillows.su/f/a83a7fd13447b1a8855c89ed8c3b7bd6
Free TC,"Worried 'Bout No Nigga
(feat. Rich Homie Quan)","Song with vocals from Rich Homie Quan. Most likely from 2014-2015 as these are the years they collaborated the most in, also appearing together in the 2014 XXL Freshman Cypher. Most likely from the same session as ""She Knows"".",3:01,,"Jul 2, 2020",Full,CD Quality,https://pillows.su/f/2ac0180f62695ecf4dcf295443d0c761
Beach House 3,"No Favors
(feat. Wizkid)","Song from 2017 featuring Wizkid. Leaked July 2, 2020.",3:09,"Feb 27, 2017","Jul 2, 2020",Full,CD Quality,https://pillows.su/f/327bc73ea1edd4b8c4ef873186b9b63e
Featuring Ty Dolla $ign,"DJ E-Feezy - Tell Me [V1]
(feat. Ty Dolla $ign) (prod. DJ E-Feezy)","Leaked on LEAKTH.IS by Sweiv on July 2, 2020, before being lost sometime after. Solo Ty version with an open verse.",3:35,,"Jul 2, 2020",Full,CD Quality,https://pillows.su/f/7ff207d31a536e245a90f9dacc2023d5
Talk About it in the Morning,"No Say So
(prod. Metro Boomin)","Solo Ty. Has an open verse for Wiz to record on, though it is unknown if he ever did.",2:13,,"Jun 30, 2020",Full,CD Quality,https://pillows.su/f/0728feac243cf042f8150199a25dea37
Featuring Ty Dolla $ign,"✨ Tequila
(feat. 2 Chainz & A$AP Ferg) (prod. Mustard)","Fully finished song featuring 2 Chainz and A$AP Ferg. Has rough mixing on Ferg's verse. Leaked June 28, 2020.",3:31,,"Jun 28, 2020",Full,CD Quality,https://pillows.su/f/df2c8c0181fc966cbaa3d10f71cb4747
Campaign [V2],"Nobody Better
(feat. Wiz Khalifa) (prod. Ricky P)",Song featuring WIzkid first previewed sometime in 2016. Likely intended for Campaign.,,,"Jun 18, 2020",Full,CD Quality,https://pillows.su/f/daa2f410976b5e4dc3b128574f2c7e86
Dream House,"Drake - Get Better [V1]
(prod. Nineteen85, Noel Cadastre & 40)
(Get Along Better)","Original version of ""Get Along Better"". Unknown if Ty Dolla $ign is on this version.",,,"Jun 15, 2020",Snippet,CD Quality,Link Needed
Featuring Ty Dolla $ign,"Justin Timberlake - Tight Grip
(feat. Ty Dolla $ign)","Justin Timberlake song with Ty Dolla $ign. The two were writing songs together during the sessions for Featuring Ty Dolla $ign, this likely being one of them.",,,"Jun 8, 2020",Full,CD Quality,https://pillows.su/f/7217a5d613ae6b287c5a0bc9334bf912
Featuring Ty Dolla $ign,"✨ Justin Timberlake - Show Don't Tell
(feat. Ty Dolla $ign)","Justin Timberlake song with Ty Dolla $ign. The two were writing songs together during the sessions for Featuring Ty Dolla $ign, this likely being one of them.",,,"Jun 7, 2020",Full,CD Quality,https://pillows.su/f/2e4b8e57d4da211821ac7017e0e1827d
Dream House,"✨ Wicked Games [V1]
(prod. Hitmaka & OG Parker)",Fully finished song from 2018. Brought back in 2025 for TYCOON. Originally thought to have been a solo demo from MIH-TY sessions due to its producers.,2:11,,"May 27, 2020",Full,CD Quality,https://pillows.su/f/68a1bd5f218ea2f3fbbc6a2241bd32ed
Beach House 3,"Don't Get Much Better [V1]
(with Jeremih & Joe Moses) (prod. DZL, Ricky Reed, Gladius & Axident)","Early version with Joe Moses instead of Sage The Gemini, along with minor instrumental differences.",4:25,,"May 26, 2020",Full,CD Quality,https://pillows.su/f/046cc80bf9df79d1e8708c0843e6cd1f
Free TC,"Chris Brown & Tyga - Nothin' Like Me
(feat. Ty Dolla $ign) (prod. Mustard & Mike Free)","Versopm with a slightly different beat to release. This song was inititally intended to be the lead single for Tyga and Chris Brown's collaborative project, Fan of a Fan: The Album instead of “Ayo"".",,,"May 24, 2020",Full,CD Quality,https://pillows.su/f/e39423e586c69b036db2d631a4282125
Featuring Ty Dolla $ign,"That's Wassup
(prod. Metro Boomin & Southside)","Leaked May 21, 2020.",3:53,,"May 21, 2020",Full,High Quality,https://pillows.su/f/001e3185bb7547079efaeebe98910225
MIH-TY,"✨ Rotation
(prod. Hitmaka)","Song from MIH-TY sessions. Leaked May 20, 2020.",3:24,,"May 20, 2020",Full,CD Quality,https://pillows.su/f/f6543b9ec1b592a966d536d946ef2f83
MIH-TY,"You [V1]
(ref. SprngBrk) (prod. Kevin Figs, Hitmaka & Retro Future)
(Imitate)","Version of ""Imitate"" leaked under the title ""You"". Contains no Ty vocals and vocals from SprngBrk (fka A1).",,,"May 8, 2020",Full,CD Quality,Link Needed
Campaign [V2],"Hardo - New Bitch
(feat. Ty Dolla $ign)","Leaked May 6, 2020.",4:08,,"May 6, 2020",Full,CD Quality,https://pillows.su/f/d11dd7cf8f9add0ec9624362831e4b44
Dream House,"Savage
(feat. 24hrs) (prod. Zaytoven)","Song from 2018. Leaked May 6, 2020.",2:53,,"May 6, 2020",Full,CD Quality,https://pillows.su/f/9957134ef87836835aa7bf0ff56664bb
Free TC,"Long Time [V3]
(feat. Joe Moses) (prod. Metro Boomin)",Version of with a Joe Moses feature instead of Quavo.,4:06,,"May 5, 2020",Full,CD Quality,https://pillows.su/f/078b0c7650df8247283e80561308b31c
Dream House,"Young Thug - ??? [V1]
(feat. Future) (prod. Wheezy)
(Send Some Shots)","Previewed by Young Lord on May 2, 2020. Unknown whose song it was at this point.",,,"May 2, 2020",Snippet,Recording,https://pillows.su/f/b0b5a1640ed4b49ca50f0105a8503332
Free TC,"⭐ Throw It All Night
(feat. Jeremih & ???) (prod. Mustard)","Fully finished song with vocals from Jeremih and someone who sounds similar to Snoop Dogg, but is definitely not him. Was originally thought to be a scrap from MihTy, however judging by the sound and Ty's voice, it is likely from much earlier. A presumably edited version which features samples from the A Different World episode ""Homey, Don't Ya Know Me"" leaked on October 4, 2018. Another version, which is the exact same but without any of the TV samples would later leak in 2020 (second link; a HQ rip from YouTube, original file lost(?)). Leaked as ""Through It All Night"", though this was likely a typo.",2:44,,"Apr 29, 2020",Full,CD Quality,"https://pillows.su/f/2e9581eaa59f68d38995de8a7a089f83
https://pillows.su/f/3b320439bf50d3625dd8fd43e397ffb5"
Featuring Ty Dolla $ign,"🏆 ???
(prod. RONNY J)
(Extorted, Sex Symbol)","Snippet posted to Ronny J's Instagram April 28, 2020 captioned ""RJ x Ty$"". Commonly nicknamed ""Extorted"" by fans.",,,"Apr 28, 2020",Snippet,Recording,https://pillows.su/f/823fb184faf93528a3f74b89c23bac0b
Beach House 3,"Get Money [V1]
(feat. Chrishan) (prod. Hitmaka & SprngBrk)",Song from late 2016 with vocals from Chrishan.,2:22,"Nov 16, 2016","Apr 17, 2020",Full,CD Quality,https://pillows.su/f/127e38038cfacf921dd9f504efa5a498
Dream House,"RITUAL - Chasing a Feeling
(feat. Ty Dolla $ign & Rita Ora)","Leaked on LEAKTH.IS by carlos on Apr. 14, 2020. Most likely from 2019.",,,"Apr 14, 2020",Full,CD Quality,https://pillows.su/f/bb0a90db926486037c9a79c4c00ff649
Featuring Ty Dolla $ign,"Nipsey Hussle - ???
(feat. Ty Dolla $ign)","On the 1 year anniversary of Nipsey's passing, Ty Dolla $ign and YG previewed some music on their IG live.",,,"Mar 31, 2020",Partial,Recording,Link Needed
Yandhi,"Kanye West - Garden [V14]
(feat. Ty Dolla $ign & Ant Clemons) (prod. Phil The Keys & StereoSine)
(The Garden, Pets)","OG Filename: Garden (StereoSines_Phillip_Keys)
Version with alternate production including piano from Phil The Keys and a beatswitch with dance production. Leaked June 27, 2022.",2:17,"Dec 19, 2018","Mar 28, 2020",OG File,High Quality,https://pillows.su/f/089df45b943446f04a069b84a243da46
Yandhi,"Kanye West - Garden [V16]
(feat. Ty Dolla $ign & Slim) (prod. Phil The Keys & StereoSine)
(The Garden, Pets)","OG Filename: Garden w/slim 
Similar to the version above, but with Slim of 112 replacing Ant Clemon's vocals. Leaked March 28, 2020. OG File leaked June 27, 2022.",3:08,,"Mar 28, 2020",OG File,High Quality,https://pillows.su/f/163954ec9e9c312c02ec2de9a84501d7
Free TC,"⭐ The Game - Let's Bick It
(feat. Ty Dolla $ign & Keyshia Cole) (prod. Mustard)","The Game song featuring Ty Dolla $ign and Keyshia Cole, intended for The Game's album The Documentary 2. An edited version missing The Game as well as some of Ty's vocals leaked in late 2019 or early 2020. A more full version later leaked, however it's still missing The Game's full verse.",,,"Mar 25, 2020",Partial,CD Quality,https://pillows.su/f/1cc813833f805ce963cc5ed3b95f9430
Free TC,"Where It's At [V1]
(prod. DJ Spinz)
(??? (Where))","Solo version of the song made during Free TC sessions. Has a completely unused second Ty verse, however the rest of the song is mostly the same as release.",2:51,,"Mar 22, 2020",Full,CD Quality,https://pillows.su/f/84242f1218a9b9d311e875a7b65edf84
Campaign [V2],I Want You,"Song from Campaign sessions. Incomplete edited version leaked on 11/11/2019, with the full version leaking by TheScent in 2020.",,,"Mar 22, 2020",Full,CD Quality,https://pillows.su/f/62e6f27bb5e5cddcacb532d7082f0caa
Featuring Ty Dolla $ign,"Lil Mosey - Diamonds Bussin'
(feat. Ty Dolla $ign) (prod. DJ Scheme)","Snippet previewed by Lil' Mosey on his TikTok on Mar. 22, 2020. (KEEP THIS SHIT LOST!!)",,,"Mar 22, 2020",Full,Lost,Link Needed
MIH-TY,"⭐ I Know You Would
(feat. Kehlani) (prod. Hitmaka & Ayo & Keyz)","Finished song featuring a verse from Kehlani. Leaked March 20, 2020.",4:00,,"Mar 20, 2020",Full,High Quality,https://pillows.su/f/84869afd1d5bddcaad14573693396afe
Yandhi,"Kanye West - New Body [V26]
(feat. Ty Dolla $ign) (prod. Cubeatz, Plain Pat, Ty Dolla $ign & BoogzDaBeast)","OG Filename: New Body - 09.25.19 Ye x Ty_temp
Version with re-recorded vocals from Ye and Ty to fit the religious theme of JESUS IS KING. Has an open verse. Leaked March 14, 2020.",3:03,"Sep 25, 2019","Mar 14, 2020",OG File,CD Quality,https://pillows.su/f/d781b886f5f5be2b25e39b96b817f01e
Dream House,"Wiz Khalifa - Gangster Roll
(feat. Ty Dolla $ign) (prod. Drumma Boy)",Leaked online in March of 2020. First verse is open.,,,"Mar 1, 2020",Full,CD Quality,https://pillows.su/f/6d24cd99f3bf258d58d66fe2de76a71b
Skrillex Collaboration,"Ego Death [V13]
(feat. Kanye West, FKA twigs & serpentwithfeet) (prod. Ty Dolla $ign, Skrillex & BoogzDaBeast)","First previewed by Ty during his 2019 Coachella set. Leaked after a successful groupbuy. Similar to release, but with fully uncensored Kanye vocals.",3:49,,"Feb 28, 2020",Full,CD Quality,https://pillows.su/f/48360f58059d4b6b5c8a4cdba4f3806f
Free TC,"Mustard - Down On Me (Remix)
(feat. Ty Dolla $ign & Jeremih) (prod. Mustard & Mike Free)",Remix from 2015 with a verse from Jeremih instead of 2 Chainz. Has alternate mixing.,3:27,,"Feb 13, 2020",Full,CD Quality,https://pillows.su/f/304c45c71c7c24f982c3e3ea457e5fa1
Campaign [V2],"All I Need
(feat. CH4SINGTHEHIGH) (prod. Zaytoven)",Track produced by Zaytoven. Recorded on 3/30/2016.,,"Mar 30, 2016","Feb 13, 2020",Full,CD Quality,https://pillows.su/f/528ad7eabc33887e04a5e0a343ed8700
Dream House,"⭐ I Lost All My Friends [V2]
(feat. Post Malone)","OG Filename: I Lost All My Friends (feat - Post Malone) (Scratch 2nd Verse)
Song from which Post Malone's hook was repurposed for ""all my friends"" by 21 Savage. Otherwise a completely separate song with a different instrumental and two Ty verses. Filename shown by MusicMafia.
THE OG FILE FOR THIS HAS BEEN LOST, PLEASE DM @somerandomassmf or @x3mili IF YOU HAVE IT",3:16,,"Feb 8, 2020",Full,CD Quality,https://pillows.su/f/df5c1628e91eda5c20aefa4db3fe7e2e
Yandhi,"Kanye West - Everything We Need [V24]
(feat. Ant Clemons, Sunday Service Choir & XXXTENTACION) (prod. Rico Nichols & Darius Woodley)
(Jeet, The Storm, We Begin, XXX, We Begin After The Storm Inside)","2019 version of ""The Storm"", includes an earlier version of the ""Everything We Need"" hook and the Sunday Service Choir vocals. Beat uses V3 and V4 instrumental. XXXTENTACION's vocals are briefly used but fade away quickly and don't include any of the explicit parts. Recorded February 2019.",2:16,,"Feb 1, 2020",Full,CD Quality,https://pillows.su/f/ae3d48e718aba5e5e5d9304007e759a5
Beach House 2,Odd Past,"Snippet leaked January 25, 2020. Sounds quite old.",,,"Jan 25, 2020",Snippet,Lost,Link Needed
Yandhi,"Kanye West - Flute Beat [V1]
(feat. 6ix9ine) (prod. RONNY J, Cubeatz & Plain Pat)
(New Body)","OG Filename: Little_cu FLUTE BEAT - KW Ref 09.22.18
Version with a 6ix9ine hook and a Ye freestyle. Leaked January 17, 2020.",3:01,"Sep 22, 2018","Jan 17, 2020",Full,CD Quality,https://pillows.su/f/2963a7f9caacdb077c319efaf6906676
Yandhi,"Kanye West - New Body [V6]
(feat. Ty Dolla $ign & 6ix9ine) (prod. RONNY J, Cubeatz & Plain Pat)","OG Filename: New Body [69 hook and TY$ verse] 09.29.18
Version with only Ty's verse and one 6ix9ine hook. Leaked January 17, 2020.",2:51,"Sep 29, 2018","Jan 17, 2020",OG File,CD Quality,https://pillows.su/f/a6503873e370a9cc02e9d7e79216d3b6
Yandhi,"Kanye West - New Body [V7]
(feat. Ty Dolla $ign, Desiigner & 6ix9ine) (prod. RONNY J, Cubeatz & Plain Pat)","Version with Ty on the hook, a bridge from Desiigner, and vocals from the original Ye and 6ix9ine freestyle. Leaked January 17, 2020.",3:01,,"Jan 17, 2020",Full,CD Quality,https://pillows.su/f/7c128145269c354cb64850efaf09bf14
Yandhi,"Kanye West - New Body [V3]
(ref. Ant Clemons) (feat. 6ix9ine) (prod. RONNY J, Cubeatz & Plain Pat)","Ant Clemons reference track. Leaked January 17, 2020.",3:01,,"Jan 7, 2020",Full,CD Quality,https://pillows.su/f/1f880d370ee4a43b30cb8dd669dcec08
Free TC,Like A Tornado,Song from 2014 with an open verse.,3:37,,"Dec 18, 2019",Full,CD Quality,https://pillows.su/f/1ba4ec8798c8ba672af1d06a6761a708
Free TC,"On Everythang
(feat. TeeCee4800) (prod. Ty Dolla $ign, Metro Boomin & Southside)",Song with an open verse and feature from TeeCee4800.,3:17,"May 8, 2015","Dec 17, 2019",Full,CD Quality,https://pillows.su/f/86e5aedf35aaa2c53876029239382827
Yandhi,"✨ Kanye West - Hurricane [V10] 
(feat. Ant Clemons, Young Thug & Ty Dolla $ign) (prod. BoogzDaBeast, Nascent & RONNY J)
(Don't Let Me Down, Hurricanes, 80 Degrees)","Has a different Ant hook than other versions, which is autotuned, and has Kanye's hook layered under it. Features verses from Ty Dolla $ign and Young Thug. Leaked in December 2019. Stems leaked in November 2021.",4:21,"Sep 23, 2018","Dec 14, 2019",Full,CD Quality,https://pillows.su/f/bbee401f985cc1af95dd6d0e62fba279
MIH-TY,"Leave You Alone
(prod. Hitmaka & BONGO ByTheWay)","Has an open verse. Likely from 2018 based on sound and frequent producer duo at the time, though Jeremih has worked with Hitmaka for a very long time so this is just a rough guess.",4:30,,"Dec 9, 2019",Full,CD Quality,Link Needed
Dream House,"⭐ Replace Your Ex [V1]
(feat. Wiz Khalifa & Tierra Whack) (prod. Hitmaka)
(Replace My Ex)",Song with verses from Wiz Khalifa and Tierra Whack.,3:49,,"Dec 5, 2019",Full,CD Quality,https://pillows.su/f/30f5779e1dd13d8243c89710f172c4f2
Yandhi,"B. Lewis - ??? [V1]
(prod. B. Lewis)
(Everything We Need)","Original version/melody of ""The Storm"", performed by producer B. Lewis before being given to Kanye. He is credited as a guitarist and songwriter on ""Everything We Need"".",,,"Dec 4, 2019",Confirmed,Not Available,https://activate.metroactive.com/2019/12/the-odyssey-of-b-lewis/
Yandhi,"Kanye West - The Storm [V14]
(feat. Kid Cudi, XXXTENTACION, Ty Dolla $ign, Ant Clemons & tizhimself) (prod. RONNY J & tizhimself)
(XXX, Jeet, Everything We Need, We Begin After The Storm Inside)","OG Filename: We Begin 09.24.18 [X verse Cudi Verse]
Leaked November 16, 2019.",3:02,"Sep 24, 2018","Nov 16, 2019",OG File,CD Quality,https://pillows.su/f/774171bcf11cb2695afbbeec57572e57
Free TC,"Chris Batson - NSA
(feat. Ty Dolla $ign)","Chris Batson sonf with Ty vocals. Most likely a cut from his 2015 EP, ""P.S. Love Never Dies"".",,,"Nov 11, 2019",Full,CD Quality,https://pillows.su/f/c45fda946991e12fbdf2a0107ae987a5
Free TC,Good To Ya,"Leaked November 1, 2019. Recorded on May 8, 2015.",2:45,"May 8, 2015","Nov 1, 2019",Full,CD Quality,https://pillows.su/f/9e51fa7316a9d7818a8ef918d9d474e9
Free TC,"Want Her
(prod. Mustard)",Song with an open verse.,2:56,,"Nov 1, 2019",Full,CD Quality,https://pillows.su/f/173a5ecee9a3c0a88a374812c6751138
Free TC,"Let It Go
(feat. TeeCee4800)",Fully finished song featuring Ty's cousin. Most likely a cut from Free TC.,3:52,,"Nov 1, 2019",Full,CD Quality,https://pillows.su/f/341492abcc1b6c8e7d08e63822feb586
Beach House 3,"Hurt So Good
(feat. Wizkid)","Song with Wizkid, likely recorded among the othet two snippets shared by Flab.",2:27,,"Nov 1, 2019",Full,CD Quality,https://pillows.su/f/740f777d68c0b67f664870ece95e9295
Dream House,"Kanye West - Violent Nights [V7]
(ref. Ty Dolla $ign) (feat. Ty Dolla $ign & 070 Shake) (prod. 7 Aurelius & Irv Gotti)","OG Filename: Violent Nights REF 5.25.18
Has new Kanye vocals with Ty Dolla $ign reference vocals over the mumble lines. Leaked in full on November 16, 2019 after being bought in a groupbuy along with ""The Storm"" featuring Kid Cudi.",3:23,"May 25, 2018","Nov 1, 2019",OG File,High Quality,https://pillows.su/f/fe4274b280731e93cb7015b80efa7553
Yandhi,"⭐ Kanye West - The Garden [V10]
(feat. Carole Bayer Sager, Ty Dolla $ign, Ant Clemons, The-Dream & Teyana Taylor) (prod. MIKE DEAN & ???)
(Garden, Pets)","OG Filename: The Garden 09.30.18 [TY, Ant, Dream, Teyana] Add MD bass and pad
Includes new verses from The-Dream and Teyana Taylor, with no Kanye verse and added production from MIKE DEAN. Originally leaked in November 2019.",3:50,"Sep 30, 2018","Nov 1, 2019",OG File,CD Quality,https://pillows.su/f/9571c0bdc013ec3bfabb156a8e257505
Free TC,"Cassey - Girls
(feat. Ty Dolla $ign) (prod. Mustard)",Leaked on LEAKTH.IS by wunna on 10/29/2019.,,,"Oct 29, 2019",Full,High Quality,https://pillows.su/f/73f663f22434f9025f4549543bca74d6
Yandhi,"Kanye West - Everything We Need [V37]
(ref. Pusha T) (feat. Ty Dolla $ign & Ant Clemons)
(Jeet, The Storm, We Begin, XXX, We Begin After The Storm Inside)",Version with a different vocal take on second verse. Pusha T punches in for Kanye on the first verse. Has much harder hitting drums. Was played at the LA listening party.,,,"Oct 25, 2019",Full,Recording,https://pillows.su/f/6a56acecd523107e712cadb4a633e9fa
Free TC,"✨ Hella Henny
(feat. The Game & ???)","Has finished Ty and Game vocals and an unknown feature on the hook, possibly Jeremih. Unknown which artist this belongs to due to Ty and The Game having equal vocal prescence.",4:35,"Mar 25, 2015","Oct 6, 2019",Full,CD Quality,https://pillows.su/f/a8120d359b54198e0b69d2032bee15de
Dream House,Get It,"Leaked October 6, 2019.",3:47,,"Oct 6, 2019",Full,CD Quality,https://pillows.su/f/8f94fafcab81b63f5fe9eed7bad6bf29
Yandhi,"⭐ Kanye West - Sky City [V27]
(feat. Ty Dolla $ign, Ant Clemons, 070 Shake, The-Dream, Desiigner & Kid Cudi) (prod. Justus West, damn james!, Ty Dolla $ign, BoogzDaBeast, Timbaland, Federico Vindver, Angel Lopez & DRTWRK)
(City In The Sky, Loyalty, Ooh Child, Ooh Child Things Are Gonna Get Easier)","OG Filename: YE - Sky City (BOOGZ NWA DRUMS) team timbo short version V1
A later, unmastered, version of ""City in the Sky"" with a rough mix. This version contains Timbaland drums, and a random cut in Ty's intro. Leaked in early October 2019, under the name ""We Can Fly"".",4:03,"Dec 16, 2018","Oct 4, 2019",OG File,CD Quality,https://pillows.su/f/fd133187fd6aec662d05dfe6aae98877
Yandhi,"Kanye West - New Body [V22]
(feat. Ty Dolla $ign & Nicki Minaj) (prod. Cubeatz, Plain Pat, Ty Dolla $ign, Bizness Boi & BoogzDaBeast)","OG Filename: _New Body - BIZ Intro - (_boogz revisited) 11-24-18 (with YE VERSE)
Version with record scratches on the intro and alternate drums. Leaked October 1, 2019.",4:12,"Nov 24, 2018","Oct 1, 2019",OG File,CD Quality,https://pillows.su/f/89b91e894b3cc5e772763bc6fb1f8424
Free TC,"Piece of My Love
(prod. Mustard)","Song from 2014. Has a minute of vocals and the rest is open verse. Samples and interpolates ""Piece of My Love"" by Guy.",3:46,,"Sep 18, 2019",Full,CD Quality,https://pillows.su/f/54010e06860aa6efa5b8a4bb8a40baef
Free TC,"⭐ Nina [V2]
(prod. Nic Nac)","Throwaway from Free TC sessions, has a completely reworked beat compared to the previous version by Nic Nac. Leaked September 10, 2019.",2:53,,"Sep 10, 2019",Full,CD Quality,https://pillows.su/f/9ff7e4f680e92e21aa5cacc154c74f4e
MIH-TY,"🏅 I Do
(feat. Usher) (prod. Hitmaka)","Song with a verse from Usher. Snippet leaked November 5, 2019. Possibly related to ""If I Do"".",,,"Sep 5, 2019",Snippet,CD Quality,https://pillows.su/f/d079db93b28c3d3de46882219b77ad3a
Free TC,"Ride It
(feat. Wizkid)","Leaked on August 17, 2019.",3:15,,"Aug 17, 2019",Full,CD Quality,https://pillows.su/f/39f50e965e0877f4d819dac922a18a8c
Dream House,"Juice WRLD - Pop It [V2]
(feat. G Herbo) (prod. Hit-Boy)
(Ace Of Hearts)","OG Filename: hit x juice 5 pop it v1.1 herbo
Juice WRLD song with G Herbo previewed in a vlog via Chris Long Films January 22, 2019. Later combined with ""Count Me Out"".",3:58,"Jun 9, 2019","Jul 25, 2019",OG File,CD Quality,https://pillows.su/f/8d0fb941091099e900cd66245e6990d2
Yandhi,"Kanye West - New Body [V20]
(feat. Ty Dolla $ign & Nicki Minaj) (prod. RONNY J, Cubeatz, Plain Pat & Ty Dolla $ign)","Leaked July 10, 2019.",3:42,"Oct 6, 2018","Jul 10, 2019",Full,CD Quality,https://pillows.su/f/fe3235680b174921c6b09ab47a594074
Campaign [V1],"⭐ Tour Bus
(prod. Cardo Got Wings & Yung Exclusive)","Contains an open verse, possibly meant for Future as Ty mentions in the song that he just ""did a tape with Future Hendrix on the tour bus"". The title track on Campaign was ""the product of a late night on the tour bus"" for Future and Ty's 2015-2016 Purple Reign tour. It's likely that this song originated from the same sessions. Shares a similar instrumental to ""Rings"" by Kap G.",4:17,"Feb 1, 2016","Jun 19, 2019",Full,CD Quality,https://pillows.su/f/3fef90e3a4346197c86e2bd602f823ef
Campaign [V1],"Travis Scott - Hot Sauce [V3]
(feat. Ty Dolla $ign) (prod. Wondagurl)","OG Filename: Hot Sauce Ruff
Version with Ty Dolla $ign and recorded in the same session as ""Regular"". Ty has heavy autotune on his vocals.",3:14,,"Jun 19, 2019",OG File,CD Quality,https://pillows.su/f/5486dbea9ae2aa2a2ca1160b4c29b726
Dream House,One Of One,"Song from Dream House sessions. Interpolates ""La Di Da Di"" by Slick Rick.",2:50,,"Jun 17, 2019",Full,High Quality,https://pillows.su/f/eb135478d6d0404d7f1485451d361b79
Campaign [V1],"Travis Scott - Regular [V2]
(feat. Ty Dolla $ign & MadeinTYO)","OG Filename: Regular TS_Ruff 2
Has reverb on Travis's vocals, but is otherwise identical to V1.",4:43,"Feb 9, 2016","Jun 13, 2019",OG File,CD Quality,Link Needed
Dream House,"⭐ Tap In [V3]
(feat. Tyga & Kanye West) (prod. d.a. got that dope & BoogzDaBeast)
(Do It Together)","OG Filename: Tap In - B3 Ty$ Tyga - CQ
Finished song from 2019 Dream House sessions featuring Tyga. Has a single tag. The song was given to Tyga after it did not release on Featuring Ty Dolla $ign. Has a beatswitch outro, nicknamed ""All Mine"", that was taken from a Yandhi-era Ye freestyle and samples ""Vitamin C"" by Can. The song was found on ASCAP with writing credits from Ezemdi Chikwendu, who has done writing work on several Tyga songs. Likely recorded around the same time as ""Henny And The Gin"".",2:58,,"Jun 13, 2019",Tagged,CD Quality,https://pillows.su/f/37c32c4ae7701d9fc21782c7a6972495
Dream House,"Hottest in the City [V1]
(feat. Juicy J) (prod. Juicy J)",Original version of the song with alternate production.,,,"Jun 11, 2019",Snippet,Recording,https://pillows.su/f/bc307670af7ec68f6984bff57a1a2ccf
Free TC,"🗑️ Ca$hout
(feat. Ca$h Out)","Song featuring Ca$h Out, aptly named ""Ca$hout"". Contains an open verse. Was quickly lost after initially leaking, later being rediscovered.",4:24,,"Jun 8, 2019",Full,Lossless,https://pillows.su/f/4e9ff3fae2e24ad1b9b109220e0aae0c
Beach House,"🗑️ On My Tip
(feat. Kid Ink) (prod. D.R.U.G.$.)","Song featuring Kid Ink, likely from 2012-2013.",3:37,,"May 23, 2019",Full,High Quality,https://pillows.su/f/7447615b820491f823a6e2c6739d8f99
Dream House,Get Down Sick,"Leaked May 23, 2019.",4:14,,"May 23, 2019",Full,High Quality,https://pillows.su/f/61fb3047b2524f62a341367ba5b74e65
Dream House,"Get Money [V2]
(prod. Hitmaka & SprngBrk)","Leaked May 23, 2019.",2:21,,"May 23, 2019",Full,CD Quality,https://pillows.su/f/bfa1913fee433399415f1b69cd7edf04
Skrillex Collaboration,"Easy To Love
(prod. Skrillex)","Song produced by Skrillex made sometime before May 2019, likely during the sessions for their collaborative project. Has an open verse.",3:06,,"May 23, 2019",Full,CD Quality,https://pillows.su/f/e49e5b394b37d8372e89818f45260ea7
Beach House 2,"Got My Heart [V1]
(feat. Chris Brown)",Leaked on LEAKTH.IS by ChrisBrown (the user) on 5/22/2019. Features a new Chris Brown verse.,2:51,,"May 22, 2019",Full,High Quality,https://pillows.su/f/5a160e25f35b0149b8922b694c2f5fcf
Free TC,"Ain't You
(prod. Mustard)",Song produced by Mustard.,3:07,,"May 22, 2019",Full,CD Quality,https://pillows.su/f/b5c7e78e4a885fa3205a318e66ca4691
Free TC,"For The Crew
(feat. Wizkid) (prod. Mustard)",Song from early 2015 to late 2014. Features Wizkid and is produced by Mustard.,3:01,,"May 22, 2019",Full,CD Quality,https://pillows.su/f/1087e6284d5a8a6c962f0c07805acdd7
Free TC,"✨ She Ours [V2]
(prod. Nic Nac)","Song which was originally thought to be old, then thought to be from 2019, and then revealed to be old again, due to Ty using the same adlibs as he does on ""Nina"", a 2015 song also produced by Nic Nac which this song is very similar too, likely from the same session. Beat was eventually given to Mase for his song ""Nothing""",3:02,,"May 22, 2019",Full,High Quality,https://pillows.su/f/982da6010c0c88fffa104388f1a8f0f2
Campaign [V2],"Money Ain't Everything
(prod. Zaytoven)",Campaign throwaway produced by Zaytoven. Leaked on LEAKTH.IS by Gottapeep.,,,"May 22, 2019",Full,CD Quality,https://pillows.su/f/5fc670dd0f093b2635448af083e65484
Dream House,"✨ Use It
(prod. Zaytoven)","Song produced by Zaytoven, likely from 2018. Has enlightening lyricism such as, ""getting money like I'm Jewish"".",2:34,,"May 22, 2019",Full,CD Quality,https://pillows.su/f/69cf5a20498e8e48bdf4fa72187c21ad
Campaign [V2],"✨ I'm So Clean [V1]
(prod. ???)
(Clean)","Version of ""Clean"" with a different vocal take and an alternate instrumental.",3:07,,"May 9, 2019",Full,CD Quality,https://pillows.su/f/723fb1f72a6215130b4d7d732be5e691
Dream House,"Paul Epworth - Methylene [V1]
(feat. Ty Dolla $ign) (prod. Paul Epworth)
(Cosmos)","Leaked in the LEAKTH.IS Discord by Zimbra on 4/15/2019. Leaked as 'Methaline' but this was likely just a typo, as he says 'methylene blue' in the song, which would not be spelled that way. It was later released in 2020 with an extended 2nd half & outro added.",,,"Apr 15, 2019",Full,CD Quality,https://pillows.su/f/1722d41640c3874e559c229d4ee07cbe
Free TC,"✨ No Panties
(feat. Joe Moses) (prod. Mustard & Dahi)","Shares a similar instrumental to ""I Don't Fuck With You"" by Big Sean and ""Turn Up"" by Justin Bieber. Doesn't contain Kanye production at this point. Unknown if this was made before or after Justin Bieber's rendition of the song.",2:58,,"Apr 10, 2019",Full,CD Quality,https://pillows.su/f/a741356c72990a6b2a24fed129ede322
Dream House,"Wiz Khalifa - Anything
(feat. Ty Dolla $ign & Problem)",Wiz Khalifa song featuring Ty and Problem. Leaked on LEAKTH.IS by nicba.,,,"Apr 7, 2019",Full,CD Quality,https://pillows.su/f/1c88736abc6ea30abbbaa40c1223f917
Free TC,"Find Somebody
(feat. Jovanie) (prod. RNS)",Song from early 2015 to late 2014. Features Jovanie.,2:28,,"Apr 5, 2019",Full,CD Quality,https://pillows.su/f/35379b4a4c542bad10d8911ff979c1be
Campaign [V2],"All Fuck [V3]
(feat. Yo Gotti) (prod. Mustard)
(Afterparty)","OG FIlename: Ty$ - All fuck 123
Song with a verse from Yo Gotti and opens. Was thought to be Yo Gotti's song until the OG file was rediscovered. Uses the same beat as the unreleased Meek Mill and Nipsey Hustle song ""Afterparty"" from 2016. Is censored.",,,"Apr 5, 2019",OG File,CD Quality,Link Needed
Dream House,Everyday I Been Real,"Seemingly a freestyled song. Leaked April 3, 2019.",2:41,,"Apr 3, 2019",Full,CD Quality,https://pillows.su/f/c8b9332e96e9c696d0b49865e793d261
Campaign [V2],"✨ Migos - Party Don't Start [V2]
(feat. Ty Dolla $ign) (prod. Mustard)
(In The Meantime)","Leaked on LEAKTH.IS by Fuck on Apr. 2, 2019. Features all of the Migos instead of just Quavo, as well as Ty Dolla $ign, who has unmixed background and hook vocals. The song was later given to G-Eazy and the official version ""In The Meantime"" only kept Quavo as a feature.",4:22,,"Apr 2, 2019",Full,CD Quality,https://pillows.su/f/a7ca812077188a4404df1a54b6e02d0c
Campaign [V1],"⭐ Fuck Somethin' [V2]
(with Future) (prod. Mustard)
(Real Talk)","OG FIlename: Ty x Future Fuck Somethin 010916 AB Refv1
Short track with vocals from both Ty and Future, produced by Mustard.",1:44,"Jan 9, 2016","Mar 29, 2019",Full,CD Quality,https://pillows.su/f/b5e8bda18abd35d04e71a9c4eaecf10d
Campaign [V1],⭐ Codeine Kisses,"OG Filename: TY_CODEINE_KISSES_020816_AB_REFV1
Song assumed to be from 2016 as Ty would seemingly randomly post the title to Facebook on 2/9/2016. Later confirmed when the filename was revealed to be posted one day afterwards.",2:51,"Feb 8, 2016","Mar 23, 2019",Full,CD Quality,https://pillows.su/f/109397cc316221653e6fae5bca5507fb
Campaign [V2],"Pretend
(feat. Lil Yachty)",Song featuring Lil Yachty. Likely from 2016.,,,"Mar 23, 2019",Full,CD Quality,https://pillows.su/f/c9633ce0b63e3a16b402b7244a7340ae
MIH-TY,"Rewind
(prod. Hitmaka)","Song from MIH-TY sessions. Leaked March 22, 2019.",2:18,"Dec 22, 2017","Mar 22, 2019",Full,CD Quality,https://pillows.su/f/95e1547ffc0d92b03549328401f73157
Dream House,"???
(prod. Ty Dolla $ign, H.E.R., Camper, Flippa & Saint Luke)","Jam session between Ty, H.E.R., Camper, Flippa, and Saint Luke (Luke Witherspoon), featuring Ty playing keys and H.E.R. playing drums. Snippets posted by H.E.R. to Instagram on March 14th, 2019.",,"Mar 14, 2019","Mar 14, 2019",Partial,Recording,"https://pillows.su/f/d8adbeb552f649d78491fcede19af895
https://pillows.su/f/885c7540225b29bb3bce223e857c88e1"
Dream House,✨ Motivation,"Has an open verse. Samples ""Silly, Wasn't I"" by Valerie Simpson. Leaked March 13, 2019.",3:01,,"Mar 13, 2019",Full,CD Quality,https://pillows.su/f/47f3dd08d3041822fc1d029ed5484c61
Free TC,"Saucin'
(prod. Mustard)","Leaked on March 8, 2019.",3:32,,"Mar 8, 2019",Full,CD Quality,https://pillows.su/f/f2f44120df55763a1cd9de058b16dea0
MIH-TY,"✨ Choppa Style
(feat. French Montana & Jason Derulo) (prod. Hitmaka & Ayo & Keyz)","Song from MIH-TY sessions. Samples and interpolates ""Choppa Style"" by Choppa & Master P. The beat and French Montana's verse were later reused on ""Oh Yeah"" by Yo Gotti. Leaked February 12, 2019.",2:57,,"Feb 12, 2019",Full,High Quality,https://pillows.su/f/720ab9e2e35d9202a01a40ea2e10a267
Dream House,"Young Thug - Big Boody Bitch [V2]
(feat. Gunna) (prod. Pi'erre Bourne)
(River)","Original song where Young Thug's verse on ""River"" would be taken from. Recorded and previewed by Young Thug on February 8, 2019.",,"Feb 8, 2019","Feb 8, 2019",Snippet,Recording,"https://pillows.su/f/ab599bc3e475c8e41cf3ca3325ee0054
https://pillows.su/f/d0bee57ee076632d7e5daca67660d35b
https://pillows.su/f/a958f2d6650b7edeb24297cde432a897"
Talk About it in the Morning,"My Own Thang
(prod. Mustard)",Has an open verse.,4:05,,"Jan 18, 2019",Full,CD Quality,https://pillows.su/f/e1468d55e88f784dea57ae9d5150ddb3
Campaign [V1],"Post Malone - Big Lie [V7]
(feat. Ty Dolla $ign) (prod. Mustard, Louis Bell & Twice as Nice)",Started circulating in late November/early December 2018. Features a verse from Ty Dolla $ign not present on release. Leaked on LEAKTH.IS by Evie.,,,"Jan 13, 2019",Full,CD Quality,Link Needed
Free TC,Nice Hotel,"Leaked on LEAKTH.IS by DeadBunnnys on November 24, 2018.",3:03,,"Nov 24, 2018",Full,CD Quality,https://pillows.su/f/9b86852b37f658d25d3b1b5d01cd7773
Free TC,"Fire [V1]
(with Travis Scott)","Assumed to be fake when it leaked, but it is real and was recorded sometime in 2014. Was originally leaked on October 26, 2018, but resurfaced later in April 2024.",3:10,,"Oct 26, 2018",Full,Lossless,https://pillows.su/f/1411be69eb64fa21d600771406795959
MIH-TY,"Take Your Time
(prod. Retro Future, Kevin Figs & Hitmaka)",Solo Jeremih version.,,,"Oct 26, 2018",Full,CD Quality,Link Needed
Campaign [V1],"Travis Scott - Regular [V1]
(feat. Ty Dolla $ign & MadeinTYO)","OG Filename: Regular TS_Ruff 1
Rough and unfinished throwaway. Travis appears to be trying to create a hook.",4:43,"Feb 9, 2016","Jul 11, 2018",OG File,CD Quality,https://krakenfiles.com/view/IhtF5gDjfo/file.html
$24:00 [V1],"WHAT A NIGHT
(prod. Twice As Nice)",Song from 2018. Has an open verse.,3:12,,"Jun 22, 2018",Full,CD Quality,https://pillows.su/f/f753d3d70bfdfb9c255686fadd76eb6d
Dream House,"✨ The Carters - BOSS [V1]
(ref. Ty Dolla $ign) (prod. MIKE DEAN, Melo-X, Derek Dixie, Stuart White & D'Mile)","Ty Dolla $ign reference track for ""BOSS"", which would later release on Beyoncé & JAY-Z's collaborative album, EVERYTHING IS LOVE. According to Ty, this reference was made ""in front of Rihanna"", but she didn't end up recording for it. Contains no vocals from JAY-Z or Beyoncé and also has some alternate lines on the second verse. Mentioned by Ty on ""Real Life"" when he says ""Did a song with Beyoncé and JAY-Z"". Tagged version leaked by MusicMafia June 20, 2018.",2:54,,"Jun 20, 2018",Tagged,CD Quality,https://pillows.su/f/0b94af406e06ec640e31a07d00f3c354
Dream House,"KIDS SEE GHOSTS - Freeee (Ghost Town Pt. 2) [V12]
(feat. Ty Dolla $ign)
(I Feel Free)",Version with some lyrics differences 54 seconds in. Was played at the listening party.,3:26,,"Jun 8, 2018",Full,CD Quality,https://pillows.su/f/f190b64912916b5c3a3fd14f47654187
Free TC,"✨ Rihanna - Woo [V7]
(ref. Jeremih, The Weeknd, Travis Scott, & Ty Dolla $ign) (prod. Hit-Boy & Travis Scott)","OG Filename: WOO LONG 3RD VS
Structured reference that uses some of The Weeknd's vocals from the original freestyle, and has a finished verse from Jeremih. Travis' hook is also present, and he performs some extra vocals that Rihanna performs on the final version. Jeremih and Ty Dolla $ign weren't credited in the OG file, with the artist label being ""RI TRAVIS WEEKND."" Ty provides backing vocals and adlibs during The Weeknd's parts.",3:53,,"Jun 7, 2018",OG File,CD Quality,https://pillows.su/f/3b75e2a192110d59834598221692de9a
MIH-TY,"🏆 That's What You Get [V2]
(prod. Hitmaka)","OG Filename: Thats What You Get TY$ 03.05.18 
Track that was cut from MIH-TY, seemingly solo Ty according to the filename. Snippet leaked sometime in 2018, likely April, as the snippet was uploaded to YouTube on April 26, 2018. A snippet of the chorus, containing the lyric: ""that’s what you get when you talkin' shit” also leaked sometime in 2018, though this has since been lost.",1:47,"Mar 5, 2018","Apr 1, 2018",Snippet,Recording,https://pillows.su/f/fb9c074da5eba272b8c32073f4a2ba8b
Beach House 3,"???
(Gang Gang)","Song that was previewed in the ""Ty Dolla $ign - Behind The Scenes"" video.",,,"Feb 1, 2018",Snippet,Recording,https://pillows.su/f/905d1e6020f067a485487832f46b3e8e
Beach House 3,"???
(prod. Ty Dolla $ign)","Beat that was being worked on by Ty in the ""Ty Dolla $ign - Behind The Scenes"" video.",,,"Feb 1, 2018",Snippet,Recording,https://pillows.su/f/e6259ff6bab0b1654c2cadc3f1f560c4
Beach House 3,"???
(prod. Ty Dolla $ign)","Beat that was being worked on by Ty in the ""Ty Dolla $ign - Behind The Scenes"" video.",,,"Feb 1, 2018",Snippet,Recording,https://pillows.su/f/f709492757975b83ad606971ecff9017
Beach House 3,"???
(prod. Ty Dolla $ign)","Beat that Ty was seen playing synths for in the ""Ty Dolla $ign - Behind The Scenes"" video.",,,"Feb 1, 2018",Snippet,Recording,https://pillows.su/f/07c7898507ac6b47542709438191dc13
Beach House 3,"???
(prod. Ty Dolla $ign)","Beat that Ty was seen playing drums for in the ""Ty Dolla $ign - Behind The Scenes"" video.",,,"Feb 1, 2018",Snippet,Recording,https://pillows.su/f/7b5fcea2bee0224f9d5995c6f9680fda
Beach House 3,"Chance the Rapper - ???
(feat. ???) (prod. John Mayer)","Song with vocals from Chance the Rapper as well as an unidentified artist that was previewed in the ""Ty Dolla $ign - Behind The Scenes"" video. It's unknown if Ty had any involvement with the song, but he was seen in the video talking to John Mayer, who was playing guitar for the song. Chance also teased a collaboration with John Mayer in a tweet from August 19th, 2017.",,,"Feb 1, 2018",Snippet,Recording,https://pillows.su/f/7d881ee78ce38a821b95fed969e94da0
MIH-TY,"Fuckin' You Tonight [V1]
(with French Montana) (prod. Hitmaka, Ayo & Keyz & Paul Cabbin)
(FYT, Fucking You Tonight)",Version of the track previewed by Hitmaka on episode 147 of The Joe Budden Podcast.,,,"Feb 1, 2018",Partial,High Quality,Link Needed
MIH-TY,"Eric Bellinger - ??? [V1]
(prod. Hitmaka & Ayo & Keyz)
(The Light, Light)","Version of the track previewed by Hitmaka on episode 147 of The Joe Budden Podcast. Features vocals from Eric Bellinger instead of Ty and an alternate hook, so this version is likely not titled ""The Light"". According to Hitmaka while playing it, it was made ""last Thursday"" dating it January 25, 2018.",,"Jan 25, 2018","Feb 1, 2018",Partial,High Quality,Link Needed
MIH-TY,"These Days [V1]
(prod. Ayo & Keyz & Hitmaka)",Version of the track previewed by Hitmaka on episode 147 of The Joe Budden Podcast.,,,"Feb 1, 2018",Partial,High Quality,Link Needed
Campaign [V1],"Kanye West - Real Friends (Remix)
(feat. DMX & Ty Dolla $ign)","""Real Friends"" remix, with a verse from DMX. Announced by Swizz Beats in 2016 on Instagram, but never released. Leaked by MusicMafia.",4:44,,"Dec 21, 2017",Tagged,CD Quality,"https://plwcse.top/f/a5da50f5742d0410e81ee2586f21c3be
https://www.instagram.com/p/BCi0nfSSDPh/"
Free TC,"Travis Scott - Serenade [V3]
(prod. MIKE DEAN)","Identical to the previous version, but has a different mix. Unclear exactly when this leaked, as songs were often replaced by better quality versions back then (in the community) with no regard for slight mixing differences; at the very latest, it leaked on December 14, 2017.",,,"Dec 14, 2017",Full,CD Quality,Link Needed
Free TC,"Tinashe - Hot Sauce [V2]
(prod. Wondagurl)","Solo Tinashe version based upon the reference, probably made in 2015. Features additional production. Leaked by MusicMafia on August 5, 2017.",2:54,,"Aug 5, 2017",Full,CD Quality,https://pillows.su/f/065b682f6802f8adf7debe390ff886e9
Free TC,"Travis Scott - Serenade [V4]
(prod. MIKE DEAN)","OG Filename: serenade_2nd
Later version that was assumed to be fake for years, but appears to be real based on the new kick and different mixing. Has an extra hook and sounds more finished. Remastered by MIKE DEAN and released on the Days Before Rodeo digital deluxe.",,,"Jul 19, 2017",Tagged,CD Quality,Link Needed
Beach House 3,"Chris Brown - Surprise You [V2]
(feat. Ty Dolla $ign & Kid Ink) (prod. Hitmaka)",Chris Brown track featuring Ty and Kid Ink.,3:35,,"May 26, 2017",Full,CD Quality,https://pillows.su/f/7e6cc518a41923e4498b6e465e4f835a
Beach House 3,"🏆 SMD
(prod. Poo Bear)","Song previewed nearly in full by Ty in a YouTube livestream on January 24th, 2017. This was likely one of the songs recorded during early Beach House 3 sessions with Poo Bear in December 2016.",~2:30,"Dec 1, 2016","Jan 24, 2017",Partial,Recording,https://pillows.su/f/dccd97385e6bae8f517abcc71a1caa86
$24:00 [V1],🏆 ROUNDS,"Song from 2016, likely intended for $24:00. Snippet leaked January 1, 2017.",,,"Jan 1, 2017",Snippet,High Quality,https://pillows.su/f/0231e46b807b43a5388eeee0e83e9934
Free TC,"Kanye West - Fade [V4]
(ref. Consequence) (prod. Kanye West)","Consequence reference track. Snippet posted by Consequence on December 28, 2016.",,,"Dec 28, 2016",Partial,Recording,https://pillows.su/f/7094194a47f9a2e49189cd05670b128e
Free TC,"Travis Scott - Serenade [V2]
(prod. MIKE DEAN)","Travis Scott throwaway song, assumed to have been made around March 2016.",2:58,"Mar 1, 2016","Sep 20, 2016",Full,CD Quality,https://krakenfiles.com/view/kiC00Uecwv/file.html
Free TC,"Tinashe - Hot Sauce [V1] 
(ref. Travis Scott, PARTYNEXTDOOR & Quentin Miller) (prod. Wondagurl)","Reference for Tinashe, made during sessions for ""Joyride"" in 2015. MusicMafia leaked her version of the song on August 5, 2017. Seemingly rerecorded by Travis in early 2016, after Tinashe had no use for it. Leaked September 4, 2016.",3:12,,"Sep 4, 2016",Full,CD Quality,https://pillows.su/f/33572e2ec525fb7736e64add34204dbe
Free TC,"Travis Scott - 3 Wayz [V1]
(prod. Hit-Boy, HazeBanga & MIKE DEAN)
(3 Ways, 5 Ways)","OG Filename: Travis Scott - 3 wayz 08.29.15
Early solo version with rough vocals that was given to Ty Dolla $ign for Campaign, likely when they had sessions together in February 2016. Dated August 29, 2015, but was most likely never considered for Rodeo, as the album was already finished and CDs were pressed. Leaked as part of a four-pack.",3:26,"Aug 29, 2015","May 16, 2016",Full,CD Quality,https://krakenfiles.com/view/e4WIiMQm2q/file.html
Free TC,"Kanye West - Fade [V13]
(feat. Ty Dolla $ign) (prod. Kanye West, Benji B, Charlie Handsome, Anthony Kilhoffer & MIKE DEAN)","OG Filename: Fade M4
Has a different beat. Was played at Yeezy Season 2.",3:19,,"Feb 18, 2016",OG File,CD Quality,https://pillows.su/f/ce1c2d944e9909bce01d1c3387407d2b
Campaign [V1],Kanye West - Fade [V17],"Yeezy Season 3 remix of ""Fade"". Combines elements of earlier versions.",,,"Feb 12, 2016",Snippet,Recording,https://plwcse.top/f/97cb76fe0fffa5091a78d93263686172
Free TC,"Kanye West - Fade [V7]
(feat. Ty Dolla $ign) (prod. Kanye West)","Instrumental heard in the background of a tweet posted August 4, 2015.",,,"Aug 4, 2015",Snippet,Recording,https://pillows.su/f/ceae8f2ab6348079daada254d2a220bb
Free TC,"⭐ Juicy J - Tryna Fuck
(feat. Ty Dolla $ign & Drake) (prod. Dr. Luke)","Juicy J song from 2025 with a Ty hook and a verse from Drake. The song was intended for release as a single by Juicy J, and the leak was acknowledged by him, but it never officially released.",3:02,,"May 26, 2015",Full,CD Quality,https://pillows.su/f/7f8ff273aca587d217ac48df38fda253
Free TC,"LA [V3]
(ref. Blaq Tuxedo) (feat. Kendrick Lamar) (prod. D'Mile)","Early version that leaked before the album's release, featuring different production including an intro that samples ""Titanium"" by David Guetta, as well as the original hook reference covered by Blaq Tuxedo. Ty mentioned in an interview from March 18th, 2014, that he wanted a female singer from L.A. to sing on the hook, and that he had reached out to Jhené Aiko for the job. The hook would ultimately be sung by Brandy on release.",3:05,,"May 25, 2015",Full,CD Quality,https://pillows.su/f/a2ee2c71b6b4b0d7d595dcd6fd12e34e
Free TC,"Kanye West - Awesome [V13]
(feat. Charlie Wilson & Ty Dolla $ign) (prod. SAK PASE)","Has more developed production compared to previous versions. Now has vocals from Ty Dolla $ign. Extended snippet was played in Season 9, episode 20 of Keeping Up With the Kardashians.",,,"Sep 1, 2014",Partial,High Quality,https://pillows.su/f/f59340505f8f100c71396a4c3c451ce4
Beach House,"Toot It And Boot It [V5]
(feat. TeeCee4800 & YG) (prod. Chordz & Ty Dolla $ign)
(Toot It & Boot It)","According to YG, the track came together in 2009 after Ty invited him to the his home studio to jump on a track he and his friends were working on. According to Ty, this was before it was a YG song and it had a feature from his cousin, TeeCee4800, which was cut for release. He also stated that this version had a music video shot for it by James Earl Jones III, meaning it was likely finished. In an interview with The FADER, Ty said, ""...I made [the Toot It and Boot It] beat in 5 minutes, made the hook in 10 minutes, [then] YG came and did his part"". This version was found on Youtube in low quality, alongside a music video. A version featuring TeeCee's verse was also released on YG's mixtape The Real 4Fingaz.",4:05,,"Dec 21, 2010",Full,Low Quality,"https://pillows.su/f/b7fc764698fd8f620a0bf0b6323529b0
https://www.youtube.com/watch?v=vLiXrXwFesg&list=RDvLiXrXwFesg&start_radio=1"
