Era,Name,Notes,Length,Release Date,Type,Streaming,Link(s)
"0 Album Track(s)
0 Single(s)
39 Feature(s)
11 Production
0 Other",Before Beach House,"(04/13/1982) (Tyrone William Griffin Jr. is born in Los Angeles)
(10/01/2012) (Beach House is officially released)",,,Other,,
Before Beach House,"Hunter
(with Camara Kambon)",Song from the soundtrack for Biker Boyz (2003).,,,Other,No,
Before Beach House,Waiting (Remix),Song on the soundtrack for The Cookout (2004). Written by Tyrone Griffin Jr. and Camara Kambon.,,,Other,No,
Before Beach House,Bloodwalk,Song on the soundtrack for The Cookout (2004).,,,Other,No,
Before Beach House,"perskryptshyn [V1]
(with Jack Sample Pros) (prod. Jack Sample Pros)","Version released by JACK SAMPLE THUGS to Myspace tagged under the album ""jspros"". This version is about half a minute longer than the final release of the song. Other differences unknown. Lost when Myspace lost all user content uploaded before 2016. The upload date is bugged, being listed as December 31, 2005, or January 1, 2006; the song was likely uploaded sometime in 2006.",4:55,,Production,Lost,https://myspace.com/jacksample/music/song/perskryptshyn-25025508-24826693
Before Beach House,"Sa-Ra - And If
(with Ty of Ty & Kory) (prod. Sa-Ra & Ty of Ty & Kory)",Track 5 on Sa-Ra's The Hollywood Recordings.,2:37,,Feature,Yes,https://open.spotify.com/track/47sjawuqA6uyYNTPtRNakQ?si=d1ddf9e54f564b28
Before Beach House,"Sa-Ra - Do Me Gurl
(with Ty of Ty & Kory) (prod. Sa-Ra & Ty of Ty & Kory)",Track 11 on Sa-Ra's The Hollywood Recordings.,3:57,,Feature,Yes,https://open.spotify.com/track/4rQ1sqIak5ReXCD3Lpqwk1?si=e80b65bbfe134dad
Before Beach House,"Perskryptshyn [V2]
(with Jack Sample Pros) (prod. Jack Sample Pros)","Track 9 on compilation album Producer, Vol. 1. Written by T. Griffin and K. Harrold. Drums and keys played by Fly Ty. Effects done by Chordz. Trumpet played by Keyon Harrold. Executive produced by FLY TY & REK-RAP.",4:14,,Production,Yes,https://open.spotify.com/track/0NgqoMfBvQpTYnqbU895Ji?si=c8ccad9a1baa44d1
Before Beach House,"the intro [V1]
(with Jack Sample Pros) (prod. Jack Sample Pros)","Version released by JACK SAMPLE THUGS to Myspace tagged under the album ""rawandbangin vol 2"", likely meaning that this is the original version of the intro to Raw & Bangin' Vol. 2. This version is over five minutes long, whereas the version on the mixtape is only about a minute and a half long. Unknown if Ty & Kory or Venus Brown have vocals on this version. Lost when Myspace lost all user content uploaded before 2016. The upload date is bugged, being listed as December 31, 2007, or January 1, 2008; the song was likely uploaded sometime in early 2008, before the release of Raw & Bangin' Vol. 2.",5:18,,Production,Lost,https://myspace.com/jacksample/music/album/rawandbangin-vol-2-8633579
Before Beach House,"Shawn Jackson - Soopafly
(feat. Ty) (prod. Chordz & Fly Jack)",Track 3 on Shawn Jackson's First Of All....,3:54,,Feature,No,https://pillows.su/f/b09e127cbcd70c6ec382f5d2e11763e2
Before Beach House,"Shawn Jackson - Fix Ya Face
(prod. Chordz, Fly Jack & Snowman Jack)",Track 4 on Shawn Jackson's First Of All....,3:28,,Production,No,
Before Beach House,"Shawn Jackson - Go There With You
(feat. Ty) (prod. Mekalek)",Track 9 on Shawn Jackson's First Of All....,3:49,,Feature,No,https://pillows.su/f/5406dbff31c7ad50945b53536f0276fe
Before Beach House,"Shawn Jackson - Feelin' Jack
(prod. Chordz & Fly Jack)",Track 10 on Shawn Jackson's First Of All....,4:16,,Production,No,
Before Beach House,"Shawn Jackson - Countdown
(prod. Chordz & Fly Jack)",Track 11 on Shawn Jackson's First Of All....,4:42,,Production,No,
Before Beach House,"rehearsal
(with Jack Sample Pros) (prod. Jack Sample Pros)","Song released by JACK SAMPLE THUGS to Myspace tagged under the album ""rehearsal"". Lost when Myspace lost all user content uploaded before 2016. The upload date is bugged, being listed as December 31, 2008, or January 1, 2009; the song was likely uploaded sometime in 2009.",3:57,,Production,Lost,https://myspace.com/jacksample/music/album/thug-wars-8632726
Before Beach House,"TiRon - The High
(prod. Jack Sample Pros)",Track 3 on TiRon's Ketchup.,2:38,,Production,No,https://pillows.su/f/191851d7b28ade568b9e9de3623d3c86
Before Beach House,"Pac Div - No No
(feat. Ty) (prod. Jack Sample Pros)",Track 6 on Pac Div's Church League Champions.,3:07,,Feature,Yes,https://open.spotify.com/track/7bLIq11Ey7e1NDKJGGKBLS?si=d8bfa2c87b4c4b55
Before Beach House,"Pac Div - Underdogs (Interlude)
(feat. Ty) (prod. Swiff D)",Track 9 on Pac Div's Church League Champions.,1:56,,Feature,Yes,https://open.spotify.com/track/6BWXUWpwTmqQIMvw5HnEIC?si=6745b9e617454a9f
Before Beach House,"Pac Div - Young Black Male
(feat. Ty) (prod. Swiff D)",Track 11 on Pac Div's Church League Champions.,4:06,,Feature,Yes,https://open.spotify.com/track/6BUBuiL9BYAme1Skj3ublC?si=9790719c6260453e
Before Beach House,"Pac Div - Never
(feat. Ty) (prod. Swiff D)",Track 12 on Pac Div's Church League Champions.,3:24,,Feature,Yes,https://open.spotify.com/track/00ijLTXBJvKixvfcPvB6rw?si=b0159a299fa143ad
Before Beach House,"Pac Div - Back
(feat. Ty) (prod. Swiff D)",Track 13 on Pac Div's Church League Champions.,3:52,,Feature,Yes,https://open.spotify.com/track/6X1WsZl6uyjlxQ3hZgj3pY?si=82978f4b1bc944fc
Before Beach House,"Pac Div - Rollin'
(feat. Ty Dolla $ign) (prod. Swiff D)",Track 7 on Pac Div's Don't Mention It.,3:10,,Feature,No,
Before Beach House,"Pac Div - On Off Switch (Swiff D Mix)
(feat. Ty Dolla $ign) (prod. Swiff D)",Track 10 on Pac Div's Don't Mention It.,4:07,,Feature,No,
Before Beach House,"Pac Div - Don't Mention It
(prod. Jack Sample Pros)",Track 13 on Pac Div's Don't Mention It.,2:47,,Production,No,https://pillows.su/f/b9b4a6bc1557ce1867110c9d1a48b191
Before Beach House,"YG - Toot It & Boot It [V1]
(feat. Ty & TeeCee4800) (prod. Chordz & Ty)
(Toot It and Boot It)",Track 3 on YG's The Real 4Fingaz.,4:02,,Feature,No,https://pillows.su/f/a4100e332386ba987201b6760915d3a4
Before Beach House,"YG - Police
(feat. Ty)",Track 4 on YG's The Real 4Fingaz.,3:46,,Feature,No,https://pillows.su/f/a8c7a40d76e8995293784d5d2e7a2357
Before Beach House,"YG - Betta Ask Somebody
(feat. Ty & Joe Moses) (prod. Chordz & Ty Dolla $ign)",Track 9 on YG's The Real 4Fingaz.,3:57,,Feature,No,https://pillows.su/f/a846da655dbadbc2795621771ff0fb5a
Before Beach House,"YG - Relax
(feat. Ty) (prod. DJ ill Will)",Track 10 on YG's The Real 4Fingaz.,3:39,,Feature,No,https://pillows.su/f/8934857212dca4f621a151bd05e2b645
Before Beach House,"YG - Pop Painkillaz
(feat. Ty)",Track 11 on YG's The Real 4Fingaz.,2:51,,Feature,No,https://pillows.su/f/d7ad557acbff4058a81d86f32c4256b5
Before Beach House,"YG - Mando
(feat. Charley Hood & Ty)",Track 15 on YG's The Real 4Fingaz.,4:14,,Feature,No,https://pillows.su/f/ef372b7c2493bc10f5451783c0984da9
Before Beach House,"YG - Glowin
(feat. Reem Riches & Ty) (prod. Mustard)",Track 18 on YG's The Real 4Fingaz.,3:56,,Feature,No,https://pillows.su/f/7f9f95fa5312b7e43a1398cd4ef1d4c8
Before Beach House,"YG - So Fresh So Fly
(feat. Ty)",Track 22 on YG's The Real 4Fingaz.,3:30,,Feature,No,https://pillows.su/f/8086d577fc4e16b36eb9f82d590f8db6
Before Beach House,"YG - Goin Up
(feat. Ty & Dmac) (prod. Dmac)",Track 23 on YG's The Real 4Fingaz.,4:49,,Feature,No,https://pillows.su/f/cc5adad953d3fdc41567490f1027c556
Before Beach House,"YG - Toot It and Boot It [V2]
(feat. Ty Dolla $ign) (prod. Chordz & Ty Dolla $ign)
(Toot It & Boot It)","Released as a single on June 8th, 2010. Written by YG, TeeCee4800, Nye Lee, Ted Bluechel Jr., and Ty Dolla $ign. Mixed by Dan Naim. Engineered by Ty Dolla $ign. Samples ""Songs in the Wind"" by The Association.",4:04,,Feature,Yes,https://open.spotify.com/track/3AqcBOSlJF7xMgvLpQoa3c?si=ce7fa8b8937f4840
Before Beach House,"X.O. - Heels & Dresses
(feat. Ty Dolla $ign) (prod. Cool & Dre)",Track 16 on The Game & DJ Skee's Brake Lights.,,,Feature,Yes,
Before Beach House,"Kid Ink - Take Over The World
(feat. Ty Dolla $ign) (prod. K.E. on the Track, DJ ill Will & DJ Rockstar)",Track 3 on Kid Ink's Crash Landing.,,,Feature,Yes,
Before Beach House,"Sean Brown - Talk 2 You
(feat. Ty Dolla $ign & Kid Ink) (prod. Young Jerz)",,3:07,,Feature,No,
Before Beach House,"DJ Quik - Nobody
(feat. Suga Free & Ty Dolla $ign) (prod. DJ Quik)",,,,Feature,Yes,
Before Beach House,"YG - She Bad
(feat. Ty Dolla $ign & Rich Boy) (prod. Mustard)",Track 10 on YG's Just Re'd Up.,3:49,,Feature,Yes,https://open.spotify.com/track/6BC5Z921Sgknq7rEB2Bcbn?si=b8a7afa85e16431c
Before Beach House,"YG - In da Mornin
(feat. Big K.R.I.T., Big Sean & Ty Dolla $ign) (prod. Oddz.N.Endz, Jay Houston & Nino)",Track 16 on YG's Just Re'd Up.,4:21,,Feature,Yes,https://open.spotify.com/track/4nv9iCyyaXKm0L9xhlgjsv?si=c53fbe9f0f8d44dd
Before Beach House,"YG - I Got Bitches
(feat. Ty Dolla $ign) (prod. Mustard)",Track 18 on YG's Just Re'd Up.,3:58,,Feature,Yes,https://open.spotify.com/track/5hJfhAq76e8It1vddPJQGK?si=485f52ae9fd449b2
Before Beach House,"YG - Dippin n Sippin
(feat. Ty Dolla $ign & PC) (prod. Mustard)",Track 20 on YG's Just Re'd Up.,4:43,,Feature,Yes,https://open.spotify.com/track/4sztXFIDu5vsICOxxYrZUm?si=023390499a874e6e
Before Beach House,"YG - Won't Change
(feat. Yung Jay R, Ty Dolla $ign & TeeCee4800) (prod. Mustard)",Track 23 on YG's Just Re'd Up.,3:32,,Feature,Yes,https://open.spotify.com/track/4d477nJALCeRcKnPqk3lQz?si=de70585b9e394a7f
Before Beach House,"Kid Ink - Neva Gon Leave
(feat. Ty Dolla $ign) (prod. Young Jerz)",Track 15 on Kid Ink's Daydreamer.,,,Feature,Yes,
Before Beach House,"Mann - Reminisce
(feat. Ty Dolla $ign) (prod. J.R. Rotem)",Track 7 on Mann's Mann's World.,,,Feature,Yes,
Before Beach House,"Problem - Double Dip
(feat. Ty Dolla $ign) (prod. Ty Dolla $ign, G.Ca$$o & Fuego)",,,,Feature,Yes,
Before Beach House,"Terrace Martin - Love
(feat. Ty Dolla $ign & Brittany Barber) (prod. Kenneth Crouch & Terrace Martin)",Track 14 on Terrace Martin's Locke High 2.,3:38,,Feature,Yes,
Before Beach House,"LAW - Lion Hart
(prod. Jack Sample Pros)",Track 18 on LAW's The Outbreak.,3:01,,Production,Yes,https://open.spotify.com/track/7FdUSRTQCkWVhYYSKp9tSj?si=c1f31e2658e64f22
Before Beach House,"Pac Div - The Return
(feat. Ty Dolla $ign) (prod. MyGuyMars)",Track 2 on Pac Div's GMB.,,,Feature,Yes,
Before Beach House,"YG - Go So Deep
(feat. PC & Ty Dolla $ign) (prod. Mustard)",Track 13 on YG's 4Hunnid Degreez.,3:47,,Feature,Yes,https://open.spotify.com/track/2Lcb61FbDzMWwxH3z4j3UW?si=0c0b7f664afd42a9
Before Beach House,"YG - She Don't Love Me
(feat. Ty Dolla $ign) (prod. Mustard)",Track 14 on YG's 4Hunnid Degreez.,3:25,,Feature,Yes,https://open.spotify.com/track/6uDgRmhtybdFPUVIOuMIqq?si=5e5e31dc7b594551
Before Beach House,"Audio Push - 10 Toes
(feat. Ty Dolla $ign)",Track 18 on Audio Push's Inland Empire.,,,Feature,No,
Before Beach House,"Trey Songz - Fumble
(prod. Phonix, Alagy Sanneh, Troy Taylor & Ty Dolla $ign)",Track 13 on Trey Songz' Chapter V.,3:58,,Production,Yes,https://open.spotify.com/track/6d9vjIEw72udfGxAYAokKF
Before Beach House,"Mann - Cookies & OG
(feat. Ty Dolla $ign) (prod. D.R.U.G.$.)",Track 3 on Mann's The L.I.S.A. EP.,,,Feature,No,
"0 Album Track(s)
0 Single(s)
0 Feature(s)
0 Production
0 Other","Raw & Bangin' Mixtape Vol. 1
(Collaboration with Kory as Ty & Kory)","(08/12/2005) (Ty & Kory join Myspace)
(??/??/2006) (Raw & Bangin' Mixtape Vol. 1 is officially released)
(02/03/2008) (Raw & Bangin' Mixtape Vol. 2 is officially released)",,,Other,,
Raw & Bangin' Mixtape Vol. 1,Raw & Bangin' Mixtape Vol. 1 [Mixtape],Full copy of the Raw & Bangin' Mixtape Vol. 1 mixtape.,43:50,,Other,No,"https://imgur.gg/f/0rLpXG9
https://pillows.su/f/b6f785717de3945d0a9da7558ea11d99"
Raw & Bangin' Mixtape Vol. 1,"Hey Ty
(prod. Madlib)","Track 1 on Raw & Bangin' Mixtape Vol. 1. Uses the instrumental to ""Falling"" by Dudley Perkins.",3:30,,Mixtape Track,No,https://pillows.su/f/4d5a334b618251649ccfcf2bc2b8d145
Raw & Bangin' Mixtape Vol. 1,"Turn It Up
(prod. Moka Only)","Track 2 on Raw & Bangin' Mixtape Vol. 1. Uses the instrumental to ""Interlude II"" by Moka Only.",1:41,,Mixtape Track,No,https://pillows.su/f/617eb2bbd9cf3c3f7dcc4dc4b4924b8a
Raw & Bangin' Mixtape Vol. 1,Hustla's Theme,Track 3 on Raw & Bangin' Mixtape Vol. 1.,3:31,,Mixtape Track,No,https://pillows.su/f/680db20f448d0a70fe4782120aab9568
Raw & Bangin' Mixtape Vol. 1,"Reap
(prod. Madlib)","Track 4 on Raw & Bangin' Mixtape Vol. 1. Uses the instrumental to ""What It Is"" by 427.",3:14,,Mixtape Track,No,https://pillows.su/f/d7612d0e2975b26fe2cad56305b4472a
Raw & Bangin' Mixtape Vol. 1,Freak You,Track 5 on Raw & Bangin' Mixtape Vol. 1.,1:23,,Mixtape Track,No,https://pillows.su/f/5810ce1cca09ea8f918d852562676629
Raw & Bangin' Mixtape Vol. 1,Hey Hey,Track 6 on Raw & Bangin' Mixtape Vol. 1.,2:09,,Mixtape Track,No,https://pillows.su/f/0b01d6af5a707e7504bda18fd1c1d696
Raw & Bangin' Mixtape Vol. 1,"Playas
(prod. Shafiq Husayn)",Track 7 on Raw & Bangin' Mixtape Vol. 1.,1:36,,Mixtape Track,No,https://pillows.su/f/7bfa199633aa2cf043466ac3bb0ac920
Raw & Bangin' Mixtape Vol. 1,Bag Of Trees,Track 8 on Raw & Bangin' Mixtape Vol. 1.,3:11,,Mixtape Track,No,https://pillows.su/f/b1c51316e3f40d99dbd6fc4dba37a643
Raw & Bangin' Mixtape Vol. 1,Get Right,Track 9 on Raw & Bangin' Mixtape Vol. 1.,0:30,,Mixtape Track,No,https://pillows.su/f/656abb0e61313946a79f703176e28441
Raw & Bangin' Mixtape Vol. 1,Re-Up,Track 10 on Raw & Bangin' Mixtape Vol. 1.,2:27,,Mixtape Track,No,https://pillows.su/f/f35d698ddd26adfe9dbbe5e2a5c944da
Raw & Bangin' Mixtape Vol. 1,Work That Body (Snippet),Track 11 on Raw & Bangin' Mixtape Vol. 1.,0:37,,Mixtape Track,No,https://pillows.su/f/ce686b597fa526ebb2167c5740c508b6
Raw & Bangin' Mixtape Vol. 1,Dope (Snippet),Track 12 on Raw & Bangin' Mixtape Vol. 1.,0:35,,Mixtape Track,No,https://pillows.su/f/5e8b42dc59596190d9ec84229f8ac2c2
Raw & Bangin' Mixtape Vol. 1,Do You Wanna (Snippet),Track 13 on Raw & Bangin' Mixtape Vol. 1.,0:29,,Mixtape Track,No,https://pillows.su/f/7c897fad99fe94dff9b7791dcf041678
Raw & Bangin' Mixtape Vol. 1,Physical,Track 14 on Raw & Bangin' Mixtape Vol. 1.,2:41,,Mixtape Track,No,https://pillows.su/f/8ba7674f35aadaa3e6ee4fb002820983
Raw & Bangin' Mixtape Vol. 1,Baby Holla,Track 15 on Raw & Bangin' Mixtape Vol. 1.,2:51,,Mixtape Track,No,https://pillows.su/f/6d02bb9b05a0800ad8190f8346abee42
Raw & Bangin' Mixtape Vol. 1,That Girl 2004,Track 16 on Raw & Bangin' Mixtape Vol. 1.,3:42,,Mixtape Track,No,https://pillows.su/f/3fdf349587f75e7b41dfac54e3882eb5
Raw & Bangin' Mixtape Vol. 1,"Stressed Out
(prod. Moka Only)","Track 17 on Raw & Bangin' Mixtape Vol. 1. The song was on the soundtrack for The Cookout. Uses the instrumental to ""Love Comes"" by Moka Only.",2:38,,Mixtape Track,No,https://pillows.su/f/d2c1a13b470d9467694ed118d82340a5
Raw & Bangin' Mixtape Vol. 1,Freak,Track 18 on Raw & Bangin' Mixtape Vol. 1.,4:12,,Mixtape Track,No,https://pillows.su/f/1332ad4c5e22e5cf75e3ba1bd47aa39b
Raw & Bangin' Mixtape Vol. 1,It Ain't Nothin' Wrong,Track 19 on Raw & Bangin' Mixtape Vol. 1.,2:53,,Mixtape Track,No,https://pillows.su/f/7e679d491870c536ecc5d0ef505a67d7
"0 Album Track(s)
0 Single(s)
5 Feature(s)
0 Production
0 Other","Raw & Bangin' Mixtape Vol. 2
(Collaboration with Kory as Ty & Kory)","(08/12/2005) (Ty & Kory join Myspace)
(??/??/2006) (Raw & Bangin' Mixtape Vol. 1 is officially released)
(02/03/2008) (Raw & Bangin' Mixtape Vol. 2 is officially released)",,,Other,,
Raw & Bangin' Mixtape Vol. 2,"Black Milk - U
(feat. Ty & Kory) (prod. Black Milk)",Track 5 on Black Milk's Popular Demand.,3:12,,Feature,Yes,https://open.spotify.com/track/6BPDoxOuWi11ZLEqYoqiqU?si=d04503791ba84275
Raw & Bangin' Mixtape Vol. 2,"The Earl - Pillow Talk
(feat. Ty & Kory)",Unknown song released by Footlong Development to Myspace. Lost when Myspace lost all user content uploaded before 2016.,4:09,,Feature,Lost,https://myspace.com/footlongdevelopmentsound/music/album/the-earl-ft.-ty-kory-7440546
Raw & Bangin' Mixtape Vol. 2,Raw & Bangin' Mixtape Vol. 2 [Mixtape],Full copy of the Raw & Bangin' Mixtape Vol. 2 mixtape.,43:40,,Other,No,"https://imgur.gg/f/mlcbbIE
https://pillows.su/f/34344bcc2b3b77624506f73cc80e6b9c"
Raw & Bangin' Mixtape Vol. 2,"Intro [V2]
(feat. Venus Brown) (prod. Jack Sample Pros)","Track 1 on Raw & Bangin' Mixtape Vol. 2. Uploaded by Chordz to SoundCloud on September 3, 2011.",1:24,,Mixtape Track,No,"https://soundcloud.com/itsjustdrugs/01-intro-featuring-venus-brown?utm_source=clipboard&utm_medium=text&utm_campaign=social_sharing
https://pillows.su/f/646ed5212678e7f6fabf33a26848bbd4"
Raw & Bangin' Mixtape Vol. 2,"Irresistable
(feat. Snoop Dogg & Ashlee Simpson)",Track 2 on Raw & Bangin' Mixtape Vol. 2.,3:32,,Mixtape Track,No,https://pillows.su/f/14de9dc34a3058afe8c2e2fcbe5029b3
Raw & Bangin' Mixtape Vol. 2,"I Shine
(prod. Madlib)","Track 3 on Raw & Bangin' Mixtape Vol. 2. Uses the instrumental to ""Misled"" by Dudley Perkins.",1:56,,Mixtape Track,No,https://pillows.su/f/21a67fef13c77b6178b41c67160afcc9
Raw & Bangin' Mixtape Vol. 2,"R&B Sangas
(prod. Sean C & LV & Diddy)","Track 4 on Raw & Bangin' Mixtape Vol. 2. Uses the instrumental to ""Roc Boys (And The Winner Is)..."" by JAY-Z.",1:37,,Mixtape Track,No,https://pillows.su/f/ba43de9ed80f6cf90c3b7a5367271341
Raw & Bangin' Mixtape Vol. 2,"I'm Paid
(feat. Redman)",Track 5 on Raw & Bangin' Mixtape Vol. 2.,1:55,,Mixtape Track,No,https://pillows.su/f/0d1c382f12c6a65eec105470a17585f7
Raw & Bangin' Mixtape Vol. 2,"Dice Game
(prod. Soulja Boy)","Track 6 on Raw & Bangin' Mixtape Vol. 2. Uses the instrumental to ""Crank That (Soulja Boy)"" by Soulja Boy.",2:04,,Mixtape Track,No,https://pillows.su/f/404e81bbdb30d841b22bc906bd922960
Raw & Bangin' Mixtape Vol. 2,Ghetto,Track 7 on Raw & Bangin' Mixtape Vol. 2.,2:42,,Mixtape Track,No,https://pillows.su/f/a2cef0abeb46e3f9166f39bf171f0813
Raw & Bangin' Mixtape Vol. 2,"Flyin Away
(prod. J. Dilla)","Track 8 on Raw & Bangin' Mixtape Vol. 2. Uses the instrumental to ""Sleeping Like A Dog"" by J. Dilla.",2:32,,Mixtape Track,No,https://pillows.su/f/49d554137d576934b58aed199a6b04fc
Raw & Bangin' Mixtape Vol. 2,"Hot Thang
(prod. will.i.am)","Track 9 on Raw & Bangin' Mixtape Vol. 2. Uses the instrumental to ""Hot Thing"" by Talib Kweli.",2:08,,Mixtape Track,No,https://pillows.su/f/698152a2e5c376a1260ed0969f9260a6
Raw & Bangin' Mixtape Vol. 2,Always Be There,Track 10 on Raw & Bangin' Mixtape Vol. 2.,2:41,,Mixtape Track,No,https://pillows.su/f/5583baa5a07621609c852389dffd5794
Raw & Bangin' Mixtape Vol. 2,I Think About You,Track 11 on Raw & Bangin' Mixtape Vol. 2.,2:13,,Mixtape Track,No,https://pillows.su/f/b889e2795c68a64acc572eff12bb1a90
Raw & Bangin' Mixtape Vol. 2,Musty Skit,Track 12 on Raw & Bangin' Mixtape Vol. 2.,1:59,,Mixtape Track,No,https://pillows.su/f/b1040c22a415319b1c69dd027b9fbe12
Raw & Bangin' Mixtape Vol. 2,"Shawn Jackson - Coast Ta Coast
(feat. Ty)",Track 13 on Raw & Bangin' Mixtape Vol. 2.,1:16,,Mixtape Track,No,https://pillows.su/f/e56ca928fd73d391591830bb80810a4c
Raw & Bangin' Mixtape Vol. 2,Million Dollar Nigga,Track 14 on Raw & Bangin' Mixtape Vol. 2.,2:17,,Mixtape Track,No,https://pillows.su/f/1f5c5a7926c3610f334787f3149963a3
Raw & Bangin' Mixtape Vol. 2,"And If
(feat. Sa-Ra) (prod. Sa-Ra & Ty)",Track 15 on Raw & Bangin' Mixtape Vol. 2.,0:51,,Mixtape Track,No,https://pillows.su/f/0cc311761c3fb3c980089e7075ad9543
Raw & Bangin' Mixtape Vol. 2,"Can't Tell
(prod. Kanye West)","Track 16 on Raw & Bangin' Mixtape Vol. 2. Uses the instrumental to ""U, Black Maybe"" by Common.",2:39,,Mixtape Track,No,https://pillows.su/f/49c5569cc2d79658cbc3679bf555a45f
Raw & Bangin' Mixtape Vol. 2,"Lyssii - Can't Change
(feat. Kory)",Track 17 on Raw & Bangin' Mixtape Vol. 2.,3:13,,Mixtape Track,No,https://pillows.su/f/d0b0de658151954ea7ca05f6888836f8
Raw & Bangin' Mixtape Vol. 2,Big Life,Track 18 on Raw & Bangin' Mixtape Vol. 2.,2:54,,Mixtape Track,No,https://pillows.su/f/ddd9c6d9acf53f180f31e780c11ed97f
Raw & Bangin' Mixtape Vol. 2,Strip Club,Track 19 on Raw & Bangin' Mixtape Vol. 2.,3:37,,Mixtape Track,No,https://pillows.su/f/c5888feb846f9484e3b9579c2277f230
Raw & Bangin' Mixtape Vol. 2,"Erykah Badu - Master Teacher
(feat. Georgia Anne Muldrow, Bilal & Ty & Kory) (prod. Shafiq Husayn & Georgia Anne Muldrow)","Track 8 on Erykah Badu's New Amerykah Part One (4th World War). Keyboards played by Shafiq Husayn and Georgia Anne Muldrow. Composed by Shafiq Husayn. Written by Curtis Mayfield and Georgia Anne Muldrow. Mixed by Mike Chavarria and Tom Soares. Engineered by Mike Chavarria and Chris Bell. Samples ""Freddie's Dead"" by Curtis Mayfield.",6:48,,Feature,Yes,https://open.spotify.com/track/0egD1uT2yUv7vT0BabMELT?si=8e47fe4c18dd4f1e
Raw & Bangin' Mixtape Vol. 2,i cant let u go,"Unknown song released by Ty & Kory to Myspace. Lost when Myspace lost all user content uploaded before 2016. The upload date is bugged, being listed as December 31, 2008, or January 1, 2009; the song was likely uploaded sometime in 2009.",2:57,,Other,Lost,https://myspace.com/tyandkory/music/song/i-cant-let-u-go-34741942-36247982
Raw & Bangin' Mixtape Vol. 2,"Shafiq Husayn - The U.N. Plan
(feat. Ty & Kory) (prod. John Taylor, Allakoi Peete, Shafiq Husayn, Ty & KenBts)",Track 3 on Shafiq Husayn's Shafiq En' A Free Ka. Guitar played by John Taylor. Mixed by KenBts. Percussion and Berimbau played by Allakoi Peete. Programmed and recorded by Shafiq Husayn and KenBts. Synthesizer played by Shafiq Husayn and Ty. Modular synthesizer and micromoog played by KenBts and Ty Griffin.,4:53,,Feature,No,"https://shafiqhusayn.bandcamp.com/track/the-u-n-plan
https://pillows.su/f/9c74d44db4fc4b4a1a81e2bb60847159"
Raw & Bangin' Mixtape Vol. 2,"Wifey Number 2 (Re-up '09)
(prod. Daru Jones)",Track 21 on Daru Jones' SPIRIT & SOUL-HOP SAMPLER 09.,2:35,,Other,No,"https://darujones.bandcamp.com/track/ty-kory-wifey-number-2-re-up-09
https://pillows.su/f/468a9e1d143c22b6b593fcd5625a2494"
Raw & Bangin' Mixtape Vol. 2,"Shawn Jackson - How You Do It
(with Ty & Kory) (prod. Jack Sample Pros)",Track 8 on Shawn Jackson's Hollywood Shuffle Side B.,2:53,,Feature,No,"https://tresrecords.bandcamp.com/album/hollywood-shuffle-side-b
https://pillows.su/f/357166e3384f1a0076512285a9d67fe5"
"0 Album Track(s)
0 Single(s)
0 Feature(s)
0 Production
0 Other",Hou$e on the Hill,(05/02/2011) (Hou$e on the HIll is officially released),,,Other,,
Hou$e on the Hill,Hou$e on the Hill [Mixtape],"Full copy of the Hou$e on the Hill mixtape. Hosted by DJ ill Will and DJ Mustard. Recorded at Spaced Out Studios, The G Spot Studio, On Top Of LA Studios, and Record Plant Recording Studios. Mixed at Spaced Out Studios, Porter Ranch Studios, and Red Bull Studios. Edited at Spaced Out Studios.",56:11,,Other,No,"https://pillows.su/f/fb80a4d1500473e60189cb9d641910b2
https://imgur.gg/f/H2JmeiH
https://mixtapemonkey.com/1213/ty-dolla-sign-house-on-the-hill"
Hou$e on the Hill,"Intro
(feat. BJ the Chicago Kid, Iman Omari, Jazzy Bailey & Mike Ant) (prod. Chordz & Ty$)","Track 1 on House on the Hill. Arranged by Chad Morris and Fuego. Recorded by Bo Pesci. Additional vocals provided by BJ the Chicago Kid, Iman Omari, Jazzy Bailey, and Mike Ant.",0:30,,Mixtape Track,No,https://pillows.su/f/bba792b0420619f45b23a9afc090824e
Hou$e on the Hill,"Never 2 Much
(feat. DJ Mustard) (prod. Chordz & Thundercat)",Track 2 on House on the Hill. Bass played by Thundercat. Mixed and edited by Chordz. Recorded by D.R.U.G.$. Additional vocals provided by DJ Mustard. Written by Problem.,3:43,,Mixtape Track,No,https://pillows.su/f/096042ed9e55787a939901d162d50d2a
Hou$e on the Hill,"All Star [V1]
(feat. Joe Moses & DJ Mustard) (prod. Fuego)","Track 3 on House on the Hill. Recorded by Bo Pesci and Ty$. Written by Joe Moses, Kory Stewart, Lady G Da Real Deal, and Nano.",3:42,,Mixtape Track,No,https://pillows.su/f/f02e08632aab3abd633606a890b032b0
Hou$e on the Hill,"Next 2 You
(feat. will.i.am) (prod. Chordz & Fuego)",Track 4 on House on the Hill. Written by will.i.am. Mixed by Ty$.,3:26,,Mixtape Track,No,https://pillows.su/f/aae66d63e408408f9aa74ee0a7c92fac
Hou$e on the Hill,"Photoshop (Snippet)
(feat. G.Ca$$o) (prod. G.Ca$$o, Ty$, Fuego & Sorry Jaynari)",Track 5 on House on the Hill.,1:09,,Mixtape Track,No,https://pillows.su/f/70155f4b31b9a85f82aaa1cead6be026
Hou$e on the Hill,"Mix It Up
(feat. YG) (prod. Ty$)",Track 6 on House on the Hill. Arranged by Jay Nari. Written by YG and Kory Stewart.,3:22,,Mixtape Track,No,https://pillows.su/f/d4d87a045fed223bf0bf3e0500eb1c99
Hou$e on the Hill,"Burn Sumn [V1]
(feat. TeeCee4800, BJ the Chicago KId & Iman Omari) (prod. Chase N. Cashe)",Track 7 on House on the Hill. Recorded by Iman Omari. Additional vocals provided by BJ the Chicago Kid and Iman Omari. Written by Nano and TeeCee4800.,4:43,,Mixtape Track,No,https://pillows.su/f/4f86390c296e12f6cf6df6cfeec0ab13
Hou$e on the Hill,"He Ain't Shit
(feat. Charley Hood, Cassandra D. Smith & Ill Camile) (prod. Sorry Jaynari)",Track 8 on House on the Hill. Mixed by D.R.U.G.$. Recorded by Bo Pesci. Additional vocals provided by Cassandra D. Smith and Ill Camile. Written by Charley Hood and Chordz 3D.,2:50,,Mixtape Track,No,https://pillows.su/f/80a5985961293cc746e900bac7ce6426
Hou$e on the Hill,"Irresistable Bitch
(feat. Snoop Dogg & Ashlee Simpson) (prod. Chordz & Sorry Jaynari)",Track 9 on House on the Hill. Additional instruments played by Jay Nari. Mixed by D.R.U.G.$. Recorded by Donnie Cash.,4:40,,Mixtape Track,No,https://pillows.su/f/75da4863f1b744bf072715fb0a708b16
Hou$e on the Hill,"Stripper Pole [V1]
(prod. Ty$)","Track 10 on House on the Hill. Arranged by Chordz 3D. Written by Chordz 3D, Iman Omari, and Lady G Da Real Deal.",4:37,,Mixtape Track,No,https://pillows.su/f/a41a957ead20ab0721be1d64cefce1f1
Hou$e on the Hill,"Bedroom Bully [V1]
(feat. Problem) (prod. Ty$)","Track 11 on House on the Hill. Arranged by Chordz 3D. Written by Chordz 3D, Lady G Da Real Deal, Problem, and Shabba Ranks.",3:49,,Mixtape Track,No,https://pillows.su/f/62060b92f2610d530df9713dff1c45e4
Hou$e on the Hill,"Go Get It
(feat. Wiz Khalifa) (prod. Terrace Martin)","Track 12 on House on the Hill. Written by Lady G Da Real Deal, Nano, and Wiz Khalifa.",3:49,,Mixtape Track,No,https://pillows.su/f/255e6559cf1800c162594a69f078b6e8
Hou$e on the Hill,"Fuck Ya'll (Snippet)
(feat. YG) (prod. Donnie Cash)",Track 13 on House on the Hill. Recorded by Bo Pesci. Written by Lady G Da Real Deal and YG.,1:19,,Mixtape Track,No,https://pillows.su/f/4548c46310d01bfef18890a89ee573b3
Hou$e on the Hill,"House On The Hill
(prod. Chordz & Thundercat)","Track 14 on House on the Hill. Additional instruments played by Thundercat. Written by Buddah Shampoo, Chordz 3D, and Nate Welch.",3:33,,Mixtape Track,No,https://pillows.su/f/3b0776fea9309c651392d40996e5bbb4
Hou$e on the Hill,"Free TC
(feat. TeeCee4800 & Kid Ink) (prod. Sorry Jaynari)","Track 15 on House on the Hill. Recorded by James Musshorn. Interpolates ""Krazy"" by 2Pac.",5:43,,Mixtape Track,No,https://pillows.su/f/a5f2748a1ba3bb291fc333dc0018112f
Hou$e on the Hill,"Get No Better
(feat. Fuego & Ly$$i) (prod. Fuego)",Track 16 on House on the Hill. Written by Lady G Da Real Deal.,5:16,,Mixtape Track,No,https://pillows.su/f/6d580c363cfcc6bf0b2aa5175a7e3d54
"0 Album Track(s)
0 Single(s)
0 Feature(s)
0 Production
0 Other","Young And Hung...Over
(Collaboration with YG & Bobby Brackins)",(06/20/2011) (Young And Hung...Over is officially released),,,Other,,
"0 Album Track(s)
0 Single(s)
0 Feature(s)
0 Production
0 Other",Back Up Drive Vol. 1,"(08/27/2011) (Back Up Drive Vol. 1 is officially released)
(09/02/2011) (Back Up Drive Vol. 2 is officially released)",,,Other,,
Back Up Drive Vol. 1,Back Up Drive Vol. 1 [Mixtape],"Full copy of the Back Up Drive Vol. 1 mixtape. Hosted by DJ ill Will, DJ Mustard & The LA Leakers.",34:42,,Other,No,"https://pillows.su/f/7238745847bed16fdaacf2031ab27136
https://imgur.gg/f/fKmG6ra"
Back Up Drive Vol. 1,"Brimonade
(feat. Joe Moses & Kabo) (prod. Jelly Roll)",Track 1 on Back Up Drive Vol. 1.,3:56,,Mixtape Track,No,https://pillows.su/f/ab3fd64a2d176cb9b1181b44a095c3e3
Back Up Drive Vol. 1,"Stupid Ass Bitch
(feat. Lady G & YG) (prod. Mars)",Track 2 on Back Up Drive Vol. 1.,4:03,,Mixtape Track,No,https://pillows.su/f/fe17f3e654c40d4f54e00efa7a760247
Back Up Drive Vol. 1,"Pussy Killa (Remix)
(feat. YG & King Drew) (prod. J Hawk)",Track 3 on Back Up Drive Vol. 1.,2:59,,Mixtape Track,No,https://pillows.su/f/2d4d3fbe1df78f757a9d4761e25197c0
Back Up Drive Vol. 1,"Come Around
(feat. Kory) (prod. J. Dilla)",Track 4 on Back Up Drive Vol. 1.,2:27,,Mixtape Track,No,https://pillows.su/f/780df815150d0fd112d806422156132d
Back Up Drive Vol. 1,"One Night Stand
(feat. Kory) (prod. Chordz 3D, Ty$ & Mars)",Track 5 on Back Up Drive Vol. 1.,4:31,,Mixtape Track,No,https://pillows.su/f/5e9b4d6af0269ac4e94b51506f48ef8b
Back Up Drive Vol. 1,"Relax
(feat. YG)",Track 6 on Back Up Drive Vol. 1.,3:42,,Mixtape Track,No,https://pillows.su/f/6ae35d6cd46462e001036b60ff188dba
Back Up Drive Vol. 1,"Something
(feat. Kory) (prod. Ty$)",Track 7 on Back Up Drive Vol. 1.,3:56,,Mixtape Track,No,https://pillows.su/f/7fa99d5ebec8de94770b835c5a815a2d
Back Up Drive Vol. 1,"Home Alone
(prod. Jelly Roll)",Track 8 on Back Up Drive Vol. 1.,1:13,,Mixtape Track,No,https://pillows.su/f/24f5bb491f0609de881a34ff37ffc322
Back Up Drive Vol. 1,"Low Rida
(prod. Ty$)",Track 9 on Back Up Drive Vol. 1.,4:32,,Mixtape Track,No,https://pillows.su/f/dfa6be1f4aaa2d0eecfeb50e0cbea25d
Back Up Drive Vol. 1,"It's Over
(feat. Kory) (prod. Chris Sholar)",Track 10 on Back Up Drive Vol. 1.,3:23,,Mixtape Track,No,https://pillows.su/f/7d3c1b2eccf244ecf20ddb6a76e4a0e9
"0 Album Track(s)
0 Single(s)
0 Feature(s)
0 Production
0 Other",Back Up Drive Vol. 2,"(08/27/2011) (Back Up Drive Vol. 1 is officially released)
(09/02/2011) (Back Up Drive Vol. 2 is officially released)",,,Other,,
Back Up Drive Vol. 2,Back Up Drive Vol. 2 [Mixtape],"Full copy of the Back Up Drive Vol. 2 mixtape. Hosted by DJ ill Will, DJ Mustard & The LA Leakers.",35:08,,Other,No,"https://pillows.su/f/37f408c6f94bdd92a9dd306a3bf9bcbb
https://imgur.gg/f/HrLgX2B"
Back Up Drive Vol. 2,"What I'm Thinkin
(feat. Kory) (prod. Morgan Spacek & D.R.U.G.$.)",Track 1 on Back Up Drive Vol. 2.,3:56,,Mixtape Track,No,https://pillows.su/f/bb9ba98e0f578af9f9559555f3a3bba4
Back Up Drive Vol. 2,"We Got Money
(feat. Kory, Method Man & Ghostface Killa) (prod. RZA)",Track 2 on Back Up Drive Vol. 2.,2:24,,Mixtape Track,No,https://pillows.su/f/9f8252012e89949e5b70cf43e75b6396
Back Up Drive Vol. 2,"Take it 2 the Back
(feat. The Rej3cts) (prod. Ty$)",Track 3 on Back Up Drive Vol. 2.,3:31,,Mixtape Track,No,https://pillows.su/f/c57465b2a1a7024a1504f4de940cf9e7
Back Up Drive Vol. 2,"Naughty
(feat. Mann, Reem Riches & DJ Mustard) (prod. Traknox)",Track 4 on Back Up Drive Vol. 2.,3:19,,Mixtape Track,No,https://pillows.su/f/6626b829b04a433d31ad4868f39df165
Back Up Drive Vol. 2,"Pu$$y On Me
(feat. YG & Xxplicit) (prod. Ty$)",Track 5 on Back Up Drive Vol. 2.,5:31,,Mixtape Track,No,https://pillows.su/f/2964a696ecb807f5d077d0a5556173a0
Back Up Drive Vol. 2,"So Badd
(feat. Kory) (prod. Black Milk)",Track 6 on Back Up Drive Vol. 2.,3:33,,Mixtape Track,No,https://pillows.su/f/ac6b91dc8199899ddb3b80859d0a2026
Back Up Drive Vol. 2,"Rearview
(feat. AB) (prod. 15kt)",Track 7 on Back Up Drive Vol. 2.,2:30,,Mixtape Track,No,https://pillows.su/f/4b05e5917994147961ad04b246e17954
Back Up Drive Vol. 2,"Why Wait
(feat. Kory) (prod. Thundercat, 1500 or Nothin, D.R.U.G.$. & Terrace Martin)",Track 8 on Back Up Drive Vol. 2.,4:12,,Mixtape Track,No,https://pillows.su/f/07dc5cf8ab782906cbcdb8e2764fb778
Back Up Drive Vol. 2,"So Fly
(feat. Kory) (prod. J. Dilla)",Track 9 on Back Up Drive Vol. 2.,2:16,,Mixtape Track,No,https://pillows.su/f/5301e94dee664b4a153fbe82ada421a8
Back Up Drive Vol. 2,"Hood Girl
(feat. Jamie Foxx) (prod. T-Pain)",Track 10 on Back Up Drive Vol. 2.,3:56,,Mixtape Track,No,https://pillows.su/f/50b82406e52be3d066c7dfca76f7fcb0
"0 Album Track(s)
0 Single(s)
0 Feature(s)
0 Production
0 Other","Whoop!
(Collaboration with Joe Moses)",(05/07/2012) (Whoop! is officially released),,,Other,,
Whoop!,Whoop! [Mixtape],Full copy of the Whoop! mixtape. Produced by DJ Mustard.,1:07:18,,Other,No,"https://pillows.su/f/6cd5009f6fd651e794b61c6508e0373b
https://imgur.gg/f/ajjPn0i
https://mixtapemonkey.com/1214/ty-dolla-sign-joe-moses-whoop"
Whoop!,"Intro
(prod. Mustard)",Track 1 on Whoop!.,3:59,,Mixtape Track,No,https://pillows.su/f/b6064a31d85cae75b61b5f9f2ac19042
Whoop!,"6 In Da Mornin'
(feat. G Malone & Kurupt) (prod. Mustard)",Track 2 on Whoop!.,3:23,,Mixtape Track,No,https://pillows.su/f/314811bba95f4cdd17220d9367256e2c
Whoop!,"Big Homies
(prod. Mustard)",Track 3 on Whoop!.,2:57,,Mixtape Track,No,https://pillows.su/f/3fe101895998fc26679ed316cc9a91e9
Whoop!,"TOP
(feat. Dusto) (prod. Mustard)",Track 4 on Whoop!.,3:26,,Mixtape Track,No,https://pillows.su/f/8925a42085eb306fd455b86879decc76
Whoop!,"Tricks
(feat. Kurupt) (prod. Mustard)",Track 5 on Whoop!.,3:13,,Mixtape Track,No,https://pillows.su/f/b66da4f19401e0070f83b81bac900523
Whoop!,"Fat Pussy
(feat. The New Boyz & The Rej3cts) (prod. Mustard)",Track 6 on Whoop!.,3:53,,Mixtape Track,No,https://pillows.su/f/6837b12467a6d2ce7449ac4479699d1e
Whoop!,"Don't Stop
(feat. Reem Riches, TeeCee4800 & Mils) (prod. Mustard)",Track 7 on Whoop!.,4:50,,Mixtape Track,No,https://pillows.su/f/522e2b1925570f05da0b8e6e4c4673d7
Whoop!,"Weekend
(prod. Mustard)",Track 8 on Whoop!.,3:12,,Mixtape Track,No,https://pillows.su/f/a4054f2125d3238cd56a285859f5d382
Whoop!,"The Man
(prod. Mustard)",Track 9 on Whoop!.,3:21,,Mixtape Track,No,https://pillows.su/f/dc3f73d3b47101e46d41e6af5d897240
Whoop!,"Boo Thang
(feat. Bobby Brackins) (prod. Mustard)",Track 10 on Whoop!.,3:20,,Mixtape Track,No,https://pillows.su/f/029f45f0cbc78bf433deba82a28fc82a
Whoop!,"Eat The Pussy
(feat. Reem Riches & TeeCee4800) (prod. Mustard)",Track 11 on Whoop!.,3:21,,Mixtape Track,No,https://pillows.su/f/357b7842de8f56a4fe9b6d3fa80be88e
Whoop!,"Really Good
(prod. Mustard)",Track 12 on Whoop!.,4:01,,Mixtape Track,No,https://pillows.su/f/3f71a68bd13770f31993b49bc770756e
Whoop!,"Stop It
(feat. Reem Riches) (prod. Mustard)",Track 13 on Whoop!.,3:06,,Mixtape Track,No,https://pillows.su/f/ba53a6f186a865f019f3d443dbe1c28a
Whoop!,"Ride La La
(feat. PC) (prod. Mustard)",Track 14 on Whoop!.,3:38,,Mixtape Track,No,https://pillows.su/f/0329226c0d0e326e0adf0ca86e90f237
Whoop!,"Not It!
(feat. Teddy Riley & Jazza'e) (prod. Mustard)",Track 15 on Whoop!.,3:27,,Mixtape Track,No,https://pillows.su/f/fa33436bfd0734e051a2b0941545ea05
Whoop!,"Pass Her to the Homie
(feat. Yung) (prod. Mustard)",Track 16 on Whoop!.,3:15,,Mixtape Track,No,https://pillows.su/f/c715eee2a49a51cee209667145b63cb9
Whoop!,"End Of Discussion
(feat. Reem Riches) (prod. Mustard)",Track 17 on Whoop!.,3:14,,Mixtape Track,No,https://pillows.su/f/62fc163e495d7764cf074f1962579147
Whoop!,"Thing Called Love
(feat. Gizzle) (prod. Mustard)",Track 18 on Whoop!.,2:57,,Mixtape Track,No,https://pillows.su/f/0ebeea6090bb33a44a5b93f9540a3769
Whoop!,"Realness Over Millions
(feat. Big TC) (prod. Mustard)",Track 19 on Whoop!.,0:51,,Mixtape Track,No,https://pillows.su/f/d4dc535814c69f413d71ed1236a5fff1
Whoop!,"Have It All
(feat. Fuego) (prod. Mustard)",Track 20 on Whoop!.,3:54,,Mixtape Track,No,https://pillows.su/f/0e5f74b21d9b4c19e80095518cd3657d
"0 Album Track(s)
0 Single(s)
0 Feature(s)
0 Production
0 Other",Beach House,"(10/01/2012) (Beach House is officially released)
(07/01/2013) (Beach House 2 is officially released)",,,Other,,
Beach House,Beach House [Mixtape],Full copy of the Beach House mixtape. Hosted by DJ ill Will and DJ Mustard.,58:54,,Other,No,"https://pillows.su/f/acc7449bf012d1447afb02dabca51132
https://imgur.gg/f/KegvSsc
https://mixtapemonkey.com/1094/ty-dolla-sign-beach-house"
Beach House,"My Cabana [V1]
(feat. Young Jeezy) (prod. D.R.U.G.$.)",Track 1 on Beach House.,4:12,,Mixtape Track,No,https://pillows.su/f/67d1e9742eef25dcdb7abb998a54c3f7
Beach House,"Zone'n
(prod. D.R.U.G.$.)",Track 2 on Beach House.,3:52,,Mixtape Track,No,https://pillows.su/f/9fb0d003bd1b800c453c2db9aa36e521
Beach House,"Know Y I Came
(prod. D.R.U.G.$.)",Track 3 on Beach House.,4:44,,Mixtape Track,No,https://pillows.su/f/60ebc1139c8bb3011ec3c9dc09acf59d
Beach House,"Another One
(feat. DOM KENNEDY & Travis Mills) (prod. Cardo Got Wings)",Track 4 on Beach House.,4:33,,Mixtape Track,No,https://pillows.su/f/ab5d09530f4c2ed2c6d79e8722d397f8
Beach House,"4 a Young / Young Honey
(feat. Iamsu!) (prod. D.R.U.G.$. & Fuego)",Track 5 on Beach House.,7:34,,Mixtape Track,No,https://pillows.su/f/c1405b0d373b6ae9acadbdc7c0bdf527
Beach House,"That's All
(feat. Kid Ink) (prod. D.R.U.G.$.)",Track 6 on Beach House.,3:30,,Mixtape Track,No,https://pillows.su/f/e270ac95ee16424ca6f7059a4eac8741
Beach House,"Mi$$ion
(prod. PARTYNEXTDOOR)",Track 7 on Beach House.,2:18,,Mixtape Track,No,https://pillows.su/f/e09757ef4f187ffa6ea108b1125a5ff8
Beach House,"DTF
(prod. D.R.U.G.$.)",Track 8 on Beach House.,4:02,,Mixtape Track,No,https://pillows.su/f/abc6cecc774c9ae06a5631a3cc84f617
Beach House,"Infatuated
(prod. Phonix Beats)",Track 9 on Beach House.,4:06,,Mixtape Track,No,https://pillows.su/f/269b1663d4e92c82162ad29678090b65
Beach House,"Hold Up
(prod. Iman Omari)",Track 10 on Beach House.,2:44,,Mixtape Track,No,https://pillows.su/f/7096df270246a919bbb6460534d19c16
Beach House,"Booty Poppin / Forbidden Fruit
(prod. D.R.U.G.$.)",Track 11 on Beach House.,7:54,,Mixtape Track,No,https://pillows.su/f/a3612916111073db2ab9ef9ad43b8b12
Beach House,"Diggin'
(feat. Joe Moses) (prod. D.R.U.G.$.)",Track 12 on Beach House.,4:31,,Mixtape Track,No,https://pillows.su/f/5f3c34d0f6c40f6909b2abc9228ed85b
Beach House,"Time
(feat. Joe Moses) (prod. Ty Dolla $ign & D'Mile)",Track 13 on Beach House.,4:54,,Mixtape Track,No,https://pillows.su/f/fe86c0781c70b4413a94c2598463313f
"0 Album Track(s)
0 Single(s)
2 Feature(s)
1 Production
0 Other",Beach House 2,"(10/01/2012) (Beach House is officially released)
(07/01/2013) (Beach House 2 is officially released)",,,Other,,
Beach House 2,"YG - Love Jones
(feat. Ty Dolla $ign) (prod. Ty Dolla $ign & GX)",Track 10 on YG's Just Re'd Up 2.,4:06,,Feature,No,
Beach House 2,"YG - I'll Do Ya
(feat. Ty Dolla $ign) (prod. Mustard)",Track 22 on YG's Just Re'd Up 2.,3:00,,Feature,No,
Beach House 2,"YG - No Sleep
(feat. Ray J & Charley Hood) (prod. Ty Dolla $ign)",Track 25 on YG's Just Re'd Up 2.,3:56,,Production,No,
Beach House 2,Beach House 2 [Mixtape],Full copy of the Beach House 2 mixtape. Hosted by DJ Drama.,1:02:43,,Other,No,"https://pillows.su/f/ace832de8fd31137f6c9e5edc448f73a
https://imgur.gg/f/9NN0z1x
https://soundcloud.com/tydollasign/sets/beach-house-2
https://ftp.mixtapemonkey.com/710/ty-dolla-sign-beach-house-2"
Beach House 2,"Intro / These Hoes
(feat. Nate Howard & Kevin Gates) (prod. D'Mile, Peter Lee Johnson & Kill Paris)",Track 1 on Beach House 2.,4:39,,Mixtape Track,No,"https://soundcloud.com/tydollasign/01-intro-ft-nate-howard-these?in=tydollasign/sets/beach-house-2&utm_source=clipboard&utm_medium=text&utm_campaign=social_sharing
https://pillows.su/f/2a811f65c108e3db3fa5375694317997"
Beach House 2,"Paranoid [V1]
(feat. Joe Moses) (prod. Mustard & Mike Free)",Track 2 on Beach House 2.,3:55,,Mixtape Track,No,https://pillows.su/f/9b320e5b1ebc4d8c30888ad6050453c8
Beach House 2,"I Bet
(feat. Wiz Khalifa) (prod. Ty Dolla $ign)",Track 3 on Beach House 2.,3:45,,Mixtape Track,No,"https://soundcloud.com/tydollasign/03-i-bet-ft-wiz-khalifa?in=tydollasign/sets/beach-house-2&utm_source=clipboard&utm_medium=text&utm_campaign=social_sharing
https://pillows.su/f/eaa11de10022e2cc03b971443866b243"
Beach House 2,"1st Night / 4 A Young (Remix)
(feat. Trey Songz & Kirko Bangz) (prod. Ty Dolla $ign)",Track 4 on Beach House 2.,8:10,,Mixtape Track,No,"https://soundcloud.com/tydollasign/04-1st-night-4-a-young-remix?in=tydollasign/sets/beach-house-2&utm_source=clipboard&utm_medium=text&utm_campaign=social_sharing
https://pillows.su/f/83e138493ccecb808b5a0ec8bf822212"
Beach House 2,"Bitches Ain't Shit / Get It How I Live
(feat. Chevy Woods & Jay 305) (prod. Ty Dolla $ign, Peter Lee Johnson & XXYYXX)",Track 5 on Beach House 2.,8:46,,Mixtape Track,No,"https://soundcloud.com/tydollasign/05-bitches-aint-shit-ft-chevy?in=tydollasign/sets/beach-house-2&utm_source=clipboard&utm_medium=text&utm_campaign=social_sharing
https://pillows.su/f/3851aab197e96969459d38e3b94b91ad"
Beach House 2,"Ratchet in My Benz
(feat. Juicy J) (prod. Buddah Shampoo)",Track 6 on Beach House 2.,3:39,,Mixtape Track,No,"https://soundcloud.com/tydollasign/ratchet-in-my-benz-ft-juicy-j?in=tydollasign/sets/beach-house-2&utm_source=clipboard&utm_medium=text&utm_campaign=social_sharing
https://pillows.su/f/50b0b54dab69a6567aaadb67c3218468"
Beach House 2,"Irie [V1]
(feat. Wiz Khalifa) (prod. DJ Spinz)",Track 7 on Beach House 2.,3:42,,Mixtape Track,No,https://pillows.su/f/489310c24296cb3946df90d2e22612ee
Beach House 2,"Still Sippin
(feat. Kirko Bangz) (prod. FKi)",Track 8 on Beach House 2.,3:02,,Mixtape Track,No,"https://soundcloud.com/tydollasign/08-still-sippin-ft-kirko-bangz?in=tydollasign/sets/beach-house-2&utm_source=clipboard&utm_medium=text&utm_campaign=social_sharing
https://pillows.su/f/f2b7fdb00ecc148f1c9d3edaca29660c"
Beach House 2,"Dolla $ign / My Cabana Remix
(feat. YG & Jeezy) (prod. Mustard & Ty Dolla $ign)",Track 9 on Beach House 2.,7:05,,Mixtape Track,No,https://pillows.su/f/f4493482fcc2e234d3fad7c69a9183f7
Beach House 2,"Float
(feat. Iamsu!) (prod. The Invasion, Ty Dolla $ign & Terrace Martin)",Track 10 on Beach House 2.,3:43,,Mixtape Track,No,"https://soundcloud.com/tydollasign/10-float-ft-iamsu-terrace?in=tydollasign/sets/beach-house-2&utm_source=clipboard&utm_medium=text&utm_campaign=social_sharing
https://pillows.su/f/8d15714899dccd35ee371ef135a54b08"
Beach House 2,"Creez
(feat. B.o.B. & Kid Ink) (prod. D'Mile)",Track 11 on Beach House 2.,3:43,,Mixtape Track,No,"https://soundcloud.com/tydollasign/11-creez-ft-b-o-b-kid-ink?in=tydollasign/sets/beach-house-2&utm_source=clipboard&utm_medium=text&utm_campaign=social_sharing
https://pillows.su/f/9a5374e261490746b16c11c41c48d40f"
Beach House 2,"Got My Heart / Outro
(feat. Chris Brown, The Game & Big TC) (prod. Chris Brown, D'Mile & Peter Lee Johnson)",Track 12 on Beach House 2.,4:16,,Mixtape Track,No,"https://soundcloud.com/tydollasign/12-got-my-heart-ft-chris-brown?in=tydollasign/sets/beach-house-2&utm_source=clipboard&utm_medium=text&utm_campaign=social_sharing
https://pillows.su/f/463276159c206d7137a545a0623f151b"
Beach House 2,"Never Be The Same [V1]
(feat. Jay Rock) (prod. Ty Dolla $ign, D'Mile & Peter Lee Johnson)",Track 13 on Beach House 2.,4:18,,Mixtape Track,No,https://pillows.su/f/660b4f43e5ed58de05b8ebbeaa46443f
"0 OG File(s)
0 Full
0 Tagged
0 Partial
0 Snippet(s)
0 Unavailable",Beach House EP,,,,,,
Beach House EP,"Work
(feat. Casey Veggies, Twista & Nate Poetics) (prod. D'Mile & Ricky P)","Track 1 on the Beach House EP. Features violin from Peter Lee Johnson. Written by Ricky P, Carl Mitchell, Casey Jones, Nate Howard, and Tyrone Griffin. Mixed by Jean-Marie Horvat. Mastered by David Kutch. Engineered by Ty Dolla $ign, Vince Watson, Adam Cantania, and D'Mile.",7:09,,Album Track,Yes,https://open.spotify.com/track/7o9auSKq2JNs8D7u97czK1?si=8ffb26c46a804731
Beach House EP,"Paranoid [V2]
(feat. B.o.B.) (prod. Mustard & Mike Free)","Track 2 on the Beach House EP. Released as a single on September 10, 2013. Written by Ty Dolla $ign, Bobby Ray Simmons Jr., Mustard, and Playboy Tre. Mixed by Andrew Wuepper. Mastered by Justin Smith. Engineered by Ty Dolla $ign.",3:37,,Album Track,Yes,https://open.spotify.com/track/0Yp3wCUpjrG7NWWPDpmQXm?si=3b327512d6fa47e8
Beach House EP,"Paranoid (Remix)
(feat. Trey Songz, French Montana & Mustard) (prod. Mustard & Mike Free)","Track 3 on the Beach House EP. Released as a single on January 14, 2014. Written by Ty Dolla $ign, Bobby Ray Simmons Jr., Mustard, and Playboy Tre. Mixed by Jean-Marie Horvat. Mastered by David Kutch. Engineered by Ty Dolla $ign, Vince Watson, and Adam Cantania.",4:42,,Album Track,Yes,https://open.spotify.com/track/0KkedDWTjsqE6F0NydY7Vq?si=c19938d14a2b4569
Beach House EP,"Or Nah
(feat. Wiz Khalifa) (prod. Mustard & Mike Free)","Track 4 on the Beach House EP. Released as a single on January 7, 2014. Features violin from Peter Lee Johnson. Written by Mike Free, Wiz Khalifa, Mustard, Lemmie Crocken, and Ty Dolla $ign. Mixed by Jean-Marie Horvat. Engineered by Ty Dolla $ign, Vince Watson, and Adam Cantania.",4:12,,Album Track,Yes,https://open.spotify.com/track/6cRqxXoY6esNiFaOnl4EiC?si=bfbde949cbaf4e3b
Beach House EP,"Familiar
(feat. Travi$ Scott & Fredo Santana) (prod. Young Chop)","Track 5 on the Beach House EP. Written by Derrick Coleman, Travis Scott, Young Chop and Tyrone Griffin. Mixed by Jean-Marie Horvat. Engineered by Ty Dolla $ign, Vince Watson, and Adam Cantania.",4:24,,Album Track,Yes,https://open.spotify.com/track/4c4rgyDJXDhv2xTDwhCs3D?si=bb4694b26b0349cc
Beach House EP,"Wood & Leather
(feat. Big TC & Tyrone Griffin Sr.) (prod. Cardo Got Wings & D'Mile)","Track 6 on the Beach House EP. Features violin from Marcus Reddick and Peter Lee Johnson. Written by Ty Dolla $ign, Aaron Sherrod, Brock Korsan, Dernst Emile II, Ronald LaTour, and Marcus Reddick. Engineered by Ty Dolla $ign.",5:07,,Album Track,Yes,https://open.spotify.com/track/3tQUYZLLCTxL5iiJ0gfCCT?si=d3810e7889204971
Beach House EP,"Never Be The Same [V2]
(feat. Jay Rock) (prod. Ty Dolla $ign, D'Mile & Peter Lee Johnson)","Track 7 on the Beach House EP. Features violin from Peter Lee Johnson. Written by Dernst Emile II, Glenda Proby, Jay Rock, and Tyrone Griffin. Mixed by Jean-Marie Horvat. Engineered by Ty Dolla $ign, Vince Watson, and Adam Cantania.",4:24,,Album Track,Yes,https://open.spotify.com/track/7usLkn9m0kjKqz5BD80IPq?si=4ea4854500924cda
"11 Album Track(s)
1 Single(s)
7 Feature(s)
1 Production
0 Other",$ign Language,"(07/01/2013) (Beach House 2 is officially released)
(08/25/2014) ($ign Language is officially released)",,,Other,,
$ign Language,"B.o.B - HeadBand
(feat. 2 Chainz & Ty Dolla $ign) (prod. Mustard)","Track 10 on B.o.B's Underground Luxury. Released as a single on May 21st, 2013.",3:40,,Feature,Yes,https://open.spotify.com/track/2LvRR121MWFmmEGkuV2vQP?si=84c2974a1e0d4b3b
$ign Language,"Jennifer Lopez - Girls
(feat. Asiahn) (prod. Mustard)","Released as a single on January 1st, 2014.",3:58,,Other,Yes,https://open.spotify.com/track/1zmVaJqxFje0qN4CQxfThL?si=ad23341583324c8f
$ign Language,"Lupe Fiasco - $nitches
(feat. Ty Dolla $ign) (prod. Ty Dolla $ign)",,,,Feature,No,
$ign Language,"YG - Meet The Flockers
(feat. TeeCee4800 & Ty Dolla $ign) (prod. Mike Free)",Track 6 on YG's My Krazy Life.,2:03,,Feature,Yes,https://open.spotify.com/track/1iqc306xbL6vs9xCKYZRSB?si=ff447c500fb34b33
$ign Language,"YG - Really Be (Smokin N Drinkin)
(feat. Kendrick Lamar) (prod. Ty Dolla $ign, Terrace Martin & Chordz)",Track 11 on YG's My Krazy Life.,5:10,,Production,Yes,https://open.spotify.com/track/09WkOmmVBwqii0dT7SdRTQ?si=4a6031febfeb4bad
$ign Language,"YG - Sorry Momma
(feat. Ty Dolla $ign & Wyann Vaughn) (prod. Terrace Martin & Mustard)",Track 14 on YG's My Krazy Life.,5:05,,Feature,Yes,https://open.spotify.com/track/0nId5u8slC30tnyAFuJkTU?si=d25c901dd46a4109
$ign Language,"Smoke DZA - Pass Off
(feat. Bluntsmoker & Ty Dolla $ign) (prod. Cardo Got Wings)",Track 13 on Smoke DZA's Dream.ZONE.Achieve.,,,Feature,Yes,
$ign Language,"Trey Songz - Ordinary
(feat. Jeezy) (prod. DJ Spinz)","Released as a single on April 22nd, 2014.",3:32,,Other,Yes,https://open.spotify.com/track/6MTRApyHeEhTWcbyKxRnYP?si=3ff8a0322fca4d6f
$ign Language,"Or Nah (Remix)
(feat. The Weeknd & Wiz Khalifa) (prod. Mustard & Mike Free)","Released as a single on June 10, 2014. Violin done by Peter Lee Johnson. Written by Mike Free, Wiz Khalifa, Mustard, Lemmie Crocken, and Ty Dolla $ign. Mixed by Jean-Marie Horvat. Engineered by Ty Dolla $ign, Vince Watson, and Adam Catania. Executive produced by Ty Dolla $ign.",4:02,,Single,Yes,https://open.spotify.com/track/7t2bFihaDvhIrd2gn2CWJO?si=567b72091f544bbb
$ign Language,"Trey Songz - Dead Wrong
(feat. Ty Dolla $ign) (prod. The Featherstones)",Track 6 on Trey Songz' Trigga.,,,Feature,Yes,
$ign Language,"B.o.B. - Drunk AF
(feat. Ty Dolla $ign) (prod. Ty Dolla $ign)",Track 8 on B.o.B.'s No Genre Pt. 2.,,,Feature,Yes,
$ign Language,"Shell Shocked
(with Juicy J & Wiz Khalifa) (feat. Kill the Noise & Madsonik) (prod. Kill the Noise & Madsonik)",,,,Other,Yes,
$ign Language,"NDK
(feat. Jay 305 & Big Sean) (prod. D'Mile)",Track 1 on $ign Language.,,,Album Track,No,
$ign Language,"Dead Presidents
(feat. Juicy J, Rich Homie Quan & BJ the Chicago Kid) (prod. Metro Boomin)",Track 2 on $ign Language.,,,Album Track,No,
$ign Language,"Lord Knows
(feat. Dom Kennedy, Rick Ross & K CAMP) (prod. Ty Dolla $ign)",Track 3 on $ign Language.,,,Album Track,No,
$ign Language,"Stretch / She Better
(prod. Nate 3D, Ty Dolla $ign & D'Mile)",Track 4 on $ign Language.,,,Album Track,No,
$ign Language,"Drank N Cranberry
(feat. Casey Veggies) (prod. Ty Dolla $ign & Nate 3D)",Track 5 on $ign Language.,,,Album Track,No,
$ign Language,"Like I Do
(feat. Yo Gotti, French Montana & Jeremih) (prod. Dun Deal)",Track 6 on $ign Language.,,,Album Track,No,
$ign Language,"Issue
(feat. Wiz Khalifa & Mike Posner) (prod. FKi)",Track 7 on $ign Language.,,,Album Track,No,
$ign Language,"Missionary
(feat. Mila J) (prod. FKi)",Track 8 on $ign Language.,,,Album Track,No,
$ign Language,"Type of Shit I Hate
(feat. Fabolous, YG & Ed Sheeran) (prod. Mustard)",Track 9 on $ign Language.,,,Album Track,No,
$ign Language,"Can't Stay
(feat. T.I.) (prod. C Gutta & Marz)",Track 10 on $ign Language.,,,Album Track,No,
$ign Language,"Big TC - In Too Deep
(feat. TeeCee4800) (prod. Big TC & Ty Dolla $ign)",Track 11 on $ign Language.,,,Album Track,No,
"5 Album Track(s)
0 Single(s)
0 Feature(s)
0 Production
0 Other","Talk About it in the Morning
(Collaboration with Wiz Khalifa)","(07/01/2013) (Beach House 2 is officially released)
(01/21/2014) (Beach House EP is officially released)
(03/31/2015) (Talk About it in the Morning is officially released)",,,Other,,
Talk About it in the Morning,"Judge It
(prod. The BMMB)",Track 1 on Talk About it in the Morning.,,,Album Track,No,Soundcloud
Talk About it in the Morning,"Refresh
(prod. Nice Rec)",Track 2 on Talk About it in the Morning.,,,Album Track,No,Soundcloud
Talk About it in the Morning,"Say No More
(prod. Nice Rec)",Track 3 on Talk About it in the Morning.,,,Album Track,No,Soundcloud
Talk About it in the Morning,"Post Up
(prod. Ty Dolla $ign)",Track 4 on Talk About it in the Morning.,,,Album Track,No,Soundcloud
Talk About it in the Morning,"Pretty Nights
(feat. The BMMB) (prod. The BMMB)",Track 5 on Talk About it in the Morning.,,,Album Track,No,Soundcloud
"0 Album Track(s)
0 Single(s)
0 Feature(s)
0 Production
0 Other",Airplane Mode,"(08/25/2014) ($ign Language is officially released)
(10/13/2015) (Airplane Mode is officially released)
(11/13/2015) (Free TC is officially released)",,,Other,,
Airplane Mode,Airplane Mode [Mixtape],Full copy of the Airplane Mode mixtape.,23:58,,Other,No,"https://soundcloud.com/tydollasign/01-airplane-mode-produced-by-ty-eazy-and-nate-3d-of-drugs?in=tydollasign/sets/airplane-mode&utm_source=clipboard&utm_medium=text&utm_campaign=social_sharing
https://pillows.su/f/ecded21798f63f7480c1f2abae0277a8
https://imgur.gg/f/Na4Qjg6
https://mixtapemonkey.com/1688/ty-dolla-sign-airplane-mode"
Airplane Mode,"Airplane Mode
(prod. Ty Dolla $ign, EAZY & Nate 3D)","OG Filename: 01 Airplane Mode [Produced by Ty$, EAZY and Nate 3D of D.R.U.G.$.]
Track 1 on Airplane Mode. Initially released on October 12, 2015, alongside the announcement of the mixtape.",2:35,,Mixtape Track,No,"https://soundcloud.com/tydollasign/01-airplane-mode-produced-by-ty-eazy-and-nate-3d-of-drugs?in=tydollasign/sets/airplane-mode&utm_source=clipboard&utm_medium=text&utm_campaign=social_sharing
https://pillows.su/f/2ab13af8b7a798c741f96e0c2a087d2a"
Airplane Mode,"Back In The City
(prod. Smurv & Ty Dolla $ign)","OG Filename: 02 Back In The City [Produced by Smurv & Ty$]
Track 2 on Airplane Mode.",1:35,,Mixtape Track,No,"https://soundcloud.com/tydollasign/02-back-in-the-city-produced-by-smurv-ty?in=tydollasign/sets/airplane-mode&utm_source=clipboard&utm_medium=text&utm_campaign=social_sharing
https://pillows.su/f/0ed784ae66e875db40c781a965cf8e8d"
Airplane Mode,"Rich Ni$$a
(feat. YG) (prod. Mustard & Twice as Nice)","OG Filename: 03 Rich Ni$$a [Produced by DJ Mustard]
Track 3 on Airplane Mode.",1:47,,Mixtape Track,No,"https://soundcloud.com/tydollasign/03-rich-nia-produced-by-dj-mustard-twice-as-nice?in=tydollasign/sets/airplane-mode&utm_source=clipboard&utm_medium=text&utm_campaign=social_sharing
https://pillows.su/f/d5735610f75ae8540313984a367e44c7"
Airplane Mode,"Sex On Drugs
(prod. Ty Dolla $ign & Nate 3D)","OG Filename: 04 Sex On Drugs [Produced by Ty$ & Nate 3D of D.R.U.G.$.]
Track 4 on Airplane Mode.",1:38,,Mixtape Track,No,"https://soundcloud.com/tydollasign/04-sex-on-drugs-produced-by-ty-nate-3d-of-drugs?in=tydollasign/sets/airplane-mode&utm_source=clipboard&utm_medium=text&utm_campaign=social_sharing
https://pillows.su/f/6c73091b8d42b0d67a1653717d509de4"
Airplane Mode,"Do Thangs
(prod. Sonny Digital & Ty Dolla $ign)","OG Filename: 05 Do Thangs [Produced by Sonny Digital & Ty$]
Track 5 on Airplane Mode.",2:33,,Mixtape Track,No,"https://soundcloud.com/tydollasign/05-do-thangs-produced-by-sonny-digital-ty?in=tydollasign/sets/airplane-mode&utm_source=clipboard&utm_medium=text&utm_campaign=social_sharing
https://pillows.su/f/bdc86acb98b5731576a428a32eff2d1d"
Airplane Mode,"No Fake $hit
(prod. Ty Dolla $ign & Nate 3D)","OG Filename: 06 No Fake $hit [Produced by Ty$ & Nate 3D of D.R.U.G.$.]
Track 6 on Airplane Mode.",1:27,,Mixtape Track,No,"https://soundcloud.com/tydollasign/06-no-fake-hit-produced-by-ty-nate-3d-of-drugs?in=tydollasign/sets/airplane-mode&utm_source=clipboard&utm_medium=text&utm_campaign=social_sharing
https://pillows.su/f/f869adc09951039e7c73ff271aac6895"
Airplane Mode,"Violent
(prod. DJ Spinz & Southside)","OG Filename: 07 Violent [Produced by DJ Spinz and Southside]
Track 7 on Airplane Mode.",3:22,,Mixtape Track,No,"https://soundcloud.com/tydollasign/07-violent-produced-by-dj-spinz-and-southside?in=tydollasign/sets/airplane-mode&utm_source=clipboard&utm_medium=text&utm_campaign=social_sharing
https://pillows.su/f/99a996d603b70c46b1add29cde24347b"
Airplane Mode,"One Thing
(prod. Mike WiLL Made-It)","OG Filename: 08 One Thing [Produced by Mike Will Made-It]
Track 8 on Airplane Mode.",3:26,,Mixtape Track,No,"https://soundcloud.com/tydollasign/08-one-thing-produced-by-mike-will-made-it?in=tydollasign/sets/airplane-mode&utm_source=clipboard&utm_medium=text&utm_campaign=social_sharing
https://pillows.su/f/d93a8707bdb00abc088d9a9d02f4398f"
Airplane Mode,"Money Ruin Friendships
(feat. Joe Moses) (prod. Mustard)","OG Filename: 09 Money Ruin Friendships [Prod by DJ Mustard]
Track 9 on Airplane Mode.",1:19,,Mixtape Track,No,"https://soundcloud.com/tydollasign/09-money-ruin-friendships-prod-by-dj-mustard?in=tydollasign/sets/airplane-mode&utm_source=clipboard&utm_medium=text&utm_campaign=social_sharing
https://pillows.su/f/5a9197f9c8f0d2c29c4c0079268f8438"
Airplane Mode,"All
(prod. James Koo & D'Mile)","OG Filename: 10 All [Produced by James Koo of D.R.U.G.$. + Co. Prod by D_Mile]
Track 10 on Airplane Mode.",4:16,,Mixtape Track,No,"https://soundcloud.com/tydollasign/10-all-produced-by-james-koo-of-drugs-co-prod-by-d-mile?in=tydollasign/sets/airplane-mode&utm_source=clipboard&utm_medium=text&utm_campaign=social_sharing
https://pillows.su/f/367bc2dad420c814078d188edf7bec16"
"20 Album Track(s)
2 Single(s)
28 Feature(s)
0 Production
0 Other",Free TC,"(08/25/2014) ($ign Language is officially released)
(10/13/2015) (Airplane Mode is officially released)
(11/13/2015) (Free TC is officially released)",,,Other,,
Free TC,"Batgang - Dangerous
(feat. Ty Dolla $ign & Juliann Alexander) (prod. KB)",Track 10 on Batgang's Batgang: 4B's.,,,Feature,Yes,
Free TC,"Chris Brown - Loyal
(feat. Lil Wayne & Tyga) (prod. Nic Nac)","Track 3 on Chris Brown's X. Released as a single on March 24, 2014. Written by Nicholas Balding, Mark Kragen, Bobby Brackins, Dwayne Michael Carter Jr., Michael Ray Stevenson, and Tyrone Griffin Jr. Mixed by Jaycen Joshua. Mastered by Tom Coyne. Engineered by Brian Springer and Ryan Kaul.",4:25,,Other,Yes,https://open.spotify.com/track/5BrTUo0xP1wKXLJWUaGFtk?si=1da826e8e7a34844
Free TC,"Vell - Childish
(feat. Ty Dolla $ign) (prod. Mustard & Larry Jayy)","Released as a single on October 27, 2014.",3:28,,Feature,Yes,https://open.spotify.com/track/4KjUZ7drSVPSs4HGSPepnK?si=44844c7438e34959
Free TC,"Snow Tha Product - 1 Time
(feat. Ty Dolla $ign) (prod. Ty Dolla $ign)",Track 5 on Snow Tha Product's The Rest Comes Later.,,,Feature,Yes,
Free TC,"The Weeknd - King of The Fall (Remix)
(feat. Ty Dolla $ign & Belly) (prod. The Weeknd & DaHeala)",,,,Feature,Yes,
Free TC,"Stand For
(prod. Diplo & Dahi)","Written by Ty Dolla $ign, Dacoury Natache, Diplo, and Lady G.",3:21,,Single,Yes,https://open.spotify.com/album/0G3PaiziCtoCF26New6ILn?si=HqLz3K5kR6GSjOXQVfYCCQ
Free TC,"Destructo - Nobody Else
(feat. Warren G & Ty Dolla $ign) (prod. Destructo)",Track 6 on Destructo's West Coast EP.,,,Feature,Yes,
Free TC,"SoMo - Ride (Remix)
(feat. Ty Dolla $ign & K CAMP) (prod. Mick Schultz)",Track 1 on SoMo's Ride (Remixes).,,,Feature,Yes,
Free TC,"Jeremih - Don't Tell 'Em (Remix)
(feat. French Montana & Ty Dolla $ign) (prod. Mick Schultz, Mustard & Mike Free)",,,,Feature,Yes,
Free TC,"Kanye West - Only One
(feat. Paul McCartney & Ty Dolla $ign) (prod. Paul McCartney, Kanye West, Noah Goldstein & MIKE DEAN)","Released as a single on December 31, 2014. Keyboards played by Paul McCartney. Synthesizers programmed by MIKE DEAN. Additional vocals provided by Ty Dolla $ign. Written by Paul McCartney, Kanye West, Kirby Lauryen, Noah Goldstein, and MIKE DEAN.",4:42,,Feature,Yes,https://open.spotify.com/track/0j35X8cTq543QDYLOyqB8W?si=b07f38947ed349b1
Free TC,"K CAMP - Shoutout My Bitches
(feat. Dan Diego & Ty Dolla $ign) (prod. Big Fruit)",Track 6 on K CAMP's One Way.,,,Feature,Yes,
Free TC,"Lupe Fiasco - Deliver
(feat. Ty Dolla $ign) (prod. MoeZ'art)",Track 12 on Lupe Fiasco's Tetsuo & Youth.,,,Feature,Yes,
Free TC,"Project Pat - Twerk It
(feat. Ty Dolla $ign, Wiz Khalifa & Wale) (prod. Juicy J, Lil Awree & K.E. on the Track)",,3:48,,Feature,Yes,
Free TC,"Kanye West - FourFiveSeconds
(feat. Rihanna, Paul McCartney, Carnie Wilson, Wendy Wilson & Ty Dolla $ign) (prod. Kanye West, Paul McCartney, MIKE DEAN, Dave Longstreth, Noah Goldstein & Kuk Harrell)","Released as a single on January 24, 2015. Acoustic guitar played by Paul McCartney. Bass played by MIKE DEAN. Organ played by Dave Longstreth. Background vocals provided by Paul McCartney, Ty Dolla $ign, Carnie Wilson, and Wendy Wilson. Written by Kanye West, Paul McCartney, MIKE DEAN, Dave Longstreth, Noah Goldstein, Kirby Lauryen, Ty Dolla $ign, Dallas Austin, and Elon Rutberg. Mixed by Manny Marroquin, Chris Galland, Jeff Jackson, and Ike Schultz. Engineered by MIKE DEAN, Noah Goldstein, Marcos Tovar, Brendan Morawski, Zeke Mishanec, Jeremy ""Head"" Hartney, Brandon Wood, and Jordan Heskett.",3:08,,Feature,Yes,https://open.spotify.com/track/78TTtXnFQPzwqlbtbwqN0y?si=768e992db76e4795
Free TC,"Drop That Kitty
(feat. Charli xcx & Tinashe) (prod. Stargate & Cashmere Cat)","Written by Ty Dolla $ign, Charli xcx, Magnus Hoiberg, Mikkkel S. Eriksen, and Tor Erik Hermansen. Interpolates ""Salt Shaker"" by Ying Yang Twins.",3:37,,Single,Yes,https://open.spotify.com/track/0Bi1amRigSOIzLc21hOH6p?si=ad9af31be640496b
Free TC,"Chris Brown & Tyga - Nothin' Like Me
(feat. Ty Dolla $ign) (prod. Mike Free & Mustard)",Track 2 on Chris Brown and Tyga's Fan of a Fan: The Album.,,,Feature,Yes,
Free TC,"Wale - The Summer League
(feat. Kanye West & Ty Dolla $ign)","Throwaway from Wale's sophomore album The Album About Nothing. Features Kanye and Ty Dolla $ign, first previewed on Wale's Instagram. Thought to be unreleased for years until people realized it actually officially released on March 23rd, 2015, indicated by Kanye tweeting out a SoundCloud link to the song on that day.",2:32,,Feature,No,https://pillows.su/f/df23833d2876b1bfc3d7d13412e392af
Free TC,"Go Hard Or Go Home (Part 2)
(with Wiz Khalifa, Trey Songz & French Montana) (prod. The Featherstones)",Track 17 on Furious 7 (Original Motion Picture Soundtrack).,,,Other,Yes,
Free TC,"Omarion - Post to Be (Remix)
(feat. DeJ Loaf, Trey Songz, Ty Dolla $ign & Rick Ross) (prod. Mike Free & Mustard)",,,,Feature,Yes,
Free TC,"Fredo Santana - Watch Out
(feat. QUE. & Ty Dolla $ign) (prod. TrapMoneyBenny)",Track 7 on Fredo Santana's Ain't No Money Like Trap Money (Vol. 1).,,,Feature,Yes,
Free TC,"RJmrLA - Your Money
(feat. Joe Moses & Ty Dolla $ign) (prod. League of Starz)",Track 5 on RJmrLA's O.M.M.I.O. 2.,,,Feature,Yes,
Free TC,"Troy Ave - Do Betta
(feat. Ty Dolla $ign)",Track 10 on Troy Ave's Major Without A Deal.,,,Feature,Yes,
Free TC,"Major Lazer - Lean On (Remix)
(feat. DJ Snake, MØ & Ty Dolla $ign) (prod. DJ Snake & Diplo)",Track 10 on Major Lazer's Lean On (Remixes),,,Feature,Yes,
Free TC,"Trey Songz - Loving You
(feat. Ty Dolla $ign) (prod. Bryan ""Composer"" Nelson)",Track 7 on Trey Songz' Trigga: Reloaded.,,,Feature,Yes,
Free TC,"Trae tha Truth - Late Night King
(feat. Jeremih, T.I. & Ty Dolla $ign) (prod. Watson The Great & Fresh Beatzz)",Track 7 on Trae the Truth's Tha Truth.,,,Feature,Yes,
Free TC,"Chinx - Other Side
(feat. Ty Dolla $ign) (prod. Remo the Hitmaker)",Track 4 on Chinx' Welcome to JFK.,,,Feature,Yes,
Free TC,"PARTYNEXTDOOR - Routine Rouge
(feat. Rich The Kid & Ty Dolla $ign) (prod. PARTYNEXTDOOR)",,,,Feature,No,
Free TC,"Joe Moses - Lit
(feat. Ty Dolla $ign) (prod. Mustard)",Track 8 on Joe Moses' From Nothing to Something 3.,,,Feature,Yes,
Free TC,"The Game - Up On The Wall
(feat. YG, Ty Dolla $ign & JasonMartin) (prod. DJ Battlecat)",Track 12 on The Game's The Documentary 2.5.,,,Feature,Yes,
Free TC,"The Game - My Flag/Da Homies
(feat. AD, Mitchy Slick, Skeme, RJmrLA, Joe Moses, Jay 305 & Ty Dolla $ign) (prod. Mustard)",Track 14 on The Game's The Documentary 2.5.,,,Feature,Yes,
Free TC,"Gordo & Atmozfears - Can You Feel It
(feat. Ty Dolla $ign) (prod. Gordo & Atmozfears)",Track 12 on Gordo's Papi Gordo.,,,Feature,Yes,
Free TC,"Puff Daddy & The Family - You Could Be My Lover
(feat. Gizzle & Ty Dolla $ign) (prod. Diddy, Mario Winans & Kuk Harrell)",Track 13 on Puff Daddy & The Family's MMM (Money Making Mitch).,,,Feature,Yes,
Free TC,"LA
(feat. Kendrick Lamar, Brandy, James Fauntleroy, Nate Howard & Blaq Tuxedo) (prod. Chordz, D'Mile & Ty Dolla $ign)","Track 1 on Free TC. Features additional vocals from Nate Howard and Blaq Tuxedo. Cello played by Giovanna Clayton, María Martínez, Nancy Stein-Ross, and Peggy Baldwin. Double bass played by H.L. Estrada and Kevin Brandon. Features lead violin from Mark Cargill. Talkbox played by Battlecat. Viola played by Caroline Buckman, Jimbo Ross, Jorge Moraga, and S.L. Smith. Features violin from C.M. Woods, Kathleen Robertson, Lesa Terry, Minyoung Chang, Neel Hammond, Nicole Garcia, Susan Chatman, Terry Glenny, and Richard Adkins. Orchestra conducted by Benjamin Wright. Written by Darius Logan, Dernst Emile II, Dominique Logan, James Fauntleroy, Nate Howard, Yves Bazelais Jr., K. Duckworth, Marlon Barrow, Tyrone Griffin Jr., and Benjamin Wright. Mixed by Derek ""MixedByAli"" Ali. Mastered by Dave Kutch. Engineered by Andy Barnes.",5:07,,Album Track,Yes,https://open.spotify.com/track/4FRKDyexVDdFBnRlYWw8bj?si=b7319c22f34f4940
Free TC,"Saved
(feat. E-40) (prod. Mustard, Twice As Nice & D'Mile)","Track 2 on Free TC. Released as a single on October 16, 2015. Written by Bobby Brackins, Dijon MacFarlane, Glenda Proby, Khaled Rohaim, Nick Audino, Earl Stevens, Lewis Hughes, and Tyrone Griffin Jr. Mixed by James Royo and Jorge Taveras. Mastered by Dave Kutch. Engineered by Andy Barnes.",2:59,,Album Track,Yes,https://open.spotify.com/track/2ESNJZExcQw1BAmmA8Ct3j?si=7ee58ce592d2400e
Free TC,"Straight Up
(feat. Jagged Edge & Jacob Luttrell) (prod. Pop Wansel, Skippa Da Flippa & Autoro Whitfield)","Track 3 on Free TC. Additional vocals provided by Jacob Luttrell. Flugelhorn played by Tyrone Griffin Sr. Saxophone played by Tim Anderson. Trombone played by Richard Moorings. Written by Autoro Whitfield, Brian Casey, Bryan-Michael Cox, Glenda Proby, Jermaine Dupri Mauldin, Patricia Rushen, Ronald Colson, Andrew Wansel, Brandon Casey, Fred Douglas Jr. Washington, Sheree Brown, and Tyrone Griffin Jr. Mixed by Jean-Marie Horvat. Mastered by Dave Kutch. Engineered by Andy Barnes. Samples ""Settle for My Love"" by Patrice Rushen.",5:02,,Album Track,Yes,https://open.spotify.com/track/6E8hJCb1f6a5DX6PPHuhc5?si=29b7aca6eb4a472c
Free TC,"Solid
(feat. Babyface) (prod. Ty Dolla $ign, Babyface, The Young Rascals & D'Mile)","Track 4 on Free TC. Released as a single on October 23, 2015. Bass guitar played by H.L. Estrada and Kevin Brandon. Cello played by Giovanna Clayton, Nancy Stein-Ross, Peggy Baldwin, and María Martínez. Features lead violin from Mark Cargill. Viola played by Caroline Buckman, Jimbo Ross, Jorge Moraga, and S.L. Smith. Features violin from C.M. Woods, Kathleen Robertson, Lesa Terry, Minyoung Chang, Neel Hammond, Nicole Garcia, Susan Chatman, Terry Glenny, and Richard Adkins. Orchestra conducted by Benjamin Wright. Written by Glendy Proby, Kenneth Edmonds, Khristopher Riddick-Tynes, Paris Jones, and Tyrone Griffin Jr. Mixed by Paul Boutain. Mastered by Dave Kutch. Engineered by Paul Boutain.",4:19,,Album Track,Yes,https://open.spotify.com/track/4Y4hyK60i3xU3pprXx8gZo?si=79ddd122d0894182
Free TC,"Horses in the Stable
(feat. Tish Hyman) (prod. Dave Kuncio & Rance)","Track 5 on Free TC. Written by Ty Dolla $ign, Larrance Dopson, Latisha Hyman, and David Kuncio. Mixed by Jean-Marie Horvat. Mastered by Dave Kutch. Engineered by Andy Barnes.",3:06,,Album Track,Yes,https://open.spotify.com/track/3VmoZVnEmYqU37QMhxzB0R?si=92c4068c661f47c4
Free TC,"Know Ya
(feat. Trey Songz & Keke Palmer) (prod. Metro Boomin & DJ Spinz)","Track 6 on Free TC. Additional vocals provided by Keke Palmer. Cello played by Giovanna Clayton, Nancy Stein-Ross, Peggy Baldwin, and María Martínez. Double Bass played by  H.L. Estrada and Kevin Brandon. First Features violin from Mark Cargill. Viola played by Caroline Buckman, Jimbo Ross, Jorge Moraga, and S.L. Smith. Features violin from C. M. Woods, Minyoung Chang, Neil Hammond, Nicole Garcia, Susan Chatman, Terry Glenny, and Richard Adkins. Orchestra conducted by Benjamin Wright. Written by Joseph Allen, Leland Wayne, Gary Rafael Hill, Tremaine Neverson, and Tyrone Griffin Jr. Mixed by John Kercy. Mastered by Dave Kutch. Engineered by Ty Dolla $ign, Keke Palmer, and Andy Barnes.",4:53,,Album Track,Yes,https://open.spotify.com/track/2yZc4sACQDjc9obitQAjrg?si=090a6db99d8e46bb
Free TC,"Credit
(feat. Sevyn Streeter, Big TC, D-Loc, Micah Powell & Tiffany Gouché) (prod. Ty Dolla $ign, B Ham, Chordz, Devin Cruise, Cy Fyre, Soundz & D'Mile)","Track 7 on Free TC. Additional vocals provided by Big TC, D-Loc, Micah Powell, and Tifanny Gouché. Alto saxophone played by Terrace Martin. Cello played by Giovanna Clayton, Nancy Stein-Ross, and Peggy Baldwin. Double Bass played by H.L. Estrada and Kevin Brandon. First Features violin from Mark Cargill. Piano played by Kenny Crouch. Viola played by Jimbo Ross, Jorge Moraga, Kathleen Robertson, and S.L. Smith. Features violin from C.M. Woods, Caroline Buckman, Lesa Terry, Minyoung Chang, Neel Hammond, Nicole Garcia, Susan Chatman, Terry Glenny, and Richard Adkins. Orchestra conducted by Benjamin Wright. Written by Dernst Emile II, Devin Cruise, Glenda Proby, Brandon Hamlin, Cyshae Strachan, Devin Montgomery, Marlon Barrow, Sevyn Streeter, and Tyrone Griffin Jr. Mixed by Jean-Marie Horvat. Mastered by Dave Kutch. Engineered by Andy Barnes.",6:11,,Album Track,Yes,https://open.spotify.com/track/6GDMLZoykMpZ4JqQoyoZpQ?si=8fb582da69ab4066
Free TC,"Miracle / Wherever
(feat. Big TC & D-Loc, Angel Gold, Micah Powell & Sevyn Streeter) (prod. Ty Dolla $ign, Nate 3D & D'Mile)","Track 8 on Free TC. Features additional vocals from Angel Gold, Micah Powell, and Sevyn Streeter. Cello played by Giovanna Clayton, Nancy Stein-Ross, and Peggy Baldwin. Double bass played by H.L. Estrada and Kevin Brandon. Flugelhorn, trumpet, and horn played by Tyrone Griffin Sr. Features lead violin from Mark Cargill. Piano played by Kenny Crouch. Saxophone played by Tim Anderson. Talkbox played by Terrace Martin. Trombone played by Richard Moorings. Viola played by Caroline Buckman, Jimbo Ross, and Jorge Moraga. Features violin from C. M. Woods, Kathleen Robertson, Lesa Terry, Minyoung Chang, Neel Hammond, Nicole Garcia, Susan Chatman, Terry Glenny, S.L. Smith, and Richard Adkins. Orchestra conducted by Benjamin Wright. Written by Dernst Emile II, Angel Griffin, Gabreal Griffin, Christian Jones, Nick Welsh, and Tyrone Griffin Jr. Mixed by Jean-Marie Horvat. Mastered by Dave Kutch. Engineered by Andy Barnes.",8:15,,Album Track,Yes,https://open.spotify.com/track/6jhXQOpqcZ1gCm3xDVz4If?si=ba0c4b2e4ae34af1
Free TC,"Guard Down
(feat. Kanye West, Diddy & Nico & Vinz) (prod. Hit-Boy)","Track 9 on Free TC. Features additional vocals from Nico & Vinz. Cello played by Giovanna Clayton, María Martínez, Nancy Stein-Ross, and Peggy Baldwin. Double bass played by H.L. Estrada and Kevin Brandon. First Features violin from Mark Cargill. Viola played by Caroline Buckman, Jimbo Ross, and Jorge Moraga. Features violin from C.M. Woods, Kathleen Robertson, Lesa Terry, Minyoung Chang, Neel Hammond, Nicole Garcia, Susan Chatman, Terry Glenny, and Richard Adkins. Orchestra conducted by Benjamin Wright. Written by Kanye West, Chauncey Hollis, Paris Jones, Sean Combs, and Tyrone Griffin Jr. Mixed by Jean-Marie Horvat. Mastered by Dave Kutch. Engineered by Andy Barnes.",4:57,,Album Track,Yes,https://open.spotify.com/track/6IZj5g48mZnFQ1d1HECaIv?si=2aacbba457154e41
Free TC,"Sitting Pretty
(feat. Wiz Khalifa) (prod. benny blanco, Two Inch Punch & Noah Breakfast)","Track 10 on Free TC. Written by Jazzaé De Waal, Ben Ash, Benjamin Levin, Cameron Jibril Thomas, Noah Beresin, and Tyrone Griffin Jr. Mixed by Serban Ghenea. Mastered by Dave Kutch. Engineered by Phil Seaford, Andy Barnes, Chris ""Anger Management"" Schlafani, and John Hanes.",3:26,,Album Track,Yes,https://open.spotify.com/track/1Bhlqe4AzFiwAQ2p07Agf3?si=c91ccc77d9024c8f
Free TC,"When I See Ya
(feat. Fetty Wap) (prod. Cardo Got Wings & Johnny Juliano)","Track 11 on Free TC. Released as a single on September 11, 2015. Written by Brock Korsan, John Earl Julian, Ronald LaTour, Tyrone Griffin Jr., and Willie Maxwell Jr. Mixed by Jaycen Joshua and Ryan Kaul. Mastered by Dave Kutch. Engineered by Andy Barnes.",3:34,,Album Track,Yes,https://open.spotify.com/track/2dUS20hzHApoQeQbzZ57Ms?si=86f82d6b673649d3
Free TC,"Blasé
(feat. Future & Rae Sremmurd) (prod. DJ Spinz)","Track 12 on Free TC. Released as a single on June 26, 2015. Written by Marquis Medina, Slim Jxmmi, Gary Rafael Hill, Khalif Brown, Nayvadius Wilburn, and Tyrone Griffin Jr. Mixed by Seth Firkins. Mastered by Dave Kutch. Engineered by Ty Dolla $ign and Andy Barnes.",4:45,,Album Track,Yes,https://open.spotify.com/track/1UYLxZIL4IicS6TaPUZFTH?si=ea8f6a9f42324b24
Free TC,"Only Right
(feat. YG, Joe Moses & TeeCee4800) (prod. Mustard & Mike Free)","Track 13 on Free TC. Released as a single on May 25, 2015. Written by Ty Dolla $ign, YG, Mustard, Joseph Allen, Marquise De Angelo Newman, and Mike Free. Mixed by James Royo and Victor Luevanos. Mastered by Dave Kutch. Engineered by Andy Barnes.",3:07,,Album Track,Yes,https://open.spotify.com/track/6sr535Uv3LvIUqVtsEWQh1?si=bdfaa360b0134720
Free TC,"Bring It Out Of Me
(prod. Stargate)","Track 14 on Free TC. Written by Glenda Proby, Mikkel S. Eriksen, Paola Prudencio, Tor Erik Hermansen, and Tyrone Griffin Jr. Mixed by Phil Tan. Mastered by Dave Kutch. Engineered by Daniela Rivera and Miles Walker. Executive produced by Tim Blacksmith.",3:46,,Album Track,Yes,https://open.spotify.com/track/1jO5tIfeILjcjKF25pF7oM?si=4c525a549f8a4b9d
Free TC,"Actress
(feat. R. Kelly, Big TC, D-Loc, French Montana & Malik Yusef) (prod. D'Mile)","Track 15 on Free TC. Additional vocals provided by Big TC, D-Loc, French Montana, and Malik Yusef. Written by Dernst Emile II, R. Kelly, and Ty Dolla $ign. Mixed by John Kercy. Mastered by Dave Kutch. Engineered by Abel Garibaldi, Andy Barnes, and Ian Mereness. Removed from streaming platforms due to R. Kelly's controversies.",6:12,,Album Track,No,https://pillows.su/f/4e447cd44a20ebc6bdcba4a09ab10ba7
Free TC,"Finale
(feat. Sa-Ra, PJ, Thundercat, Sunny Bey & Ti-A) (prod. DJ Khalil & Shafiq Husayn)","Track 16 on Free TC. Additional vocals provided by Stephen ""Thundercat"" Bruner, Sunny Bey, and Ti-A. Keyboards played by Sam Barsh. Synthesizer played by Shafiq Husayn. Upright bass played by Daniel Seeff. Written by Om'Mas Keith, Sam Barsh, Shafiq Husayn, Stephen ""Thundercat"" Bruner, Taz Arnold, Khalil Abdul-Rahman, Paris Jones, and Tyrone Griffin Jr. Mixed by Jean-Marie Horvat. Mastered by Dave Kutch. Engineered by DJ Khalil, Om'Mas Keith, Shafiq Husayn, and Andy Barnes.",2:54,,Album Track,Yes,https://open.spotify.com/track/3X2K5co2zynJbIy7EjyJG6?si=c3e34eb1b95944e2
Free TC,"Like a Drug
(prod. YungFlamez)",Track 17 on Free TC (Deluxe). Written by Quoran Williams and Tyrone Griffin Jr. Mastered by Dave Kutch.,4:42,,Album Track,Yes,https://open.spotify.com/track/30WGusLnz0ayHPGAco36A2?si=8ba16150f75b4ea3
Free TC,"Wavy
(feat. Joe Moses) (prod. Mustard & SickDrumz)","Track 18 on Free TC (Deluxe). Released as a single on January 16, 2016. Written by Joe Moses, Ty Dolla $ign, Mustard, Jazzaé De Waal, Lewis One, Marquise Newman, Nick Audino, and Te Whiti Warbrick. Mastered by Dave Kutch.",3:08,,Album Track,Yes,https://open.spotify.com/track/6oECOh5nAYmxz4EiYhjsPi?si=d0146afbf7d340fe
Free TC,"Long Time
(feat. Quavo) (prod. Metro Boomin)","Track 19 on Free TC (Deluxe). Written by Ty Dolla $ign, Leland Wayne, and Quavious Marshall. Mastered by Dave Kutch.",3:08,,Album Track,Yes,https://open.spotify.com/track/3US2qDmY0lqxoEe7dPrGOR?si=0a562fae7cff4472
Free TC,"Westside
(prod. Mustard & Jodd Knight)","Track 20 on Free TC (Deluxe). Written by Ty Dolla $ign, Alexander Izquierdo, Jodd Vaughn Knight, Kristal Oliver, Kristofer Murray, and Gamal ""LunchMoney"" Lewis. Mixed by Jean-Marie Horvat. Mastered by Dave Kutch",4:05,,Album Track,Yes,https://open.spotify.com/track/2hkBrU5mjoielqu0SFW3DX?si=f49fcb23d5ed47b3
"0 Album Track(s)
2 Single(s)
14 Feature(s)
0 Production
0 Other",Campaign [V1],"(11/13/2015) Free TC is officially released
(03/19/2016) Purple Reign Tour ends",,,Other,,
Campaign [V1],"Charlie Puth - One Call Away (Coast To Coast Remix)
(feat. Sofía Reyes, Brett Eldredge & Ty Dolla $ign) (prod. DJ Frank E & Matt Prime)",Track 7 on Charlie Puth's One Call Away (Acoustic + Remixes).,,,Feature,Yes,
Campaign [V1],"Major Lazer - Boom
(feat. MOTi, Ty Dolla $ign, Wizkid & Kranium) (prod. Jr. Blender, MOTi & Major Lazer)",Track 11 on Major Lazer's Peace Is The Mission (Extended).,3:06,,Feature,Yes,
Campaign [V1],"R. Kelly - Anything Goes
(feat. Ty Dolla $ign) (prod. R. Kelly & D'Mile)",Track 3 on R. Kelly's The Buffet.,,,Feature,Yes,
Campaign [V1],"Blasé (Remix)
(feat. Jeezy, Juicy J & Diddy) (prod. DJ Spinz)",,,,Single,No,Soundcloud
Campaign [V1],"Blasé (Remix)
(feat. T.I., French Montana & A$AP Ferg) (prod. DJ Spinz)",,,,Single,No,Soundcloud
Campaign [V1],"Kanye West - Real Friends [V1]
(feat. Ty Dolla $ign) (prod. Kanye West, Kevin Smith, Robert Bisel, Ricardo Kim, Darren King, Boi-1da, Frank Dukes, Havoc & Noah Goldstein)","Released as a single on January 8th, 2016 as part of the 2016 version of Kanye's GOOD Fridays series. Features keyboards from MIKE DEAN. Written by Kanye West, Malik Yusef, MIKE DEAN, CyHi, Darren King, Gizzle, Ty Dolla $ign, Boi-1da, Frank Dukes, Havoc, Noah Goldstein, Jalil, and Larry Smith. Mixed by Kez Khou and Manny Marroquin. Mastered by MIKE DEAN. Engineered by Tom Kahre, William J. Sullivan, Joey Galvan, David Moses, Kimberly Katz, Brendan Morawski, Sean Klein, Kyle Resto, Zeke Mishanec, Kez Khou, Jordon Heskett, Tristan Bott, Brandon Wood, David Covell, Johnnie Burik, Eric Lynn, Ty Dolla $ign, and Noah Goldstein. Samples the songs ""Friends"" by Whodini and ""Couches"" by Frank Dukes. Also contains a snippet of ""No More Parties In LA"" at the end.",5:23,,Feature,No,https://pillows.su/f/052e68b2c0d563bcd326fc8c8d6ceaee
Campaign [V1],"Kanye West - Real Friends [V2]
(feat. Ty Dolla $ign) (prod. Kanye West, Kevin Smith, Robert Bisel, Ricardo Kim, Darren King, Boi-1da, Frank Dukes, Havoc & Noah Goldstein)","Updated version of the song ""Real Friends"" that adds piano reverb and a louder static/hiss sound. Released as a single on January 8th, 2016 as part of the 2016 version of Kanye's GOOD Fridays series. Features keyboards from MIKE DEAN. Written by Kanye West, Malik Yusef, MIKE DEAN, CyHi, Darren King, Gizzle, Ty Dolla $ign, Boi-1da, Frank Dukes, Havoc, Noah Goldstein, Jalil, and Larry Smith. Mixed by Kez Khou and Manny Marroquin. Mastered by MIKE DEAN. Engineered by Tom Kahre, William J. Sullivan, Joey Galvan, David Moses, Kimberly Katz, Brendan Morawski, Sean Klein, Kyle Resto, Zeke Mishanec, Kez Khou, Jordon Heskett, Tristan Bott, Brandon Wood, David Covell, Johnnie Burik, Eric Lynn, Ty Dolla $ign, and Noah Goldstein. Samples the songs ""Friends"" by Whodini and ""Couches"" by Frank Dukes. Also contains a snippet of ""No More Parties In LA"" at the end.",5:23,,Feature,No,https://pillows.su/f/a87275e404eeade46f986c731f3f5d18
Campaign [V1],"Nef The Pharaoh - Action
(feat. Eric Bellinger & Ty Dolla $ign) (prod. Cardo Got Wings)",Track 8 on Nef The Pharaoh's Neffy Got Wings.,,,Feature,Yes,
Campaign [V1],"Kevin Gates - Jam
(feat. Ty Dolla $ign, Trey Songz & Jamie Foxx) (prod. Micahfonecheck)",Track 16 on Kevin Gates' Islah.,,,Feature,Yes,
Campaign [V1],"Wiz Khalifa - Lit (Remix)
(feat. Ty Dolla $ign) (prod. J Card, Big Jerm, Dru-Tang & Ricky P)",Track 11 on Wiz Khalifa's KHALIFA.,,,Feature,Yes,
Campaign [V1],"HWLS - Plays
(feat. Ty Dolla $ign) (prod. HWLS)","Released as a single on February 5, 2016.",4:00,,Feature,Yes,https://open.spotify.com/track/2XnuWqHqD6KHHHobNBA4fY?si=b8e373661617463f
Campaign [V1],"Kanye West - Real Friends [V3]
(feat. Ty Dolla $ign) (prod. Kanye West, Kevin Smith, Robert Bisel, Ricardo Kim, Darren King, Boi-1da, Frank Dukes, Havoc & Noah Goldstein)","Updated version that adds more effects on the beat, harder drums, echoes on Kanye vocals, and an overall wetter sound. Track 12 from Kanye West's 2016 album The Life Of Pablo. Features keyboards from MIKE DEAN. Written by Kanye West, Malik Yusef, MIKE DEAN, CyHi, Darren King, Gizzle, Ty Dolla $ign, Boi-1da, Frank Dukes, Havoc, Noah Goldstein, Jalil, and Larry Smith. Mixed by Kez Khou and Manny Marroquin. Mastered by MIKE DEAN. Engineered by Tom Kahre, William J. Sullivan, Joey Galvan, David Moses, Kimberly Katz, Brendan Morawski, Sean Klein, Kyle Resto, Zeke Mishanec, Kez Khou, Jordon Heskett, Tristan Bott, Brandon Wood, David Covell, Johnnie Burik, Eric Lynn, Ty Dolla $ign, and Noah Goldstein. Samples the songs ""Friends"" by Whodini and ""Couches"" by Frank Dukes.",4:11,,Feature,Yes,https://open.spotify.com/track/66Q3fAmSX5eHamgbKa9alP?si=e44fd3f51d294a8b
Campaign [V1],"Kanye West - Fade [V1]
(feat. Ty Dolla $ign & Post Malone) (prod. Kanye West, Kevin Smith, Robert Bisel, Ricardo Kim, MIKE DEAN, DJDS, Anthony Kilhoffer, Noah Goldstein, Benji B & Charlie Handsome)","Track 18/19 from Kanye West's 2016 album The Life Of Pablo. Also released as a single on June 20th, 2016. Written by Kanye West, Malik Yusef, Jerome LOL, Samo Sound Boy, MIKE DEAN, Ty Dolla $ign, Post Malone, Norman Whitfield, Eddie Holland, Cornelius Grant, Larry Heard, Robert Owens, Louie Vega, Ron Carroll, Barbara Tucker, Harold Matthews, Rapture Stewart, Eric Seats, and Ryan Vojtesak. Mixed by Kez Khou and Noah Goldstein. Mastered by MIKE DEAN. Engineered by Tom Kahre, William J. Sullivan, Joey Galvan, David Moses, Kimberly Katz, Brendan Morawski, Sean Klein, Kyle Resto, Zeke Mishanec, Kez Khou, Jordon Heskett, Tristan Bott, Brandon Wood, David Covell, Johnnie Burik, Eric Lynn, MIKE DEAN, Anthony Kilhoffer, Noah Goldstein, Andrew Dawson, and David Rowland. Samples the songs ""(I Know) I'm Losing You"" by The Undisputed Truth, ""Mystery of Love"" by Mr. Fingers, ""(I Know) I'm Losing You"" by Rare Earth, ""Deep Inside"" by Hardrive, and ""I Get Lifted (The Underground Network Mix)"" by Barbara Tucker. Interpolates the song ""Rock the Boat"" by Aaliyah.",3:13,,Feature,Yes,https://open.spotify.com/track/3cCxoOgfi6hgt8MNteuiiD?si=e8e89947f7d24cc7
Campaign [V1],"Kanye West - Fade [V2]
(feat. Ty Dolla $ign & Post Malone) (prod. Kanye West, Kevin Smith, Robert Bisel, Ricardo Kim, MIKE DEAN, DJDS, Anthony Kilhoffer, Noah Goldstein, Benji B & Charlie Handsome)","Updated version of the song ""Fade"". Track 19 from the second version of Kanye West's 2016 album The Life Of Pablo. Written by Kanye West, Malik Yusef, Jerome LOL, Samo Sound Boy, MIKE DEAN, Ty Dolla $ign, Post Malone, Norman Whitfield, Eddie Holland, Cornelius Grant, Larry Heard, Robert Owens, Louie Vega, Ron Carroll, Barbara Tucker, Harold Matthews, Rapture Stewart, Eric Seats, and Ryan Vojtesak. Mixed by Kez Khou and Noah Goldstein. Mastered by MIKE DEAN. Engineered by Tom Kahre, William J. Sullivan, Joey Galvan, David Moses, Kimberly Katz, Brendan Morawski, Sean Klein, Kyle Resto, Zeke Mishanec, Kez Khou, Jordon Heskett, Tristan Bott, Brandon Wood, David Covell, Johnnie Burik, Eric Lynn, MIKE DEAN, Anthony Kilhoffer, Noah Goldstein, Andrew Dawson, and David Rowland. Samples the songs ""(I Know) I'm Losing You"" by The Undisputed Truth, ""Mystery of Love"" by Mr. Fingers, ""(I Know) I'm Losing You"" by Rare Earth, ""Deep Inside"" by Hardrive, and ""I Get Lifted (The Underground Network Mix)"" by Barbara Tucker. Interpolates the song ""Rock The Boat"" by Aaliyah.",3:19,,Feature,No,https://pillows.su/f/4998177f718b1296cff1455c34fd2e86
Campaign [V1],"Fifth Harmony - Work from Home
(feat. Ty Dolla $ign) (prod. DallasK, Ammo & Victoria Monét)","Track 2 on Fifth Harmony's 7/27. Released as a single on February 26, 2016. One of Ty's biggest features.",3:34,,Feature,Yes,
Campaign [V1],"PJ - Gangster
(feat. Ty Dolla $ign) (prod. D'Mile)",Track 2 on PJ's Rare.,,,Feature,Yes,
"16 Album Track(s)
0 Single(s)
9 Feature(s)
1 Production
1 Other",Campaign [V2],"(03/19/2016) Purple Reign Tour ends
(09/23/2016) Campaign is officially released",,,Other,,
Campaign [V2],"A$AP Ferg - I Love You
(feat. Chris Brown & Ty Dolla $ign) (prod. Hagler & Jordan Lewis)",Track 16 on A$AP Ferg's Always Strive and Prosper.,,,Feature,Yes,
Campaign [V2],Big TC & D. Loc - Prison Break 2,Presented by Ty Dolla $ign.,,,Other,No,https://soundcloud.com/user-131596918/sets/prison-breal-2?si=e140c83d0c194b79a2189577baaec9da&utm_source=clipboard&utm_medium=text&utm_campaign=social_sharing
Campaign [V2],"Big TC & D. Loc - Family
(feat. Angel Gold, Tyrone Griffin Sr. & Ty Dolla $ign) (prod. ShoNuFF)",Track 16 on Big TC and D. Loc's Prison Break 2.,3:37,,Feature,No,
Campaign [V2],"YG - Still Brazy
(prod. Ty Dolla $ign & Swish)",Track 14 on YG's Still Brazy.,3:22,,Production,Yes,https://open.spotify.com/track/3ku6p6J1RrdJ9psKJMqWvi?si=6951c89c6158410d
Campaign [V2],"Wale - Thought It
(feat. Joe Moses & Ty Dolla $ign) (prod. Mustard)",Track 4 on Wale's Summer On Sunset.,,,Feature,Yes,
Campaign [V2],"2 Chainz - Lil Baby
(feat. Ty Dolla $ign) (prod. Foreign Teck, Bugzy Mogues & FKi)",Track 4 on 2 Chainz' Hibachi for Lunch.,,,Feature,Yes,
Campaign [V2],"Mustard - Been a Long Time
(feat. YG & Ty Dolla $ign) (prod. Twice as Nice & Mustard)",Track 1 on Mustard's Cold Summer.,,,Feature,Yes,
Campaign [V2],"Mustard - Lil Baby
(feat. Ty Dolla $ign) (prod. Mustard)",Track 6 on Mustard's Cold Summer.,,,Feature,Yes,
Campaign [V2],"Mustard - What These Bitches Want
(feat. Ty Dolla $ign, Meek Mill & Nipsey Hussle) (prod. Mustard)",Track 11 on Mustard's Cold Summer.,,,Feature,Yes,
Campaign [V2],"Mac Miller - Cinderella
(feat. Ty Dolla $ign) (prod. Aja Grant & Dahi)","Track 5 on Mac Miller's The Divine Feminine. Electric guitar and Bass played by Jeff ""Gitty"" Gitelman. Guitar done by Sunni Colón. Synthesizer done by Vic Wainstein. Written by Aja Grant, Dacoury Natche, Jeff ""Gitty"" Gitelman, Malcolm McCormick, Sunni Colón, Tyrone Griffin Jr., and Vic Wainstein. Mixed by Derek ""MixedByAli"" Ali. Mastered by Chris Gehringer. Engineered by Carlos Vives, Nicholas Cavalieri, Vic Wainstein, and Derlis A Chavarria.",8:00,,Feature,Yes,https://open.spotify.com/track/2lpygKqzPFtItQ4ss3cgfb?si=456fb079eba84a4c
Campaign [V2],"DJ SpinKing - This Big
(feat. 50 Cent, Jeremih & Ty Dolla $ign) (prod. CP DUBB)",Track 2 on DJ SpinKing's For The Culture.,,,Feature,Yes,
Campaign [V2],"$Intro
(prod. D'Mile)","Track 1 on Campaign. Written by Dernst ""D'Mile"" Emile II, Christopher Malachi, Nathaniel Howard, and Tyrone Griffin Jr.",1:29,,Album Track,Yes,
Campaign [V2],"$
(prod. D'Mile & Jahaan Sweet)","Track 2 on Campaign. Written by Dernst ""D'Mile"" Emile II, Jahaan Sweet, Nathan Welch, & Tyrone Griffin Jr.",3:13,,Album Track,Yes,
Campaign [V2],"Campaign
(feat. Future) (prod. D.R.U.G.$.)",Track 3 on Campaign. Written by Nayvadius Wilburn and Tyrone Griffin Jr.,3:58,,Album Track,Yes,
Campaign [V2],"??? (Where)
(feat. Migos) (prod. DJ Spinz)","Track 4 on Campaign. Written by Ty Dolla $ign, Gary Hill, Quavo, and Takeoff.",4:26,,Album Track,Yes,
Campaign [V2],"3 Wayz
(feat. Travis Scott) (prod. Hit-Boy, MIKE DEAN & HazeBanga)","Track 5 on Campaign. Written by Jacques Bermon Webster II, Chauncey Hollis, and Tyrone Griffin Jr.",3:42,,Album Track,Yes,
Campaign [V2],"Juice
(prod. B Ham)","Track 6 on Campaign. Written by Brandon Hamlin, Timothy Thomas, Titus Stubblefield, Theron Thomas, and Tyrone Griffin Jr.",3:35,,Album Track,Yes,
Campaign [V2],"Zaddy
(prod. Frank Dukes, Jahaan Sweet & Ty Dolla $ign)","Track 7 on Campaign. Written by Ty Dolla $ign, Jahaan Sweet, Jay Cummins, Nathan Welch, River Tiber, Adam Feeney, Thomas Paxton-Beesley, and Tyrone Griffin Jr.",3:45,,Album Track,Yes,
Campaign [V2],"Hello
(prod. Allen Ritter)","Track 8 on Campaign. Written by Allen Ritter, Erika Hamilton, and Tyrone Griffin Jr.",3:43,,Album Track,Yes,
Campaign [V2],"R&B
(feat. Tweet) (prod. Zaytoven)","Track 9 on Campaign. Written by Missy Elliott, Xavier Dotson, Craig Brockman, Glenda Proby, Timothy Mosley, and Tyrone Griffin Jr.",2:49,,Album Track,Yes,
Campaign [V2],"Stealing
(prod. Ty Dolla $ign, Dave Kuncio & Tish Hyman)","Track 10 on Campaign. Written by David Kuncio, Latisha Hyman, and Tyrone Griffin Jr.",2:42,,Album Track,Yes,
Campaign [V2],"Clean
(prod. Ty Dolla $ign & Ali P)","Track 11 on Campaign. Written by Jason ""Poo Bear"" Boyd and Tyrone Griffin Jr.",3:27,,Album Track,Yes,
Campaign [V2],"My Song
(feat. 24hrs & Future) (prod. ISM, D'Mile & Ty Dolla $ign)",Track 12 on Campaign. Written by Tyrone Griffin Jr and Robert Davis.,4:11,,Album Track,Yes,
Campaign [V2],"Pu$$y
(feat. Trey Songz & Wiz Khalifa) (prod. Mustard & Allen Ritter)","Track 13 on Campaign. Written by Allen Ritter, Cameron Jibril Thomaz, Dijon McFarlane, Maurice Simmonds, Tremaine Neverson, and Tyrone Griffin Jr.",3:03,,Album Track,Yes,
Campaign [V2],"No Justice
(feat. Big TC) (prod. D'Mile)","Track 14 on Campaign. Released as a single on July 22, 2016. Written by Gabriel Griffin, Dernst ""D'Mile"" Emile II, and Tyrone Griffin Jr.",3:55,,Album Track,Yes,
Campaign [V2],"Watching
(feat. Meek Mill) (prod. Charlie Heat, CritaCal & Darnell Got It)","Track 15 on Campaign. Written by Calvin Price, Darnell Donohue, Ernest Brown III, Robert Rihmeek Williams, and Tyrone Griffin Jr.",3:16,,Album Track,Yes,
Campaign [V2],"Campaign (Charlie Heat Remix)
(feat. Future) (prod. Charlie Heat & D.R.U.G.$.)",Track 16 on Campaign. Written by Nayvadius Wilburn and Tyrone Griffin Jr.,4:01,,Album Track,Yes,
"26 Album Track(s)
2 Single(s)
21 Feature(s)
0 Production
0 Other",Beach House 3,"(09/23/2016) Campaign is officially released
(10/27/2017) Beach House 3 is officially released
(05/11/2018) Beach House 3 (Deluxe) is officially released",,,Other,,
Beach House 3,"Belly - Outkast
(feat. Ty Dolla $ign) (prod. Ben Billions)",Track 7 on Belly's Inzombia.,,,Feature,Yes,
Beach House 3,"Belly - Ballerina (Remix)
(feat. Ty Dolla $ign) (prod. DaHeala, Ben Billions, Kalden Bess & Eddie ""Krack Keys"" Montilla)",Track 2 on DJ SpinKing's For The Culture.,,,Feature,Yes,
Beach House 3,"Back Up
(feat. 24hrs) (prod. Hunga)",,3:14,,Single,Yes,
Beach House 3,"PnB Rock - Hanging Up My Jersey
(feat. Ty Dolla $ign) (prod. 12Keyz & Reefa)",Track 8 on PnB Rock's GTTM: Goin Thru The Motions.,,,Feature,Yes,
Beach House 3,"Lupe Fiasco - NGL
(feat. Ty Dolla $ign) (prod. S-X)",Track 2 on Lupe Fiasco's DROGAS Light.,,,Feature,Yes,
Beach House 3,"Lupe Fiasco - Kill
(feat. Victoria Monét & Ty Dolla $ign) (prod. Ty Dolla $ign & D'Mile)",Track 9 on Lupe Fiasco's DROGAS Light.,,,Feature,Yes,
Beach House 3,"Bebe Rexha - Bad Bitch
(feat. Ty Dolla $ign) (prod. Stargate)",Track 6 on Bebe Rexha's All Your Fault: Pt. 1.,,,Feature,Yes,
Beach House 3,"Pitbull - Better on Me
(feat. Ty Dolla $ign) (prod. Twice as Nice)",Track 5 on Pitbull's Climate Change.,,,Feature,Yes,
Beach House 3,"Cashmere Cat - Infinite Stripes
(feat. Ty Dolla $ign) (prod. Cashmere Cat, benny blanco, Pop Wansel & Autoro ""Toro"" Whitfield)",Track 6 on Cashmere Cat's 9.,,,Feature,Yes,
Beach House 3,"Nef The Pharaoh - Back Out
(feat. Ty Dolla $ign) (prod. Architekz)",Track 5 on Nef The Pharaoh's The Chang Project.,,,Feature,Yes,
Beach House 3,"Vince Staples - Rain Come Down
(feat. Ty Dolla $ign) (prod. Zack Sekoff)",Track 12 on Vince Staples' Big Fish Theory.,,,Feature,Yes,
Beach House 3,"Berner & Styles P - Leave Me Alone
(feat. Ty Dolla $ign & Wiz Khalifa) (prod. Traxx FDR)",Track 7 on Berner and Styles P's VIBES.,,,Feature,Yes,
Beach House 3,"Sevyn Streeter - Anything U Want
(feat. Wiz Khalifa, Jeremih & Ty Dolla $ign) (prod. Retro Future & Hitmaka)",Track 4 on Sevyn Streeter's Girl Disrupted.,,,Feature,Yes,
Beach House 3,"Wizkid - One for Me
(feat. Ty Dolla $ign) (prod. Spellz)",Track 6 on Wizkid's Sounds from the Other Side.,,,Feature,Yes,
Beach House 3,"Wizkid - Dirty Wine
(feat. Ty Dolla $ign) (prod. Twice as Nice & Mustard)",Track 11 on Wizkid's Sounds from the Other Side.,,,Feature,Yes,
Beach House 3,"Aminé - Veggies
(feat. Ty Dolla $ign) (prod. Pasqué & Jahaan Sweet)",Track 1 on Aminé's Good for You.,,,Feature,Yes,
Beach House 3,"SprngBrk - Always
(feat. Chris Brown & Ty Dolla $ign) (prod. SprngBrk & Hitmaka)","Released as a single on July 28th, 2017.",3:46,,Feature,Yes,https://open.spotify.com/track/5fjILDUf9zesISaNQznnCN?si=07aaf9ee03eb414f
Beach House 3,"VIC MENSA - We Could Be Free
(feat. Ty Dolla $ign) (prod. 1500 or Nothin')",Track 18 on VIC MENSA's 93' to 23': VICTOR.,,,Feature,Yes,
Beach House 3,"PARTYNEXTDOOR - Put It On Silent (Remix)
(feat. Ty Dolla $ign) (prod. PARTYNEXTDOOR)",,,,Feature,Yes,
Beach House 3,"Juicy J - Ain't Nothing
(feat. Ty Dolla $ign & Wiz Khalifa) (prod. Mike WiLL Made-It & Resource)",,3:14,,Feature,Yes,
Beach House 3,"Jason Derulo - Swalla
(feat. Ty Dolla $ign & Nicki Minaj) (prod. Ricky Reed)",,,,Feature,Yes,
Beach House 3,"Dawsin's Breek (Remix)
(feat. A$AP Rocky) (prod. Mike WiLL Made-It)",,,,Single,Yes,
Beach House 3,"Young Dolph - Go Get Sum Mo
(feat. Gucci Mane, 2 Chainz & Ty Dolla $ign) (prod. Honorable C.N.O.T.E.)",Track 7 on Young Dolph's Thinking Out Loud.,,,Feature,Yes,
Beach House 3,"Famous
(feat. John Mayer) (prod. Ty Dolla $ign, Sasha Sirota, MIKE DEAN, Peter Lee Johnson, Skrillex, Poo Bear & The Audibles)","Track 1 on Beach House 3. Features lead guitar and additional vocals from John Mayer. Written by Dominic Jordan, Jimmy Giannos, Sasha Sirota, Jason Paul D. Boyd, and Tyrone Griffin Jr. Mixed by James Royo, Manny Park, and Matthew Sim. Mastered by Dave Kutch. Engineered by Andy Barnes, Alex Layne, and Yada Yada.",3:21,,Album Track,Yes,
Beach House 3,"Famous Lies
(prod. Skrillex, MIKE DEAN, damn james!, D'Mile, Peter Lee Johnson & Ty Dolla $ign)","Track 2 on Beach House 3. Features programming from Ty Dolla $ign, damn james!, MIKE DEAN, Peter Lee Johnson, Skrillex, and D'Mile. Written by D'Mile, damn james!, MIKE DEAN, Peabo Bryson, Peter Lee Johnson, Skrillex, and Ty Dolla $ign. Mixed by damn james! and Andy Barnes. Mastered by Dave Kutch. Engineered by Andy Barnes, Alex Layne, Yada Yada, Manny Park, and Matthew Sim.",1:00,,Album Track,Yes,
Beach House 3,"Love U Better
(feat. Lil Wayne & The-Dream) (prod. Mustard & Twice As Nice)","Track 3 on Beach House 3. Written by Carlos Broady, Mary J. Blige, Nashiem Myrick, Nick Audino, Peabo Bryson, Rodney Jerkins, Te Whiti Warbrick, Dijon McFarlane, Dwayne Michael Carter Jr., Poo Bear, Kimberly Jones, Lewis Hughes, Tyrone Griffin Jr., Terius Nash, LaTonya Blige-DaCosta, and Xenos Dacosta. Mixed by Jaycen Joshua. Engineered by Andy Brnes, James Royo, Nathaniel Afford, Andrew Grossman, David Nakaji, and Jose Ivan Jimenez.",3:02,,Album Track,Yes,
Beach House 3,"Ex
(feat. YG) (prod. Bongo ByTheWay, Hitmaka & Ty Dolla $ign)","Track 4 on Beach House 3. Written by Christian Ward, Christopher Wallace, Dewayne Rogers, Donell Jones, Floyd Bentley III, Keenon Jackson, Kyle West, Daron Jones, Michael Keith, Quinnes Parker, Sean Combs, Steven Jordan, Christopher Dotson, Marvin ""Slim"" Scandrick, Tyrone Griffin Jr, and Uforo Ebong. Mixed by James Royo, Jean-Marie Horvat, and Yada Yada. Mastered by Dave Kutch. Engineered by Manny Park, Matthew Sim, and Sauce Miyagi.",2:43,,Album Track,Yes,
Beach House 3,"Famous Excuses
(prod. Ty Dolla $ign, damn james!, MIKE DEAN, Peter Lee Johnson, Skrillex & D'Mile)","Track 5 on Beach House 3. Features programming from Ty Dolla $ign, damn james!, MIKE DEAN, Peter Lee Johnson, Skrillex, and D'Mile. Written by D'Mile, damn james!, MIKE DEAN, Peter Lee Johnson, Skrillex, and Ty Dolla $ign. Mixed by damn james!, Andy Barnes, and Yada Yada. Mastered by Dave Kutch. Engineered by Andy Barnes, Alex Layne, Manny Park, and Matthew Sim.",1:02,,Album Track,Yes,
Beach House 3,"Droptop in the Rain
(feat. Tory Lanez) (prod. Lee On The Beats & Hitmaka)","Track 6 on Beach House 3. Written by Christian Ward, Floyd Bentley III, Anthony Norris, Christopher Dotson, Daystar Peterson, and Tyrone Griffin Jr. Mixed by Jaycen Joshua, Ben Milchev, and David Nakaji. Mastered by Dave Kutch. Engineered by Andy Barnes and Floyd Bentley.",3:01,,Album Track,Yes,
Beach House 3,"Don't Judge Me
(feat. Future & Swae Lee) (prod. Mike WiLL Made-It & 30 Roc)","Track 7 on Beach House 3. Written by Jazzaé De Waal, Daniil Marin, Khalif Brown, Michael L. Williams II, Nayvadius Wilburn, Samuel Gloade, and Tyrone Griffin Jr. Mixed by Jaycen Joshua, Ben Milchev, David Nakaji, and Jean-Marie Horvat. Mastered by Dave Kutch. Engineered by Andy Barnes.",4:03,,Album Track,Yes,
Beach House 3,"Dawsin's Breek
(feat. Jeremih) (prod. Mike WiLL Made-It & Pluss)","Track 8 on Beach House 3. Written by A. Hogan, Christian Ward, Floyd Bentley III, Jeremy Felton, Michael L. Williams II, Christopher Dotson, and Tyrone Griffin Jr. Mixed by Jaycen Joshua and Jean-Marie Horvat. Mastered by Dave Kutch. Engineered by David Nakaji, Jose Ivan Jimenez, and Sauce Miyagi.",2:45,,Album Track,Yes,
Beach House 3,"Don't Sleep On Me
(feat. Future & 24hrs) (prod. Southside, Jake One, Sam Wishkoski, MIKE DEAN & Apex Martin)","Track 9 on Beach House 3. Written by Aaron Sherrod, Asten Harris, Jazzaé De Waal, MIKE DEAN, Sam Wishtoski, Jacob Dutton, Joshua Luellen, Nayvadius Wilburn, Robert Dozier Davis III, and Tyrone Griffin Jr. Mixed by James Royo, Yada Yada, and Andy Barnes. Mastered by Dave Kutch. Engineered by Manny Park, Matthew Sim, and Rafael Bautista.",4:34,,Album Track,Yes,
Beach House 3,"Stare
(feat. Pharrell Williams, Wiz Khalifa & A$AP Rocky) (prod. Pharrell Williams)","Track 10 on Beach House 3. Additional vocals done by A$AP Rocky. Strings done by Peter Lee Johnson. Written by Glenda Proby, Pharrell Williams, Cameron Jibril Thomaz, and Tyrone Griffin Jr. Mixed by James Royo and Andy Barnes. Mastered by Dave Kutch. Engineered by Manny Park, Matthew Simms, Mike Lrason, Iain Findlay, Thomas Cullison, and Yada Yada.",4:50,,Album Track,Yes,
Beach House 3,"Famous Friends
(prod. Skrillex, MIKE DEAN, damn james!, D'Mile, Peter Lee Johnson & Ty Dolla $ign)","Track 11 on Beach House 3. Features programming from Ty Dolla $ign, damn james!, MIKE DEAN, Peter Lee Johnson, Skrillex, and D'Mile. Written by D'Mile, damn james!, MIKE DEAN, Peter Lee Johnson, Skrillex, and Ty Dolla $ign. Mixed by damn james! and Andy Barnes. Mastered by Dave Kutch. Engineered by Andy Barnes, Alex Layne, Yada Yada, Manny Park, and Matthew Sim.",0:39,,Album Track,Yes,
Beach House 3,"So Am I
(feat. Damian Marley & Skrillex) (prod. Skrillex, Poo Bear, Sasha Sirota & Habstrakt)","Track 12 on Beach House 3. Features programming from Skrillex, Poo Bear, Shasha Sirota, and Habstrakt. Written by Damian Marley, Poo Bear, Skrillex, and Ty Dolla $ign. Mixed and mastered by Skrillex. Engineered by Poo Bear, Andy Barnes, Alex Layne, and Lo McLean.",3:46,,Album Track,Yes,
Beach House 3,"Lil Favorite
(feat. MadeinTYO) (prod. Chrishan, Hitmaka & SprngBrk)","Track 13 on Beach House 3. Written by Ty Dolla $ign, Floyd Bentley III, Hitmaka, MadeinTYO, Prince Chrishan, and Stephanie Amber McGraw. Mixed by Jean-Marie Horvat and Jaycen Joshua. Mastered by Dave Kutch. Engineered by Ben Milchev, David Nakaji, James Royo, and Sauce Miyagi.",3:14,,Album Track,Yes,
Beach House 3,"In Your Phone
(with Lauren Jauregui) (prod. Dun Deal & MariiBeatz)","Track 14 on Beach House 3. Programmed by Dun Deal and Marii Beatz. Written by David Cunningham, Lauren Jauregui, and Marii Beatz. Mixed by James Royo. Mastered by Dave Kutch. Engineered by James Royo and Yada Yada.",2:30,,Album Track,Yes,
Beach House 3,"All the Time
(feat. Chrishan) (prod. Ty Dolla $ign, Andre Bass Jovan, SprngBrk, Hitmaka & Johnny Stokes)","Track 15 on Beach House 3. Programming done by Andre Bass Jovan, Floyd Bentley, Hitmaka, and Johnny Stokes. Written by Andrew Neely, Floyd Bentley III, Lyrica Anderson, Melvin Moore, Christian Ward, Christopher Dotson, Johnny Stokes Jr., Skrillex, and Tyrone Griffin Jr. Mixed by Jean-Marie Horvat and Jaycen Joshua. Mastered by Dave Kutch. Engineered by Sauce Miyagi, Ben Milchev, and David Nakaji.",3:03,,Album Track,Yes,
Beach House 3,"Famous Amy
(prod. Skrillex, MIKE DEAN, damn james!, D'Mile, Peter Lee Johnson & Ty Dolla $ign)","Track 16 on Beach House 3. Features programming from Ty Dolla $ign, damn james!, MIKE DEAN, Peter Lee Johnson, Skrillex, and D'Mile. Written by D'Mile, damn james!, MIKE DEAN, Peter Lee Johnson, Skrillex, and Ty Dolla $ign. Mixed by Andy Barnes, damn james!, Manny Park, Matthew Sim, and Yada Yada. Mastered by Dave Kutch. Engineered by Alex Layne and Andy Barnes.",0:37,,Album Track,Yes,
Beach House 3,"Side Effects
(prod. Poo Bear & Sons of Sonix)","Track 17 on Beach House 3. Features programming from Poo Bear and Sons of Sonix. Written by Olaniyi Michael Akinkunmi, Poo Bear, Moses Ayo Samuels, and Ty Dolla $ign. Mixed by damn james! and Yada Yada. Mastered by Dave Kutch. Engineered by Andy Barnes and Lo McLean.",2:54,,Album Track,Yes,
Beach House 3,"Famous Last Words
(prod. Skrillex, MIKE DEAN, damn james!, D'Mile, Peter Lee Johnson & Ty Dolla $ign)","Track 18 on Beach House 3. Features programming from Ty Dolla $ign, damn james!, MIKE DEAN, Peter Lee Johnson, Skrillex, and D'Mile. Written by D'Mile, damn james!, MIKE DEAN, Peter Lee Johnson, Skrillex, and Ty Dolla $ign. Mixed by Andy Barnes, damn james!, Manny Park, and Matthew Sim. Mastered by Dave Kutch. Engineered by Andy Barnes, Alex Layne, and Yada Yada.",0:35,,Album Track,Yes,
Beach House 3,"Message in a Bottle
(prod. Camper)","Track 19 on Beach House 3. Features programming from Camper. Written by FRE$H, Camper, and Ty Dolla $ign. Mixed by Andy Barnes, damn james!, and Todd Norman. Mastered by Dave Kutch. Engineered by Ty Dolla $ign, Andy Barnes, Manny Park, and Matthew Sim.",2:32,,Album Track,Yes,
Beach House 3,"Nate Howard Intro
(feat. Nate Howard & John Mayer) (prod. Nate Howard)","Track 20 on Beach House 3. Features background vocals from John Mayer. Features programming from Nate Howard. Written by Nate Howard. Mixed by Andy Barnes, Yada Yada, damn james!, Manny Park, and Matthew Sim. Mastered by Dave Kutch.",1:40,,Album Track,Yes,
Beach House 3,"Pineapple
(feat. Gucci Mane & Quavo) (prod. CashMoneyAP & Hitmaka)","Track 21 on Beach House 3 (Deluxe). Written by CashMoneyAP, Chrishan, SprngBrk, Gabrielle Nowee, Hitmaka, Quavo, and Gucci Mane.",3:38,,Album Track,Yes,
Beach House 3,"Clout
(feat. 21 Savage) (prod. Smash David, Rekless & Hitmaka)","Track 22 on Beach House 3 (Deluxe). Written by Ty Dolla $ign, Hitmaka, Rekless, 21 Savage, and Smash David.",3:20,,Album Track,Yes,
Beach House 3,"Number
(prod. Swiff D, Geoffro Cause & Hitmaka)","Track 23 on Beach House 3 (Deluxe). Written by Ty Dolla $ign, Hitmaka, and Pac Div.",3:22,,Album Track,Yes,
Beach House 3,"Drugs
(feat. Wiz Khalifa) (prod. JMIKE & Hitmaka)","Track 24 on Beach House 3 (Deluxe). Written by Wiz Khalifa, Ty Dolla $ign, Hitmaka, JMIKE, and Chrishan.",2:24,,Album Track,Yes,
Beach House 3,"South Beach
(feat. Quavo & French Montana) (prod. Charlie Heat, BNYX® & Hitmaka)","Track 25 on Beach House 3 (Deluxe). Written by French Montana, Quavo, Ty Dolla $ign, BNYX®, and Charlie Heat.",3:16,,Album Track,Yes,
Beach House 3,"Simple
(feat. Yo Gotti) (prod. Smash David, Cubeatz & Hitmaka)","Track 26 on Beach House 3 (Deluxe). Written by Ty Dolla $ign, Hitmaka, Kevin Gomringer, Smash David, and Tim Gomringer.",3:26,,Album Track,Yes,
"0 Album Track(s)
3 Single(s)
0 Feature(s)
0 Production
0 Other","$24:00
(Collaboration with 24hrs as 24dollas)
($24.00, 24$)","(??/??/2016) The project is conceived
(Ongoing)",,,Other,,
$24:00,STILL DOWN,"Released as a single on July 15th, 2018.",,,Single,No,https://soundcloud.com/user-480622941/24dollas?utm_source=clipboard&utm_medium=text&utm_campaign=social_sharing
$24:00,"MIND GAMES
(feat. Roy Woods)","Released as a single on July 18th, 2018.",,,Single,No,https://soundcloud.com/user-480622941/mind-games-feat-roy-woods?utm_source=clipboard&utm_medium=text&utm_campaign=social_sharing
$24:00,LIT,"Released as a single on July 25th, 2018.",,,Single,No,https://soundcloud.com/user-480622941/litlitlit?utm_source=clipboard&utm_medium=text&utm_campaign=social_sharing
"12 Album Track(s)
1 Single(s)
2 Feature(s)
0 Production
0 Other","MIH-TY
(Collaboration with Jeremih as MihTy)","(12/??/2017) (The project is conceived)
(10/26/2018) (MIH-TY is officially released)",,,Other,,
MIH-TY,"London On Da Track - Whatever You On
(feat. Young Thug, Ty Dolla $ign, Jeremih & YG) (prod. London On Da Track)","Released as a single on December 9th, 2017. Written by London On Da Track, Ty Dolla $ign, Young Thug, YG, and Jeremih.",3:28,,Feature,Yes,https://open.spotify.com/track/4ccv9Mfcsc3MpaSi9h9tH6?si=39237b0563464ad9
MIH-TY,"Zaytoven - What You Think
(with Ty Dolla $ign & Jeremih) (feat. OJ da Juiceman) (prod. Zaytoven)","Track 6 on Zaytoven's Trap Holizay. Released as a single on February 23rd, 2018.",3:43,,Feature,Yes,https://open.spotify.com/track/4GZgaqaBEEkapTLMaUOwS8?si=b19768004eea45b5
MIH-TY,"New Level [V1]
(feat. Lil Wayne) (prod. Hitmaka, SprngBrk & SlikkMuzik)","Removed from streaming because Lil Wayne's verse was not cleared. Released as a single on August 27th, 2018. Samples ""In My Bed"" by Dru Hill.",3:35,,Single,No,https://pillows.su/f/abcef83cc2c9df4b11f244a729bc7d5e
MIH-TY,"The Light
(feat. Gabrielle Nowee) (prod. Ayo & Keyz & Hitmaka)","Track 1 on MIH-TY. Released as a single on June 8, 2018. Background vocals done by Gabrielle Nowee. Written by Jeremy Felton, Austin Owens, James Foye, Kenneth Burke, Allen Felder, Norma Wright, John Klemmer Ahmad Lewis, S. Gordy, and Tyrone Griffin Jr. Mixed by Jaycen Joshua, Jacob Richards, Rashawn McLean, and Mike Seaberg. Engineered by Sauce Miyagi. Samples ""Risin' to the Top"" by Keni Burke.",3:00,,Album Track,Yes,https://open.spotify.com/track/0YIfZYYfVytcD1q0Mx57Ey?si=e5aea01fe1fa4ed6
MIH-TY,"Goin Thru Some Thangz
(prod. Ayo & Keyz, Machynist & Hitmaka)","Track 2 on MIH-TY. Released as a single on October 12, 2018. Written by Jeremy Felton, Austin Owens, James Foye, Guy Zire, Christian Ward, Floyd Bentley, Drew Love, and Tyrone Griffin Jr. Mixed by Jaycen Joshua, Jacob Richards, Rashawn McLean, and Mike Seaberg. Engineered by Sauce Miyagi.",3:05,,Album Track,Yes,https://open.spotify.com/track/38tUgBtXwJxMlod5Aq8O5D?si=bc8ea33011a44263
MIH-TY,"FYT
(with French Montana) (prod. Ayo & Keyz, Paul Cabbin & Hitmaka)","Track 3 on MIH-TY. Written by Jeremy Felton, Austin Owens, Lerron Carson, Karim Kharbouch, Christian Ward, Christopher Dotson, Melvin Moore, Arin Ray, Robert Kelly, Christopher Wallace, Sean Combs, Daron Jones, James Foye, and Tyrone Griffin Jr. Mixed by Jaycen Joshua, Jacob Richards, Rashawn McLean, and Mike Seaberg. Engineered by Sauce Miyagi. Interpolates ""Fuck You Tonight"" by The Notorious B.I.G.",4:06,,Album Track,Yes,https://open.spotify.com/track/0ZwHNhwxDhUYHYkSkHxMf0?si=af53428d05224e74
MIH-TY,"Perfect Timing
(prod. OG Parker, Nic Humes & Hitmaka)","Track 4 on MIH-TY. Written by Nicholas Humes, Jeremy Felton, Christian Ward, Christopher Dotson, Melvin Moore, Terrance Williams, Joshua Parker, and Tyrone Griffin Jr. Mixed by Jaycen Joshua, Jacob Richards, Rashawn McLean, and Mike Seaberg. Engineered by Sauce Miyagi.",2:55,,Album Track,Yes,https://open.spotify.com/track/3CSv4rNuCPcqSA3UhB1it1?si=e6801c485dee41ec
MIH-TY,"New Level [V2]
(prod. SprngBrk, SlikkMuzik & Hitmaka)","Track 5 on MIH-TY. Written by Floyd Bentley, Jeremy Felton, Tyrone Griffin Jr., Christian Ward, Christopher Dotson, Melvin Moore, Raphael Brown, Daryl Simmons, Ralph B. Stacy, and Rickey Offord. Mixed by Jaycen Joshua, Jacob Richards, Rashawn McLean, and Mike Seaberg. Engineered by Sauce Miyagi. Samples ""In My Bed"" by Dru Hill.",2:32,,Album Track,Yes,https://open.spotify.com/track/6HFH4fh0qJsJRnOc0xIWwM?si=1e616d5db6ef48ae
MIH-TY,"Take Your Time
(prod. Retro Future, Kevin Figs & Hitmaka)","Track 6 on MIH-TY. Written by Jeremy Felton, Christian Ward, Melvin Moore, Floyd Bentley, Teddy Pena, Drew Love, Kevin Figueiredo, and Tyrone Griffin Jr. Mixed by Jaycen Joshua, Jacob Richards, Rashawn McLean, and Mike Seaberg. Engineered by Sauce Miyagi.",2:29,,Album Track,Yes,https://open.spotify.com/track/31UPzWYdHxYPxYFEqB9vmK?si=f0a0570e96e4470c
MIH-TY,"Pop Sumthn
(feat. Maliibu Miitch) (prod. Hitmaka, Chrishan & Dre Moon)","Track 6 on MIH-TY. Released exclusively to some countries, instead replaced by ""Take Your Time"" in the United States and most other countries.",3:25,,Album Track,No,https://pillows.su/f/4b8f555860977ece3996fe476a9cc890
MIH-TY,"These Days
(prod. Ayo & Keyz & Hitmaka)","Track 7 on MIH-TY. Written by Jeremy Felton, Christian Ward, Melvin Moore, Floyd Bentley, Drew Love, Austin Owens, Jeffrey Allen, Ricky Kinchen, Keirston Jamal Lewis, Homer R. Odell, Lawrence G. Waddell, Stokley Williams, James Foye, and Tyrone Griffin Jr. Mixed by Jaycen Joshua, Jacob Richards, Rashawn McLean, and Mike Seaberg. Engineered by Sauce Miyagi. Samples ""So Fine"" by Mint Condition.",2:56,,Album Track,Yes,https://open.spotify.com/track/79gqfa8TgRc6F3z5QrEiN8?si=e4f1ec6e67734875
MIH-TY,"Surrounded
(feat. Chris Brown & Wiz Khalifa) (prod. Billboard Hitmakers, Go Grizzly & Hitmaka)","Track 8 on MIH-TY. Written by Go Grizzly, Jeremy Felton, Christian Ward, Christopher Brown, Mayila Caiemi Marie Jones, Eduardo Burgess, Jonathan de la Rosa, Cameron Jibril Thomaz, and Tyrone Griffin Jr. Mixed by Jaycen Joshua, Jacob Richards, Rashawn McLean, and Mike Seaberg. Engineered by Sauce Miyagi.",4:15,,Album Track,Yes,https://open.spotify.com/track/1xhXtjqbFiNgLfqHMGo9lW?si=0d25548454a340e3
MIH-TY,"Lie 2 Me
(prod. Hitmaka, Chrishan & CuBeatz)","Track 9 on MIH-TY. Written by Chrishan, Jeremy Felton, Tyrone Griffin Jr., Kevin Gomringer, and Tim Gomringer.",3:19,,Album Track,Yes,https://open.spotify.com/track/4bK5YVykN1IkXMDzVyeRKR?si=97bed14cd39842ca
MIH-TY,"Ride It
(prod. Retro Future & Hitmaka)","Track 10 on MIH-TY. Written by Jeremy Felton, Christian Ward, Melvin Moore, Teddy Pena, Jocelyn Donald, and Tyrone Griffin Jr. Mixed by Jaycen Joshua, Jacob Richards, Rashawn McLean, and Mike Seaberg. Engineered by Sauce Miyagi.",3:09,,Album Track,Yes,https://open.spotify.com/track/5rWia6d9DtaErAjnDLgZn8?si=a59cfc2c5404496f
MIH-TY,"Imitate
(prod. Retro Future, Kevin Figs & Hitmaka)","Track 11 on MIH-TY. Written by Jeremy Felton, Drew Love, Tyrone Griffin Jr., Teddy Pena, Melvin Moore, Christian Ward, and Kevin Figueiredo. Mixed by Retro Future. Engineered by Sauce Miyagi.",3:27,,Album Track,Yes,https://open.spotify.com/track/3bTSIHFVorXxkPKykuABt6?si=e09166207d104039
"0 Album Track(s)
2 Single(s)
43 Feature(s)
0 Production
0 Other","Dream House
(Tyrone, Featuring Ty Dolla $ign)","(10/27/2017) Beach House 3 is officially released
(05/11/2018) Beach House 3 (Deluxe) is officially released
(??/??/2020) The album is played to Kanye West",,,Other,,
Dream House,"Chris Brown - Only 4 Me
(feat. Verse Simmonds & Ty Dolla $ign) (prod. Darja, Qkauztion & Verse Simmonds)",Track 44 on Chris Brown's Heartbreak on a Full Moon.,,,Feature,Yes,
Dream House,"T-Pain - 2 Fine
(feat. Ty Dolla $ign) (prod. Dre Moon)",Track 14 on T-Pain's Oblivion.,,,Feature,Yes,
Dream House,"Half-A-Mil - Too Many Ways
(feat. Ty Dolla $ign) (prod. Jansport J & Hit-Boy)",Track 13 on Half-A-Mil's Courtesy of Half-A-Mil.,,,Feature,Yes,
Dream House,"Berner - Play Your Roll
(feat. Ty Dolla $ign) (prod. Scott Storch)",Track 8 on Berner's The Big Pescado.,,,Feature,Yes,
Dream House,"Migos - White Sand
(feat. Travis Scott, Ty Dolla $ign & Big Sean) (prod. Travis Scott, Ty Dolla $ign, Wheezy, Quavo & DJ Durel)",Track 12 on Migos' Culture II.,3:23,,Feature,Yes,
Dream House,"Post Malone - Psycho
(feat. Ty Dolla $ign) (prod. Post Malone & Louis Bell)","Track 8 on Post Malone's beerbongs & bentleys. Released as a single on February 23, 2018.",,,Feature,Yes,
Dream House,"Arin Ray - Take
(feat. Ty Dolla $ign) (prod. Nez & Rio & Arin Ray)",Track 4 on Arin Ray's Platinum Fire.,,,Feature,Yes,
Dream House,"Lil Durk - Breather
(feat. PARTYNEXTDOOR & Ty Dolla $ign) (prod. XL Eagle & Nard & B)",Track 7 on Lil Durk's Just Cause Y'all Waited.,,,Feature,Yes,
Dream House,"Smoke DZA - The Love
(feat. Ty Dolla $ign) (prod. DJ RellyRell)",Track 6 on Smoke DZA's Not for Sale.,,,Feature,Yes,
Dream House,"Khalid - OTW
(with 6LACK & Ty Dolla $ign) (prod. BlueySport, Nineteen85, Cashio & Brian Alexander Morgan)","Released as a single on April 20, 2018.",4:23,,Feature,Yes,https://open.spotify.com/track/6Hgh47WXVKtXN5zGOu0hjI?si=efa0d4d537394f66
Dream House,"Kanye West - All Mine
(feat. Ty Dolla $ign & Ant Clemons) (prod. Kanye West, MIKE DEAN, Francis & the Lights & Scott Carter)","Track 3 from Kanye West's 2018 album ye. Written by Kanye West, MIKE DEAN, Malik Yusef, Terrence Boykin, Kenneth Pershon, Cydel Young, Dexter Mills, Francis Starlite, Jordan Thorpe, Danielle Balbuena, Tyrone Griffin Jr, Jeremy Felton, Uforo Ebong, and Anthony Clemons. Mixed by MIKE DEAN and Jess Jackson. Engineered by MIKE DEAN, Mike Malchicoff, Zack Djurich, and Sean Solymar.",2:25,,Feature,Yes,https://open.spotify.com/track/3U21A07gAloCc4P7J8rxcn?si=0f05cb9035d140ab
Dream House,"Kanye West - Wouldn't Leave
(feat. Ty Dolla $ign, PARTYNEXTDOOR & Jeremih) (prod. Kanye West, MIKE DEAN, Noah Goldstein & Ty Dolla $ign)","Track 4 from Kanye West's 2018 album ye. Written by Kanye West, MIKE DEAN, Malik Yusef, Terrence Boykin, Kenneth Pershon, Francis Starlite, Noah Goldstein, Jordan Thorpe, Tyrone Griffin Jr, Jeremy Felton, Justin Vernon, Jahron Brathwaite, and Reverend W. A. Donaldson. Mixed by MIKE DEAN and Jess Jackson. Engineered by MIKE DEAN, Mike Malchicoff, Zack Djurich, Noah Goldstein, and Sean Solymar.",3:25,,Feature,Yes,https://open.spotify.com/track/1nGoy0cEj0extAwXYNYTWd?si=46a1b8f470bd4f43
Dream House,"Kanye West - Violent Crimes
(feat. Ty Dolla $ign, 070 Shake & Nicki Minaj) (prod. Kanye West, Andrew Dawson, 7 Aurelius & Irv Gotti)","Track 7 from Kanye West's 2018 album ye. Written by Kanye West, MIKE DEAN, Malik Yusef, Jordan Thorpe, Danielle Balbuena, Tyrone Griffin Jr, 7 Aurelius, Kevin Parker, and Irving Lorenzo. Mixed by MIKE DEAN and Jess Jackson. Engineered by MIKE DEAN, Mike Malchicoff, Zack Djurich, and Andrew Dawson.",3:35,,Feature,Yes,https://open.spotify.com/track/3s7MCdXyWmwjdcWh7GWXas?si=de200bb3a34849d7
Dream House,"KIDS SEE GHOSTS - Freeee (Ghost Town Pt. 2)
(feat. Ty Dolla $ign) (prod. Kanye West, Jeff Bhasker & Kid Cudi)","Track 4 from KIDS SEE GHOSTS' 2018 album KIDS SEE GHOSTS. Written by Kid Cudi, MIKE DEAN, Kanye West, Ty Dolla $ign, Jeff Bhasker, and Corin Littler. Mixed by MIKE DEAN, Sean Solymar, and Jess Jackson. Engineered by MIKE DEAN, Sean Solymar, Zack Djurich, William J. Sullivan, Noah Goldstein, and Mike Malchicoff. Samples the song ""Stark"" by Mr. Chop. Interpolates the songs ""Ghost Town"" by Kanye West, ""Lift Yourself"" by Kanye West, and ""Speech on Trial and Persecution"" by Marcus Garvey.",3:26,,Feature,Yes,https://open.spotify.com/track/7GRTrWsP3yo2Fx8umJfA1X?si=83aef087f9fc418d
Dream House,"Teyana Taylor - 3Way
(feat. Ty Dolla $ign) (prod. Kanye West, MIKE DEAN & Rodney Jerkins)","Track 5 from Teyana Taylor's 2018 album K.T.S.E.. Written by Teyana Taylor, Kanye West, Rodney Jerkins, Tyrone Griffin Jr, Antony Williams, and Eric Bellinger. Mixed by Jess Jackson, Sean Solymar, and Andrew Dawson. Engineered by MIKE DEAN, Jenna Felsenthal, Baruch ""Mixx"" Nembhard, and Mike Snell. Samples the song ""How Can I Love U 2nite"" by SisQó.",3:23,,Feature,Yes,https://open.spotify.com/track/0qWsp7jWCCLJtHWGB6NGBB?si=8f7d4beb76764a82
Dream House,"Chris King - Glock Glock!
(feat. Ty Dolla $ign) (prod. WLVS JULES)",Track 2 on Chris King's Modern Day Mozart.,2:47,,Feature,Yes,https://open.spotify.com/track/4HtiO0wYZ9uHKLTAUD3pH7?si=cb96c3ef221a43c8
Dream House,"Christina Aguilera - Accelerate
(feat. 2 Chainz & Ty Dolla $ign) (prod. MIKE DEAN, Kanye West, Che Pope, Charlie Heat, Honorable C.N.O.T.E., Noah Goldstein & Eric Danchick)",Track 12 on Christina Aguilera's Liberation.,,,Feature,Yes,
Dream House,"Drake - After Dark
(feat. Static Major & Ty Dolla $ign) (prod. Shaun Harris, Joe Kent, Static Major & 40)","Track 11 on disc 2 of Drake's Scorpion. Written by Aubrey Drake Graham, Stephen Garrett, Melvin Ragin, Joe Kent, Maxwell Menard, Noah Shebib, and Tyrone Griffin Jr. Mixed by Noel Campbell, Harley Arsenault, Greg Moffet, and Ronald Moonoo. Mastered by Chris Athens and David ""D.C."" Castro. Engineered by James Royo, Noah Shebib, Harley Arsenault, Greg Moffet, and Yada Yada.",4:50,,Feature,Yes,https://open.spotify.com/track/3mvYQKm8h6M5K5h0nVPY9S?si=842d773d6ab54d77
Dream House,"Drake - Jaded
(feat. Ty Dolla $ign) (prod. Noel Cadastre)",Track 15 on Drake's Scorpion.,,,Feature,Yes,
Dream House,"RL Grime - Take It Away
(feat. TK Kravitz & Ty Dolla $ign) (prod. graves & RL Grime)",Track 5 on RL Grime's NOVA.,,,Feature,Yes,
Dream House,"YG - POWER
(feat. Ty Dolla $ign) (prod. Mustard & Citoonthebeat)",Track 8 on YG's STAY DANGEROUS.,2:52,,Feature,Yes,https://open.spotify.com/track/4QL6NHf6sl3Sx58AFKc1GQ?si=02ea929a83114aa1
Dream House,"Berner - Choose Up
(feat. Ty Dolla $ign & DJ Quik) (prod. DJ Quik)",Track 14 on Berner's RICO.,,,Feature,Yes,
Dream House,"Mozzy - Thugz Mansion
(feat. YG & Ty Dolla $ign) (prod. Mook On The Beats, Ben Billions, Dave-O & DJ Swift)",Track 4 on Mozzy's Gangland Landlord.,,,Feature,Yes,
Dream House,"Lil Durk - 100 Grand
(feat. Ty Dolla $ign & A Boogie wit da Hoodie) (prod. Marii Beatz & Hitmaka)",Track 5 on Lil Durk's Signed to the Streets 3.,,,Feature,Yes,
Dream House,"Mariah Carey - The Distance
(feat. Ty Dolla $ign) (prod. Mariah Carey, Lido, Skrillex & Poo Bear)",Track 5 on Mariah Carey's Caution.,,,Feature,Yes,
Dream House,"Lil Wayne - Scared of the Dark
(with Ty Dolla $ign) (feat. XXXTENTACION) (prod. Infamous & Ben Billions)",Track 11 on Spider-Man: Into the Spider-Verse (Soundtrack From & Inspired by the Motion Picture).,,,Other,Yes,
Dream House,"Wiz Khalifa & Curren$y - Benz Boys
(feat. Ty Dolla $ign) (prod. Dame Grease)",Track 3 on Wiz Khalifa and Curren$y's 2009.,,,Feature,Yes,
Dream House,"24hrs - BUBBLE
(feat. Ty Dolla $ign)",Track 8 on 24hrs' VALENTINO TWENTY.,,,Feature,Yes,
Dream House,"Kehlani - Nights Like This
(feat. Ty Dolla $ign) (prod. Sir Nolan & DannyBoyStyles)","Track 6 on Kehlani's While We Wait. Released as a single on January 10, 2019.",3:21,,Feature,Yes,https://open.spotify.com/track/6ZRuF2n1CQxyxxAAWsKJOy?si=73e7b71efe78476b
Dream House,"Purple Emoji
(feat. J. Cole) (prod. MXXWLL)","Released as a single on May 20th, 2019. Features bass from Ty Dolla $ign. Written by Hallerin Hilton Hill, Joey Kibble, MXXWLL, J. Cole, and Ty Dolla $ign. Mixed by Jaycen Joshua. Mastered by Dave Kutch. Engineered by damn james! and Fai. Recorded at Electric Lady Studios. Samples and interpolates ""More Than Ever"" by Take 6.",2:43,,Single,Yes,https://open.spotify.com/track/3OJ4LEE50iFELaHiZ09zif?si=4e30b3f992e84c4e
Dream House,"YG - Do Yo Dance
(feat. Kamaiyah, RJmrLA, Mitch & Ty Dolla $ign) (prod. 1-O.A.K.)",Track 11 on YG's 4REAL 4REAL.,4:30,,Feature,Yes,https://open.spotify.com/track/4ABM7D05ULpP8CGyuDJ1Yg?si=53729b6d6429431a
Dream House,"ScHoolboy Q - Lies
(feat. Ty Dolla $ign & YG) (prod. Baby Keem & Sounwave)",Track 6 on ScHoolboy Q's CrasH Talk.,,,Feature,Yes,
Dream House,"Jeezy - 4Play
(feat. Ty Dolla $ign) (prod. Helluva)",Track 15 on Jeezy's TM104: The Legend of the Snowman.,,,Feature,Yes,
Dream House,"serpentwithfeet - Receipts
(feat. Ty Dolla $ign) (prod. serpentwithfeet & Ty Dolla $ign)","Released as a single on June 26, 2019.",2:59,,Feature,Yes,https://open.spotify.com/track/2J8AEJingig4raioGSIeC4?si=cbcc609512d74eb1
Dream House,"Mustard - Surface
(feat. Ty Dolla $ign & Ella Mai) (prod. Q Gulledge, GYLTTRYP & Mustard)",Track 8 on Mustard's Perfect Ten.,,,Feature,Yes,
Dream House,"Lykke Li - two nights part ii
(with Skrillex & Ty Dolla $ign) (prod. Skrillex, Malay, Jeff Bhasker, Jonny Coffer & Lido)","Released as a single on July 13, 2019.",3:30,,Feature,Yes,https://open.spotify.com/track/47UnzjxpWvJKCverxM1OaS?si=06ae2ff8397949cb
Dream House,"Hottest in the City
(feat. Juicy J & Project Pat) (prod. damn james!, Juicy J & Tay Keith)","Released as a single on August 9th, 2019. Written by Ty Dolla $ign, Cory Henry, Juicy J, Harold Scott, Project Pat, damn james!, Jasper ""Jabbo"" Phillips, Mark Lee, DJ Paul, Tay Keith, and Yada Yada. Samples ""I Love, I Love"" by The Temprees. Samples ""I Love, I Love"" by The Temprees. Samples vocals from ""North Memphis"" by Project Pat. Samples a vocal from ""Mafia Niggaz"" by Three 6 Mafia.",3:03,,Single,Yes,https://open.spotify.com/album/7nP87PXdPv4oPYKWRc5x1z?si=89XF0rptQ3GVCUIZ_LhJhw
Dream House,"Megan Thee Stallion - Hot Girl Summer
(feat. Nicki Minaj & Ty Dolla $ign) (prod. Bone Collector, Juicy J & Crazy Mike)","Released as a single on August 9, 2019. Written by Megan Pete, Onika Maraj, Derrick Milano, Isaac Earyl Bynum, JT, Jordan Houston, Konan Georges-Oliver, Mike ""Crazy Mike"" Foster, Miles Parks McCollum, and Tyrone Griffin Jr. Engineered by Irving Gadoury and Rafael Bautista.",3:19,,Feature,Yes,https://open.spotify.com/track/5N1o6d8zGcSZSeMFkOUQOk
Dream House,"Skrillex & Boys Noize - Midnight Hour
(with Ty Dolla $ign) (prod. Skrillex, Boys Noize & Ayo & Keyz)","Released as a single on August 29, 2019. Written by Skrillex, Alex Ridha, Anthony Clemons Jr., Austin Owens, Cassandra Ventura, Christian Ward, Isaac Earl Bynum, James Foye III, Jatavia Johnson, Miles Parks McCollum, Ryan Leslie, and Tyrone Griffin Jr. Mixed by Skrillex and Tom Norris. Mastered by Skrillex, Mike Bozzi, and Tom Norris.",3:18,,Feature,Yes,https://open.spotify.com/track/5AFrctm65wWIqJsjHPPx85?si=1ebad0a884bb4ba2
Dream House,"Kanye West - Everything We Need
(feat. Ty Dolla $ign, Ant Clemons & Sunday Service Choir) (prod. Kanye West, Federico Vindver, BoogzDaBeast, Ronny J, FNZ & MIKE DEAN)","Track 6 from Kanye West's 2019 album JESUS IS KING. Features guitar from Bradford Lewis. Written by Kanye West, Federico Vindver, MIKE DEAN, Jahmal Gwin, Cydel Charles Young, Ronald Spence Jr., Michael Mule, Isaac DeBoni, Tyrone William Griffin, Jr., Anthony Clemons, and Bradford Lewis. Mixed by MIKE DEAN, Jess Jackson, Sage Skolfield, Sean Solymar, and Robin Florent. Mastered by MIKE DEAN. Engineered by Josh Berg, Josh Bales, Shane Fitzgibbon, Randy Urbanski, Zack Djurich, Jesse Ray Emster, Jamie Peters, and Andrew Drucker.",1:56,,Feature,Yes,https://open.spotify.com/track/24bnCCysWnbNRNUT4LpHcP?si=249e85b4d29742ce
Dream House,"Jason Derulo - Best Friend
(with Ty Dolla $ign) (prod. 1Mind & Rogét Chahayed)",Track 3 on Jason Derulo's 2Sides.,,,Feature,Yes,
Dream House,"Roddy Ricch - Bacc Seat
(feat. Ty Dolla $ign) (prod. Yung Lan)",Track 12 on Roddy Ricch's Please Excuse Me for Being Antisocial.,,,Feature,Yes,
Dream House,"Skrillex & Boys Noize - Midnight Hour (Four Tet Remix)
(with Ty Dolla $ign) (prod. Four Tet, Skrillex & Boys Noize)",Track 1 on Skrillex & Boys Noize's Midnight Hour Remixes.,4:37,,Feature,Yes,https://open.spotify.com/track/3bSdYv3LgM7hpMl3jA1LHK?si=0906c3381a554cc4
Dream House,"Skrillex & Boys Noize - Midnight Hour (Mall Grab Remix)
(with Ty Dolla $ign) (prod. Mall Grab, Skrillex & Boys Noize)",Track 2 on Skrillex & Boys Noize's Midnight Hour Remixes.,5:31,,Feature,Yes,https://open.spotify.com/track/1JG8w0VnnnE1aKcrvlUuCy?si=3d32815f5c7b4db8
Dream House,"Skrillex & Boys Noize - Midnight Hour (Loco Dice Remix)
(with Ty Dolla $ign) (prod. Loco Dice, Skrillex & Boys Noize)",Track 3 on Skrillex & Boys Noize's Midnight Hour Remixes.,6:11,,Feature,Yes,https://open.spotify.com/track/1aMPtby51MYOvWGaWZehMT?si=34afeecfd0ca427a
Dream House,"Skrillex & Boys Noize - Midnight Hour (Dub Mix)
(with Ty Dolla $ign) (prod. Skrillex & Boys Noize)",Track 4 on Skrillex & Boys Noize's Midnight Hour Remixes.,5:42,,Feature,Yes,https://open.spotify.com/track/2zNryYgqU0boKXm9lh2mD6?si=311abf429a044b4b
"25 Album Track(s)
0 Single(s)
13 Feature(s)
0 Production
0 Other",Featuring Ty Dolla $ign,"(??/??/2020) (The album is played for Kanye West)
(10/23/2020) (Featuring Ty Dolla $ign officially releases)",,,Other,,
Featuring Ty Dolla $ign,"Yo Gotti - Like That
(feat. A Boogie wit da Hoodie & Ty Dolla $ign) (prod. Rock Boy Beats & Yung Ladd)",Track 5 on Yo Gotti's Untrapped.,3:26,,Feature,Yes,
Featuring Ty Dolla $ign,"Jadakiss - NYB (Need Your Best)
(feat. Ty Dolla $ign) (prod. Hitmaka & Ayo & Keyz)",Track 7 on Jadakiss' Ignatius.,3:19,,Feature,Yes,
Featuring Ty Dolla $ign,"Thundercat - Fair Chance
(feat. Ty Dolla $ign & Lil B) (prod. Sounwave, Flying Lotus & Thundercat)",Track 13 on Thundercat's It Is What It Is.,3:58,,Feature,Yes,
Featuring Ty Dolla $ign,"Bener & B-Real - On The Wall
(feat. Ty Dolla $ign) (prod. Sap)",Track 1 on Berner and B-Real's Los Meros.,,,Feature,Yes,
Featuring Ty Dolla $ign,"Bener & B-Real - Head Down
(feat. Ty Dolla $ign) (prod. damn james!)",Track 8 on Berner and B-Real's Los Meros.,,,Feature,Yes,
Featuring Ty Dolla $ign,"dvsn - Dangerous City
(with Ty Dolla $ign) (feat. Buju Banton) (prod. Noah Beresin, Nineteen85 & Robin Hannibal)",Track 7 on dvsn's A Muse In Her Feelings.,4:06,,Feature,Yes,https://open.spotify.com/track/4EklpCLalQcpMPgZsACUHG?si=3ce0567dfefd4de3
Featuring Ty Dolla $ign,"Wiz Khalifa - Y U Mad
(feat. Ty Dolla $ign & Megan Thee Stallion) (prod. Larry Jayy & Mustard)",Track 11 on Wiz Khalifa's The Saga of Wiz Khalifa.,,,Feature,Yes,
Featuring Ty Dolla $ign,"Lil Keed - Don't Stop
(feat. Ty Dolla $ign) (prod. Bloublood)",Track 29 on Lil Keed's Trapped on Cleveland 3.,,,Feature,Yes,
Featuring Ty Dolla $ign,"Big Sean - Body Language
(feat. Ty Dolla $ign & Jhené Aiko) (prod. KeY Wane, Jay John Henry & Tom Kahre)",Track 5 on Big Sean's Detroit 2.,,,Feature,Yes,
Featuring Ty Dolla $ign,"YG - Surgery
(with Gunna) (feat. Ty Dolla $ign) (prod. Iceberg, Franchise & Pasqué)",Track 9 on YG's My Life 4Hunnid.,3:36,,Feature,Yes,https://open.spotify.com/track/3RniWkfPXJGxxM4IeBBRCe?si=a2f40ace4fdc4114
Featuring Ty Dolla $ign,"Ant Clemons - Sullen Sunday
(feat. Ty Dolla $ign & Nia Miranda) (prod. Skrillex & Virtual Riot)",Track 2 on compilation album REPRISE: A Roc Nation Album.,2:14,,Feature,Yes,
Featuring Ty Dolla $ign,"TM88 & Rich The Kid - Breakin' U Off
(feat. Ty Dolla $ign, 2 Chainz & Southside) (prod. TM88 & Southside)",,3:00,,Feature,Yes,
Featuring Ty Dolla $ign,"Brandy - No Tomorrow, Pt. 2
(feat. Ty Dolla $ign) (prod. Camper, Joshua Thomas & Cory Rooney)","Released as a single on October 14th, 2020.",3:04,,Feature,Yes,https://open.spotify.com/track/6DIvqmlbKu34QVfdcVJb9V?si=1b182b9f21fa4d30
Featuring Ty Dolla $ign,"Intro
(feat. Big TC) (prod. D'Mile & Ty Dolla $ign)","OG Filename: 1. Intro
Track 1 on Featuring Ty Dolla $ign. Features additional vocals from Big TC. Features guitar from Ty Dolla $ign. Written by D'Mile & Ty Dolla $ign.",0:25,,Album Track,Yes,https://open.spotify.com/track/2OxbG6Rh0WNicBVilir5IC?si=f317d0570cc1456a
Featuring Ty Dolla $ign,"Status
(prod. BONGO ByTheWay, D'Mile & Ty Dolla $ign)","OG Filename: 2. Status
Track 2 on Featuring Ty Dolla $ign. Features guitar from Justus West. Features strings from johan lenox. Written by D'Mile, Poo Bear, Ray Keys, johan lenox, Tarron Crayton, Ty Dolla $ign, and BONGO ByTheWay. Mixed by damn james!, Fai, and Yada Yada. Engineered by Fai.",1:45,,Album Track,Yes,https://open.spotify.com/track/342Va1IRtTZqCXa2gNktdd?si=4ce672376b3e4de0
Featuring Ty Dolla $ign,"Temptations
(feat. Kid Cudi & James Blake) (prod. Skrillex, Hit-Boy & James Blake)","OG Filename: 3. Temptations feat. Kid Cudi
Track 3 on Featuring Ty Dolla $ign. Features additional vocals from James Blake. Features programming from Hit-Boy and Skrillex. Written by Hit-Boy, Derrick Milano, Jazzaé De Waal, 4Rest, Kid Cudi, Skrillex, and Ty Dolla $ign. Mixed by Team EZY, damn james!, William J. Sullivan, Chris Kahn, Skrillex, and Fai. Engineered by William J. Sullivan and Fai.",2:33,,Album Track,Yes,https://open.spotify.com/track/0SKbj3NTkGFS76OkFmAw0u?si=95134d44c59246e5
Featuring Ty Dolla $ign,"serpentwithfeet Interlude
(feat. serpentwithfeet & Justus West) (prod. Justus West)","OG Filename: 4. serpentwithfeet Interlude
Track 4 on Featuring Ty Dolla $ign. Features additional vocals from Justus West and serpentwithfeet. Written by Ty Dolla $ign.",0:55,,Album Track,Yes,https://open.spotify.com/track/0Uwjimt9gCbtVFJ1kxGvqP?si=d3f812543544406d
Featuring Ty Dolla $ign,"Spicy
(feat. Post Malone) (prod. Ty Dolla $ign, damn james! & Westen Weiss)","OG Filename: Ty-Dolla-ignSpicy-feat.-Post-Malone
Track 5 on Featuring Ty Dolla $ign. Released as a single on October 21, 2020. Guitar played by Westen Weiss. Written by Post Malone, Gizzle, damn james!, Louis Bell, Nye Lee Jr., Ty Dolla $ign, and Westen Weiss. Mixed by damn james!, Louis Bell, Grace Royo, Nate Graves, and Yada Yada. Mastered by Mike Bozzi and Scott Stratton. Engineered by Ty Dolla $ign, damn james!, Andrew Keller, Sam Agbasi, Nick Mac, and Fai. Recorded at Encore Recording Studios.",2:23,,Album Track,Yes,https://open.spotify.com/track/5IUtvfNvOyVYZUa6AJFrnP?si=85346536db3c48cc
Featuring Ty Dolla $ign,"Track 6
(feat. Kanye West, Anderson .Paak & Thundercat) (prod. BoogzDaBeast, Ty Dolla $ign, damn james! & Audio Anthem)","OG Filename: 06TRAC_1
Track 6 on Featuring Ty Dolla $ign. Features drums from Anderson .Paak and Ali P. Features bass guitar from Thundercat. Features talkbox from Mr. TalkBox. Written by Kanye West, Anderson .Paak, Mr. TalkBox, BoogzDaBeast, damn james!, Audio Anthem, Thundercat, and Ty Dolla $ign. Mixed by damn james!, Jhair ""JHA"" Lazo, Grace Royo, and Yanis Figueroa. Engineered by damn james!, Jhair ""JHA"" Lazo, and Fai.",2:40,,Album Track,Yes,https://open.spotify.com/track/4XPzNUDXrSRjpFbd8CcQVu?si=d67d84cf3f534ced
Featuring Ty Dolla $ign,"Freak
(feat. Quavo) (prod. Ty Dolla $ign, BlueySport, damn james! & William Van Zandt)","OG Filename: 7. Freak feat. Quavo
Track 7 on Featuring Ty Dolla $ign. Written by Alexander Krashinsky, James Royo, Quavious Marshall, Tyrone Griffin Jr., and William Van Zandt. Mixed by James Royo, Nate Graves, and Yada Yada. Engineered by James Royo and Rafael Fai Bautista.",2:41,,Album Track,Yes,https://open.spotify.com/track/4bMQRUKsiELewtb3tzdFQn?si=25df34113024433b
Featuring Ty Dolla $ign,"Double R
(feat. Lil Durk) (prod. Ty Dolla $ign, Di$ & damn james!)","OG Filename: 8. Double R feat. Lil Durk
Track 8 on Featuring Ty Dolla $ign. Written by Durk Banks, James Royo, Nye Lee Jr., Sean Stein, and Tyrone Griffin Jr. Mixed by James Royo. Engineered by Ty Dolla $ign, James Royo, Rafael Fai Bautista, and Matthew Wilson.",2:35,,Album Track,Yes,https://open.spotify.com/track/13SM5WuEXuj5isI5j4lEE5?si=4805dfdf07f14622
Featuring Ty Dolla $ign,"Expensive
(feat. Nicki Minaj) (prod. BlueySport, Ty Dolla $ign, damn james!, William Van Zandt & OkayJJack)","OG Filename: Ty-Dolla-ignExpensive-feat.-Nicki-Minaj-Explicit
Track 9 on Featuring Ty Dolla $ign. Released as a single on August 28, 2020. Programming done by BlueySport, damn james!, and William Van Zandt. Written by Alexander Krashinsky, James Royo, Jazzae De Waal, Jordan Jackson, Nye Lee Jr., Onika Maraj, Tyrone Griffin Jr., and William Van Zandt. Mixed by Derek ""MixedByAli"" Ali, and Curtis ""Sircut"" Bye. Mastered by Nicolas De Porcel. Engineered by Aubry ""Big Juice"" Delaine, Jamal BerryMixed, and Rafael Bautista.",2:16,,Album Track,Yes,https://open.spotify.com/track/2Kv3JWOzRJsaen5vjmTVJL?si=bc5f9b7c78e34425
Featuring Ty Dolla $ign,"Burna Boy Interlude
(feat. Burna Boy)","OG Filename: 10. Burna Boy Interlude
Track 10 on Featuring Ty Dolla $ign. Additional vocals done by Burna Boy. Written by Damini Ebunoluwa Ogulu, Sean Combs, and Dontae Winslow.",0:46,,Album Track,Yes,https://open.spotify.com/track/6DoDoVOTsUxbIdzTWq3B8s?si=d5a26ee1a6974550
Featuring Ty Dolla $ign,"Tyrone 2021
(feat. Big Sean) (prod. Ty Dolla $ign & Murda Beatz)","OG Filename: 11. Tyrone 2021 feat. Big Sean
Track 11 on Featuring Ty Dolla $ign. Written by Erica Wright, Glenda Proby, Norman Hurt, Shane Lindstrom, Tyrone Griffin Jr., and Big Sean. Mixed by Gregg Rominiecki and James Royo. Engineered by Gregg Rominiecki and Rafael Fai Bautista.",2:38,,Album Track,Yes,https://open.spotify.com/track/0dDI9Y0qEQspYedfdi1vau?si=5bfc46c90467457e
Featuring Ty Dolla $ign,"It's Still Free TC
(feat. Big TC) (prod. Ty Dolla $ign)","OG Filename: 12. It's Still Free TC
Track 12 on Featuring Ty Dolla $ign. Features additional vocals from Big TC. Features guitar from Ty Dolla $ign.",0:33,,Album Track,Yes,https://open.spotify.com/track/4w3JREu4NHgJk4nwenLp7h?si=a829e38f23aa4323
Featuring Ty Dolla $ign,"Real Life
(feat. Roddy Ricch) (prod. Mustard & GYLTTRYP)","OG Filename: 13REAL_1
Track 13 on Featuring Ty Dolla $ign. Programmed by Mustard. Written by Dijon McFarlane, Jazzae De Waal, Nye Lee Jr., Rodrick Moore, Shah Rukh Zaman Khan, and Tyrone Griffin Jr. Mixed by James Royo, Derek ""MixedByAli"" Ali, Curtis ""Sircut"" Bye, and Yada Yada. Engineered by James Royo and Rafael Bautista.",2:45,,Album Track,Yes,https://open.spotify.com/track/5s14v7sHVghrPTS2CLgzI1?si=29d8a366da1f4e5e
Featuring Ty Dolla $ign,"Nothing Like Your Exes
(prod. Ty Dolla $ign, GYLTTRYP, Mike Crook, Nye Lee, Gabe Shaddow & damn james!)","OG Filename: 14. Nothing Like Your Exes
Track 14 on Featuring Ty Dolla $ign. Written by Chaka Khan, James Royo, Jazzaé De Waal, Melvin Moore, Michael Crook, Nye Lee Jr., Shah Rukh Zaman Khan, Tony Maiden, Tyrone Griffin Jr., Anthony Clemons Jr., and Gabe Shaddow. Mixed by James Royo, Nate Graves, and Yada Yada. Engineered by Ty Dolla $ign, James Royo, Rafael Fai Bautista, and Andrew Keller.",2:39,,Album Track,Yes,https://open.spotify.com/track/4SU9mnYWIdqNU4drmm5MGk?si=196f33ced47d4726
Featuring Ty Dolla $ign,"By Yourself
(feat. Jhené Aiko) (prod. Mustard & GYLTTRYP)","OG Filename: Ty Dolla $ign - By Yourself (feat. Jhene Aiko & Mustard)
Track 15 on Featuring Ty Dolla $ign. Released as a single on February 2, 2021. Guitar played by Brandon Chapman. Strings played by Johan Lenox. Keyboards done by Camper. Written by Dijon McFarlane, Melvin Moore, Nye Lee Jr., Shah Rukh Zaman Khan, Tyrone Griffin Jr., Jhene Aiko Chilombo, and R. Kelly. Mixed by James Royo, Andrew Keller, and Yada Yada. Mastered by Mike Bozzi. Engineered by Ty Dolla $ign, Rafael Fai Bautista, and James Royo.",2:28,,Album Track,Yes,https://open.spotify.com/track/1psvnQxSDdIKTDM2Jm8QKt?si=2d11b1d0b3a3411d
Featuring Ty Dolla $ign,"Universe
(feat. Kehlani) (prod. d.a. got that dope)","OG Filename: 16. Universe feat. Kehlani
Track 16 on Featuring Ty Dolla $ign. Programming done by d.a. got that dope. Written by David Doman, Justin Thomas, Matthew Haze, Tyrone Griffin Jr., Jauregui Lauren Michelle, and Kehlani Ashley Parrish. Mixed by Rafael Fai Bautista, James Royo, and Grace Royo. Engineered by Rafael Fai Bautista, Robert ""Z"" Zarate, and Nate Graves.",3:40,,Album Track,Yes,https://open.spotify.com/track/5waFNguEkggHt2R05RxNBp?si=28c79b3cdcaf4b89
Featuring Ty Dolla $ign,"Lift Me Up
(feat. Future & Young Thug) (prod. Ty Dolla $ign, Cicero, Gabe Shaddow, damn james! & DY Krazy)","OG Filename: 17LIFT_1
Track 17 on Featuring Ty Dolla $ign. Written by Dwan Avery, James Royo, Jeffery Williams, Nayvadius Wilburn, Rahshan Kyles, Tyrone Griffin Jr., and Gabe Shaddow. Mixed by James Royo and Yada Yada. Engineered by Eric Manco and Rafael Fai Bautista.",3:31,,Album Track,Yes,https://open.spotify.com/track/0PPcv1x7uCQAe3oF2j66io?si=ecf2fc910d144bbf
Featuring Ty Dolla $ign,"Time Will Tell
(prod. Charlie Handsome, Wheezy & D'Mile)","OG Filename: 18. Time Will Tell
Track 18 on Featuring Ty Dolla $ign. Features bass from Thundercat. Written by Dernst Emile II, Jazzaé De Waal, Nija Charles, Ryan Vojtesak, Tyrone Griffin Jr., and Wesley Tyler Glass. Mixed by Rafael Fai Bautista, James Royo, Nightcrawler, and Roscoe. Engineered by Rafael Fai Bautista and Robert ""Z"" Zarate.",2:48,,Album Track,Yes,https://open.spotify.com/track/30iYVELFKzXdKReWpZXgcn?si=97664da15b9d424f
Featuring Ty Dolla $ign,"Dr. Sebi
(feat. Young Thug) (prod. D'Mile)","OG Filename: 19. Dr. Sebi
Track 19 on Featuring Ty Dolla $ign. Written by Ty Dolla $ign. Engineered by Young Thug.",1:09,,Album Track,Yes,https://open.spotify.com/track/0LOldiUHN4RXeiJFKW5szX?si=1147c69f64e240d6
Featuring Ty Dolla $ign,"Powder Blue
(feat. Gunna) (prod. Ty Dolla $ign, Jasper Harris, Chordz & Kayron)","OG Filename: 20. Powder Blue feat. Gunna
Track 20 on Featuring Ty Dolla $ign. Written by Jasper Harris, Melvin Moore, Tyrone Griffin Jr., Marlon Barrow, Sergio Kitchens, and Romie Stephen. Mixed by James Royo and Grace Royo. Engineered by Robert ""Z"" Zarate, Marlon Barrow, Rafael Fai Bautista, and Nate Graves.",2:29,,Album Track,Yes,https://open.spotify.com/track/6rSMzTFlWhwMRATElojc2z?si=ed56468e9a914aa2
Featuring Ty Dolla $ign,"Everywhere
(prod. Ty Dolla $ign, BONGO ByTheWay & Mustard)","OG Filename: 21. Everywhere
Track 21 on Featuring Ty Dolla $ign. Written by Dijon McFarlane, Poo Bear, Nye Lee Jr., Tyrone Griffin Jr., Uforo Ebong, and Mike Lowrey. Mixed by James Royo, Nate Graves, and Yada Yada. Engineered by Rafael Fai Bautista and James Royo.",3:00,,Album Track,Yes,https://open.spotify.com/track/5BNSWQ6yvacTUfTpFtT5dk?si=e3ecefbac1a040b0
Featuring Ty Dolla $ign,"Slow It Down
(prod. CJ Branch, J Proof & Pop Wansel)","OG Filename: 22. Slow It Down
Track 22 on Featuring Ty Dolla $ign. Features guitar from Harry Wilson. Written by Andrew Wansel, Curtis Gadson, Glenda Proby, Jameel Roberts, Tyrone Griffin Jr., Clarence Branch, Ron Sanders, and Roz Newberry. Mixed by James Royo, Nate Graves, and Yada Yada. Engineered by Rafael Fai Bautista, Robert ""Z"" Zarate, and James Royo.",3:33,,Album Track,Yes,https://open.spotify.com/track/1K56PsFrbHMJNBKutg6flz?si=eebe031fc8dc4319
Featuring Ty Dolla $ign,"Your Turn
(feat. Musiq Soulchild, Tish Hyman & 6LACK) (prod. Ty Dolla $ign, Ali P, D'Mile & David Kuncio)","OG Filename: 23YOUR_1
Track 23 on Featuring Ty Dolla $ign. Written by Tish Hyman, Aliandro Prawl, Andre Harris, Dernst Emile II, Ricardo Valentine, Tyrone Griffin Jr., and David Kuncio. Mixed by Rafael Fai Bautista, Jared Gagarin, Nate Graves, and Brian Watters. Engineered by James Royo, Matthew Wilson, and Ruben Jigga Pinto.",5:19,,Album Track,Yes,https://open.spotify.com/track/29zlMCUoFqwWMMTFwY7rTI?si=8af47a8610c74c25
Featuring Ty Dolla $ign,"Return
(feat. Big TC) (prod. Ty Dolla $ign)","OG Filename: 24. Return
Track 24 on Featuring Ty Dolla $ign. Features additional vocals from Big TC. Features guitar from Ty Dolla $ign. Written by Ty Dolla $ign.",0:26,,Album Track,Yes,https://open.spotify.com/track/7fkB3wjm6dGhIwDbALYNmN?si=5b6794abac6d4e69
Featuring Ty Dolla $ign,"Ego Death
(feat. Kanye West, FKA twigs, serpentwithfeet, Angela Davis & JEHREEUS) (prod. Skrillex, BoogzDaBeast, Ty Dolla $ign & Diplo)","OG Filename: Ty Dolla $ign - Ego Death (feat. Kanye West, FKA twigs & Skrillex)
Track 25 on Featuring Ty Dolla $ign. Released as a single on July 1st, 2020. Features additional vocals from serpentwithfeet, Angela Davis, and JEHREEUS. Written by Kanye West, Connor Bradley Smith, Craig Ritchie-Allan, Dana Owens, Jahmal Gwin, Jason Brunton, John Ciafone, Josiah Wise, Lem Springsteen, Mark Howard James, Ralphi Rosario, Robert Brackins III, Skrillex, Stephanie Victoria Allen, Sylvester Stewart, Tyrone Griffin Jr., Ultra Naté, and Tahliah Barnett. Mixed by Skrillex. Mastered by Mike Bozzi. Engineered by James Royo and Rafael Bautista. Samples ""Da Soul Track"" by Methodology, ""Free"" by Ultra Naté, ""You Used to Hold Me"" by Ralphi Rosario, and ""Dance for Me"" by Queen Latifah.",3:51,,Album Track,Yes,https://open.spotify.com/track/1mtLPUyH34kolgEy1VOBc0?si=9be7dbd88f154e37
"11 Album Track(s)
0 Single(s)
0 Feature(s)
0 Production
0 Other","Cheers to the Best Memories
(Collaboration with dvsn as ÷$)","(??/??/2018) (Ty and Daniel both link up at a party hosted by Drake)
(08/20/2021) (Cheers to the Best Memories officially releases)",,,Other,,
Cheers to the Best Memories,"Memories
(prod. Nineteen85 & 40)","Track 1 on Cheers to the Best Memories. Released as a single on August 18, 2021. Piano and talkbox played by Mike Moore. Features violin from Yasmeen Al-Mazeedi and Eric Kim. Keyboards and programming done by Paul Jefferies and Noah Shebib. Written by Daniel Daley, Paul Jefferies, Tyrone Griffin Jr., Keith Sweat, Roy Murray, Anthony Johnson, and Noah Shebib. Strings arranged by Johan Lenox. Mixed by Manny Marroquin, Anthony Vilchis, Trey Station, and Zach Pereyra. Mastered by Chris Athens, Dave Huffman, and Harrison Holmes. Engineered by Rafael Fai Bautista. Samples ""Freak Me"" by Silk.",2:44,,Album Track,Yes,https://open.spotify.com/track/1ENMwElCCao8ejBvXCjWN1?si=8c124bf030c8452c
Cheers to the Best Memories,"Don't Say a Word
(prod. Nineteen85 & 40)","Track 2 on Cheers to the Best Memories. Keyboards and programming done by Paul Jefferies and Noah Shebib. Written by Daniel Daley, Paul Jefferies, Tyrone Griffin Jr., and Noah Shebib. Mixed by Manny Marroquin, Anthony Vilchis, Trey Station, and Zach Pereyra. Mastered by Chris Athens, Dave Huffman, and Harrison Holmes. Engineered by James Royo, Noah Shebib, and Jeff Crake.",3:31,,Album Track,Yes,https://open.spotify.com/track/3LHWXFE4mKwcjjjf1GbY99?si=a7dde9e1a7d1461b
Cheers to the Best Memories,"Can You Take It (Interlude)
(prod. Nineteen85 & Joe Reeves)","Track 3 on Cheers to the Best Memories. Keyboards and programming done by Paul Jefferies and Joe Reeves. Written by Daniel Daley, Joe Reeves, Paul Jefferies, and Tyrone Griffin Jr. Mixed by Manny Marroquin, Trey Station, Zach Pereyra, and Anthony J Vilchis. Mastered by Chris Athens, David Huffman, and Harrison Holmes. Engineered by Ty Dolla $ign and James Royo.",1:48,,Album Track,Yes,https://open.spotify.com/track/411qflX72pcTKQSJOHopQS?si=35708e7199a54179
Cheers to the Best Memories,"Outside
(prod. Daoud, G. Ry & Tee Romano)","Track 4 on Cheers to the Best Memories. Keyboards played by G. Ry, Tee Romano, Ryan Alexander Martinez, Joe Reeves, and Luc Daoud Klein. Programmed by G. Ry, Tee Romano, Ryan Alexander Martinez, and Luc Daoud Klein. Written by Daniel Daley, Luc Daoud Klein, Tyrone Griffin Jr., Ryan Alexander Martinez, and Terence Williams. Mixed by Manny Marroquin, Trey Station, Zach Pereyra, and Anthony J Vilchis. Mastered by Chris Athens, Dave Huffman, and Harrison Holmes. Engineered by Rafael Fai Bautista, Gabe Shaddow, and Nate Graves.",3:08,,Album Track,Yes,https://open.spotify.com/track/4Pws0SwDkUkQMgwhg1uEDe?si=b1e74b2ef6e74b02
Cheers to the Best Memories,"Can't Tell
(feat. YG) (prod. Nineteen85)","Track 5 on Cheers to the Best Memories. Keyboards and programming done by Paul Jefferies. Written by Daniel Daley, Paul Jefferies, T. Cook, Tyrone Griffin Jr., Keenon Jackson, Alphonso Jordan, Demetrius Stewart, and Lorenzo Jordan. Mixed by Manny Marroquin, Trey Station, Zach Pereyra, and Anthony J Vilchis. Mastered by Chris Athens, Dave Huffman, and Harrison Holmes. Engineered by Ty Dolla $ign, James Royo, Rafael Fai Bautista, Patrick Plummer, and Jeff Crake.",3:26,,Album Track,Yes,https://open.spotify.com/track/7JRUWpEZjMxFU49frEzqOl?si=4cc020cf8ab642a3
Cheers to the Best Memories,"Somebody That You Don't Know
(feat. Rauw Alejandro) (prod. Ty Dolla $ign, Murda Beatz, Jeff Gitelman, Jermaine Dupri & Nineteen85)","Track 6 on Cheers to the Best Memories. Keyboards and programming done by Paul Jefferies, Shane Lindstrom, and Murda Beatz. Strings played by Peter Lee Johnson. Written by Jeff ""Gitty"" Gitelman, Jermaine Dupri Mauldin, Daniel Daley, Paul Jefferies, Shane Lindstrom, Tyrone Griffin Jr., and Raul Alexander. Mixed by Jaycen Joshua. Mastered by Chris Athens, Dave Huffman, and Harrison Holmes. Engineered by Ty Dolla $ign, James Royo, Rafael Fai Bautista, and Jeff Crake.",2:56,,Album Track,Yes,https://open.spotify.com/track/0lljBJMLGcTLm5Zn4KxQBH?si=53e767ecab564092
Cheers to the Best Memories,"Fight Club
(prod. Dre Pinckney, damn james! & Ty Dolla $ign)","Track 7 on Cheers to the Best Memories. Keyboards played by damn james! and Ty Dolla $ign. Programmed by Andre Pinckney, damn james!, and Ty Dolla $ign. Written by Andre Pinckney, James Royo, Daniel Daley, Terius Gray, and Tyrone Griffin Jr. Mixed by Manny Marroquin, Trey Station, Zach Pereyra, and Anthony J Vilchis. Mastered by Chris Athens, Dave Huffman, and Harrison Holmes. Engineered by James Royo, Tyrone Griffin Jr., Rafael Fai Bautista, and Jeff Crake.",2:18,,Album Track,Yes,https://open.spotify.com/track/11VkGCtNEIFEFBTptFJzEA?si=d01f040f31094ced
Cheers to the Best Memories,"Rude (Ty Dolla $ign Interlude)
(prod. Coop the Truth, Mike Woods & Nascent)","Track 8 on Cheers to the Best Memories. Keyboards and programming done by Mike Woods and Nascent. Written by Mike Woods, Tyrone Griffin Jr., Christian Ward, Christopher Ruelas, Cooper McGill, and Ivory Scott. Mixed by Manny Marroquin, Trey Station, Zach Pereyra, and Anthony J Vilchis. Mastered by Chris Athens, Dave Huffman, and Harrison Holmes. Engineered by Rafael Fai Bautista and Piéce Eatah.",1:35,,Album Track,Yes,https://open.spotify.com/track/4z4WuGUCY0nMyeFL9Kwa5p?si=018e7d79f03d47d6
Cheers to the Best Memories,"Better Yet (dvsn Interlude)
(prod. Nineteen85 & Ging)","Track 9 on Cheers to the Best Memories. Keyboards and programming done by Paul Jefferies, Frank Dukes, and A. Feeney. Written by Paul Jefferies, Daniel Daley, and Frank Dukes. Mixed by Manny Marroquin, Trey Station, Zach Pereyra, and Anthony J Vilchis. Mastered by Chris Athens, Dave Huffman, and Harrison Holmes. Engineered by Rafael Fai Bautista.",2:34,,Album Track,Yes,https://open.spotify.com/track/6u9NdgNNpp87JbxWOnCm5G?si=e7a62fbbb59947ba
Cheers to the Best Memories,"Wedding Cake
(feat. serpentwithfeet) (prod. Mike Moore)","Track 10 on Cheers to the Best Memories. Background vocals provided by serpentwithfeet. Keyboards and programming done by Mike Moore. Features violin from Yasmeen Al-Mazeedi. Strings played by Peter Lee Johnson. Written by Daniel Daley, Tyrone Griffin Jr., and Michael Faulkner. Mixed by Manny Marroquin, Trey Station, Zach Pereyra, and Anthony J Vilchis. Mastered by Chris Athens, Dave Huffman, and Harrison Holmes. Engineered by Ty Dolla $ign, James Royo, Rafael Fai Bautista, and Jeff Crake.",4:06,,Album Track,Yes,https://open.spotify.com/track/3WYO30U2xhZaIpGiLiAfVf?si=7ebbdc2e18364bef
Cheers to the Best Memories,"I Believed It
(feat. Mac Miller) (prod. Nineteen85 & Ty Dolla $ign)","Track 11 on Cheers to the Best Memories. Released as a single on June 30, 2021. Keyboards and programming done by Ty Dolla $ign and Paul Jefferies. Features violin from Yasmeen Al-Mazeedi and Eric Kim. Strings played by Peter Lee Johnson. Written by Daniel Daley, Paul Jefferies, Tyrone Griffin Jr., Malcolm McCormick, Norman Harris, and Allan Wayne Felder. Arranged by Johan Lenox. Mixed by Manny Marroquin, Anthony Vilchis, Trey Station, Zach Pereyra. Mastered by Chris Athens, Dave Huffman, and Harrison Holmes. Engineered by Ty Dolla $ign, James Royo, Rafael Fai Bautista, Vic Wainstein, Malcolm McCormick, and Jeff Crake. Samples ""(You're Living In A) Dream World"" by The Continental IV.",4:06,,Album Track,Yes,https://open.spotify.com/track/2S443LbscYVkdv9LDUJlBn?si=ca7ff3ddea014152
"0 Album Track(s)
4 Single(s)
41 Feature(s)
0 Production
0 Other",Beach House 4 [V1],"(10/23/2020) (Featuring Ty Dolla $ign officially releases)
(06/29/2023) (Ty Dolla $ign goes to Tokyo to work with Ye)",,,Other,,
Beach House 4 [V1],"Ariana Grande - safety net
(feat. Ty Dolla $ign) (prod. Keys Open Doors, Leon Thomas, The Rascals & TBHits)",Track 7 on Ariana Grande's Positions.,,,Feature,Yes,
Beach House 4 [V1],"Juicy J - SHE GON POP IT
(feat. Megan Thee Stallion & Ty Dolla $ign) (prod. TrapMoneyBenny & Juicy J)",,2:44,,Feature,Yes,
Beach House 4 [V1],"2 Chainz - Can't Go For That
(feat. Ty Dolla $ign, Lil Duval & Daryl Hall & John Oates) (prod. Beatsbyjblack)",Track 5 on 2 Chainz' So Help Me God!.,,,Feature,Yes,
Beach House 4 [V1],"Blxst - Chosen
(with Tyga) (feat. Ty Dolla $ign) (prod. JFK Beatz, ThaRealCstylez & Blxst)",Track 12 on Blxst's No Love Lost (Deluxe).,,,Feature,Yes,
Beach House 4 [V1],"Eminem - Favorite Bitch
(feat. Ty Dolla $ign) (prod. mjNichols & BlackNailz)",Track 6 on Eminem's Music to Be Murdered By: Side B.,,,Feature,Yes,
Beach House 4 [V1],"Spicy (Remix)
(feat. Post Malone, Tyga, J Balvin & YG) (prod. Ty Dolla $ign, damn james! & Westen Weiss)","Released as a single on January 29, 2021.",3:41,,Single,Yes,https://open.spotify.com/track/4Ae2ORKCPbA8L67WWFmVEV?si=eae030ab087d4442
Beach House 4 [V1],"By Yourself (Remix)
(feat. Bryson Tiller & Jhené Aiko) (prod. Mustard & GYLTTRYP)","Released as a single on March 19, 2021.",3:04,,Single,Yes,https://open.spotify.com/track/7ynCvGoSYmyMyEh3F9p0mX?si=c536b3c28ef04a19
Beach House 4 [V1],"YBN Nahmir - Still (Family)
(with Ty Dolla $ign) (prod. Bubba Doran, Dj Nové LR Beats, Mannie íL & Sentro)",Track 1 on YBN Nahmir's VISIONLAND.,,,Feature,Yes,
Beach House 4 [V1],"YG & Mozzy - Vibe With You
(feat. Ty Dolla $ign) (prod. Tariq Beats, Paul Cabbin & Dave-O)",Track 5 on YG and Mozzy's Kommunity Service.,3:08,,Feature,Yes,https://open.spotify.com/track/4Iu2BeSujuebhl4hm3GS8D?si=d23032ca61be4449
Beach House 4 [V1],"H.E.R. - Back of My Mind
(feat. Ty Dolla $ign) (prod. Camper, Flippa, H.E.R. & Jeff Robinson)",Track 2 on H.E.R.'s Back of My Mind.,3:41,,Feature,Yes,https://open.spotify.com/track/0NYEdeOOdXN6Nw2AeKecSJ?si=7510cef885cb4a3f
Beach House 4 [V1],"Tyler, The Creator - WUSYANAME
(feat. YoungBoy Never Broke Again & Ty Dolla $ign) (prod. Tyler, The Creator)","Track 4 on Tyler, The Creator's CALL ME IF YOU GET LOST.",2:02,,Feature,Yes,
Beach House 4 [V1],"Dwn2earth - Don't Play With Me
(feat. Ty Dolla $ign) (prod. Dwn2earth)","Released as a single on July 9, 2021.",3:30,,Feature,Yes,https://open.spotify.com/track/3XmgnyjvPDxPyKT5jjf1Na?si=75d2c05c7c6d4c22
Beach House 4 [V1],"Sean Paul - Only Fanz
(feat. Ty Dolla $ign) (prod. Jason Henriques, Sean Paul & Banx & Ranx)",Track 4 on Sean Paul's Scorcha.,,,Feature,Yes,
Beach House 4 [V1],"Kanye West - Junya pt 2
(feat. Playboi Carti & Ty Dolla $ign) (prod. Kanye West, Digital Nas, Ojivolta, Roark Bailey & Twisco)",Track 26 on Kanye West's Donda.,3:02,,Feature,Yes,
Beach House 4 [V1],"Drake - Get Along Better
(feat. Ty Dolla $ign) (prod. Nineteen85, 40 & Noel Cadastre)","Track 17 on Drake's Certified Lover Boy. Written by Noel Cadastre, Paul Jefferies, Aubrey Drake Graham, Noah Shebib, and Tyrone Griffin Jr. Mixed by Noah Shebib. Engineered by Noel Cadastre and Noah Shebib.",3:49,,Feature,Yes,https://open.spotify.com/track/5ScbulRnixQ2XAdvrPMFjz?si=48303763a0144eff
Beach House 4 [V1],"Hitmaka & Queen Naija - Quickie
(feat. Ty Dolla $ign) (prod. Hitmaka & SkipOnDaBeat)",,,,Feature,Yes,
Beach House 4 [V1],"G-Eazy - No More
(feat. Ty Dolla $ign) (prod. BlueySport, William Van Zandt, damn james! & Ty Dolla $ign)",Track 16 on G-Eazy's These Things Happen Too.,,,Feature,Yes,
Beach House 4 [V1],"Sena Kana - Show Me
(feat. Ty Dolla $ign) (prod. Poo Bear)",Track 1 on Sena Kana's Show Me.,3:43,,Feature,Yes,
Beach House 4 [V1],"French Montana - Striptease
(with Ty Dolla $ign & Latto) (prod. SkipOnDaBeat, Chrishan, Aye YB & Hitmaka)",Track 15 on French Montana's They Got Amnesia.,,,Feature,Yes,
Beach House 4 [V1],"Berner - Slow Down
(feat. Ty Dolla $ign) (prod. Cozmo & Vidal Garcia)",Track 9 on Berner's GOTTI.,3:18,,Feature,Yes,
Beach House 4 [V1],"Roddy Ricch - slow it down
(feat. Alex Isley & Ty Dolla $ign) (prod. Keefa & DKeyz)",Track 9 on Roddy Ricch's LIVE LIFE FAST.,,,Feature,Yes,
Beach House 4 [V1],"Dr. Dre - Diamond Mind
(with Nipsey Hussle & Ty Dolla $ign) (feat. Marsha Ambrosius) (prod. Dr. Dre, The Alchemist & Mike & Keys)","Track 6 on Rockstar Games' GTA Online: The Contract. Released as a single on February 4, 2022.",4:53,,Feature,Yes,https://open.spotify.com/track/6v9trAkgvJuexOnxQXum0h?si=8a6f6ff8798848df
Beach House 4 [V1],"Champions
(feat. Wiz Khalifa & Jacob Collier) (prod. Ty Dolla $ign, Ghostrage, GYRY, OG Parker, Section 8 & G. Ry)","Released as a single on February 18, 2022.",2:38,,Single,Yes,https://open.spotify.com/track/6MBBMgzOJjVsBuhZglGJXw?si=cbf654006e0a490d
Beach House 4 [V1],"Rauw Alejandro - NO DRAMA
(with Ty Dolla $ign) (prod. Kardu, Caleb Calloway & OG Parker)",Track 5 on Rauw Alejandro's TRAP CAKE VOL. 2.,,,Feature,Yes,
Beach House 4 [V1],"Anitta - Gimme Your Number
(with Ty Dolla $ign) (prod. VanRiper, BeazyTymes & DJ Ruckus)",Track 9 on Anitta's Versions of Me.,,,Feature,Yes,
Beach House 4 [V1],"Leon Thomas - Love Jones
(with Ty Dolla $ign) (prod. Leon Thomas, Ali Roots & Axlfolie)","Track 4 on Leon Thomas' Electric Dusk. Released as a single on August 5, 2022. Notably the first released collaboration between Ty and his at-the-time future signee, Leon Thomas. Written by Leon Thomas, Axel Morgan, Aliandro Prawl, Tyrone Griffin Jr., and Darhyl Camper Jr. Mixed by Leon Thomas and Treyvonce Moore. Mastered by Gene Grimaldi. Engineered by Leon Thomas and Treyvonce Moore.",3:04,,Feature,Yes,https://open.spotify.com/track/1X2Ec2pLTtapRlpECgnGdN?si=5596302f6e924610
Beach House 4 [V1],"The Game - Change the Game
(feat. Ty Dolla $ign) (prod. Hit-Boy)",Track 8 on The Game's DRILLMATIC.,,,Feature,Yes,
Beach House 4 [V1],"John Legend - Splash
(feat. Ty Dolla $ign & Jhené Aiko) (prod. Tone Jones, Akeel & Kofo)",Track 7 on John Legend's LEGEND.,,,Feature,Yes,
Beach House 4 [V1],"MoneySign Suede - Pistol Packin
(feat. Ty Dolla $ign) (prod. Asaiah Ziv)",Track 9 on MoneySign Suede's Parkside Baby.,2:03,,Feature,Yes,https://open.spotify.com/track/6Cel5MA3hUownZYYp13pO6?si=c12f92283f734d7c
Beach House 4 [V1],"Kid Cudi - Willing To Trust
(with Ty Dolla $ign) (prod. Dot Da Genius, E.VAX & Ramii)","Track 7 on Kid Cudi's Entergalactic. Released as a single on September 23, 2022. Written by Scott Mescudi, Tyrone Griffin Jr., Oladipo Omishore, Evan Mast, and Rami Eadeh. Mixed by William J. Sullivan. Mastered by Joe LaPorta. Engineered by William J. Sullivan and Chris Kahn.",4:42,,Feature,Yes,https://open.spotify.com/track/6TQs1M73R9aPqjqWvbNu22?si=93c80130955a46c6
Beach House 4 [V1],"Kid Cudi - Can't Shake Her
(with Ty Dolla $ign) (prod. Kid Cudi & Dot Da Genius)",Track 11 on Kid Cudi's Entergalactic.,,,Feature,Yes,
Beach House 4 [V1],"Yung Bleu - Feel It Inside
(feat. Ty Dolla $ign) (prod. James Koo)","Track 15 on Yung Bleu's TANTRA. Released as a single on January 10th, 2023.",2:58,,Feature,Yes,https://open.spotify.com/track/0qmLXkEOcYS9lwXlBX9Zdw?si=551e94e26a4e4a38
Beach House 4 [V1],"Roddy Ricch - #1 Freak
(feat. Ty Dolla $ign) (prod. Turbo, 254Bodi, Adriano Allaverdi & Zoo Kids)",Track 12 on Roddy Ricch's Feed Tha Streets III.,,,Feature,Yes,
Beach House 4 [V1],"2022
(prod. Adam Vadel)","Released as a single on December 30, 2022. Written by Adam Vadel, Latisha Hyman, and Tyrone Griffin Jr. Mixed and mastered by James Royo. Engineered by Rafael Fai Bautista.",2:45,,Single,Yes,https://open.spotify.com/track/54iEZINzQt6ltApofgtCpO?si=f7a1ea822c1b4cce
Beach House 4 [V1],"Mario - Used To Me
(feat. Ty Dolla $ign) (prod. D'Mile)","Released as a single on February 14, 2023.",2:47,,Feature,Yes,https://open.spotify.com/track/1muiS9jrDUTADqIE7yKuYV?si=b85153cf9a74401c
Beach House 4 [V1],"03 Greedo - Coi Leray Diamonds
(feat. Ty Dolla $ign) (prod. 12Hunna, Shoki, Reapyy & Belin)",,3:08,,Feature,Yes,
Beach House 4 [V1],"Major Lazer & Major League DJz - Oh Yeah
(feat. Ty Dolla $ign) (prod. Diplo, Major League DJz & Conlan Boniface)",,3:36,,Feature,Yes,
Beach House 4 [V1],"Major Lazer & Major League DJz - Oh Yeah [Extended]
(feat. Ty Dolla $ign) (prod. Diplo, Major League DJz & Conlan Boniface)",,6:52,,Feature,Yes,
Beach House 4 [V1],"Major Lazer & Major League DJz - Smoking & Drinking
(feat. Ty Dolla $ign & Chanel Tres) (prod. Diplo & Major League DJz)",,4:22,,Feature,Yes,
Beach House 4 [V1],"Major Lazer & Major League DJz - Smoking & Drinking [Extended]
(feat. Ty Dolla $ign & Chanel Tres) (prod. Diplo & Major League DJz)",,7:28,,Feature,Yes,
Beach House 4 [V1],"Lil Pump - She Know
(feat. Ty Dolla $ign) (prod. Roark Bailey, Keyz Bridgez, Ponzoo, Dejuan Cross & Philip Cornish)",Track 9 on Lil Pump's Lil Pump 2.,,,Feature,Yes,
Beach House 4 [V1],"Yung Bleu - Waterfalls
(with Ty Dolla $ign) (prod. Hitmaka, Romano & xynothing)",Track 5 on Yung Bleu's Love Scars II.,,,Feature,Yes,
Beach House 4 [V1],"Diddy - Mind Your Business (Bosses in Love)
(with Kehlani & Ty Dolla $ign) (feat. NOVA WAV, Charlie Wilson, Jagged Edge, James Fauntleroy, Kelly Price, Sevyn Streeter & Stacy Barthe) (prod. Diddy, Roark Bailey, Slimwav, Nineteen85 & Ghost Kid)","Track 14 on Diddy's The Love Album: Off The Grid. Written by Sean Combs, Tyrone Griffin Jr., Kehlani Ashley Parrish, Kendall Roark Bailey, Jerome Monroe, Paul Jefferies, Paul Dawson, Daniel Anthony Daley, Brandon Robertson, Denisia Andrews, James Fauntleroy, and Brittany Coney. Mixed by Najeeb Jones and Morning Estrada.",4:51,,Feature,Yes,https://open.spotify.com/track/2yFSWQW0fYm0MjLktlg5fy?si=6b80cb6e6b9546f6
Beach House 4 [V1],"Diddy - Mind Your Business
(with Kehlani & Ty Dolla $ign) (feat. Charlie Wilson, Jagged Edge, James Fauntleroy, Kelly Price, Sevyn Streeter & Stacy Barthe) (prod. Diddy, Roark Bailey, Slimwav & Nineteen85)","Track 15 on Diddy's The Love Album: Off The Grid (Extended). Written by Sean Combs, Tyrone Griffin Jr., Kehlani Ashley Parrish, Kendall Roark Bailey, Jerome Monroe, Paul Jefferies, Paul Dawson, Daniel Anthony Daley, Brandon Robertson, Denisia Andrews, James Fauntleroy, and Brittany Coney. Mixed by Najeeb Jones and Morning Estrada.",3:58,,Feature,Yes,https://open.spotify.com/track/0WKNwJxq6F4fyQziKSoYJ7?si=d9a7f1d887a0478a
Beach House 4 [V1],"Diddy - Reachin'
(with Ty Dolla $ign & Coco Jones) (feat. PARTYNEXTDOOR) (prod. Diddy, Ty Dolla $ign, Peter Lee Johnson, damn james!, Lil Cobaine, Stevie J, Roark Bailey & Lil Rod)","Track 16 on Diddy's The Love Album: Off The Grid. Track 17 on Diddy's The Love Album: Off The Grid (Extended). Written by Sean Combs, Tyrone Griffin Jr., James Royo, Cayman Cline, Peter Lee Johnson, Lydia Asrat, Courtney Jones, Jahron Brathwaite, Steven Jordan, Rodney Jones, and Kendall Roark Bailey.",3:12,,Feature,Yes,https://open.spotify.com/track/4eAaVD26PErfomvZlzdyxJ?si=83e7353722264212
"0 OG File(s)
0 Full
0 Tagged
0 Partial
0 Snippet(s)
0 Unavailable",Collaboration with Mustard,,,,,,
Mustard Collaboration,"My Friends
(feat. Lil Durk) (prod. Ty Dolla $ign, Mustard, Nic Nac, FNZ, Tom Levesque, Waterboy & Tyrone Griffin Sr.)","Released as a single on October 5, 2022. Written by Dijon McFarlane, Durk Banks, Isaac De Boni, Lucien Parker, Michael Mule, Nicholas Balding, Samin Khan, Tyrone Griffin Jr., Melvin Ray Moore, and Tom Levesque. Mixed by Rafael Fai Bautista, David Pizzimenti, Manny Marroquin, Trey Station, and Anthony Vilchis. Mastered by Nicholas De Porcel. Engineered by Justin Gibson.",2:38,,Single,Yes,https://open.spotify.com/track/0wTTf3msjDJ8NcZGTmQJQV?si=e4a511ac4f574b2c
Mustard Collaboration,"My Friends (NBA on ESPN Remix)
(prod. Ty Dolla $ign, Mustard, Nic Nac, FNZ, Tom Levesque, Waterboy & Tyrone Griffin Sr.)","Released as a single on October 14, 2022.",2:38,,Single,Yes,https://open.spotify.com/track/2ozgsfkVawagBdUPqeSy3S?si=797d918d97b94ca6
"0 OG File(s)
0 Full
0 Tagged
0 Partial
0 Snippet(s)
0 Unavailable",Dance EP,,,,,,
Dance EP,"Motion (Sped Up Version)
(prod. Stryv & Will Larsen)","Released as a single on May 31, 2023.",2:14,,Single,Yes,https://open.spotify.com/track/3TIHQv8cTEy3tqnQAXQFcS?si=e8d9a6f7ada9411a
Dance EP,"Motion
(prod. Stryv & Will Larsen)","Released as a single on June 1, 2023. Written by Chris Brown, Stryv, Jim Lavigne, Ty Dolla $ign, and Will Larsen. Mixed by Will Larsen. Mastered by Luca Pretolesi and Robert Guzman. Engineered by Fai.",2:28,,Single,Yes,https://open.spotify.com/track/4jeQnCp9IL3pbLPn0UjLmh?si=37b8c91e07de42e2
Dance EP,"Motion (Snakehips Remix)
(prod. Stryv, Will Larsen & Snakehips)","Released as a single on June 30, 2023.",2:43,,Single,Yes,https://open.spotify.com/track/3DwWk77tk5D0K6xdi2o3a5?si=a4569524463f4335
Dance EP,"Motion
(feat. Chris Brown) (prod. Stryv & Will Larsen)","Released as a single on July 17, 2023. Written by Chris Brown, Stryv, Jim Lavigne, Ty Dolla $ign, and Will Larsen. Mixed by Fai and Teezio. Mastered by Luca Pretolesi and Robert Guzman.",2:27,,Single,Yes,https://open.spotify.com/track/3TV0uB4XI6vBoN7MjOhiAC?si=cfb97ce264d44142
"16 Album Track(s)
10 Single(s)
1 Feature(s)
0 Production
0 Other","VULTURES 1
(Collaboration with Kanye West as ¥$)","(10/28/2023) (¥$ go to Saudi and the project becomes Vultures)
(02/10/2024) (VULTURES 1 is officially released)
(03/??/2024) (Updates for VULTURES 1 are scrapped)",,,Other,,
VULTURES 1,"Jay Worthy, Kamaiyah & Harry Fraud - Pull Up
(feat. Ty Dolla $ign) (prod. Harry Fraud & Tony Seltzer)","Track 4 on Jay Worthy, Kamaiyah, and Harry Fraud's THE AM3RICAN DREAM.",2:23,,Feature,Yes,https://open.spotify.com/track/3EbrFraYK4WGQBcmky1rIb?si=427dd821c59248d8
VULTURES 1,"VULTURES [V1]
(feat. Bump J & Lil Durk) (prod. Ty Dolla $ign, Jasper Harris, Gustave Rudman, Ambezza, Ojivolta, Adey, Chordz, Digital Nas, Fya Man, Juice & Kanye West)","OG Filename: ¥$ feat. Lil Durk x Bump J - Vultures (dirty)
First previewed in a recording from a hotel, and later was previewed in full on Power 92, then posted in full uncensored by Andrew Barber and appeared on Tidal and Amazon Music before being removed from both streaming services. Has the extra Bump J adlib and worse mixing.",4:36,,Single,No,https://pillows.su/f/d8627c4ea4e455c80f5e2a30b43ff30f
VULTURES 1,"VULTURES (Havoc Version)
(feat. Lil Durk & Bump J) (prod. Havoc & The Legendary Traxster)",Track 1 on the VULTURES PACK.,4:25,,Single,Yes,https://open.spotify.com/track/1AmRnoLEaq7E38IlFDjQRl?si=59b7f116e1674c33
VULTURES 1,"VULTURES
(feat. Bump J) (prod. Kanye West, Ty Dolla $ign, Ambezza, Adey, Chordz, Digital Nas, Fya Man, Gustave Rudman, Ojivolta & ProdByJuice)","Track 3 on the VULTURES PACK. Released as a single on November 1, 2023.",3:57,,Single,Yes,https://open.spotify.com/album/4BdfszFenZ1eMrISGvourZ?si=DLgDNBrKT9SNr4DpMbRWPg
VULTURES 1,"TALKING [V2]
(feat. North West) (prod. Kanye West, DJ Camper, Dom Maker, James Blake, Edsclusive & Swizz Beatz)","Version shortly uploaded on TikTok and removed swiftly. A different voice replaces James Blake and the piano is interpolated. Does not contain the ""Once Again"" section of the song.",1:25,,Single,No,https://pillows.su/f/8846543f78d40da67c9c62850592e708
VULTURES 1,"VULTURES (Juice Version) [Music Video Version]
(feat. Bump J & Lil Durk) (prod. Ty Dolla $ign, Jasper Harris, Gustave Rudman, Ambezza, Ojivolta, Adey, Chordz, Digital Nas, Fya Man, Juice & Kanye West)","Similar to release with Bump J & Lil Durk but features the extra Bump J adlib, no tag at the intro, a shorter and more uptempo outro and Kanye's 'Perfect!' tag at the end of the song. Circular music video version of the song.",4:25,,Single,No,https://pillows.su/f/8e75ce41e3e4ce46a3df3ebce995bdcd
VULTURES 1,"CARNIVAL (HOOLIGANS VERSION)
(feat. The Hooligans)","Track 3 on the CARNIVAL PACK. Released as a single on February 15, 2024.",4:19,,Single,Yes,https://open.spotify.com/track/57GrsjS4DFs0Tkhlj7wqys?si=256d932ced054ade
VULTURES 1,"CARNIVAL (INSTRUMENTAL)
(feat. The Hooligans) (prod. Ty Dolla $ign, Kanye West, Digital Nas, Ojivolta, TheLabCook & The Legendary Traxster)","Track 4 on the CARNIVAL PACK. Added to the CARNIVAL PACK on February 16, 2024.",4:24,,Single,Yes,https://open.spotify.com/track/2ZYmAgqtn5O9BJo9XBhIF0?si=c10b444ad83b49cb
VULTURES 1,"CARNIVAL (ACAPELLA)
(feat. Rich The Kid & Playboi Carti)","Track 5 on the CARNIVAL PACK. Released as a single on February 15, 2024.",4:24,,Single,Yes,https://open.spotify.com/track/1xuCXVmtMkkCgwcfum30vF?si=09fb12eff74144e7
VULTURES 1,"CARNIVAL [Music Video Version]
(feat. The Hooligans, Rich The Kid & Playboi Carti) (prod. Ty Dolla $ign, Kanye West, Digital Nas, Ojivolta, TheLabCook & The Legendary Traxster)","OG Filename: CARNIVAL_YExRAFMAN_4.5
Music video version of ""CARNIVAL"" with better mixing and a Spanish guy screaming ""Puro pinche carnival y no mamadas"".",4:21,,Single,No,https://pillows.su/f/a6332e256b83a5bef812a5dbac8fc999
VULTURES 1,"TALKING [Music Video Version]
(feat. North West & James Blake) (prod. Kanye West, James Blake, Camper, No I.D. & Edsclusive)","Music video version of ""Talking"" released on April 30, 2024. Has a new mix.",3:05,,Single,No,https://www.youtube.com/watch?v=owO44MQkgX0&feature=youtu.be
VULTURES 1,"STARS
(feat. The Hooligans) (prod. Kanye West, FNZ, JPEGMAFIA, SHDØW, The Legendary Traxster & Aver Ray)","Track 1 on VULTURES 1. Written by The Legendary Traxster, Ty Dolla $ign, Lucien Parker, JPEGMAFIA, Zac, Finatik, Quentin Miller, and Kanye West. Mastered by Mike Tucci. Samples vocals from ""Good Luck"" by Dijon. Interpolates vocals from ""Junya pt 2"" by Kanye West.",1:55,,Album Track,Yes,https://open.spotify.com/track/347AQK5Lyhn6RvB8tBGYxt?si=82d5e721bad149cf
VULTURES 1,"KEYS TO MY LIFE
(feat. India Love, Faouzia & ???) (prod. Kanye West, VEYIS, Timbaland, Hubi, SHDØW & Vinnyforgood)","Track 2 on VULTURES 1. Written by Ty Dolla $ign, Kanye West, Timbaland, Digital Nas, Vinnyforgood, India Love, and VEYIS. Mastered by Mike Tucci.",2:54,,Album Track,Yes,https://open.spotify.com/track/7hVb3OyFkgxDgpTdrOX6dT?si=e55e91efefc7437a
VULTURES 1,"PAID
(feat. K-Ci) (prod. Anthony Kilhoffer, Kanye West, Stryv, Chrishan & Wax Motif)","Track 3 on VULTURES 1. Written by Anthony Kilhoffer, Chrishan, Ty Dolla $ign, Ant Clemons, K-Ci, François Beaune, Joel Hailey, and Kanye West. Mastered by Mike Tucci. Interpolates ""Roxanne"" by The Police and ""Get On Up"" by Jodeci.",3:15,,Album Track,Yes,https://open.spotify.com/track/2y4ZR0BUAVePljHSsZyIgj?si=9ea376c2c5914208
VULTURES 1,"TALKING
(with North West) (feat. James Blake) (prod. Kanye West, James Blake, Camper, No ID & Edsclusive)","OG Filename: VULT MV YexRaf Feb5 FINAL
Track 4 on VULTURES 1. Released as a single on February 7, 2024. Written by Ty Dolla $ign, North West, Kanye West, Ant Clemons, CyHi, No ID, James Blake, Camper, Mamii, Edsclusive, and Quentin Miller. Mastered by Mike Tucci.",3:06,,Album Track,Yes,https://open.spotify.com/track/6J4rRj2uVfziGMyfrPEPLo?si=3bdbd3e980364c22
VULTURES 1,"BACK TO ME
(feat. Freddie Gibbs, Quavo & 88-Keys) (prod. ¥$, 88-Keys, Wax Motif, AyoAA, Nic Nac, Count Bassy & Zach Frenes)","Track 5 on VULTURES 1. Adlibs provided by Quavo and 88-Keys. Drums produced by 88-Keys. Bass produced by AyoAA. Written by Kanye West, Ty Dolla $ign, AyoAA, Nic Nac, 88-Keys, MIKE DEAN, Wax Motif, Count Bassy, Quavo, Sasha Hashemi, Digital Nas, Freddie Gibbs, and François Beaune. Mastered by Mike Tucci. Samples Dogma (1999). Samples drums from ""Comin' From All Ends"" by The New Birth. Interpolates vocals from ""Rock Box"" by Run-DMC and ""Garden"" by Zach Frenes.",4:55,,Album Track,Yes,https://open.spotify.com/track/1icgLGTpX2fQXKRe4D7w2b?si=c5a52ce575704bb3
VULTURES 1,"HOODRAT
(prod. Kanye West, 88-Keys & Camper)","Track 6 on VULTURES 1. Written by Ty Dolla $ign, Kanye West, and 88-Keys. Mastered by Mike Tucci. Samples a Mike Tyson interview.",3:42,,Album Track,Yes,https://open.spotify.com/track/1eThXFmkENeSkdeLO8S86F?si=4a2860b33a9c45b4
VULTURES 1,"DO IT
(feat. YG) (prod. Kanye West, Chrishan, Cubeatz, DTP, LukasBL, Mustard, Wheezy & Aver Ray)","Track 7 on VULTURES 1. Written by Tim Gomringer, Ty Dolla $ign, Chrishan, Nipsey Hussle, DTP, Mustard, Kevin Gomringer, Derrick Ordogne, Kanye West, YG, Lamont Norman, LukasBL, and Wheezy. Mastered by Mike Tucci. Samples ""Back That Azz Up"" by Juvenile. Samples vocals from ""I Just Wanna Know"" by Nipsey Hussle.",3:45,,Album Track,Yes,https://open.spotify.com/track/2iGvsJuc2mC4mDVOVMNAP6?si=5f6a59b1d3b247c6
VULTURES 1,"PAPERWORK
(feat. Quavo) (prod. Kanye West, Digital Nas, DJ Roca & Dj Vitinho Beat)","Track 8 on VULTURES 1. Written by Ty Dolla $ign, Kanye West, Quavo, Digital Nas, DJ Vitinho Beat, and DJ Roca. Mastered by Mike Tucci.",2:25,,Album Track,Yes,https://open.spotify.com/track/2yyO7EKRr7c3txi4xCXUFk?si=d184d03d928047e0
VULTURES 1,"BURN
(prod. Kanye West, Leon Thomas, The Legendary Traxster, Azul Wynter, Chrishan & Rissi)","Track 9 on VULTURES 1. Written by Ty Dolla $ign, Chrishan, Leon Thomas, Azul Wynter, Kanye West, Rissi, and The Legendary Traxster. Mastered by Mike Tucci.",1:51,,Album Track,Yes,https://open.spotify.com/track/04CyMEHliadfQWMUJb1w99?si=8e27e6958ce44d8b
VULTURES 1,"FUK SUMN
(feat. Playboi Carti & Travis Scott) (prod. ¥$, JPEGMAFIA, Timbaland, 88-Keys, Chrishan, SHDØW, AyoAA, Hubi, BBYKOBE, Che Pope & The Legendary Traxster)","Track 10 on VULTURES 1. Written by Ty Dolla $ign, Kanye West, AyoAA, DJ Paul, Playboi Carti, Koopsta Knicca, Chrishan, JPEGMAFIA, BBYKOBE, Robert Mosley, Timbaland, Reverend W. A. Donaldson, Travis Scott, and 88-Keys. Mastered by Mike Tucci. Samples ""Smoking On A Junt"" by Koopsta Knicca. Samples a vocal from ""Baptizing Scene"" by Reverend W.A. Donaldson. Samples a vocal from ""Funky President (People It's Bad)"" by James Brown. Samples drums and a vocal from ""Stud-Spider"" by Tony Joe White.",3:29,,Album Track,Yes,https://open.spotify.com/track/5tEaVciE2GnR28aN6W9cLS?si=1087826c796b4803
VULTURES 1,"VULTURES [V2]
(feat. Bump J & Lil Durk) (prod. ¥$, Jasper Harris, Gustave Rudman, Ambezza, Ojivolta, Adey, Chordz, Digital Nas, Fya Man & Juice)","Track 11 on VULTURES 1. Track 2 on the VULTURES PACK. Released as a single on November 2, 2023. Written by Kanye West, Volta, Ty Dolla $ign, Bump J, Chordz, CyHi, Ambezza, Jasper Harris, Really Doe, Lil Durk, François Beaune, Gustave Rudman, Oji, Mowalola, Digital Nas, Orlando Wilder, and Wheezy. Mastered by Mike Tucci. Samples ""Joint 2"" by Jae Deal. Samples vocals from ""Pimpin & Robbin"" by Kingpin Skinny Pimp. Samples vocals from ""Cold"" by Kanye West.",4:36,,Album Track,Yes,https://open.spotify.com/track/3SIRBp4RRQ2AO5H4NO7xfq?si=62320e60f2c74046
VULTURES 1,"CARNIVAL
(feat. The Hooligans, Rich The Kid & Playboi Carti) (prod. ¥$, Digital Nas, Ojivolta, TheLabCook & The Legendary Traxster)","Track 12 on VULTURES 1. Tracks 1 and 2 on the CARNIVAL PACK. Released as a single on February 15, 2024. Written by Ty Dolla $ign, Kanye West, Volta, The Legendary Traxster, Playboi Carti, TheLabCook, Digital Nas, Rich The Kid, and Oji. Mastered by Mike Tucci.",4:24,,Album Track,Yes,https://open.spotify.com/track/3w0w2T288dec0mgeZZqoNN?si=c29cf4c230394777
VULTURES 1,"BEG FORGIVENESS
(feat. Chris Brown) (prod. Kanye West, London on da Track, Digital Nas, JPEGMAFIA, Anthony Kilhoffer & Aver Ray)","Track 13 on VULTURES 1. Written by Ty Dolla $ign, Kanye West, Chris Brown, London on da Track, Digital Nas, JPEGMAFIA, Anthony Kilhofer, Quentin Miller, Faouzia, and Aver Ray. Mastered by Mike Tucci. Interpolates ""Gabriel"" by Joe Goddard.",6:08,,Album Track,Yes,https://open.spotify.com/track/4ihV1wv7QmjbkLHaT9lA4s?si=7509ef76b4d84b5a
VULTURES 1,"GOOD (DON'T DIE)
(feat. J. Rey Soul) (prod. Kanye West, ​will.i.am, Johnny Goldstein & No I.D.)","OG Filename: 14 Good (Don't Die) Jrey Feb8th_MST
Track 14 on VULTURES 1. Removed from on all streaming services due to sample clearance issues.",3:19,,Album Track,No,"https://pillows.su/f/28938d29b4065e58626b4bd5799c8cd4
https://open.spotify.com/track/3Bhcq2VkdOXPTZYX7BzQt0?si=147d2bd93a5441e2"
VULTURES 1,"PROBLEMATIC
(prod. Chad Hugo, Kanye West, Słonka, 88-Keys & Camper)","Track 15 on VULTURES 1. Features french horn from Chad Hugo. Written by Chad Hugo, Ty Dolla $ign, 88-Keys, Camper, and Kanye West. Mastered by Mike Tucci.",3:14,,Album Track,Yes,https://open.spotify.com/track/5GtUTcvOx52F5648wXQfc7?si=d055c011eda94e04
VULTURES 1,"KING
(prod. Kanye West, Dez Wright, JPEGMAFIA, 88-Keys, Lester Nowhere & Wheezy)","Track 16 on VULTURES 1. Melody loop produced by Lester Nowhere. Additional samples produced by JPEGMAFIA. Written by 88-Keys, Freddie Gibbs, JPEGMAFIA, VIC MENSA, DMC, Dez Wright, Jam Master Jay, Rev Run, Kanye West, Ty Dolla $ign, and Wheezy. Mastered by Mike Tucci.",2:36,,Album Track,Yes,https://open.spotify.com/track/01Ho3efkRrIbYnWxISj05V?si=57e6c2c918f94a32
"72 Album Track(s)
3 Single(s)
2 Feature(s)
1 Production
0 Other","VULTURES 2
(Collaboration with Kanye West as ¥$)","(02/10/2024) (VULTURES 1 is officially released)
(08/03/2024) (VULTURES 2 is officially released)
(11/10/2024) (VULTURES 2 receives its last update)",,,Other,,
VULTURES 2,"LIKE THAT REMIX [V1]
(feat. Future & The Hooligans) (prod. Metro Boomin, Kanye West & The Legendary Traxster)
(LIKE THAT)","OG Filename: LIKE THAT_Ye_-Traxter_W_Hooligans_...
Different remix to previous, with new production, less adlibs on the Kanye verse and with Ty Dolla $ign. Future also has an alternate verse. Full recording posted by Adam22 on April 20, 2024, with Traxster later posting 1:30 of the song & then soon after then DJ Pharris premiering the song censored. Likely will be released on the rumored deluxe to We Don't Trust You & We Still Don't Trust You. Full song was posted on yeezy.com for a very short period. Was later posted on YouTube. If the Drake Kendrick beef continued, the song would've been released a week earlier to promote the release of the album. If the beef didn't continue the song was going to be released before, but still to promote VULTURES 2, like ""Talking"".",3:04,,Single,No,https://pillows.su/f/bd9c886705bc3e6a091c510cd2cfca71
VULTURES 2,"LIKE THAT [V2]
(feat. The Hooligans) (prod. Metro Boomin, Kanye West & The Legendary Traxster)
(LIKE THAT REMIX)","Version without the Future verse, no ""Perfect!"" tag and no Kanye intro.",1:53,,Single,No,https://pillows.su/f/631779205cc262dacf72a6a4af6d1eb0
VULTURES 2,"Rich The Kid - Gimme A Second 2 [V1]
(feat. ¥$) (prod. Kanye West, Digital Nas & The Legendary Traxster)","Released as a single on June 21, 2024.",2:50,,Feature,No,https://pillows.su/f/9d79e05f3e36c733c6907c91b06e96f4
VULTURES 2,"Rich The Kid - Gimme A Second 2 [V2]
(feat. ¥$ & Peso Pluma) (prod. Kanye West, Digital Nas & The Legendary Traxster)",Updated version with Peso Pluma at the end.,2:52,,Feature,Yes,https://open.spotify.com/track/5FYHVGP9TINgbfLvzMhnVl?si=d06cf8e07e184442
VULTURES 2,"Rich The Kid - Life's A Gamble [Album]
(exec. prod. ¥$)","17 track album by Rich The Kid executive produced by Kanye West and Ty Dolla $ign. Has features from Peso Pluma, Offset, French Montana, Chief Keef, BIA, Young Adz, Kanye West, Ty Dolla $ign, and Quavo. Released July 19, 2024.",39:40,,Production,Yes,https://open.spotify.com/album/6wScYhNN09rl5Sc4XfL9ru?si=nKw67HB9ThqZjRF_Mla9Mw
VULTURES 2,"SLIDE [V1] 
(prod. AyoAA, Leon Thomas, Lester Nowhere, Peter Lee Johnson, Ty Dolla $ign & Kanye West)","OG Filename: Slide_2
Track 1 on VULTURES 2. Released as a single to yeezy.com on August 3, 2024.",3:18,,Album Track,No,"https://pillows.su/f/845210e6a9e044fb445effb01740ecbe
https://pillows.su/f/82ce01513737b22e64537bf0536f995a"
VULTURES 2,"TIME MOVING SLOW [V1]
(feat. The Hooligans) (prod. Cruza, Nathan Butts, The Legendary Traxster, Ty Dolla $ign & Kanye West)",Track 2 on VULTURES 2.,2:39,,Album Track,No,https://pillows.su/f/62f7571e06db614c99feb67229e970ce
VULTURES 2,"🤖 FIELD TRIP [V1]
(with Playboi Carti & Don Toliver) (feat. Kodak Black) (prod. Dez Wright, The Legendary Traxster, Ty Dolla $ign, Wheezy, Kanye West & EJ PARIS)",Track 3 on VULTURES 2.,2:47,,Album Track,No,https://pillows.su/f/a0ec701925bf877ca02b91f4c08325de
VULTURES 2,"FRIED [V1] 
(feat. The Hooligans) (prod. Oscar Adler, Outtatown, TheLabCook, Ty Dolla $ign & Kanye West)",Track 4 on VULTURES 2.,2:59,,Album Track,No,https://pillows.su/f/ff8985a137e97b366bf31951ce3dc1d9
VULTURES 2,"ISABELLA [V1]
(prod. John M.F. Anderson)",Track 5 on VULTURES 2.,0:08,,Album Track,No,https://pillows.su/f/adf3450661f5dce381cceed66fd0ce86
VULTURES 2,"PROMOTION [V1]
(with Future) (prod. The Legendary Traxster, Ty Dolla $ign & Kanye West)","OG Filename: 4. Promotion
Track 6 on VULTURES 2.",2:38,,Album Track,No,https://pillows.su/f/33d1c4dd4542ba0063b5ab40d7f8f86a
VULTURES 2,"HUSBAND [V1]
(prod. Dez Wright)",Track 7 on VULTURES 2.,2:17,,Album Track,No,https://pillows.su/f/ea20837f427ab3ea01d8c37b4754f361
VULTURES 2,"LIFESTYLE [V1]
(with Lil Wayne) (prod. Deaton Chris Anthony, Dez Wright, FNZ, Ty Dolla $ign, Wheezy & Kanye West)","OG Filename: LIFESTYLE_8.2.24 - ref
Track 8 on VULTURES 2.",5:31,,Album Track,No,https://pillows.su/f/a0c4cfbf437bbe937f0e2e8cc86087f8
VULTURES 2,"MAYBE [V1]
(prod. Ty Dolla $ign & Kanye West)
(FOREVER)",Track 9 on VULTURES 2.,2:14,,Album Track,No,https://pillows.su/f/8f6066fb6b7633bc98579c9b3854ee0e
VULTURES 2,"BOMB [V1]
(with North West & Chicago West) (prod. Cruza, No ID, Noah Madrid, Tech Club, The Legendary Traxster, Ty Dolla $Ign & Kanye West)",Track 10 on VULTURES 2.,2:31,,Album Track,No,https://pillows.su/f/da56e0bf1f9fb03b6924e586712f5edf
VULTURES 2,"RIVER [V1]
(with Young Thug) (feat. Charlie Wilson) (prod. Lamm, taydex, The Legendary Traxster, Ty Dolla $ign, Wes Singerman, Kanye West, AyoAA, Digital Nas, London on da Track & GREN808)",Track 11 on VULTURES 2.,4:07,,Album Track,No,https://pillows.su/f/969ec303595ac406c0e071742d6304e3
VULTURES 2,"530 [V1]
(prod. BoogzDaBeast, E.VAX, FNZ, Ty Dolla $ign & Kanye West)",Track 12 on VULTURES 2.,4:50,,Album Track,No,https://pillows.su/f/3b7adbc5bb653c07622d1bbcabdda609
VULTURES 2,"DEAD [V1]
(with Future & Lil Durk) (prod. ATL Jacob, Ty Dolla $ign & Kanye West)",Track 13 on VULTURES 2.,4:23,,Album Track,No,https://pillows.su/f/0668864ded2f50091fb50367efca573b
VULTURES 2,"FOREVER ROLLING [V1]
(with Lil Baby) (prod. Audiovista, FOREVEROLLING, Flex On The Beat, Havoc, Leon Thomas, Morning Estrada, Ty Dolla $ign & Kanye West)","OG Filename: Forever Rollin - 8.2.24 ref _3
Track 14 on VULTURES 2.",3:17,,Album Track,No,https://pillows.su/f/61e93b3f9ef27a3e1f10405e5afb29aa
VULTURES 2,"🤖 SKY CITY [V1]
(with 070 Shake & Desiigner) (feat. CyHi) (prod. Angel Lopez, BoogzDaBeast, DRTWRK, Federico Vindver, Timbaland, Ty Dolla $ign & Kanye West)",Track 15 on VULTURES 2.,3:50,,Album Track,No,https://pillows.su/f/1c3925597dc4e1973fe9c605db5c8e65
VULTURES 2,"MY SOUL [V1]
(feat. Todd Rundgren & Big TC) (prod. 88-Keys, BoogzDaBeast, Camper, FNZ, Rory Noble, Ty Dolla $ign & Kanye West)",Track 16 on VULTURES 2.,3:44,,Album Track,No,https://pillows.su/f/2ca384b14ba839d01127199864401911
VULTURES 2,"🤖 FIELD TRIP [V2]
(with Playboi Carti & Don Toliver) (feat. Kodak Black) (prod. Dez Wright, The Legendary Traxster, Ty Dolla $ign, Wheezy, Kanye West & EJ PARIS)",Updated mix.,2:47,,Album Track,No,https://pillows.su/f/ffad1c638fd7930a37909f421bb18018
VULTURES 2,"FRIED [V2] 
(feat. The Hooligans) (prod. Oscar Adler, Outtatown, TheLabCook, Ty Dolla $ign & Kanye West)",Updated mix.,2:59,,Album Track,No,https://pillows.su/f/2ce05bcab91aefbd3e7bb71c16f0c7a5
VULTURES 2,"FOREVER [V2]
(prod. Ty Dolla $ign & Kanye West)
(MAYBE)",Updated mix.,1:27,,Album Track,No,https://pillows.su/f/d164b54fff4ad7fac8bca218f5a6e724
VULTURES 2,"🤖 SKY CITY [V2]
(with 070 Shake & Desiigner) (feat. CyHi) (prod. Angel Lopez, BoogzDaBeast, DRTWRK, Federico Vindver, Timbaland, Ty Dolla $ign & Kanye West)",Updated mix.,3:50,,Album Track,No,https://pillows.su/f/ce0d94391d25ed23c4646a62b5a2b663
VULTURES 2,"🤖 FIELD TRIP [V3]
(with Playboi Carti & Don Toliver) (feat. Kodak Black) (prod. Dez Wright, The Legendary Traxster, Ty Dolla $ign, Wheezy, Kanye West & EJ PARIS)",Updated mix.,2:47,,Album Track,No,https://pillows.su/f/1579d5485d83b36ace4eede5ff204315
VULTURES 2,"FRIED [V3] 
(feat. The Hooligans) (prod. Oscar Adler, Outtatown, TheLabCook, Ty Dolla $ign & Kanye West)",Updated mix.,2:59,,Album Track,No,https://pillows.su/f/aa0f431498ee94a11af58efc5bbd62ab
VULTURES 2,"RIVER [V2]
(with Young Thug) (feat. Charlie Wilson) (prod. Lamm, taydex, The Legendary Traxster, Ty Dolla $ign, Wes Singerman, Kanye West, AyoAA, Digital Nas, London on da Track, GREN808 & Pi'erre Bourne)",Updated mix.,4:07,,Album Track,No,https://pillows.su/f/07087c7863fd5aae14380cd1836e24aa
VULTURES 2,"530 [V2]
(prod. BoogzDaBeast, E.VAX, FNZ, Ty Dolla $ign & Kanye West)",Updated mix.,4:49,,Album Track,No,https://pillows.su/f/63cea3cbc629baf9c5c5d735e8af255f
VULTURES 2,"FRIED [V4] 
(feat. The Hooligans) (prod. Oscar Adler, Outtatown, TheLabCook, Ty Dolla $ign & Kanye West)",Updated mix.,2:34,,Album Track,No,https://pillows.su/f/d36f4217c89d9012ff3087bb15569c4c
VULTURES 2,"MY SOUL [V2]
(feat. Todd Rundgren & Big TC) (prod. 88-Keys, BoogzDaBeast, Camper, FNZ, Rory Noble, Ty Dolla $ign & Kanye West)",Updated mix.,3:57,,Album Track,No,https://pillows.su/f/0d9436689fff13f614563952849d2a18
VULTURES 2,"TAKE OFF YOUR DRESS [V1]
(prod. Scott Bridgeway & SHDØW)",Track 17 on the VULTURES 2 DIGITAL DELUXE 1.,3:25,,Album Track,No,https://pillows.su/f/65dd84977e4d74c7d952d1cf68af0f9d
VULTURES 2,"SLIDE [V2] [Clean]
(prod. AyoAA, Leon Thomas, Lester Nowhere, Peter Lee Johnson, Ty Dolla $ign & Kanye West)",Updated mix.,3:18,,Album Track,No,https://pillows.su/f/0d7b70453803590433f14cfd43895520
VULTURES 2,"TIME MOVING SLOW [V2] [Clean]
(feat. The Hooligans) (prod. Cruza, Nathan Butts, The Legendary Traxster, Ty Dolla $ign & Kanye West)",Updated mix.,2:39,,Album Track,No,https://pillows.su/f/4c8eb0fe9d960802a090a41714cddbbe
VULTURES 2,"🤖 FIELD TRIP [V4] [Clean]
(with Playboi Carti & Don Toliver) (feat. Kodak Black) (prod. Dez Wright, The Legendary Traxster, Ty Dolla $ign, Wheezy, Kanye West & EJ PARIS)",Updated mix.,2:47,,Album Track,No,https://pillows.su/f/c7e9e3780d11d534cfbe84fa6f0794b5
VULTURES 2,"FRIED [V5] [Clean]
(feat. The Hooligans) (prod. Oscar Adler, Outtatown, TheLabCook, Ty Dolla $ign & Kanye West)",Updated mix.,2:33,,Album Track,No,https://pillows.su/f/dff2f243d383c0904f38a4939a9d87c8
VULTURES 2,"ISABELLA [V2] [Clean]
(prod. John M.F. Anderson)",Updated mix.,0:08,,Album Track,No,https://pillows.su/f/9a2d69b23123f95e72fa7559fae98f2e
VULTURES 2,"PROMOTION [V2] [Clean]
(with Future) (prod. The Legendary Traxster, Ty Dolla $ign & Kanye West)",Updated mix.,2:38,,Album Track,No,https://pillows.su/f/67546a798408b4eca867316be5eee988
VULTURES 2,"530 [V3] [Clean]
(prod. BoogzDaBeast, E.VAX, FNZ, Ty Dolla $ign & Kanye West)",Updated mix.,4:48,,Album Track,No,https://pillows.su/f/4e45e60daf668feb937e0f3386940c26
VULTURES 2,"DEAD [V2] [Clean]
(with Future & Lil Durk) (prod. ATL Jacob, Ty Dolla $ign & Kanye West)",Updated mix.,4:23,,Album Track,No,https://pillows.su/f/eff5b062b35283e63577f6dc3a63e628
VULTURES 2,"FOREVER ROLLING [V2] [Clean]
(with Lil Baby) (prod. Audiovista, FOREVEROLLING, Flex On The Beat, Havoc, Leon Thomas, Morning Estrada, Ty Dolla $ign & Kanye West)",Updated mix.,3:18,,Album Track,No,https://pillows.su/f/65c89936c1fcbbadf40e2a5d87568c7f
VULTURES 2,"RIVER [V3] [Clean]
(with Young Thug) (feat. Charlie Wilson) (prod. Lamm, taydex, The Legendary Traxster, Ty Dolla $ign, Wes Singerman, Kanye West, AyoAA, Digital Nas, London on da Track, GREN808 & Pi'erre Bourne)",Updated mix.,4:07,,Album Track,No,https://pillows.su/f/a2fd52e15e4e89fd067afeafea80b24b
VULTURES 2,"FOREVER [V3] [Clean]
(prod. Ty Dolla $ign & Kanye West)
(MAYBE)",Updated mix.,1:27,,Album Track,No,https://pillows.su/f/818711b7129d32bbebdff76dbdd5f715
VULTURES 2,"HUSBAND [V2] [Clean]
(prod. Dez Wright)",Updated mix.,2:17,,Album Track,No,https://pillows.su/f/363503c24897b3d4313c3cf3529d9cf2
VULTURES 2,"LIFESTYLE [V2] [Clean]
(with Lil Wayne) (prod. Deaton Chris Anthony, Dez Wright, FNZ, Ty Dolla $ign, Wheezy & Kanye West)",Updated mix.,3:23,,Album Track,No,https://pillows.su/f/eed3daf585428ad24902fdf5ed9de76a
VULTURES 2,"🤖 SKY CITY [V3] [Clean]
(with 070 Shake & Desiigner) (feat. CyHi) (prod. Angel Lopez, BoogzDaBeast, DRTWRK, Federico Vindver, Timbaland, Ty Dolla $ign & Kanye West)",Updated mix.,4:22,,Album Track,No,https://pillows.su/f/ea708fa08e33b9728401eb1bf92363b2
VULTURES 2,"MY SOUL [V3] [Clean]
(feat. Todd Rundgren & Big TC) (prod. 88-Keys, BoogzDaBeast, Camper, FNZ, Rory Noble, Ty Dolla $ign & Kanye West)",Updated mix.,3:57,,Album Track,No,https://pillows.su/f/8747c30167038febab26c87c2184a320
VULTURES 2,"BELIEVER
(prod. Adam Vadel, JPEGMAFIA & BoogzDaBeast)",Track 17 on the VULTURES 2 DIGITAL DELUXE 2. Guitars and keyboards played by Adam Vadel. Drums produced by JPEGMAFIA. Vocal chops produced by BoogzDaBeast.,3:12,,Album Track,No,https://pillows.su/f/888ad8d0d03903911f5e2c19e8109d52
VULTURES 2,"DRUNK
(feat. Peso Pluma & Kodak Black) (prod. SHDØW, VEYIS, Okami & Timbaland)",Track 17 on the VULTURES 2 DIGITAL DELUXE 3.,3:09,,Album Track,No,https://pillows.su/f/922a618525eb64a61e69fe67fa0e041d
VULTURES 2,"GUN TO MY HEAD [V1]
(feat. Kid Cudi) (prod. Sean Momberger & Wheezy)",Track 17 on the VULTURES 2 DIGITAL DELUXE 4.,2:16,,Album Track,No,https://pillows.su/f/9d424d700ed0578a0067a87769f01693
VULTURES 2,"CAN U BE [V1]
(feat. Travis Scott) (prod. Kanye West & Havoc)","Released as a single on August 9, 2024.",4:00,,Single,No,https://pillows.su/f/2ffce5fc6434d1717ed409e250791cd0
VULTURES 2,"🤖 CAN U BE [V2]
(feat. Travis Scott) (prod. Kanye West & Havoc)",Track 17 on the VULTURES 2 DIGITAL DELUXE 5.,3:26,,Album Track,No,https://pillows.su/f/8eeb83503d19d37b8a604530d0361ba3
VULTURES 2,"🤖 CAN U BE [V3]
(feat. Travis Scott) (prod. Kanye West & Havoc)",Updated mix. Track 17 on the VULTURES 2 DIGITAL DELUXE 5.,3:26,,Album Track,No,https://pillows.su/f/ffdc8b309a02f3cddbc426781f58cb1d
VULTURES 2,"TIME MOVING SLOW [V3]
(feat. The Hooligans) (prod. Cruza, Nathan Butts, The Legendary Traxster, Ty Dolla $ign & Kanye West)","OG Filename: Time MIX MSTR_01
Updated mix.",2:39,,Album Track,No,https://pillows.su/f/1378db9216dd582414f4f83769022bf4
VULTURES 2,"🤖 FIELD TRIP [V5]
(with Playboi Carti & Don Toliver) (feat. Kodak Black) (prod. Dez Wright, The Legendary Traxster, Ty Dolla $ign, Wheezy, Kanye West & EJ PARIS)","OG Filename: Field trip MIX MSTR_01
Updated mix.",2:43,,Album Track,No,https://pillows.su/f/14f857a5d3c0356335a65563ed5024fd
VULTURES 2,"530 [V4]
(prod. BoogzDaBeast, E.VAX, FNZ, Ty Dolla $ign & Kanye West)","OG Filename: 530 MIX MSTR_01
Updated mix.",4:48,,Album Track,No,https://pillows.su/f/ddb43a50e00e5aacd1ab1f396485e087
VULTURES 2,"BOMB [V2]
(with North West & Chicago West) (prod. Cruza, No ID, Noah Madrid, Tech Club, The Legendary Traxster, Ty Dolla $Ign & Kanye West)","OG Filename: Bomb MIX MSTR_01
Updated mix.",2:31,,Album Track,No,https://pillows.su/f/653a19e975a654e33a91aeb7e3037eb5
VULTURES 2,"RIVER [V4]
(with Young Thug) (feat. Charlie Wilson) (prod. Lamm, taydex, The Legendary Traxster, Ty Dolla $ign, Wes Singerman, Kanye West, AyoAA, Digital Nas, London on da Track, GREN808 & Pi'erre Bourne)","OG Filename: River MIX MSTR_01
Updated mix.",4:07,,Album Track,No,https://pillows.su/f/1665a20a8fb2fe1a58c5901655dc5543
VULTURES 2,"MY SOUL [V4]
(feat. Todd Rundgren & Big TC) (prod. 88-Keys, BoogzDaBeast, Camper, FNZ, Rory Noble, Ty Dolla $ign & Kanye West)","OG Filename: My soul MIX MSTR_01
Updated mix.",4:11,,Album Track,No,https://pillows.su/f/fb4f13f487c2c42817a87a9950e7326d
VULTURES 2,"SLIDE [V3]
(prod. ¥$, AyoAA, Leon Thomas, Lester Nowhere & Peter Lee Johnson)","OG Filename: Slide MIX MSTR.01_01
Updated mix. Track 1 on VULTURES 2. Written by AyoAA, CyHi, Kanye West, Leon Thomas, Peter Lee Johnson, The Legendary Traxster, and Ty Dolla $ign. Samples a vocal from ""Feel Good, Party Time"" by J.R. Funk And The Love Machine. Interpolates the THX Deep Note. Interpolates drums from ""Touch"" by Omarion.",3:17,,Album Track,Yes,https://open.spotify.com/track/5MGMXOhVvwzCjFgdQsFokR?si=b9e897df7c4945c7
VULTURES 2,"TIME MOVING SLOW [V4]
(feat. The Hooligans) (prod. ¥$, Cruza, Nathan Butts & The Legendary Traxster)",Updated mix. Track 2 on VULTURES 2.,2:39,,Album Track,Yes,https://open.spotify.com/track/0JgassGI6jNxpX82jGpcuJ?si=87e81757ab9f4a69
VULTURES 2,"🤖 FIELD TRIP [V6]
(with Playboi Carti & Don Toliver) (feat. Kodak Black) (prod. ¥$, Dez Wright, The Legendary Traxster, Wheezy & EJ PARIS)",Updated mix. Track 3 on VULTURES 2.,2:43,,Album Track,Yes,https://open.spotify.com/track/7vv89PswQvqGKCGJ1rw5on?si=80c4581236fb4b07
VULTURES 2,"FRIED [V6] 
(feat. The Hooligans) (prod. ¥$, Oscar Adler, Outtatown & TheLabCook)","OG Filename: Fried MIX MSTR_01
Updated mix. Track 4 on VULTURES 2.",2:46,,Album Track,Yes,https://open.spotify.com/track/4Qay2jEWJYjXmJ8eNOGtaD
VULTURES 2,"ISABELLA [V3]
(prod. Kanye West)","OG Filename: Isabella MIX MSTR_01
Updated mix. Track 5 on VULTURES 2.",0:08,,Album Track,Yes,https://open.spotify.com/track/36XrocrUkmem00MPm2kIst?si=cc5ec34d31a2436a
VULTURES 2,"PROMOTION [V3]
(with Future) (prod. ¥$ & The Legendary Traxster)","OG Filename: Promotion MIX MSTR_01
Updated mix. Track 6 on VULTURES 2.",2:38,,Album Track,Yes,https://open.spotify.com/track/6bSfeCXlUaGa3eWCy5qPTb?si=a63e58705c274910
VULTURES 2,"🤖 530 [V5]
(prod. ¥$, BoogzDaBeast, E.VAX & FNZ)",Updated mix. Track 7 on VULTURES 2.,4:48,,Album Track,Yes,https://open.spotify.com/track/2tPNj9sUt3FbjEUqBzZazv?si=d57356f9c7b64a06
VULTURES 2,"DEAD [V3]
(with Future & Lil Durk) (prod. ¥$ & ATL Jacob)","OG Filename: Dead MIX MSTR_01
Updated mix. Track 8 on VULTURES 2.",4:23,,Album Track,Yes,https://open.spotify.com/track/488lIy4J0jJdPUiWqa0doB?si=d5e5615e503e46f5
VULTURES 2,"FOREVER ROLLING [V3]
(with Lil Baby) (prod. ¥$, Audiovista, FOREVEROLLING, Flex On The Beat, Havoc, Leon Thomas & Morning Estrada)","OG Filename: Forever rolling MIX MSTR_01
Updated mix. Track 9 on VULTURES 2.",3:14,,Album Track,Yes,https://open.spotify.com/track/1MTpRBLniy6298BCdyKUfQ?si=8ad5cd5bc1fb41cd
VULTURES 2,"BOMB [V3]
(with North West & Chicago West) (feat. Yuno Miles) (prod. ¥$, Cruza, No ID, Noah Madrid, Tech Club & The Legendary Traxster)",Updated mix. Track 10 on VULTURES 2.,2:31,,Album Track,Yes,https://open.spotify.com/track/2kgxyflhiicDbF8SDrBxqy?si=956feba0f22c4338
VULTURES 2,"RIVER [V5]
(with Young Thug) (feat. Charlie Wilson) (prod. ¥$, Lamm, Pi'erre Bourne, taydex, The Legendary Traxster, Wes Singerman, AyoAA, Digital Nas, London on da Track & GREN808)",Updated mix. Track 11 on VULTURES 2.,3:34,,Album Track,Yes,https://open.spotify.com/track/5RzSnxqTx4vYEp9re5E0ud?si=f5fcaf8270b64426
VULTURES 2,"🤖 FOREVER [V4]
(prod. ¥$)
(MAYBE)","OG Filename: Forever MIX MSTR_01
Updated mix. Track 12 on VULTURES 2. Samples ""Maybe"" by Kettenkarussel.",2:15,,Album Track,Yes,https://open.spotify.com/track/1Cxq3u0RQ0tEBbVofZ9Mma?si=28f821be5880443f
VULTURES 2,"HUSBAND [V3]
(prod. Dez Wright)","OG Filename: Husband MIX MSTR_01
Updated mix. Track 13 on VULTURES 2.",2:17,,Album Track,Yes,https://open.spotify.com/track/6LHeisjoP8eHrtu45UbTPO?si=75d86d83e5f94f54
VULTURES 2,"LIFESTYLE [V3]
(with Lil Wayne) (prod. ¥$, Deaton Chris Anthony, Dez Wright, FNZ & Wheezy)","OG Filename: Lifestyle MIX MSTR_01
Updated mix. Track 14 on VULTURES 2.",3:23,,Album Track,Yes,https://open.spotify.com/track/40FRxwg8SEMO3fbMjFfphU
VULTURES 2,"🤖 SKY CITY [V4]
(with 070 Shake & Desiigner) (feat. CyHi) (prod. ¥$, Angel Lopez, BoogzDaBeast, DRTWRK, Federico Vindver & Timbaland)","OG Filename: Sky city MIX MSTR_01
Updated mix. Track 15 on VULTURES 2.",4:22,,Album Track,Yes,https://open.spotify.com/track/7a0tTD7xdvKsNcJfMIDWp4?si=1e23f45a5e5e487d
VULTURES 2,"MY SOUL [V5]
(feat. Todd Rundgren & Big TC) (prod. ¥$, 88-Keys, BoogzDaBeast, Camper, FNZ & Rory Noble)",Updated mix. Track 16 on VULTURES 2.,3:57,,Album Track,Yes,https://open.spotify.com/track/3bTkWuPGJ1ueGXBHWVUwAI?si=51aae247fc2e4dec
VULTURES 2,"🤖 CAN U BE [V4]
(feat. Travis Scott) (prod. Kanye West & Havoc)","Updated mix. Uploaded to SoundCloud on August 23, 2024.",3:30,,Album Track,No,https://pillows.su/f/140e974d8b411a29a3cf252e0b2039ae
VULTURES 2,"GUN TO MY HEAD [V2]
(feat. Kid Cudi) (prod. Sean Momberger & Wheezy)","Updated mix. Uploaded to SoundCloud on August 23, 2024.",2:12,,Album Track,No,https://pillows.su/f/cc9c2ac242f17075c5711bd1a9426fe3
VULTURES 2,"TAKE OFF YOUR DRESS [V2]
(prod. Scott Bridgeway & SHDØW)","Updated mix. Uploaded to SoundCloud on August 23, 2024. Samples ""Please Make It Good Again"" by Talmadge Armstrong. Samples a vocal from ""Baptizing Scene"" by Reverend W.A. Donaldson.",3:25,,Album Track,No,https://pillows.su/f/b026a3a97e657257eba038697d1c6f8b
"25 Album Track(s)
6 Single(s)
26 Feature(s)
9 Production
0 Other",TYCOON,"(10/??/2023) (Ty takes a break from his solo project to focus on VULTURES)
(10/17/2025) (TYCOON is officially released)
(12/04/2025) (Ty confirms that the label doesn't want the deluxe)",,,Other,,
TYCOON,"SiR - IGNORANT
(with Ty Dolla $ign) (prod. Bankroll Got It, Diego Ave, Pitt Tha Kid, Benji PK & Ace G)",Track 2 on SiR's HEAVY.,3:04,,Feature,Yes,https://open.spotify.com/track/01gpd8j9gKFtLFfoZOaIms?si=f085614fb1934995
TYCOON,"serpentwithfeet - Damn Gloves
(with Ty Dolla $ign & Yanga YaYa) (prod. Nosaj Thing, I Like That, Mike Irish, S. Dot & serpentwithfeet)","Track 1 on serpentwithfeet's GRIP. Released as a single on October 23, 2023.",2:31,,Feature,Yes,https://open.spotify.com/track/6BHSftkYtJT9EVuYHBO51b?si=5381abf614924e0f
TYCOON,"Lil Vada - Beat It
(with Ty Dolla $ign) (prod. Omari Johnson)",Track 8 on Lil Vada's King of Ratchet.,2:20,,Feature,Yes,https://open.spotify.com/track/22fFaTWzMfPbCu6IVfq8t8?si=c33f7d5af43a4850
TYCOON,"Future & Metro Boomin - Gracious
(with Ty Dolla $ign) (prod. Metro Boomin, Taurus, Vampirex & RayUpNORTH)",Track 14 on Future and Metro Boomin's WE STILL DON'T TRUST YOU.,3:06,,Feature,Yes,https://open.spotify.com/track/3qm3IN6Yx53r3NIououTey?si=17eea8b39a5a41d0
TYCOON,"Denzel Curry - COLE PIMP
(with Ty Dolla $ign & Juicy J) (prod. Hollywood Cole & Elijah Fox)",Track 11 on Denzel Curry's King Of The Mischievous South Vol. 2.,3:39,,Feature,Yes,https://open.spotify.com/track/4vdDAdLtmTqFR1J4AO4cBf?si=7a98b143ee9142e0
TYCOON,"Mustard - A Song For Mom
(with Ty Dolla $ign, Charlie Wilson & Masego) (prod. Mustard & Masego)",Track 7 on Mustard's Faith of a Mustard Seed.,2:08,,Feature,Yes,https://open.spotify.com/track/3CILdG2iKgII8tTzLRE1l0?si=694acfa001bb4f3c
TYCOON,"Mustard - Mines
(with Ty Dolla $ign, Future & Charlie Wilson) (prod. Mustard, Peter Lee Johnson & Q Gulledge)",Track 10 on Mustard's Faith of a Mustard Seed.,3:35,,Feature,Yes,https://open.spotify.com/track/5T5Q9gD7Titnj1MLa25Ymt?si=7a1cd4f04a1f44b5
TYCOON,"Lil Vada - Uncle Luke
(with Ty Dolla $ign) (prod. damn james! & Ty Dolla $ign)",Track 8 on Lil Vada's SAVE THE SUMMER I.,1:44,,Feature,Yes,https://open.spotify.com/track/5vquSreRlUPsmlqrEsIsMw?si=470a604b448540bd
TYCOON,"YG - IT'S GIVIN
(with Ty Dolla $ign) (prod. FNZ, Wax Motif, Jasper Harris, Elie Rizk & Camper)",Track 8 on disc 1 of YG's JUST RE'D UP 3.,3:05,,Feature,Yes,https://open.spotify.com/track/3TCZXTWb9CghObL8KHFbCM?si=3e05a717561b478d
TYCOON,"YG - RESCUE ME
(with Ty Dolla $ign) (prod. Wheezy & Sean Momberger)",Track 3 on disc 2 of YG's JUST RE'D UP 3.,2:40,,Feature,Yes,https://open.spotify.com/track/3s0zPWfdRaa1unEtdWktRT?si=1a3a13f5f3bb46c2
TYCOON,"Leon Thomas - FAR FETCHED
(with Ty Dolla $ign) (prod. Leon Thomas, Oshi & LAWSON)","Track 9 on Leon Thomas' MUTT. Released as a single on September 15, 2024. Written by Leon Thomas, Ty Dolla $ign, Joshua Brennan, Lazaro Andres Camejo, Lawson, and Deavon Petty Chisolm. Mixed by Jean-Marie Horvat and Rafael Fai Bautista. Mastered by Dave Kutch. Engineered by Leon Thomas and Quazelle.",4:07,,Feature,Yes,https://open.spotify.com/track/5ZY1qGibLsa2xZm0XUe36g?si=0b9755c8f48845af
TYCOON,"Jay Park - Mayday
(feat. Ty Dolla $ign) (prod. Cha Cha Malone)",Track 3 on Jay Park's THE ONE YOU WANTED.,3:25,,Feature,Yes,https://open.spotify.com/track/15h2NRc292HUp1XgTEnOtJ?si=dd0bd775e94d4e67
TYCOON,"Cordae - Pray
(feat. Ty Dolla $ign & Alex Vaughn) (prod. Hitmaka & Camper)",Track 9 on Cordae's The Crossroads.,3:22,,Feature,Yes,https://open.spotify.com/track/2D4JnV4FeqeGROcCS2Ebzd?si=7203c0dd8d5247a2
TYCOON,"Lefty Gunplay - Stoopid
(with Hitta J3 & YS) (feat. Bozo) (prod. damn james! & Ty Dolla $ign)",Track 2 on Lefty Gunplay's Most Valuable Gangbanger.,2:20,,Production,Yes,https://open.spotify.com/track/488CR2rpKehEnjz1qZM6FC?si=0b2d147d458046d3
TYCOON,"Lefty Gunplay - Tarzan
(with Kiing Khash & damn james!) (prod. damn james! & Ty Dolla $ign)",Track 3 on Lefty Gunplay's Most Valuable Gangbanger.,2:24,,Production,Yes,https://open.spotify.com/track/25y9JAjyVPAMZf8B9k6cMi?si=4ba4705d8a7146d6
TYCOON,"Lefty Gunplay - Demon Time
(with damn james!) (prod. damn james! & Ty Dolla $ign)",Track 6 on Lefty Gunplay's Most Valuable Gangbanger.,2:07,,Production,Yes,https://open.spotify.com/track/5TM5knKJaSs13aMbIaJDP6?si=4ccc15f0efa84453
TYCOON,"Lefty Gunplay - Talk of The Town
(with Lil Jairmy) (prod. Di$, damn james! & Ty Dolla $ign)",Track 17 on Lefty Gunplay's Most Valuable Gangbanger.,2:25,,Production,Yes,https://open.spotify.com/track/1AmOicRMxVLYMWbbaXeW0C?si=6ba91d391352406c
TYCOON,"Ab-Soul - Go Pro
(with Ty Dolla $ign) (prod. Bentley Haze)",Track 9 on Ab-Soul's Soul Burger.,2:59,,Feature,Yes,https://open.spotify.com/track/3wzAAc6yhKtQs7nQLwMJjf?si=86d1f3d9f29a44b8
TYCOON,"Wiz Khalifa & ZERB - Location
(feat. Ty Dolla $ign) (prod. ZERB)","Released as a single on January 3rd, 2025.",2:28,,Feature,Yes,https://open.spotify.com/track/6Ilomcr9iLplsgAvZjHkJP?si=d5cc9371d8de4faa
TYCOON,"Dashawn Jordan - Automatic
(feat. Ty Dolla $ign) (prod. Bassfngrz)",Track 2 on Dashawn Jordan's The Bridge.,3:04,,Feature,Yes,https://open.spotify.com/track/5KvxRfe8mx9tmcAtAMDxr8?si=21e3ead10ab84168
TYCOON,"Tyga - Popstar Shawty
(with Ty Dolla $ign) (feat. Drama Relax) (prod. YUME, Kaniel The One & Zac Brunson)",Track 16 on Tyga's NSFW.,3:35,,Feature,Yes,https://open.spotify.com/track/0G9hUJHlIUY975GtXQ9uxk?si=7837a027a65b40f0
TYCOON,"🤖 Wheels [V1]
(feat. Kanye West, The Hooligans & King Combs) (prod. BBYKOBE, Kanye West & Camper)
(Wheels Fall Off)","OG Filename: Wheels REF 2.6.25. _ REF
Version with an additional Ye verse on the intro that interpolates ""Victory"" by Diddy, as well as a spoken word outro from King Combs. Samples ""Mary Jane (Rockpalast 1982)"" by Rick James. Interpolates and samples ""Victory"" by Diddy. Released via yeezy.com on February 7, 2025.",4:50,,Single,No,https://pillows.su/f/0923d4e5266179f9bbb57729e23086ff
TYCOON,"🤖 Wheels [V2] [Clean]
(feat. Kanye West & The Hooligans) (prod. BBYKOBE, Kanye West & Camper)
(Wheels Fall Off)","OG Filename: Wheels REF 2.6.25. SHORT CLEAN
Similar to the version above, but censored with the King Combs vocals and Diddy sample removed. Released via yeezy.com on February 7, 2025.",2:01,,Single,No,https://pillows.su/f/c5cc25f2ba490db8a835c00f09c51a7e
TYCOON,"🤖 Wheels Fall Off [V2]
(feat. Kanye West & The Hooligans) (prod. BBYKOBE, Kanye West & Camper)
(Wheels)","Similar to the previous version, but uncensored. Released to Spotify on February 8, 2025, before being replaced by the following version.",2:01,,Single,No,https://pillows.su/f/1b254f81aa9eb9f5e328ac4735df0916
TYCOON,"🤖 Wheels Fall Off [V3]
(feat. Kanye West & The Hooligans) (prod. BBYKOBE, Kanye West & Camper)
(Wheels)","Updated version removing many background vocals and echoes while making the bass louder. Has AI vocals from The Hooligans. Released as a single on February 20, 2025. Written by Lawson, Tyrone Griffin Jr., Kobe Hood, and Kanye West. Mixed by Morning Estrada and Rafael Fai Bautista. Mastered by Mike Tucci.",2:01,,Single,Yes,https://open.spotify.com/track/6QNR2YGST3W8EIhyrrrQvH
TYCOON,"Playboi Carti - WE NEED ALL DA VIBES [V1]
(with Young Thug & Ty Dolla $ign) (feat. Gunna) (prod. Wheezy & Dez Wright)",Track 21 on Playboi Carti's MUSIC.,3:01,,Feature,No,https://pillows.su/f/6215b7eabee02f54d58442d41b0fda80
TYCOON,"Playboi Carti - WE NEED ALL DA VIBES [V2]
(with Young Thug & Ty Dolla $ign) (prod. Wheezy & Dez Wright)","OG Filename: VIBING MASTERED ALREADY
Track 21 on Playboi Carti's MUSIC. Written by Jordan Carter, Tyrone Griffin Jr., Jeffery Williams, Wesley Tyler Glass, and Dylan Cleary-Krell. Mixed by Marcus Fritz and Rafael Fai Bautista. Mastered by Glenn Schick. Engineered by Marcus Fritz and Rafael Fai Bautista.",3:01,,Feature,Yes,https://open.spotify.com/track/6lBGEfWzVfIP2O91pZu7Fk?si=bea0c549318d4f7e
TYCOON,"Make U Retire
(with Ant Clemons)",Released on Ant Clemons' YouTube as track 1 on a surprise 4-track EP with Ty Dolla $ign.,1:55,,Album Track,No,https://youtu.be/EcYj711oz5E?list=PLE4qSjszj5hhgNeAc0tcBAywvvCwqgICJ
TYCOON,"What We Not Fina Do
(with Ant Clemons) (prod. Metro Boomin)",Released on Ant Clemons' YouTube as track 2 on a surprise 4-track EP with Ty Dolla $ign.,2:54,,Album Track,No,https://youtu.be/pyNZEyXrVrs?list=PLE4qSjszj5hhgNeAc0tcBAywvvCwqgICJ
TYCOON,"Father's Day
(with Ant Clemons)",Released on Ant Clemons' YouTube as track 3 on a surprise 4-track EP with Ty Dolla $ign.,2:37,,Album Track,No,https://youtu.be/Hcc9tK30RbU?list=PLE4qSjszj5hhgNeAc0tcBAywvvCwqgICJ
TYCOON,"Could've Been Fucking Years Ago
(with Ant Clemons)",Released on Ant Clemons' YouTube as track 4 on a surprise 4-track EP with Ty Dolla $ign.,2:29,,Album Track,No,https://youtu.be/ZzD4CXC8pqo?list=PLE4qSjszj5hhgNeAc0tcBAywvvCwqgICJ
TYCOON,"DDG - speed
(feat. Ty Dolla $ign & Rich The Kid) (prod. SkipOnDaBeat, Hitmaka, Sakii & Satori)",Track 2 on DDG's blame the chat.,2:48,,Feature,Yes,https://open.spotify.com/track/6R9ur6yrjsP3xnJ0la11uX?si=d7a2293b8ecb4298
TYCOON,"Lefty Gunplay - ONE DAY AT A TIME
(with JasonMartin & Ty Dolla $ign) (prod. JasonMartin, Mike & Keys & Dominique Sanders)",Track 11 on Lefty Gunplay's Can't Get Right.,1:57,,Feature,Yes,https://open.spotify.com/track/25ptqILBOR5y81ynW4inYE?si=bd2766f27cd54e33
TYCOON,"Xzibit - Leave Me Alone
(feat. Dr. Dre & Ty Dolla $ign) (prod. Swizz Beatz & Dr. Dre)",Track 6 on Xzibit's Kingmaker.,3:30,,Feature,Yes,https://open.spotify.com/track/4F3KSgun31tWMRP0eI8pnv?si=a641da938b8d4e64
TYCOON,"YG - HOLLYWOOD (Diplo Remix)
(with Shoreline Mafia) (prod. Akira Evans, Diplo, Ty Dolla $ign & damn james!)","Released as a single on May 23, 2025.",2:42,,Production,Yes,https://open.spotify.com/album/16zR7LP3U1in4YsFnmA4ZC?si=e8QPP3k7T5uNdcA2dfPMUw
TYCOON,"ALL IN
(prod. Ty Dolla $ign, Joony, Boys Noize & Wax Motif)","Track 7 on TYCOON. Released as a single on June 6, 2025. Mixed by Morning Estrada and Fai. Mastered by Mike Tucci. Engineered by Morning Estrada and Fai.",2:16,,Single,Yes,https://open.spotify.com/track/3StpSaPN3j9kSvCaUeDQzG?si=7b401ebfb06c4e94
TYCOON,"Kanye West - LAST BREATH [V1]
(prod. Kanye West)","Released as a single on June 26, 2025, but was removed shortly after. Written by Ramon Santamaria, Nakamura Takahiro, Tyrone Griffin, Jr., and Rafael Fai Bautista. Produced by Ye. Mixed and engineered by Josh Shuback, Nkenge 1x, The Legendary Traxster, and John Scott. Samples the song ""Bésame Mama"" by Poncho Sanchez.",2:22,,Other,No,https://pillows.su/f/133f4cab763e580852d545cf0ec07e4a
TYCOON,"BKTHERULA - BBGIRLGOSLOW
(with 9lives & SimmyAuto) (feat. Ty Dolla $ign) (prod. 9lives & SimmyAuto)","Track 3 on BKTHERULA's LUCY. Released as a single on May 15th, 2025.",2:34,,Feature,Yes,https://open.spotify.com/track/5ZlcPN5QOH1mRzx9IGkhzn?si=a83f1778fa054861
TYCOON,"Kanye West - LAST BREATH [V2]
(prod. Kanye West)","Alternate mix with additional lines on the outro. Released as a single on July 3rd, 2025. Also track 3 from the physical version of Ye's 2026 album BULLY. Features bass guitar from John Scott. Written by Ye, Ramon Santamaria, Nakamura Takahiro, Tyrone Griffin, Jr., and Rafael Fai Bautista. Mixed, mastered, and engineered by Josh Shuback, Nkenge 1x, The Legendary Traxster, and John Scott. Vocals produced by Ye and Tyrone Griffin, Jr.. Recorded at YZY. Samples the song ""Bésame Mama"" by Poncho Sanchez.",2:22,,Other,Yes,https://open.spotify.com/track/0QBe8XoJz2m71iaSrua6MH?si=ec907c4ce9f64a06
TYCOON,"Joyner Lucas - New Sofas
(with Ty Dolla $ign) (prod. ADHD Productions, Leo Son & SADCG)",Track 13 on Joyner Lucas' ADHD 2.,3:31,,Feature,Yes,https://open.spotify.com/track/5sNgUisnUv48hsq9ZXAuBr?si=fcb79ccce8184bba
TYCOON,"YG - LOVERS OR FRIENDS
(with Leon Thomas) (prod. Ty Dolla $ign & Terrace Martin)","Released as a single on August 1, 2025.",2:59,,Production,Yes,https://open.spotify.com/album/5PHSTHZQzYZXqMfs02zZje?si=ItP3lVRNTVyK6dR6tr78Kg
TYCOON,"Rucci - Watch Yo Bitch
(with Peysoh) (prod. damn james! & Ty Dolla $ign)",Track 3 on Rucci's Don't Kross Tha Bone.,2:07,,Production,Yes,https://open.spotify.com/track/3w0LnYesNxC8dYDTz2Vx3P?si=ea6a7dfd8d924757
TYCOON,"JID - Wholeheartedly
(with Ty Dolla $ign & 6LACK) (prod. Christo, Yuli & Benji)",Track 9 on JID's God Does Like Ugly.,3:45,,Feature,Yes,https://open.spotify.com/track/314sW8ZsMHGiYkn2fAOW9e?si=52e3a52cb13640b4
TYCOON,"Lefty Gunplay - Bikini Bottom
(with RJmrLA & damn james!) (prod. damn james! & Ty Dolla $ign)",Track 1 on Lefty Gunplay's Ghetto Heisman.,3:45,,Production,Yes,https://open.spotify.com/track/0MuPgMtGurEJMNpMMLVc7l?si=2b6141025c5c4101
TYCOON,"Lefty Gunplay - Real Lean
(with Tadoe) (prod. damn james! & Ty Dolla $ign)",Track 6 on Lefty Gunplay's Ghetto Heisman.,2:11,,Production,Yes,https://open.spotify.com/track/2wI8MqXF13xPojXmnePmfq?si=e983b5ba44fc410d
TYCOON,"SMILE BODY PRETTY FACE
(feat. Kodak Black & YG) (prod. Ty Dolla $ign, kacpie, babyxd, RobOnBass, Fai, Camper, FBG Goat & The Blindside)","Track 4 on TYCOON. Released as a single on September 26th, 2025. Features bass from RobOnBass. Written by Kodak Black, Chrishan, kacpie, YG, Moritz Karl Wagner, Story., Severin Ole Krohz, Ty Dolla $ign, babyxd, and Fai. Mixed by Morning Estrada, Fai, and Derek Garcia. Mastered by Mike Tucci. Engineered by Ty Dolla $ign, Derek Garcia, RobOnBass, Morning Estrada, Fai, Deep Watters, and Noe Corona.",4:41,,Single,Yes,https://open.spotify.com/track/6sJJyjNbhmx69lukYRygR2?si=71cac7f2005b48fe
TYCOON,"Young Thug - Sad Spider
(feat. Ty Dolla $ign) (prod. Dylan Hyde, SLOWBURNZ & Wonderyo)",Track 8 on Young Thug's UY SCUTI.,3:28,,Feature,Yes,https://open.spotify.com/track/4Pi6TqUssDoxVKzdZnpXh7?si=ac382cb6f2ed4efa
TYCOON,"TYCOON$ [V1]
(feat. Future, Young Thug & Lil Baby) (prod. Ty Dolla $ign, babyxd, Rosen Beatz & FBG Goat)","Track 6 on TYCOON. Includes a piano outro with additional Ty vocals, as well as adlibs from Future on the intro, both of which were removed in an update to the song. Written by Lil Baby, Rosen Beatz, Young Thug, Ty Dolla $ign, babyxd, and FBG Goat. Mixed by Morning Estrada, Fai, Bainz, and Aresh Banaji. Mastered by Mike Tucci. Engineered by Ty Dolla $ign, Bainz, Aresh Banaji, FBG Goat, Morning Estrada, and Fai.",2:53,,Album Track,No,https://pillows.su/f/19e1fca266153148a10818189d530b78
TYCOON,"TWITCH [V1]
(feat. 2 Chainz & Tyga) (prod. Ty Dolla $ign, BBYKOBE, Dre Moon & Wax Motif)","Initial release version, lacking the E-40 skit on the outro. Track 8 on TYCOON. Written by Wax Motif, Dre Moon, BBYKOBE, Tyga, 2 Chainz, and Ty Dolla $ign. Mixed by Morning Estrada, Fai, Finis White, and Samantha Henry. Engineered by Ty Dolla $ign, Samantha Henry, Morning Estrada, Fai, and Nolan Presley.",2:45,,Album Track,No,https://pillows.su/f/49149baa85bcc1ed7af52db859f2ca67
TYCOON,"HARDER [V1]
(prod. Ty Dolla $ign, Simon On The Moon, Skarp V, Chrishan, Tenroc, Varg²™ & Camper)","Initial release version, lacking the E-40 skit on the outro. Track 12 on TYCOON. Written by Chrishan, Tenroc, Varg²™, Simon On The Moon, Skarp V, and Ty Dolla $ign. Mixed by Morning Estrada and Fai. Engineered by Ty Dolla $ign, Morning Estrada, Fai, majeston, and Maximilien Hein.",2:25,,Album Track,No,https://pillows.su/f/c2fcf6752b8868c348816b139c475288
TYCOON,"CAN'T BE FUCKED WITH
(prod. Ty Dolla $ign, Chrishan, LAF, Simon On The Moon, Skarp V, TURRINI, VALXR & Varg²™)","Track 1 on TYCOON. Written by Chrishan and Ty Dolla $ign. Mixed by Morning Estrada and Fai. Mastered by Mike Tucci. Engineered by Ty Dolla $ign, Morning Estrada, Fai, majeston, and Maximilien Hein.",2:44,,Album Track,Yes,https://open.spotify.com/track/2bXlLbtxk42Q5v5fUdwHs5?si=890fe67088ca419d
TYCOON,"DON'T KILL THE PARTY
(feat. Quavo & Juicy J) (prod. Juicy J, Ty Dolla $ign, 206derek, BNYX®, Lasik, Matty Spats & BBYKOBE)","Track 2 on TYCOON. Track 3 on the DON'T KILL THE PARTY PACK. Written by BNYX®, 206derek, Juicy J, BBYKOBE, Quavo, and Ty Dolla $ign. Mixed by Morning Estrada, Fai, and Mike Foster. Mastered by Mike Tucci. Engineered by Ty Dolla $ign, Mike Foster, Morning Estrada, Artyom DJ Kichutkin, Ezekiel Easy Okocha, and Fai.",2:12,,Album Track,Yes,https://open.spotify.com/track/4YmsnZcxHEGEqHB3K0vdt0?si=2960276f1198496f
TYCOON,"DECEMBER 31ST
(feat. A$AP Rocky & Tommy Revenge) (prod. Ty Dolla $ign, Carson Hackney, Bizness Boi, Camper, Chrishan, Fortune & Sucuki)","Track 3 on TYCOON. Written by Tommy Revenge, Bizness Boi, Carson Hackney, Chrishan, A$AP Rocky, Fortune, Sucuki, and Ty Dolla $ign. Mixed by Morning Estrada and Fai. Mastered by Mike Tucci. Engineered by Ty Dolla $ign, Morning Estrada, Fai, Margarita Minenko, Noe Corona, and RobOnBass.",2:55,,Album Track,Yes,https://open.spotify.com/track/0YUd3iXqJA4YPhqHbPHAQ0?si=7b5e227ce6024661
TYCOON,"SHOW ME LOVE
(feat. Tory Lanez) (prod. Hitmaka & SkipOnDaBeat)","Track 5 on TYCOON. Released as a single on October 10th, 2025. Features bass from Aron. Written by Chrishan, Hitmaka, Tory Lanez, Edgard Herrera, Poo Bear, Ronald Harris, and Ty Dolla $ign. Mixed by Morning Estrada, Fai, Johann Chavez, and Michael Sebastian Romero. Mastered by Mike Tucci. Engineered by Ty Dolla $ign, Johann Chavez, Michael Sebastian Romero, majeston, and Maxilien Hein.",2:07,,Album Track,Yes,https://open.spotify.com/track/7w5RTF0vnOi4xZ5oo724id?si=41e12c5ffcd34621
TYCOON,"TYCOON$ [V2]
(feat. Young Thug, Lil Baby & E-40) (prod. Ty Dolla $ign, babyxd, Rosen Beatz & FBG Goat)","Track 6 on TYCOON. Updated version with an E-40 intro and no Ty outro. Written by Lil Baby, Rosen Beatz, Young Thug, Ty Dolla $ign, babyxd, and FBG Goat. Mixed by Morning Estrada, Fai, Bainz, and Aresh Banaji. Mastered by Mike Tucci. Engineered by Ty Dolla $ign, Bainz, Aresh Banaji, FBG Goat, Morning Estrada, and Fai.",2:45,,Album Track,Yes,https://open.spotify.com/track/474tJ0dYguDekQs6q2XcjI?si=5a2abd5f85f9472a
TYCOON,"TWITCH [V2]
(feat. 2 Chainz, Tyga & E-40) (prod. Ty Dolla $ign, BBYKOBE, Dre Moon & Wax Motif)","Track 8 on TYCOON. Updated version with a short E-40 outro. Written by Wax Motif, Dre Moon, BBYKOBE, Tyga, 2 Chainz, and Ty Dolla $ign. Mixed by Morning Estrada, Fai, Finis White, and Samantha Henry. Engineered by Ty Dolla $ign, Samantha Henry, Morning Estrada, Fai, and Nolan Presley.",2:48,,Album Track,Yes,https://open.spotify.com/track/5pPtoY9EchbPOyZlUngAq2?si=bf8a627bbe114e0c
TYCOON,"WHAT I WANT
(feat. Lil Wayne) (prod. Ty Dolla $ign, FELI CIANO, Cesar Americo, Luz, Eskeerdo, Larry Jayy & Mustard)","Track 9 on TYCOON. Written by Eskeerdo, Mustard, Lil Wayne, FELI CIANO, Cesar Americo, Larry Jayy, Luz, and Ty Dolla $ign. Mixed by Manny Marroquin, Francesco Di Giovanni, and Ramiro Fernandez-Seoane. Engineered by Ty Dolla $ign, Alex Robles, Daniel Ramos, David Pizzimenti, Manny Galvez, and Fai.",2:36,,Album Track,Yes,https://open.spotify.com/track/5pxuXlrDlrUIGv1ZqysQ7u?si=b475cca8a4384af4
TYCOON,"SAY IT
(feat. Ant Clemons) (prod. Ty Dolla $ign, AJ Williams, Anthony Kilhoffer, Caleb Bryant, damn james!, Simon On The Moon, Skarp V, Aye YB, cppo, FBG Goat, Hitmaka, Varg²™ & Wax Motif)","Track 10 on TYCOON. Written by AJ Williams, Anthony Kilhoffer, Caleb Bryant, Hitmaka, Chrishan, Wax Motif, damn james!, Varg²™, Justice chris Ude, FBG Goat, Simon On The Moon, Skarp V, Ty Dolla $ign, and Aye YB. Mixed by Anthony Kilhoffer, Morning Estrada, and Fai. Engineered by Ty Dolla $ign, Morning Estrada, Fai, and Anthony Flores.",2:25,,Album Track,Yes,https://open.spotify.com/track/1aBlZUy4ZRDB7mguIWfTtr?si=15174552f1b34e57
TYCOON,"ON REPEAT
(feat. Rich The Kid & Destroy Lonely) (prod. Ty Dolla $ign, Simon On The Moon, Skarp V, Fai, cppo, TheLabCook, & Varg²™)","Track 11 on TYCOON. Written by Destroy Lonely, Rich The Kid, TheLabCook, Varg²™, Simon On The Moon, Skarp V, Ty Dolla $ign, Fai, and FBG Goat. Mixed by Anthony Kilhoffer, Morning Estrada, and Fai. Engineered by Ty Dolla $ign, Morning Estrada, Fai, FBG Goat, Ellantre Williams, Oscar Cornejo, and Roy Fontaine.",1:51,,Album Track,Yes,https://open.spotify.com/track/3fRWLPnFfldOtZMm6YBUDu?si=4055fe53bf294d72
TYCOON,"HARDER [V2]
(feat. E-40) (prod. Ty Dolla $ign, Simon On The Moon, Skarp V, Chrishan, Tenroc, Varg²™ & Camper)","Track 12 on TYCOON. Updated version with a short E-40 outro. Written by Chrishan, Tenroc, Varg²™, Simon On The Moon, Skarp V, and Ty Dolla $ign. Mixed by Morning Estrada and Fai. Engineered by Ty Dolla $ign, Morning Estrada, Fai, majeston, and Maximilien Hein. Interpolates ""Good Life"" by Kanye West.",2:38,,Album Track,Yes,https://open.spotify.com/track/5z4CPDlsNT7a1eTpoI8wRb?si=329852af208044ee
TYCOON,"MIXED EMOTIONS
(feat. Leon Thomas & Travis Scott) (prod. Ty Dolla $ign, Taurus, Casper1of1, FBG Goat, Boys Noize, JWLS & Wax Motif)","Track 13 on TYCOON. Features strings from Peter Lee Johnson. Written by Leon Thomas, Boys Noize, Brian Campi, Wax Motif, Travis Scott, Jazzaé De Waal, Julio Mejia, FBG Goat, Taurus, and Ty Dolla $ign. Mixed by Morning Estrada and Fai. Engineered by Ty Dolla $ign, Fai, Travis Scott, and Will Steller.",4:04,,Album Track,Yes,https://open.spotify.com/track/606zbOQvuTi9dNxnlZJ31q?si=266f956ce8fd4ab5
TYCOON,"WIT IT
(feat. Chlöe) (prod. Camper, Simon On The Moon, Skarp V, Outtatown, star boy, Str8cash & Varg²™)","Track 14 on TYCOON. Written by Drew Love, star boy, Chlöe, Chrishan, Camper, Varg²™, Simon On The Moon, Skarp V, Outtatown, and Ty Dolla $ign. Mixed by Morning Estrada, Fai, and Antonio Tucci Jr. Engineered by Ty Dolla $ign, Chlöe, Antonio Tucci Jr., Margarita Minenko, and Fai.",2:33,,Album Track,Yes,https://open.spotify.com/track/3C39fOPoCFI232TVGLswgs?si=423cd710041e46a3
TYCOON,"I WISH
(prod. Ty Dolla $ign, Camper, Peter Lee Johnson, Simon On The Moon, Skarp V & Varg²™)","Track 15 on TYCOON. Features bass from Aron. Written by Camper, Ray Vaughn, Neff-U, and Ty Dolla $ign. Mixed by Morning Estrada and Fai. Engineered by Ty Dolla $ign, Morning Estrada, Fai, Alex Robles, and Daniel Ramos.",2:57,,Album Track,Yes,https://open.spotify.com/track/629R62iy2jbElBd4eyq7NT?si=cf55bd0f470147a4
TYCOON,"THOUSAND MILES
(prod. Peter Lee Johnson)",Bonus track for TYCOON sent out to fans who digitally purchased the album by Auger96.,2:55,,Other,No,https://pillows.su/f/3833a7b77339b67c917b29d10d2959bc
TYCOON,"BLIND DATE
(prod. Hitmaka & SkipOnDaBeat)",Bonus track for TYCOON sent out to fans who digitally purchased the album by Auger96.,2:00,,Other,No,https://pillows.su/f/90e5f2bf16593e2c40dca18781e7ee5b
TYCOON,"DON'T KILL THE PARTY
(with Disco Lines) (feat. Juicy J, Quavo & Shoreline Mafia) (prod. Disco Lines)",Track 1 on the DON'T KILL THE PARTY PACK.,2:46,,Album Track,Yes,https://open.spotify.com/track/0QXVkiL7TBOlaGY4Utfu49?si=2407db6d0eb1418d
TYCOON,"DON'T KILL THE PARTY (Coast 2 Coast)
(feat. Quavo, Shoreline Mafia & Tyga) (prod. BNYX®, 206derek, Juicy J, Matt Spatola, Lasik, BBYKOBE & Kanye West)",Track 2 on the DON'T KILL THE PARTY PACK.,3:45,,Album Track,Yes,https://open.spotify.com/track/5dLXANdbU6QxY48mnS1VzQ?si=db437c6ccabb44a4
TYCOON,"DON'T KILL THE PARTY (Wax Motif Remix)
(feat. Quavo & Juicy J) (prod. Wax Motif)",Track 4 on the DON'T KILL THE PARTY PACK.,3:44,,Album Track,Yes,https://open.spotify.com/track/4tF7dWs3Ayenne8NPLIJFN?si=96370e27d74d487c
TYCOON,"DON'T KILL THE PARTY (Sped Up)
(feat. Quavo & Juicy J) (prod. BNYX®, 206derek, Juicy J, Matt Spatola, Lasik, BBYKOBE & Kanye West)",Track 5 on the DON'T KILL THE PARTY PACK.,1:55,,Album Track,Yes,https://open.spotify.com/track/1S3pjuGtF8U5rHIJQ9AhSi?si=b757726a3bc347f0
TYCOON,"DON'T KILL THE PARTY (ChopNotSlop)
(with OG Ron C) (feat. Quavo & Juicy J) (prod. BNYX®, 206derek, Juicy J, Matt Spatola, Lasik, BBYKOBE & Kanye West)",Track 6 on the DON'T KILL THE PARTY PACK.,3:32,,Album Track,Yes,https://open.spotify.com/track/4tJgIYagBSpOrAoujRAG7B?si=dc4df82be6344f17
"23 Album Track(s)
4 Single(s)
11 Feature(s)
2 Production
0 Other","TYCOON MA$HUPS
(Collaboration with Toney Handsome)","(09/??/2025) (The project is conceived)
(10/17/2025) (TYCOON is officially released)
(01/20/2025) (TYCOON MA$HUPS is officially released)",,,Other,,
TYCOON MA$HUPS,"Can't Be Fucked With x My Frist Love
(prod. Toney Handsome)","Remix of ""CAN'T BE FUCKED WITH"" using the instrumental to ""My First Love"" by Avant. Titled ""cant be fucked with X My Fi"" in the metadata. The title is misspelled.",2:36,,Album Track,No,"https://hotcue.fm/profile/417
https://pillows.su/f/4830e8b1d73503157a9cc08bd9eb7468"
TYCOON MA$HUPS,"Don't Kill The Party x Drunk and Nasty (FS Green remix)
(feat. Kanye West, Pi'erre Bourne & Juicy J) (prod. Toney Handsome & FS Green)","Remix of ""DON'T KILL THE PARTY"" using the instrumental to a house remix of Pi'erre Bourne's ""Drunk and Nasty"" by FS Green. Has the Kanye verse that was highly requested by fans.",3:00,,Album Track,No,"https://hotcue.fm/profile/418 
https://pillows.su/f/d52f881f61130bc9711552e025f5c871"
TYCOON MA$HUPS,"December 31st x R.I.P. Fredo
(feat. A$AP Rocky & Tommy Revenge) (prod. Toney Handsome)","Remix of ""DECEMBER 31ST"" using the instrumental to ""R.I.P. Fredo (Notice Me)"" by Playboi Carti.",2:58,,Album Track,No,"https://hotcue.fm/profile/419
https://pillows.su/f/a5465ef58ea251127734223ed18e5915"
TYCOON MA$HUPS,"Smile Body Pretty x Stay Wit Me
(feat. Kodak Black & YG) (prod. Toney Handsome, Steve Fitzmaurice & Jimmy Napes)","Remix of ""SMILE BODY PRETTY FACE"" using the instrumental to ""Stay With Me"" by Sam Smith. The title is misspelled.",4:41,,Album Track,No,"https://hotcue.fm/profile/420
https://pillows.su/f/bdc7e3bf3248778f2b9049bb305c2a97"
TYCOON MA$HUPS,"Show Me Love x KNOCK, ROCK, SCRUB & CONNECT
(feat. Tory Lanez) (prod. Toney Handsome & Lyric Le'son)","Remix of ""SHOW ME LOVE"" using the instrumental to ""KNOCK, ROCK, SCRUBB & CONNECT"" by Lyric Le'son, which itself is a remix of multiple songs.",2:18,,Album Track,No,"https://hotcue.fm/profile/76
https://pillows.su/f/f5a7c6dee69d61620016b450906ed9ca"
TYCOON MA$HUPS,"TYCOON$ X JUST ONE WHISPER
(feat. Young Thug & Lil Baby) (prod. Toney Handsome)","Remix of ""TYCOON$"" using the instrumental to ""Just One Whisper"". Has horrific pitching on the vocals.",3:02,,Album Track,No,"https://hotcue.fm/profile/421
https://pillows.su/f/b957b3188e9241f6c2e719abcfcc1584"
TYCOON MA$HUPS,"All In x Not You Too
(prod. Toney Handsome & Noel Cadastre)","Remix of ""ALL IN"" using the instrumental to ""Not You Too"" by Drake.",2:41,,Album Track,No,"https://hotcue.fm/profile/422
https://pillows.su/f/511ef27ebf4b5cf58cb7f7cec8a0d8d6"
TYCOON MA$HUPS,"Twitch X Donk X Dot it To Ya
(feat. 2 Chainz & Tyga) (prod. Toney Handsome, Soulja Boy, Mustard & C Ballin)","Remix of ""TWITCH"" using the instrumentals to ""Donk"" by Soulja Boy and ""Do It To Ya"" by YG. The title is misspelled.",3:06,,Album Track,No,"https://hotcue.fm/profile/423
https://pillows.su/f/ff26536a428a0d1fe3b69fc101302614"
TYCOON MA$HUPS,"What I want x We Can Freak It
(prod. Toney Handsome & Battlecat)","Remix of ""WHAT I WANT"" using the instrumental to ""We Can Freak It"" by Kurupt.",2:52,,Album Track,No,"https://hotcue.fm/profile/424
https://pillows.su/f/1d3f22d2dbd3e855b37e7cb9ed634ec3"
TYCOON MA$HUPS,"Say IT x Wus Good ( Full Body Flip )
(prod. Toney Handsome & Fullbodydurag)","Remix of ""SAY IT"" using the instrumental to a remix of PARTYNEXTDOOR's ""Wus Good"" by Fullbodydurag.",2:34,,Album Track,No,"https://hotcue.fm/profile/425
https://pillows.su/f/fac5ada1c8bb0390c22a5da45e32ca8a"
TYCOON MA$HUPS,"On Repeat x Pop Baby
(prod. Toney Handsome & The Crack Capone DJ Roc)","Remix of ""ON REPEAT"" using the instrumental to ""Pop Baby"" by The Crack Capone DJ Roc.",2:00,,Album Track,No,"https://hotcue.fm/profile/426
https://pillows.su/f/7ec952b82b7e5fee45cd52ab1fa067b8"
TYCOON MA$HUPS,"Harder x I Wonder
(prod. Toney Handsome & Kanye West)","OG Filename: HArder - Toney Edit _95bpm
Remix of ""HARDER"" using the instrumental to ""I Wonder"" by Kanye West.",2:21,,Album Track,No,"https://hotcue.fm/profile/76
https://pillows.su/f/b5cdc4c765f9c33f9f58a8a983cbb76b"
TYCOON MA$HUPS,"Mixed Emotions x Green Light
(feat. Travis Scott & Leon Thomas) (prod. Toney Handsome)","Remix of ""MIXED EMOTIONS"" using the instrumental to ""Green Light"".",3:58,,Album Track,No,"https://hotcue.fm/profile/77
https://pillows.su/f/1c3b8143cfd96c388ecb27bc9bd3b66a"
TYCOON MA$HUPS,"Wit It x Looove Song
(feat. Chlöe) (prod. Toney Handsome, Future, Mex Manny & Luney Tunez)","Remix of ""WIT IT"" using the instrumental to ""Loveeeeeee Song"" by Rihanna.",2:40,,Album Track,No,"https://hotcue.fm/profile/78
https://pillows.su/f/a9035750211f4ba402993b9e60d7ef5f"
TYCOON MA$HUPS,"I Wish x Seduction
(prod. Toney Handsome, Jimmy Jam & Terry Lewis)","Remix of ""I WISH"" using the instrumental to ""Seduction"" by Usher.",3:33,,Album Track,No,"https://hotcue.fm/profile/79
https://pillows.su/f/7c1f7fa3b1391062372f2c9d224c8580"
"0 OG File(s)
0 Full
0 Tagged
0 Partial
0 Snippet(s)
0 Unavailable",girl music vol. 1,,,,,,
girl music vol. 1,"Mario - Friends
(feat. Ty Dolla $ign) (prod. Dre Moon, xynothing & Keymajor)",Track 4 on Mario's Mood Swings.,4:39,,Feature,Yes,https://open.spotify.com/track/4cJTR66GRsQjrUppfIXYBo?si=03e53fa09ad34951
girl music vol. 1,"Camper - OOWEE
(feat. Jill Scott & Ty Dolla $ign) (prod. Camper & RobOnBass)","Track 3 on Camper's 2026 album CAMPILATION. Released as a single on September 5, 2025. Written by Jill Scott, Tanerelle Stephens, Darhyl Camper Jr., Tyrone Griffin Jr., Terrell Roper, Davion Farris, The Amours, and Rob Burge-Debose. Engineered by Jeremy Hunter, Morning Estrada, Noe Corona, Rafael Fai Bautista, and Mike Tucci.",3:37,,Feature,Yes,https://open.spotify.com/album/5dIeX3fErA2VsA2qk5rIhi
girl music vol. 1,"Ant Clemons - Head To Toe
(feat. Ty Dolla $ign, Charlie Wilson & Slim) (prod. Q Gulledge, Mustard, Brian Edwards, Ant Clemons & Soulo)","Track 4 on Ant Clemons' 2026 EP, 4Play II. Originally YouTube exclusive before being released to streaming services. Written by Anthony Clemons Jr.",2:53,,Feature,Yes,https://open.spotify.com/track/6YPwqgsc5JWHAWClfrvlMx
girl music vol. 1,"Lil Gotit & Lil Keed - Minaj
(feat. Ty Dolla $ign) (prod. GREN808, Dynox & Prodbykay)","Track 6 on Lil Gotit and Lil Keed's 2026 album, Fraternal: Gotit Edition. Written by Rahqid Render, Semaja Render, and Tyrone Griffin, Jr..",2:42,,Feature,Yes,https://open.spotify.com/track/0XVjLk04cHgoqCdDXhgV5s?si=23cbfdb008834027
girl music vol. 1,"nobody has to know
(with Ronald Isley) (prod. Ty Dolla $ign, Rosen Beatz, FBG Goat, Juko, Mally Mall & London on da Track)","Track 1 on girl music vol. 1. Written by Ronald Isley, Juko, Rosen Beatz, Kandy Isley, Kimberly Johnson, FBG Goat, R. Kelly, and Ty Dolla $ign. Vocals produced by Kimberly Johnson. Mixed by Fai and Morning Estrada. Mastered by Mike Tucci. Interpolates ""Down Low (Nobody Has To Know)"" by R. Kelly.",3:17,,Album Track,Yes,https://open.spotify.com/track/46TBNdAUcbnuCIyK6V4qnl?si=a28e2450b8804031
girl music vol. 1,"3 billion
(feat. Timbaland) (prod. Ty Dolla $ign, Camper, Cobalii, Styalz Fuego, Wax Motif, Timbaland & RobOnBass)","Track 2 on girl music vol. 1. Features adlibs from Timbaland. Features bass from RobOnBass. Written by Wax Motif, Camper, Styalz Fuego, Ray Vaughn, Neff-U, and Ty Dolla $ign. Mixed by Fai and Morning Estrada. Mastered by Mike Tucci. Interpolates ""Are You That Somebody?"" by Aaliyah.",3:10,,Album Track,Yes,https://open.spotify.com/track/5Bo3H3AL8SkkMmyj8i0Cox?si=e361066664c94f14
girl music vol. 1,"bad bitch alert
(prod. Maxx Owa, PRICE & Oh Gosh Leotus)","Track 3 on girl music vol. 1. Written by Maxx Owa, PRICE, Oh Gosh Leotus, and Ty Dolla $ign. Mixed by Fai and Morning Estrada. Mastered by Mike Tucci.",2:25,,Album Track,Yes,https://open.spotify.com/track/6E3NhQN1qTXNLao7yI61dK?si=3c76b561b3f147af
girl music vol. 1,"intention
(with Brandy) (prod. Camper & Mustard)","Track 4 on girl music vol. 1. Written by Ant Clemons, Brandy, Camper, and Ty Dolla $ign. Mixed by Fai and Morning Estrada. Mastered by Mike Tucci. Engineered by Andrew Barnes.",3:15,,Album Track,Yes,https://open.spotify.com/track/1ZGQug62wWSfELA3Jvufl5?si=9b3efde420024315
girl music vol. 1,"miss u 2
(with Leon Thomas) (prod. Keyz)","Track 5 on girl music vol. 1. Released as a single on February 20th, 2026. Written by Leon Thomas, Aaron Hall, Cameron Wallace, Gregory Cauthen, Keyz, Kenneth Burrell, Bizzy Crook, Shawn Barron, and Ty Dolla $ign. Mixed by Fai. Mastered by Mike Tucci. Samples ""I Miss You"" by Aaron Hall.",2:28,,Album Track,Yes,https://open.spotify.com/track/2Agp4orhknYXMMrHHpasqJ?si=7e5bcee378d04979
girl music vol. 1,"good to me
(prod. Ty Dolla $ign & Camper)","Track 6 on girl music vol. 1. Features piano from Camper. Written by Camper, Jesse Fink, Neil Ormandy, and Ty Dolla $ign. Mixed by Fai and Morning Estrada. Mastered by Mike Tucci.",2:34,,Album Track,Yes,https://open.spotify.com/track/6DPYRPBrpf7jwfwxhcEX8j?si=b1874d3d3f734db7
"0 OG File(s)
0 Full
0 Tagged
0 Partial
0 Snippet(s)
0 Unavailable",girl music vol. 2: sex playlist,,,,,,
girl music vol. 2: sex playlist,"Shoreline Mafia - WE LIKE TO PARTY
(prod. Ty Dolla $ign, Hitmaka & damn james!)","Released as a single on March 27, 2026.",2:44,,Production,Yes,https://open.spotify.com/album/2U4ckYrVRzFFYMZLJBcph7?si=9MT1yXOoRoWNtR9BCmnSnQ
girl music vol. 2: sex playlist,"Kanye West - BULLY [V2]
(feat. CeeLo Green, Layke, 1SRAEL, FutureSelf, Harmoni Mathis & TK) (prod. Kanye West, Andre Troutman, 1SRAEL, illion & The Legendary Traxster)",Track 9 on Kanye West's BULLY.,2:27,,Other,Yes,https://open.spotify.com/track/6KhDb86ThnlKirRw1UBZGb?si=83270243984d4f14
girl music vol. 2: sex playlist,"Kanye West - HIGHS AND LOWS [V2]
(prod. Kanye West, 1SRAEL, Andre Troutman, The Legendary Traxster, Nkenge 1x & illion)",Track 10 on Kanye West's BULLY.,1:51,,Other,Yes,https://open.spotify.com/track/565G1vHZu2xoxrnTyF06Qw?si=34fd495bdef34055
girl music vol. 2: sex playlist,"Kanye West - LAST BREATH [V3]
(feat. Peso Pluma) (prod. Kanye West, Sheffmade, Josh Shuback, Nkenge 1x, The Legendary Traxster & John Scott)",Track 17 on Kanye West's BULLY.,3:06,,Other,Yes,https://open.spotify.com/track/13CvK7typ0qYle19p9Vahn?si=a9a0bd776aeb43b5
girl music vol. 2: sex playlist,"YG - TEACH YOU HOW TO LUH ME
(with Ty Dolla $ign) (prod. Bankroll Got It)","Released as a single on April 3, 2026. Samples ""Teach Me How to Dougie"" by Cali Swag District.",4:00,,Feature,Yes,https://open.spotify.com/track/6AwyXLzD18HptZPpbhrssp?si=4344b6d9216a4f7c
girl music vol. 2: sex playlist,"rjtheweirdo - The Perfect One
(feat. Ty Dolla $ign) (prod. rjtheweirdo & Sonic Major)","Track 3 on rjtheweirdo's At Least She's Beautiful. Released as a single on April 16, 2026.",2:56,,Feature,Yes,https://open.spotify.com/track/50sdq6Bggs4uoQY97AiVah?si=42014205e37144a5
girl music vol. 2: sex playlist,"Kehlani - Still
(feat. Ty Dolla $ign) (prod. Camper, DIXSON & Alex Goldblatt)",Track 11 on Kehlani's Kehlani. Background vocals provided by Ty Dolla $ign.,3:33,,Feature,Yes,https://open.spotify.com/track/0Ntgg91du8iTGOobonADUu?si=3b714a40a53e4866
girl music vol. 2: sex playlist,"Compton Av & Steelz - Where U Going (Assophat)
(feat. Ty Dolla $ign) (prod. Steelz)","Released as a single on April 24, 2026.",2:22,,Feature,Yes,https://open.spotify.com/track/5JaOadiBwvtQ02Tti6uP2k?si=a15b6103d4d64e1a
girl music vol. 2: sex playlist,"Wax Motif - Bad & U Know It
(with Ty Dolla $ign) (prod. Wax Motif)","Track 5 on Wax Motif's House of Wax II. Released as a single on March 27th, 2026.",3:11,,Feature,Yes,https://open.spotify.com/album/6TbBK5N3eiHls18XDtsbTc?si=UvIuD2w9RP-POYcUpJCKtQ
girl music vol. 2: sex playlist,"French Montana & Max B - Ever Since U Left Me (West Coast Remix)
(with Ty Dolla $ign)","Track 26 on French Montana and Max B's Wave Gods 2: Cosmos Brothers. Released as a single on May 22, 2026.",3:01,,Feature,Yes,https://open.spotify.com/track/5iPfspg1iXlYUrydrpWPUv?si=0550b9220e114cac
girl music vol. 2: sex playlist,"Keith Turner - ALL THAT A$$
(with Ty Dolla $ign, Coi Leray & KDDO) (feat. Jeremih) (prod. Keith Turner, KDDO, Jonas Jurström & Shawn Barron)","Released as a single on May 22, 2026.",3:04,,Feature,Yes,https://open.spotify.com/track/2uTKGIYyTDtzl4foXm2qb8?si=997577a153a34d7f
girl music vol. 2: sex playlist,"RJmrLA - Waist Down
(feat. Ty Dolla $ign & Joe Moses) (prod. damn james! & Ty Dolla $ign)",Track 4 on RJmrLA's MR. LA II.,2:18,,Feature,Yes,https://open.spotify.com/track/6N24epOYSbMLMaIKY0wxNt?si=90784d12e83a4dc6
girl music vol. 2: sex playlist,"RJmrLA - Make Me Rich
(with Jay Worthy) (prod. damn james! & Ty Dolla $ign)",Track 12 on RJmrLA's MR. LA II.,2:33,,Production,Yes,https://open.spotify.com/track/4tonhnA1inr5Z7ZHB7ilTK?si=ac3b876af07d4afe
girl music vol. 2: sex playlist,"aespa - Switchblade
(feat. Ty Dolla $ign) (prod. Evan Blair)",Track 7 on aespa's LEMONADE - The 2nd Album.,3:02,,Feature,Yes,https://open.spotify.com/track/3KHbQsyerMst6uLw8JiAwu
girl music vol. 2: sex playlist,"Rucci - A Norfside Story
(prod. damn james! & Ty Dolla $ign)",Track 8 on Rucci's Norfside Story.,2:15,,Production,Yes,https://open.spotify.com/track/35ojXoB8NJU8ImVfIb95WT
girl music vol. 2: sex playlist,"Luh Tyler - Come Up Off
(feat. Ty Dolla $ign) (prod. DJ ESCO)",Track 14 on Luh Tyler's Destined For Greatness.,1:53,,Feature,Yes,https://open.spotify.com/track/4KbxK654TXIVDr58PFfy4f
girl music vol. 2: sex playlist,"G Herbo - DND
(feat. Ty Dolla $ign) (prod. Go Grizz)",Track 9 on G Herbo's Lil Herb: Lil Heroin Edition.,2:54,,Feature,Yes,https://open.spotify.com/track/7vauolDIZ7JZxdbjLhbx9e
girl music vol. 2: sex playlist,"Jessie Reyez - DUSTY
(with Ty Dolla $ign) (prod. The Monsters & Strangerz & Jeff Gitty)",Track 5 on Jessie Reyez' A LITTLE VENGEANCE.,3:13,,Feature,Yes,https://open.spotify.com/track/1beqlvVHUHp27ZqQutkreu
girl music vol. 2: sex playlist,"4Fargo - Posted Alone (Remix)
(with Ty Dolla $ign) (feat. Honey Bxby) (prod. Cash Kelly)",Track 6 on 4Fargo's 4Fargo.,3:19,,Feature,Yes,https://open.spotify.com/album/5Nb3ziFV641od9Vp7mTOSz
girl music vol. 2: sex playlist,"Chris Brown - Just the Bro
(feat. Tyga & Ty Dolla $ign)",Track 4 on Chris Brown's BROWN (The Chocolate Edition).,3:24,,Feature,Yes,https://open.spotify.com/track/0Q54gKsmxMlXzY23r1qbAj?si=64b54c0053b24324
girl music vol. 2: sex playlist,"YG - ON THE LOW
(with Tyler, The Creator) (prod. Ty Dolla $ign)",Track 6 on YG's THE GENTLEMEN'S CLUB.,3:04,,Production,Yes,https://open.spotify.com/track/09vUEGDPqHaMWxRSS6XPY1
girl music vol. 2: sex playlist,"YG - HOLLYWOOD
(with Shoreline Mafia) (prod. Ty Dolla $ign & damn james!)","Track 8 on YG's THE GENTLEMEN'S CLUB. Released as a single on May 23rd, 2025.",3:00,,Production,Yes,https://open.spotify.com/album/16zR7LP3U1in4YsFnmA4ZC?si=e8QPP3k7T5uNdcA2dfPMUw
girl music vol. 2: sex playlist,"YG - TIFFANY
(prod. Ty Dolla $ign, damn james! & Kwak Z)",Track 13 on YG's THE GENTLEMEN'S CLUB.,6:53,,Production,Yes,https://open.spotify.com/track/23LlKjiPjpseAEbp7KLSbn
girl music vol. 2: sex playlist,"kwn - 'til the room stinks
(feat. Ty Dolla $ign)","Track 5 on kwn's and all pride aside. Samples ""Pony"" by Ginuwine.",2:30,,Feature,Yes,https://open.spotify.com/track/1ILFNxCVhJT2viKziURC3U?si=be58cc18ae3a483e
girl music vol. 2: sex playlist,"Naisha - so then
(with Ty Dolla $ign)","Released as a single on July 1st, 2026.",2:32,,Feature,Yes,https://open.spotify.com/track/0wfqoWiUGmLOZW9NrtPOdx?si=69b77b0560fd4763
girl music vol. 2: sex playlist,"LAWSON - Ballerina Tea
(feat. Ty Dolla $ign) (prod. Murda Beatz)","Track 7 on LAWSON's God Don't Call Twice.. Vol 1. Released as a single on July 17th, 2026.",3:14,,Feature,Yes,https://open.spotify.com/track/4I0oPdCm7ZCP7DTHs73a1e?si=dc45aebed5214579
