Era,Name,Notes,Track Length,File Date,Leak Date,Available Length,Quality,Link(s)
"0 OG File
2 Full
0 Tagged
0 Partial
0 Snippets
1 Unavailable",Pre-d4vd,"(3/28/2005) David ""d4vd"" Anthony Burke is born.

Music (reference tracks in particular) that was made before d4vd started officially making music.",,,,,,
Pre-d4vd,Piano Beast,"Video of a young d4vd playing the piano. Uploaded to his childhood youtube channel on November 4th, 2017.",3:57,,"Nov 4, 2017",Full,Recording,https://youtu.be/Z-uz5Uem6GU?is=IYvnRGllKmg9yYr5
Pre-d4vd,"Billie Eilish - 7 [V1]
(Limbo)",,,,,,,
Pre-d4vd,"Billie Eilish - Limbo [V2]
(feat. Emmit Finn) [prod. FINNEAS & Emmit Fenn]
(7)","Billie Eilish version of Limbo recorded some time from 2015-2017. Would eventually be given rights to d4vd by Finneas and be rerecorded in 2023. Leaked on March 17th, 2024.",4:03,,"Mar 17, 2024",Full,CD Quality,https://pillows.su/f/904e4d47473a3c379e71d316c60cacdb
Pre-d4vd,[Unknown 2012 Covers],Sources claim that d4vd recorded covers of songs when he was only 8 years old.,,,,Confirmed,Not Available,
"1 OG File
12 Full
0 Tagged
0 Partial
0 Snippets
0 Unavailable",The Hoodstar Diary,"In late 2021 to early 2022, d4vd tried to take on the persona of a NY drill rapper. Not much else is known about this era other than the songs that have resurfaced.",,,,,,
The Hoodstar Diary,⭐️ Believe In Love,"Track 5 on ""The Hoodstar Diary"". Track leaked on YouTube by ""musicvault"" on September 17th, 2024.",2:29,,"Sep 17, 2024",Full,High Quality,https://pillows.su/f/04e1471bb571ffc2d99f2ec1b3b17a79
The Hoodstar Diary,"✨ Dash
[prod. justxrolo]","Old song from around this era. This song was d4vd's first song to release to streaming but would later be deleted. Resurfaced on October 13th, 2024.",2:08,,"Oct 13, 2024",Full,High Quality,https://pillows.su/f/6ae6b187cb713497ba53a3af8c9a955e
The Hoodstar Diary,"EBK DOA GBG [V1]
(Get Back)","OG Filename: EBK DOA GBG.mp3
Demo of Get Back with the rest of the song open. Leaked on October 5th, 2025.",2:21,,"Oct 5, 2025",OG File,CD Quality,https://pillows.su/f/a79e815f476e132a7afa796c95ec1946
The Hoodstar Diary,"Gazer
(Mj)","Track 2 on ""The Hoodstar Diary"". Track leaked on YouTube by ""musicvault"" on September 17th, 2024. Also released on Spotify by d4vd Archive titled ""Mj"" but later removed.",2:29,,"Sep 17, 2024",Full,High Quality, https://pillows.su/f/1db85d3b95b1e387fbbf4fdb862a3b79
The Hoodstar Diary,"Get Back [V2]
(EBK DOA GBG)",,2:06,,,Full,High Quality,https://pillows.su/f/fc590cd7b76d1493af52a3d9b32708a7
The Hoodstar Diary,"Hoodstar Diary
(Not A Celebrity)","Track 3 on ""The Hoodstar Diary"". Track leaked on YouTube by ""musicvault"" on September 17th, 2024. Also released on Spotify by d4vd Archive titled ""Not A Celebrity"" but later removed.",1:52,,"Sep 17, 2024",Full,High Quality, https://pillows.su/f/0a6b7bdcc197be051e28ad316a19adad
The Hoodstar Diary,"🗑️ Knockers [V1]
(feat. ???)
(Like Wick)","Early version of Like Wick titled ""Knockers"". Has a verse from an unknown artist and an open verse. Leaked on October 5th, 2025.",2:30,,"Oct 5, 2025",Full,CD Quality,https://pillows.su/f/d8c69dc347aa656ccf61c550d56b8371
The Hoodstar Diary,"Like Wick [V2]
(feat. yrsci)
(Knockers)","Track 7 on ""The Hoodstar Diary"". Track leaked on YouTube by ""musicvault"" on September 17th, 2024. Also released on Spotify by d4vd Archive but later removed.",1:31,,"Sep 17, 2024",Full,High Quality,https://pillows.su/f/5b2cc642d754a08227e75bfad55b95dd
The Hoodstar Diary,Please Stop Calling Me,"Song recorded around this era. Leaked by TWOTORNADO through SoundCloud on December 7th, 2025.",1:00,,"Dec 7, 2025",Full,CD Quality,https://pillows.su/f/bfd956b6e27b90e223125a0e7019c959
The Hoodstar Diary,Rainy Days,"Track 8 on ""The Hoodstar Diary"". Leaked on YouTube by ""musicvault"" on September 17th, 2024. Also released on Spotify by d4vd Archive but later removed.",1:27,,"Sep 17, 2024",Full,High Quality,"https://pillows.su/f/30be796ead04e7675e4bf9279cad52e2
 "
The Hoodstar Diary,Shot Down,"Track 6 on ""The Hoodstar Diary"". Track leaked on YouTube by ""musicvault"" on September 17th, 2024",2:14,,"Sep 17, 2024",Full,High Quality,https://pillows.su/f/0f3abfaf925eee6b2c8c99dec94c1c50
The Hoodstar Diary,Turnt Up,"Track 4 on ""The Hoodstar Diary"". Track leaked on YouTube by ""musicvault"" on September 17th, 2024. Also released on Spotify by d4vd Archive but later removed.",1:44,,"Sep 17, 2024",Full,High Quality,https://pillows.su/f/6206a84a93d870c6239296b882b181f6
The Hoodstar Diary,What A World,"Track 1 on ""The Hoodstar Diary"". Track leaked on YouTube by ""musicvault"" on September 17th, 2024.",2:04,,"Sep 17, 2024",Full,High Quality,https://pillows.su/f/ce82a66d2cbb541bd45957b4ff8079b3 
"33 OG File
37 Full
0 Tagged
7 Partial
33 Snippets
4 Unavailable",Love Is Blind,"(4/?/2022) d4vd removes The Hoodstar Diary from streaming
(10/5/2022) d4vd teases a tour and an EP called Love Is Blind
(12/29/2022) Love Is Blind gets scrapped.

On October 5th, 2022, d4vd posted a tweet that read ""drafting and planning ✍️"" with 2 photos of merch designs and a lanyard that both said ""Love Is Blind"" on them. It's speculated that d4vd was planning to drop an EP under the same name but the only evidence of this phrase ever being repeated was in the song ""Cold In The Summer"" where he says ""we both know love is blind.""",,,,,,
Love Is Blind,"All Because Of You [V1]
(ABCOY)","Song recorded on October 19th, 2022.",2:49,,"Sep 17, 2025",Full,CD Quality,https://pillows.su/f/45178c540511bcb5375c0134c7eeff6d
Love Is Blind,"⭐️ All Because Of You [V2]
(ABCOY)","OG Filename: abcoy finished.m4a
Finished song recorded around this era. First snippet posted by d4vd on his   Twitter/X account as a ""test of vocal range."" Leaked in full on March 29th, 2023.",3:05,,"Mar 29, 2023",OG File,CD Quality,https://pillows.su/f/f89372b813a01b0f98a2754d125ae897
Love Is Blind,"Ain't What I Need
(What You Need, sdaD)","OG Filename: Ain’t What I Need - SUPER RUFF.m4a
Song recorded in November 2022. First leaked in a mass leak flood on September 17th, 2025. Real file later leaked on May 4th, 2026.",1:33,,"Sep 17, 2025",OG File,CD Quality,https://pillows.su/f/82fcba15ffe26a9a36268cda1e4c7387
Love Is Blind,"✨ Beat It Up Freestyle
(feat. cvleb/Kova)",A song with d4vd and his brother.,2:26,,"Jun 4, 2026",Full,High Quality,https://pillows.su/f/e8d02c5471b0d9d1857f7f7b2fb44923
Love Is Blind,"Beautiful Mourning
[prod. Dan Darmawan]","Recorded July 25th, 2022.",3:13,,"Sep 17, 2025",OG File,CD Quality,https://pillows.su/f/a7bc3d944daca8da2f6f5a7ef246c01d 
Love Is Blind,Beautiful Silence [V2],"OG Filename: Beautiful Silence v2.m4a
Song recorded on November 24th, 2022. Leaked in a mass leak flood on September 17th, 2025.",2:22,,"Sep 17, 2025",OG File,CD Quality,https://pillows.su/f/c5c5638d2f31e5b6813d3ad1b33e8390
Love Is Blind,Company,"Posted onto d4vd's archive SoundCloud on March 10th, 2022.",1:41,,"Mar 10, 2022",Full,High Quality,https://pillows.su/f/251db64e130c9185b2dad540dc457642
Love Is Blind,"Cold In The Summer
[prod. Jack Laboz]","OG Filename: d4vd.jacklaboz - Cold In The Summer 8.6.22jf.mp3
Song recorded on August 6th, 2022. The only song from this era that has mentions of the EP name. Leaked on November 8th, 2024.",2:42,,"Nov 8, 2024",OG File,CD Quality,https://pillows.su/f/65020f273f277f03ee31a550174a5213
Love Is Blind,"Cloud
[prod. Aaron Paris]
(Oh My)",OG Filename: Cloud (aaron paris).m4a,3:31,,"Sep 17, 2025",OG File,CD Quality,https://pillows.su/f/c84f5cf068ed5228ce626a599ad6b6af
Love Is Blind,"Choppa Witta K [V1]
(Separate)",,,,,Full,,LINK NEEDED
Love Is Blind,Damaged Heart [V1],,2:51,,"May 4, 2026",Full,Lossless,https://pillows.su/f/5c76b78d8965df56c9cd3dbab75a3dc2
Love Is Blind,Damaged Heart [V2],,2:51,,"May 4, 2026",Full,Lossless,https://pillows.su/f/81e7f4dcb058ef754038871033247e40
Love Is Blind,⭐️ Damaged Heart [V3],"Leaked in a snippet bundle on June 30th, 2025. Later leaked on May 4th, 2026.",2:51,,"May 4, 2026",Full,Lossless,https://pillows.su/f/71ca08769b219a8650decf6a7b28ba37
Love Is Blind,"Dancing Through The End Of The World [V1]
[prod. Dan Darmawan]
(Let's Dance, DTTEOTW)",Demo version of Dancing Through The End Of The World with worse mixing. Leaked by d4vd himself through his Discord server in December of 2022.,3:30,,"Dec 13, 2022",Full,CD Quality,https://pillows.su/f/fe2137317d294f47dd5ce2a70e8fe3d5
Love Is Blind,"Dancing Through The End Of The World [V2]
[prod. Dan Darmawan]
(Let's Dance, DTTEOTW)","OG Filename: dancing through the end of the world no clar.m4a
Version of Dancing Through The End Of The World recorded on December 2nd, 2022. Leaked in a mass leak flood on September 17th, 2025.",3:30,,"Sep 17, 2025",OG File,CD Quality,https://pillows.su/f/f7b254319840c001fe284ee5e5fa05b4
Love Is Blind,Fall Down,"Song recorded in May of 2022. First leaked on March 10th 2023 but was a cut file. Full OG file leaked on April 19th, 2026.",3:08,,"Apr 19, 2026",OG File,CD Quality,https://pillows.su/f/5d3ea275d94be99d5943fed27220678f
Love Is Blind,Fallen Star,,2:40,,"Sep 17, 2025",OG File,CD Quality,https://pillows.su/f/a342b8798832a2a97d1faa5cce57fae4
Love Is Blind,⭐️ Fallen From Grace,"OG Filename: FALLEN FROM GRACE (movie sync).m4a
Song recorded on Christmas Eve 2022. First leaked on November 11th, 2023. OG File leaked in a mass leak flood on September 17th, 2025.",2:23,,"Sep 17, 2025",OG File,CD Quality,https://pillows.su/f/3fa3d6f87fa5b908f6549f7acfcfd106
Love Is Blind,Floating Away,"Song recorded in 2022. First snippet leaked on June 30th, 2025. Leaked in full on January 30th, 2026.",1:00,,"Jan 30, 2026",Full,High Quality,https://pillows.su/f/491d758b28c546591ab7925905981eb8
Love Is Blind,"For Some Time
[prod. Getaway]","Posted onto d4vd's archive soundcloud on March 10th, 2022.",3:10,,,Full,High Quality,https://pillows.su/f/8ea866f1f9eeb41b379b24c4cab8e6d5
Love Is Blind,Gone,"OG Filename: Gone - stripped back unfinished.m4a
Song recorded on November 11th 2022. Leaked in a mass leak flood on September 17th, 2025.",3:35,,"Sep 17, 2025",OG File,CD Quality,https://pillows.su/f/62a67e43cb18405dcaf483ee0d960620
Love Is Blind,Hit Me When You Wake Up,"Song recorded on December 22nd, 2022. Leaked in a mass leak flood on May 4th, 2026.",2:25,,"May 4, 2026",OG File,CD Quality,https://imgur.gg/f/DsfMRIo
Love Is Blind,I Still Love You,"Posted onto d4vd's archive soundcloud on August 1st, 2022.",2:12,,"Aug 1, 2022",Full,High Quality,https://pillows.su/f/185c80e1850984b7ece382edae53e9a5
Love Is Blind,"I Let You Down
[prod. grayskies]","OG Filename: i let you down fin.m4a
Snippet previewed by d4vd in his Discord server. Leaked in full on March 19th, 2023.",3:06,,"Sep 17, 2025",OG File,CD Quality,https://pillows.su/f/d0aaad28589ef32d42d0547f221b85b1
Love Is Blind,⭐️ Jump Outta Coffin [V2],"OG Filename: Jump Outta Coffin - SUPER RUFF v2.m4a
Leaked in a mass leak flood on September 17th, 2025",2:54,,"Sep 17, 2025",OG File,CD Quality,https://pillows.su/f/ec51c3c0a1fb4968be25dd60b96e7e18
Love Is Blind,Kill Myself For Love,"Leaked by d4vd himself in his Discord server on November 20th, 2022",2:43,,"Nov 20, 2022",Full,Lossless,https://pillows.su/f/cd0e0cc97f42230c3ff0cbab42c1bb99
Love Is Blind,Look Me In My Eyes,"
",2:22,,,Full,High Quality,https://pillows.su/f/6c386e03584e4adc41e8acb9ad3b7ce7
Love Is Blind,No Feel,"
",2:49,,"Apr 20, 2026",Full,High Quality,https://pillows.su/f/4a6505f437088cfdc7382d3fea567bd9
Love Is Blind,"Past Love
(feat. SSGKobe)","Posted onto d4vd's archive SoundCloud on May 18th, 2022.",,,"May 18, 2022",Full,High Quality,https://pillows.su/f/25f579ac988f589c250cdf78dfc863ff
Love Is Blind,Party On Freestyle,"Posted onto d4vd's archive SoundCloud on October 18th, 2022.",3:00,,"Oct 18, 2022",Full,CD Quality,https://pillows.su/f/eb3eee99c496619d636f2da4b3a4a532
Love Is Blind,Pool Of Lies,,3:07,,"May 3, 2026",Full,Lossless,https://pillows.su/f/f87ea341590c30c3fb685d423d3311f0
Love Is Blind,"PYO
[prod. Malia]
(Put You On)","Posted on the producer's SoundCloud. Samples ""Hold On"" by The Internet.",2:10,,,Full,High Quality,https://pillows.su/f/26a93f9c02ef587c39de3ad00db0c72c
Love Is Blind,"Possibilities [V2]
(feat. xojordo)","Later version of Possibilities that is pitched down and mastered. Released on xojordo's SoundCloud on September 19th, 2025.",2:40,,"Sep 19, 2025",Full,CD Quality,https://pillows.su/f/5a7fbc2d74276a30a7be57b6f81fd0f8
Love Is Blind,"Poison
(Starstruck)","OG Filename: POISON.m4a
First snippet of the song (2:20 length) posted on d4vd's Twitter on August 19th, 2022. Song later leaked on April 20th, 2026.",2:57,,"Apr 20, 2026",OG File,CD Quality,https://pillows.su/f/a2a8eb253c14284974b300ed14f981ed
Love Is Blind,Plans [V1],Recorded some time in December 2022.,3:17,,"May 4, 2026",Full,Lossless,https://pillows.su/f/16724f87bf216cddee52913d117b9746
Love Is Blind,Plans [V2],Recorded some time in December 2022.,3:17,,"May 4, 2026",Full,Lossless,https://pillows.su/f/bd2a8637004d0e42a5ed23e047bb9352
Love Is Blind,Polaroid,,4:05,,"Sep 11, 2025",Full,High Quality,https://pillows.su/f/83ea2eaadcf4ff7856995f0b368cb4a5
Love Is Blind,Run After You,"Posted onto d4vd's archive soundcloud on August 1st, 2022, which was later deleted.",2:07,,"Aug 1, 2022",Full,High Quality,https://pillows.su/f/66dfbc10afac60b0cfa30707d019530d
Love Is Blind,"Running From Your Love
(feat. ???)",,2:54,,"May 9, 2026",OG File,CD Quality,https://pillows.su/f/f0909a01cdc01646670f9fb9f63d9916
Love Is Blind,🗑️ Scam Anthem,"Joke song made around this era. Leaked on April 13th, 2023.",3:15,,"Apr 13, 2023",Full,High Quality,https://pillows.su/f/3e343db6c6b9eb3a26eddc025c9c2c90
Love Is Blind,Stop Talking To Me,"OG Filename: stop talking to me 09.07.22.wav
Song recorded in 2022. Tagged file surfaced on April 16th, 2026. Original file later leaked during a mass leak flood on April 20th, 2026.",1:34,,"Apr 20, 2026",OG File,Lossless,https://pillows.su/f/e1eb37bec5569a54a04fdb0d004ab184
Love Is Blind,Thorns,"OG Filename: thorns.m4a
Song recorded some time in 2022. Leaked on November 7th, 2023.",2:35,,"Nov 7, 2023",Full,CD Quality,https://pillows.su/f/d28d8fdc18f77b7fbea6cb9e6039fdfc
Love Is Blind,"The Robbery Of Life
[prod. 18YOMAN]","OG Filename: The Robbery of Life - Rough (18yoman).m4a
Song recorded on December 3rd, 2022. Leaked in a mass leak flood on September 17th, 2025.",1:38,,"Sep 17, 2025",OG File,CD Quality,https://pillows.su/f/53284e98eea8ad3ecd2ef56a7856b4f3
Love Is Blind,⭐️ Unstable,"Song made sometime in 2022 and previously snippeted on d4vd's twitter on June 30th, 2022",2:04,,"Nov 27, 2025",Full,High Quality,https://pillows.su/f/dea50ad0d8060d35584044cf3a99b2a6
Love Is Blind,Verbality,"OG Filename: verbality alm fun.mp3
Song recorded some time in 2022. Leaked on June 30th, 2025.",4:19,,"Jun 30, 2025",OG File,CD Quality,https://pillows.su/f/448a39f2301d77873b50ba5fc5fb66b9
Love Is Blind,⭐️ Voicemail,"
",3:13,,"Sep 17, 2025",Full,High Quality,https://imgur.gg/f/oXTXXd9
Love Is Blind,"W. A. N. T. [V2]
(feat. Destin Laurel)","Later version of the song that has a feature from Destin Laurel. Leaked on January 14th, 2023.",2:00,,"Jan 14, 2023",Full,Low Quality,https://pillows.su/f/a0803ccfe1c0f1e6f4206ffceff8e561 
Love Is Blind,"War
[prod. grayskies]","Song posted to d4vd's burner SoundCloud account before being deleted. Resurfaced on Septemeber 11th, 2025.",3:07,,"Sep 11, 2025",Full,CD Quality,https://pillows.su/f/094b71e1148b7ff2ee05b44e80efb491
Love Is Blind,"✨ World On Fire
[prod. Danny Majic]","OG Filename: AC.Danny Majic.d4vd - World On Fire - 8.4.22d.wav
d4vd's first song recorded in an official studio. Leaked in a mass leak flood on September 11th, 2025. OG File leaked on April 18th, 2026",3:09,,"Sep 11, 2025",OG File,Lossless,https://pillows.su/f/5a12cfee7e6da8c3d04eaf9bf2b058a8
Love Is Blind,"Walls
[prod. Marinelli]","OG Filename: d4vd x Marinelli - wallss .m4a
Song recorded in October of 2022. Leaked on November 7th, 2023.",2:38,,"Nov 7, 2023",OG File,CD Quality,https://pillows.su/f/43056751914d2edb3c33d55972075f21
Love Is Blind,"You Don't Understand
(Understand)","OG Filename: d4vd - You Don_t Understand.m4a
Song recorded in 2022. Leaked in a mass leak flood on September 17th, 2025.",1:52,,"Sep 17, 2025",OG File,CD Quality,https://pillows.su/f/525f570a4843e890a985c493f9584ac7
Love Is Blind,"Your Love
[prod. sahara]
(We Wouldn't Last)","Posted onto d4vd's archive soundcloud on August 1st, 2022, which was later deleted.",2:41,,"Aug 1, 2022",Full,High Quality,https://pillows.su/f/72a572022a1bbabcc7e8be8ef23c1133
Love Is Blind,"???
(Love Had It's Chance, Falling Harder)","OG Filename: unnamed 62 new ins mix.m4a
Untitled song recorded on October 23rd, 2022. Seems to be finished for the most part. Fans dub this song ""Love Had It's Chance"". Leaked on November 11th, 2023. Real OG file later leaked on May 4th, 2026.",2:02,,"Nov 11, 2023",OG File,CD Quality,https://pillows.su/f/2c2246a6bf7e8cb159f038f6fcec0252
Love Is Blind,"???
(Apology)","OG Filename: D4VD 12.6.22_Darkroom.m4a
Untitled song recorded at Darkroom/Interscope's recording studio on December 12th, 2022. Leaked in a mass leak flood on September 17th, 2025",3:02,,"Sep 17, 2025",OG File,CD Quality,https://pillows.su/f/4b39d2065d72d973dc5b306b4e442f40
Love Is Blind,"CHR1SSY! - Remedy
(feat. d4vd) [prod. ttthou]",,,,,,,
Love Is Blind,"✨ cvleb (Kova) - Runup
(feat. d4vd)",A song with d4vd and his brother.,2:49,,"Jun 4, 2026",Full,CD Quality,https://pillows.su/f/156fadbf53368320537b3902e2583b90
Love Is Blind,"CANDY MANSON - red eye [V1]
(feat. d4vd & ENGLEEZY)
(Take My Soul Away)",OG Filename: red_eye__candy_maison_feat_d4vd__engleezy.mp3,2:40,,"May 7, 2026",OG File,CD Quality,https://pillows.su/f/5e02a91b5c11d43e3f62f00ee4edbaa9
Love Is Blind,"CANDY MANSON - red eye [V2]
(feat. d4vd)",,,,,,,
Love Is Blind,"AlphaTruly - Safe And Sound [V1]
(feat. d4vd)",OG Filename: Safe_and_sound__ft_d4vdd.m4a,2:14,,"May 26, 2026",OG File,High Quality,https://pillows.su/f/4a84457501a8a0446ba941bf7d1d9042
Love Is Blind,"AlphaTruly - Safe And Sound [V2]
(feat. d4vd & i_wxnder)",,,,,,,
Love Is Blind,"AlphaTruly - Safe And Sound [V3]
(feat. d4vd & i_wxnder)",,,,,,,
Love Is Blind,"Matt Bartkus - Way You Are
(feat. d4vd)",,1:43,,"Jun 6, 2026",OG File,Lossless,https://pillows.su/f/370a4889b8fecb4951a35ac0df474968
Love Is Blind,"Iluvmsj - Luv is suicidal
(feat. d4vd & SSJ Twiin)
(It All Came From You)","Posted to streaming platforms on September 11th, 2022.",4:18,,"Sep 11, 2022",Full,High Quality,https://pillows.su/f/81157fceab230f1016ee6b139948d5d3
Love Is Blind,"??? - Friends (Interlude)
(feat. d4vd)","Song with an unknown feature recorded some time in 2022. Leaked by TheCat through SoundCloud on Oct 11th, 2024",3:02,,"Oct 11, 2024",Full,High Quality,https://pillows.su/f/a89594d8b95133f897f3b321ccc23308
Love Is Blind,"??? - Eternal Bliss
(feat. d4vd) [prod. grayskies]",,2:45,,"Jun 4, 2026",Full,High Quality,https://pillows.su/f/5847634ad33e1ef3ce51f65773b367a9
Love Is Blind,"??? - You Don't Spend Time With Me
(feat. d4vd)","
",3:33,,"Sep 11, 2025",Full,High Quality,https://pillows.su/f/04d8d340a52041ec3b7db22049030341
Love Is Blind,"??? - ???
(feat. d4vd)",OG Filename: New_Project.m4a,2:16,,"Jun 4, 2026",OG File,High Quality,https://pillows.su/f/5e99b0a5648d6b8312c65fdeddab60f4
Love Is Blind,"⭐️ 11:00 PM [V1]
[prod. grayskies]
(11PM)","Original version of 11PM uploaded to his YouTube and SoundCloud, which are now both taken down.",3:07,,"Jan 14, 2022",Full,High Quality,https://pillows.su/f/4eb31ab24e29d6bac45e478fececb9c7
Love Is Blind,"DTN [V2]
[prod. vinoluf]","OG Filename: dtn.m4a
Original file for DTN bounced on June 29th, 2022. Surfaced on January 9th, 2026.",1:59,,"Jan 9, 2026",OG File,CD Quality,https://pillows.su/f/cfbdbb69c1698a38495e9b5a5394dcd0
Love Is Blind,"Dirty Secrets [V2]
[prod. grayskies]","OG Filename: Dirty Secrets _NEW MIX 11.30.22.m4a
Reworked version of Dirty Secrets. Leaked on February 16th, 2026.",2:39,,"Feb 16, 2026",OG File,CD Quality,https://pillows.su/f/0318107155b221021df7f58c310881b8
Love Is Blind,"Here With Me [V1]
[prod. Dan Darmawan]","OG Filename: d4vd - here with me 2026-03-15 14_02 (1)_E♭_major__bpm_139.wav
Very early demo version of Here With Me which includes a different intro and normal pitch, along with not having a second verse or repeating chorus. This version was exported by someone who had access to the original projects link. Leaked on April 12th, 2026.",3:49,,"Apr 12, 2026",Self-Bounce,Lossless,https://pillows.su/f/5731a48c0c6eced9d9023fc280d57fa6
Love Is Blind,"Hollow Prayers [V1]
[prod. moneo]","OG Filename: hollow prayers (voice memo).m4a
Version of Hollow Prayers that leaked a couple months before release. More backing vocals are present, or just more audible. Missing outro chorus. OG file leaked on May 4th, 2026, where it was revealed to be a voice memo song.",2:49,,"Feb 18, 2023",OG File,CD Quality,https://pillows.su/f/efaf286c4179a7d1dfa11a490f76fcc9
Love Is Blind,Notes From A Wrist [V1],"Demo version of Notes From A Wrist recorded on September 9th, 2022. Leaked in a mass leak flood on September 17th, 2025.",3:18,,"Sep 17, 2025",OG File,CD Quality,https://pillows.su/f/b7337be981850a16fd0df72e9787507e
Love Is Blind,"Once More [V1]
[prod. musicbynicho]","Recorded on August 3rd, 2022. Has a longer intro.",,,,OG File,CD Quality,https://pillows.su/f/3c8552effc1a1293da5eec4d64ccd169
Love Is Blind,"Romantic Murder [V1]
[prod. Dan Darmawan]
(Romantic Homicide)",,,,,,,
Love Is Blind,"Separate [V?]
(feat. ???)","Alternate version of ""Seperate"" with an unknown feature. Leaked through Discord on August 2nd, 2025",,,,Full,CD Quality,LINK NEEDED
Love Is Blind,17 Messages,"Leaked in a snippet bundle on June 30th, 2025.",0:27,,"Jun 30, 2025",Snippet,High Quality,https://pillows.su/f/94d60f4546883f88a71a8b558e3a1fff
Love Is Blind,"🎤 A New Kind Of Love
[prod. Guy Sigsworth]
(moment)","Cover of Frou Frou and Imogen Heap's ""A New Kind Of Love"" recorded in 2022. Snippet leaked on May 21st, 2026.",0:10,,"May 21, 2026",Snippet,High Quality,https://imgur.gg/f/lMZzyMo
Love Is Blind,Beautiful Silence [V1],Unpitched version of Beautiful Silence.,,,"Jun 21, 2026",Snippet,High Quality,https://imgur.gg/f/vGXxsfp
Love Is Blind,Better Off Dead,"Leaked in a snippet bundle on June 30th, 2025.",0:42,,"Jun 30, 2025",Snippet,High Quality,https://imgur.gg/f/agkZHO4
Love Is Blind,🏆 Butterfly Denim,"Recorded in December of 2022. First previewed in one of d4vd's Twitch streams. High quality snippet later leaked on April 21st, 2026.","1:32
0:10",,"Apr 21, 2026",Snippet,Various,"1. https://pillows.su/f/9556d4152f4c0676fca99edb7c1e1baa 
2. https://imgur.gg/f/ZXnYJxj "
Love Is Blind,"🎤 before i close my eyes
[prod. John Cunningham]","Cover of XXXTENTACION's ""before i close my eyes"" recorded in 2022. Snippet leaked on May 21st, 2026.",0:10,,"May 21, 2026",Snippet,High Quality,https://imgur.gg/f/Hh90HI6
Love Is Blind,Change Me,,0:50,,"Nov 21, 2022",Snippet,High Quality,https://imgur.gg/f/EZHUb9R
Love Is Blind,"🎤 Chicago Freestyle
[prod. Sevn Thomas & Noel Cadastre]","Cover of Drake and GIVĒON's ""Chicago Freestyle"" recorded around June 6th, 2022. Snippet posted to d4vd's Twitter on June 6th, 2022.",0:31,,"Jun 6, 2022",Snippet,High Quality,https://imgur.gg/f/r9HtNp1 
Love Is Blind,"Decide [V1]
[prod. grayskies]","Older snippet of ""Decide"" posted to d4vd's X/Twitter on March 27th, 2022","0:22
0:39",,"Mar 27, 2022",Snippet,Low Quality,"1. https://imgur.gg/f/KHQXy1T
2. https://imgur.gg/f/50Msxps"
Love Is Blind,Demons,"Leaked in a snippet bundle on June 30th, 2025.",0:45,,"Jun 30, 2025",Snippet,High Quality,https://pillows.su/f/e730da2bd21132a6935af19d74786b49
Love Is Blind,Enjoy Who's In Your Bed,"Song recorded in December 2022. Snippet leaked on May 2nd, 2026.",0:22,,"May 2, 2026",Snippet,High Quality,https://pillows.su/f/cf9149d3410b252adf970b97031bf997
Love Is Blind,Hard To Find,"Snippet posted to d4vd's Twitter on April 9th, 2022.",0:41,,"Apr 9, 2022",Snippet,High Quality,https://imgur.gg/f/NUesaQF
Love Is Blind,"🎤 i love you
[prod. FINNEAS]","Cover of Billie Eilish's ""i love you"" recorded around July 30th, 2022.",0:57,,"Jul 30, 2022",Snippet,High Quality,https://imgur.gg/f/Fpo7YzM
Love Is Blind,"🎤 Jugaste y Sufrí
[prod. Pedro Tovar Jr. & Edgar Rodriguez]","Cover of Eslabon Armando & DannyLux's ""Jugaste y Sufrí"" recorded in 2022. First previewed by d4vd via a now deleted TikTok. Snippet leaked on May 21st, 2026.","0:27
0:14",,"May 21, 2026",Snippet,High Quality,"1. https://pillows.su/f/22828d5bccacbe9e6dd76a84c868ad45
2. https://imgur.gg/f/j4gj117"
Love Is Blind,"🏆 Let's Dance [V3]
[prod. Dan Darmawan]
(Dancing Through The End Of The World, DTTEOTW)","Finished version of Dancing Through The End Of The World titled ""Let's Dance"". Has an alternate verse and mixing differences. Snippet leaked on May 6th, 2026.",0:16,,"May 6, 2026",Snippet,High Quality,https://imgur.gg/f/bTkVzF0
Love Is Blind,Losing Balance,"Leaked in a snippet bundle on June 30th, 2025.",0:33,,"Jun 30, 2025",Snippet,High Quality,https://pillows.su/f/3423be70e75b9b78aa1a42646ff9c344
Love Is Blind,"🏆 Losing Focus
[prod. rareflower]","Snippet previewed by d4vd via now deleted Twitter post. High quality snippet later leaked on April 24th, 2026.","1:09
0:09",,"Jul 14, 2022",Partial,High Quality,"1. https://imgur.gg/f/nMjCl5m
2. https://imgur.gg/f/ro767k9"
Love Is Blind,"🗑️ Monkey Breesh
[prod. saint urya]",,0:21,,"Apr 22, 2026",Snippet,High Quality,https://imgur.gg/f/h7PIw8j
Love Is Blind,Moonlight,"Leaked in a snippet bundle on June 30th, 2025.",1:00,,"Jun 30, 2025",Snippet,High Quality,https://pillows.su/f/38831c99ae8ca5ed52c55f673be59b39
Love Is Blind,My Way,"Leaked in a snippet bundle on June 30th, 2025.",0:30,,"Jun 30, 2025",Snippet,High Quality,https://pillows.su/f/90394e98e1377886bd674d0dee66963d
Love Is Blind,"OMG
(Oh My God)","Snippet posted to d4vd's Twitter on July 6th, 2022.",0:22,,"Jul 6, 2022",Snippet,High Quality,https://imgur.gg/f/UUnQm1y
Love Is Blind,Pain,"Leaked in a snippet bundle on June 30th, 2025.",0:27,,"Jun 30, 2025",Snippet,High Quality,https://pillows.su/f/482560775df242724fbb106f31f0cd0c
Love Is Blind,Paper Plane,Recorded in November of 2022.,0:22,,"Apr 22, 2026",Snippet,High Quality,https://imgur.gg/f/ZyRMSaT
Love Is Blind,"Pray For Me [V1]
(SAVE ME)","OG Filename : pray for me remix.m4a
Snippet posted to d4vd's twitter on January 16th, 2022.",0:15,,"Jan 16, 2022",Snippet,Low Quality,LINK NEEDED
Love Is Blind,"Pray For Me [V2]
(SAVE ME)","OG Filename : SAVE ME *remix*.m4a
Longer version of the ""Pray For Me"" snippet posted to d4vd's twitter on January 19th, 2022.",2:05,,"Jan 19, 2022",Partial,High Quality,https://imgur.gg/f/urtZHph
Love Is Blind,"🗑️ Prisoner [V1]
(feat. Clix)",WIP,2:10,,,Partial,Recording,https://pillows.su/f/5ce892b8f306e8c761459a345c4ed1ba
Love Is Blind,Rooftop [V1],"OG Filename : rooftop (unfinished).m4a
Snippet posted to d4vd's X/Twitter account on January 9th, 2022. This was his first snippet to ever be posted to his page. This song was never mentioned again.",0:40,,"Jan 9, 2022",Snippet,Low Quality,https://pillows.su/f/0de348735d219600fc5445e5810ef4ca
Love Is Blind,"🎤 Say It
[prod. Andrew ""Pop"" Wansel & Toro]","Cover of Tory Lanez' ""Say It"" recorded in 2022. Snippet leaked on May 21st, 2026.",0:08,,"May 21, 2026",Snippet,High Quality,https://imgur.gg/f/4y3Sepv
Love Is Blind,School Zone,"Recorded a day before Romantic Homicide was recorded, in July of 2022.",0:16,,"Apr 22, 2026",Snippet,High Quality,https://imgur.gg/f/5IdcdQH
Love Is Blind,"🏆 She's Lazy
[prod. Mike Zara]","Voice memo demo of a song called She's Lazy. Unknown if this song was ever officially recorded. Previewed by d4vd via a Twitter post on November 21st, 2022.",1:15,,"Nov 21, 2022",Partial,Recording,https://pillows.su/f/6950a741ad69eff7da04a3ef5b807b46
Love Is Blind,"🎤 Sound Design
[prod. Jordan Church]","Cover of SSGKobe's ""Sound Design"" recorded in 2022. Snippet leaked on May 21st, 2026.",0:07,,"May 21, 2026",Snippet,High Quality,https://imgur.gg/f/rdoZIdE
Love Is Blind,Telephone,Recorded in September of 2022.,0:12,,"Apr 22, 2026",Snippet,High Quality,https://imgur.gg/f/FXhpRym
Love Is Blind,Torture,"Recorded in November of 2022. First snippet leaked on April 27th, 2026. Second snippet leaked on June 30th, 2026.",0:12,,"Jun 30, 2026",Snippet,High Quality,"1. https://imgur.gg/f/eowZayR
2. https://imgur.gg/f/fF1wxEU"
Love Is Blind,"🗑️ The Moon
(Gru Freestyle, Miniona, Minion Song)","Joke song made in early 2022. Snippet posted to d4vd's twitter on July 4th, 2022.",0:16,,"Jul 4, 2022",Snippet,High Quality,https://imgur.gg/f/CFGXYv5
Love Is Blind,Using You,"Leaked in a snippet bundle on June 30th, 2025.",0:27,,"Jun 30, 2025",Snippet,High Quality,https://pillows.su/f/4a91450977f7f5f10319c914e37d7865
Love Is Blind,Wasting My Time,"Leaked in a snippet bundle on June 30th, 2025.",0:42,,"Jun 30, 2025",Snippet,High Quality,https://pillows.su/f/bc84094c7b5a67a9363d9175c0418ef0
Love Is Blind,World On Fire [V1],"Recorded in August of 2022 in Los Angeles, California.",0:12,,"Aug 4, 2022",Partial,Recording,https://imgur.gg/f/qgg44AS
Love Is Blind,"???
(Come Over, She Wanna Come Over)","Song recorded in 2022. Sources claim this song to be completely lost. Snippet resurfaced on July 21st, 2026.",0:21,,"Jul 21, 2026",Snippet,High Quality,https://imgur.gg/f/reinzEy
Love Is Blind,"???
[prod. musicbynicho]
(Dream, When I'm With You, Convenience)","Snippet of an untitled song originally made as a joke posted to d4vd's X/Twitter on March 30th, 2022.",1:32,,"Mar 30, 2022",Partial,High Quality,https://pillows.su/f/9b79178d1d11f8c4b13488893b5f829c
Love Is Blind,Jump Outta Coffin [V1],Demo version of Jump Outta Coffin known to exist.,,,,Confirmed,Not Available,
Love Is Blind,W. A. N. T. [V1],Solo version of W. A. N. T. known to exist.,,,,Confirmed,Not Available,
Love Is Blind,[Unknown Clairo Collaborations],d4vd claimed on Twitter in 2022 that he had songs with Clairo. Unknown if any are in circulation.,,,,Confirmed,Not Available,https://x.com/d4vddd/status/1549964362701570049
Love Is Blind,[Unknown PinkPantheress Collaborations],d4vd claimed on Twitter in 2022 that he had songs with PinkPantheress. Unknown if any are in circulation.,,,,Confirmed,Not Available,https://x.com/d4vddd/status/1549964362701570049
"2 OG File
3 Full
0 Tagged
1 Partial
3 Snippets
0 Unavailable",Untitled Rock EP,"(9-10/?/2022) Untitled Rock EP is worked on.
(12/22/2023) d4vd leaks Untitled Rock EP on stream.

This EP was worked on throughout September and October of 2022. Ended up getting completely scrapped after d4vd leaked the Google Drive link through his stream on December 22nd, 2023. All songs feature production from anticønbeatz.",,,,,,
Untitled Rock EP,"Break Out [V2]
[prod. anticønbeatz]","OG Filename: .BREAKOUT.m4a
Exported on September 9th, 2022.",2:30,,"May 4, 2026",,,https://pillows.su/f/a3aab9e4221d2ed2efdc8c2d8cbacc31
Untitled Rock EP,"Break Out [V3]
[prod. anticønbeatz]","OG Filename: BREAKOUT _fixed levels.m4a
The fourth track on the untitled EP. Leaked by d4vd on stream. Exported on March 2nd, 2023. OG File leaked almost 2 years later in a mass leak flood on September 17th, 2025.",2:30,,"Sep 17, 2025",OG File,CD Quality,https://pillows.su/f/0936b4a034c91f28aab381ba505d541d
Untitled Rock EP,"⭐️ Don't Follow Me [V2]
[prod. anticønbeatz]
(DFM)",The third track on the untitled EP. Leaked by d4vd on stream.,3:00,,"Dec 22, 2023",Full,CD Quality,https://pillows.su/f/4e0584a69e5f6e1530d23db43f8d223f
Untitled Rock EP,"⭐️ She's Contagious
(Contagious)","Song that was probably worked on around this era. Snippet previewed by d4vd via his Twitter/X account but was later deleted. Resurfaced on June 29th, 2025. Leaked on May 3rd, 2026.",3:07,,"May 3, 2026",Full,Lossless,https://pillows.su/f/2c71dcff2f415b2ad68c6b6402882f7e
Untitled Rock EP,"Watch Your Hands [V2]
[prod. anticønbeatz]
(Embrace My Heart)","OG Filename: WATCH YOUR HANDS.m4a
The first track on the untitled EP. Leaked by d4vd on stream. OG File leaked almost 2 years later in a mass leak flood on September 17th, 2025.",2:51,,"Sep 17, 2025",OG File,CD Quality,https://pillows.su/f/b9c71b9d854122d1ec28d9d2e86fcde0
Untitled Rock EP,"Youth [V2]
[prod. anticønbeatz]",The second track on the untitled EP. Leaked by d4vd on stream.,2:46,,"Dec 22, 2023",Full,CD Quality,https://pillows.su/f/d23a71cd80d4e046fa378494f7122db2
Untitled Rock EP,"Break Out [V1]
[prod. anticønbeatz]",Older unmastered verison of BREAK OUT previewed by d4vd on his Twitter/X account.,0:27,,"Sep 8, 2022",Snippet,High Quality,https://imgur.gg/f/ukZ3a4H
Untitled Rock EP,"Don't Follow Me [V1]
[prod. anticønbeatz]
(DFM)",Older unmastered verison of DON'T FOLLOW ME previewed by d4vd on his Twitter/X account.,0:42,,"Sep 7, 2022",Snippet,High Quality,https://imgur.gg/f/yoPYf40
Untitled Rock EP,"Watch Your Hands [V1]
[prod. anticønbeatz]",Older unmastered verison of WATCH YOUR HANDS previewed by d4vd on his Twitter/X account.,1:28,,"Sep 9, 2022",Partial,High Quality,https://imgur.gg/f/x1wvh4o
Untitled Rock EP,"Youth [V1]
[prod. anticønbeatz]",Older unmastered verison of YOUTH previewed by d4vd on his Twitter/X account.,0:32,,"Sep 8, 2022",Snippet,High Quality,https://imgur.gg/f/q2BDBe7
"33 OG File
9 Full
0 Tagged
0 Partial
4 Snippets
0 Unavailable",The Root Of It All [V1],"(1/?/2023)
(3/?/2023) d4vd scraps The Root Of It All for Petals To Thorns.

As the beginning of 2023 rolled around, d4vd started work on his debut project. While this project had many names and iterations, the main one used for the time being was The Root Of It All. This name would however be changed, only seeing it used for the name of his first tour along with tour promo. Songs from this era were made from January to March of 2023.",,,,,,
The Root Of It All [V1],11:30,"Rap song posted to d4vd's burner SoundCloud account some time in early 2023 but later deleted. Resurfaced on April 24th, 2025.",2:23,,"Apr 24, 2025",Full,High Quality,https://pillows.su/f/8745ccf9af153b4179e806cc3bb6ecee
The Root Of It All [V1],Accountability,"Leaked in a mass leak flood on April 20th, 2026.",1:42,,"Apr 20, 2026",Full,High Quality,https://pixeldrain.net/u/z1ZexoBH
The Root Of It All [V1],"Birthday Suicide [V1]
[prod. Spencer Stewart]","OG Filename: Birthday Suicide 3.711.m4a
Unpitched version of Birthday Suicide. Leaked on June 15th, 2026.",2:29,,"Jun 15, 2026",Full,CD Quality,https://pillows.su/f/811592377b0219ccf7b419037432dcea
The Root Of It All [V1],"Birthday Suicide [V2]
[prod. Spencer Stewart]","OG Filename: Birthday Suicide.m4a
Track 1 on d4vd and Spencer Stewart's collab album. First leaked on November 5th, 2023. OG File leaked in a mass leak flood on September 17th, 2025.",2:25,,"Sep 17, 2025",OG File,CD Quality,https://pixeldrain.net/u/uGfSByR2
The Root Of It All [V1],Back Then,"OG Filename: Back Then _short.m4a
Leaked in a mass leak flood on September 17th, 2025.",1:35,,"Sep 17, 2025",OG File,CD Quality,https://pixeldrain.com/u/M8gC4rVP
The Root Of It All [V1],"Being In Love [V2]
[prod. nolove & William Van Zandt]","OG Filename: d4vd - beinginlove updated version (william van zandt x nolove).m4a
Later version of Being In Love. Leaked in a mass leak flood on September 17th, 2025.",2:20,,"Sep 17, 2025",OG File,CD Quality,https://pillows.su/f/9bf017db22d2ead6ce705ae860734c74
The Root Of It All [V1],Better Man [V1],"OG Filename: Better Man.m4a
First known version of Better Man. Snippet previewed by d4vd via now deleted TikTok. Leaked in a mass leak flood on September 17th, 2025.",2:16,,"Sep 17, 2025",OG File,CD Quality,https://pixeldrain.com/u/9WqGDwfi
The Root Of It All [V1],"⭐️ Better Man [V2]
[prod. Jason Vance Harris]","OG Filename: Better Man - Updated Instrumental and Vocals Prod. Jason Vance Harris.m4a
Later version of Better Man with a reworked instrumental and more vocals. Leaked in a mass leak flood on September 17th, 2025.",2:43,,"Sep 17, 2025",OG File,CD Quality,https://pixeldrain.com/u/9qAxfGAD
The Root Of It All [V1],⭐️ Butterfly Knives,"
",2:51,,"Sep 17, 2025",Full,CD Quality,https://pillows.su/f/7dcf3672396fbb5dc6e85db39852c7d8
The Root Of It All [V1],Bring Myself To It,"OG Filename: Bring myself to it _rough.m4a
Leaked in a mass leak flood on September 17th, 2025.",2:17,,"Sep 17, 2025",OG File,CD Quality,https://pixeldrain.com/u/tfkGq3ob
The Root Of It All [V1],Damn,"OG Filename: Damn.m4a
Song recorded on January 4th, 2023. Leaked in a mass leak flood on September 17, 2025.",3:31,,"Sep 17, 2025",OG File,CD Quality,https://pixeldrain.net/u/UvJqMaLN
The Root Of It All [V1],⭐️ Drink And Drive,"OG Filename: Drink and Drive - could use production development.m4a
Song recorded on January 1st, 2023. First leaked on March 23rd. 2023. OG File leaked in a mass leak flood on September 17th, 2025.",3:50,,"Sep 17, 2025",OG File,CD Quality,https://pixeldrain.net/u/NBK3s6oP
The Root Of It All [V1],"DTN (Alternate Version)
(Struggle From Within)","OG Filename: dtn alt.m4a
Alternate version of DTN recorded on January 3rd, 2023. Leaked on November 7th, 2023.",2:21,,"Nov 7, 2023",OG File,CD Quality,https://pixeldrain.net/u/iXdkbp3t
The Root Of It All [V1],"Electrify Yourself
(Soul)","Song made around this era. Went untitled before it was revealed to be titled ""Electrify Yourself"". Leaked on November 11th, 2023.",1:51,,"Nov 11, 2023",Full,CD Quality,https://pillows.su/f/7ced9e5f56effdae1e565bdcdd539df0
The Root Of It All [V1],"✨ Forever In Love
[prod. Dan Darmawan]
(It's Just Us)","OG Filename: Forever in love _no mix.m4a
Song recorded by d4vd around this era. He eventually ended up giving this song to Kali Uchis to put on her 5th studio album ""Sincerely,"". Leaked in a mass leak flood on September 17th, 2025.",2:47,,"Sep 17, 2025",OG File,CD Quality,https://pillows.su/f/6cfd1cfcceb0ba2afe5540c6cdb38d82
The Root Of It All [V1],For The Both Of Us,"OG Filename: For The Both Of Us .m4a
Song that was meant to release as a single before Petals To Thorns. Leaked in a mass leak flood on September 17th, 2025.",2:39,,"Sep 17, 2025",OG File,CD Quality,https://pixeldrain.net/u/AD2f9KrL
The Root Of It All [V1],"From Whence You Came From [V1]
[prod. d4vd]
(From Whence You Came)","Demo version of From Whence You Came. One of the only self produced songs made by d4vd. Leaked on February 18th, 2023.",1:34,,"Feb 18, 2023",Full,CD Quality,https://pillows.su/f/5485f467fbfcfc077d9d085ce23bebc1
The Root Of It All [V1],"From Whence You Came [V2]
[prod. d4vd & Spencer Stewart]
(From Whence You Came From)","OG Filename: From Whence You Came _new spencer demo.m4a
Later version of From Whence You Came with more production from Spencer Stewart. Leaked in a mass leak flood on September 17th, 2025.",2:45,,"Sep 17, 2025",OG File,CD Quality,https://pixeldrain.net/u/oF5Dcnja
The Root Of It All [V1],Gun Down,"OG Filename: Gun Down - Unfinished.m4a
Leaked in a mass leak flood on September 17th, 2025.",2:50,,"Sep 17, 2025",OG File,CD Quality,https://pixeldrain.net/u/7xFEGkFa
The Root Of It All [V1],"Hide Your Face From The Devil
[prod. Spencer Stewart]","OG Filename: hide your face from the devil.m4a
Track 2 on d4vd and Spencer Stewarts collab album. Leaked in a mass leak flood on September 17th, 2025.",0:45,,"Sep 17, 2025",OG File,CD Quality,https://pixeldrain.net/u/wuVXck4D
The Root Of It All [V1],I Like Her,"OG Filename: I Like Her .m4a
Leaked in a mass leak flood on September 17th, 2025.",1:59,,"Sep 17, 2025",OG File,CD Quality,https://pillows.su/f/c988c3e338317353c77e94653248332d
The Root Of It All [V1],It's Been A While,"OG Filename: it’s been a while _short.m4a
",1:11,,"Sep 17, 2025",OG File,CD Quality,https://pixeldrain.com/u/otsYcKUw
The Root Of It All [V1],⭐️ Imperfect Pair,"OG Filename: imperfect pair (yes beabadoobee reference).m4a
Leaked in a mass leak flood on September 17th, 2025.",2:11,,"Sep 17, 2025",OG File,CD Quality,https://pixeldrain.net/u/XCK6kPPB
The Root Of It All [V1],"My Better Halves
[prod. Spencer Stewart]","OG Filename: my better halves.m4a
Track 3 on d4vd and Spencer Stewarts collab album. Leaked in a mass leak flood on September 17th, 2025.",1:05,,"Sep 17, 2025",OG File,CD Quality,https://pixeldrain.net/u/9sU8t5Yk
The Root Of It All [V1],"Never Again (Alternate Version)
[prod. Marinelli]","OG Filename: Never Again - Marinelli.mp3
Alternate version of Never Again recorded some time in early 2023. Leaked in a mass leak flood on September 17th, 2025.",2:56,,"Sep 17, 2025",OG File,CD Quality,https://pillows.su/f/701276b98ba66471314a3cfbb308e8c6
The Root Of It All [V1],"One, Two","OG Filename: one, two _full.m4a
Leaked in a mass leak flood on September 17th, 2025.",3:40,,"Sep 17, 2025",OG File,CD Quality,https://pixeldrain.net/u/7Vqp7Rte
The Root Of It All [V1],One Day,"Song recorded in February of 2023. First snippet leaked on May 18th, 2026. Second snippet leaked on June 21st, 2026.",,,"Jun 21, 2026",,,"1. https://imgur.gg/f/EICVhlP
2. https://imgur.gg/f/VGF5Giw"
The Root Of It All [V1],✨ Poetic Vulgarity 2,"OG Filename: POETIC VULGARITY 2 021023.wav
Recorded on February 10th, 2023. Leaked on May 3rd, 2026.",3:24,,"May 3, 2026",Full,Lossless,https://pillows.su/f/73e4c4aa67500d04b01cff2eb954e162
The Root Of It All [V1],"Present Beauty
[prod. Spencer Stewart]","OG Filename: present beauty.m4a
Track 4 on d4vd and Spencer Stewarts collab album. Leaked in a mass leak flood on September 17th, 2025.",0:30,,"Sep 17, 2025",OG File,CD Quality,https://pixeldrain.net/u/k98A41Tm
The Root Of It All [V1],"⭐️ Return To Dust
(Return To Dusk)","Song recorded some time in early 2023. Known by the community as ""one of his best songs ever made."" Leaked on February 18th, 2023.",3:00,,"Feb 18, 2023",Full,Lossless,https://pillows.su/f/bd55dc4a0f058159890d3e64b335a9a2
The Root Of It All [V1],"She Don't Wanna
(Fall Through)","OG Filename: She Don't Wanna.m4a
Song recorded on January 3rd, 2023. First previewed by d4vd via Clix's stream. Full file leaked in a mass leak flood on September 17th, 2025.",2:20,,"Sep 17, 2025",OG File,CD Quality,https://pixeldrain.net/u/1w5vuEb4
The Root Of It All [V1],"She Thinks She's A Fucking Superhero [V1]
[prod. grayskies]
(The Protagonist, Famous, Superhero)","OG Filename: she thinks she’s a superhero.m4a
Demo version of ""The Protagonist"". This version is sped up with worse mixing and has no FX. Leaked on YouTube by arar on February 18th, 2023. Original file leaked on April 30th, 2026.",2:16,,"Feb 18, 2023",Full,High Quality,https://imgur.gg/f/dEGLGZ8
The Root Of It All [V1],"The Protagonist [V2]
[prod. grayskies]
(She Thinks She's A Fucking Superhero, Famous, Superhero)","Second version of The Protagonist with a cleaner mix. The name for this song was changed after d4vd's label told him it was ""too vulgar."" Leaked on May 4th, 2026.",,,,,,https://pillows.su/f/c5416f9071831e8fb7dd371d55521a39
The Root Of It All [V1],"The Shy Girl
[prod. Spencer Stewart]","OG FIlename: the shy girl.m4a
Track 5 on d4vd and Spencer Stewarts collab album. Leaked in a mass leak flood on September 17th, 2025.",1:01,,"Sep 17, 2025",OG File,CD Quality,https://pixeldrain.net/u/pJEjTWBD
The Root Of It All [V1],The Tree,"OG Filename: The Tree.m4a
Leaked in a mass leak flood on September 17th, 2025.",2:41,,"Sep 17, 2025",OG File,CD Quality,https://pixeldrain.net/u/GAJVj2p6
The Root Of It All [V1],"Time Waits For No Man
[prod. Spencer Stewart]","OG Filename: time waits for no man.m4a
Track 6 on d4vd and Spencer Stewarts collab album. Leaked in a mass leak flood on September 17th, 2025. Interesting title.",0:51,,"Sep 17, 2025",OG File,CD Quality,https://pixeldrain.net/u/BUGRjm2M
The Root Of It All [V1],Thinking Out Loud,"OG Filename: Thinkin Out Loud.m4a
Recorded on February 6th, 2023. Leaked in a mass leak flood on September 17th, 2025.",2:01,,"Sep 17, 2025",OG File,CD Quality,https://pixeldrain.net/u/TbK1WkNu
The Root Of It All [V1],"Unlovable
[prod. Einer Bankz]","OG Filename: Unlovable- Einer Bankz x WYZ demo.m4a
Song recorded on February 2nd, 2023. Leaked in a mass leak flood on September 17th, 2025.",3:14,,"Sep 17, 2025",OG File,CD Quality,https://pixeldrain.net/u/ZMshVgSQ
The Root Of It All [V1],Work On It,"OG Filename: work on it.m4a
Song recorded on January 10th, 2023. leaked in a mass leak flood on September 17th, 2025",1:34,,"Sep 17, 2025",OG File,CD Quality,https://pixeldrain.net/u/La8ENgqj
The Root Of It All [V1],"Why Haven't I Found Love By Now?
[prod. Spencer Stewart]","OG Filename: why haven't i found love by now.m4a
Track 7 on d4vd and Spencer Stewarts collab album. Leaked in a mass leak flood on September 17th, 2025.",1:18,,"Sep 17, 2025",OG File,CD Quality,https://pixeldrain.net/u/UToy6D3y
The Root Of It All [V1],"Don't Forget About Me [V1]
[prod. nextime & MOTELSXWEEK]","OG Filename: Dont Forget About Me nextime x motelsxweek.m4a
Older version of Don't Forget About Me that leaked a couple months before release. Has differences in production and mixing.",2:33,,"Mar 4, 2023",OG File,CD Quality,https://pillows.su/f/14a8cc9a6d7ef681eae6d67e0984f537
The Root Of It All [V1],"Don't Forget About Me [V2]
[prod. nextime & MOTELSXWEEK]",,,,"May 4, 2026",,,https://pillows.su/f/a109c9c5bd2fd0a2232a8a6808fea707
The Root Of It All [V1],Placebo Effect [Final],Placebo Effect's final master for release.,,,,,Lossless,https://pillows.su/f/477f467ed6c25d6e1d3983298147b1a7
The Root Of It All [V1],Placebo Effect [Original File],,,,,OG File,CD Quality,https://pillows.su/f/49578da1db3ade8c8dcf0fa4005c5b9d
The Root Of It All [V1],Placebo Effect [Dolby Atmos],,,,,,,https://imgur.gg/f/nNd0yPu
The Root Of It All [V1],"Sleep Well [V1]
[prod. Spencer Stewart & Stint]","OG Filename: AUDIO_9760.m4a
Earliest known version of Sleep Well with no jazz instruments. Leaked on June 4th, 2026.",2:52,,"Jun 4, 2026",OG File,CD Quality,https://pillows.su/f/490d10aaec244ad32222459176c751c5
The Root Of It All [V1],"The Bridge [V4]
[prod. Chris Marek & Michael Harrison]","OG Filename: the bridge - vox ref 4.mp3
Rougher sounding mix of The Bridge that leaked a couple months before release. Tagged under ""DONDA"" for some reason.",3:00,,"Feb 18, 2023",OG File,CD Quality,https://pillows.su/f/29951898df285682ba46eb8bb40d732c
The Root Of It All [V1],My Child,"Song recorded in January of 2023. Snippet leaked on April 27th, 2026.",0:09,,"Apr 27, 2026",Snippet,High Quality,https://pillows.su/f/8213170b91d732a885ecb8413c6d3474
The Root Of It All [V1],My Girlfriend Thinks I Talk Too Much,Recorded in January of 2023.,0:13,,"Apr 22, 2026",Snippet,High Quality,https://imgur.gg/f/Tqvc7tW
The Root Of It All [V1],Shiver In The Cold,"Song recorded in February of 2023. Snippet leaked on April 27th, 2026.",0:10,,"Apr 27, 2026",Snippet,High Quality,https://imgur.gg/f/63x7Een
The Root Of It All [V1],🤔 Trapped In A Tesla,Recorded in January of 2023.,0:12,,"Apr 21, 2026",Snippet,High Quality,https://imgur.gg/f/AL1Kexs
"48 OG File
19 Full
0 Tagged
1 Partial
1 Snippets
6 Unavailable",Petals To Thorns [V2],"(3/?/2023) d4vd scraps The Root Of It All for Petals To Thorns.
(5/26/2023) Petals To Thorns is released on streaming services.

After the success of his two breakout singles Romantic Homicide and Here With Me, d4vd started teasing his debut EP Petals To Thorns. The first single from this release started with Sleep Well, with WORTHLESS and Don't Forget About Me following after. This project officially released on May 26th, 2023.",,,,,,
Petals To Thorns [V2],"4 Months [V1]
[prod. Nose Dive]",,2:49,,"May 4, 2026",Full,Lossless,https://pillows.su/f/b1c75dc0356bf444b7fa6442dada179f
Petals To Thorns [V2],"4 Months [V2]
[prod. Nose Dive]",,2:49,,"May 4, 2026",Full,Lossless,https://pillows.su/f/7d0179a7beccc46271e360105716ff9e
Petals To Thorns [V2],"4 Months [V3]
[prod. Nose Dive]",,2:49,,"May 4, 2026",Full,Lossless,https://pillows.su/f/97684ef3ae4c8df2e2eee95bce4e82bf
Petals To Thorns [V2],"4 Months [V4]
[prod. Nose Dive]",,2:49,,"May 4, 2026",Full,Lossless,https://pillows.su/f/6ce1eeb297a5fe6ba20d1846f3c025be
Petals To Thorns [V2],"4 Months [V5]
[prod. Nose Dive]","Song recorded some time in early 2023. Uses the same beat as ENGLEEZY & bxrry's ""What You Gave To Me Was A Lie."" Leaked on May 4th, 2026.",2:49,,"May 4, 2026",Full,Lossless,https://pillows.su/f/32fcf6eb90538d8e98dc9021bf278de4
Petals To Thorns [V2],"⭐️ Bossa Baby [V1]
(feat. Laufey)
(Wash Your Hair)","OG Filename: d4vd x Laufey BOSSA BABY - Mar 18.m4a
Another song made by d4vd and Laufey during Petals To Thorns sessions. Tagged snippet leaked through LCX on September 16th, 2025. Fully leaked a day later in a mass leak flood on September 17th, 2025.",2:51,,"Sep 17, 2025",OG File,CD Quality,https://pillows.su/f/db1074e523fa4b7ee0d62f68e4e1cd5c
Petals To Thorns [V2],Believe Me [V1],"OG Filename: Believe Me.m4a
Demo version of Believe Me with a slightly different intro. Leaked in a mass leak flood on September 17th, 2025.",2:49,,"Sep 17, 2025",OG File,CD Quality,https://pillows.su/f/f6c111952b186b03148e87c3db34c828
Petals To Thorns [V2],⭐️ Believe Me [V2],"OG Filename: BELIEVE ME BASS .m4a
Second version of ""Believe Me' with more bass. Leaked in a mass leak flood on September 17th, 2025.",2:50,,"Sep 17, 2025",OG File,CD Quality,https://pillows.su/f/81b2f35e2f51b289b8324c77f5f9a355
Petals To Thorns [V2],✨ Can't Remember Your Name,"OG Filename: Can_t Remember Your Name_D4VD.mp3
Song recorded for a Disney movie soundtrack. Leaked in a mass leak flood on April 20th, 2026.",3:00,,"Apr 20, 2026",OG File,CD Quality,https://pillows.su/f/9a4cdd05206b9350579b54606be79054
Petals To Thorns [V2],"Come Home [V1]
[prod. Jacob Wise]","Demo version of Come Home. Leaked on November 11th, 2023",3:01,,"Nov 11, 2023",Full,CD Quality,https://pillows.su/f/d773d6ccac2b333d337c3e5f8824b5ad
Petals To Thorns [V2],"Come Home [V2]
[prod. Jacob Wise]","OG Filename: Come Home (1) prod. Jacob Wise.wav
Later version of Come Home with slight mixing differences. Leaked in a mass leak flood on September 17th, 2025.",3:01,,"Sep 17, 2025",OG File,Lossless,https://pillows.su/f/5f9768f0a5f8f99c74e5f0f05f6e2842
Petals To Thorns [V2],"Calling Out To You [V1]
[prod. Noah Ehler]
(Upon Deaf Ears, Pick Your Poison)","OG Filename: calling out to you _short.m4a
Solo version of ""Upon Deaf Ears"" titled ""Calling Out To You"". Leaked in a mass leak flood on September 17th, 2025.",1:25,,"Sep 17, 2025",OG File,CD Quality,https://pillows.su/f/0e27be0aa04824c9b62e02ebca83e71b
Petals To Thorns [V2],"Upon Deaf Ears [V2]
(feat. Mei Semones) [prod. Noah Ehler]
(Calling Out To You, Pick Your Poison)","OG Filename: Upon Deaf Ears - d4vd feat. mei semones (noah ehler).m4a
Collaboration between d4vd and Mei Semones made during Petals To Thorns sessions. Previously previewed by d4vd via Twitch stream. Later leaked in a mass leak flood on September 17th, 2025.",2:45,,"Sep 17, 2025",OG File,CD Quality,https://pillows.su/f/3c1ef87315a30f82feb7b8977ab3fb98
Petals To Thorns [V2],"Chemical Imbalance [V1]
[prod. Gray Toomey, Noah Ehler, & Zetra]","OG Filename: CHEMICAL IMBALANCE 3.71 level (Gray,Noah, Zetra).m4a
Demo version of Chemical Imbalance with a different intro and pitched up vocals. Leaked in a mass leak flood on September 17th, 2025.",3:17,,"Sep 17, 2025",OG File,CD Quality,https://pillows.su/f/9387cd7f7e329c48c195ef4c59283388
Petals To Thorns [V2],"⭐️ Chemical Imbalance [V2]
[prod. Gray Toomey, Noah Ehler, & Zetra]","OG Filename: Chemical Imbalance D4VD v2.m4a
Later version of Chemical Imbalance with minor production differences. Leaked in a mass leak flood on September 17th, 2025.",3:28,,"Sep 17, 2025",OG File,CD Quality,https://pillows.su/f/356e89456b4f5d14d7fa062bc5e06e09
Petals To Thorns [V2],"Danger (Interlude) [V1]
[prod. michael harrison]",OG Filename: danger-interlude-no-outro.m4a,1:40,,"May 4, 2026",OG File,CD Quality,https://pillows.su/f/639f5bb0a3b058c712d6184884c8dafc
Petals To Thorns [V2],"Day To Day
(Day 2 Day)","OG Filename: Day 2 Day REF 04.23.23.mp3
Recorded in the same session as Surgical. Leaked in a mass leak flood on September 17th, 2025.",3:29,,"Sep 17, 2025",OG File,CD Quality,https://pillows.su/f/2a97d3e1756daf9adec4c63e31b80a59
Petals To Thorns [V2],"Don't Make Me Change [V2]
(Hide Away)","OG Filename: DONT MAKE ME CHANGE.m4a
Later version of Hide Away titled Don't Make Me Change. Leaked in a mass leak flood on September 17th, 2025.",2:27,,"Sep 17, 2025",OG File,CD Quality,https://pillows.su/f/0efcebee52a23bb3d4aa85e3af80c4d0
Petals To Thorns [V2],"Hate Me Too
[prod. Isaiah Jermod]","OG Filename: hatemetoo - Isaiah.m4a
Song recorded on May 4th, 2023. Leaked in a mass leak flood on September 17th, 2025.",1:10,,"Sep 17, 2025",OG File,CD Quality,https://pillows.su/f/89ec9575aabb4c624bdc88a7c9ea2372
Petals To Thorns [V2],"Heart In Your Mouth [V1]
[prod. Finneas & Sam Homaee]
(Rendezvous)","OG Filename: d4vd - heart in your mouth v1 - Finneas x Sam Homaee.m4a
Demo version of Heart In Your Mouth with slower and pitched vocals and mixing differences. Leaked in a mass leak flood on September 17th, 2025",3:29,,"Sep 17, 2025",OG File,CD Quality,https://pillows.su/f/ca95a5a492cbb73ad53b8a8b90743b9d
Petals To Thorns [V2],"Heart In Your Mouth [V2]
[prod. Finneas & Sam Homaee]
(Rendezvous)","OG Filename: HEART IN YOUR MOUTH 3.71 Pitched up (Finneas x Sam Homaee).m4a
Latest known version of ""Heart In Your Mouth"". Has production from Finneas. Leaked in a mass leak flood on September 17th, 2025.",3:23,,"Sep 17, 2025",OG File,CD Quality,https://pillows.su/f/de62f7fee26c195df547cfe795e44dcd
Petals To Thorns [V2],"Hear Me Now [V1]
[prod. Gray Toomey, Noah Ehler, & Zetra]","OG Filename: hear me now tracking demo 4.7.23.m4a
Earliest known version of Hear Me Now. Leaked in a mass leak flood on September 17th, 2025.",3:02,,"Sep 17, 2025",OG File,CD Quality,https://pillows.su/f/fbcc431ecb7a8e8ee0f7da2ee9f4973e
Petals To Thorns [V2],"Hear Me Now [V2]
[prod. Gray Toomey, Noah Ehler, & Zetra]","OG Filename: HEAR ME NOW 3.71 _Gray x Noah x Zetra.m4a
Later version of Hear Me Now. Has tweaks in production and better mixing. Forceleaked on February 1st, 2026.",3:00,,"Feb 1, 2026",OG File,CD Quality,https://pillows.su/f/2e29c30d35eeb65f30d510d386191146
Petals To Thorns [V2],"Hide Away [V1]
(Don't Make Me Change)"," OG Filename: HIDE AWAY demo.m4a
Demo version of Don't Make Me Change. Leaked in a mass leak flood on September 17th, 2025.",2:28,,"Sep 17, 2025",OG File,CD Quality,https://pillows.su/f/8b1d7f6f3103ff18d7123c8aa99145b7
Petals To Thorns [V2],Love Will Find A Way,"OG Filename: LOVE WILL FIND A WAYY.m4a
Leaked in a mass leak flood on September 17th, 2025. Interesting name.",1:51,,"Sep 17, 2025",OG File,CD Quality,https://pillows.su/f/d98ea3c912cd5e866d4aaaacb2d91d79
Petals To Thorns [V2],"Love Too Much [Interlude]
[prod. Isaiah Jermod]","OG Filename: lovetomuchinterlude (Isaiah).m4a
Earliest demo of Love Too Much recorded on May 4th, 2023. Leaked through LCX on September 9th, 2025.",1:19,,"Sep 17, 2025",OG File,CD Quality,https://pillows.su/f/66559ab028d30100cbe39513c6cf97df
Petals To Thorns [V2],"Love Too Much [V1]
[prod. Isaiah Jermod]",,2:36,,"May 4, 2026",Full,CD Quality,https://pillows.su/f/0819c2e0a3eb56428ebf14a529d0a08e
Petals To Thorns [V2],"Love Too Much [V2]
[prod. Isaiah Jermod]",,2:51,,"May 4, 2026",Full,CD Quality,https://pillows.su/f/49e283a067dfbe91513e5794c68a53fc
Petals To Thorns [V2],Love Me,"OG Filename: LOVE ME 3.71.m4a
Leaked in a mass leak flood on September 17th, 2025.",2:44,,"Sep 17, 2025",OG File,CD Quality,https://pillows.su/f/a8fd2fda0c5c169b7dc0bde4b111f0a3
Petals To Thorns [V2],"✨ Mentality
[prod. Timbaland & Ryan Tedder]","OG Filename: D4vd_Rhys_TeddiJ_Mentality__BeatClub_Timbaland_MP3_48kHz_
16bit_WestlakeStudioC_032623.mp3
Song recorded on March 26th, 2023. Has production from Timbaland. The rest of the song
 is open, likely to be filled in later. Leaked in a mass leak flood on September 17th, 2025.",2:27,,"Sep 17, 2025",OG File,CD Quality,https://pillows.su/f/10b96ead13ae6d848ac4f76d48fd049d
Petals To Thorns [V2],"Nomad [V1]
[prod. Rob Bisel & Sammy Witte]","OG Filename: NOMAD 3.71 Rob Bisel x Sammy Witte.m4a
First known version of ""Nomad"". Leaked in a mass leak flood on September 17th, 2025.",2:42,,"Sep 17, 2025",OG File,CD Quality,https://pillows.su/f/a296e957a9ebfade69435ae04bca43b3
Petals To Thorns [V2],"⚠️ New Seats
[prod. Justin Raisen & SADPONY]","OG Filename: d4vd - New Seats _rough Justin Raisen x Sadpony.mp3
OG Filename (Metadata): New Seats_v1
Leaked in a mass leak flood on September 17th, 2025.",2:16,,"Sep 17, 2025",OG File,CD Quality,https://pillows.su/f/b12a2585e34f9c86bef94f4e5a995dfb
Petals To Thorns [V2],"Nobody Cares
(Last Breath)","OG Filename: NOBODY CARES FINAL.wav
Song recorded in May of 2023. Previously thought to be titled ""Last Breath."" Leaked on May 3rd, 2026.",4:48,,"May 3, 2026",Full,Lossless,https://pillows.su/f/b525653d54bb7bf780d2e58258ce8f27
Petals To Thorns [V2],"On And On
[prod. Fantom]","OG Filename: ON AND ON - Fantom beats.m4a
",2:44,,"Sep 17, 2025",OG File,CD Quality,https://pillows.su/f/c3c33fef99c35a446df08b5e4ee438fb
Petals To Thorns [V2],Patience Love [V1],,3:23,,"Apr 21, 2026",Full,CD Quality,https://pillows.su/f/94610381f5d77202cc4848fe7ad83787
Petals To Thorns [V2],Patience Love [V2],,3:23,,"Apr 21, 2026",Full,Lossless,https://pillows.su/f/17e5cd2f84076d801100bc7b9be64c13
Petals To Thorns [V2],"Pursuit Of The Devil [V1]
[prod. Taha Beats]
(Satan's Pursuit)","OG Filename: pursuit of da devil - taha beats.m4a
Demo version of Satan's Pursuit titled ""Pursuit Of The Devil"". Differences are unknown. Leaked in a mass leak flood on September 17th, 2025.",2:22,,"Sep 17, 2025",OG File,CD Quality,https://pillows.su/f/270affd5069bb0e9d3c5b10cfe40f989
Petals To Thorns [V2],"Sound Of Life [V2]
[prod. Justin Raisen & SADPONY]","OG Filename: d4vd - Sound of Life _rough - Justin Raisen x Sadpony.mp3
OG Filename (Metadata): d4vd - Sound of Life_v2
Second known version of Sound Of Life. Leaked in a mass leak flood on September 17th, 2025.",4:22,,"Sep 17, 2025",OG File,CD Quality,https://pillows.su/f/250226c05c7f3fde9a5accda954df248
Petals To Thorns [V2],"Surgical [V1]
[prod. Noah Ehler]","OG Filename: Surgical REF 04.23.23.m4a
Song recorded during Petals To Thorns sessions. Leaked in a mass leak flood on September 17th, 2025.",3:12,,"Sep 17, 2025",OG File,CD Quality,https://pillows.su/f/86465bc28ee0988abd80ec8f36cd8638
Petals To Thorns [V2],"⭐️ Surgical [V2]
[prod. Zetra, Noah Ehler, & Gray Toomey]","Later version of Surgical with a reworked instrumental. Previewed by d4vd via Twitch stream. Leaked in a mass leak flood on April 20th, 2026",3:04,,Apr 2026,Full,High Quality,https://pillows.su/f/58eff11d67d957df397194f2b7975493
Petals To Thorns [V2],Sunny Day,"OG FIlename: SUNNY DAY.m4a
Recorded on May 27th, 2023. Leaked in a mass leak flood on September 17th, 2025",3:17,,"Sep 17, 2025",OG File,CD Quality,https://pixeldrain.net/u/sAWW7LEr
Petals To Thorns [V2],"Take The Blame
[prod. Isaiah Jermod]",,,,,,,
Petals To Thorns [V2],"True Identity [V5]
[prod. Justin Raisen & SADPONY]","OG Filename: TRUE IDENTITY v5 Justin Rasien x Sadpony.m4a
Fifth known version of True Identity. Leaked in a mass leak flood on September 17th, 2025.",3:39,,"Sep 17, 2025",OG File,CD Quality,https://pixeldrain.net/u/WD5pcak6
Petals To Thorns [V2],"Time Waits For No Man [V1]
(No One)","Same name as the Spencer Stewart era song, yet entirely different. V1 of ""No One.""",1:55,,"May 3, 2026",Full,Lossless,https://pillows.su/f/4ee578fe52f5bc8b2a56e3ca6b294cd1
Petals To Thorns [V2],"No One [V2]
(Time Waits For No Man)","V2 of ""Time Waits For No Man."" Recorded in April of 2023.",1:57,,"May 4, 2026",Full,Lossless,https://pillows.su/f/345733b696d66010309b286d27d27745
Petals To Thorns [V2],"✨ Vulture [V1]
(You And Me, Drown Me)","OG Filename: d4vd - vulture v1.m4a
Demo version of You And Me titled ""Vulture."" This version has an outro and worse mixing. Surfaced through LCX on April 28th, 2026.",3:35,,"Apr 28, 2026",Full,High Quality,https://pillows.su/f/ff8e7bce7be18df863f8c2f0dc436977
Petals To Thorns [V2],Wait For Me Darling [V1],,1:30,,"May 4, 2026",Full,Lossless,https://pillows.su/f/fb9e6bcdca4882ac8f18af0b14069325
Petals To Thorns [V2],Wait For Me Darling [V2],"Recorded in April of 2023. Leaked later on May 4th, 2026.",1:30,,"May 4, 2026",Full,Lossless,https://pillows.su/f/95f298466ecbb672604db99d3cd46b33
Petals To Thorns [V2],"Waiting In Line For Love
[prod. MOTELSXWEEK]","OG Filename: Waiting In Line For love (MOTELSXWEEK).wav
Finished song recorded during Petals To Thorns sessions. Was considered for the tracklist but eventually never saw release. Leaked on November 11th, 2023. Lossless file leaked in a mass leak flood on September 17th, 2025.",2:22,,"Sep 17, 2025",OG File,Lossless,https://pillows.su/f/32a58fa67ec8e6347485da4fe4b0a26b
Petals To Thorns [V2],"⭐️ Wake Up
[prod. Jim-E Stack & MOTELSXWEEK]","OG Filename: WAKE_UP_Jim_E_Stack_MOTELSXWEEK.wav
Song worked on during Petals To Thorns sessions. First snippet surfaced through LCX on June 28th, 2025. Fully leaked on August 1st, 2025.",3:58,,"Aug 1, 2025",OG File,Lossless,https://pillows.su/f/9a0a91a73af12cbf4a0ec0381af1bd4d
Petals To Thorns [V2],"Wash Your Hair [V2]
(feat. MILA)
(Bossa Baby)","OG Filename: wash ur hair w mila _ruff.m4a
Later version of ""Bossa Baby"" titled ""Wash Your Hair"". Has a different instrumental and a chorus from MILA instead of Laufey. Leaked in a mass leak flood on September 17th, 2025.",2:31,,"Sep 17, 2025",OG File,CD Quality,https://pixeldrain.net/u/EpFrvdLT
Petals To Thorns [V2],"✨ XENAZINE!
[prod. Lumi Athena]",Collaboration between d4vd and Lumi Athena. Posted to Lumi's SoundCloud but is now deleted.,1:23,,"Mar 14, 2025",Full,High Quality,https://pillows.su/f/456120a9e31aa5684211e4ed23294b78
Petals To Thorns [V2],⭐ Yours Again,"OG Filename: YOURS AGAIN 3.71.m4a
Song recorded on July 8th, 2023. First previewed in full by d4vd via Twitch stream. Leaked in full as a bonus for a groupbuy on April 14th, 2026. Real OG file leaked on May 4th, 2026",3:16,,"May 4, 2026",OG File,CD Quality,https://pillows.su/f/0ebdc520648190521d6bdb06731eb2a0 
Petals To Thorns [V2],"You and I [V1]
[prod. grayskies]","Original rough version of You & I. Posted to d4vd's YouTube on January 8th, 2022..",,,"Jan 8, 2022",,,https://pillows.su/f/a24044579d664da7c59d3c4ada932809
Petals To Thorns [V2],"You and I [V2]
[prod. grayskies]","OG Filename: you and i new new.wav
Reworked version of You And I recorded in 2023. Leaked on April 30th, 2026.",2:40,,"Apr 30, 2026",OG File,Lossless,https://pillows.su/f/e01e6aca17c265f395c56c8e6665f95d
Petals To Thorns [V2],"You're Not Real
(UR AN NPC, NPC Activities, Loaded Diaper)","OG Filename: YOU'RE NOT REAL (LOADED DIAPER) 3.71.m4a
Uploaded to d4vd's burner SoundCloud account under the title ""UR AN NPC"" but was later removed. Leaked in a mass leak flood on September 17th, 2025.",2:51,,"Sep 17, 2025",OG File,CD Quality,https://pillows.su/f/b165b28fff4bea43badb4bd7bddd1a67
Petals To Thorns [V2],Here With Me [Korea],,,,,,,https://pillows.su/f/c17cc08a16d14d8d7c3553788a6e89ec
Petals To Thorns [V2],"The Back Street Girl [V2]
[prod. Matt Bartkus]
(Backstreet Girl)","OG Filename: The Back Street Girl .wav
Version of ""Backstreet Girl"" with unknown differences. Leaked in a mass leak flood on September 17th, 2025.",4:22,,"Sep 17, 2025",OG File,Lossless,https://pillows.su/f/e790e37da992c6ba4ebbf1d0d862c9fb
Petals To Thorns [V2],"The Back Street Girl [V3]
[prod. Matt Bartkus]
(Backstreet Girl)","OG Filename: The Back Street Girl _finished_.wav
Finished version of Backstreet Girl. Leaked in a mass leak flood on September 17th, 2025.",4:22,,"Sep 17, 2025",OG File,Lossless,https://pillows.su/f/3534e744aac0f72ba046acb9ad632f74
Petals To Thorns [V2],"This Is How It Feels [V1]
(feat. Laufey) [prod. Noah Ehler]","OG Filename: d4vd x Laufey - this is how it feels - finish mar 25th.m4a
Rough demo of This Is How It Feels with an early instrumental and an open verse for Laufey. Leaked in a mass leak flood on September 17th, 2025.",3:42,,"Sep 17, 2025",OG File,CD Quality,https://pillows.su/f/c1882ce4801c554b282eff0a529b5fa8
Petals To Thorns [V2],"This Is How It Feels [V2]
(feat. Laufey) [prod. Noah Ehler]",,,,,,,LINK NEEDED
Petals To Thorns [V2],"Rehab [V1]
[prod. grayskies]","OG Filename: REHAB_rough_.wav
First version of Rehab. This version is slightly sped and pitched up with different vocal takes and rougher mixing. Leaked on February 13th, 2023.",4:05,,"Feb 13, 2023",OG File,Lossless,https://pillows.su/f/73134aa9a247d11362db10a3561b4e32
Petals To Thorns [V2],"Rehab [V2]
[prod. grayskies]", ,4:11,,"Sep 17, 2025",OG File,CD Quality,https://imgur.gg/f/Phm8aC0
Petals To Thorns [V2],"Rehab [V3]
[prod. grayskies]","OG FIlename: rehab _level fix.m4a
Third known version of Rehab recorded on March 2nd, 2023. Pitched down and has better mixing. Leaked in a mass leak flood on September 17th, 2025.",4:10,,"Sep 17, 2025",OG File,CD Quality,https://pixeldrain.net/u/NmjXLMBN
Petals To Thorns [V2],"Sleep Well [V2]
[prod. Spencer Stewart, Stint, & ???]","OG Filename: Sleep Well (Midi Instruments) - Mar 11.wav
Second version of Sleep Well with the first iteration of the jazz outro. Leaked in a mass leak flood on September 17th, 2025.",2:58,,"Sep 17, 2025",OG File,Lossless,https://pillows.su/f/0b89c554bbba5e9e330987010f5d8873
Petals To Thorns [V2],"Sleep Well [V3]
[prod. Spencer Stewart, Stint, Josh Shpak, & Amber Navran]","OG Filename: 1REF - SLEEP WELL - D4VD - ENGINE-EARZ MASTER (1).wav
Third version of Sleep Well with live instruments. Leaked on May 4th, 2026.",,,"May 4, 2026",OG File,Lossless,https://pillows.su/f/d4ee030a1c79e6c25360e0baa108cc86
Petals To Thorns [V2],"Sleep Well [V4]
[prod. Spencer Stewart, Stint, Josh Shpak, & Amber Navran]","OG Filename: 2444 dsp master - SLEEP WELL - D4VD - ENGINE-EARZ MASTER.wav
Fourth version of Sleep Well with a better mix. Leaked on May 4th, 2026.",2:55,,"May 4, 2026",OG File,Lossless,https://pillows.su/f/7d62e2dd8b559599c1faa789ce516418
Petals To Thorns [V2],"Sleep Well [V5]
[prod. Spencer Stewart, Stint, Josh Shpak, & Amber Navran]",OG Filename: MASTER (for feature) - SLEEP WELL - D4VD - ENGINE-EARZ MASTER.wav,,,,OG File,Lossless,https://pillows.su/f/0e78c598ef256ad09cd70d43a326a34a
Petals To Thorns [V2],"✨ Sleep Well [V6]
(feat. GIVĒON) [prod. Spencer Stewart, Stint, Josh Shpak, & Amber Navran]","Version of Sleep Well with a feature from GIVĒON. Planned to release as a single sometime in 2023. Leaked in a mass leak flood on May 4th, 2026",2:55,,"May 4, 2026",Full,CD Quality,https://pillows.su/f/43786290b02378e67dbfaa1def9616be
Petals To Thorns [V2],"Sleep Well [V7]
[prod. Spencer Stewart, Stint, Josh Shpak, & Amber Navran]","OG Filename: Sleep Well JELLIS LIMITED REF +3.71.wav
",,,,,,
Petals To Thorns [V2],"Sleep Well [V8]
[prod. Spencer Stewart, Stint, Josh Shpak, & Amber Navran]",OG Filename: SLEEP WELL JELLIS ATMOS MIX r4 ADM DIRECT RENDER.wav,,,,OG File,Lossless,https://pixeldrain.com/u/8ZvRSnJH
Petals To Thorns [V2],"WORTHLESS [V1]
[prod. Spencer Stewart, Casey Smith, & Sofia Valdés]","OG Filename: 2444_4bREF__WORTHLESS__D4VD__ENGINEEARZ_MIX__BOUNCE.wav
An early version of WORTHLESS with a cleaner mix than on streaming. Leaked on May 4th, 2026.",2:48,,"May 4, 2026",OG File,Lossless,https://pillows.su/f/7c735a0224a05fe3c2f32b76417ef654
Petals To Thorns [V2],"WORTHLESS [Deezer]
[prod. Spencer Stewart, Casey Smith, & Sofia Valdés]",OG Filename: UPDATED - Worthless (Deezer_Mix 1'1_070623) (MASTERED DK).wav,,,"May 4, 2026",,Lossless,https://pillows.su/f/b5557267d20568b16ed651f0b8621c55
Petals To Thorns [V2],Never Have I Ever [V1],,0:14,,"Mar 24, 2023",Snippet,Recording,https://imgur.gg/f/MqculEk
Petals To Thorns [V2],"Accident
(The Accident)","Supposed scrapped outro track for Petals To Thorns. Posted onto d4vd's Twitter on May 25th, 2022 as well as being recorded on that date. 7 seconds at the start and a few seconds at the end are cut out.",2:20,,"May 25, 2022",Partial,CD Quality,https://pillows.su/f/7d9116d9f63fd9bebb7f3311aac279b3
Petals To Thorns [V2],I'm Losing My Mind [V1-8],Voice memos of a song called I'm Losing My Mind seen in the same video the She's Lazy snippet originates from.,,,,Confirmed,Not Available,
Petals To Thorns [V2],"Surgical [V3]
(feat. Fujii Kaze) [prod. Zetra, Noah Ehler, & Gray Toomey]",Version of Surgical that has a verse/chorus from Fujii Kaze. Existence was confirmed by Zetra in a YouTube video,,,,Confirmed,Not Available,
Petals To Thorns [V2],Sound Of Life [V1],First version of Sound Of Life known to exist.,,,,Confirmed,Not Available,
Petals To Thorns [V2],The Bridge [V2-3],Other versions of The Bridge known to exist.,,,,Confirmed,Not Available,
Petals To Thorns [V2],True Identity [V1-4],Other versions of True Identity known to exist.,,,,Confirmed,Not Available,
Petals To Thorns [V2],[Unknown Odetari Collaberations],In an old TikTok d4vd confirmed he has multiple songs with Odetari. Unknown if any are in circulation.,,,,Confirmed,Not Available,
"58 OG File
6 Full
0 Tagged
0 Partial
5 Snippets
2 Unavailable",Garden Of Eden,"(5/26/2023) Petals To Thorns is released.
(8/3/2023) Garden Of Eden was said to be the title of d4vd's debut album
(9/8/2023) 5 track EP ""The Lost Petals"" is released.
(12/?/2023) Garden Of Eden is scrapped.

Garden Of Eden was the first title of d4vd's debut album before being scrapped for WITHERED. He stated on stream that he scrapped this album because he was making songs that were too experimental and different from the songs he normally made at the time and wasn't ready to put them out. Songs in this era were made through mid-to-late 2023.",,,,,,
Garden Of Eden,"1,000 Ways To Grieve","OG Filename: 1000waystogrieve.m4a
Leaked in a mass leak flood on September 17th, 2025.",3:51,,"Sep 17, 2025",OG File,CD Quality,https://pillows.su/f/cbe7348936f47225585ba16603e35fb0
Garden Of Eden,"20 Inna 60
(Loco)","OG Filename: 20 inna 60 3.71.m4a
Leaked in a mass leak flood on September 17th, 2025.",1:43,,"Sep 17, 2025",OG File,CD Quality,https://pillows.su/f/eafc42638f8497acd39a8ff1377590f7
Garden Of Eden,"All Of Me [V1]
[prod. VELVET]","OG Filename: ALL OF ME 6.84 ORIGINAL SPEED.m4a
Demo version of All Of Me that still has it's original pitch. Leaked in a mass leak flood on April 20th, 2026.",3:27,,"Apr 20, 2026",OG File,CD Quality,https://pillows.su/f/39c63d1567996721382461aab3f4369d
Garden Of Eden,"⭐️ All Of Me [V2]
[prod. VELVET]","OG Filename: ALL OF ME 6.84.m4a
Song recorded on November 26th, 2023. Reuses lyrics from ""Love Me."" First previewed by d4vd via Twitch stream. Leaked in a mass leak flood on April 20th, 2026.",3:14,,"Apr 20, 2026",OG File,CD Quality,https://pillows.su/f/cae5e754a2a5ad05dff12fdbc0c9694a
Garden Of Eden,Alive,"OG Filename: AL!VE 3.71.wav
Recorded some time in mid-late 2023. First leaked on November 13th, 2023. OG File leaked on July 20th, 2026.",3:52,,"Jul 20, 2026",OG File,Lossless,https://pillows.su/f/b5a9130911b6793475752ca3c754243b
Garden Of Eden,Angel Dust,"OG Filename: Angel Dust 3.79 _SH_.m4a
Song recorded on August 5th, 2023. Leaked in a mass leak flood on September 17th, 2025.",2:37,,"Sep 17, 2025",OG File,CD Quality,https://pillows.su/f/5b01b032d97f47e1de13c67e61f4330f
Garden Of Eden,"Afraid Of Love
[prod. Odetari]","OG Filename: AFRAID OF LOVE 6.84 (low vol).m4a
Recorded on November 11th, 2023. Leaked in a mass leak flood on September 17th, 2025.",2:02,,"Sep 17, 2025",OG File,CD Quality,https://pillows.su/f/918a26143daacbbfb2de3f6bca4af82d
Garden Of Eden,"The Cave Freestyle [V1]
[prod. Kenny Beats]
(Bad News)","Freestyle on Kenny Beats' YouTube series ""The Cave"". Lyrics would later be reused for Bad News.",1:19,,"Jul 15, 2023",Full,High Quality,https://pillows.su/f/add27ea917f5e76403319e2ec6ff45b7
Garden Of Eden,"Bad News [V2]
[prod. Joel Little]","OG Filename: bad-news-3.79.m4a
Demo of Bad News with a slower tempo and minor mixing differences. Leaked on May 4th, 2026.",2:52,,"Jun 4, 2026",OG File,CD Quality,https://pillows.su/f/885ff38e9a82f2d84950a637a460e95d 
Garden Of Eden,"⭐️ Bad News [V3]
[prod. Joel Little]","OG Filename: BAD NEWS 6.84 slowed - Joel Little.m4a
Song recorded on August 29th, 2023. Reuses lyrics from d4vd's performance on Kenny Beats' show ""The Cave"". Leaked in a mass leak flood on September 17th, 2025.",2:58,,"Sep 17, 2025",OG File,CD Quality,https://pillows.su/f/57891ade0e143f5974f5241e653cda1a 
Garden Of Eden,Clarity,"OG Filename: clarity 1.1.m4a
Leaked in a mass leak flood on September 17th, 2025",2:23,,"Sep 17, 2025",OG File,CD Quality,https://pillows.su/f/779870a0ec837f34039bf06a019ba536
Garden Of Eden,"Danger [V2]
[prod. michael harrison]","OG Filename: DANGER 3.71 FULL.m4a
Song recorded July 8th, 2023. Snippet leaked on March 8th, 2026. Leaked in a mass leak flood on April 20th, 2026.",2:56,,"Apr 20, 2026",OG File,CD Quality,https://pillows.su/f/e5cdfd55425c36fbbefdbde8a79a81d5
Garden Of Eden,"Danger [V3]
[prod. michael harrison]","OG Filename: DANGER 3.71 FINAL.wav
FInished mix of Danger with a slower tempo. Leaked in a mass leak flood on April 20th, 2026.",3:01,,"Apr 20, 2026",OG File,CD Quality,https://pillows.su/f/11406c562f6f30a8cbc44e98ca721bcc
Garden Of Eden,"⚠️ Dead To Me
[prod. Ryan Tedder]","OG Filename: DEAD TO ME 6.84.m4a
Song recorded on October 10th, 2023. Has interesting lyrics about dancing with a coffin. Tagged snippet leaked on March 10th, 2026. Forceleaked on March 17th, 2026.",2:46,,"Mar 17, 2026",OG File,CD Quality,https://pillows.su/f/0c2d3a9099c18586ccd31b220e72662f
Garden Of Eden,⭐️ Despicable Me,"Song recorded on July 11th, 2023. Leaked in a mass leak flood on May 4th, 2026.",2:21,,"May 4, 2026",OG File,CD Quality,https://pillows.su/f/383efa78617732fb3ddc4507cbfef48e
Garden Of Eden,Empty,"OG Filename: EMPTY 3.71 .m4a
Leaked in a mass leak flood on September 17th, 2025.",1:48,,"Sep 17, 2025",OG File,CD Quality,https://pillows.su/f/0009684957b5004ca5a3732550a98f1a
Garden Of Eden,"⭐️ Exhausted
[prod. grayskies]","OG Filename: EXHAUSTED _pokemon song 2_ (grayskies).m4a
Song recorded in July 2023 for some type of Pokémon OST, unknown what this OST was for. Leaked in a mass leak flood on September 17th, 2025.",3:18,,"Sep 17, 2025",OG File,CD Quality,https://pillows.su/f/b3d4576bb971f5ff0af792ce752fd36b
Garden Of Eden,"Fly
(If Humans Could Fly)","OG Filename: Fly_JF x D4VD_91 D_11.15.23.m4a
Song recorded on November 15th, 2023. Has a minute of silence at the end. Leaked in a mass leak flood on September 17th, 2025.",4:00,,"Sep 17, 2025",OG File,CD Quality,https://pillows.su/f/4aa6e0c92f654d4d556be8d210d30746
Garden Of Eden,"Got A Way
[prod. Greg Kirstin]","OG Filename: Got A Way - Greg Kirstin.mp3
Leaked in a mass leak flood on September 17th, 2025.",3:56,,"Sep 17, 2025",OG File,CD Quality,https://pillows.su/f/bcdce2d8dc716eeeb96c2ddecfe5daa2
Garden Of Eden,Gaslight,"OG Filename: 01 d4vd_g4slight_001.mp3
OG Filename (Metadata): d4vd_g4slight_001
Track 1 on Garden Of Eden, judging by the file name and metadata. Leaked on May 4th, 2026.",1:23,,"May 4, 2026",OG File,CD Quality,https://pillows.su/f/ce28f998fe41467090acbb9a1c17e50c
Garden Of Eden,"Had To Lose
[prod. Ambezza & Joe Reeves]",OG Filename: D4VD - Had To Lose 08.09.23,2:23,,"May 4, 2026",OG File,CD Quality,https://pillows.su/f/c6fcaea857f6fba690f0153af2566405 
Garden Of Eden,"Happy
[prod. Diplo]","OG FIlename: d4vd x diplo - happy.m4a
Collab between d4vd and Diplo made some time in late 2023. Leaked in a mass leak flood on September 17th, 2025.",3:49,,"Sep 17, 2025",OG FIle,CD Quality,https://pillows.su/f/9099faefcd2329ca4102725f4e385feb
Garden Of Eden,"Heaven Don't Need You Yet
[prod. Kiri]","OG Filename: HEAVENDONTNEEDYOUYET - Kiri.m4a
Song previewed by d4vd via Twitch. Full song surfaced through d4vd actual leaks on SoundCloud. Original file leaked in a mass leak flood on September 17th, 2025.",2:58,,"Sep 17, 2025",OG File,CD Quality,https://pillows.su/f/de644a9091dca18c2717dc2ce7552750
Garden Of Eden,Heartache From LA,"OG Filename: Heartache From LA.m4a
Leaked in a mass leak flood on September 17th, 2025.",2:58,,"Sep 17, 2025",OG File,CD Quality,https://pillows.su/f/ae3f46e37683ffa21109756d8e6fed9d
Garden Of Eden,"Hit Me
[prod. Jacob Budgen]","OG Filename: H!T ME - Jacob Budgen.m4a
Leaked in a mass leak flood on September 17th, 2025.",3:11,,"Sep 17, 2025",OG File,CD Quality,https://pillows.su/f/4be58f9da218d68fafb50a9c749c73b2
Garden Of Eden,✨ Home,"OG Filename: d4vd - HOME (pokémon) rough.m4a
Song recorded on July 10th, 2023  for some type of Pokémon OST, unknown what this OST was for. Different song from what was posted on d4vd's burner SoundCloud in 2025.  Leaked in a mass leak flood on May 4th, 2026.",2:51,,"May 4, 2026",OG File,CD Quality,https://pillows.su/f/44796a034e3ac600fb6b5a53649957c3
Garden Of Eden,"I Might Be Polygamous
[prod. Zetra]","Song recorded some time in mid 2023. First leaked on October 16th, 2023. Lossless file leaked on September 11th, 2025.",3:01,,"Sep 11, 2025",Full,Lossless,https://pillows.su/f/bffce68a3472103b550765e9d3d60102
Garden Of Eden,"I Hate My Ex
[prod. VELVET]
(I H8 My Ex)","OG Filename: i h8 my ex.m4a
Song recorded on September 22nd 2023. Leaked in a mass leak flood on September 17th, 2025",2:28,,"Sep 17, 2025",OG File,CD Quality,https://pillows.su/f/f1612669f0b6208daf97dae32ce69618
Garden Of Eden,"LFL
[prod. unitobeats]
(Looking For Love, Love For Felony, L4F, Special)","OG Filename: LFL.m4a
Song first performed on tour. Leaked in a mass leak flood on September 17th, 2025.",2:13,,"Sep 17, 2025",OG File,CD Quality,https://pillows.su/f/4de58305ccb79c29753a9671a5226a02
Garden Of Eden,"⭐️ Lost Now
[prod. Kenny Beats]","OG Filename: LOST NOW (kenny) 6.84.m4a
Song recorded on September 2nd, 2023. Has production from Kenny Beats. Leaked in a mass leak flood on September 17th, 2025.",2:33,,"Sep 17, 2025",OG File,CD Quality,https://pillows.su/f/e2897f3031bdbc5b0c23344de5e8d407
Garden Of Eden,"✨ Limbo [V3]
[prod. Billie Eilish, FINNEAS, Noah Ehler, & Emmit Fenn]
(7)","OG Filename: LIMBO D4 RUFF STRUCTURE 2 (billie, finneas, and noah).m4a
d4vd version of Billie EIlish's ""Limbo"" recorded on June 13th, 2023. Snippet leaked on March 12th, 2026. Leaked in full on April 21st, 2026.",3:19,,"Apr 21, 2026",OG File,CD Quality,https://pillows.su/f/06303b85e9652d7c926dbbf3483b542c
Garden Of Eden,"🎤 listen before i go
[prod. FINNEAS]","Cover of Billie Eilish's ""listen before i go"" posted onto d4vd's archive SoundCloud on August 18th, 2023.",3:46,,"Aug 18, 2023",Full,CD Quality,https://pillows.su/f/824d65357ca60ac2e84232abc063b778
Garden Of Eden,"Mannequin [V1]
[prod. VELVET]
(Maniquinn, Demons And Ghosts, Unnatural)","OG Filename: MANIQUINN V1.wav
Song previewed by d4vd via Twitch stream. Leaked on April 23rd, 2026.",3:45,,"Apr 23, 2026",OG File,Lossless,https://pillows.su/f/2847853e6a55875fdad06233224e8b81
Garden Of Eden,"Demons And Ghosts [V2]
[prod. VELVET]
(Mannequin, Maniquinn, Unnatural)",,,,,,,
Garden Of Eden,"⭐️ Nomad [V2]
[prod. Rob Bisel & Sammy Witte]","OG Filename: Nomad 3.71 w drums.m4a
Newer version of Nomad with a reworked instrumental. Leaked as a bonus for a groupbuy on April 14th, 2026.",3:01,,"Apr 14, 2026",OG File,CD Quality,https://pillows.su/f/02a6d07935357a1be7409b9730a91420
Garden Of Eden,"Never Have I Ever [V2]
[prod. Noah Ehler, Gray Toomey, & Zetra]
[Feels Like Summer]","OG Filename: Never Have I Ever DEMO (Fujii Kaze) _ (noah,zetra,gray).mp3
OG Filename (Metadata): Never Have I Ever DEMO 002_D4v
First snippet posted to d4vd's Twitter/X account. Partial snippet was previewed via Twitch stream. Full song posted onto d4vd's burner SoundCloud account on December 1st, 2023. OG File leaked in a mass leak flood on September 17th, 2025. Unknown what this song has to do with Fujii Kaze.",3:01,,"Sep 17, 2025",OG File,CD Quality,https://pillows.su/f/f95ddd7798abc577c786deccf5193339
Garden Of Eden,Only Now [V1],"OG Filename: only n4w ruff.m4a
Demo of Only Now recorded on October 6th, 2023. First snippet previewed by d4vd via now deleted Twitter post. Leaked in a mass leak flood on September 17th, 2025.",2:21,,"Sep 17, 2025",OG File,CD Quality,https://pillows.su/f/29049229622497b4761a0fe0a8f82079
Garden Of Eden,⭐️ Only Now [V2],"OG Filename: ONLY NOW 6.84.m4a
Finished version of Only Now with a different outro. Leaked on April 26th, 2026",2:55,,"Apr 26, 2026",OG File,CD Quality,https://pillows.su/f/62059944fbe197096248c0ef25250b0b
Garden Of Eden,Over You,"OG Filename: OVER YOU.m4a
Song recorded on November 11th, 2023. Leaked in a mass leak flood on April 20th, 2026.",2:25,,"Apr 20, 2026",OG File,CD Quality,https://pillows.su/f/be5f24941777bd99a92bc771b9e064d5
Garden Of Eden,People,"OG Filename: people.m4a
Leaked in a mass leak flood on September 17th, 2025.",2:07,,"Sep 17, 2025",OG File,CD Quality,https://pillows.su/f/abc963cdae3e27a099f4892f81dd7522
Garden Of Eden,"Save Me
[prod. Jack Hellenback]","OG Filename: D4VD - Save Me REF 08.09.23.mp3 Jack Hellenback .mp3
Leaked in a mass leak flood on September 17th, 2025.",3:34,,"Sep 17, 2025",OG File,CD Quality,https://pillows.su/f/3551bb602a2895d177ebc9005810ab89
Garden Of Eden,"Satan's Pursuit [V2]
[prod. Taha Beats]
(Pursuit Of The Devil)","Song posted to d4vd's burner SoundCloud account on November 29th, 2023.",2:23,,"Nov 29, 2023",Full,High Quality,https://pillows.su/f/e0da9df4932f48b7042be05ee7454b8a
Garden Of Eden,Selfish Affirmation [V1],"OG Filename: Selfish Affirmation 1.1.m4a
Solo version of ""Selfish Affirmation"". Leaked in a mass leak flood on September 17th, 2025.",3:43,,"Sep 17, 2025",OG FIle,CD Quality,https://pillows.su/f/db4df891be1509f99a19d8fed5be6cd9
Garden Of Eden,"✨ Selfish Affirmation [V2]
(feat. Emily Burke)","OG Filename: Selfish_Affirmation_1.1_with_Emily.???
Version of Selfish Affirmation that has a chorus from d4vd's sister, Emily. Leaked through his discord server on October 16th, 2023.",3:43,,"Oct 16, 2023",Full,High Quality,https://pillows.su/f/9a8054dbc2ec2290d51a3062c89371ed
Garden Of Eden,⚠️ Sex Ed,"OG Filename: sex ed.m4a
Very creepy knowing who it's about. Leaked in a mass leak flood on May 4th, 2026.",1:43,,"May 4, 2026",OG File,CD Quality,https://pillows.su/f/40a6cac289ecef7b5471c783bf0ee9bb
Garden Of Eden,✨ Starstruck,"OG Filename: Startstruck - BBQ Scene.wav
Song recorded and edited to fit Spider-Man: Across the Spider-Verse. Leaked on May 4th, 2026.",2:35,,"May 4, 2026",OG File,Lossless,https://pillows.su/f/36e79075697c906759b6384ef0e69d9d
Garden Of Eden,Summer Crush,"OG Filename: summer crush _demo 6.80.m4a
Leaked in a mass leak flood on September 17th, 2025.",1:02,,"Sep 17, 2025",OG File,CD Quality,https://pixeldrain.net/u/bCiD32wp
Garden Of Eden,"Tattle Tale [V1]
[prod. Happy Perez & Zetra]","OG Filename: Tattle Tale DEMO 001 (happy perex x zetra).m4a
First version of Tattle Tale. Leaked in a mass leak flood on September 17th, 2025.",3:20,,"Sep 17, 2025",OG File,CD Quality,https://pillows.su/f/fa0ad25e4663a12ca4cec28b010a0c80
Garden Of Eden,"Tattle Tale [V2]
[prod. Happy Perez & Zetra]","OG Filename: Tattletale - D4VD (V2 - UNMIXED) [Zetra + Happy Perez].wav
Latest known version of Tattle Tale. Leaked in a mass leak flood on September 17th, 2025.",3:28,,"Sep 17, 2025",OG File,Lossless,https://pillows.su/f/7e6ab1d4727383316a9500b4c44ac88f
Garden Of Eden,"✨ The Protagonist [V3]
[prod. grayskies & Zetra]
(She Thinks She's A Fucking Superhero, Famous, Superhero)","OG Filename: d4vd - the protagonist (zetra pokemon edit v1).m4a
Final version of The Protagonist. Remixed by Zetra for some type of Pokémon OST, unknown what this OST was for. Leaked in a mass leak flood on September 17th, 2025.",2:40,,"Sep 17, 2025",OG File,CD Quality,https://pillows.su/f/41de4a5b742b0a44fe5ccbb5f7f42fd6
Garden Of Eden,"Tribal
[prod. John Cunningham]","OG Filename: TR!BAL.m4a John Cunningham.m4a
Song recorded on August 25th, 2023. Leaked in a mass leak flood on September 17th, 2025.",3:17,,"Sep 17, 2025",OG File,CD Quality,https://pillows.su/f/fbb699a08619b0153c7842ffce599e34
Garden Of Eden,Useful When Broken,"OG Filename: useful when broken 3.79.m4a
Song recorded on November 1st, 2023. Snippet leaked on February 3rd, 2026. Leaked in full on April 29th, 2026.",2:28,,"Apr 29, 2026",OG File,CD Quality,https://pillows.su/f/7bcc86eab90899b4cd844dbd195ada8c
Garden Of Eden,We Don't Have To Die To Reach God,"OG Filename: WE DON'T HAVE TO DIE TO REACH GOD 6.84.m4a
Finished song recorded during Garden Of Eden sessions. Leaked in a mass leak flood on September 17th, 2025.",2:47,,"Sep 17, 2025",OG File,CD Quality,https://pillows.su/f/708d29291d73155aecb191ef55baa4f6
Garden Of Eden,"Waterfall
[prod. Ryan Tedder]","OG Filename: WATERFALL 3.79 - Ryan Tedder.m4a
Third known version of Waterfall. FIrst snippet previewed by d4vd via a Twitter post on June 17th, 2024. Leaked in a mass leak flood on September 17th, 2025",3:10,,"Sep 17, 2025",OG File,CD Quality,https://pillows.su/f/90f76f737b900278a305241601cf8192
Garden Of Eden,"Worthy
[prod. Sammy Witte & Rob Bisel]","OG Filename: Worthy 1.2 -D4VD.mp3 - Sammy x Rob Bisel.mp3
OG Filename (Metadata): Worthy 1.2 -D4VD
Made in the same session as Nomad. Leaked in a mass leak flood on September 17th, 2025.",2:51,,"Sep 17, 2025",OG File,CD Quality,https://pillows.su/f/d9c65c91dfc64be07b908600e89f8f39
Garden Of Eden,Who Really Cares [V2],"OG Filename: whoreallycares higher quality.mp3
Song posted to d4vd's burner SoundCloud on November 29th, 2023.",1:18,,"Nov 29, 2023",Full,High Quality,https://pillows.su/f/94eec50080e9c37fc76c97fbd8d99f24
Garden Of Eden,What U Wanna [V2],"OG Filename: What u Wanna V2.wav
Recorded on Instagram live. Leaked in a mass leak flood on September 17th, 2025.",1:52,,"Sep 17, 2025",OG File,Lossless,https://pillows.su/f/5e62ae0756d9d93598eb5401b6f30ea0
Garden Of Eden,✨ What U Wanna [V3],"OG Filename: What U Wanna - Fight Scene.wav
Finished version of What U Wanna recorded for Spider-Man: Across the Spider-Verse. Leaked in a mass leak flood on May 4th, 2026.",1:52,,"May 4, 2026",OG File,CD Quality,https://pillows.su/f/1bb7cd794ec474a1a6a26e3a6b50ade6
Garden Of Eden,"⭐️ You And Me [V2]
(Vulture, Drown Me)","OG Filename: you and me - finn, 3.71 ruff demo.m4a
Second version of You and Me bounced on June 18th, 2023. Song cuts right before the outro starts, as it was likely unfinished. First previewed by d4vd via Twitch stream. CDQ snippet surfaced through LCX on September 19th, 2025. Leaked after a successful groupbuy on March 7th, 2026.",2:02,,"Mar 7, 2026",OG File,CD Quality,https://pillows.su/f/47b431663dce472506b788c65aeffd95
Garden Of Eden,"✨ ???
[prod. Dan Darmawan]","OG Filename: d4vd x pokémon! (Dan D).m4a
Untitled song recorded for some type of Pokémon OST, unknown what this OST was for. Leaked in a mass leak flood on September 17th, 2025.",3:05,,"Sep 17, 2025",OG File,CD Quality,https://pillows.su/f/7107a1534f9bf23d226765da8d6415d8
Garden Of Eden,"??? - All My Fault
(feat. d4vd)",OG Filename: All_My_Fault_ft_d4vd.m4a,1:39,,"Jun 4, 2026",OG File,High Quality,https://pillows.su/f/0e20e201d5b54b01f50fe1d13dd86c8c
Garden Of Eden,"Feel It [V1]
[prod. Noah Ehler, Gray Toomey & Sam Homaee]
(Feel It (From ""Invincible""))","OG Filename: FEEL IT 3.79 - Noah x Gray x Sam Homaee.m4a
Has slightly different production on the instrumental alongside having minor mixing differences such as having louder backing vocals on the final chorus. Leaked in a mass leak flood on September 17th, 2025.",2:42,,"Sep 17, 2025",OG File,CD Quality,https://pillows.su/f/2c63a332104ace556b891384b543ef50
Garden Of Eden,"Feel It [Sync Track]
[prod. Noah Ehler, Gray Toomey & Sam Homaee]
(Feel It (From ""Invincible""))",,,,,,,https://pillows.su/f/3d8bdd1fe3d306a341a59d656749db8b
Garden Of Eden,Rehab [Amazon Live],,,,,,,https://pillows.su/f/20ebfd680229c8c0c8fc1106ad9098d2
Garden Of Eden,"21 Savage - Call Me Revenge [V?]
(feat. d4vd) [prod. Ryan Tedder & Jason Evigan]
(Call Me Revenge (Call of Duty: Modern Warfare 3))","OG Filename: Call Me Revenge. FASTER album version (159 BPM).mp3 
Unknown mix of Call Me Revenge by 21 Savage. Leaked on May 4th, 2026.",2:47,,"May 4, 2026",OG File,CD Quality,https://pillows.su/f/336ff74d9c4d641fde3367b93333064c
Garden Of Eden,"21 Savage - Call Me Revenge [Final]
(feat. d4vd) [prod. Ryan Tedder & Jason Evigan]
(Call Me Revenge (Call of Duty: Modern Warfare 3))",,,,,,,https://pillows.su/f/0f86210bc710961acc6892a6f4b12c29
Garden Of Eden,"Holly Humberstone - Superbloodmoon [V1]
(feat. d4vd)","OG Filename: d4vd x Holly SUPERBLOODMOON.m4a
Demo version of Superbloodmoon. Leaked in a mass leak flood on September 17th, 2025.",2:29,,"Sep 17, 2025",OG File,CD Quality,https://pillows.su/f/06c8283955ac7e14776bf7b860f17762
Garden Of Eden,"The Kid LAROI - THE LINE [V1]
[prod. Omer Fedi & Dylan Wiggins]","OG Filename: The Line (Open).wav
First version of THE LINE with an open verse for d4vd. Leaked on April 20th, 2026.",2:20,,"Apr 20, 2026",OG File,Lossless,https://pillows.su/f/cc9105365f9d8804e4316a2e1299764e
Garden Of Eden,"The Kid LAROI - THE LINE [V2]
(feat. d4vd) [prod. Omer Fedi & Dylan Wiggins]",,,,,,,LINK NEEDED
Garden Of Eden,"Crush
(Ordinary Love)",,,,,,,
Garden Of Eden,It's A Middle Finger,"Song recorded in November 2023. Snippet leaked on July 22nd, 2026.",,,,,,
Garden Of Eden,"I Hate Her [V1]
(My House Is Not A Home, My House Is Not My Home)","Recording demo of ""My House Is Not A Home."" Features different lyrics near the end. Leaked through Discord on June 26th, 2025.",0:49,,"Jun 26, 2025",Snippet,Recording,https://pillows.su/f/4bc644d7a81869326ee4a17d9c8c3423
Garden Of Eden,"🏆 You Forced Me
[prod. VELVET]
(Fingers Crossed)","Snippet previewed by d4vd via now deleted TikTok. Another snippet later leaked on May 21st, 2026.","0:24
0:11",,"Dec 23, 2023",Snippet,High Quality,"1. https://pillows.su/f/0d69ce382306f9bb3dec5d16e7179f29
2. https://imgur.gg/f/GR7c1fQ"
Garden Of Eden,"Gabriela Bee - Getting Old
(feat. d4vd)","Recorded in July of 2023. First previewed on Gabriela Bee's Tiktok. Snippet later leaked on May 20th, 2026.","0:18
0:21",,"May 20, 2026",Snippet,High Quality,"1. https://imgur.gg/f/Vd7NYb0
2. https://imgur.gg/f/XLXq0ah"
Garden Of Eden,"🏆 Odetari - PURPLE HEART [V1]
(feat. d4vd) [prod. Odetari]","Early demo of PURPLE HEART with only d4vd. Recording snippet leaked through Discord on November 2nd, 2025. Snippet leaked on April 3rd, 2026. ",0:41,,"Apr 3, 2026",Snippet,High Quality,"1. LINK NEEDED
2  https://pillows.su/f/db70e9a8b8bf5647b87e4c1ffc690bb9
"
Garden Of Eden,"🏆 Odetari - PURPLE HEART [V2]
(feat. d4vd & Don Toliver) [prod. Odetari]","Later version of PURPLE HEART with more production and supposedly a verse from Don Toliver. First snippet leaked on June 10th, 2026. Second snippet leaked on June 22nd, 2026.","0:06
0:08",,"Jun 22, 2026",Snippet,High Quality,"1. https://imgur.gg/f/bFJGIeF
2. https://imgur.gg/f/d24nlFa"
Garden Of Eden,Garden Of Eden (Album Copy),Rumored to be a rough album copy in circulation.,??:??,,,Rumored,Not Available,
Garden Of Eden,🏆 [Unknown SZA Collaborations],Insiders confirmed that d4vd and SZA recorded songs on tour. Unknown if any are in circulation.,,,,Confirmed,Not Available,
"73 OG File
39 Full
0 Tagged
12 Partial
19 Snippets
31 Unavailable",WITHERED,"(12/?/2023) ""Garden Of Eden"" is scrapped.
(12/22/2023) Very early WITHERED sessions are started.
(2/9/2024) 2 track EP ""Withering"" is released.
(2/2/2025) ""WITHERED"" is announced.
(4/25/2025) ""WITHERED"" is released on all DSPs.

d4vd's debut studio album ""WITHERED"" was released through Darkroom/Interscope records on April 25th, 2025 after a year in the making. He kicked off this rollout in early 2024, with 2 singles ""Leave Her"" and ""2016"". He then dropped 2 more songs ""My House Is Not A Home"" and ""There Goes My Baby"". After a year hiatus of releasing music. d4vd announced ""WITHERED"" in early February 2025. The official rollout started with the track ""One More Dance"" being the lead single. Other songs ""Crashing"" and ""What Are You Waiting For"" were released shortly after. A month after release, bonus tracks ""Where Did You Go?"" and ""Unrequited"" were added to the tracklist.",,,,,,
WITHERED,"⚠️ Celeste [V2]
[prod. Scott James]","OG Filename: Celeste _Demo Unfin - Scott.m4a
Jesus Christ...",3:46,,"Sep 17, 2025",OG File,CD Quality,https://pillows.su/f/a926430cf93f56e5e99f5cc35c1f5dee
WITHERED,Hell,"Song posted to d4vd's burner SoundCloud account on December 22nd, 2023.",2:13,,"Dec 22, 2023",Full,High Quality,https://pillows.su/f/cd6f4d626ba103a2c285159c51acb3a0
WITHERED,Knew You,"OG Filename: knew u interlude 6.84.wav
Posted to d4vd's burner SoundCloud on February 2nd, 2024.",2:37,,"Feb 2, 2025",Full,Lossless,https://pillows.su/f/4b9692053a1a52be1259d98c449425d5
WITHERED,"⭐️ Who Are You
[prod. Scott James]","OG Filename: who are you _demodemodemo - Scott.m4a
Recorded in the same session as Afterlife. Leaked in a mass leak flood on September 17th, 2025.",3:02,,"Sep 17, 2025",OG File,CD Quality,https://pillows.su/f/538278663aa0c900c0ec5b8c60d9748b
WITHERED,You Don't Have To Tell Me,"OG Filename: you don't have to tell me demo d4vd.m4a
Song recorded on December 10th, 2023. Leaked in a mass leak flood on May 4th, 2026.",2:59,,"May 4, 2026",OG File,CD Quality,https://pillows.su/f/7a4de7ab3d2ba2d458caacf68c11d49a
WITHERED,⭐️ A Million Miles,"OG Filename: A MILLION MILES V1.m4a
Song recorded on June 12th, 2024. Partial first leaked on September 11th, 2025. Unchopped snippet leaked on February 13th, 2026 Leaked in a mass leak flood on April 20th, 2026.",3:03,,"Apr 20, 2026",OG File,CD Quality,https://pillows.su/f/9e11c9573af89a029b19e151587f0284
WITHERED,"Break Up Season [V1]
(Breakup Szn)","OG Filename: breakup-szn-_6.84.m4a
Demo version of Break Up Season with a slightly different mix. Leaked on May 4th, 2026.",2:51,,"May 4, 2026",OG File,CD Quality,https://pillows.su/f/b5d6da2251ed49f795e890fee530d48f
WITHERED,"Break Up Season [V2]
(Breakup Szn)","OG Filename: BREAKUP SZN 6.84.wav
Snippet first leaked on January 26th, 2026. Leaked after a successful groupbuy on February 17th, 2026.",2:51,,"Feb 17, 2026",OG File,Lossless,https://pillows.su/f/2a29a27e889cf0534a704b0e98c54e07
WITHERED,Born To Fail [V1],"OG Filename: born to fail for pitch.wav
Original version of Born To Fail with a bridge and unpitched vocals. Leaked on May 4th, 2026.",3:09,,"May 4, 2026",OG File,Lossless,https://pillows.su/f/0726222bd92d6b674c191d31337a2b4b
WITHERED,⭐️ Born To Fail [V2],"OG Filename: born-to-fail-high-eq-6.84-with-bridge.m4a
Pitched up version of V1 and mixed better. Leaked on May 4th, 2026.",3:09,,"May 4, 2026",OG File,CD Quality,https://pillows.su/f/10c7a6f0a98a5a09785b39ca5d398eb5
WITHERED,Born To Fail [V3],"OG Filename: BORN TO FAIL ?.wav
Third version of Born To Fail with the bridge removed and a new outro, also pitched down again. Leaked on May 4th, 2026.",3:07,,"May 4, 2026",OG File,Lossless,https://pillows.su/f/79624fb6960ad1c183447bddb7b470c8
WITHERED,⭐️ Born To Fail [V4],"OG Filename: BORN TO FAIL V4.mp3
Final version of Born To Fail with the bridge removed. Snippet previewed by d4vd via Instagram story on January 13th, 2024. Meant to release on Withering but was scrapped for an unknown reason. Leaked in a mass leak flood on April 20th, 2026.",3:17,,"Apr 20, 2026",OG File,CD Quality,https://pillows.su/f/82f57cf77890651986ee962e0fdb8884
WITHERED,"Break Out [V4]
[prod. anticønbeatz]","OG Filename: BREAKOUT 3.71.m4a
2024 version of Break Out with a pitch change. Exported on May 13th, 2024.",2:24,,"May 4, 2026",OG File,CD Quality,https://pillows.su/f/048d6da4744e086e6796118c784457f5
WITHERED,Casket [V1],"Song recorded during WITHERED sessions. Leaked in a mass leak flood on April 20th, 2026.",4:14,,"Apr 20, 2026",Full,CD Quality,https://pillows.su/f/25b5682b13f41683bd6458e40399bbb2
WITHERED,Casket [V2],"OG Filename: Casket_11.12_SPEDUP.wav
Supposed final version of Casket. Has noticable production differences compared to V1. Can assume the song was recorded on November 12th, 2024.",3:51,,"May 4, 2026",OG File,Lossless,https://pillows.su/f/29824881349d02d7dc2565593b4134d8
WITHERED,"Call Me [V1]
(Valentina, DIfferent Names)","OG Filename: 7 call me (different names) V1.3.m4a
Song recorded on April 19th, 2024. Previously thought to be titled ""Valentina."" First previewed by d4vd via now deleted YouTube short. Leaked in a mass leak flood on April 20th, 2026.",2:04,,"Apr 20, 2026",OG File,CD Quality,https://pillows.su/f/0ed1f29bab47940fe47ea818fee46818
WITHERED,"⭐️ Call Me [V2]
(Valentina, Different Names)","OG Filename: CALL ME 6.84 V1.wav
Reworked version with a faster tempo. Snippet leaked on February 14th, 2026. Leaked in a mass leak flood on April 20th, 2026.",1:58,,"Apr 20, 2026",OG File,Lossless,https://pillows.su/f/4ffc4cad5a451ae0835d8af79b3dfc25
WITHERED,Call You Back,"OG Filename: CALL YOU BACK 6.84 V1.m4a
Song recorded on May 1st, 2024. Leaked in a mass leak flood on May 4th, 2026",2:09,,"May 4, 2026",OG File,CD Quality,https://pillows.su/f/556dfdc6414c89494ce0a4a0190cf277
WITHERED,"Ceiling [V2]
[prod. Dylan Wiggins]","OG Filename: Ceiling - D4VD Dylan Wiggins 2mix.wav
Second known version of Ceiling. Has an open verse. Leaked in a mass leak flood on September 17th, 2025.",3:49,,"Sep 17, 2025",OG File,Lossless,https://pillows.su/f/9a9b2b370be5212e5bc844628e9f9260
WITHERED,Drown,"OG Filename: drown (1).m4a
Song recorded on October 15th, 2024. First previewed by d4vd via Twitch stream. Leaked in full on February 17th, 2026",1:07,,"Feb 17, 2026",OG File,CD Quality,https://pillows.su/f/821da77c38b9070dd483744c9ce2d1df
WITHERED,⭐️ Empty The Clip,"OG Filename: EMPTY THE CLIP V3.m4a
Song recorded on September 13th, 2024. First previewed on JasonTheWeen's stream shortly after being made. Leaked in full on April 19th, 2026.",2:32,,"Apr 19, 2026",OG File,CD Quality,https://pillows.su/f/8d12f29972ff45e491dbd0c37ddc0f2f
WITHERED,"F U
(Fuck You)","OG Filename: F U.wav
Posted onto d4vd's archive SoundCloud account on March 12th, 2024. Unknown when the song was actually recorded.",2:24,,"Mar 12, 2024",Full,CD Quality,https://pillows.su/f/755e5573f0c0277232f09973ed2ad55f
WITHERED,"Gosh Darn Pretti
[prod. VELVET]","OG Filename: gosh d4rn pretti.m4a
Finished song recorded during WITHERED sessions. Leaked in full on SoundCloud, originally by ""anti gatekeeper"", but taken down days after. Original file leaked in a mass leak flood on September 17th, 2025.",2:01,,"Sep 17, 2025",OG File,CD Quality,https://pillows.su/f/ce806a42f2329cc71a5c6e58e81612d4
WITHERED,Gray Skies,"OG Filename: gray skies MAY 19.mp3
Leaked in a mass leak flood on April 20th, 2026. OG file leaked on May 4th, 2026.",2:36,,"May 4, 2026",Full,CD Quality,https://pillows.su/f/51a79bbd82ef97d2486f2d6d574b4d3c
WITHERED,Good Time [V1],"OG FIlename: GOOD TIME 6.84.m4a
Song recorded on April 12st, 2024. On an early tracklist for WITHERED. Leaked in a mass leak flood on May 4th, 2026.",3:14,,"May 4, 2026",OG FIle,Lossless,"OG: https://pillows.su/f/38333fbb9191ec39487d10ee6eef77b3
Lossless: https://pillows.su/f/077ec8e92efe15ec6da70756c9c9df99"
WITHERED,Good Time [V2],"Later version of Good Time with a better mix. Leaked on May 4th, 2026.",,,,,,
WITHERED,⭐️ Good Time [V3],,,,,,,
WITHERED,"Hello Kitty Shirt [V2]
(Pretty Gurl)","Uploaded to d4vd's SoundCloud archive on January 11th, 2025.",2:25,,"Jan 11, 2025",Full,High Quality,https://pillows.su/f/bdcf14ee34be369ab99e357434e6b0de
WITHERED,Higher [V1],"Song recorded during 2024 WITHERED sessions. This version has a verse left open for Will Smith to record on but he settled for a different song. First snippet leaked on April 13th, 2026. Forceleaked a day later.",2:32,,"Apr 14, 2026",Full,Lossless,https://pillows.su/f/3a07b52e70608d33fa38bf6123e5534c
WITHERED,"🗑️ Higher [V2]
(feat. Connor Brooks)","Version of Higher featuring Connor Brooks taking up the open verse. Not very good. Leaked in a mass leak flood on April 20th, 2026.",2:23,,"Apr 20, 2026",OG File,CD Quality,https://pillows.su/f/19e5545731ebb0275616b02333eb56e3
WITHERED,"⭐️ Hold On [V1]
(Seasons Change)","OG Filename: HOLD ON 6.84 V1.4.m4a
Demo version of Hold On made on August 8th, 2024. First previewed by d4vd via Instagram live on August 23rd, 2024. Leaked in full in a mass leak flood on April 20th, 2026",3:43,,"Apr 20, 2026",OG File,CD Quality,https://pillows.su/f/18d5429d669351861c6f701ee648bc4a
WITHERED,"⭐️ Hold On [V2]
(Seasons Change)",,3:42,,"Jul 1, 2026",Full,Lossless,https://pillows.su/f/2593ad811ff91541596f8a8faa1f45e8
WITHERED,If Only You,"OG FIlename: if only you.m4a
Song recorded on October 13th, 2024. Leaked in a mass leak flood on April 20th, 2026.",2:36,,"Apr 20, 2026",OG FIle,CD Quality,https://pillows.su/f/f366cd20a6ede6f8b3c92c3cbab3673a
WITHERED,I Wish You Love Me,"OG Filename: I WISH U LOVE ME DEMO V1.m4a
Finished song recorded during WITHERED sessions. Snippet leaked on January 31st, 2026. Leaked after a successful groupbuy on February 15th, 2026.",2:37,,"Feb 15, 2026",OG File,CD Quality,https://pillows.su/f/423a63dc5a699f19ee9ab61ae4cd8809
WITHERED,I Never Needed You [V1],"OG Filename: never needed uuuu.m4a
Demo version of I Never Needed You exported on November 1st, 2024. Has less backing vocals and a different outro that has no Celeste voicemail. Leaked on July 15th, 2026.",2:35,,"Jul 15, 2026",OG File,CD Quality,https://pillows.su/f/2dd3707eaf13fd1af7e757836031a279
WITHERED,⚠️ I Never Needed You [V2],"OG Filename: i never needed u .wav
Song posted to d4vd's burner SoundCloud account on November 4th, 2024. Samples a voicemail from Celeste Rivas Hernandez.",2:53,,"Nov 4, 2024",Full,Lossless,https://pillows.su/f/430051638d4c6595d4779ccdc148a470
WITHERED,Ignored,OG Filename: ignored.m4a,2:36,,"May 4, 2026",OG File,CD Quality,https://pillows.su/f/9d4f5497432bfea78db534b6ccccdab4
WITHERED,⭐️ I'm In Love [V1],"OG Filename: im in love.m4a
First version of ""I'm In Love"" recorded on June 3rd, 2024. First previewed by d4vd via Twitch stream. Later surfaced in full on February 22nd, 2026.",2:30,,"Feb 22, 2026",OG File,CD Quality,https://pillows.su/f/76180a6f82e5fc60f5b1712ceb406fd3
WITHERED,I'm In Love [V2] ,"Later version of I'm In Love with a reworked instrumental recorded on August 2nd, 2024. Leaked in full on February 22nd, 2026.",2:34,,"Feb 22, 2026",Full,CD Quality,https://pillows.su/f/a994264d31202682dc06b077d7f2ef0e
WITHERED,I'm In Love [V3],"Later version of the song with better mixing. Leaked on February 22nd, 2026.",2:34,,"Feb 22, 2026",Full,CD Quality,https://pillows.su/f/9561e96c58cfb8cdfd9f927d93364c8b
WITHERED,Lie To Me [V1],"Very rough freestyle of Lie To Me done on October 8th, 2024. Most likely a voice memo.",2:51,,"Apr 21, 2026",,,https://pillows.su/f/94b82c6fc547d08c37e9e0a4f7cf9825
WITHERED,"⭐️ Love Is Never Free
[prod. Scott James]
(Looking For Answers I Already Know, LFAIAK)","OG Filename: LOVE IS NEVER FREE V0.5 6.84.m4a
Song previewed by d4vd via Twitch stream. First rumored to be produced by Steve Lacy, which was later deconfirmed. Leaked in full on March 20th, 2026.",2:23,,"Mar 20, 2026",OG File,CD Quality,https://pillows.su/f/b2f64b22a232e3c876a16f183745706b
WITHERED,⭐️ Love Me Anyway,"OG Filename: love me anyway demo 1.m4a
Recorded on July 25th, 2024.",,,"May 4, 2026",,,https://pillows.su/f/d07b2a5197c1685f8233096c63f3a50f
WITHERED,"Looking At You
(Can't Be Mine, Waistline)",,2:49,,"Apr 20, 2026",Full,CD Quality,https://pillows.su/f/8f10d5f39048c5d313b13496c5fca880
WITHERED,Matter [V1],"Demo version of Matter with a slower tempo. Leaked on May 4th, 2026.",,,"May 4, 2026",OG File,CD Quality,
WITHERED,⭐️ Matter [V2],"OG Filename: 11 - matter (fast).mp3
Track 11 on an early version of WITHERED. Leaked on May 4th, 2026.",2:52,,"May 4, 2026",OG File,CD Quality,https://pillows.su/f/d59705fe6673ddf46c2064d2a760efe3
WITHERED,Never Met,,2:37,,"May 4, 2026",Full,CD Quality,https://pillows.su/f/8b345eb71c6a4ccfed9e7344b5330f9c
WITHERED,"Nothing
[prod. Carter Lang & Solomonphonic]","OG Filename: nothin _unfin - carter lang solomonphonic.mp3
Song recorded some time in 2024. Leaked in a mass leak flood on September 17th, 2025.",2:14,,"Sep 17, 2025",OG File,CD Quality,https://pillows.su/f/5daa5a7af776a9ac86ea3d3b8c8926b2
WITHERED,Nightmare [V1],"OG FIlename: Nightmare (London demo).m4a
Demo version of Nightmare recorded on December 18th, 2024. Leaked in a mass leak flood on May 4th, 2026.",3:06,,"May 4, 2026",OG File,CD Quality,https://pillows.su/f/f87ecdaf29b1d57d868b186c0d9deba2
WITHERED,Nightmare [V2],"FInished version of Nightmare. Leaked in a mass leak flood on May 4th, 2026.",,,,Full,CD Quality,https://pillows.su/f/832af1f221926bb39a3a4c191a972e34
WITHERED,"Oh My God, I'm So Lonely
(High)","Song recorded in February of 2025. First previewed by d4vd via Twitch stream. Leaked in full on April 29th, 2026.",2:15,,"Apr 29, 2026",Full,Lossless,https://pillows.su/f/de744eb9c7714ad8968451dc96839598
WITHERED,"One Night
[prod. Ryan Tedder]","OG Filename: ONE NIGHT tedder.m4a
Song recorded on April 6th, 2024. Leaked in a mass leak flood on April 20th, 2026.",2:41,,"Apr 20, 2026",OG File,CD Quality,https://pillows.su/f/80f89e5329187e7fff54ee9c14db8cb5
WITHERED,"Phone Tag
[prod. nobodysthereforme]","OG Filename: Phone Tag.wav
Posted to d4vd's archive SoundCloud on March 22nd, 2024. Unknown when the song was actually recorded.",2:05,,"Mar 22, 2024",Full,CD Quality,https://pillows.su/f/92715aaedfa856f4f5f3487cec00a546
WITHERED,"Purpose [V1]
[prod. Scott James & Jack Hallenbeck]","OG Filename: Purpose_d4vd_SJ_JH_5.27.24.mp3
Song recorded during WITHERED sessions. Leaked after a successful groupbuy on February 27th, 2026. OG file later surfaced on May 4th, 2026.",2:54,,"Feb 27, 2026",OG File,CD Quality,https://pillows.su/f/64741ae7b7da0627156067cb3ce1bc93
WITHERED,"⚠️ Purpose [V2]
[prod. Scott James & Jack Hallenbeck]","OG Filename: Purpose_11.18.wav
Album version of Purpose. Was meant to release on an early version of WITHERED. Leaked on May 4th, 2026. Has a voiceline from Celeste.",2:52,,"May 4, 2026",OG File,Lossless,https://pillows.su/f/c71a322f2cd97162e68764c0adf14a9c
WITHERED,⭐️ Ruined Your Life,"OG Filename: Ruined Your Life.DV rgh.03.m4a
Song that was going to be sold in a groupbuy but ended up getting sold privately. Snippet leaked on January 31st, 2026. Leaked on May 3rd, 2026.",3:48,,"May 3, 2026",OG File,CD Quality,https://pillows.su/f/572041acd81b262896913cdbb0e72fa5
WITHERED,Ruin Everything,"Song recorded during WITHERED sessions. Leaked after a successful groupbuy on March 2nd, 2026.",2:51,,"Mar 2, 2026",Full,CD Quality,https://pillows.su/f/d206b3e933e520c8f585ebc5c379af6f
WITHERED,Someone Like You [V1],OG Filename: SOMEONE LIKE U 6.84.m4a,2:06,,"May 4, 2026",Full,CD Quality,"OG: https://pillows.su/f/5cdc5eab0d434734474c66898f107694
Lossless: https://pillows.su/f/48a413c65a4db743071b8d4c52e0d762"
WITHERED,Someone Like You [V2],,2:14,,"May 4, 2026",Full,CD Quality,https://pillows.su/f/d26e171199853eaea3829a161d08a8b1
WITHERED,"⭐️ So Long / Goodbye [V2]
[prod. VELVET]","OG Filename: SO LONG_ GOODBYE 3.7.m4a
Song recorded on October 11th, 2024. Posted to d4vd's burner SoundCloud on March 3rd, 2025 after he lost a Fortnite 1v1 with a fan and dared him to leak a song. OG file later leaked on May 4th, 2026.",3:53,,"May 4, 2026",OG File,CD Quality,https://pillows.su/f/52d348778c6bb83223fa1e6fdc8deacc
WITHERED,Summer,,2:18,,,Full,CD Quality,https://pillows.su/f/b3c135e3eefb6cf3c132e34fd046a680
WITHERED,⭐️ There With You,"OG Filename: THEREWITHYOU_11.21.24.wav
",4:07,,"May 4, 2026",OG File,Lossless,https://pillows.su/f/aff2ec28de3b3f600e712a72e016f1d2
WITHERED,Unwanted,"OG Filename: UNWANTED.m4a
Song recorded on September 12th, 2024. Leaked in a mass leak flood on May 4th, 2026.",2:10,,"May 4, 2026",OG File,CD Quality,https://pillows.su/f/8c22b8a22be06a66be0a41043217f10f
WITHERED,Wake Up,,2:54,,"Mar 24, 2026",Full,CD Quality,https://pillows.su/f/f3b6cad52d30d43eaef3b2e842e7f8cf
WITHERED,You Look So Pretty,"Song posted to d4vd's burner SoundCloud account but was later removed. Resurfaced on September 11th, 2025.",2:06,,"Sep 11, 2025",Full,CD Quality,https://pillows.su/f/5765e5e5391e9ed09b4480bd9ef6bd69
WITHERED,Weak,"OG Filename: WEAK 6.84 V1.wav
Song recorded during WITHERED sessions. Leaked in a mass leak flood on April 20th, 2026.",3:44,,"Apr 20, 2026",OG File,Lossless,https://pillows.su/f/8fc34e7e390dcf7b8ae034a619d22e8d
WITHERED,"Do You Remember [V1]
(What Did You Do?)",,,,,,,
WITHERED,"What Did You Do? [V2]
(Do You Remember)","OG Filename: WHAT DID U DO V1 6.wav
Song recorded during WITHERED sessions. Leaked in a mass leak flood on April 20th, 2026.",3:42,,"Apr 20, 2026",OG File,Lossless,https://pillows.su/f/36e5bc2301ef50aa945ce6347aa04900
WITHERED,"WYA [V1]
[prod. Zetra, pluko, & glasear]
(Where You Are)",Version of WYA without ericdoa. Has an open verse.,2:36,,"Apr 28, 2026",Full,CD Quality,https://pillows.su/f/6cb13a0089d59c8299903571b29f8104
WITHERED,"You Never Really Cared
[prod. Scott James & Jack Hallenbeck]","OG Filename: YouNeverReallyCared_d4vd_SJ_JH_5.27.24.mp3
Song recorded on April 27th, 2024. Leaked in a mass leak flood on May 4th, 2026.",3:01,,"May 4, 2026",OG File,CD Quality,https://pillows.su/f/29e19bce0dba6b9b7180d6433c55b01b
WITHERED,"???
(Love, Your Love)",First previewed on d4vd's stream.,2:45,,,Full,High Quality,https://pillows.su/f/9729d613ac5ab97e208f02d9da2d767e
WITHERED,"Fall In Love Again
(7 Minute Song)","Unfinished 7 minute d4vd song sold in a private buy. Song forceleaked on May 4th, 2026.",7:18,,"May 4, 2026",Full,CD Quality,https://pillows.su/f/aa9ad7af4bc56c08167f52576da74439
WITHERED,"⭐️  I Think She Knows
(Marcescence, I Think I Know)","OG Filename: I Think She Knows.m4a
Song recorded on March 4th, 2025. First previewed by d4vd via Twitch stream. Leaked on April 20th, 2026. This song would also be uploaded onto d4vd's Spotify by hackers under the title ""MARCESCENCE"" on July 17th, 2026.",2:40,,"Apr 20, 2026",OG File,CD Quality,"https://pillows.su/f/148c80fcca1acf9c4beb7c2fe60d38fc
Lossless: https://pillows.su/f/6efc656319474f131b2b64ec75fc76e9"
WITHERED,"Take The Photos [V1]
[prod. Henry Kwapis]","Early version of ""Take The Photos."" Possible recording date is January 12th, 2025. Has a mumble outro where Malcolm Todd would eventually have his verse. Leaked on April 24th, 2025.",1:57,,"Apr 24, 2025",Full,CD Quality,"1. https://pillows.su/f/903fb67c68b114aa3a7e55864b6ed9b9
2. https://imgur.gg/f/Hv81qE8"
WITHERED,"What's Real
[prod. maztypebeat]
(You Make Me Feel)","OG Filename: whatsrealprodmaz.mp3
Song recorded some time in 2025. Posted on his burner Instagram page alongside Take The Photos. OG File leaked on April 24th, 2025",2:27,,"Apr 24, 2025",OG File,CD Quality,https://pillows.su/f/52f5781f1bfc24b3cad01ee341bfc3da
WITHERED,"Bryant Barnes - Always [V1]
(feat. d4vd)
(I'm So Sorry)","OG Filename: Always ft D4VD v1.m4a
Demo version of Always. Leaked in a mass leak flood on April 20th, 2026.",3:14,,"Apr 20, 2026",OG File,CD Quality,https://pillows.su/f/c0fbeee5f45f537b6c8746dc20265909
WITHERED,"Bryant Barnes - Always [V2]
(feat. d4vd)
(I'm So Sorry)",,3:43,,"Apr 20, 2026",OG File,CD Quality,https://pillows.su/f/6f5cc2f6df9e4271e974234c30dcdd61
WITHERED,"Bryant Barnes - I'm So Sorry [V3]
(feat. d4vd)
(Always)","OG Filename: i'm so sorry Bryant X D4vd DAY1.m4a
s",3:14,,"Apr 20, 2026",OG File,CD Quality,https://pillows.su/f/fd4a5c1acebf01d503e36c10941b6622
WITHERED,"⭐️ ericdoa - throw it up [V4]
(feat. d4vd & glaive) [prod. Gray Toomey, Zetra & glaive]","Early version of ericdoa's ""throw it up"" with a d4vd feature. First previewed on JasonTheWeen's stream. Randomly leaked on August 27th, 2025 by SoundCloud user chudy. Lossless file leaked on September 11th, 2025.",3:30,,"Sep 11, 2025",Full,Lossless,https://pillows.su/f/e1c6ea01e68a21db8bffc95ce754d179
WITHERED,"⭐️ ericdoa - a lantern to a montague [V2]
(feat. d4vd & bixby) [prod. Zetra, pluko, & glasear]","Rough sounding mix of ""a lantern to a montague."" Snippet surfaced through Discord on January 25th, 2026. Tagged snippet of d4vd's verse leaked the same day. Fully leaked by SoundCloud user ""hypabola"" on March 1st, 2026.",2:57,,"Mar 1, 2026",Full,High Quality,https://pillows.su/f/085b8224ba26f0b80548e5f0546526ee
WITHERED,"🗑️ Lil Nas X - Lie 2 U
(feat. d4vd)
(Lie To You)","OG Filename: D4VD LNX - LIE 2 U.mp3
One of the 3 collabs made by d4vd and Lil Nas X for his album. Leaked after a successful groupbuy on March 7th, 2026",3:10,,Mar 2026,OG File,CD Quality,https://pillows.su/f/7ca76f5b9aed2c49870f7325511004c1
WITHERED,"Lil Nas X - Strange Times [V1]
(feat. d4vd)","One of the 3 collabs made by d4vd and Lil Nas X for his album. This is a demo with mumble vocals and different instrumental. Leaked through LCX on February 18th, 2025.",2:58,,"Feb 18, 2025",Full,High Quality,https://pillows.su/f/0416397f24923203e57c9ce1adf1b255
WITHERED,"⭐️ Lil Nas X - Strange Times [V2]
(feat. d4vd)","OG Filename: D4VD LNX - STRANGE TIMES.mp3
Newer version of ""Strange Times"" with a new instrumental and a finished verse from d4vd. Leaked through LCX on February 18th, 2025. OG File leaked on October 14th, 2025.",2:56,,"Oct 14, 2025",OG File,CD Quality,https://pillows.su/f/06c50fc7b70a837b09723e11bcbd94f4
WITHERED,"Lil Nas X - Tell Me What I'm Missing
(feat. d4vd)
(TMWIM)","OG Filename: D4VD LNX - TMWIM.mp3
One of the 3 collabs made by d4vd and Lil Nas X for his album. Lil Nas X's verse is unpolished but finished. Leaked through LCX on July 29th, 2025. OG File leaaked on October 14th, 2025.",2:43,,"Oct 14, 2025",OG File,CD Quality,https://pixeldrain.com/u/vBybYgjM
WITHERED,"Ski Mask The Slump God - Rapture [V12]
(feat. d4vd) [prod. Max Lord]","OG Filename: D4VD_SKI_1.mp3
Version of Ski Mask The Slump God's ""Rapture"" that had d4vd replacing Dominic Fike. d4vd only takes up 4 bars with the rest of the song open, likely to be filled in later. Leaked on April 21st, 2026.",2:36,,Apr 2026,OG File,CD Quality,https://pillows.su/f/3d2b5824ac8c44468f58bfaff735fd75
WITHERED,"Will Smith - Dancing In The Dark
(feat. d4vd)","OG Filename: WS DANCING IN THE DARK 051824
Song recorded with Will Smith in 2024. Snippet leaked on February 4th, 2026. Leaked in a mass leak flood on April 20th, 2026.",2:36,,"Apr 20, 2026",OG File,CD Quality,https://pillows.su/f/9bcd4243d946cc5a3907b4660239845c
WITHERED,2016 [V1],"OG Filename: d4vd 2016 - ROUGH.m4a
Demo of 2016 with a different mix.",2:19,,"May 4, 2026",OG File,CD Quality,https://pillows.su/f/2ec23ee36d71901b5ed1d2bac7bb5ed8
WITHERED,"2016 [V2]
[prod. Scott James, Jack Hallenbeck & silent$ky]","OG Filename: 2016 JELLIS FULL MASTER 44.1_24bit.wav
Unknown mix of 2016. Leaked on May 4th, 2026.",,,,,,
WITHERED,2016 [Clean],,,,,,,https://pillows.su/f/8d5cb6cabc9a4b3a0e3b8550ebcba3df
WITHERED,"✨ Affirmation [V1]
[prod. Dan Darmawan]","OG Filename: d4vddd - Untitled 2024-8-1 02_05.wav
2024 version of Affirmation. Was first posted to d4vd's burner SoundCloud as an untitled song. The song was later removed off his profile after being confirmed to be on WITHERED Deluxe: Marcescence. OG File leaked on April 24th, 2025.",2:51,,"Apr 24, 2025",OG File,Lossless,https://pillows.su/f/afe6e0cdfe58a4483d8ccc609dd5aff2
WITHERED,"Afterlife [V1]
[prod. Scott James]","OG Filename: afterlife_demodemodemo.m4a
Version of ""Afterlife"" without the orchestra outro and worse mixing. Recorded on December 14th, 2023. Leaked in a mass leak flood on September 17th, 2025.",3:31,,"Sep 17, 2025",OG File,CD Quality,https://pillows.su/f/81fbfd3256d6d574662b0013bd391be0
WITHERED,"Afterlife [Unmixed, unmastered]
[prod. Scott James]",,,,,,,https://pillows.su/f/195bc48e71c051f1cf86ee6ceea2c631
WITHERED,"Atomic Land [V2]
[prod. Scott James, Jack Hallenbeck, & silent$ky]",,4:09,,"May 4, 2026",Full,CD Quality,https://pillows.su/f/7b8c1fa208170cdba718b6085b10b3e4
WITHERED,"Atomic Land [V3]
[prod. Scott James, Jack Hallenbeck, & silent$ky]","OG Filename: atomiclanddemodemodemo.wav
A demo version of ""Atomic Land"". Leaked on April 30th, 2026.",4:07,,"Apr 30, 2026",OG File,Lossless,https://pillows.su/f/fd1b55991bf37b1f9870ad152791cf2a
WITHERED,"Atomic Land [V4]
[prod. Scott James, Jack Hallenbeck, & silent$ky]","A demo version of ""Atomic Land"". Leaked on April 26th, 2026.",4:07,,"Apr 26, 2026",Full,High Quality,https://pillows.su/f/29c7c9829120a6e7922ecff18bbe313a
WITHERED,"Atomic Land [V5]
[prod. Scott James, Jack Hallenbeck, & silent$ky]","A demo version of ""Atomic Land"". Leaked on April 30th, 2026.",4:07,,"Apr 30, 2026",Full,Lossless,https://pillows.su/f/47c73b3707bc509b5cc2d488227afa64
WITHERED,"Atomic Land [V6]
[prod. Scott James, Jack Hallenbeck, & silent$ky]",,,,,,,https://pillows.su/f/b0640f67a61c499eb982da39d1ee7a43
WITHERED,"Crashing [V2]
[prod. VELVET]","OG Filename: CRASHING _OPEN V .m4a
Very early demo of Crashing recorded on December 2nd, 2024. Has a different intro and an open verse for Kali Uchis. Leaked in a mass leak flood on May 4th, 2026.",3:58,,"May 4, 2026",OG File,CD Quality,https://pillows.su/f/980fe8cf99dc0486cf30d1ae0775a692
WITHERED,"Crashing [V?]
(feat. Kali Uchis) [prod. Tyler Spry & VELVET]",OG Filename: D4VD - CRASHING FT. KALI _rkMIX 20.wav,,,"May 4, 2026",,,https://pillows.su/f/6d575f4da3808c6949fd5db86b7a62b2
WITHERED,"✨ Crashing [Final]
(feat. Kali Uchis) [prod. Tyler Spry & VELVET]","OG Filename: d4vd x Kali Uchis - Crashing _final 2.16.25 - Tyler.wav
Finished version of Crashing with a verse from Kali Uchis. Was track 7 on WITHERED before being removed by Kali's team due to the ongoing investigation. OG File surfaced through LCX on September 18th, 2025.",3:08,,"Sep 18, 2025",OG File,Lossless,https://pillows.su/f/e71ce1221b43872e2dd0b8f9ae0a2e29
WITHERED,"Crashing [Dolby Atmos]
(feat. Kali Uchis) [prod. Tyler Spry & VELVET]","OG Filename: D4VD_CRASHING_ATMOS_RKEH_FOA 1 - REVISED.wav
Dolby Atmos file for Crashing.",,,"May 4, 2026",,,https://imgur.gg/f/Tig0yXq
WITHERED,⭐️ Friend Again [V1],"OG Filename: frend-again-3.7-new-mix.m4a
Original mix of Friend Again with a more intense and elaborate instrumental. Leaked on March 8th, 2026. OG file later leaked on May 4th, 2026. File dates back to March 25th, 2024, at 1:13 PM.",3:49,,"May 4, 2026",OG File,CD Quality,https://pillows.su/f/29d0675fa190b3940eddbc7e09448686
WITHERED,Friend Again [V2],"OG Filename: FREND AGAIN LATEST.m4a
Second version with an entirely new instrumental. Leaked on May 4th, 2026. File dates back to November 26th, 2024, at 3:02 PM.",3:50,,"May 4, 2026",OG File,CD Quality,https://pillows.su/f/d8243671fc1bf43a9111e6c138947562
WITHERED,Friend Again [V3],"OG Filename: friend again [ROUGH] NOV26 [sped up].m4a
Third version with another new instrumental, closer to the released version. Leaked on May 4th, 2026. File dates back to November 26th, 2024, at 4:51 PM.",3:42,,"May 4, 2026",OG File,CD Quality,https://pillows.su/f/570107a48ed7b0bc088dc3616b9052c3
WITHERED,Friend Again [V4],"OG Filename: 5. FRIEND AGAIN.m4a
File dates back to December 17th, 2024, at 11:48 AM. This version was originally planned to release, until it was swapped out for the final version.",3:24,,"May 4, 2026",OG File,CD Quality,https://pillows.su/f/76e0b873240b1d035f7eadb4e15fef80
WITHERED,"Ghost [Unmixed, unmastered]",,,,,,,https://pillows.su/f/d4f5291fcff97214a2842cdc6f1dc616
WITHERED,"Invisible String Theory [Unmixed, unmastered]
[prod. Scott James, Jack Hallenbeck & silent$ky]",,,,"May 4, 2026",,,https://pillows.su/f/076b336b7389cd507fe8a409b305697d
WITHERED,"Is This Really Love? [V1]
[prod. Tyler Spry & Ryan Tedder]","OG Filename: is this really love _demodemodemo - Scott.m4a
Demo version of ""Is This Really Love?""",3:13,,"Apr 20, 2026",OG File,HIgh Quality,https://pillows.su/f/09136f5661ae6fe635593033634cd393
WITHERED,"Is This Really Love? [V2]
[prod. Tyler Spry & Ryan Tedder]","OG Filename: isthisreallylove_cmaj174bpm_spry.wav
Demo version of ""Is This Really Love?""",3:26,,"Apr 30, 2026",OG File,Lossless,https://pillows.su/f/4f842e927ce3ed768f28eec4d73d3842
WITHERED,"Is This Really Love? [V3]
[prod. Tyler Spry & Ryan Tedder]",,,,"May 4, 2026",,,https://pillows.su/f/fdc427e2dacfdc8574374e9501606ece
WITHERED,"Is This Really Love? [V4]
[prod. Tyler Spry & Ryan Tedder]","OG Filename : 12.27.24_ITRL.wav
Demo version of ""Is This Really Love?"" bounced on December 27th, 2024. Has a slower tempo and minor production differences. Leaked on April 10th, 2025",3:26,,"Apr 10, 2025",OG File,Lossless,https://pillows.su/f/d5aa4d8ef05abcbc9acae8ca76ac20a9
WITHERED,"Is This Really Love? [COLORS SHOW]
[prod. Tyler Spry & Ryan Tedder]",,,,"May 4, 2026",,,https://pillows.su/f/c56f04848f3690e21ee6b8b26a1c0e4c
WITHERED,"Leave Her [V2]
[prod. Hayden Wells, Scott James, James Hellenback, & silent$ky]","OG Filename: le4veher_d4vd_SJ_LW_JH_1.8.24_V2.m4a
Second known version of Leave Her. Leaked in a mass leak flood on September 17th, 2025.",2:43,,"Sep 17, 2025",OG File,CD Quality,https://pillows.su/f/de56512401a5d9c9027ea38871e90c42
WITHERED,"Leave Her [V3]
[prod. Hayden Wells, Scott James, James Hellenback, & silent$ky]","OG Filename: [Unmixed, Unmastered] _Leave Her_ (v3 6.84).m4a
",2:47,,"May 4, 2026",OG File,CD Quality,https://pillows.su/f/7b86027ee78c8f3f291d4fdaeac2ef67
WITHERED,"Leave Her [Final]
[prod. Hayden Wells, Scott James, James Hellenback, & silent$ky]",,,,,,,
WITHERED,"My House Is Not My Home [V2]
(I Hate Her, My House Is Not A Home)",Version of My House Is Not A Home with differences in the instrumental and mixing.,4:11,,"May 4, 2026",Full,CD Quality,https://pillows.su/f/96729e60b78462a2d17256fe30c39c7e
WITHERED,"My House Is Not My Home [V3]
(I Hate Her, My House Is Not A Home)",Version of My House Is Not A Home posted to d4vd's burner SoundCloud account but later deleted. Has differences in production and worse mixing.,4:04,,"Feb 14, 2024",Full,Low Quality,https://pillows.su/f/266def6a57f8e697cb92f14effd29a19
WITHERED,"One More Dance [V1]
[prod. Ryan Tedder]","OG Filename: one more dance _extremely ruff - Tedder.m4a
Very early demo of One More Dance recorded on Christmas Eve 2023. Missing the outro vocals. Leaked in a mass leak flood on May 4th, 2026.",3:08,,"May 4, 2026",OG File,CD Quality,https://pillows.su/f/3322a8665bdf57d38301b3d3c4de0289
WITHERED,"One More Dance [V2]
[prod. Ryan Tedder]",,,,,,,https://pillows.su/f/1b76c577ffa0f6ad1abfedbd9965c117
WITHERED,"One More Dance [Unmixed, unmastered]
[prod. Ryan Tedder]",,,,,,,https://pillows.su/f/c0cd8ac26eeca81ea801e4bbd0a2c18c
WITHERED,"Remember Me [V2]
[prod. Gray Toomey, Noah Ehler, & Alex Seaver]","OG Filename: d4vd remember me v2.m4a
Second known version of Remember Me. Earliest known verison without the intro attatched. Leaked in a mass leak flood on September 17th, 2025.",2:44,,"Sep 17, 2025",OG File,CD Quality,https://pillows.su/f/442d7d98a42f209684c1ca40d2ac3406
WITHERED,⭐️ Remember Me [V3],"OG Filename: D4VD-REMEMBER ME 3.7 NEW DEMO.m4a
Third version of Remember Me with a completely different instrumental. Leaked in a mass leak flood on May 4th, 2026.",,,,,,
WITHERED,Remember Me [V4],Finished version of Remember Me. Recorded for the Arcane: League Of Legends soundtrack before later being pulled off streaming.,,,"Nov 15, 2024",,,
WITHERED,"Remember Me (Intro) [V2]
(We're All Creatures)",,,,"Nov 15, 2024",,,
WITHERED,Remember Me (Intro) / Remember Me [Scene Version],"OG Filename: Arcane x d4vd (remember me).m4a
The version of Remember Me used in Arcane. Recorded on December 29th, 2023. This version has the intro attached. Leaked in a mass leak flood on May 4th, 2026.",2:49,,"May 4, 2026",OG File,CD Quality,https://pillows.su/f/318985b567a6424af4409cd1804cd911
WITHERED,Remember Me (Intro) / Remember Me [Final],,,,,,,https://pillows.su/f/453ed3bdce6385466218ba0b5c3c001a
WITHERED,Remember Me (Intro) / Remember Me [Dolby Atmos],,,,,,,
WITHERED,"Say It Back [Unmixed, unmastered]
[prod. Scott James, Jack Hallenbeck, silent$ky & Tyler Spry]",,,,,,,https://pillows.su/f/97da4c52fbd65cd3c460780f36c53f7c
WITHERED,"Somewhere In The Middle [V1]
[prod. Scott James, Jack Hallenbeck & silent$ky]",,,,,,,https://pillows.su/f/bc46209de369254fd1e224041459857b
WITHERED,"Somewhere In The Middle [Unmixed, unmastered]
[prod. Scott James, Jack Hallenbeck & silent$ky]",,,,,,,https://pillows.su/f/20a21e0321bd30eb69312746a89cbe33
WITHERED,"Sky [V1]
[prod. Scott James, Jack Hallenbeck, & silent$ky]","A demo version of ""Sky"". Leaked on April 30th, 2026.",3:40,,"Apr 30, 2026",Full,Lossless,https://pillows.su/f/f4289d5d26324f7342c0ead4b5c7bdc0
WITHERED,"Sky [Unmixed, unmastered]
[prod. Scott James, Jack Hallenbeck, & silent$ky]",,,,,,,https://pillows.su/f/40ee59817efbc5efff62a96db625b445
WITHERED,"✨ There Goes My Baby [V1]
[prod. Gray Toomey & Ben10K]","OG Filename: THERE GOES MY BABY INTERLUDE 6.64 V1.m4a
Demo of There Goes My Baby with no drums recorded on May 14th, 2024. Previously previewed by d4vd before it was eventually reworked. Leaked on May 1st, 2026.",3:28,,"May 1, 2026",OG File,CD Quality,https://pillows.su/f/5370f6ef083c4a5acb445dbbde77b736
WITHERED,"There Goes My Baby [Final]
[prod. Gray Toomey & Ben10K]",,,,,,,https://pillows.su/f/50dc02ab9d228af23444d2df8b5a8391
WITHERED,"Unrequited [V1]
[prod. VELVET]","Demo version of Unrequited. Leaked on April 30th, 2026",3:02,,"Apr 30, 2026",Full,Lossless,https://pillows.su/f/c3eed5bdd13f3a5286f7828e097bc87e
WITHERED,"Unrequited [Final]
[prod. VELVET]",wd,,,,,,https://pillows.su/f/9a356dc70c1e931c695eac1293eeb68a
WITHERED,"Where Did You Go? [V1]
[prod. Mike Zara & Noah Ehler]",,,,,,,https://pillows.su/f/31bbdc29ff71ed29da5849f6b2409514
WITHERED,"Where Did You Go? [V2]
[prod. Mike Zara & Noah Ehler]","Recorded on October 12th, 2023.",,,,,,https://pillows.su/f/e0ace32b3013a7683571339c15e044dd
WITHERED,"Where Did You Go? [V3]
[prod. Mike Zara & Noah Ehler]",,2:52,,"Apr 30, 2026",Full,Lossless,https://pillows.su/f/cd72ef822ed9b707a30dd774f0f3dd80
WITHERED,"Where Did You Go? [Final]
[prod. Mike Zara & Noah Ehler]",,,,,,,https://pillows.su/f/16b196406179c4f64a979c04883dfb7a
WITHERED,"Where'd It Go Wrong? [V1]
[prod. VELVET & Tyler Spry]",,4:23,,"May 4, 2026",OG File,CD Quality,https://pillows.su/f/4b30ed6909b498bc39592d6a04ddcfe8
WITHERED,"What Are You Waiting For [V1]
[prod. Tyler Spry]","Scrapped version/demo of ""What Are You Waiting For"". Leaked on April 30th, 2026.",2:33,,"Apr 30, 2026",Full,Lossless,https://pillows.su/f/70f42718e5f99d554bfc83aed54698e2
WITHERED,"What Are You Waiting For [Unmixed, unmastered]
[prod. Tyler Spry]",,,,,,,https://pillows.su/f/e4183ba1de1b395c943e011464011676
WITHERED,"You Left Me First [V2]
[prod. Tyler Spry & Harry Charles]","OG Filename: you left me first.m4a
Demo of You Left Me First recorded on November 10th, 2024. Leaked on March 22nd, 2026.",2:58,,"Mar 22, 2026",OG File,CD Quality,https://pillows.su/f/7b0d55702fe519ed33dfeb1a4ca1eb39
WITHERED,"Bryant Barnes - I'd Rather Pretend [Final]
(feat. d4vd)",,,,,,,https://pillows.su/f/1df336cbf9543b0f23bc96a4da5295b4
WITHERED,"Braid My Hair
(feat. Montell Fish)",,0:19,,"May 6, 2026",Snippet,High Quality,https://imgur.gg/f/CDJkwHn
WITHERED,"California Love
(feat. Montell Fish)",,"0:15
0:14",,"May 6, 2026",Snippet,High Quality,"1. https://imgur.gg/f/lcyhH8X 
2. https://imgur.gg/f/KrCIS64"
WITHERED,"Can't Keep Loving You
(Let Go)",Apparently recorded in 2024.,0:10,,,Snippet,High Quality,https://imgur.gg/f/fzVJgGo
WITHERED,"⚠️ Celeste [V1]
[prod. Scott James]","Snippet of a demo version of ""Celeste"" with different lyrics. Previewed by d4vd in a private call the day it was made. Clip resurfaced on June 7th, 2026. 
Not 100% on the validity of this so bear with me if its fake.",0:19,,"June 7, 2026",Snippet,Recording,https://pillows.su/f/c6a2991eeb5f54ed60a08ddb7e2f8135
WITHERED,Crashing [V1],Solo/OG version of Crashing.,0:20,,"May 6, 2026",Snippet,High Quality,https://imgur.gg/f/jMjeFXi
WITHERED,🏆 Cross My Heart,OG Filename: cross my heart n g d,0:37,,,Snippet,High Quality,https://imgur.gg/f/7QlLYWB
WITHERED,"🏆 Forever
[prod. Peril]",Song previewed by d4vd via Twitch stream.,"2:12
0:10",,,Partial,Various,"1. https://imgur.gg/f/tO9KnS1
2. https://imgur.gg/f/EQUCYJi"
WITHERED,Giving Me Hell,Recorded in June of 2024.,0:16,,"Apr 22, 2026",Snippet,High Quality,https://imgur.gg/f/uI7tqet
WITHERED,If You Love Me,"Song previewed by d4vd via Twitch stream. Higher quality snippet leaked on May 4th, 2026. Another snippet later leaked on May 30th, 2026.","2:42
0:18
0:09",,"May 30, 2026",Partial,High Quality,"1. https://imgur.gg/f/LRNeRq2 
2. https://imgur.gg/f/WuQcwh1
3. https://imgur.gg/f/S1S1Ghd"
WITHERED,"If I Loved You [V1]
(feat. Bryant Barnes)",,,,,,,
WITHERED,I Don't Feel So Good,"Snippet leaked on April 22nd, 2026. Recorded in October of 2024.",0:09,,"Apr 22, 2026",Snippet,High Quality,https://imgur.gg/f/YKQVPfm 
WITHERED,"Leave Her [V1]
[prod. Scott James & James Hellenback]","Live version of Leave Her. Exact date of performance is unknown, but it is pre-release.",2:49,,"Jan 28, 2024",Partial,Performance,https://pillows.su/f/faea32cddac550008314dff07a3d6239
WITHERED,Lie To Me [V2],Previewed on one of d4vd's Twitch streams.,,,,Partial,High Quality,https://pillows.su/f/8a68a4b6bd25541a3ae168cb2a5583c8
WITHERED,"More Than Anybody
(feat. Rich Brian)
(Anybody, Don't Leave Me)",,"1:57
2:06",,,Partial,Recording,"1. https://pillows.su/f/71db9d2032187ed0f974849ef96bfc8f
2. https://imgur.gg/f/nnvIQdN"
WITHERED,Meant To Be,Song previewed by d4vd via Twitch stream.,2:17,,,Partial,Recording,https://imgur.gg/f/c3Tzz7p
WITHERED,"🏆 Nomad [V3]
[prod. Rob Bisel & Sammy Witte]",Latest version of Nomad worked on in 2024. Has different vocal takes with a new outro. Previewed by d4vd via Twitch stream.,2:14,,"Feb 15, 2025",Partial,Recording,https://pillows.su/f/26368b1dd8045c5a396ac5f1d2fc1174 
WITHERED,One More Dance [V2],Demo version of One More Dance played on JasonTheWeen's stream.,"0:33
1:27",,"Sep 1, 2024",Partial,Low Quality,"1. https://pixeldrain.com/u/F5TaU5P2
2. https://pillows.su/f/ba7907119a4904086adba6bcc5aea5b7"
WITHERED,Preachers Son,"Snippet leaked on January 2nd, 2026",0:22,,"Jan 2, 2026",Snippet,High Quality,https://pillows.su/f/79fc01780c2ce33b13c62e3b1b2a3da3
WITHERED,Somewhere In The Middle [V1],"Early version of ""Somewhere In The Middle"" played on Instagram live on August 23rd, 2024.",1:28,,"Aug 23, 2024",Partial,Recording,LINK NEEDED
WITHERED,"So Long/ Goodbye [V1]
[prod. VELVET]","Demo version of So Long / Goodbye previewed by d4vd via stream on January 27th, 2025. Unknown if theres any differences.",1:37,,"Jan 27, 2025",Partial,Recording,https://imgur.gg/f/XtKEnMf
WITHERED,Stiizy Queen,"OG Filename: STIIZY QUEEN.m4a
Rap song previewed by d4vd via Twitch stream on January 12th, 2025. Known to be 2:51 in length.",0:42,,"Jan 12, 2025",Snippet,Recording,"1. LINK NEEDED
2. https://imgur.gg/f/bJBu0Ag"
WITHERED,"Thousand Different Things [V1]
(Let Me Love You)",Demo version of the song previewed by d4vd via Twitch stream.,2:20,,2024,Partial,Recording,https://pillows.su/f/f44da638f9bd5e12d1f2704dfd1171e8
WITHERED,"🏆 Thousand Different Things [V2]
(Let Me Love You)","Final version of Thousand Different Things. 2 snippets leaked on May 20th, 2026.","0:18
0:07",,"May 20, 2026",Snippet,Various,"1. https://imgur.gg/f/2oOCytM
2. https://imgur.gg/f/1QiGSuc"
WITHERED,"WYA [V2]
(feat. ericdoa) [prod. Zetra, pluko, & glasear]
(Where You Are)",,,,,Partial,Recording,https://pillows.su/f/22eede6a7f49ec7918d4eac8d605c3c3
WITHERED,You Left Me First [V1],"Demo of ""You Left Me First"" with a different verse.",0:20,,"Apr 22, 2026",Snippet,High Quality,https://imgur.gg/f/dTAScl6
WITHERED,"🏆 ???
(feat. Dominic Fike)
(All I Can Think About)",Song with Dominic Fike that was previewed by d4vd via now deleted TikTok.,0:20,,"Jun 15, 2024",Snippet,Recording,https://imgur.gg/f/uYjsuOE
WITHERED,"???
[prod. Frankie Scoca]
(Move On With Your Life)","Song recorded during WITHERED sessions. Snippet leaked as a bonus for a groupbuy on March 7th, 2026",0:14,,"Mar 7, 2026",Snippet,High Quality,https://imgur.gg/f/uwBKyz8
WITHERED,"???
(Treat Me Like This, Never Knew)",Mumble demo of a song recorded directly off d4vd's phone. Previewed on a Twitch stream by d4vd.,1:00,,,Snippet,Recording,https://pillows.su/f/328c388e187df24bec6de27fc0a1b6b6
WITHERED,"Bryant Barnes - Is This Love To You [V1]
(feat. d4vd)","Demo version of Bryant Barnes' ""Is This Love To You"" with a verse from d4vd. Snippet leaked on April 20th, 2026.",0:14,,"Apr 20, 2026",Snippet,High Quality,https://imgur.gg/f/dIQQUAU
WITHERED,"ericdoa - a lantern to a montague [V1]
(feat. d4vd & bixby) [prod. Zetra, pluko, & glasear]","Demo of ""a lantern to a montague"" recorded during ""why suffer for us?"" sessions. Has a second verse from d4vd.",3:45,,"Aug 5, 2024",Full,Recording,https://pillows.su/f/2e78f01515aff1c886cf0e248cd26ade
WITHERED,"🏆 ericdoa - a lantern to a montague [V3]
(feat. d4vd & bixby) [prod. Zetra, pluko, & glasear]","Finished and mixed version of ""a lantern to a montague"". Snippet previewed by Zetra via now deleted TikTok.",0:26,,"Oct 16, 2024",Snippet,High Quality,https://pillows.su/f/7bf8efea2009530a3c4392aec60d05f1
WITHERED,"glaive - throw it up [V?]
(feat. d4vd) [prod. thr6x & glaive]",glaive version of throw it up with a d4vd feature. Contains the thr6x reprod rather than the previous and later versions of the song. The verse was later cut because glaive and ericdoa thought d4vd's verse didn't fit the song at all.,0:46,,"Aug 4, 2024",Snippet,Recording,https://pillows.su/f/9cc58bb6a22df50b859a5015fbde84b2
WITHERED,"Quadeca - ???
(feat. d4vd)
(Showdown)",Session recording of d4vd and Quadeca recording music for his album. Previewed by d4vd via Instagram story.,0:13,,,Snippet,Recording,https://imgur.gg/f/sTqh5TB
WITHERED,Ceiling [V1],Demo version of Ceiling known to exist.,,,,Confirmed,Not Available,
WITHERED,Camille Freestyle,"OG Filename: CAMILLE FREESTYLE.m4a
Song seen in a screenshot of d4vd's BandLab projects. Recorded on January 19th, 2025.",,,,Confirmed,Not Available,who tf is camille
WITHERED,CGAROTY,"OG Filename: cgaroty.m4a
Song seen in a screenshot of d4vd's BandLab projects. Recorded on January 10th, 2025.",,,,Confirmed,Not Available,
WITHERED,"Cross My Heart [V?]
(feat. Conan Grey)",,,,,,,
WITHERED,Fragile,"OG Filename: fragile edits.m4a
Song seen in a screenshot of d4vd's BandLab projects. Recorded on January 24th, 2025.",,,,Confirmed,Not Available,
WITHERED,Hannah Montana,"OG Filename: Hannah Montana.m4a
Song seen in a screenshot of d4vd's BandLab projects. Recorded on January 10th, 2025.",,,,Confirmed,Not Available,
WITHERED,Hello God,"OG Filename: HELLO GOD.m4a
Song seen in a screenshot of d4vd's BandLab projects. Recorded on January 13th, 2025.",,,,Confirmed,Not Available,
WITHERED,I Love You More And More,"OG Filename: i love u more and more.m4a
Song seen in a screenshot of d4vd's BandLab projects. Recorded on February 1st, 2025.",,,,Confirmed,Not Available,
WITHERED,Isn't Love,"OG Filename: ISNT LOVE.m4a
Song seen in a screenshot of d4vd's BandLab projects. Recorded on February 10th, 2025.",,,,Confirmed,Not Available,
WITHERED,Lil Beep Boop,"OG Filename: LIL BEEP BOOP.m4a
Song seen in a screenshot of d4vd's BandLab projects. Recorded on January 12th, 2025.",,,,Confirmed,Not Available,
WITHERED,Leave,"OG Filename: leave.m4a
Song seen in a screenshot of d4vd's BandLab projects. Recorded on January 13th, 2025.",,,,Confirmed,Not Available,
WITHERED,"Mannequin [V2]
[prod. VELVET]","OG Filename: maniquinn.m4a
2025 version of Mannequin seen in a screenshot of d4vd's BandLab projects. Recorded on February 6th, 2025.",,,,Confirmed,Not Available,
WITHERED,Money Clothes Drugs,"OG Filename: CLOTHES MONEY DRUGS.m4a
Song seen in a screenshot of d4vd's BandLab projects. Recorded on January 11th, 2025.",,,,Confirmed,Not Available,
WITHERED,"November Without You [V1]
(What Are You Waiting For)","In a screen recording of the BandLab session for ""What Are You Waiting For"" posted to TikTok by d4vd, you can see the instrumental track was originally called 'November Without You""",,,,Confirmed,Not Available,
WITHERED,One More Dance [V?],"OG Filename: omd ruff asf live test.m4a
Demo of One More Dance seen in a screenshot of d4vd's BandLab projects. Recorded on January 18th, 2025.",,,,Confirmed,Not Available,
WITHERED,Praying,"OG Filename: PRAYIN.m4a
Song seen in a screenshot of d4vd's BandLab projects. Recorded on January 25th, 2025.",,,,Confirmed,Not Available,
WITHERED,"Pretty Gurl [V1]
(Hello Kitty Shirt)","OG Filename: Pretty Gurl.m4a
Demo version of ""Hello Kitty Shirt"" with unknown differences. Seen in a screenshot of d4vd's BandLab projects.",,,,Confirmed,Not Available,
WITHERED,RBD,"OG Filename: rbd.m4a
Song seen in a screenshot of d4vd's BandLab projects. Recorded on February 9th, 2025.",,,,Confirmed,Not Available,
WITHERED,Serious,"OG Filename: serious.m4a
Song seen in a screenshot of d4vd's BandLab projects. Recorded on February 2nd, 2025.",,,,Confirmed,Not Available,
WITHERED,TRN,"OG Filename: trn.m4a
Song seen in a screenshot of d4vd's BandLab projects. Recorded on February 5th, 2025.",,,,Confirmed,Not Available,
WITHERED,Up To My Knees,"OG Filename: UP TO MY KNEES.m4a
Song seen in a screenshot of d4vd's BandLab projects. Recorded on January 25th, 2025.",,,,Confirmed,Not Available,
WITHERED,Triple B,"OG Filename: TRIPPLE B.m4a
Song seen in a screenshot of d4vd's BandLab projects. Recorded on January 12th, 2025.",,,,Confirmed,Not Available,
WITHERED,What A Vibe,"OG Filename: WHAT A VIBE.m4a
Song seen in a screenshot of d4vd's BandLab projects. Recorded on January 11th, 2025.",,,,Confirmed,Not Available,
WITHERED,"Where'd It Go Wrong? [V3]
(feat. asuza)","OG Filename: wigw ft asuza.m4a
Remix of Where'd It Go Wrong? with a feature from an artist named ""asuza."" Seen in a screenshot of d4vd's BandLab projects.",,,,Confirmed,Not Available,
WITHERED,???,"OG Filename: Untitled Jan 9, 2025 9:41PM.m4a
Song seen in a screenshot of d4vd's BandLab projects. Recorded on January 9th, 2025.",,,,Confirmed,Not Available,
WITHERED,???,"OG Filename: Untitled Feb 7, 2025 11:28PM.m4a
Song seen in a screenshot of d4vd's BandLab projects. Recorded on February 7th, 2025.",,,,Confirmed,Not Available,
WITHERED,"???
(feat. asuza)","OG Filename: asunza.m4a
Song seen in a screenshot of d4vd's BandLab projects. Has a feature from asuza. Recorded on Christmas Day 2024.",,,,Confirmed,Not Available,
WITHERED,[2x Quadeca Collaborations],d4vd is known to have 2 other collabs with Quadeca,,,,Confirmed,Not Available,
WITHERED,[Unknown Dominic Fike Collaborations],d4vd confirmed on JasonTheWeen's stream in September of 2024 that he has songs with Dominic Fike.,,,,Confirmed,Not Available,
WITHERED,[Unknown Kali Uchis Collaborations],d4vd confirmed that he has more songs with Kali Uchis in a YouTube video.,,,,Confirmed,Not Available,
WITHERED,🏆 [Unknown Steve Lacy Collaborations],d4vd confirmed on JasonTheWeen's stream in September of 2024 that he has songs with Steve Lacy.,,,,Confirmed,Not Available,
WITHERED,[Unknown Teezo Touchdown Collaborations],"In an old, now deleted photo posted by d4vd to TikTok, d4vd and Teezo Touchdown can be seen in the studio together. Unknown if anything actually came from these sessions.",,,,Rumored,Not Available,
"20 OG File
51 Full
0 Tagged
6 Partial
10 Snippets
12 Unavailable",WITHERED Deluxe: Marcescence,"(4/25/2025) ""WITHERED"" is released.
(8/3/2025) A sister album to WITHERED with 14 tracks on it is teased by d4vd.
(9/7/2025) ""WITHERED Deluxe: Marcescence"" is announced.
(9/8/2025) The deceased body of missing teen girl Celeste Rivas Hernandez is found in the front trunk of a Tesla registered to d4vd.

After d4vd dropped his debut album WITHERED, he started teasing the idea of a sister album as an extension of WITHERED, originally set to be titled 'Decay."" On July 2nd 2025, d4vd said he recorded 10 songs in Paris and that he was ready to turn in his album. On September 7th, 2025, the title of the upcoming album was revealed to be called ""WITHERED Deluxe: Marcescence"" and was set to drop on September 19th, 2025.",,,,,,
WITHERED Deluxe: Marcescence,"✨ 11PM [V3]
[prod. grayskies]
(11:00 PM)","Finished version of 11PM with a fully re-recorded vocal track. Track 9 on WITHERED Deluxe: Marcescence. Leaked on March 10th, 2026.",2:55,,"Mar 10, 2026",Full,Lossless,https://pillows.su/f/fd544656b1846e07e6c205009566c662
WITHERED Deluxe: Marcescence,"Affirmation [V2]
[prod. Dan Darmawan]",A demo of Affirmation. Has a slightly longer intro.,2:52,,"May 4, 2026",Full,Lossless,https://pillows.su/f/53fb1d2a16fb7368c76850726d565829
WITHERED Deluxe: Marcescence,"⭐️ Affirmation [V3]
[prod. Dan Darmawan]","Marcescence version of Affirmation. Track 12 on WITHERED Deluxe: Marcescence. Leaked on March 10th, 2026",2:50,,"Mar 10, 2026",Full,Lossless,https://pillows.su/f/a15089586de909509d6c6a83955563cb
WITHERED Deluxe: Marcescence,"Best Friend [V2]
[prod. maztypebeat]","OG Filename: D4VD BEST FRIEND OPEN.m4a
Solo version of Best Friend with an open verse for RealestK. Leaked as a bonus for a groupbuy on April 14th, 2026.",2:11,,"Apr 14, 2026",OG File,CD Quality,https://pillows.su/f/71bd01b9fcb1c8dcfead30742183b492
WITHERED Deluxe: Marcescence,"Best Friend [V3]
(feat. RealestK) [prod. maztypebeat]","Finished version of Best Friend. Track 6 on WITHERED Deluxe: Marcescence. First performed at one of d4vd's tour stops on his WITHERED world tour. Leaked on March 10th, 2025.",1:57,,"Mar 10, 2026",Full,Lossless,https://pillows.su/f/19667e6d5545c00dc9c295c0ae20806c
WITHERED Deluxe: Marcescence,Bubblegum [V1],OG Filename: Bubblegum demo.mp3,2:10,,"May 2, 2026",Full,CD Quality,https://pillows.su/f/c3d2d8d2620bac46771c89a6cc133622
WITHERED Deluxe: Marcescence,Bubblegum [V2],OG Filename: Bubblegum inprog 4.mp3,2:13,,"May 2, 2026",Full,CD Quality,https://pillows.su/f/3ac2dd97c4f89bbb981f6bfe8d9e16d9
WITHERED Deluxe: Marcescence,Bubblegum [V3],"OG Filename: bubblegum may 15.2.mp3
Recorded May 15th, 2025.",2:35,,"May 2, 2026",Full,CD Quality,https://pillows.su/f/b37b42c84db7b08c1b639fe435d91a1b
WITHERED Deluxe: Marcescence,"Caffeine [V1]
[prod. Ralph Castelli]","OG Filename: caffeine-v2.4.mp3
Version of Caffeine with different lyrics and some slight mixing differences. Outro is sung by d4vd.",2:45,,"May 4, 2026",OG File,CD Quality,https://pillows.su/f/38a1dff7740014ff8a7e28c528bc8d1d
WITHERED Deluxe: Marcescence,"Caffeine [V2]
(feat. ???) [prod. Ralph Castelli]","OG Filename: Caffeine_CastelliMix6.wav
Song recorded some time during this era. Leaked on May 1st, 2026.",2:47,,"May 1, 2026",OG File,Lossless,https://pillows.su/f/b36a4adab15af7bc4f144e7392c28a8f
WITHERED Deluxe: Marcescence,Dianne,Recorded in April of 2025.,1:42,,"May 3, 2026",Full,Lossless,https://pillows.su/f/33e012f4b688ef52eaafb62fb71b6e14
WITHERED Deluxe: Marcescence,⭐️ Don't Leave Me In The Storm,"OG Filename: DON'T LEAVE ME IN THE STORM V1.1.wav
One of the many songs recorded for Fortnite to be used as jam tracks. Leaked after a successful groupbuy on February 2nd, 2025.",2:10,,"Feb 2, 2026",OG File,Lossless,https://pillows.su/f/47c5229db0142649b51410bb3109fa91
WITHERED Deluxe: Marcescence,DAVID (freestyle),"Song posted to d4vd's burner SoundCloud account on August 1st, 2025",1:18,,"Aug 1, 2025",Full,High Quality,https://pixeldrain.com/u/2mMWgcqA
WITHERED Deluxe: Marcescence,"Favorite
[prod. Salad Party]","Track 1 on WITHERED Deluxe: Marcescence. Uploaded to d4vd's burner Instagram with a music video attached on August 13th, 2025. Lossless file leaked on March 10th, 2026.",2:48,,"Mar 10, 2026",Full,Lossless,https://pillows.su/f/e19199d474c500d4a5d0061e29f68a90 
WITHERED Deluxe: Marcescence,"Frontline [V1]
[prod. Salad Party]",A version of Frontline with a longer intro. Instrumental ripped straight from YouTube (Which is why there's silence at the start).,2:07,,"May 4, 2026",Full,Lossless,https://pillows.su/f/45cb948f790f0505a924b50fabbf2e5e
WITHERED Deluxe: Marcescence,"Frontline [V2]
[prod. Salad Party]","Track 15 on WITHERED Deluxe: Marcescence. First previewed by d4vd via Instagram story. Leaked on March 10th, 2026.",2:03,,"Mar 10, 2026",Full,Lossless,https://pillows.su/f/12fb757ea53e16ddf1a5982473d87189
WITHERED Deluxe: Marcescence,"Floating [V1]
[prod. Ralph Castelli]",Demo of Floating. Very noticable mixing differences.,2:41,,"May 4, 2026",Full,Lossless,https://pillows.su/f/5e33f101e9fc3222aec84d61826d5a79
WITHERED Deluxe: Marcescence,"✨ Floating [V2]
[prod. Ralph Castelli]","OG Filename: Floating_CastelliMix3.wav
Planned to be track 16 off a bonus version of WITHERED Deluxe: Marcescence. Snippet leaked on April 14th, 2026. Leaked in a mass leak flood on April 20th, 2026.",2:40,,"Apr 20, 2026",OG File,Lossless,https://pillows.su/f/a96a01dbb33e5c10bf4b789f243df38a
WITHERED Deluxe: Marcescence,Friends,"Song posted to d4vd's burner SoundCloud account on August 15th, 2025.",3:03,,"Aug 15, 2025",Full,High Quality,https://pixeldrain.com/u/AMzdRjxT
WITHERED Deluxe: Marcescence,"Like Glue [V2]
(feat. Julia Wolf) [prod. grayskies]
(Glue)","OG Filename: LIKE GLUE FT. JULIA WOLF (PROD. GRAYSKIES).m4a
A version of Glue with very different mixing. Extra backing vocals can be heard. File date is July 16th, 2025 at 2:14 PM.",3:07,,"May 4, 2026",Full,CD Quality,https://pillows.su/f/2e3136ef283eb920f8433a6ef5719f2e
WITHERED Deluxe: Marcescence,"⭐️ Glue [V3]
(feat. Julia Wolf) [prod. grayskies]
(Like Glue)","Track 14 on WITHERED Deluxe: Marcescence. Has a feature from Julia Wolf. Snippet leaked on February 11th, 2026. Was allegedly submittedfor release, until David Burke was arrested on May 20th, 2026. Leaked on March 10th, 2026.",3:01,,"Mar 10, 2026",Full,Lossless,https://pillows.su/f/a712ad2d5d644cc0dbefc6ca0635ce5a
WITHERED Deluxe: Marcescence,Home                                                                                                                                                                                                                                                                                                                                                                                                                                                                                                                                                                               ,"Song posted to d4vd's burner SoundCloud account on August 15th, 2025.",2:40,,"Aug 15, 2025",Full,High Quality,https://pixeldrain.com/u/UNnztRzz
WITHERED Deluxe: Marcescence,⭐️ How I See You,"Scrapped song that didn't make the final tracklist. Snippet leaked on February 13th, 2026. Leaked in full on February 27th, 2026 as a bonus for a successful groupbuy. Fake OG file (lossless file) leaked during a mass leak flood on April 20th, 2026.",3:19,,"Feb 27, 2026",Full,Lossless,https://pillows.su/f/b4492677823d03ef62df2056284dcda2
WITHERED Deluxe: Marcescence,"How Do You Sleep? [V1]
[prod. Henry Kwapis]","OG Filename: HOW DO YOU SLEEP V1.mp3
Demo version of How Do You Sleep? with no intro. Leaked after a successful groupbuy on March 3rd, 2026",2:16,,"Mar 3, 2026",OG File,CD Quality,https://pillows.su/f/0394594d6fe4975de0790cbe41b6f284
WITHERED Deluxe: Marcescence,"How Do You Sleep? [V2]
[prod. Henry Kwapis]","Track 4 on WITHERED Deluxe: Marcescence. Snippet previewed by d4vd via Twitch stream. Leaked on March 3rd, 2026.",2:21,,"Mar 3, 2026",Full,Lossless,https://pillows.su/f/fefa40db599e9427c6ab4acc4a1ea069
WITHERED Deluxe: Marcescence,I Need You Love [V1],"Heavy mumble demo of I Need You Love. Leaked after a successful groupbuy on June 9th, 2026.",3:14,,"Jun 9, 2026",Full,Lossless,https://pillows.su/f/2a732ddd3f2b1ee99579e9b68c5689fa
WITHERED Deluxe: Marcescence,"Issues [V1]
[prod. maztypebeat]","Demo of Issues with a rougher mix. Surfaced through LCX on October 5th, 2025.",1:50,,"Oct 5, 2025",Full,CD Quality,https://pillows.su/f/f8b1e5efffdb936de00d3bb741735194
WITHERED Deluxe: Marcescence,"Issues [V2]
[prod. maztypebeat]",Another demo of Issues. Has slightly unmixed vocals.,1:50,,"May 4, 2026",Full,Lossless,https://pillows.su/f/921db268fb2c17d2a76f466889f7cf17
WITHERED Deluxe: Marcescence,"Issues [V3]
[prod. maztypebeat]","Finished version of Issues. Track 2 on WITHERED Deluxe: Marcescence. Leaked on March 10th, 2026.",1:50,,"Mar 10, 2026",Full,Lossless,https://pillows.su/f/10774df673938f1d05b773f208a1d93d
WITHERED Deluxe: Marcescence,It's You [V1],"Demo version of It's You with a rougher mix. Snippet first previewed by d4vd through is burner Instagram account. Leaked on April 27th, 2026.",3:06,,"Apr 27, 2026",Full,Lossless,https://pillows.su/f/af5956f7a65afdbc3277455c9a816759
WITHERED Deluxe: Marcescence,It's You [V2],"Later version of It's You with new vocals and an open verse for Bryant Barnes. Leaked on April 27th, 2026.",3:07,,"May 4, 2026",Full,Lossless,https://pillows.su/f/fe5129b70b0c19e97eac01f0d0fbad3e
WITHERED Deluxe: Marcescence,It's You [V3],,3:07,,"May 4, 2026",Full,Lossless,https://pillows.su/f/b3575eace8edb673aaeda9211d0b625a
WITHERED Deluxe: Marcescence,It's You [V4],Final version of It's You with an open verse for Bryant Barnes.,3:07,,"Apr 27, 2026",Full,Lossless,https://pillows.su/f/1c0beb5f352ec3ea0a4853a03eb4b5e4
WITHERED Deluxe: Marcescence,"⭐️ I'm Good
[prod. grayskies]","Track 7 on WITHERED Deluxe: Marcescence. Low quality snippet leaked through Discord on January 26th, 2026. Was going to be sold in a GB for $1.6k until it forceleaked on March 10th, 2026 along with the rest of the deluxe.",2:50,,"Mar 10, 2026",Full,Lossless,https://pillows.su/f/be71c23198aa2475ecc93c5845a01aec
WITHERED Deluxe: Marcescence,"I'm In Love Again [V1]
(I Fell In Love With You, Fell In Love, Snapchat Snippet)",,3:22,,"May 4, 2026",Full,Lossless,https://pillows.su/f/328bb1d14f110691013c62c8173d0d78
WITHERED Deluxe: Marcescence,"I'm In Love Again [V2]
(I Fell In Love With You, Fell In Love, Snapchat Snippet)",,3:22,,"May 4, 2026",Full,Lossless,https://pillows.su/f/885f7c2b91736babef5355fe19e0f16d
WITHERED Deluxe: Marcescence,"I'm In Love Again [V3]
(I Fell In Love With You, Fell In Love, Snapchat Snippet)",,3:22,,"May 4, 2026",Full,Lossless,https://pillows.su/f/f86f79c371ee566f085470f6e5578874
WITHERED Deluxe: Marcescence,"I'm In Love Again [V4]
(I Fell In Love With You, Fell In Love, Snapchat Snippet)",Song recorded in June of 2025.,3:22,,"May 4, 2026",Full,Lossless,https://pillows.su/f/286c898a5d38c1ae321df270735ef8e5
WITHERED Deluxe: Marcescence,⚠️ Losing Control,"The second song that mentions Celeste which was recorded on September 1st, 2025. Very rough at some parts, probably a demo. First snippet leaked on April 20th, 2026, until the full song leaked on May 3rd, 2026.",3:51,,"May 3, 2026",Full,Lossless,https://pillows.su/f/f93a949c07de9ab173a462a4f375fe51
WITHERED Deluxe: Marcescence,✨ Never Lose,"OG Filename: NEVER LOSE VOCAL REF 132bpm.wav
One of the many songs recorded for Fortnite to be used as jam tracks. Leaked after a successful groupbuy on February 2nd, 2026.",2:22,,"Feb 2, 2026",OG File,Lossless,https://pillows.su/f/eae36838d21cb3cc285ec4dd50a22899
WITHERED Deluxe: Marcescence,⚠️ Party,"Song recorded in June of 2025. Has lyrics about matching tattoos. Snippet leaked on May 2nd, 2026. Leaked after a successful charity groupbuy on July 25th, 2026.",2:34,,"Jul 25, 2026",Full,Lossless,https://pillows.su/f/94f237e35c10b235e7eacf22a5626672
WITHERED Deluxe: Marcescence,"Please Don't Fall In Love
(PDFIL)","OG Filename: pdfil-mar-30.mp3
Song recorded on March 30th, 2025. Leaked in a mass leak flood on May 4th, 2026.",2:30,,"May 4, 2026",OG File,CD Quality,https://pillows.su/f/e203145f90885e3b1117ff8ec8805247
WITHERED Deluxe: Marcescence,Promise [V1],"OG Filename: PROMISE (Vox normal ref) 126bpm.wav
Early demo of Promise with mumble vocals. Leaked after a successful groupbuy on January 27th, 2026. OG file leaked on March 7th, 2026 ",3:10,,"Mar 7, 2026",OG File,Lossless,https://pillows.su/f/68f037d03b5a20953c18d11b18c9b75c
WITHERED Deluxe: Marcescence,✨ Promise [V2],"OG Filename: PROMISE (Vox pitched ref) 126bpm.wav
Newer version of Promise with completely different lyrics and less mumble. Leaked on March 22nd, 2026.",3:10,,"Mar 22, 2026",OG File,Lossless,https://pillows.su/f/156d3e62a5f5d695021dbc2207505d8d
WITHERED Deluxe: Marcescence,Running 4Ever [V1],"OG Filename: RUNNING 4EVER Vocal Ref 117bpm.wav
Early demo of Running 4Ever. Leaked after a successful groupbuy on February 2nd, 2025.",3:06,,"Feb 2, 2026",OG File,Lossless,https://pillows.su/f/52d1a2279486bc471b6b939ee05fda6f
WITHERED Deluxe: Marcescence,Running 4Ever [V2],"OG Filename: RUNNING 4EVER no chrous.wav
Reworked version of Running 4Ever with no chorus. Has differences in production, mixing, and vocal takes. Leaked on March 22nd, 2026. ",3:16,,"Mar 22, 2026",OG File,Lossless,https://pillows.su/f/301edfac0af24834270be3c2145854f6
WITHERED Deluxe: Marcescence,⭐️ Running 4Ever [V3],"FInished version of Running 4Ever. One of the many songs recorded for Fortnite to be used as jam tracks. Leaked after a compensated groupbuy  on February 2nd, 2025.",3:16,,"Feb 2, 2026",Full,Lossless,https://pillows.su/f/52cdc5e93859d6962b593d196499dea8
WITHERED Deluxe: Marcescence,"Summer Don't End [V1]
(feat. keshi) [prod. Tyler Spry]","OG Filename: SUMMER DONT END FT KESHI 'prod TYLER SPRY'.wav
Track 10 on WITHERED Deluxe: Marcescence. First performed at d4vd's tour stop in San Francisco. Tagged snippet randomly surfaced through LCX on December 23rd, 2025. Leaked in full on Christmas Day 2025. Lossless file leaked on April 22nd, 2026.",3:31,,"Dec 25, 2025",OG File,Lossless,https://pillows.su/f/92960dd6437748d5513ae222e3356ccd
WITHERED Deluxe: Marcescence,"⭐️ Summer Don't End [V2]
(feat. keshi) [prod. Tyler Spry]","OG Filename: 10. SUMMER DON'T END (feat. keshi).wav
Final version of Summer Don't End with clear mixing and production differences.",3:35,,"May 4, 2026",OG File,Lossless,https://pillows.su/f/ea4b0a3e84c68698af3fff9ab6b05b35
WITHERED Deluxe: Marcescence,"Take The Photos [V2]
(feat. Malcolm Todd) [prod. Henry Kwapis]","Earlier version with Malcolm Todd. Snippet posted d4vd's burner Instagram account. Tagged file leaked through LCX on September 19th, 2025. Untagged file leaked 2 days later.",2:25,,"Feb 2, 2026",Full,CD Quality,https://pillows.su/f/1262740a56f740314183c5b0527d66a0
WITHERED Deluxe: Marcescence,"Take The Photos [V3]
(feat. Malcolm Todd) [prod. Henry Kwapis]",A version of Take The Photos. One lyric of the first verse is changed.,2:25,,"May 4, 2026",Full,Lossless,https://pillows.su/f/d5c020a3ebef214ca52e2c7da402a327
WITHERED Deluxe: Marcescence,"⭐️ Take The Photos [V4]
(feat. Malcolm Todd) [prod. Henry Kwapis]","Finished version of Take The Photos. Two lyrics in the first verse are changed. Track 3 on WITHERED Deluxe: Marcescence. Leaked on March 10th, 2026.",2:25,,"Mar 10, 2026",Full,Lossless,https://pillows.su/f/88c1a26976a637c5c92dcfe49a343b60
WITHERED Deluxe: Marcescence,"✨ Talking To Myself [V1]
[prod. Dan Farber]","A demo of Talking To Myself. Has a different mix than the final version. Completely different outro which interpolates Mac DeMarco's ""Chamber Of Reflection.""",3:21,,"May 4, 2026",Full,Lossless,https://pillows.su/f/0e47349ffdf998332038ce3880242023
WITHERED Deluxe: Marcescence,"Talking To Myself [V2]
[prod. Dan Farber]","Track 11 on WITHERED Deluxe: Marcescence. First performed live at his show in Orlando, Florida on August 13th, 2025. Leaked on March 10th, 2026",3:05,,"Mar 10, 2026",Full,Lossless,https://pillows.su/f/7d8b6217df8d628a76b1ceed3cade6f8
WITHERED Deluxe: Marcescence,"Too Far Gone [V1]
[prod. dollatega & forzen]","OG Filename: 2_far_gone.wav
Demo version of Too Far Gone with a slower tempo and worse mixing. Leaked in a mass leak flood on April 20th, 2026.",1:56,,"Apr 20, 2026",OG File,Lossless,https://pillows.su/f/322b6dcad5ef540caae311eed0e7687e
WITHERED Deluxe: Marcescence,"⭐️ Too Far Gone [V2]
[prod. dollatega & forzen]","OG Filename: TOO FAR GONE.m4a
Hyperpop song recorded on May 19th, 2025. First previewed by d4vd via Instagram story. Full song leaked in a mass leak flood on April 20th, 2026.",2:31,,"Apr 20, 2026",OG File,CD Quality,https://pillows.su/f/69a9a6ef4f3585bbc34afc080958ad53
WITHERED Deluxe: Marcescence,Unusual,"Song recorded some time in Summer 2025. Leaked on August 29th, 2025.",2:13,,"Aug 29, 2025",Full,High Quality,https://pillows.su/f/ff3958b91d2d76f455ad8e706922cc41
WITHERED Deluxe: Marcescence,What Did I Do? [V1],Leaked alongside V8 of What Did I Do after a successful groupbuy.,3:16,,"Jun 9, 2026",Full,Lossless,https://pillows.su/f/285876091c0ac141de5afba95a251c80
WITHERED Deluxe: Marcescence,⭐️ What Did I Do? [V8],"Leaked after a successful groupbuy. Finished version of What Did I Do, a song previewed in an interview with d4vd.",2:43,,"Jun 9, 2026",Full,Lossless,https://pillows.su/f/d989658d802f65a6023ed26de3ccd88b
WITHERED Deluxe: Marcescence,"🎤 What Was I Made For?
[prod. FINNEAS]","Cover of Billie Eilish's ""What Was I Made For?"" Posted on a BBC Radio 1 Piano Session on May 11th, 2025, which is now privated and deleted.",3:25,,"May 11, 2025",Full,High Quality,https://pillows.su/f/d20504b1235259f7034c36220e7c85af
WITHERED Deluxe: Marcescence,"When You Coming Home [V1]
[prod. Dan Darmawan]
(When U Coming Home)","First version of When you coming home most likely made about Celeste which is why he went back and changed lyrics. Made around the time before he went on tour, leaked on mass flood leak on April 20th, 2026",4:05,,"Apr 20, 2026",Full,CD Quality,https://pillows.su/f/a6d93dbe442ed74328965e31c5837ca6
WITHERED Deluxe: Marcescence,You Still Love Me [V1],"Track 5 on WITHERED Deluxe: Marcescence. Leaked on March 10th, 2026.",2:30,,"Mar 10, 2026",Full,Lossless,https://pillows.su/f/f2305a53f4c9e962dc5eaea4b8ff89f2
WITHERED Deluxe: Marcescence,"JasonTheWeen - Favorite Flower [V3]
(feat. d4vd)","Remix of JasonTheWeen's ""Favorite Flower"" that has a d4vd feature. Song made on stream on July 2nd, 2025.",2:26,,"Jul 2, 2025",Full,CD Quality,https://pillows.su/f/1d9fa2d8cd3ba65482f1b0e2f7687bc1
WITHERED Deluxe: Marcescence,"Always Love [V1]
(ref. d4vd) [prod. Andrew Luce & LeeLee]","OG Filename: Always Love (with verse 2).m4a
Demo version of Always Love without Hyunjin, with d4vd singing over his verse. Leaked after a successful blind groupbuy on April 14th, 2026.",3:18,,"Apr 14, 2026",OG File,CD Quality,https://pillows.su/f/519565163b432dcbc9ac0b0bb6311e88
WITHERED Deluxe: Marcescence,"Always Love [V2]
[prod. Andrew Luce & LeeLee]",Another demo of Always Love with a fully opened verse for Hyunjin. Slight mixing differences.,3:18,,"May 4, 2026",Full,Lossless,https://pillows.su/f/ca7275284e35db80ee3df485db7ba182
WITHERED Deluxe: Marcescence,"Always Love [V3]
(feat. Hyunjin) [prod. Andrew Luce & LeeLee]","OG FIlename: [d4vd HJ] ALWAYS LOVE_Tune_Monitor #3.mp3
Another demo of Always Love. Has Hyunjin's verse. Mixing some backing vocals and is unmixed.",3:16,,"May 4, 2026",OG File,CD Quality,https://pillows.su/f/f9f5ea560d379eae57c36d23f54954ab
WITHERED Deluxe: Marcescence,"L.O.V.E.U [V1]
(feat. hannah bahng) [prod. Luke Costelloe & Andrew Luce]",,,,,,,
WITHERED Deluxe: Marcescence,"✨ Locked And Loaded [V1]
[prod. Jack Laboz & Jonah Shy]
(Locked & Loaded - Official Fortnite Anthem)","OG Filename: LOCKED AND LOADED v1.2 jersey.wav
Earliest known version of Locked And Loaded with a alternate second verse and minor production differences. Leaked in a mass leak flood on April 20th, 2026.",2:19,,"Apr 20, 2026",OG File,Lossless,https://pillows.su/f/62ace8bfca5d8ab11fc23302e42c4c50
WITHERED Deluxe: Marcescence,"✨ Locked And Loaded [V2]
[prod. Jack Laboz & Jonah Shy]
(Locked & Loaded - Official Fortnite Anthem)","OG Filename: LOCKED AND LOADED v1.2 trap.wav
Second version of Locked And Loaded with alternate drums on the second verse. Leaked in a mass leak flood on April 20th, 2026.",2:19,,"Apr 20, 2026",OG File,Lossless,https://pillows.su/f/bd2a3d6037c48556fb60e655cdd2bd96
WITHERED Deluxe: Marcescence,"✨ Locked And Loaded [V5]
[prod. Jack Laboz & Jonah Shy]
(Locked & Loaded - Official Fortnite Anthem)","Older version of Locked And Loaded with different lyrics in the chorus, along with a shorter outro and other unknown differences. Leaked on March 22nd, 2026.",2:34,,"Mar 22, 2026",Full,Lossless,https://pillows.su/f/2a6402e09a74cfc17db4cae4798a4a24
WITHERED Deluxe: Marcescence,"✨ Locked And Loaded [V6]
[prod. Jack Laboz & Jonah Shy]
(Locked & Loaded - Official Fortnite Anthem)","Finished version of Locked And Loaded. One of the many songs recorded for Fortnite to be used as jam tracks. Ended up being used as Fortnites's official anthem. Leaked early on September 2nd, 2025.",2:37,,"Sep 2, 2025",Full,Lossless,https://pillows.su/f/a4a6a591d60deb62b03a8d6a90ce25c4
WITHERED Deluxe: Marcescence,"Summer Uptown [V1]
(feat. JasonTheWeen)","Song made by d4vd and JasonTheWeen on stream. Recorded on July 2nd, 2025",2:47,,"Jul 2, 2025",Full,High Quality,https://pillows.su/f/0bb32cd4d184de0632e6c3864b1652b7
WITHERED Deluxe: Marcescence,"Summer Uptown [Final]
(feat. JasonTheWeen)",,,,,,,https://pillows.su/f/dea273fd0bbecf2e3848a809695a14b9
WITHERED Deluxe: Marcescence,"Damiano David - Tangerine [Final]
(feat. d4vd)",,,,,,,https://pillows.su/f/9dbfa75039913c6dd8ada66df82c7f42
WITHERED Deluxe: Marcescence,"11PM [V2]
[prod. grayskies]
(11:00 PM)",First snippet of a re-recorded 11PM posted to d4vd's Twitter. Unpitched version.,0:52,,"Apr 30, 2025",Snippet,High Quality,https://imgur.gg/f/jnT6MMj
WITHERED Deluxe: Marcescence,"Best Friend [V1]
[prod. maztypebeat]",Solo/OG version of Best Friend.,0:14,,"May 6, 2026",Snippet,High Quality,https://imgur.gg/f/WrfV7wh
WITHERED Deluxe: Marcescence,Bring Me The Moon,"Song recorded in June of 2025. First played at a KidSuper event shortly after being made. Snippet leaked on April 20th, 2026.","0:38
0:14",,"Apr 20, 2026",Snippet,High Quality,"1. https://pillows.su/f/cead089faf9d03b48f9eef6daf61141e
2. https://imgur.gg/f/sLgQcDG"
WITHERED Deluxe: Marcescence,Did It For Love,Recorded in April of 2025.,,,"Apr 20, 2026",,,https://imgur.gg/f/jUXBUpn
WITHERED Deluxe: Marcescence,Don't Rush Me,,,,,,,
WITHERED Deluxe: Marcescence,"Like Glue [V1]
[prod. grayskies]
(Glue)",Solo/OG version of Glue.,0:15,,"May 6, 2026",Snippet,High Quality,https://imgur.gg/f/FRBJOyA
WITHERED Deluxe: Marcescence,It's Okay,"Song recorded in July of 2025. First snippet leaked on May 6th, 2026. Second snippet leaked on May 25th, 2026.","0:16
0:03",,"May 6, 2026",Snippet,Various,"1. https://imgur.gg/f/jfBKOWU
2. https://imgur.gg/f/ucu16EI"
WITHERED Deluxe: Marcescence,"I See Everything [V1]
(feat. Kyle Richh & Jenn Carter (41)) [prod. Kaysan]
(Slow It Down)","Song recorded in 2025 with Kyle Richh and Jenn Carter. Previewed by Kaysan on JasonTheWeen's stream. Yes, this is real.",1:15,,"Jul 14, 2025",Partial,Recording,https://imgur.gg/f/BLaFfAC
WITHERED Deluxe: Marcescence,"I See Everything [V2]
(feat. Kyle Richh & Jenn Carter (41)) [prod. Kaysan]
(Slow It Down)","OG Filename: Kaysan x d4vd x 41 - I See Everything
Later version of the song previewed by Kyle Richh via Twitch stream that features Jenn Carter's verse. Known to be 2:46 in length.",1:00,,"Jul 24, 2025",Partial,Recording,https://imgur.gg/f/4nvWnPV
WITHERED Deluxe: Marcescence,Mental Illness,,,,"May 18, 2026",,,https://imgur.gg/f/NZzfpw7
WITHERED Deluxe: Marcescence,"🏆 Tell Me Something
[prod. dollatega, w1nkk & 05alagen]","First snippet posted to d4vd's burner Instagram on May 14th, 2025. Second snippet leaked on May 20th, 2026.","0:28
0:10",,"May 20, 2026",Snippet,High Quality,"1. https://imgur.gg/f/7yktrUI 
2. https://imgur.gg/f/LwSsGsu "
WITHERED Deluxe: Marcescence,🏆 To Your City,"Song recorded in May of 2025. First snippet leaked on April 22nd, 2026. Second snippet leaked on May 26th, 2026.",0:14,,"May 26, 2026",Snippet,High Quality,"1. https://imgur.gg/f/btUp6fo
2. https://imgur.gg/f/FzbeMmw"
WITHERED Deluxe: Marcescence,🏆 What Did I Do? [V4],A version of What Did I Do shown in an interview with d4vd.,0:53,,"Apr 28, 2025",Partial,Recording,https://imgur.gg/f/D21ZLdt
WITHERED Deluxe: Marcescence,Where I Belong [V1],"Song previewed by d4vd via Twitch stream. Went untiled for a while until insiders revealed it to be named ""Where I Belong"".",1:40,,,Partial,Recording,https://pillows.su/f/1af3abbd5d480df07736e6b751256632
WITHERED Deluxe: Marcescence,Where I Belong [V2],Later version of Where I Must Belong with a reworked instrumental. Previewed by d4vd via Twitch stream.,2:10,,,Partial,Recording,https://pillows.su/f/aa502614951b4e56c246ffc67cf0177b
WITHERED Deluxe: Marcescence,"🏆 Where I Belong [V3]
(Chasing The Night, I Want The Moon)",Latest version of Where I Must Belong with slight production and mixing differences. Previewed by d4vd via Twitch stream.,2:06,,,Partial,Recording,https://pillows.su/f/08a03e1e6f3d9da02663de924867bdc6
WITHERED Deluxe: Marcescence,"???
[prod. Kaysan]
(Hate Me For Loving You)",Song recorded in 2025. Previewed by Kaysan on JasonTheWeen's stream.,0:53,,"Jul 14, 2025",Snippet,Recording,https://imgur.gg/f/ubtlWep
WITHERED Deluxe: Marcescence,"🏆 ??? [V5]
(I Fell In Love With You, Fell In Love, I'm In Love Again, 
Snapchat Snippet)","Studio version of ""I'm In Love Again.""","0:09
0:04",,,Snippet,Recording,"1. https://pillows.su/f/46ec022bcb90e782669f779f7acefb58
2. https://imgur.gg/f/hMFe4PK"
WITHERED Deluxe: Marcescence,"Rhea Raj - Now That Ur Gone [V1]
(feat. d4vd) [prod. Rhea Raj, Naliya, & Lara Raj]","Demo version of Rhea Raj's ""Now That Ur Gone"" with a verse from d4vd. Snippet leaked on May 21st, 2026.",0:11,,"May 21, 2026",Snippet,High Quality,https://imgur.gg/f/oUE3evp
WITHERED Deluxe: Marcescence,Devil At My Neck,"OG Filename: devilatmyneck.wav
Song posted to d4vd's burner SoundCloud account that seems to be corrupted",0:00,,,Confirmed,Not Available,
WITHERED Deluxe: Marcescence,Empty The Clip [V2],"Marcescence version of ""Empty The Clip"" known to exist.",,,,Confirmed,Not Available,
WITHERED Deluxe: Marcescence,I'm In Love [V4],"Marcescence version of ""I'm In Love"" known to exist.",,,,Confirmed,Not Available,
WITHERED Deluxe: Marcescence,Locked And Loaded [V3-V4],Other versions of Locked And Loaded known to exist.,,,,Confirmed,Not Available,
WITHERED Deluxe: Marcescence,"What Did I Do [V2-V3, V5-V7]",Other versions of What Did I Do known to exist based off of spoken word and filenames.,,,,Confirmed,Not Available,
WITHERED Deluxe: Marcescence,"You Still Love Me [V?]
(feat. Montell Fish)",An open verse of this song was sent to Montell but it is unknown if he ever recorded on it.,,,,Rumored,Not Available,
WITHERED Deluxe: Marcescence,"Bryant Barnes - It's You [V5]
(feat. d4vd)",Finished version of It's You by Bryant Barnes. Was supposed to be track 4 off his album SOLACE but would later get scrapped. Known to be in circulation.,,,,Confirmed,Not Available,
WITHERED Deluxe: Marcescence,[2x Bryant Barnes Collaborations],Confirmed that there are 2 more collabs between d4vd and Bryant Barnes.,,,,Confirmed,Not Available,
WITHERED Deluxe: Marcescence,[Unknown Matt Maltese Collaberations],Said by insiders in the old d4vd Archive discord server that Matt Maltese and d4vd have been working on new music.,,,,Confirmed,Not Available,
WITHERED Deluxe: Marcescence,[Unknown Murda Beats Collaborations],"In a leaked screenshot of d4vd's Telegram messages, he has a conversation with Murda Beats. Unknown if anything was worked on.",,,,Rumored,Not Available,
WITHERED Deluxe: Marcescence,[Unknown Yeat Collaborations],"According to sources, d4vd and Yeat have been in the studio together in June of 2025. Unknown if anything came from these sessions.",,,,Rumored,Not Availavle,Source Needed
WITHERED Deluxe: Marcescence,[Unknown Zetra Collaborations],"In a leaked screenshot of d4vd's Telegram messages, he has a conversation with Zetra. Unknown if anything was worked on",,,,Rumored,Not Available,
"2 OG File
7 Full
0 Tagged
0 Partial
14 Snippets
4 Unavailable",Post-Incident,"(9/8/2025) The deceased body of missing teen girl Celeste Rivas Hernandez is found in the front trunk of a Tesla registered to d4vd.
(10/28/2025) d4vd leaks ""Rush"" through BandLab.
(4/16/2026) d4vd is arrested on murder charges in Los Angeles.

d4vd had planned to release a project titled ""Abscission"" after the release of his deluxe album. On October 28th, d4vd released a single through BandLab titled ""Rush"" then deleted it a minute later. He has also been known to still be making music even after the murder of Celeste Rivas Hernandez. Since WITHERED Deluxe: Marcescence was finished then technically this counts as a new era.

<------ (fucking clown lolllllll good riddance)",,,,,,
Post-Incident,Cellular,"Song recorded in November 2025. Tagged file leaked on May 24th, 2026.",2:32,,"May 24, 2026",Full,Tagged,https://pillows.su/f/bf893deb0c2609f9c2660a4987d4037e
Post-Incident,How High?,"OG Filename: HOW HIGH 10.05.25.wav
Song recorded some time post-incident. Tagged file surfaced on April 16th, 2026. Untagged file later leaked during a mass leak flood on April 20th, 2026 ",2:30,,"Apr 20, 2026",OG File,Lossless,https://pillows.su/f/23d843b1bf2c66e495ce170a334f9a5c
Post-Incident,"Jesus, I","Song recorded in 2026 for a gospel album. Snippet leaked on May 9th, 2026. Leaked on July 18th, 2026. ",2:20,,"Jul 18, 2026",Full,Lossless,https://pillows.su/f/4868be0f1941444b65348a4395f4b401
Post-Incident,"Rush [V2]
[prod. VELVET]","OG Filename: RUSH FINAL.wav
Unmixed version of Rush.",2:54,,"Oct 28, 2025",OG File,Lossless,https://pillows.su/f/7a74025508eb79fd3bceb64a6936d818
Post-Incident,"Rush [V3]
[prod. VELVET]","OG Filename: RUSH FINAL_mixed
Song recorded on October 2nd, 2025. Accidentally posted by Zerks on BandLab on October 28th, 2025. Lossless file leaked on April 30th, 2026.",2:56,,"Apr 30, 2026",Full,Lossless,https://pillows.su/f/9d51df27e7891d339cf2f2a40f733d39
Post-Incident,"🎤 Sins Of The Father [V1]
[prod. Daniel Caesar, Aver Ray, Tiana Kruskic, Matthew Burnett & Jordan Evans]
(Alchemical Transmutation)","Cover/Remix of Daniel Caesar's ""Sins Of The Father"" recorded in January 2026 for a gospel album. Has original lyrics from d4vd at the end. Leaked after a successful charity groupbuy on July 22nd, 2026. ",3:56,,"Jul 22, 2026",Full,Lossless,https://pillows.su/f/217432a084f43e7de46b2718c811d046
Post-Incident,"Vacío y Entero
[prod. Kngzzz]
(Empty and Whole)","Song recorded in October 2025. Leaked on March 24th, 2026.",3:03,,"Mar 24, 2026",Full,Lossless,https://pillows.su/f/e9303304f6aabd643a6f1a34eefa1ede
Post-Incident,What Are We Now,"Song recorded in 2026. Snippet leaked on March 2nd, 2026. Another (tagged) snippet surfaced on March 20th, 2026. Later leaked on May 9th, 2026.",2:59,,"May 9, 2026",Full,Lossless,https://pillows.su/f/6ad075f8925cfba2df17666a02a095be
Post-Incident,"When You Coming Home [V2]
[prod. Dan Darmawan]
(When U Coming Home)","A re-recorded version of V1 with completely different vocals. Song recorded some time post-incident. Slightly edited with an intro and an outro. Leaked on April 30th, 2026.",4:10,,"Apr 29, 2026",Full,Lossless,https://pillows.su/f/b4027bd7994b7c338677fb27504ad4d2
Post-Incident,"Antisocial
[prod. sahara]","Song recorded in February 2026. Most stems to this song leaked right before an official snippet was leaked on April 21st, 2026.",,,"Apr 21, 2026",Snippet,High Quality,"1. https://imgur.gg/f/FzIFpt1
2. https://pillows.su/f/532106bac0f396f142799972cf643eec"
Post-Incident,Ever Known,"Song recorded in 2026 for a gospel album. Snippet leaked on May 18th, 2026.",0:19,,"May 18, 2026",Snippet,High Quality,https://imgur.gg/f/RSPVfzW
Post-Incident,For It All,"Song recorded in 2026 for a gospel album. Snippet leaked on May 18th, 2026.",0:17,,"May 18, 2026",Snippet,High Quality,https://imgur.gg/f/ijblcWe
Post-Incident,I Believe,"Song recorded in 2026 for a gospel album. Snippet leaked on May 18th, 2026.",0:24,,"May 18, 2026",Snippet,High Quality,https://imgur.gg/f/ONPHTxA
Post-Incident,"I Need You Now
(Need)","Song recorded in 2026 for a gospel album. First snippet leaked on May 1st, 2026. Second snippet leaked on May 18th, 2026. Third snippet leaked on June 5th, 2026 ","0:18
0:19
0:13",,"Jun 5, 2026",Snippet,High Quality,"1. https://pillows.su/f/1fa00cda08122bc6ea36794caddb4af1
2. https://imgur.gg/f/ycvkcfM  
3. https://pillows.su/f/e0e0739f7ed949f643c75322b0d69810"
Post-Incident,I Remember,"Song recorded in 2026 for a gospel album. Snippet leaked on May 18th, 2026.",0:19,,"May 18, 2026",Snippet,High Quality,https://imgur.gg/f/PtcDkPY
Post-Incident,Near,"Song recorded in 2026 for a gospel album. Snippet leaked on May 18th, 2026.",0:21,,"May 18, 2026",Snippet,High Quality,https://imgur.gg/f/6Nbgc41
Post-Incident,Nobody Greater,"Song recorded in 2026 for a gospel album. Snippet leaked on May 18th, 2026.",0:20,,"May 18, 2026",Snippet,High Quality,https://imgur.gg/f/gjQQGjB
Post-Incident,"🎤 Sins Of The Father [V2]
[prod. Daniel Caesar, Aver Ray, Tiana Kruskic, Matthew Burnett & Jordan Evans]
(Alchemical Transmutation)","Later version of the song with d4vd's vocals only. Snippet leaked on May 18th, 2026.",0:14,,"May 18, 2026",Snippet,High Quality,https://pillows.su/f/f61ccf3eaa2223ff0439bdb44b0b24e5
Post-Incident,"🎤 So Will I
[prod. Joel Houston & Michael Guy Chislett]","Cover of Hillsong UNITED's ""So Will I (100 Billion X"" recorded in 2026 for a gospel album. Snippet leaked on May 18th, 2026. ",0:25,,"May 18, 2026",Snippet,High Quality,https://imgur.gg/f/YcgwIEP
Post-Incident,Safe,"Song recorded in 2026 for a gospel album. Snippet leaked on May 18th, 2026.",0:21,,"May 18, 2026",Snippet,High Quality,https://imgur.gg/f/PHEijk3
Post-Incident,The Hymn,"Song recorded in 2026 for a gospel album. Snippet leaked on May 18th, 2026.",0:18,,"May 18, 2026",Snippet,High Quality,https://imgur.gg/f/K27t9rb
Post-Incident,Trust In You,"Song recorded in 2026 for a gospel album. Snippet leaked on May 18th, 2026.",0:12,,"May 18, 2026",Snippet,High Quality,https://imgur.gg/f/h0Q0YdH
Post-Incident,"???
(Make You Wanna Move, Brazil Song)","Song recorded on January 9th, 2026. Most stems leaked on April 21st. Tagged snippet surfaced on April 22nd, 2026.",,,"Apr 22, 2026",Snippet,High Quality,https://pillows.su/f/2181fbe77bd2d866286edaf882de4f0d
Post-Incident,"🏆 ???
[prod. ok]",A beat from Nettspend's producer ok that d4vd has recorded on in 2026. Unknown if theres a bounce for this song.,,,,Beat Only,Recording,https://imgur.gg/f/iAmfy5Q
Post-Incident,"Rush [V1]
[prod. VELVET]",,,,,Rumored,Not Available,
Post-Incident,"Glue [V4]
(feat. Julia Wolf) [prod. grayskies]
(Like Glue) ","Some time during February 2026, it was revealed that a version of Glue off WITHERED Deluxe: Marcescence was submitted for release, along with its master track and stems. ",,,,Confirmed,Not Available,
Post-Incident,[Unknown 100x Songs],Sources say that d4vd has recorded hundereds of songs post-incident.,,,,Rumored,Not Available,
"3 Leaks
1 Snippet",Unknown,Song that do not have a known specific era and/or timeframe as to when they were made.,,,,,,
Unknown,🗑️ Call The Plug,,2:10,,"Jun 26, 2026",Full,High Quality,https://pillows.su/f/cd1f825fb5e3c6c98c743c99b1d9dfb6
Unknown,"Don't Fall For Me [V1]
(Don't Fall In For Me Girl)","Original pitched version. Has a minor lyric addition. Leaked April 21st, 2026.",2:54,,"Apr 21, 2026",Full,CD Quality,https://pillows.su/f/fb7aa95c331b1ee3c6a7a93c81745c1e
Unknown,"Don't Fall For Me [V2]
(Don't Fall In For Me Girl)","OG Filename: DONT FALL FOR ME 3.71 RUFF UNFIN.m4a
Metadata says this song was bounced on September 17th, 2025. Most likely an incorrect bounce date. Speculated to be recorded around the Garden Of Eden era. Surfaced through LCX on September 21st, 2025",2:46,,"Sep 21, 2025",OG File,CD Quality,https://pillows.su/f/240fe242cb91d2f9e989c883b94fa6df
Unknown,Elijah,dude who is this :sob:,1:44,,"Sep 11, 2025",Full,High Quality,https://pillows.su/f/e6ecd7240cc6464453ace80025f99150
Unknown,I'm Tired [V1],FUCK D?VD :JOY:,3:51,,"Jun 19, 2026",Full,Lossless,https://pillows.su/f/ba2acada9fd3e503bd2a5748bf28fc51
Unknown,"Night Or Day
(Again)",,,,,,,https://pillows.su/f/4ff21f375a70dec7167ac4b5e28f5777
Unknown,Speak [V1],,4:21,,"May 4, 2026",Full,Lossless,https://pillows.su/f/3e3850158133bd507278c8b99dd53b77
Unknown,Speak [V2],,2:05,,"May 4, 2026",Full,Lossless,https://pillows.su/f/81998c482010c425bad5c8d4e5b998b1
Unknown,Someone Like U,"OG Filename: SOMEONE LIKE U (FOR HYUNJIN).wav
Demo with an open verse meant for Hyunjin.",2:15,,"May 4, 2026",Full,Lossless,https://pillows.su/f/87e441701eec48cea8d54757046f1460
Unknown,Suicide Prevention,"Most likely recorded in 2023 but its unconfirmed. Leaked on April 24th, 2025.",2:33,,"Apr 24, 2025",Full,CD Quality,https://pillows.su/f/5618bdf71c6e41dceeafa6fe29962331
Unknown,"Audrey Mika - Ghost
(feat. d4vd)",,2:53,,"May 21, 2026",Full,Lossless,https://pillows.su/f/577b51154d38f065749a083572fcb1d9
Unknown,"???
[prod. failed19 & mochi]
(Touch The Stars)","Leaked by one of the producers through SoundCloud on July 27th, 2025. Lossless file later surfaced through LCX 2 days later.",1:48,,"Jul 29, 2025",Full,Lossless,https://pillows.su/f/d7c42c1d5f5b92104c9faa628bd12bac
Unknown,???,Unknown beat d4vd has recorded on,,,,,,
Unknown,???,Unknown beat d4vd has recorded on,,,,,,
Unknown,Conventional,,,,"May 18, 2026",,,https://imgur.gg/f/Pjc9Wq6
Unknown,Don't Leave My Side,,0:08,,"May 9, 2026",Snippet,High Quality,https://imgur.gg/f/KT0GHni
Unknown,"Flirting In Hell
(No Way Out)",,,,"May 18, 2026",,,https://imgur.gg/f/cy8677V
Unknown,Healthy Attraction,,,,"May 10, 2026",,,https://imgur.gg/f/E08dkfg
Unknown,I Need You Love [V?],"Supposedly finished version of I Need You Love. Snippet leaked on May 1st, 2026.",0:16,,"May 1, 2026",Snippet,High Quality,https://imgur.gg/f/36oAMFz
Unknown,I Love You,,,,"May 15, 2026",,,"1. https://imgur.gg/f/g1AkhPt
2. https://imgur.gg/f/TasNCNj "
Unknown,I Know,,,,"May 5, 2026",,,https://imgur.gg/f/QK6M8Hb
Unknown,Love Me Again [V1],"First snippet leaked on May 5th, 2026. Second snippet later leaked on May 18th, 2026.","0:17
0:12",,"May 18, 2026",Snippet,High Quality,"1. https://imgur.gg/f/njqUrwx 
2. https://imgur.gg/f/2ONmXTw"
Unknown,Love Me Again [V2],"First snippet leaked on May 18th, 2026. Second snippet later leaked on June 11th, 2026.","0:06
0:13",,"Jun 11, 2026",Snippet,High Quality,"1. https://imgur.gg/f/cQ3myhC
2. https://imgur.gg/f/qnBdqWY"
Unknown,Lose It,,,,"May 5, 2026",,,https://imgur.gg/f/LbrvZ7R
Unknown,Let's Dance,,,,"May 6, 2026",,,https://imgur.gg/f/9ORghBE
Unknown,"🎤 Over
[prod. D'Mile]","Cover of Lucky Daye's ""Over."" Unknown when snippet first leaked.",0:26,,"May 28, 2026",Snippet,High Quality,https://imgur.gg/f/iWctNAO
Unknown,Ride,"Snippet leaked on January 2nd, 2026. Most likely Garden Of Eden era.",0:25,,"Jan 2, 2026",Snippet,High Quality,LINK NEEDED
Unknown,Silence,,,,"May 7, 2026",,,https://imgur.gg/f/RYEI9i9
Unknown,Special,,,,"May 9, 2026",,,https://imgur.gg/f/gheUC7Z
Unknown,"I'm Tired [V?]
(Tired)",Finished version of I'm Tired.,0:13,,"May 4, 2026",Snippet,High Quality,https://imgur.gg/f/sRReS5t
Unknown,Too Soon,Apparently recorded in 2023.,,,"May 5, 2026",,,https://imgur.gg/f/dUxYdYc
Unknown,Us,,,,"May 16, 2026",,,https://imgur.gg/f/badoI8M
Unknown,You Mean Something To Me,,,,"May 19, 2026",,,https://imgur.gg/f/8yo7ceh
Unknown,"Artemas - Hangover
(feat. d4vd)","First snippet leaked on May 19th, 2026.",0:09,,"May 19, 2026",Snippet,High Quality,https://pillows.su/f/bf281e68325e687ca6148970dc5dcc96
Unknown,"???
(Call)",,0:07,,"Jun 8, 2026",Snippet,High Quality,https://pillows.su/f/609ea52ebe79627b0732f2bb5d4c040c
Unknown,"???
(Don't Want Me)",,,,"May 16, 2026",,,https://imgur.gg/f/pq4qCIN
Unknown,"???
(Flight)",,,,"May 18, 2026",,,https://imgur.gg/f/mue4h3i
Unknown,"???
(In, Within My Head)",,,,"May 5, 2026",,,https://imgur.gg/f/OVpPehn
Unknown,"???
(In My Head)",Full song is 2:20. Privately bought song.,"0:11
0:14",,"May 9, 2026",Snippet,High Quality,"1. https://imgur.gg/f/WoUc0Rs 
2. https://imgur.gg/f/4CRgVRX"
Unknown,"???
(Life Of The Party)",,,,"May 16, 2026",,,https://imgur.gg/f/AKglKWg
Unknown,"???
(Maybe, Diamonds On Display)",,,,"May 1, 2026",,,https://imgur.gg/f/E8CXzOV
Unknown,"???
(Nothing Left)",,,,"May 3, 2026",,,https://imgur.gg/f/VLIdL3m
Unknown,"???
(Overly Complicated)",,,,"May 18, 2026",,,https://imgur.gg/f/4QGmnyM
Unknown,"???
(Old You)",,,,"May 4, 2026",,,https://imgur.gg/f/8z1pO9k
Unknown,"???
(Rain Inside)",,,,,Snippet,High Quality,"1. https://pillows.su/f/077196fe629e84706128ee76ec1fa56f 
2. https://pillows.su/f/d764f0870d6e66cff2f1534649a9f83b
3. https://pillows.su/f/f362e0c3f0a751650bcefb8ada89681d"
Unknown,"???
(Rifle)",,,,"May 21, 2026",,,https://imgur.gg/f/9gB4aq3
Unknown,"???
(When The Day Breaks)",,,,"May 4, 2026",,,https://imgur.gg/f/TvV6Ure
