Era,Name,Notes,Length,Release Date,Type,Streaming,Link(s)
"5 Album Track(s)
6 Single(s)
2 Feature(s)
1 Music Video(s)
0 Other",Awakening My InnerBeast,"(Jun 18, 1999) (Michael Lamar White IV is born)
(2014) (Trippie Redd begins making music)
(Aug 26, 2016) (Awakening My InnerBeast is released)",,,Other,,
Awakening My InnerBeast,"ThyRod
(feat. C33SUNNi3 & SKNNYBLU3) (prod. ???)",Uploaded to C33Sunni3's SoundCloud page.,5:10,"Dec 23, 2014",Single,No,https://soundcloud.com/kingmaniac/thyrod-ft-king-trippie-x-king-skiny
Awakening My InnerBeast,"Evvv - Like That
(feat. Boo Ca$h, Lil Jeffo, & Trippie Redd) (prod. Evvv)",Uploaded to Evvv's SoundCloud page.,5:18,"Aug 1, 2015",Feature,No,https://www.youtube.com/watch?v=9NK1ncMzpGw
Awakening My InnerBeast,"Angry Vibes
(prod. Dee B)","A song that is rumored to be released in 2015 and contains lyrics from the song ""Who Run It (Remix)"" with Lil Yachty.",3:05,"Aug 28, 2015",Single,No,https://soundcloud.com/playhouse_radio/trippie-red-angry-vibes-produced-by-dee-b
Awakening My InnerBeast,"Dirty Redd
(prod. Og abi)",Earliest available song on Trippie's SoundCloud.,4:46,"Oct 16, 2015",Single,No,https://soundcloud.com/trippie-hippie-2/dirty-redd?utm_source=clipboard&utm_medium=text&utm_campaign=social_sharing
Awakening My InnerBeast,"Chaz Homi - anything for the dolla
(feat. Boo Ca$h, Lil Jeffo, & Trippie Redd) (prod. Chaz Homi)",Uploaded to Chaz Homi's SoundCloud page.,3:12,"Mar 9, 2016",Feature,Yes,https://soundcloud.com/chaz-murray-1/chaz-homi-anything-for-the-dolla-ft-trippie-redd?utm_source=clipboard&utm_medium=text&utm_campaign=social_sharing
Awakening My InnerBeast,"Rockstar
(prod. 808-H)",Uploaded to Harold's SoundCloud page.,2:01,"Mar 10, 2016",Single,No,https://soundcloud.com/itsnotharold/tripe-redd-rockstar-prod-by-808-h?utm_source=clipboard&utm_medium=text&utm_campaign=social_sharing
Awakening My InnerBeast,"Carolina Blue--
(prod. Elliott Trent)",Uploaded to Trippie's SoundCloud in 2016.,1:47,"Jun 2, 2016",Single,Yes,https://soundcloud.com/trippie-hippie-2/carolina-blue?si=56ab5bfcbaa440ae80fb4e9d7b564b62&utm_source=clipboard&utm_medium=text&utm_campaign=social_sharing
Awakening My InnerBeast,"Water
(prod. Pvps)
(Water Vibes)","Recorded in early 2016 and had a music video made in that year, it is Trippie's first music video ever according to the music video's producer. Unknown when it could've official released.",2:24,2016,Single,No,https://pillows.su/f/6238678850f6763cbd449f73406cdf21
Awakening My InnerBeast,"Water [Music Video]
(prod. Pvps)
(Water Vibes)","Music video for ""Water,"" shot by @avixgod.",2:24,2016,Other,No,https://youtu.be/IFk221N-Sh4?si=LTQJMpYeqHo42Eqt
Awakening My InnerBeast,"Green Thumbs
(prod. Solo Mitch)",Track 1 of Awakening My InnerBeast.,3:28,"Aug 26, 2016",Album Track,Yes,https://soundcloud.com/trippie-hippie-2/green-thumbs-produced-by-solo-mitch?in=trippie-hippie-2/sets/awakening-my-innerbeast-ep&utm_source=clipboard&utm_medium=text&utm_campaign=social_sharing
Awakening My InnerBeast,".+NO WAY+
(feat. Kodie Shane & Longwe) (prod. Pi'erre Bourne)",Track 2 of Awakening My InnerBeast.,3:32,"Aug 26, 2016",Album Track,Yes,https://soundcloud.com/trippie-hippie-2/no-way?in=trippie-hippie-2/sets/awakening-my-innerbeast-ep&utm_source=clipboard&utm_medium=text&utm_campaign=social_sharing
Awakening My InnerBeast,"bitch go
(prod. Pi'erre Bourne)",Track 3 of Awakening My InnerBeast.,1:57,"Aug 26, 2016",Album Track,Yes,https://soundcloud.com/trippie-hippie-2/bitch-go?in=trippie-hippie-2/sets/awakening-my-innerbeast-ep&utm_source=clipboard&utm_medium=text&utm_campaign=social_sharing
Awakening My InnerBeast,".+Wrist Work+
(feat. A1Billionaire) (prod. osbBreeze)",Track 4 of Awakening My InnerBeast.,3:22,"Aug 26, 2016",Album Track,Yes,https://soundcloud.com/trippie-hippie-2/wrist-work?in=trippie-hippie-2/sets/awakening-my-innerbeast-ep&utm_source=clipboard&utm_medium=text&utm_campaign=social_sharing
Awakening My InnerBeast,"Welp! [Watch how I Move]+++
(prod. Trippie Redd)",Track 5 of Awakening My InnerBeast.,2:30,"Aug 26, 2016",Album Track,Yes,https://soundcloud.com/trippie-hippie-2/welp-produced-by-trippie-redd?in=trippie-hippie-2/sets/awakening-my-innerbeast-ep&utm_source=clipboard&utm_medium=text&utm_campaign=social_sharing
"5 Album Track(s)
0 Single(s)
2 Feature(s)
2 Music Video(s)
0 Other","Beast Mode ++++
(Collaboration with Pi'erre Bourne)","(Aug 26, 2016) (Awakening My InnerBeast is released)
(Oct 17, 2016) (Beast Mode ++++ is released)",,,Other,,
Beast Mode ++++,"1400 Gang/Qs & Ps
(prod. Pi'erre Bourne)","Track 1 on Beast Mode ++++. Samples MF DOOM's & Madlib's song ""Accordion.""",2:18,"Oct 17, 2016",Album Track,No,https://soundcloud.com/trippie-hippie-2/qs-and-ps?in=trippie-hippie-2/sets/beast-mode&utm_source=clipboard&utm_medium=text&utm_campaign=social_sharing
Beast Mode ++++,"Young Wild Boys
(prod. Pi'erre Bourne)",Track 2 on Beast Mode ++++.,2:57,"Oct 17, 2016",Album Track,No,https://soundcloud.com/trippie-hippie-2/young-wild-boys?in=trippie-hippie-2/sets/beast-mode&utm_source=clipboard&utm_medium=text&utm_campaign=social_sharing
Beast Mode ++++,"Solar Flare
(prod. Pi'erre Bourne)",Track 3 on Beast Mode ++++.,2:31,"Oct 17, 2016",Album Track,No,https://soundcloud.com/trippie-hippie-2/solar-flare?in=trippie-hippie-2/sets/beast-mode&utm_source=clipboard&utm_medium=text&utm_campaign=social_sharing
Beast Mode ++++,"Too late
(prod. Pi'erre Bourne)",Track 4 on Beast Mode ++++.,2:34,"Oct 17, 2016",Album Track,No,https://soundcloud.com/trippie-hippie-2/too-late?in=trippie-hippie-2/sets/beast-mode&utm_source=clipboard&utm_medium=text&utm_campaign=social_sharing
Beast Mode ++++,"HEARTBREAK-14
(prod. Pi'erre Bourne & Rasta Papii)",Track 5 on Beast Mode ++++.,2:24,"Oct 17, 2016",Album Track,No,https://soundcloud.com/trippie-hippie-2/heartbreak-14?in=trippie-hippie-2/sets/beast-mode&utm_source=clipboard&utm_medium=text&utm_campaign=social_sharing
Beast Mode ++++,"Lil Wop - Trap
(feat. Trippie Redd) (prod. Savage & SEGA)",Track 9 on Wopster the Mixtape.,2:56,"Oct 21, 2016",Feature,No,https://www.youtube.com/watch?v=oPlHKPbtURM
Beast Mode ++++,"Lil Wop - Future Hendrix
(feat. Trippie Redd) (prod. DaCokePitcher)",Track 11 on Wopster the Mixtape.,3:47,"Oct 21, 2016",Feature,No,https://soundcloud.com/lilwop17/lilwop-17-ft-trippieredd-prodby-dacokepitcha?in=lilwop17/sets/wopster-the-mixtape&utm_source=clipboard&utm_medium=text&utm_campaign=social_sharing
Beast Mode ++++,"1400 Gang/Qs & Ps [Music Video]
(prod. Pi'erre Bourne)","Official music video for track 1 on Beast Mode ++++, shot by Drew Got'em.",2:23,2016,Other,No,https://www.youtube.com/watch?v=s1I0b70hAk4
Beast Mode ++++,"Young Wild Boys [Music Video]
(prod. Pi'erre Bourne)",Official music video for track 2 on Beast Mode ++++.,2:56,2016,Other,No,https://www.youtube.com/watch?v=R61EP2t6_e4
"7 Album Track(s)
0 Single(s)
2 Feature(s)
0 Music Video(s)
0 Other",Rock The World Trippie (xxxxx),"(Oct 17, 2016) (Beast Mode ++++ is released)
(Nov 13, 2016) (Rock The World Trippie (xxxxx) is released)",,,Other,,
Rock The World Trippie (xxxxx),"Lost Tribe - I'ma Dog
(feat. Trippie Redd & Lil Wop) (prod. Quattro Mac)
(Dirty Real)",Uploaded on Quattro Mac's SoundCloud.,3:25,2016,Feature,No,https://soundcloud.com/quattromac/trippie-redd-ima-dog-ft-lost-tribe-lil-wop-1017-prod-by-quattro-mac
Rock The World Trippie (xxxxx),"Fijimacintosh - Rolling Stone
(feat. Trippie Redd) (prod. Adam Gantt)",Fijimacintosh and Trippie's earliest known collaboration.,2:23,"Oct 23, 2016",Feature,No,https://www.youtube.com/watch?v=N0opj1zNR30
Rock The World Trippie (xxxxx),"Gave her soul away
(feat. Lil Wop & Jerome Milly) (prod. GamerBoomin & Nikko Bunkin)",Track 1 on Rock The World Trippie (xxxxx) and re-released as track 1 on Angels & Demons without Jerome Milly's feature.,3:32,"Nov 13, 2016",Album Track,No,https://soundcloud.com/trippie-hippie-2/gave-her-soul-away?in=charles-riveroll/sets/rock-the-world-trippie&utm_source=clipboard&utm_medium=text&utm_campaign=social_sharing
Rock The World Trippie (xxxxx),"Dead or Alive
(prod. Elliott Trent)",Track 2 on Rock The World Trippie (xxxxx).,4:10,"Nov 13, 2016",Album Track,No,https://soundcloud.com/trippie-hippie-2/doa?in=charles-riveroll/sets/rock-the-world-trippie&utm_source=clipboard&utm_medium=text&utm_campaign=social_sharing
Rock The World Trippie (xxxxx),"The New Jay z (Im just chilling baby)
(prod. Elliott Trent)",Track 3 on Rock The World Trippie (xxxxx).,2:51,"Nov 13, 2016",Album Track,No,https://soundcloud.com/trippie-hippie-2/the-new-jay-z?in=charles-riveroll/sets/rock-the-world-trippie&utm_source=clipboard&utm_medium=text&utm_campaign=social_sharing
Rock The World Trippie (xxxxx),"Its OK (okok xxxxx)
(feat. T-Wayne) (prod. Yung Lan)",Track 4 on Rock The World Trippie (xxxxx).,3:19,"Nov 13, 2016",Album Track,No,https://soundcloud.com/trippie-hippie-2/trippie-t-wayne-its-ok-okok-xxxxx?in=charles-riveroll/sets/rock-the-world-trippie&utm_source=clipboard&utm_medium=text&utm_campaign=social_sharing
Rock The World Trippie (xxxxx),".+NO TIME+ +++ High Steez
(feat. Elliott Trent) (prod. Nikko Bunkin)",Track 5 on Rock The World Trippie (xxxxx).,3:10,"Nov 13, 2016",Album Track,No,https://soundcloud.com/charles-riveroll/trippie-redd-no-time-high?in=charles-riveroll/sets/rock-the-world-trippie&utm_source=clipboard&utm_medium=text&utm_campaign=social_sharing
Rock The World Trippie (xxxxx),Low life/Rockstar Pt. 2,Track 6 on Rock The World Trippie (xxxxx). This song is not avaliable on his offical soundcloud.,2:55,"Nov 13, 2016",Album Track,No,https://soundcloud.com/user-498464241-251853484/trippie-redd-low-life-rockstar-pt-2-prodsbeatz?in=charles-riveroll/sets/rock-the-world-trippie&utm_source=clipboard&utm_medium=text&utm_campaign=social_sharing
Rock The World Trippie (xxxxx),"Lone WareWolf (Enemies)
(feat. Lil Wop) (prod. Kaine Solo)",Track 7 on Rock The World Trippie (xxxxx).,2:33,"Nov 13, 2016",Album Track,No,https://soundcloud.com/trippie-hippie-2/lonewolf?in=charles-riveroll/sets/rock-the-world-trippie&utm_source=clipboard&utm_medium=text&utm_campaign=social_sharing
"5 Album Track(s)
3 Single(s)
1 Feature(s)
0 Music Video(s)
0 Other",White Room Project,"(Nov 13, 2016) (Rock The World Trippie (xxxxx) is released)
(Jan 18, 2017) (White Room Project is released)",,,Other,,
White Room Project,"Love Scars/You hurt me
(prod. Elliott Trent)
(Love Scars)","Trippie's breakout single, track 6 on White Room Project and track 1 on A Love Letter To You.",2:24,"Nov 24, 2016",Single,No,https://soundcloud.com/trippie-hippie-2/love-scars?in=trippie-hippie-2/sets/white-room-project&utm_source=clipboard&utm_medium=text&utm_campaign=social_sharing
White Room Project,"TTO K.T. - Doin my thang
(feat. Trippie Redd) (prod. AyeyoQueBeats)",Track 7 on All The Time EP,3:25,"Dec 1, 2016",Feature,No,https://soundcloud.com/ttokt/doin-my-thang-ft-trippie-redd-prod-ayeyoque
White Room Project,"Love and Drugs
(feat. Kodie Shane) (prod. 808-H)",A single before the release of White Room Project,2:00,"Dec 9, 2016",Single,No,https://soundcloud.com/trippie-hippie-2/love-and-drugs?in=ruth-leyva/sets/bizzy
White Room Project,"Trap Star [Big-14] freestyle 1400 1400 1400
(prod. Eksay)",Track 7 on White Room Project.,3:14,"Dec 17, 2016",Single,No,https://soundcloud.com/trippie-hippie-2/trap-star?in=trippie-hippie-2/sets/white-room-project&utm_source=clipboard&utm_medium=text&utm_campaign=social_sharing
White Room Project,"Way on
(prod. 808-H)",Track 1 on White Room Project.,2:28,"Jan 18, 2017",Album Track,No,https://soundcloud.com/trippie-hippie-2/way-on?in=trippie-hippie-2/sets/white-room-project&utm_source=clipboard&utm_medium=text&utm_campaign=social_sharing
White Room Project,"Long Way Home From Mars!
(prod. Elliott Trent)",Track 2 on White Room Project.,2:56,"Jan 18, 2017",Album Track,No,https://soundcloud.com/trippie-hippie-2/long-way-home-from-mars?in=trippie-hippie-2/sets/white-room-project&utm_source=clipboard&utm_medium=text&utm_campaign=social_sharing
White Room Project,"Triple Double
(prod. 808-H)",Track 3 on White Room Project.,3:16,"Jan 18, 2017",Album Track,No,https://soundcloud.com/trippie-hippie-2/triple-double?in=trippie-hippie-2/sets/white-room-project&utm_source=clipboard&utm_medium=text&utm_campaign=social_sharing
White Room Project,"Purple Vibes [UNKOWWWWWN1400]
(feat. TTO K.T.) (prod. 808-H)",Track 4 on White Room Project.,2:13,"Jan 18, 2017",Album Track,No,https://soundcloud.com/trippie-hippie-2/purple-vibes?in=trippie-hippie-2/sets/white-room-project&utm_source=clipboard&utm_medium=text&utm_campaign=social_sharing
White Room Project,"Hurt to the Bone
(prod. 808-H)",Track 5 on White Room Project.,2:36,"Jan 18, 2017",Album Track,No,https://soundcloud.com/trippie-hippie-2/hurt-to-the-bone?in=trippie-hippie-2/sets/white-room-project&utm_source=clipboard&utm_medium=text&utm_campaign=social_sharing
"6 Album Track(s)
5 Single(s)
5 Feature(s)
4 Music Video(s)
0 Other",A Love Letter To You,"(Jan 18, 2017) (White Room Project is released)
(May 12, 2017) (A Love Letter To You is released)",,,Other,,
A Love Letter To You,"Trap Star [Big-14] freestyle 1400 1400 1400 [Music Video]
(prod. Eksay)","Official music video for track 7 on White Room Project, shot by Drew Got'em.",3:16,"Feb 7, 2017",Other,No,https://www.youtube.com/watch?v=1kgChdfY2BY
A Love Letter To You,"Stoves on 14th
(feat. Black Jezuss) (prod. Elf)",Track 9 on A Love Letter To You. The lead single for the project.,2:20,"Mar 2, 2017",Single,Yes,https://open.spotify.com/track/6GgFab0fIne7mWv0dVDUwj?si=7a53e33ea88540f6
A Love Letter To You,"Drew Got'em - Get Lit / Good Lick
(feat. Trippie Redd)",2017 feature.,3:26,"Mar 21, 2017",Feature,No,https://soundcloud.com/wgpwdg/trippie-redd-drew-gotem-get-litgood-lick
A Love Letter To You,"Love Scars Pt. 2/Rack City
(feat. Antonia & Chris King) (prod. DJ Flippp & 12Hunna)",Track 2 on A Love Letter To You.,2:35,"Mar 22, 2017",Single,Yes,https://open.spotify.com/track/4Hmzj2EdzewmfORtJZhNnV?si=0925dd9f120c499f
A Love Letter To You,"Black Jezuss - STOMP
(feat. Trippie Redd)",2017 feature.,3:07,"Mar 26, 2017",Feature,Yes,https://open.spotify.com/track/3zvmlsK3SeBfMeHhw2uFVj?si=281d05e999af4be1
A Love Letter To You,"Lost Tribe - I'ma Dog
(feat. Trippie Redd & Lil Wop) (prod. Quattro Mac)",2017 feature.,3:25,"Mar 30, 2017",Feature,No,https://soundcloud.com/quattromac/trippie-redd-ima-dog-ft-lost-tribe-lil-wop-1017-prod-by-quattro-mac?in=noqoylx1etim%2Fsets%2Frfqcaeh25tfx
A Love Letter To You,"Lil Twist - Gotta Be Crazy
(feat. Jazz Lazer & Trippie Redd) (prod. Fuego)",Track 5 on Lil Twist's mixtape Young Carter.,4:04,"Apr 12, 2017",Feature,No,https://soundcloud.com/liltwist/5-gotta-be-crazy-ft-jaz-lazar?utm_source=clipboard&utm_medium=text&utm_campaign=social_sharing
A Love Letter To You,"No Smoke No Smoke 1400 B.C. / Sauce [Music Video]
(feat. Pachino) (prod. Elf)","Official music video for track 8 on A Love Letter To You, shot by rwfilmss.",2:39,"Apr 14, 2017",Other,No,https://www.youtube.com/watch?v=mCFu5qe5ozA
A Love Letter To You,"No Smoke No Smoke 1400 B.C. / Sauce
(feat. Pachino) (prod. Elf)",Track 8 on A Love Letter To You. The second single for the project.,2:27,"Apr 16, 2017",Single,Yes,https://open.spotify.com/track/0ePSE4Q9C89DCqB4py1Ksb?si=c986321b5c314f5b
A Love Letter To You,"Poles 1469
(feat. 6ix9ine) (prod. Pi'erre Bourne)",Track 7 on A Love Letter To You. The third single for the project.,2:29,"Apr 27, 2017",Single,Yes,https://open.spotify.com/track/7o1RFIJYqa7tsbZ79LRR3n?si=bf85efc4b0584b8d
A Love Letter To You,"Poles 1469 [Music Video]
(feat. 6ix9ine) (prod. Pi'erre Bourne)","Official music video for track 7 on A Love Letter To You, uploaded on the channel FCK THEM, directed by Figure Eight Films, Filmed and edited by TrifeDrew, and Mixed and mastered by Wizard Lee of Feet1stmusic.",2:38,"Apr 27, 2017",Other,No,https://open.spotify.com/track/7o1RFIJYqa7tsbZ79LRR3n?si=bf85efc4b0584b8d
A Love Letter To You,"ES Mario - Destiny
(feat. Trippie Redd)",May 2017 feature.,1:57,"May 1, 2017",Feature,No,https://soundcloud.com/es-mario/destiny-ft-trippied-redd
A Love Letter To You,"Blade Of Woe
(feat. Famous Dex) (prod. DJ Flippp, Trippie Redd & 12Hunna)",Track 5 on A Love Letter To You. The final single from the project.,3:08,"May 9, 2017",Single,Yes,https://open.spotify.com/track/6OUH1tn9azIAJZykbKL8hj?si=00244e4d910c458a
A Love Letter To You,"Blade Of Woe [Music Video]
(feat. Famous Dex) (prod. DJ Flippp, Trippie Redd & 12Hunna)","Official music video for track 5 on A Love Letter To You, uploaded on the channel No More Heroes, filmed & edited by Richard Wolfe Films @rwfilmss.",2:58,"May 9, 2017",Other,No,https://www.youtube.com/watch?v=gf8yAg2_N5s
A Love Letter To You,"Romeo & Juliet
(prod. Goose the Guru)",Track 3 on A Love Letter To You.,3:28,"May 12, 2017",Album Track,Yes,https://open.spotify.com/track/3KJOUaUnv6jud8TqFnBcgc?si=8e9bbb6810e24054
A Love Letter To You,"Deeply Scared
(feat. UnoTheActivist) (prod. DJ Flippp & 12Hunna)",Track 4 on A Love Letter To You.,3:20,"May 12, 2017",Album Track,Yes,https://open.spotify.com/track/0urDQgcfUzgt2ETeNMOswm?si=1221cbafc84b4a72
A Love Letter To You,"It Takes Time
(prod. Goose the Guru)",Track 6 on A Love Letter To You.,4:42,"May 12, 2017",Album Track,Yes,https://open.spotify.com/track/3nM4VrvNxVxLY8tCSZHUIb?si=90959d3e14664c23
A Love Letter To You,"Limitless
(feat. Rocket Da Goon & Lil Tracy) (prod. DP Beats)",Track 10 on A Love Letter To You.,4:00,"May 12, 2017",Album Track,Yes,https://open.spotify.com/track/6noXNtw2bAqfi2hw75U1ig?si=2befb5c39ba242e1
A Love Letter To You,"Can You Rap Like Me?
(prod. P. Soul)",Track 11 on A Love Letter To You.,2:42,"May 12, 2017",Album Track,Yes,https://open.spotify.com/track/4Dr27JIX3jMbTUAjfO0hQi?si=d3e8e876e9aa4c8f
A Love Letter To You,"Never Ever Land
(prod. Peyote)",Track 12 on A Love Letter To You.,2:26,"May 12, 2017",Album Track,Yes,https://open.spotify.com/track/6YBUD3rcjkmzQPBn5uXgzz?si=6d7bb33827da4115
"2 Album Track(s)
1 Single(s)
10 Feature(s)
9 Music Video(s)
3 Other",A Love Letter You'll Never Get...,"(May 12, 2017) (A Love Letter To You is released)
(Aug 29, 2017) (A Love Letter You'll Never Get... is released)",,,Other,,
A Love Letter You'll Never Get...,"Never Ever Land [Music Video]
(prod. Peyote)","Official music video for track 12 on A Love Letter To You, shot by ADiTL Production.",3:00,2017,Other,No,https://www.youtube.com/watch?v=-OPIPylGHKc
A Love Letter You'll Never Get...,"Limitless [Music Video]
(feat. Rocket Da Goon & Lil Tracy) (prod. DP Beats)","Official music video for track 10 on A Love Letter To You, shot & edited by GxdlikeVisuals",4:00,"May 29, 2017",Other,No,https://www.youtube.com/watch?v=6AuuLSZmA1Y
A Love Letter You'll Never Get...,"GLEEEMING KARNIVAL
(prod. Digital Nas)",Released on Trippie's Soundcloud.,2:13,"Jun 4, 2017",Other,No,https://soundcloud.com/trippie-hippie-2/gleeeming-karnival
A Love Letter You'll Never Get...,"Oowee / Thots
(prod. Pi’erre Bourne)",Released on Quan'ta's Soundcloud.,1:38,"Jun 5, 2017",Other,No,https://soundcloud.com/isk8money/trippie-redd-oowee
A Love Letter You'll Never Get...,"Gway - Sauce
(feat. Trippie Redd)",Track 12 The G Way.,3:52,"Jun 7, 2017",Feature,Yes,https://open.spotify.com/track/32iLo5RzwnGQj3KWkrqHrk?si=44701136adf44d87
A Love Letter You'll Never Get...,"Gave Her Soul Away [Music Video]
(feat. Lil Wop) (prod. GamerBoomin & Nikko Bunkin)","Official music video for track 1 on Angels & Demons, filmed and edited by Savani Productions.",2:12,"Jun 9, 2017",Other,No,https://www.youtube.com/watch?v=m74AiQpwBWs
A Love Letter You'll Never Get...,"TTO K.T. - Finessin
(feat. Trippie Redd) (prod. AyeyoQueBeats)",Track 14 on PRDB3.,3:10,"Jun 10, 2017",Feature,No,https://soundcloud.com/ttokt/finessin-feat-trippie-redd?in=ttokt/sets/prdb3
A Love Letter You'll Never Get...,"TTO K.T. - Tokyo Drift
(feat. Trippie Redd)",Track 6 on PRDB3.,3:59,"Jun 10, 2017",Feature,No,https://soundcloud.com/ttokt/tokyo-drift-feat-trippie-redd?utm_source=clipboard&utm_medium=text&utm_campaign=social_sharing
A Love Letter You'll Never Get...,"Romeo & Juliet [Music Video]
(prod. Goose the Guru)","Official music video for track 3 on A Love Letter To You, released on the WORLDSTARHIPHOP channel, directed and edited by Osean World, Clifford Simpson & Damien Aku",3:30,"Jun 12, 2017",Other,No,https://www.youtube.com/watch?v=5eixJgD0OLU
A Love Letter You'll Never Get...,"Chair Falling
(prod. Hollywood Don)",A single released after A Love Letter To You.,2:28,"Jun 13, 2017",Single,Yes,https://open.spotify.com/track/1X2QksDkZ0JXJW7oFbOAOT?si=cc9ad16b31c54bdd
A Love Letter You'll Never Get...,"Quan'ta - No Joke
(feat. Trippie Redd) (prod. WLVS JULES)
(Beat The Box)",June 2017 feature.,3:21,"Jun 18, 2017",Feature,Yes,https://open.spotify.com/track/10uDkqTsaLIbd3cEFxPY2b?si=c2d8055ebe5c47c7
A Love Letter You'll Never Get...,"Love Scars [Music Video]
(prod. Elliott Trent)
(Love Scars/You hurt me)","Official music video for track 1 on A Love Letter To You, directed by Peter Chen and produced by Mikko Kuokka",2:33,"Jun 25, 2017",Other,No,https://www.youtube.com/watch?v=NUNYcwDkBPc
A Love Letter You'll Never Get...,"Quan'ta - No Joke [Music Video]
(feat. Trippie Redd) (prod. WLVS JULES)
(Beat The Box)","Official music video, shot by @filmyoufamily.",3:21,"Jul 1, 2017",Other,No,https://www.youtube.com/watch?v=Buv1Orf2ejg
A Love Letter You'll Never Get...,"Owee [Music Video]
(feat. 6ix9ine & UnoTheActivist) (prod. Pi’erre Bourne)","Released with a music video on the FCK THEM channel with a Twisted Metal aesthetic, directed by Figure Eight Films, filmed and edited by TrifeDrew, mixed and mastered by Wizard Lee of Feet1stmusic",3:51,"Jul 3, 2017",Other,No,https://www.youtube.com/watch?v=kjgDor5Oo4g
A Love Letter You'll Never Get...,"Uh Oh, Thots! (Remix)
(with XXXTENTACION) (prod. Pi’erre Bourne)
(Oowee / Thots)",Released on XXXTENTACION's Soundcloud.,3:03,"Jul 4, 2017",Other,No,https://soundcloud.com/jahseh-onfroy/xxxtentacion-trippie-red-uh-oh-thots-remix
A Love Letter You'll Never Get...,"PACkmaN - Rachet
(feat. Trippie Redd & Smokepurpp) (prod. Pedro Flexin)",Track 3 on Rich Before the Deal.,1:55,"Jul 7, 2017",Feature,Yes,https://open.spotify.com/track/4E79ZdcNbBhRLwzw8A6r7n?si=fa56ab38a77a44d3
A Love Letter You'll Never Get...,"Famous Dex - A Must
(feat. Trippie Redd & Pachino) (prod. LewisYouNasty)",Track 4 on Read About It.,2:59,"Jul 18, 2017",Feature,No,https://soundcloud.com/pluggedsoundz/famous-dex-a-must-feat-trippie-redd-pachino
A Love Letter You'll Never Get...,"Zay Hilfigerrr - Insane XoXo
(feat. Trippie Redd) (prod. Hendrix Smoke)",Released on WAYYVE's Soundcloud.,3:26,"Jul 25, 2017",Feature,No,https://soundcloud.com/wayyve/zay-hilfiger-trippie-redd-insane-xo-xo
A Love Letter You'll Never Get...,Dirty Redd [Music Video],"Official music video for the song Dirty Redd, shot by avixgod.",3:28,"Jul 26, 2017",Other,No,https://www.youtube.com/watch?v=pZZ3PNlV_sg
A Love Letter You'll Never Get...,"ES Mario - Mario World 3
(feat. Trippie Redd)",August 2017 feature.,2:57,"Aug 9, 2017",Feature,No,https://soundcloud.com/es-mario/mario-world-3-ft-trippie-redd
A Love Letter You'll Never Get...,"Gleam [Music Video]
(feat. Lil Wop) (prod. 4point0LehGo)","Released with a music video on WORLDSTARHIPHOP, shot by Good Sherm",3:07,"Aug 12, 2017",Other,No,https://www.youtube.com/watch?v=GC3aPl29V1I
A Love Letter You'll Never Get...,"Warhol.SS - YSL
(feat. Trippie Redd) (prod. Cortdot)",Track 8 on Where’s Warhol?,2:48,"Aug 15, 2017",Feature,Yes,https://open.spotify.com/track/7hC864wG9OH4b7iqRLIW8H?si=b7985fec419443b9
A Love Letter You'll Never Get...,"XXXTENTACION - Fuck Love
(feat. Trippie Redd) (prod. TrackSlayerz, Nick Mira, Taz Taylor & Detail)",Track 8 on 17.,2:26,"Aug 25, 2017",Feature,Yes,https://open.spotify.com/track/7AQim7LbvFVZJE3O8TYgf2?si=93f29e8ac9264d9b
A Love Letter You'll Never Get...,"Woah Woah Woah
(feat. Bali Baby) (prod. Young God)
(Crashbandicoot and Chill)",Track 1 on A Love Letter You'll Never Get... and track 5 on A Love Letter To You 2.,3:42,"Aug 29, 2017",Album Track,Yes,https://open.spotify.com/track/2gltiPEvkB5xZxAUMiYQ4U?si=18a389e0f2104ad8
A Love Letter You'll Never Get...,"I Know How to Self Destruct
(prod. Young God)",Track 2 on A Love Letter You'll Never Get... and track 13 on A Love Letter To You 2.,1:42,"Aug 29, 2017",Album Track,Yes,https://open.spotify.com/track/6O3F6eB4Z7t06mTzreSGDs?si=39beeae5a4c04abc
"10 Album Track(s)
2 Single(s)
5 Feature(s)
3 Music Video(s)
0 Other",A Love Letter To You 2,"(Aug 29, 2017) (A Love Letter You'll Never Get... is released)
(Oct 6, 2017) (A Love Letter To You 2 is released)",,,Other,,
A Love Letter To You 2,"Bust Down
(prod. Goose the Guru)",Track 1 on A Love Letter To You 2. The lead single of the project.,4:05,"Sep 15, 2017",Single,Yes,https://open.spotify.com/track/173KirQOJcXBCyqADQBpt9?si=ac7687a2c4f64556
A Love Letter To You 2,"UnoTheActivist - Sunset
(feat. Trippie Redd) (prod. Fxnesse2x)
(Dusk Till Dawn)",Track 17 on Live.Shyne.Die.,3:45,"Sep. 16, 2017",Feature,Yes,https://open.spotify.com/track/3kVi29DSUwbm40F0Xh1NOR
A Love Letter To You 2,"Bust Down [Music Video]
(prod. Goose the Guru)","Official music video for track 1 on A Love Letter To You 2, edited by Kiano Gingell",3:59,"Sep 18, 2017",Other,No,https://www.youtube.com/watch?v=-xNTqzi88v0
A Love Letter To You 2,"AyeYoQue - Hang Wit
(feat. Trippie Redd) (prod. Elliott Trent)",September 2017 feature.,3:01,"Sep 20, 2017",Feature,Yes,https://open.spotify.com/track/0k8a8MsGA9nWAgJ40j7xpc?si=2689653b58964ebc
A Love Letter To You 2,"Its OK [Music Video]
(feat. T-Wayne) (prod. Yung Lan)
(okok xxxxx)","Official music video for track 4 on Rock The World Trippie (xxxxx), shot by Movie Mafia.",3:27,"Sep 25, 2017",Other,No,https://www.youtube.com/watch?v=lHqzgzVGp7Y
A Love Letter To You 2,"In Too Deep
(prod. Goose the Guru & Paris The Producer)",Track 3 on A Love Letter To You 2. The final single of the project.,3:43,"Sep 27, 2017",Single,Yes,https://open.spotify.com/track/12HuSGHKC4aw3kveG29yGr?si=ae28df88f7a84eb8
A Love Letter To You 2,"DRAM - ILL NANA
(feat. Trippie Redd) (prod. Slade Da Monsta)",Track 17 on Big Baby DRAM (Deluxe).,3:16,"Sep 29, 2017",Feature,Yes,https://open.spotify.com/track/6vAPPcbTWRvRiDCW2n3lw5?si=befae57118754a76
A Love Letter To You 2,"Rack City [Music Video]
(feat. Antonia & Chris King) (prod. DJ Flippp & 12Hunna)
(Love Scars Pt. 2)","Official music video for track 2 on A Love Letter To You, released on the Lyrical Lemonade channel, directed by Cole Bennett",2:43,"Oct 2, 2017",Other,No,https://www.youtube.com/watch?v=3_9oWjP0LOQ
A Love Letter To You 2,"Rocket Da Goon - Picture Perfect
(feat. Trippie Redd) (prod. Goose the Guru)",Track 7 on Pluto Talk.,3:21,"Oct 5, 2017",Feature,No,https://soundcloud.com/rocketdagoon/picture-perfect-ft-trippie?utm_source=clipboard&utm_medium=text&utm_campaign=social_sharing
A Love Letter To You 2,"Rocket Da Goon - Reservoir Dogs
(feat. Trippie Redd, Chris King, & Lil Wop) (prod. Goose the Guru)",Track 13 on Pluto Talk.,2:09,"Oct 5, 2017",Feature,No,https://soundcloud.com/rocketdagoon/reservoir-dogs-ft-lil-wop?utm_source=clipboard&utm_medium=text&utm_campaign=social_sharing
A Love Letter To You 2,"Feel Good
(feat. Cydnee with a C & Khalil) (prod. Goose the Guru & Paris The Producer)",Track 2 on A Love Letter To You 2.,3:20,"Oct 6, 2017",Album Track,Yes,https://open.spotify.com/track/4acEiQQWivvWQGIWNi386A?si=e853d3b657be42d7
A Love Letter To You 2,"Deadman's Wonderland
(feat. Antionia) (prod. Goose the Guru)",Track 4 on A Love Letter To You 2.,3:57,"Oct 6, 2017",Album Track,Yes,https://open.spotify.com/track/0DbsK4BPOLn05Ob7ENZ6tc?si=3f97aa15c8a24ccc
A Love Letter To You 2,"Back of My Mind
(feat. Chris King & Cydnee with a C) (prod. Grey Goon)",Track 6 on A Love Letter To You 2.,4:46,"Oct 6, 2017",Album Track,Yes,https://open.spotify.com/track/2fy14rT0OTgqLZp1kr5OWK?si=5a76d0dd2391476b
A Love Letter To You 2,"Today
(feat. UnoTheActivist) (prod. Goose the Guru & Tayo Fetti)",Track 7 on A Love Letter To You 2.,3:37,"Oct 6, 2017",Album Track,Yes,https://open.spotify.com/track/5J69FRvIbwILz3eZWDKDz0?si=d171bec4868d4b13
A Love Letter To You 2,"Hellboy
(prod. Apollo 7VEN & Onassis)",Track 8 on A Love Letter To You 2.,3:08,"Oct 6, 2017",Album Track,Yes,https://open.spotify.com/track/08LNqSBhE9ygNEHD6YFQrW?si=429c005ef58d47ab
A Love Letter To You 2,"Back Back Back
(prod. Digital Nas)",Track 9 on A Love Letter To You 2.,3:59,"Oct 6, 2017",Album Track,Yes,https://open.spotify.com/track/5zv82UQyHlcAZuHhzW98M8?si=6f6d751058484db3
A Love Letter To You 2,"Dangerous
(feat. Chris King & Rocket Da Goon) (prod. FourtyEight)",Track 10 on A Love Letter To You 2.,3:47,"Oct 6, 2017",Album Track,Yes,https://open.spotify.com/track/0T4bGnIXNor4kIkEjCOHxw?si=f2cd0402db0a42b8
A Love Letter To You 2,"Overweight
(feat. Chris King) (prod. 12Hunna & DY Krazy)",Track 11 on A Love Letter To You 2.,3:17,"Oct 6, 2017",Album Track,Yes,https://open.spotify.com/track/0CGGXTm4BTUQ0cfxhoTvpg?si=61d6cbdf5af84357
A Love Letter To You 2,"Overdose on L1FE
(prod. ARNOLDISDEAD & Goose the Guru)
(Overdose)",Track 12 on A Love Letter To You 2.,2:04,"Oct 6, 2017",Album Track,Yes,https://open.spotify.com/track/6RKF2IhlENtPzy1d4lEbqD?si=e753005f89964f14
A Love Letter To You 2,"Let Me Down
(prod. Hollywood Don)",Track 14 on A Love Letter To You 2.,2:48,"Oct 6, 2017",Album Track,Yes,https://open.spotify.com/track/7FHtSNu6kvhJPMdkSVHr3u?si=1e2d40f46281492c
"5 Album Track(s)
0 Single(s)
0 Feature(s)
0 Music Video(s)
0 Other","Angels & Demons
(Collaboration with Lil Wop)","(Oct 6, 2017) (A Love Letter To You 2 is released)
(Oct 31, 2017) (Angels & Demons with Lil Wop is released)",,,Other,,
Angels & Demons,"Gave Her Soul Away
(with Lil Wop) (prod. GamerBoomin & Nikko Bunkin)",Track 1 on Rock The World Trippie (xxxxx). This version fades out Jerome Milly's verse at the end.,2:12,"Oct 31, 2017",Album Track,Yes,https://open.spotify.com/track/7kg2OXMyI3IrK20YozwDqS?si=f51be59b239d4961
Angels & Demons,"Gleam
(with Lil Wop) (prod. 4point0LehGo)",Track 2 on Angels & Demons.,2:54,"Oct 31, 2017",Album Track,Yes,https://open.spotify.com/track/7duNI1EQlN97teMaBKtRs5?si=29917aa2929a47b9
Angels & Demons,"N A DAZE
(with Lil Wop) (prod. Digital Nas)",Track 3 on Angels & Demons.,2:25,"Oct 31, 2017",Album Track,Yes,https://open.spotify.com/track/1U71Xbsep8z6GSNNsoOlMB?si=11b6827571db424a
Angels & Demons,"Like A Savage
(with Lil Wop) (prod. 4point0LehGo)",Track 4 on Angels & Demons.,2:21,"Oct 31, 2017",Album Track,Yes,https://open.spotify.com/track/3A8oC5uIeT9KLftDm3IHlJ?si=cc13ca965fa84fdf
Angels & Demons,"Too Long
(with Lil Wop) (prod. 4point0LehGo)",Track 5 on Angels & Demons.,3:46,"Oct 31, 2017",Album Track,Yes,https://open.spotify.com/track/3ffge0NiriCGcx5Ac8cjrG?si=363f911796034853
"2 Album Track(s)
3 Single(s)
26 Feature(s)
12 Music Video(s)
8 Other",TR666+!$ 1400/800,"(Oct 31, 2017) (Angels & Demons with Lil Wop is released)
(Jul 25, 2018) (TR666+!$ 1400/800 is released)",,,Other,,
TR666+!$ 1400/800,"Overweight [Music Video]
(feat. Chris King) (prod. 12Hunna & DY Krazy)","Official music video for track 1 on A Love Letter To You 2, uploaded on the channel No More Heroes, produced by 12MillionGlo, shot by Azeez Alaka, edited by Triptych Visuals.",2:52,"Nov 2, 2017",Other,No,https://www.youtube.com/watch?v=OvMwvYklW0I
TR666+!$ 1400/800,"Chris King - VIRAL
(feat. Trippie Redd, Rocket Da Goon, & Lil Wop)",Track 12 on Leonardo Di’Trappio.,3:33,"Nov 6, 2017",Feature,No,https://soundcloud.com/chriskingsoundcloud/viral-feat-lil-wop-trippie-redd-rocket-da-goon?utm_source=clipboard&utm_medium=text&utm_campaign=social_sharing
TR666+!$ 1400/800,"Red Drum - Trappin
(feat. Trippie Redd & Famous Dex) (prod. 12Hunna & Red Drum)",November 2017 feature.,4:26,"Nov 10, 2017",Feature,Yes,https://open.spotify.com/track/1JHQKXSAIuseQBXinVBNgN?si=992fdce7df3f4773
TR666+!$ 1400/800,"Rich The Kid - Early Morning Trappin
(feat. Trippie Redd) (prod. Vaiyeh & T-Minus)",Track 11 on The World Is Yours.,3:21,"Nov 20, 2017",Feature,Yes,https://open.spotify.com/track/5I9ToLsF7Rrt9PZ71uk0Qq?si=94364b1f96134f39
TR666+!$ 1400/800,"Rasta Papii - Pull Up In A Coup
(feat. Trippie Redd) (prod. Rasta Papii)",November 2017 feature.,2:52,"Nov 21, 2017",Feature,No,https://soundcloud.com/rastarebelz_nation1/rasta-papii-ft-trippie-redd-pull-up-in-a-coup
TR666+!$ 1400/800,"DRAM - ILL NANA [Music Video]
(feat. Trippie Redd) (prod. 12Hunna & DY Krazy)","Official music video for track 17 on Big Baby DRAM (Deluxe), directed by Bobby Hanaford, edited by Glassface, video commissioner being Joseph Boyd.",2:52,"Nov 21, 2017",Other,No,https://www.youtube.com/watch?v=HLuQbbMnlK4
TR666+!$ 1400/800,"Dark Knight Dummo
(feat. Travis Scott) (prod. Honorable C.N.O.T.E)",Track 9 on LIFE'S A TRIP. The lead single of the project.,4:16,"Dec 6, 2017",Single,Yes,https://open.spotify.com/track/1pfwOQKJsRRBf6NdYO4Qog?si=bef4346daa4646f6
TR666+!$ 1400/800,"Chris Brown - Yoppa
(feat. Trippie Redd) (prod. Amadeus, DRO & Velocity Music Group)",Track 9 on Heartbreak on a Full Moon (Deluxe Edition): Cuffing Season - 12 Days of Christmas.,3:03,"Dec 13, 2017",Feature,Yes,https://open.spotify.com/track/3BuwxIMcFvxFOiGfXyN3I7?si=8e110652c89b49bb
TR666+!$ 1400/800,"Chris King - Fuck Your Speakers
(feat. Quan'ta & Trippie Redd) (prod. Elf)",Track 7 on Leonardo Di’Trappio.,4:07,"Dec 20, 2017",Feature,Yes,https://open.spotify.com/track/7CS7b5AvsYRZ9MU1pOmnKZ?si=ce1a8e00b9dc4948
TR666+!$ 1400/800,"Chris King - 1400 SNOTTY NOSE
(feat. Trippie Redd) (prod. MoniBeatz)",Track 15 on Leonardo Di’Trappio.,3:11,"Dec 20, 2017",Feature,Yes,https://open.spotify.com/track/6THo3eEKzDjQZxbsSTVAzq?si=5fcfbfa08b4d47e3
TR666+!$ 1400/800,"TR666 [V1]
(feat. Swae Lee) (prod. Scott Storch)
(Lead The Youth / 3rd Eye Visions)",Released on Trippie's SoundCloud,2:31,"Dec 25, 2017",Other,No,https://soundcloud.com/trippie-hippie-2/tr666?utm_source=clipboard&utm_medium=text&utm_campaign=social_sharing
TR666+!$ 1400/800,"Maxo Kream - Capeesh
(feat. Trippie Redd) (prod. Tommy Kruise)",Track 3 on Punken.,3:36,"Jan 12, 2018",Feature,Yes,https://open.spotify.com/track/6wsjjvAT8XNRIMa9ZXHYTZ?si=fdbea863cf554c6b
TR666+!$ 1400/800,"Kris Wu - 18
(feat. Trippie Redd, Joji, Rich Brian, & Baauer) (prod. Rich Brian, Joji & Baauer)",Janurary 2018 feature.,3:11,"Jan 16, 2018",Feature,Yes,https://open.spotify.com/track/3wrPaT9MQxCG1LQmNvNRed?si=b787edbbde7d4cf4
TR666+!$ 1400/800,"Kris Wu - 18 [Music Video]
(feat. Trippie Redd, Joji, Rich Brian, & Baauer) (prod. Rich Brian, Joji & Baauer)","Released on the Complex YouTube channel, directed by BRTHR.",4:13,"Jan 18, 2018",Other,No,https://www.youtube.com/watch?v=bSSFwCoaX4Y
TR666+!$ 1400/800,"Hoodybaby - Lifestyle
(feat. Trippie Redd) (prod. Danny Wolf)",Janurary 2018 feature.,4:13,"Jan 26, 2018",Feature,Yes,https://open.spotify.com/track/31yhd4o6ZTrUcyYVuuDyMH?si=7ffacea6a98d4761
TR666+!$ 1400/800,"Hellboy [Music Video]
(prod. Apollo 7VEN & Onassis)","Official music video for track 8 on A Love Letter To You 2, released on the 88rising channel, directed and edited by mamesjao.",3:15,"Jan 29, 2018",Other,No,https://www.youtube.com/watch?v=Y3BcfWvhPbA
TR666+!$ 1400/800,"In Too Deep [Music Video]
(prod. Goose the Guru & Paris The Producer)","Official music video for track 8 on A Love Letter To You 2, directed by Matthew Keane, produced by ADiTL Productions, edited by FrussoHD.
Warning: The video has the potential to induce seizures for people with photosensitive epilepsy.",3:47,"Feb 18, 2018",Other,No,https://www.youtube.com/watch?v=c3H4vUP7YUU
TR666+!$ 1400/800,"Dark Knight Dummo [Music Video]
(feat. Travis Scott) (prod. Honorable C.N.O.T.E.)","Official music video for track 9 on LIFE'S A TRIP, directed by White Trash Tyler.",4:16,"Feb 20, 2018",Other,No,https://www.youtube.com/watch?v=wrvN87l3s08
TR666+!$ 1400/800,"Dead Dogs
(feat. Famous Dex) (prod. 12Hunna)",Febuary 2018 song released on SoundCloud.,3:03,"Feb 20, 2018",Other,No,https://soundcloud.com/wavedontdie/trippie-redd-dead-dogs-feat-famous-dex?utm_source=clipboard&utm_medium=text&utm_campaign=social_sharing
TR666+!$ 1400/800,"UKA UKA
(prod. OZ)",Track 10 on LIFE'S A TRIP. The second single of the project.,2:44,"Feb 19, 2018",Single,Yes,https://open.spotify.com/track/0ZvmYnvf4OvqXcs8pOZn2e?si=101239ec67724559
TR666+!$ 1400/800,"Lil Yachty - 66
(feat. Trippie Redd) (prod. DY Krazy & Steve Lean)",Track 17 on Lil Boat 2.,2:33,"Mar 9, 2018",Feature,Yes,https://open.spotify.com/track/6tarvNiKnEjYMj1VZhlDqR?si=972b2ada38694a25
TR666+!$ 1400/800,"TTO K.T. - Yeah X3
(feat. Trippie Redd) (prod. Elliott Trent)",Track 4 on Vibes.,4:17,"Mar 14, 2018",Feature,Yes,https://open.spotify.com/track/6nrM52PU3l8yKbXDZzCwcS?si=004bb51b3ee6454d
TR666+!$ 1400/800,"Rich The Kid - Early Morning Trappin [Music Video]
(feat. Trippie Redd) (prod. Vaiyeh & T-Minus)","Official music video for track 11 on The World Is Yours, directed by John Rawlins.",3:23,"Mar 16, 2018",Other,No,https://www.youtube.com/watch?v=ZdcWu6PZZo0
TR666+!$ 1400/800,"Alison Wonderland - High [Music Video]
(feat. Trippie Redd) (prod. Vaiyeh & T-Minus)","Official music video for track 5 on Awake, animations done by Jayme Lemperle & Evan Red Borja, shot and edited by Jeffery Zoss.",3:23,"Mar 20, 2018",Other,No,https://www.youtube.com/watch?v=I6KF0PwjSjM
TR666+!$ 1400/800,"Chris King - BOOL
(feat. Trippie Redd, Mozzy, YG, Traphouse Ryan) (prod. TraphouseRyan)",March 2018 feature.,3:52,"Mar 22, 2018",Feature,Yes,https://open.spotify.com/track/0zbMeNdxPakcl04WKZ3ObT?si=a08c7c5e85604b45
TR666+!$ 1400/800,"A1Billionaire - Rookie of the Year [Music Video]
(feat. Trippie Redd) (prod. CakeBoy Bally)","Official music video for track 7 on Saturday The 14th, released on the No Jumper YouTube channel, shot by Fuckaustyn and Christophe.",3:25,"Mar 23, 2018",Other,No,https://www.youtube.com/watch?v=wzUGYplHl_Q
TR666+!$ 1400/800,"A1Billionaire - Rookie of the Year
(feat. Trippie Redd) (prod. CakeBoy Bally)",Track 7 on Saturday The 14th.,3:04,"Mar 23, 2018",Feature,Yes,https://open.spotify.com/track/3aNs2fA1W7zDvzaL0PLRLM?si=fe3d0db820e14dfa
TR666+!$ 1400/800,"Diplo - Wish
(feat. Trippie Redd) (prod. Boaz van de Beatz, Wyatt Sanders & Diplo)",Track 4 on California.,2:55,"Mar 23, 2018",Feature,Yes,https://open.spotify.com/track/7lxOjQyVsHQ8toQeT7IgCc?si=c8166ce1d3144d1a
TR666+!$ 1400/800,"Who Run It Remix :]
(feat. Lil Yachty) (prod. Juicy J & DJ Paul)",Released on Trippie's SoundCloud,3:36,"Apr 4, 2018",Other,No,https://soundcloud.com/trippie-hippie-2/trippie-redd-lil-yachty-who-run-it-remix?utm_source=clipboard&utm_medium=text&utm_campaign=social_sharing
TR666+!$ 1400/800,"Sunny 2point0 - Man Down
(feat. Trippie Redd) (prod. 888)",May 2018 feature.,2:09,"Apr 5, 2018",Feature,Yes,https://open.spotify.com/track/4oC8gK1I6JEQ2T7dyQ5ujv?si=8df4f8fd87b24ab3
TR666+!$ 1400/800,"Alison Wonderland - High
(feat. Trippie Redd) (prod. Naderi & Alison Wonderland)",Track 5 on Awake.,2:54,"Apr 6, 2018",Feature,Yes,https://open.spotify.com/track/5qdPqyF6mc5rJBmQW5ppgA?si=26ea3d4e72624ceb
TR666+!$ 1400/800,"Lil Twist - Fires & Desires
(feat. Trippie Redd & Lil Wayne) (prod. Quin With The Keyz)",The song was intended for Lil Twist’s Young Carter 2 project then Trippie hinted the track would allegedly appear on Dedication 6: Reloaded.,2:42,"Apr 13, 2018",Feature,No,https://soundcloud.com/liltwist/fires-desires-lil-twist-trippie-redd-lil-wayne
TR666+!$ 1400/800,"Deadman's Wonderland [Music Video]
(feat. Antionia) (prod. Goose the Guru)","Official music video for track 4 on A Love Letter To You 2, directed by Matt Keane.",6:32,"Apr 18, 2018",Other,No,https://www.youtube.com/watch?v=Xv2nPTJdXnQ
TR666+!$ 1400/800,"Diplo - Wish [Music Video]
(feat. Trippie Redd) (prod. Boaz van de Beatz, Wyatt Sanders & Diplo)","Official music video for track 4 on California, produced by Michael P Blevins and shot by Dennis Sengthong.",2:58,"Apr 25, 2018",Other,No,https://www.youtube.com/watch?v=efxiDBygvdg
TR666+!$ 1400/800,"Paris Shadow - GONE
(feat. Trippie Redd) (prod. Jo L’Z, KC Supreme, Travis Mills & Taz Taylor)",Track 3 on ONE NIGHT IN PARIS.,3:10,"Apr 25, 2018",Feature,Yes,https://open.spotify.com/track/2J84DvAAI8ph5DYojk3HPt?si=3a9cc839b0e0493a
TR666+!$ 1400/800,"Julia Michaels - Jump
(feat. Trippie Redd) (prod. Nick Monson)",Track 29 on Summer Feelin.,3:27,"May 4, 2018",Feature,Yes,https://open.spotify.com/track/2OvV4NjEBRE9v8Oo7QeUCq?si=c77e11dbf0cb48fd
TR666+!$ 1400/800,"I Kill People!
(feat. Chief Keef & Tadoe) (prod. Dez Wright & OZ)",June 2018 song released on SoundCloud.,2:41,"Jun 2, 2018",Other,No,https://soundcloud.com/trippie-hippie-2/i-kill-people?utm_source=clipboard&utm_medium=text&utm_campaign=social_sharing
TR666+!$ 1400/800,"Julia Michaels - Jump [Music Video]
(feat. Trippie Redd) (prod. Nick Monson)",Official music video for track 29 on Summer Feelin.,3:35,"Jun 8, 2018",Other,No,https://www.youtube.com/watch?v=Bkhpiwvvf8k
TR666+!$ 1400/800,"Crash
(feat. Smokepurpp) (prod. Lusi)",Released on 808-H's Soundcloud.,2:10,"Jun 13, 2018",Other,No,https://soundcloud.com/itsnotharold/808-h-presents-trippie-redd-smokepurpp-crash
TR666+!$ 1400/800,"GHOST BUSTERS
(feat. XXXTENTACION, Quavo, & Ski Mask The Slump God) (prod. Honorable C.N.O.T.E.)",June 2018 song released on SoundCloud.,4:09,"Jun 21, 2018",Other,No,https://soundcloud.com/trippie-hippie-2/ghostbusters?utm_source=clipboard&utm_medium=text&utm_campaign=social_sharing
TR666+!$ 1400/800,"How You Feel
(prod. Preme, Pro Logic & Austin Powerz)","Track 8 on LIFE'S A TRIP. Originally released alongside the song ""Me Likey""",4:34,"Jun 21, 2018",Single,Yes,https://open.spotify.com/track/2vYnRl38IfvoGxCdNwwRPV?si=7cdf0fe7176f4929
TR666+!$ 1400/800,"Me Likey
(prod. Austin Powerz, Sevn Thomas & OZ)",Released alongside with How You Feel.,2:41,"Jun 22, 2018",Other,Yes,https://open.spotify.com/track/37jZYQS8JGJGacgO5bKAYa?si=46884e7a89aa4e29
TR666+!$ 1400/800,"UnoTheActivist - Left Alone In The Dark
(feat. Trippie Redd) (prod. 12Hunna)","Was released on UnoTheActivist's SoundCloud then removed off of streaming, reason is unknown but it’s most likely due to sample clearance issues the instrumental samples Clouds by Gigi Masin.",3:58,"Jun 23, 2018",Feature,No,https://soundcloud.com/3400talibann/uno-leftalone-in-the-dark?utm_source=clipboard&utm_medium=text&utm_campaign=social_sharing
TR666+!$ 1400/800,"Third World Don - Third World Don
(feat. Trippie Redd) (prod. Drush & Cohen Yusha)
(Fuck That Bitch)",Released on Third World Don's SoundCloud.,4:26,"Jun 29, 2018",Feature,No,https://soundcloud.com/thirdworlddon/fck-dat-btch-feat-trippie-redd
TR666+!$ 1400/800,"Thy Pharmacy - Rockstar Lifestyle
(feat. Trippie Redd, Lil Wop, PB TROPP & Goldie14)","Track 2 on New Plug, Vol.1 Rx",3:55,"Jun 30, 2018",Feature,Yes,https://open.spotify.com/track/3eAbuRnPf9oj0q89nOZu0r?si=a4355b292acc4069
TR666+!$ 1400/800,"Flexinfab - Outta Ya Mind
(feat. Trippie Redd) (prod. Fuego)","Track 4 on Gutter Boy. Shares the same insturmental and verse as ""Gotta Be Crazy"" by Lil Twist & Jazz Lazer.",2:34,"Jul 13, 2018",Feature,Yes,https://open.spotify.com/track/447Sl17q7OxWMuZR35fiR5?si=3edaedcebeea43e6
TR666+!$ 1400/800,"Like That
(feat. Lil Durk & A Boogie wit da Hoodie) (prod. Austin Powerz, Sevn Thomas & OZ)
Me Likey (Remix)",Released on Uprise's Youtube channel,4:21,"Jul 19, 2018",Other,No,https://www.youtube.com/watch?v=akUc69tvd44
TR666+!$ 1400/800,"Kodie Shane - Love & Drugz II
(feat. Trippie Redd) (prod. Reske & OZ)",Track 2 on Young HeartThrob.,3:08,"Jul 20, 2018",Feature,Yes,https://open.spotify.com/track/7jpXUW6kpjAxUhcnobO8IW?si=c30c66870cd140b8
TR666+!$ 1400/800,"BrentRambo - Slow Down
(feat. Trippie Redd, Rocket Da Goon & Warhol.SS) (prod. BrentRambo)",The song was first released on BrentRambo's Soundcloud and is available on BrentRambo's old Spotify account.,3:38,"Jul 21, 2018",Feature,Yes,https://open.spotify.com/track/3Rrq3iPFiUera6ef2gbPU9?si=fda36bdcba3c4f80
TR666+!$ 1400/800,"Black Magic
(prod. Ricky P)",Track 1 on TR666+!$ 1400/800.,3:11,"Jul 25, 2018",Album Track,No,https://soundcloud.com/trippie-hippie-2/black-magic?in=trippie-hippie-2/sets/tr666&utm_source=clipboard&utm_medium=text&utm_campaign=social_sharing
TR666+!$ 1400/800,"BILAP
(feat. Chief Keef) (prod. Chopsquad DJ)
(Bust It Like A Pistol)",Track 2 on TR666+!$ 1400/800. This song is not avaliable on his offical soundcloud.,5:20,"Jul 25, 2018",Album Track,No,https://www.youtube.com/watch?v=Q3RjRlHjBtU
"9 Album Track(s)
2 Single(s)
0 Feature(s)
2 Music Video(s)
0 Other",LIFE'S A TRIP,"(Jul 25, 2018) (TR666+!$ 1400/800 is released)
(Aug 10, 2018) (LIFE'S A TRIP is released)",,,Other,,
LIFE'S A TRIP,"Taking A Walk [Music Video]
(prod. Avedon & Scott Storch)","Official music video for track 2 on LIFE'S A TRIP, directed by samieedotcom‬.",2:01,2018,Other,No,https://www.youtube.com/watch?v=1Lfcvi0Zo74
LIFE'S A TRIP,"Together
(prod. WE ARE THE STARS)
(Bigger Than Satan, A Love Letter Backwards)",Track 1 on LIFE'S A TRIP. The third single of the project.,2:44,"Jul 29, 2018",Single,Yes,https://open.spotify.com/track/5t6FrEOhDBQhDvY9hwPerz?si=947cd65cc5a846a2
LIFE'S A TRIP,"Together [Music Video]
(prod. WE ARE THE STARS)
(Bigger Than Satan)","Official music video for track 1 on LIFE'S A TRIP, shot by Matt Keane.",2:44,"Jul 29, 2018",Other,No,https://www.youtube.com/watch?v=AlE4XSHQ8Ss
LIFE'S A TRIP,"Taking A Walk
(prod. Avedon & Scott Storch)",Track 2 on LIFE'S A TRIP. The last single of the project.,2:01,"Aug 6, 2018",Single,Yes,https://open.spotify.com/track/6vSRW8utiYAdoCfJG2v86r?si=d237733cc4ef4dce
LIFE'S A TRIP,"Wish (Trippie Mix)
(with Diplo) (prod. Wyatt Sanders, Boaz van de Beatz & Diplo)",Track 3 on LIFE'S A TRIP.,2:56,"Aug 10, 2018",Album Track,Yes,https://open.spotify.com/track/0c0YHn3DIQLl1opsQDd9kO?si=c07cb81aa4f545fd
LIFE'S A TRIP,"Missing My Idols
(prod. Nik D & OZ)",Track 4 on LIFE'S A TRIP.,2:26,"Aug 10, 2018",Album Track,Yes,https://open.spotify.com/track/51dPQyVG0gSxrgybhR7Pxi?si=7780c3bd2a1341b4
LIFE'S A TRIP,"Forever Ever
(feat. Young Thug & Reese LAFLARE) (prod. G Koop & Murda Beatz)",Track 5 on LIFE'S A TRIP.,3:57,"Aug 10, 2018",Album Track,Yes,https://open.spotify.com/track/4bnq2OQUwACkp2vCEbY52g?si=0f7e33196c1941f1
LIFE'S A TRIP,"Bird Shit
(prod. WE ARE THE STARS & Wheezy)",Track 6 on LIFE'S A TRIP.,3:48,"Aug 10, 2018",Album Track,Yes,https://open.spotify.com/track/6HBzbL6FX6MfvTPCtS51iY?si=ef0a28dc66f54296
LIFE'S A TRIP,"BANG!
(prod. OZ)",Track 7 on LIFE'S A TRIP.,4:43,"Aug 10, 2018",Album Track,Yes,https://open.spotify.com/track/5uPvflN6t4ORihIjTHIQOu?si=5c648dbc395342f0
LIFE'S A TRIP,"Shake It Up
(prod. OZ, Wallis Lane, Angelo Arce & Mia Wallis)",Track 11 on LIFE'S A TRIP.,1:56,"Aug 10, 2018",Album Track,Yes,https://open.spotify.com/track/2bTRpIxPniQmrSgwmtF1b2?si=992a7d05a8914f88
LIFE'S A TRIP,"Oomps Revenge
(prod. BeatPusher)",Track 12 on LIFE'S A TRIP.,2:00,"Aug 10, 2018",Album Track,Yes,https://open.spotify.com/track/5DV3lkwyIYRgAlunraSpOW?si=fbe1591977c3424f
LIFE'S A TRIP,"Gore
(prod. Reske & OZ)",Track 13 on LIFE'S A TRIP.,2:42,"Aug 10, 2018",Album Track,Yes,https://open.spotify.com/track/6Xb2iLlSfxsvOjM3J5y0dD?si=6dd9b94359354880
LIFE'S A TRIP,"Underwater FlyZone
(prod. WE ARE THE STARS)",Track 14 on LIFE'S A TRIP.,5:48,"Aug 10, 2018",Album Track,Yes,https://open.spotify.com/track/6AId2aKm8d23lG0TNMYxwm?si=c4daddbdf092467a
"15 Album Track(s)
1 Single(s)
10 Feature(s)
8 Music Video(s)
0 Other","A Love Letter To You 3
(A.L.L.T.Y. 3)","(Aug 10, 2018) (LIFE'S A TRIP is released)
(Nov 9, 2018) (A Love Letter To You 3 is released)",,,Other,,
A Love Letter To You 3,"Fire Starter [Music Video]
(feat. Emani22) (prod. Tony Trouble & Honorable C.N.O.T.E.)","Official music video for track 2 on A Love Letter To You 3, produced by WAVYLORD",2:41,2018,Other,No,https://www.youtube.com/watch?v=FeMbJGCT3qw
A Love Letter To You 3,"Negative Energy [Music Video]
(feat. Kodie Shane) (prod. Staccato)","Official music video for track 4 on A Love Letter To You 3, directed by @BryceKuhn‬",2:57,2018,Other,No,https://www.youtube.com/watch?v=IahlFGCLKfc
A Love Letter To You 3,"Lil Karay - Facts on Facts
(feat. Trippie Redd & Jae Tea)",Track 1 on Smoove in the Flesh 2.,2:35,"Aug 15, 2018",Feature,Yes,https://open.spotify.com/track/5AWYhgZbK98q3YkMnkOlD6?si=142d9904820a42cb
A Love Letter To You 3,"Lil Yachty - 66 [Music Video]
(feat. Trippie Redd) (prod. DY Krazy & Steve Lean)","Official music video for track 17 on Lil Boat 2, directed by Drew Kirsch, Lil Yachty, and Mihailo Andic, DP being Kai Saul, produced by Kai Saul & Randy Marshall, edited by Glassface, and video commissioner being Kevin Kloecker.",2:34,"Aug 16, 2018",Other,No,https://www.youtube.com/watch?v=4lT-2giDhQg
A Love Letter To You 3,"Lil Yachty - Mood Swings
(feat. Trippie Redd) (prod. Earl on the Beat)",Track 7 on BIRTHDAY MIX 3.,1:36,"Aug 23, 2018",Feature,No,https://soundcloud.com/nolimitszach/lil-yachty-ft-trippie-redd-mood-swings?si=6476eda51fd549ac8ce8bc094d81f643&utm_source=clipboard&utm_medium=text&utm_campaign=social_sharing
A Love Letter To You 3,"UKA UKA [Music Video]
(prod. OZ)","Official music video for track 10 on LIFE'S A TRIP, shot by Matt Keane, directed by KRStudios.",2:38,"Sep 2, 2018",Other,No,https://www.youtube.com/watch?v=0EBCMC32l-0
A Love Letter To You 3,"Loyalty Before Royalty [Music Video]
(prod. Rex Kudo & OZ)","Official music video to preview track 12 on A Love Letter To You 3, directed by LOUIEKNOWS.",0:59,"Sep 3, 2018",Other,No,https://www.youtube.com/watch?v=WM0slEEJats
A Love Letter To You 3,"Phora - Love Is Hell [Music Video]
(feat. Trippie Redd) (prod. Dee B, Native Beats & ANTHRO)",Official music video for track 1 on Love Is Hell.,4:18,"Sep 8, 2018",Other,No,https://www.youtube.com/watch?v=C8JdpcbxSN0
A Love Letter To You 3,"Phora - Love Is Hell
(feat. Trippie Redd) (prod. Dee B, Native Beats & ANTHRO)",Track 1 on Love Is Hell.,4:18,"Sep 8, 2018",Feature,Yes,https://open.spotify.com/track/2Tn4XArLhjrZEhBKlAle0j?si=bdd581938eb54813
A Love Letter To You 3,"LouGotCash - Too Turnt
(feat. Trippie Redd) (prod. Roofeeo, Federico Vindver & Jahaan Sweet)",Track 5 on Louniversal.,3:27,"Sep 14, 2018",Feature,Yes,https://open.spotify.com/track/7q3bYs8TeyhO033yetvnQJ?si=929dfc28dd8a468e
A Love Letter To You 3,"Youngboy Never Broke Again - Murda
(feat. Trippie Redd) (prod. Louie Bandz & Dubba-AA)",Track 5 on Decided.,3:18,"Sep 21, 2018",Feature,Yes,https://open.spotify.com/track/2CEXhYY4cGmjyTyZJw7Wo0
A Love Letter To You 3,"Kodie Shane - Bass
(feat. Trippie Redd)",Track 6 on Stay Tuned,3:34,"Oct 6, 2018",Feature,Yes,https://open.spotify.com/intl-fr/track/2gSEgzZjJPHAXSyKJSQr9e?si=10b457197adc4da1
A Love Letter To You 3,"Smokepurpp - 50k
(feat. Trippie Redd) (prod. RONNY J)",Released on Firstdraft Music on Youtube.,2:30,"Oct 15, 2018",Feature,No,https://www.youtube.com/watch?v=Uq2TgrH_VOE
A Love Letter To You 3,"Lil Yachty - Forever World
(feat. Trippie Redd) (prod. OZ)","Track 12 on Nuthin' 2 Prove. Samples Faith Evans' 1995 track, ""Soon As I Get Home.""",5:01,"Oct 19, 2018",Feature,Yes,https://open.spotify.com/track/1tKvqOrnJ0zhAuFS6yfNTk?si=d16a8e5648f04b11
A Love Letter To You 3,"Topanga
(prod. Chopsquad DJ)",Track 1 on A Love Letter To You 3. The lead single of the project.,3:35,"Oct 22, 2018",Single,Yes,https://open.spotify.com/track/1Am3fwJi1NF1sD2McZfVWi?si=3d250ad3e1814b34
A Love Letter To You 3,"Black Magic [Music Video]
(prod. Ricky P)",Official music video for track 1 on TR666+!$ 1400/800.,2:27,"Oct 26, 2018",Other,No,https://www.youtube.com/watch?v=s09D3mYrX-0
A Love Letter To You 3,"Tory Lanez - FeRRis WhEEL
(feat. Trippie Redd) (prod. Dez Wright & OZ)",Track 8 on LoVE me NOw.,2:31,"Oct 26, 2018",Feature,Yes,https://open.spotify.com/track/0Z1nbG2KOuRKntstSAkSox?si=93a9f73a44bd4d86
A Love Letter To You 3,"Joji - R.I.P.
(feat. Trippie Redd) (prod. Ryan Hemsworth & Joji)",Track 10 on BALLADS 1.,2:38,"Oct 26, 2018",Feature,Yes,https://open.spotify.com/track/4HKWrGhNxub4PTLg5CM5fW?si=b64db67906d94e5f
A Love Letter To You 3,"Topanga [Music Video]
(prod. Chopsquad DJ)","Official music video for track 1 on A Love Letter To You 3, directed by Kenneth Cappello",3:42,"Oct 30, 2018",Other,No,https://www.youtube.com/watch?v=qE4Z0KfzpE8
A Love Letter To You 3,"Fire Starter
(feat. Emani22) (prod. Tony Trouble & Honorable C.N.O.T.E.)",Track 2 on A Love Letter To You 3.,2:37,"Nov 9, 2018",Album Track,Yes,https://open.spotify.com/track/6hbXRJsagTP8vDmz5e0U0b?si=a7ff93ceb18c4121
A Love Letter To You 3,"Toxic Waste
(prod. King Henry & Diplo)",Track 3 on A Love Letter To You 3.,2:53,"Nov 9, 2018",Album Track,Yes,https://open.spotify.com/track/4ylaCRU4F6m0icStoTeX35?si=bf8a4d01cfb245f2
A Love Letter To You 3,"Negative Energy
(feat. Kodie Shane) (prod. Staccato)",Track 4 on A Love Letter To You 3.,2:58,"Nov 9, 2018",Album Track,Yes,https://open.spotify.com/track/5OvxVXpGfp2rKQ3X0CqcIr?si=490b97f05f5245cb
A Love Letter To You 3,"Can't Love
(prod. OZ)",Track 5 on A Love Letter To You 3.,2:49,"Nov 9, 2018",Album Track,Yes,https://open.spotify.com/track/1iZg40RiFZNlX52QDlf9oz?si=518be3e885d1485d
A Love Letter To You 3,"Love Scars 3
(prod. Reske & OZ)",Track 6 on A Love Letter To You 3.,2:09,"Nov 9, 2018",Album Track,Yes,https://open.spotify.com/track/1gAxoOzwsjcxmluS0Fjjd8?si=036b153a9fba4a6b
A Love Letter To You 3,"A.L.L.T.Y. 3
(feat. Baby Goth) (prod. Dez Wright & OZ)",Track 7 on A Love Letter To You 3.,3:00,"Nov 9, 2018",Album Track,Yes,https://open.spotify.com/track/5pEp4XIoJminFDCAfmqdY5?si=401a8ad94d8d40c8
A Love Letter To You 3,"Emani Interlude
(feat. Emani22) (prod. Tariq Beats, Foreign Teck & OZ)",Track 8 on A Love Letter To You 3.,1:36,"Nov 9, 2018",Album Track,Yes,https://open.spotify.com/track/2zPjy2qSgfQPBcdBztVmMe?si=c628df5a3a2648f2
A Love Letter To You 3,"Elevate & Motivate
(feat. YoungBoy Never Broke Again & Nel-Denarro) (prod. Kris Chordz & OZ)",Track 9 on A Love Letter To You 3.,3:41,"Nov 9, 2018",Album Track,Yes,https://open.spotify.com/track/5nkOddmGK5TxAi4voMVbdq?si=2c51b73c3f5f4959
A Love Letter To You 3,"I Tried Loving
(prod. Icon South)",Track 10 on A Love Letter To You 3.,3:13,"Nov 9, 2018",Album Track,Yes,https://open.spotify.com/track/2vgZx9rE4a3fqG6Y7jFYMC?si=bd086201cd1b4d10
A Love Letter To You 3,"Wicked
(prod. OZ)",Track 11 on A Love Letter To You 3.,2:18,"Nov 9, 2018",Album Track,Yes,https://open.spotify.com/track/5mFnYgPkEpr2eoMqvSOXQe?si=71629dac8b8f4e40
A Love Letter To You 3,"Loyalty Before Royalty
(prod. Rex Kudo & OZ)",Track 12 on A Love Letter To You 3.,2:22,"Nov 9, 2018",Album Track,Yes,https://open.spotify.com/track/3smqlcU3WHhzAKNbfFRi3w?si=b2d82965946e4a15
A Love Letter To You 3,"1400 / 999 Freestyle
(feat. Juice WRLD) (prod. Cujo, Pas Beatz & OZ)",Track 13 on A Love Letter To You 3. The song was originally leaked before the album.,2:55,"Nov 9, 2018",Album Track,Yes,https://open.spotify.com/track/0axBgt9y0GvMCLuRl2xBKG?si=c10b19a2e9c747e0
A Love Letter To You 3,"So Alive
(prod. Racer Nellzz & Goose the Guru)",Track 14 on A Love Letter To You 3.,1:59,"Nov 9, 2018",Album Track,Yes,https://open.spotify.com/track/79n6uVxSuaMAcjXsmi0CUq?si=02f2d37e88554ba6
A Love Letter To You 3,"Diamond Minds
(feat. Tory Lanez & Elliott Trent) (prod. 808-H & Elliott Trent)",Track 15 on A Love Letter To You 3.,3:05,"Nov 9, 2018",Album Track,Yes,https://open.spotify.com/track/7sqcrlmJ8HKF34QYCQkVi6?si=d41976456dd04948
A Love Letter To You 3,"Camp Fire Tale
(prod. WE ARE THE STARS)",Track 16 on A Love Letter To You 3.,2:29,"Nov 9, 2018",Album Track,Yes,https://open.spotify.com/track/2VYJxyUCmbObni5GZeHrJX?si=ac533c9a510c43b9
"17 Album Track(s)
0 Single(s)
12 Feature(s)
4 Music Video(s)
1 Other",Old Self,"(Nov 9, 2018) (A Love Letter To You 3 is released)
(Feb 28, 2019) (Old Self is released)",,,Other,,
Old Self,"Baby Goth - Swimming
(feat. Trippie Redd & Lil Xan) (prod. Wallis Lane & DJ Fu)",Track 2 on Baby Goth.,3:18,"Nov 30, 2018",Feature,Yes,https://open.spotify.com/track/16g4ZLTaLb3CIPypMEod31?si=4e4a3168fdb5483a
Old Self,"Chris King - Evil Kunevil
(feat. Trippie Redd) (prod. DP Beats)",Track 6 on SNOT FRIDAY.,2:10,"Dec 1, 2018",Feature,Yes,https://open.spotify.com/track/0UBNqsemMUVkhxZDrzqv9o?si=dffbdce9e3d24d4d
Old Self,"Lil Keed - Red Hot
(feat. Trippie Redd) (prod. M-80)",Track 6 on Keed Talk To 'Em.,3:18,"Dec 12, 2018",Feature,Yes,https://open.spotify.com/track/596cvRw6BN7MehWwoW9Jfm?si=f4156b4373954796
Old Self,"Shootem Up - Ms. Butterworth
(feat. Trippie Redd & Lil Keed) (prod. Jaylon The Producer)",Track 7 on Disappointed.,3:55,"Dec 14, 2018",Feature,No,https://pillows.su/f/01cb6d8f3e1a2286d10d4a5aba618bba
Old Self,"What's My Name? [Music Video]
(prod. OZ)","Released on YouTube via Trippie Redd, directed by WAVYLORD.",1:59,"Dec 25, 2018",Other,No,https://www.youtube.com/watch?v=A-ExzsVbCUg&pp=ygUbd2hhdCdzIG15IG5hbWUgdHJpcHBpZSByZWRk
Old Self,"10k.Caash - Larry Lobster
(feat. Trippie Redd & GUN40) (prod. FKi 1st)",Track 2 on Ho Ho Ho.,1:21,"Dec 25, 2018",Feature,No,https://soundcloud.com/user-586201819/10k-cash-ft-trippie-redd-gun-larry-lobster?utm_source=clipboard&utm_medium=text&utm_campaign=social_sharing
Old Self,"Gway - Right Here
(feat. Trippie Redd & TTO K.T.)","Track 4 on 50 Shades Of Gway. Credits under ""Trippie Red"" 😭",3:27,"Dec 25, 2018",Feature,Yes,https://open.spotify.com/track/5IaiVF10LjTNlVMNerYVdk?si=049a2536d9134b10
Old Self,"Kvng Shad - Fuck The Other Side
(feat. Trippie Redd) (prod. 1040)",Released on Kvng Shad's SoundCloud,3:26,"Dec 28, 2018",Feature,No,https://soundcloud.com/kvng-shad-277278794/fuck-the-other-side-feat-kvng-shad-trippie-redd
Old Self,"Major Zoe - You a Lame
(feat. Trippie Redd) (prod. Brandon Ritter)",Track 4 on 1804.,2:27,"Dec 30, 2018",Feature,Yes,https://open.spotify.com/track/1rgtxl0KSB7wV7aTzK4NiF?si=deef77bb85a44f95
Old Self,"Sunny 2point0 - Man Down [Music Video]
(feat. Trippie Redd) (prod. 888)","Released on the WORLDSTARHIPHOP YouTube channel, shot by Matt Keane and edited by brickprod.",2:20,"Jan 1, 2019",Other,No,https://www.youtube.com/watch?v=xwGWtw6KQhI
Old Self,"Fedez - Che cazzo ridi
(feat. Trippie Redd & Tedua) (prod. Michele Canova)",Track 4 on Paranoia Airlines.,3:36,"Jan. 4, 2019",Feature,Yes,https://open.spotify.com/track/7GeC7Nb58zsPnlFSfF0HZU?si=7b6de5392c4245da
Old Self,"Tory Lanez - FeRRis WhEEL [Music Video]
(feat. Trippie Redd) (prod. Dez Wright & OZ)","Official music video for track 8 on LoVE me NOw, directed by Tory Lanez & Joshua “Mid Jordan” Farias",2:35,"Jan 15, 2019",Other,No,https://www.youtube.com/watch?v=23WAkmi7PBo
Old Self,"Coi Leray - Big Dawgs
(feat. Trippie Redd) (prod. Martianonthebeat & EmDotWhoosh)",Track 6 on EC2.,2:41,"Jan 18, 2019",Feature,Yes,https://open.spotify.com/track/7oUKw1urKfCeDfRir0483R?si=b55be63a61eb4767
Old Self,"Wiz Khalifa - Alright
(feat. Trippie Redd & Preme) (prod. Wallis Lane & Foreign Teck)",Febuary 2019 feature.,2:57,"Feb 1, 2019",Feature,Yes,https://open.spotify.com/track/3k9vMJ09zyVP3N2pi8Yzj0?si=9385979284c9444b
Old Self,"Emani22 - Inside
(feat. Trippie Redd) (prod. Staccato)",Febuary 2019 feature.,2:42,"Feb 5, 2019",Feature,No,https://soundcloud.com/emani_22/inside-ft-trippie-redd?utm_source=clipboard&utm_medium=text&utm_campaign=social_sharing
Old Self,"TIME TO DIE [Music Video]
(feat. FreeMoney800) (prod. Chopsquad DJ)
(Time Difference)","Released on YouTube via Trippie Redd, directed by LOUIEKNOWS",3:00,"Feb 17, 2019",Other,No,https://www.youtube.com/watch?v=3aPmfFmgD44
Old Self,"TIME TO DIE
(feat. FreeMoney800) (prod. Chopsquad DJ)
(Time Difference)",Released on YouTube via Trippie Redd.,3:00,"Feb 17, 2019",Other,No,https://www.youtube.com/watch?v=634YsK4vLCc&pp=ygUTdGltZSB0byBkaWUgdHJpcHBpZQ%3D%3D
Old Self,"Super Sayin 14
(prod. 808-H)",Track 1 on Old Self. Posted on Soundcloud by hnzrhunter.,2:59,"Feb 28, 2019",Album Track,No,https://soundcloud.com/trippieredd/super-sayin-14?in=trippieredd/sets/yenom&utm_source=clipboard&utm_medium=text&utm_campaign=social_sharing
Old Self,"Careless Vibes
(feat. Hendoo) (prod. ICYTWAT)
(Hate)",Track 2 on Old Self. Posted on Soundcloud by hnzrhunter.,2:06,"Feb 28, 2019",Album Track,No,https://soundcloud.com/trippieredd/careless-vibes-ft-hendoo-1?in=trippieredd/sets/yenom&utm_source=clipboard&utm_medium=text&utm_campaign=social_sharing
Old Self,"Real
(feat. Skynny Blu3) (prod. 808-H)
(Old Self, Real Nigga Tactics)",Track 3 on Old Self. Posted on Soundcloud by hnzrhunter.,3:32,"Feb 28, 2019",Album Track,No,https://soundcloud.com/trippieredd/real-ft-skynny-blu3?in=trippieredd/sets/yenom&utm_source=clipboard&utm_medium=text&utm_campaign=social_sharing
Old Self,"Lithium
(prod. 808-H)
(Hope It Ain't Too Late)",Track 4 on Old Self. Posted on Soundcloud by hnzrhunter.,2:39,"Feb 28, 2019",Album Track,No,https://soundcloud.com/trippieredd/lithium?in=trippieredd/sets/yenom&utm_source=clipboard&utm_medium=text&utm_campaign=social_sharing
Old Self,"FUCK NIGGA
(feat. Kodie Shane) (prod. Pi’erre Bourne)",Track 5 on Old Self. Posted on Soundcloud by hnzrhunter.,3:37,"Feb 28, 2019",Album Track,No,https://soundcloud.com/trippieredd/fuck-nigga-ft-kodie-shane-produce-by-pierre-bourne?in=trippieredd/sets/yenom&utm_source=clipboard&utm_medium=text&utm_campaign=social_sharing
Old Self,"DRUGGY
(feat. TTO K.T.) (prod. Vance Burdge)",Track 6 on Old Self. Posted on Soundcloud by hnzrhunter.,3:11,"Feb 28, 2019",Album Track,No,https://mega.nz/file/InUiiCTL#RL87LXivsmW3Z5TGANDwj3qnetVr133uyoarJPKIqdo
Old Self,"Trench Dweller
(prod. ???)",Track 7 on Old Self. Posted on Soundcloud by hnzrhunter.,3:22,"Feb 28, 2019",Album Track,No,https://soundcloud.com/trippieredd/trench-dweller?in=trippieredd/sets/yenom&utm_source=clipboard&utm_medium=text&utm_campaign=social_sharing
Old Self,"Love Is Dead
(prod. Clams Casino)",Track 8 on Old Self. Posted on Soundcloud by hnzrhunter.,2:31,"Feb 28, 2019",Album Track,No,https://soundcloud.com/trippieredd/love-is-dead?in=trippieredd/sets/yenom&utm_source=clipboard&utm_medium=text&utm_campaign=social_sharing
Old Self,"2014 Freestyle
(prod. Soulmuzik Tracks & Rareflower)",Track 9 on Old Self. Posted on Soundcloud by hnzrhunter.,2:20,"Feb 28, 2019",Album Track,No,https://soundcloud.com/trippieredd/2014-freestyle?in=trippieredd/sets/yenom&utm_source=clipboard&utm_medium=text&utm_campaign=social_sharing
Old Self,"I'm Rich !
(prod. Pi’erre Bourne)",Track 10 on Old Self. Posted on Soundcloud by hnzrhunter.,1:36,"Feb 28, 2019",Album Track,No,https://soundcloud.com/trippieredd/im-rich-produced-by-pierre-bourne?in=trippieredd/sets/yenom&utm_source=clipboard&utm_medium=text&utm_campaign=social_sharing
Old Self,"APPLY THE PRESSURE
(feat. TTO K.T.) (prod. Swang & Vance Burdge)",Track 11 on Old Self. Posted on Soundcloud by hnzrhunter.,3:20,"Feb 28, 2019",Album Track,No,https://soundcloud.com/trippieredd/apply-the-pressure-ft-tto-kt?in=trippieredd/sets/yenom&utm_source=clipboard&utm_medium=text&utm_campaign=social_sharing
Old Self,"Pull Up On You
(feat. Rasta Papii) (prod. Rasta Papii)",Track 12 on Old Self. Posted on Soundcloud by hnzrhunter.,4:12,"Feb 28, 2019",Album Track,No,https://soundcloud.com/trippieredd/pull-up-on-you-ft-rasta-papii?in=trippieredd/sets/yenom&utm_source=clipboard&utm_medium=text&utm_campaign=social_sharing
Old Self,"HOT BOYS
(feat. Lil Twist & Fooly Faime) (prod. Lil Twist)",Track 13 on Old Self. Posted on Soundcloud by hnzrhunter.,3:15,"Feb 28, 2019",Album Track,No,https://mega.nz/file/038xmJTY#-UrDljJR6n6DGsJR32nk9Ewvti3dRJUm9981PabDQAo
Old Self,"Beat It
(prod. Elliott Trent)",Track 14 on Old Self.,3:01,"Feb 28, 2019",Album Track,No,https://mega.nz/file/Y2tE2AIB#z9rYi5LhoNtNFhjw7hRHQk7hObFbQYv1HS0gKx4flAo
Old Self,"Superman
(feat. Major Zoe) (prod. 808-H)",Track 15 on Old Self.,2:34,"Feb 28, 2019",Album Track,No,https://mega.nz/file/l2cBXToT#ZeXUGV4q29-mo-LVVYEB0UbHZ_2e8OZsA1tbdCCeaGo
Old Self,"Way Home
(feat. Bobby Biz & Major Zoe) (prod. AKATrae)",Track 16 on Old Self.,3:27,"Feb 28, 2019",Album Track,No,https://soundcloud.com/trippieredd/way-home-ft-major-zoe-bobby-biz?in=trippieredd/sets/yenom&utm_source=clipboard&utm_medium=text&utm_campaign=social_sharing
Old Self,"1400/Zoe Gang
(feat. Major Zoe) (prod. 808-H)
(Turn Me Up)",Track 17 on Old Self.,3:00,"Feb 28, 2019",Album Track,No,https://mega.nz/file/EzNGhKTS#Fxi39OHXwBjU63QT5TaT058rRpnmZ-pvfyVhzPDpnLU
"12 Album Track(s)
2 Single(s)
7 Feature(s)
7 Music Video(s)
1 Other","!
(Exclamation Mark, Immortal, Mobile Pussy Suit, Neon Shark V1)","(Feb 28, 2019) (Old Self is released)
(Aug 9, 2019) (Exclamation Mark is released)",,,Other,,
!,"Chris King - S P E E D R A C i N G !
(feat. Trippie Redd) (prod. MTK & Hammad Beats)",Track 6 on LUCK OF THE SNOTTY.,2:44,"Mar 27, 2019",Feature,Yes,https://open.spotify.com/track/0BEsGtB7kay1JA2sW1f5zL?si=9b9e1ace477b43c8
!,"Chris King - STUCK IN MY WAYS
(feat. Trippie Redd)",Track 2 on LUCK OF THE SNOTTY.,1:58,"Mar 27, 2019",Feature,Yes,https://open.spotify.com/track/6ovvxxL6XLyMzsLhHpMcgc?si=fb7333c4b00940c2
!,"Murder [Music Video]
(prod. Jackwiththemac)","Released on YouTube via Trippie Redd, directed by Gxdlike.",2:39,"Apr 3, 2019",Other,No,https://www.youtube.com/watch?v=pDGTJyicN6E
!,"Wiz Khalifa - Alright [Music Video]
(feat. Trippie Redd & Preme) (prod. Wallis Lane & Foreign Teck)","Released on YouTube via Wiz Khalifa, directed by Cam Busby, produced by Aiden Magarian.",2:57,"May 1, 2019",Other,No,https://www.youtube.com/watch?v=ctTeJRAW_yE
!,"Oomps Revenge [Music Video]
(prod. BeatPusher)","Official music video for track 12 on LIFE'S A TRIP, shot by Matt Keane and released on his channel.",2:02,"May 28, 2019",Other,No,https://www.youtube.com/watch?v=-jIut3jT9QY
!,"Under Enemy Arms
(prod. MTK & Hammad Beats)",Track 12 on Exclamation Mark. The lead single of the project.,2:42,"May 29, 2019",Single,Yes,https://open.spotify.com/track/6JATJXM3NhEpgvnGJKLQLo?si=5c85281609a5458d
!,"Under Enemy Arms [Music Video]
(prod. MTK & Hammad Beats)","Official music video for track 12 on !, directed by Christian Breslauer.",2:42,"May 31, 2019",Other,No,https://www.youtube.com/watch?v=b11Yos5HmYA
!,"OG Maco - Built For It
(feat. Trippie Redd & UnoTheActivist) (prod. BLVCK DOLPHIN)",June 2019 feature.,3:52,"Jun 14, 2019",Feature,Yes,https://open.spotify.com/track/2fsWdkbLhHW4ddmw5XxPj3?si=e077a4fef79f4967
!,"Icky Vicky [Music Video]
(feat. Rich The Kid) (prod. Guttaceo, Kacey Khaliel & 12Hunna)","The song was officially released the June 25, 2019, alongside with a music video.",2:15,"Jun 25, 2019",Other,No,https://www.youtube.com/watch?v=6nEgIgmiIBU
!,"Dark Knight Dummo [Orchestra Live Version]
(prod. John Cleary, Matt Compo, Jon Brick, The Velveteen Ensemble & David Slitzky)","Live orchestra version of ""Dark Knight Dummo"", recorded through Audiomack’s Trap Symphony.",4:19,"Jun 27, 2019",Other,No,https://www.youtube.com/watch?v=cSt8_reXpds&pp=ygUWdHJpcHBpZSByZWRkIG9yY2hlc3RyYQ%3D%3D
!,"Under Ennemy Arms [Orchestra Live Version]
(prod. John Cleary, Matt Compo, Jon Brick, The Velveteen Ensemble & David Slitzky)","Live orchestra version of ""Under Ennemy Arms"", recorded through Audiomack’s Trap Symphony.",2:51,"Jun 27, 2019",Other,No,https://www.youtube.com/watch?v=qkudobQAyLE&pp=ygUWdHJpcHBpZSByZWRkIG9yY2hlc3RyYQ%3D%3D
!,"Wish [Orchestra Live Version]
(prod. John Cleary, Matt Compo, Jon Brick, The Velveteen Ensemble & David Slitzky)","Live orchestra version of ""Wish"", recorded through Audiomack’s Trap Symphony.",3:01,"Jun 27, 2019",Other,No,https://www.youtube.com/watch?v=zOdKS_ayMyM&pp=ygUWdHJpcHBpZSByZWRkIG9yY2hlc3RyYQ%3D%3D
!,"iann dior - gone girl
(feat. Trippie Redd) (prod. Pearl Lion, Pharaoh Vice & Nick Mira)",Track 3 on Industry Plant.,2:16,"Jul 4, 2019",Feature,Yes,https://open.spotify.com/track/7wy1pCS4yuTvTak1b6DD3C?si=eaa24c2971bc4346
!,"mgk - Candy
(feat. Trippie Redd) (prod. TBHits & Anton Göransson)",Track 11 on Hotel Diablo.,2:36,"Jul 5, 2019",Feature,Yes,https://open.spotify.com/track/37AGgp9VP8TVJBfEat74Bj?si=6a4bf7726f974ad4
!,"A1Billionaire - Holes in the Cement
(feat. Trippie Redd) (prod. Andre)",Track 5 on RED SABBATH.,3:06,"Jul 7, 2019",Feature,Yes,https://open.spotify.com/track/0iwgYhC41skxmjGkCSCcIN?si=7728c272998e4191
!,6:14 AM In Switzerland,Uploaded to IGTV.,1:29,"Jul 8, 2019",Other,No,https://soundcloud.com/giwbgiwb/trippie-614am
!,"mgk - Candy [Music Video]
(feat. Trippie Redd) (prod. TBHits & Anton Göransson)","Official music video for rack 11 on Hotel Diablo with a guest appearance from Pete Davidson, directed by Miles & AJ, produced by SixTwentySix Productions, exectutive producers being Austin Barbera, Jake Krask and Jen Herrera, line producer being Kai Yuricich, DP being Geoffrey Taylor, and commissioner being Vincenza Conticchio.",3:39,"Jul 9, 2019",Other,No,https://www.youtube.com/watch?v=z7kYa5GQYKg
!,"Mac 10
(feat. Lil Baby & Lil Duke) (prod. Bobby Raps & Wheezy)",Track 10 on Exclamation Mark. The second single of the project.,2:07,"Jul, 24, 2019",Single,Yes,https://open.spotify.com/track/7vanOPJ8GpUOxgqzAU2Tuu?si=38c79bad64134986
!,"Mac 10 [Music Video]
(feat. Lil Baby & Lil Duke) (prod. Bobby Raps & Wheezy)","Official music video for track 10 on !, shot by Logan Meis, produced by Momma's Boy in association with 10k Projects.",2:22,"Jul 24, 2019",Other,No,https://www.youtube.com/watch?v=rHp3OdBZTqs
!,"Third World Don - Fuck Dat Bitch
(feat. Trippie Redd, Jessy Frank, & D.OZi) (prod. Drush & Cohen Yusha)
(Third World Don)",Contains more features than the one offically released on Third World Don's SoundCloud.,4:02,"Jul 26, 2019",Feature,No,https://www.youtube.com/watch?v=rfeFgZm8K54
!,"!
(prod. Jr. Blender & Diplo)
(Exclamation Mark)",Track 1 on Exclamation Mark.,2:15,"Aug 9, 2019",Album Track,Yes,https://open.spotify.com/track/1RGag4EadiIFceMzVtiVpT?si=3191cec2742d4ed0
!,"Snake Skin
(prod. MTK & Hammad Beats)",Track 2 on Exclamation Mark.,3:06,"Aug 9, 2019",Album Track,Yes,https://open.spotify.com/track/3jdByIcSM5sk4uUrQVC4JU?si=2689a59468eb43aa
!,"Be Yourself
(prod. WondaGurl & OZ)",Track 3 on Exclamation Mark.,3:16,"Aug 9, 2019",Album Track,Yes,https://open.spotify.com/track/3MPu3soFtbM0knK5i81kK3?si=0024be4f5b9f4d1c
!,"I Try
(prod. Chopsquad DJ)",Track 4 on Exclamation Mark. Later to be removed from streaming services for unknown reasons.,2:41,"Aug 9, 2019",Album Track,No,https://www.youtube.com/watch?v=jN6m7em6gpE
!,"They Afraid of You
(feat. Playboi Carti) (prod. G Koop & Chopsquad DJ)","Track 5 on Exclamation Mark. The song was removed because Carti himself later confirmed that he didn’t like the way the song’s mix sounded, and requested it be removed.",2:18,"Aug 9, 2019",Album Track,No,https://imgur.gg/f/CME8Of9
!,"Immortal
(feat. The Game) (prod. MTK & Hammad Beats)",Track 6 on Exclamation Mark.,3:24,"Aug 9, 2019",Album Track,Yes,https://open.spotify.com/track/2EMLOv7kc7f4L8BiPpslIL?si=d0de660b1a3b4b0e
!,"Throw It Away
(prod. OZ, G. Ry & Bryan Yepes)",Track 7 on Exclamation Mark.,2:45,"Aug 9, 2019",Album Track,Yes,https://open.spotify.com/track/3Sg0ultAzNlsxldzGgwY1c?si=3af2da50fe604123
!,"Keep Your Head Up
(prod. Ging & Murda Beatz)",Track 8 on Exclamation Mark.,3:23,"Aug 9, 2019",Album Track,Yes,https://open.spotify.com/track/139C1eNXDfqJ3EFy6SgZAf?si=8d0a048cbaac45b0
!,"RIOT
(prod. Kyle Stemberger & Kd33)",Track 9 on Exclamation Mark.,3:13,"Aug 9, 2019",Album Track,Yes,https://open.spotify.com/track/0z9P0bwiTmIo24JwJFTDYP?si=2f9d3eb3e4da4a2b
!,"Everything BoZ
(feat. Coi Leray) (prod. MTK & Hammad Beats)",Track 11 on Exclamation Mark.,3:25,"Aug 9, 2019",Album Track,Yes,https://open.spotify.com/track/7uWJbF2gmQlcuhLrFnxGsV?si=aeb55003228c4044
!,"Lil Wayne
(prod. Nils & OZ)",Track 13 on Exclamation Mark.,1:42,"Aug 9, 2019",Album Track,Yes,https://open.spotify.com/track/6eVBRZLvCzfAzvAi99mz8f?si=5bab1cb77cf44695
!,"Signing Off
(prod. Staccato)",Track 14 on Exclamation Mark.,2:05,"Aug 9, 2019",Album Track,Yes,https://open.spotify.com/track/5tpR5rNVVTqzfuxPuw5MJK?si=4f787e6e9ce04f65
"18 Album Track(s)
3 Single(s)
6 Feature(s)
6 Music Video(s)
0 Other",A Love Letter To You 4,"(Aug 9, 2019) (Exclamation Mark is released)
(Nov 22, 2019) (A Love Letter To You 4 is released)",,,Other,,
A Love Letter To You 4,"800BABY - 14Hunnid 8Hunnid
(feat. Trippie Redd)","The song was recorded during the ! sessions and released on Youtube on October 25, 2019, then was later taken down.",1:58,"Mar 27, 2019",Feature,No,"https://open.spotify.com/track/1rQlgLSOBUWmGKKIbcLc0F?si=1733e1eca9f74ac8
https://pillows.su/f/c666660ddb7c6ed6c53f3df3d9dd4e00"
A Love Letter To You 4,"PB TROPP - Not Mariah
(feat. Trippie Redd, Goldie14 & Solider Kidd) (prod. OZ)",Released on PB TROPP’s SoundCloud; he handles the first two verses.,3:37,"Aug 19, 2019",Feature,No,https://www.youtube.com/watch?v=Q7gUZzv2Yyo
A Love Letter To You 4,"Snake Skin [Music Video]
(prod. MTK & Hammad Beats)","Official music video for track 2 on ! with a guest apperance from Coi Leray, released on the Lyrical Lemonade channel, directed by Cole Bennett.",3:11,"Sep 20, 2019",Other,No,https://www.youtube.com/watch?v=YeRrpG7fi2s
A Love Letter To You 4,"iann dior - gone girl [Music Video]
(feat. Trippie Redd) (prod. Pearl Lion, Pharaoh Vice & Nick Mira)","Official music video for track 3 on Industry Plant, directed by Andy Hines.",2:27,"Oct 2, 2019",Other,No,https://www.youtube.com/watch?v=vx4Sh4IPEcM
A Love Letter To You 4,"iann dior - gone girl [Director's Cut]
(feat. Trippie Redd) (prod. Pearl Lion, Pharaoh Vice & Nick Mira)","Official director's cut music video for track 3 on Industry Plant, directed by Andy Hines.",4:34,"Oct 15, 2019",Other,No,https://www.youtube.com/watch?v=Qa6biF8zdIU
A Love Letter To You 4,"! [Music Video]
(prod. Jr. Blender & Diplo)
(Exclamation Mark)","Official music video for track 1 on !, directed by Matt Keane.",4:02,"Oct 16, 2019",Other,No,https://www.youtube.com/watch?v=lKxQMVUz4QQ
A Love Letter To You 4,"Love Me More
(prod. Taz Taylor & Nick Mira)",Track 4 on A Love Letter To You 4. The lead single of the project.,2:23,"Nov 1, 2019",Single,Yes,https://open.spotify.com/track/3sDyGrpProusVfcccFLAHq?si=c93372ba74174d93
A Love Letter To You 4,"Love Me More [Music Video]
(prod. Taz Taylor & Nick Mira)","Official music video for track 4 on A Love Letter To You 4, directed by James Mackel, director of photography being Ian Quill, produced by Jimmy Regular and Emily Hillgren, written by James Mackel and Grant Duncan, creative director being Aidan Cullen, AD being Dylan McGale, edited by Alex Crosby and James Mackel, colorist being Bryan Smaller, steadicam operator being Nick Serabyn, styled by Danasia Sutton, and makeup artist being Taylour Chanel.",2:50,"Nov 1, 2019",Other,No,https://www.youtube.com/watch?v=kG545zy2eUs
A Love Letter To You 4,"Buddah Bands & Chris King - B - Hive
(feat. Trippie Redd) (prod. RyoTheGhoul)",Track 2 on BUDDAH SNOT.,3:37,"Nov 6, 2019",Feature,Yes,https://open.spotify.com/track/52FbdnhhxHFAAOggqjoFwB?si=5868a8cc0e4a442c
A Love Letter To You 4,"Lil Mosey - Never Scared
(feat. Trippie Redd) (prod. Royce David)",Track 13 on Certified Hitmaker.,3:02,"Nov 8, 2019",Feature,Yes,https://open.spotify.com/track/2kjDVrLtHosLRNXtmihIjQ?si=347b990ddcde482d
A Love Letter To You 4,"Death
(feat. DaBaby) (prod. TWhy & DJ Paul)",Track 14 on A Love Letter To You 4. The second single of the project.,2:52,"Nov 12, 2019",Single,Yes,https://open.spotify.com/track/6l45AMUGFsx0yZ2rxnzrKA?si=0f81e334e0bf4c79
A Love Letter To You 4,"Cuban Doll - Oh Wow
(feat. Trippie Redd) (prod. Thrax Productions)",Track 8 on Savage Life.,3:18,"Nov 15, 2019",Feature,Yes,https://open.spotify.com/track/1VCnb1OMj2o7BeEr2eRJTi?si=4aefc46081824353
A Love Letter To You 4,"Who Needs Love
(prod. Igor Mamet & Angel López)",Track 2 on A Love Letter To You 4. The third single of the project.,2:38,"Nov 19, 2019",Single,Yes,https://open.spotify.com/track/7qtzFO7XuvNiSp5Xn7juqZ?si=66a4a925e8e1442e
A Love Letter To You 4,"Leray
(prod. Igor Mamet & Xeryus)",Track 1 on A Love Letter To You 4.,2:02,"Nov 22, 2019",Album Track,Yes,https://open.spotify.com/track/3sitsgJXmK6cKT0XkfXuJ9?si=98c9838212de41eb
A Love Letter To You 4,"Love Sick
(prod. Hammad Beats & FRANKIEONTHEGUITAR)",Track 3 on A Love Letter To You 4.,2:57,"Nov 22, 2019",Album Track,Yes,https://open.spotify.com/track/1INSWMYtmspMiOxhqid5Z3?si=284d599d7a254a4e
A Love Letter To You 4,"Real Feel
(prod. Igor Mamet, Todd Pritchard & Angel López)",Track 5 on A Love Letter To You 4.,4:18,"Nov 22, 2019",Album Track,Yes,https://open.spotify.com/track/0R3e9XjjV2NY1ircKqZ4oR?si=4092ea3692aa4a65
A Love Letter To You 4,"This Ain't That
(feat. Lil Mosey) (prod. Chopsquad DJ)",Track 6 on A Love Letter To You 4.,3:27,"Nov 22, 2019",Album Track,Yes,https://open.spotify.com/track/1ATuaGdb7I8LfTZl3qai99?si=d0c48fb8951c40ff
A Love Letter To You 4,"6 Kiss
(feat. Juice WRLD & YNW Melly) (prod. Cavu, Taz Taylor & Nick Mira)",Track 7 on A Love Letter To You 4.,3:19,"Nov 22, 2019",Album Track,Yes,https://open.spotify.com/track/0Y3OJ2TBul2Xn1w8o2WXAy?si=55ecff6d78714ff4
A Love Letter To You 4,"Til The End of Time
(prod. Pearl Lion & KC Supreme)",Track 8 on A Love Letter To You 4.,2:54,"Nov 22, 2019",Album Track,Yes,https://open.spotify.com/track/6AJwyS0aHhOAFDb6EbXlG5?si=fe3363a4f8fc4845
A Love Letter To You 4,"U Deserve It
(feat. Chris King & Quan'ta) (prod. Igor Mamet, SephGotTheWaves & ​star boy)",Track 9 on A Love Letter To You 4.,4:04,"Nov 22, 2019",Album Track,Yes,https://open.spotify.com/track/46lcbeqMIGxsfFoSqpA4RM?si=19915fd690b141e1
A Love Letter To You 4,"Hate Me
(feat. Youngboy Never Broke Again) (prod. Cujo, CheetoTheHero, StolenCable & Icy Chill Out)",Track 10 on A Love Letter To You 4.,2:24,"Nov 22, 2019",Album Track,Yes,https://open.spotify.com/track/2QlZzBN9VYEzc9atUG3Qvq?si=1c88e361b803415a
A Love Letter To You 4,"All For Me
(feat. Smokepurpp) (prod. Bans & Stunner Samples)","Track 11 on A Love Letter To You 4. The song was later re-released on Smokepurpp's project ""Deadstar 2""",2:44,"Nov 22, 2019",Album Track,Yes,https://open.spotify.com/track/2zRdTb8nMbvLW6KiBmjy9p?si=c8f5a78df8574c8d
A Love Letter To You 4,"Sickening
(feat. Tory Lanez) (prod. Mario Petersen, Kzuni & Chopsquad DJ)",Track 12 on A Love Letter To You 4.,3:13,"Nov 22, 2019",Album Track,Yes,https://open.spotify.com/track/1K7dS2Rfr9kk61ja6Y172Q?si=748a74d39c7a4b8a
A Love Letter To You 4,"The Grinch
(prod. Pi’erre Bourne)",Track 13 on A Love Letter To You 4.,1:31,"Nov 22, 2019",Album Track,Yes,https://open.spotify.com/track/2VKHWIONh47ntN7wyoSxEQ?si=543b29acb5fb4beb
A Love Letter To You 4,"RMP
(prod. Pi’erre Bourne)
(Richard Millie Plain)",Track 15 on A Love Letter To You 4.,2:09,"Nov 22, 2019",Album Track,Yes,https://open.spotify.com/track/4iwLEUdS70nrVsUw74Jr30?si=17215ec6847c48b8
A Love Letter To You 4,"M's
(feat. Lil Yachty & Pi'erre Bourne) (prod. Pi’erre Bourne)",Track 16 on A Love Letter To You 4.,1:53,"Nov 22, 2019",Album Track,Yes,https://open.spotify.com/track/45c2xmZheRB1UfZC9sL4E4?si=850effd785c24cc0
A Love Letter To You 4,"Bust Down Deux
(feat. Youv Dee) (prod. Skuna)
(Bust Down 2)",Track 17 on A Love Letter To You 4.,2:15,"Nov 22, 2019",Album Track,Yes,https://open.spotify.com/track/2ymCASxKAwKoTemhxyyWG5?si=a52986515be948f9
A Love Letter To You 4,"The Jungle Book
(feat. Lil Wop) (prod. Murda Beatz)",Track 18 on A Love Letter To You 4.,2:39,"Nov 22, 2019",Album Track,Yes,https://open.spotify.com/track/1mHKrQRbFobG1cRwfzr245?si=42471efd0e6e4c3f
A Love Letter To You 4,"Chosen
(prod. Bobby Raps & Wheezy)",Track 19 on A Love Letter To You 4.,3:04,"Nov 22, 2019",Album Track,Yes,https://open.spotify.com/track/74uHfgysiI5vq2mYwWnALg?si=16054e5f42f04906
A Love Letter To You 4,"Abandoned
(feat. Mariah The Scientist) (prod. Taz Taylor & Nick Mira)",Track 20 on A Love Letter To You 4.,4:00,"Nov 22, 2019",Album Track,Yes,https://open.spotify.com/track/5dAU3jSjRFajveEVbQPpkN?si=5f0643283ab64bd1
A Love Letter To You 4,"Can You Rap Like Me, Pt. 2
(feat. Chris King) (prod. P. Soul)",Track 21 on A Love Letter To You 4.,2:12,"Nov 22, 2019",Album Track,Yes,https://open.spotify.com/track/1FQ73aHLwOMaRkhbB0sb8t?si=4fae3ddb67c34e44
A Love Letter To You 4,"Who Needs Love [Music Video]
(prod. Igor Mamet & Angel López)","Official music video for track 2 on A Love Letter To You 4, features minor vocal differences compared to the streaming version, directed by Aidan Cullen.",2:38,"Nov 22, 2019",Other,No,https://www.youtube.com/watch?v=WuSMyJZs7qk&rco=1
A Love Letter To You 4,"XXXTENTACION - bad vibes forever
(feat. Trippie Redd & PnB Rock) (prod. John Cunningham)","Track 4 on Bad Vibes Forever.
The Song Was Put-Together Posthumously.",2:30,"Nov 22, 2019",Feature,Yes,https://open.spotify.com/track/69dXVFCMiz3SL1L7M24NdX?si=d336f66093374b9c
"6 Album Track(s)
2 Single(s)
6 Feature(s)
8 Music Video(s)
2 Other",A Love Letter To You 4 (Deluxe),"(Nov 22, 2019) (A Love Letter To You 4 is released)
(Feb 21, 2020) (A Love Letter To You 4 (Deluxe) is released)",,,Other,,
A Love Letter To You 4 (Deluxe),"XXXTENTACION - bad vibes forever [Music Video]
(feat. Trippie Redd & PnB Rock) (prod. John Cunningham)","Official music video for track 4 on Bad Vibes Forever, directed by Eif Rivera.
The Music Video Was Put-Together Posthumously.",2:42,"Dec 5, 2019",Other,No,https://www.youtube.com/watch?v=LIgg0hBBNPM
A Love Letter To You 4 (Deluxe),"Love Me Till I'm Dead
(prod. Honorable C.N.O.T.E.)",Track 2 on RGB 3.,1:50,"Dec 18, 2019",Other,No,https://soundcloud.com/ethikainc/love-me-till-im-dead?utm_source=clipboard&utm_medium=text&utm_campaign=social_sharing
A Love Letter To You 4 (Deluxe),"The Grinch [Music Video]
(prod. Pi’erre Bourne)","Official music video for track 13 on A Love Letter To You 4, directed by William Child.",2:52,"Dec 19, 2019",Other,No,https://www.youtube.com/watch?v=dc_Ulob124c
A Love Letter To You 4 (Deluxe),"Lil Mosey - Never Scared [Music Video]
(feat. Trippie Redd) (prod. Royce David)",Official music video for track 13 on Certified Hitmaker.,3:18,"Jan 7, 2020",Other,No,https://www.youtube.com/watch?v=Tk62rcfh_IA
A Love Letter To You 4 (Deluxe),"Moon Walker [Music Video]
(prod. Daysix & ​star boy)","Alternate version released as music video on an alternate YouTube account from Trippie, later being deleted.",1:55,"Jan 15, 2020",Other,No,https://www.youtube.com/watch?v=5F2-pAwunPI
A Love Letter To You 4 (Deluxe),"Kodie Shane - NO RAP KAP [Music Video]
(feat. Trippie Redd) (prod. Nik D & OZ)",Official music video for track 1 on BLOOMING VOL. 1.,3:35,"Jan 17, 2020",Other,No,https://www.youtube.com/watch?v=g9WG-zlOayM
A Love Letter To You 4 (Deluxe),"Kodie Shane - NO RAP KAP
(feat. Trippie Redd) (prod. Nik D & OZ)",Track 1 on BLOOMING VOL. 1.,3:35,"Jan 17, 2020",Feature,Yes,https://open.spotify.com/track/2sIottAN4ZxxxlaZAh0oxR?si=4ef49396b16c44f3
A Love Letter To You 4 (Deluxe),"Goldie - True Story
(feat. Trippie Redd)",Track 4 on Fuck Goldie EP.,2:55,"Jan 17, 2020",Feature,Yes,https://open.spotify.com/track/60tPY0cCEd3kFeDkF7XIDg?si=9e0aa72dd991481e
A Love Letter To You 4 (Deluxe),"Narvo - Trappin'
(feat. Trippie Redd) (prod. Pi’erre Bourne)",Track 8 on NARVO EP.,2:04,"Jan 21, 2020",Feature,No,https://soundcloud.com/narvo1/trappin-feat-trippie-redd
A Love Letter To You 4 (Deluxe),"KSI - Wake Up Call [Music Video]
(feat. Trippie Redd) (prod. Dez Wright, Mally Mall & S-X)","Official music video for track 7 on Dissimulation, directed by Nayip Ramos and produced by Asher Brown.",5:21,"Jan 31, 2020",Other,No,https://www.youtube.com/watch?v=a2KRXcwOeVM
A Love Letter To You 4 (Deluxe),"Flash Gottii - Paper Chase [Music Video]
(feat. Trippie Redd) (prod. Luke Herbert)",Official music video for track 1 on 2020 Vision.,3:16,"Jan 31, 2020",Other,No,https://www.youtube.com/watch?v=VT0IovRSlh4
A Love Letter To You 4 (Deluxe),"Flash Gottii - Paper Chase
(feat. Trippie Redd) (prod. Luke Herbert)",Track 1 on 2020 Vision.,2:48,"Jan 31, 2020",Feature,Yes,https://open.spotify.com/track/6VW9POKclkRHv5bzyRw17c?si=d5d58bed5e5343de
A Love Letter To You 4 (Deluxe),"Cheat Codes - No Service In The Hills
(feat. Trippie Redd, blackbear, PRINCE$$ ROSIE) (prod. Jonas Jeberg & Trevor Dahl)","Track 10 on HELLRAISERS, Part 2.",2:33,"Jan 31, 2020",Feature,Yes,https://open.spotify.com/track/0CmoisdB4maBgLV5MajnL4?si=05182924ebec4447
A Love Letter To You 4 (Deluxe),"KSI - Wake Up Call
(feat. Trippie Redd) (prod. Dez Wright, Mally Mall & S-X)",Track 7 on Dissimulation.,2:55,"Jan 31, 2020",Feature,Yes,https://open.spotify.com/track/3rqZkyN2hRLwF17HqxsU1q?si=4dc1bf402f144716
A Love Letter To You 4 (Deluxe),"YELL OH
(feat. Young Thug) (prod. Pi’erre Bourne)",Track 3 on A Love Letter To You 4 (Deluxe). The lead single of the project.,3:58,"Feb 7, 2020",Single,Yes,https://open.spotify.com/track/1x3T0zhn84eXhWUrkFjOEo?si=7dfa5a7fdc824ce5
A Love Letter To You 4 (Deluxe),"The Way
(feat. Russ) (prod. Igor Mamet, Angel López)",Track 2 on A Love Letter To You 4 (Deluxe). The second single of the project.,4:03,"Feb 19, 2020",Single,Yes,https://open.spotify.com/track/1TPJLhczCukLi5CwqwjWfj?si=65c55eb38f564de9
A Love Letter To You 4 (Deluxe),"Diplo - Wish [Alternate Music Video]
(feat. Trippie Redd) (prod. Boaz van de Beatz, Wyatt Sanders & Diplo)","An old alternate music video for the song Wish most likely recorded around mid 2017, containing a new mix.",3:01,"Feb 20, 2020",Other,No,https://www.youtube.com/watch?v=VkskQ3ZLpHk
A Love Letter To You 4 (Deluxe),"I Love You
(feat. Chance The Rapper) (prod. Shadxw & Nick Mira)",Track 1 on A Love Letter To You 4 (Deluxe).,3:49,"Feb 21, 2020",Album Track,Yes,https://open.spotify.com/track/6qEbKsvhAQjV3GfSGn1A8K?si=34d65c1723d74a04
A Love Letter To You 4 (Deluxe),"How I Was Raised
(feat. Lil Tecca) (prod. Taz Taylor, Repko & Nick Mira)",Track 4 on A Love Letter To You 4 (Deluxe).,2:49,"Feb 21, 2020",Album Track,Yes,https://open.spotify.com/track/5vS9EOqLbCJ61lt2cFgFov?si=0a13ed6b6641429b
A Love Letter To You 4 (Deluxe),"OTF KNIGHTMARE
(feat. Lil Durk & G Herbo) (prod. Pi’erre Bourne)",Track 5 on A Love Letter To You 4 (Deluxe).,2:36,"Feb 21, 2020",Album Track,Yes,https://open.spotify.com/track/2h0bdruDgFzsMwojzSDlQ7?si=2bfa95e8c7bc468f
A Love Letter To You 4 (Deluxe),"Even Steven [V1]
(prod. Pi’erre Bourne)",Track 6 on A Love Letter To You 4 (Deluxe).,2:19,"Feb 21, 2020",Album Track,Yes,https://open.spotify.com/track/4qYM3Hr6iYXzjfgcnH0n4T?si=ba411fb30a0e4176
A Love Letter To You 4 (Deluxe),"Even Steven [V2]
(prod. Pi’erre Bourne)",A version of the song without the Kazoo Kid sample. It replaced the original version for a while until it came back on streaming services.,2:08,"Feb 21, 2020",Other,No,https://pillows.su/f/827fe7358420dd36dca6304f58ba15fc
A Love Letter To You 4 (Deluxe),"Amazinggg
(feat. Sahbabii) (prod. Pi’erre Bourne)",Track 7 on A Love Letter To You 4 (Deluxe).,2:02,"Feb 21, 2020",Album Track,Yes,https://open.spotify.com/track/3wXUvZfW6gHWYIDm7Rc6Ux?si=f294b0fd78a941ed
A Love Letter To You 4 (Deluxe),"Koi
(prod. WE ARE THE STARS)",Track 8 on A Love Letter To You 4 (Deluxe).,2:38,"Feb 21, 2020",Album Track,Yes,https://open.spotify.com/track/1hK6z0rmJ56XcTzzRy6dpj?si=f57c54b38f2f406d
"25 Album Track(s)
4 Single(s)
42 Feature(s)
14 Music Video(s)
0 Other","Pegasus
(Voodoo Child)","(Feb 21, 2020) (A Love Letter To You 4 (Deluxe) is released)
(Oct 30, 2020) (Pegasus is released)",,,Other,,
Pegasus,"Hendoo - Gotta Go
(feat. Trippie Redd & Boo Cash)",March 2020 feature.,3:25,"Mar 1, 2020",Feature,No,https://soundcloud.com/hinduu/gotta-go-ft-trippieredd-boocash?si=2e7ce790e3824592a1cf7cedd80b7b87&utm_source=clipboard&utm_medium=text&utm_campaign=social_sharing
Pegasus,"Sunny 2point0 - Star Power
(feat. Trippie Redd) (prod. star boy)","Track 11 on Been Boomin.
Upon debuting a snippet of the song on Instagram, which has since been deleted, Trippie received backlash due to his vocal performance sounding similar to those of his collaborator Playboi Carti, with many believing it was a feature.
Particular criticism was aimed at Trippie for the beginning of his verse, where he raps about having “popped a molly” in an extremely similar cadence to Carti’s baby voice on his unreleased song “Not Real/Molly.”",3:33,"Mar 29, 2020",Feature,Yes,https://open.spotify.com/track/3W0QNaavDgmwZDqfTtYEY8?si=94c2279870144cb4
Pegasus,"AYLEK$ - Lights Out
(feat. Trippie Redd & Lil Yachty)",Released on AYLEK$'s SoundCloud.,3:18,"Mar 29, 2020",Feature,No,https://soundcloud.com/ayleks_angvish_ayleks24/lights-out-ft-lil-yachty-trippie-redd?utm_source=clipboard&utm_medium=text&utm_campaign=social_sharing
Pegasus,"BigSmokeChapo - All Redd
(feat. Trippie Redd) (prod. Slice)",Track 9 on .357 Smoke.,2:55,"Mar 31, 2020",Feature,Yes,https://open.spotify.com/track/3mZm5cXUx4y3XUJZf3Tvl7?si=a3371234a51a4313
Pegasus,"Fijimacintosh - SMALLER THAN GOD
(feat. Trippie Redd) (prod. DP Beats)","The song was uploaded to Fiji’s SoundCloud on April 1, 2020, and then taken down hours later. It is unknown why it was taken down or whether this song will ever be officially re-released.",3:00,"Apr 1, 2020",Feature,No,https://soundcloud.com/trippie-redd-fiji/smaller-than-god-feat-fijimacintosh-prod-dp-beats?utm_source=clipboard&utm_medium=text&utm_campaign=social_sharing
Pegasus,"YELL OH [Music Video]
(feat. Young Thug) (prod. Pi’erre Bourne)","Official music video for track 3 on A Love Letter To You 4 (Deluxe), directed by William Child.",4:05,"Apr 8, 2020",Other,No,https://www.youtube.com/watch?v=lzUhFR30VhU
Pegasus,"MASN - Psycho! (Remix)
(feat. Trippie Redd) (prod. Taylor King)",Track 7 on How to Kill a Rockstar.,2:39,"Apr. 15, 2020",Feature,Yes,https://open.spotify.com/track/3H2XRBhgSShmlFL7xYTIkC?si=75bcf38edbc34b29
Pegasus,"Cheat Codes - No Service In The Hills [Music Video]
(feat. Trippie Redd, blackbear, PRINCE$$ ROSIE) (prod. Jonas Jeberg & Trevor Dahl)","Official music video for track 10 on HELLRAISERS, Part 2, directed by Bella Thorne, starring Prince$$ Rosie, Trevor Dahl, Matthew Russell, Logan Paul, Mike Majlak, Stefani Gurzanski, Shelby Harmon, Oana Gregory, blackbear, and Trippie Redd.",6:49,"Apr 16, 2020",Other,No,https://www.youtube.com/watch?v=UykgkUFRH9o
Pegasus,"Chris King - KEEP IT 1400
(feat. Trippie Redd) (prod. StevenJavier & 12Hunna)",Track 9 on SNEEZE!.,2:11,"Apr 21, 2020",Feature,No,https://soundcloud.com/chriskingsoundcloud/keep-it-1400-prod-by-12hunna-chris-king-ft-trippie-redd?utm_source=clipboard&utm_medium=text&utm_campaign=social_sharing
Pegasus,"Rarri - She broke my heart
(feat. Trippie Redd) (prod. Stoopid Lou & fD)",Track 3 on Universe 444.,3:49,"Apr 23, 2020",Feature,Yes,https://open.spotify.com/intl-fr/track/33620YvLotl4s3ocTdvhfm?si=8f2f26e8b41a4683
Pegasus,"Phi11a - Witness
(feat. Trippie Redd) (prod. Daniel Cartisano)",April 2020 feature.,3:16,"Apr 24, 2020",Feature,Yes,https://open.spotify.com/track/77XafWzhvLwRlVLGa39LfR?si=c408b7b5ec674f9a
Pegasus,"BigKlit - Beautiful [Music Video]
(feat. Trippie Redd) (prod. Michael James Petrolawicz, Jochi Saca, Doc Daniel & Buddy Gates)",Released on YouTube via BigKlit.,3:39,"Apr 30, 2020",Other,No,https://www.youtube.com/watch?v=DTcp7ZVui_U
Pegasus,"BigKlit - Beautiful
(feat. Trippie Redd) (prod. Michael James Petrolawicz, Jochi Saca, Doc Daniel & Buddy Gates)",April 2020 feature.,3:08,"Apr 30, 2020",Feature,Yes,https://open.spotify.com/track/2ge6aHBYDZs6FjlFIe6Vjn?si=77be5d23346440b3
Pegasus,"Sunny 2point0 - Hello Kitty
(feat. Trippie Redd) (prod. Outtatown & ​star boy)","Track 10 on Been Boomin.
The track was first previewed on March 26, 2020, on Trippie Redd’s Instagram story, which sparked controversy because of the song’s striking similarities to Playboi Carti’s now released song “New N3on.” Some fans even believed that Carti was on the song because of how similar Trippie sounded to Carti’s baby voice.

Trippie later addressed the rumors in an Instagram comment, saying:

""The songs were made for him to use he never used them so I dropped um myself and put my artist on them ✨""",2:54,"May 13, 2020",Feature,Yes,https://open.spotify.com/track/40M6aGCfaP7GRydybcS7Oq?si=4709ed774c9d4a73
Pegasus,"Excitement
(feat. PARTYNEXTDOOR) (prod. OZ, Nik D & Deats)","Track 6 on Pegasus. The lead single of the project. The song was supposedly set to appear on PND’s March 2020 album, PARTYMOBILE, but was ultimately removed from the tracklist and given to Trippie.",4:43,"May 15, 2020",Single,Yes,https://open.spotify.com/track/66w7lK0t98OPgvYjXp39IP?si=fcd85be6fe2248a1
Pegasus,"Tee - Yes I Do
(feat. Trippie Redd)",Uploaded to SoundCloud.,3:07,"May 15, 2020",Feature,No,https://soundcloud.com/user-591559942/yes-i-do-feat-tee?utm_source=clipboard&utm_medium=text&utm_campaign=social_sharing
Pegasus,"Juice WRLD - Tell Me U Luv Me
(feat. Trippie Redd) (prod. oktanner & Nick Mira)","Track 7 on Legends Never Die.
This song was first performed live by Juice at a concert in late 2019. On January 29, 2020, nearly two months after his passing, the track featured a full-length leak on Soundcloud before being removed on copyright grounds. Later the following month, the track surfaced once again on YouTube, before both Trippie and Juice’s label both took to their Instagrams to officially tease the track a few hours prior to its release.

Additionally, the track was released on Ally Lotti’s birthday, likely indicating that Juice originally made the track for her.
The Song Was Put-Together Posthumously.",2:09,"May 29, 2020",Feature,Yes,https://open.spotify.com/track/5JAYDuLRkODlVt6dgoalKk?si=41b3c3392ed64928
Pegasus,"Juice WRLD - Tell Me U Luv Me [Music Video]
(feat. Trippie Redd) (prod. oktanner & Nick Mira)","Official music video for track 7 on Legends Never Die, released on the Lyrical Lemonade channel, directed by Cole Bennett.",2:55,"May 29, 2020",Other,No,https://www.youtube.com/watch?v=ddoFu4sDXpU
Pegasus,"DREAMER
(prod. Yeezo Beats)",Track 10 on Neon Shark vs Pegasus. The lead single to this part of the project. The song was released before Pegasus released.,2:50,"Jun 18, 2020",Single,Yes,https://open.spotify.com/track/2rqagZl457R1ICa2fKVkds?si=e2613c1644144573
Pegasus,"Boo Ca$h - Johnny Cage 8888
(feat. Trippie Redd)",Released on SoundCloud via Boo Ca$h,3:17,"Jun 23, 2020",Feature,No,https://soundcloud.com/realriquan/trippie-redd-x-boo-cah-johnny-cage-8888?ref=clipboard&p=i&c=0&si=9DBF21149B7943F184EEB0E498E805E4&utm_source=clipboard&utm_medium=text&utm_campaign=social_sharing
Pegasus,"K Suave - Moan (Pi'erre Version)
(feat. Trippie Redd) (prod. Pi'erre Bourne)",First version of the song that dropped before getting taken down from streaming services.,2:08,"Jun 26, 2020",Feature,No,https://www.youtube.com/watch?v=6jTQoZEy6YM
Pegasus,"FBG GOAT - 17 Dayz 17 Nightz
(feat. Trippie Redd)
(prod. Mally Mall, MaxFlames & David Morse)",Track 11 on The Mound 2.,3:23,"Jul 3, 2020",Feature,Yes,https://open.spotify.com/track/7aosXXM9Itv4hmsPTyH26d?si=e9ad9aeb53194fa6
Pegasus,"KYLE - Forget
(feat. Trippie Redd, iann dior, & The Drums) (prod. The Drums, Naz & Jonny Pierce)",Track 5 on See You When I am Famous!!!!!!!!!!!!.,3:04,"Jul 17, 2020",Feature,Yes,https://open.spotify.com/track/5kRRFWL81zURZQewlAPW5K?si=2bb3526a0f33421b
Pegasus,"Excitement [Music Video]
(feat. PARTYNEXTDOOR) (prod. OZ, Nik D & Deats)","Official music video for track 6 on Pegasus, directed by Aidan Cullen, produced by Jimmy Regular & Emily Hillgren, edited by Stripmall.",4:44,"Jul 22, 2020",Other,No,https://www.youtube.com/watch?v=3HpkeRUTdKs
Pegasus,"Blac Chyna - Cash Only [Music Video]
(feat. Trippie Redd) (prod. The44thFloor, TitoJustMusic & Raisedbywolvv)",Released on YouTube via Blac Chyna.,2:45,"Jul 24, 2020",Other,No,https://www.youtube.com/watch?v=O64Silz-r2w
Pegasus,"Sunny 2point0 - O.M.G [Music Video]
(feat. Trippie Redd) (prod. NoLuck)","Official music video for track 3 on Been Boomin, directed and edited by LONEWOLF.",2:37,"Jul 24, 2020",Other,No,https://www.youtube.com/watch?v=qt0wCr5ufN4
Pegasus,"Blac Chyna - Cash Only
(feat. Trippie Redd) (prod. The44thFloor, TitoJustMusic & Raisedbywolvv)",July 2020 feature.,2:46,"Jul 24, 2020",Feature,Yes,https://open.spotify.com/track/6dTa3WUUaaVotgnzHXM9tn?si=f53292b0bd154cce
Pegasus,"Sunny 2point0 - O.M.G
(feat. Trippie Redd) (prod. NoLuck)",Track 3 on Been Boomin.,2:34,"Jul 24, 2020",Feature,Yes,https://open.spotify.com/track/442XvY0Lsh3GtOZVxfssp9?si=84337aa3e50d41e5
Pegasus,"Sunny 2point0 - Hello Kitty [Music Video]
(feat. Trippie Redd) (prod. Outtatown & ​star boy)",Official music video for track 10 on Been Boomin.,2:55,"Jul 31, 2020",Other,No,https://www.youtube.com/watch?v=PZ62rZHHTIg
Pegasus,"Sunny 2point0 - Alien Autopsy
(feat. Trippie Redd, NoCap, & Playboi Carti) (prod. MTK & Hammad Beats)","The song was first previewed by Trippie Redd on May 16, 2019, via a post on his private Instagram account. The post showed two videos of Playboi Carti playing the song in a studio with the caption:

""Alien autopsy👽""

On June 17, 2020, over a year after the song was initially previewed, Trippie confirmed that the song would be releasing on his artist Sunny 2point0’s album BEEN BOOM1N, via the comment section of one of Trippie’s Instagram fan-pages.

On June 22, Sunny posted on Instagram that he would release the song on his album if he reached 10,000 comments and 100,000 followers.

The next day, he played more of the song on an Instagram livestream and gave information about the song.

On July 31, Sunny 2point0 released the song to his SoundCloud profile after not gaining clearance to put the song on his album.",4:17,"Jul 31, 2020",Feature,No,https://soundcloud.com/puzzi-337266964/alien-autopsy-playboi-carti-x-trippie-redd-x-sunny2point0?utm_source=clipboard&utm_medium=text&utm_campaign=social_sharing
Pegasus,"Sunny 2point0 - Mama Sad
(feat. Trippie Redd, Lil Duke & Lil Keed)","Recorded during the ""A Love Letter To You 3"" sessions and then was released on July 31, 2020.",3:48,"Jul 31, 2020",Feature,No,https://soundcloud.com/quincy-paddock/sunny2point0-trippie-redd-lil?utm_source=clipboard&utm_medium=text&utm_campaign=social_sharing
Pegasus,"J-Stew - I Got Cash
(feat. Trippie Redd) (prod. Stewbillionaire & Franky wahoo)",August 2020 feature.,2:45,"Aug 1, 2020",Feature,No,https://soundcloud.com/jstewgetit/trippie-redd-jstew-i-got-cash-produced-by-franky-wahoo-stewbillionaire-1?utm_source=clipboard&utm_medium=text&utm_campaign=social_sharing
Pegasus,"DREAMER [Music Video]
(prod. Yeezo Beats)","Official music video for track 10 on Neon Shark vs Pegasus, directed by Edward Allerton, produced by Emily Hillgren, edited by RC Films.",2:55,"Aug 5, 2020",Other,No,https://www.youtube.com/watch?v=waYEYk4xfbs
Pegasus,"Sunny 2point0 - Been Boom1n
(feat. Trippie Redd)",Track 15 on Been Boomin.,3:11,"Aug 7, 2020",Feature,Yes,https://open.spotify.com/track/5z79B6iqXyGT0hUMEkj9vr?si=6e278fc5734e4843
Pegasus,"Lil Yachty - Pistols Close
(feat. Trippie Redd) (prod. ​star boy & Rok)",Track 8 on BIRTHDAY MIX 5.,2:03,"Aug. 23, 2020",Feature,No,https://soundcloud.com/thetrapbunker/trippie-redd-lil-yachty?utm_source=clipboard&utm_medium=text&utm_campaign=social_sharing
Pegasus,"A1Billionaire - Word of Mouf Part 2
(feat. Trippie Redd)",Track 4 on Endless Summer.,3:34,"Sep 1, 2020",Feature,Yes,https://open.spotify.com/track/62stY7BousIYP5oUNcB6VM?si=08b19115b89a49f8
Pegasus,"A1Billionaire - Milkyway
(feat. Trippie Redd) (prod. Outtatown)",Track 8 on Endless Summer.,3:48,"Sep 1, 2020",Feature,Yes,https://open.spotify.com/track/6whNllbPW0fQ3voGBdkjzj?si=87e6225211c9420a
Pegasus,"K Suave - Moan (CGM Version)
(feat. Trippie Redd) (prod. CGM Beats)",This version of the song has an entirely different instrumental than the version that released officially due to Trippie not wanting to pay Pi'erre 80k for the beat.,2:08,"Sep 8, 2020",Feature,No,https://www.youtube.com/watch?v=N90_X2Ik9hE
Pegasus,"K Suave - Moan (Naddot Version)
(feat. Trippie Redd) (prod. Nadddot)",Another version of the song but produced by Naddot and released on the RAPSTAR YouTube channel.,2:08,"Sep 8, 2020",Feature,No,https://www.youtube.com/watch?v=L69ewkcPCrQ
Pegasus,"I Got You
(feat. Busta Rhymes) (prod. Wheezy, Sean Momberger, Rance, Khirye Tyler & Q Gulledge)",Track 16 on Pegasus. The second lead single for the project with Trippie interpolating Busta’s classic song “I Know What You Want.”,3:05,"Sep 11, 2020",Single,Yes,https://open.spotify.com/track/29u0tSj9TKlicHpXgcE3W2?si=1ad9192e8fd14c44
Pegasus,"I Got You [Music Video]
(feat. Busta Rhymes) (prod. Wheezy, Sean Momberger, Rance, Khirye Tyler & Q Gulledge)","Official music video for track 16 on Pegasus, directed by Aidan Cullen.",3:34,"Sep 11, 2020",Other,No,https://www.youtube.com/watch?v=No2FjGBcdhY
Pegasus,"Berner - Set
(feat. Trippie Redd, Jmo Let Em Know) (prod. Cons)",Track 15 on Russ Bufalino: The Quiet Don.,4:14,"Sep 16, 2020",Feature,Yes,https://open.spotify.com/track/1JyDZyvxWQMohKXJo5KoIf?si=4bb1bb02ead54c81
Pegasus,"IV4 - Swimming [Music Video]
(feat. Trippie Redd) (prod. Eesean Bolden, Ghost Kid & Mally Mall)",Released on YouTube via IV4.,3:01,"Sep 18, 2020",Other,No,https://www.youtube.com/watch?v=YqfoeSMOCzU
Pegasus,"Curren$y & Harry Fraud - Quicksand
(feat. Trippie Redd) (prod. Harry Fraud)",Track 3 on The Director’s Cut.,2:39,"Sep. 18, 2020",Feature,Yes,https://open.spotify.com/track/6DW0AVcXpcg1JoAh3RcmTU?si=49b7008e4f0a4c6e
Pegasus,"IV4 - Swimming
(feat. Trippie Redd) (prod. Eesean Bolden, Ghost Kid & Mally Mall)",September 2020 feature.,2:56,"Sep 18, 2020",Feature,Yes,https://open.spotify.com/track/2ZAHVv5pwXZ1UM2ZRHdt8V?si=623181d755504d68
Pegasus,"mgk - all I know
(feat. Trippie Redd) (prod. Omer Fedi & Travis Barker)",Track 6 on Tickets To My Downfall.,2:09,"Sep 25, 2020",Feature,Yes,https://open.spotify.com/track/1vuUbnY82fCNjfzqjLmblw?si=f73a743d45ca4c53
Pegasus,"Stalley - Gangsta Prayer
(feat. Trippie Redd) (prod. MTK & Hammad Beats)",Track 4 on Speak No Blue.,3:51,"Sep 25, 2020",Feature,Yes,https://open.spotify.com/track/3oiyvQceAD2SKymtZdm3Kd?si=5e13a9c5aa7b4026
Pegasus,"Ayoo KD - Hell Broke Loose
(feat. Trippie Redd) (prod. Hammad Beats)",Track 4 on KD No Kevin Durant II.,2:53,"Sep 30, 2020",Feature,Yes,https://open.spotify.com/track/1Her2DlLqLmVpnnDctKTws?si=ab8d67c7696142b7
Pegasus,"Chris King - CARTER 14
(feat. Trippie Redd) (prod. Mustard)",Track 3 on SNEEZE!.,2:20,"Oct 2, 2020",Feature,Yes,https://open.spotify.com/track/1IdIyocPgsQIKdRyFVTWxo?si=dd2e52e8b6ce441a
Pegasus,"Chris King - TELL ME WHAT IT IS?
(feat. Trippie Redd & PnB Rock) (prod. WizzleGotBeats & Hammad Beats)",Track 16 on SNEEZE!.,2:53,"Oct 2, 2020",Feature,Yes,https://open.spotify.com/track/40hGFZHgpqSl1tpGV0F7YE?si=bec554bda5f640d3
Pegasus,"Sleepy Hollow
(prod. Outtatown, Rance, Khirye Tyler & Q Gulledge)",Track 21 on Pegasus. The third single for the project. It was originally leaked along with the rest of the album in August of 2020.,1:41,"Oct 7, 2020",Single,Yes,https://open.spotify.com/track/45nUa9kUuigLpVroOP8wGv?si=64dee599e3b7484e
Pegasus,"Famous Dex - Solar System
(feat. Trippie Redd) (prod. Gezin, Dez Wright & OZ)",Track 13 on Diana.,2:38,"Oct. 9, 2020",Feature,Yes,https://open.spotify.com/track/5vk95bgaB5vYFhabNFILqJ?si=f8dbe69fe9044767
Pegasus,"BlocBoy JB - What You Want
(feat. Trippie Redd) (prod. KookUp & Ace Charisma)",Track 10 on FatBoy.,2:54,"Oct 9, 2020",Feature,Yes,https://open.spotify.com/track/4966QOZXaoLSSdMjkKywrx?si=f8b560c60fed401f
Pegasus,"Famous Dex - Solar System [Music Video]
(feat. Trippie Redd) (prod. Gezin, Dez Wright & OZ)","Official music video for track 13 on Diana, directed by Asher Harris, creative producer being Brandon Bacall, executive producer being Austin Barbera & Jake Krask, edited by Jared Asher Harris.",2:54,"Oct 21, 2020",Other,No,https://www.youtube.com/watch?v=DTjb39zFmXQ
Pegasus,"Internet Money - Blastoff
(feat. Trippie Redd, Diplo, & Juice WRLD) (prod. Taz Taylor, Pharaoh Vice, Repko, Nick Mira, KC Supreme, Aryay & Diplo)","Track 2 on B4 The Storm.
On October 13, 2018, Trippie previewed a snippet of the song on his social media account, where he played a small part of his own verse and teased Juice’s vocals. On December 7, 2019, producer Taz Taylor previewed a longer snippet with an alternative instrumental.
Two early demos of the track leaked throughout the late months of 2019. The track was later confirmed to release via Internet Money’s collaborative album.",2:54,"Oct 23, 2020",Feature,Yes,https://open.spotify.com/track/5ulrOvKNvFj5UyMwNoLkdM?si=935246c75b794e39
Pegasus,"Internet Money - Block
(feat. Trippie Redd & StaySolidRock) (prod. Tim Henson, Taz Taylor & Nick Mira)",Track 15 on B4 The Storm.,2:34,"Oct 23, 2020",Feature,Yes,https://open.spotify.com/track/7J6G8AbQEsvyRZNlpJSjkV?si=5e87fe067c644eee
Pegasus,"Internet Money - Really Redd
(feat. Trippie Redd & Lil Keed, & Young Nudy) (prod. Taz Taylor & Nick Mira)",Track 12 on B4 The Storm.,3:06,"Oct 23, 2020",Feature,Yes,https://open.spotify.com/track/1XXVVXPlxDqS3jeeW47fwk?si=6463e7bd1cb44ee8
Pegasus,"Let It Out
(feat. Myiah Lynnae) (prod. OZ, Nik D, Oscar Zulu, LVNDVN, Rance, Khirye Tyler & Q Gulledge)",Track 1 on Pegasus.,2:56,"Oct 30, 2020",Album Track,Yes,https://open.spotify.com/track/61Yi8jJNu6cl3NEpae5yc8?si=d2c8cf6bfc454a70
Pegasus,"Moonlight
(prod. Hammad Beats, Oscar Zulu, Rance, Khirye Tyler & Q Gulledge)",Track 1 on Pegasus.,2:41,"Oct 30, 2020",Album Track,Yes,https://open.spotify.com/track/1m2E4951Mf90jIlDmFCTH8?si=7d7a78cca01945b9
Pegasus,"Love Scars 4
(prod. Hammad Beats, Oscar Zulu, Rance, Khirye Tyler & Q Gulledge)",Track 3 on Pegasus.,2:36,"Oct 30, 2020",Album Track,Yes,https://open.spotify.com/track/6bNPwrpRDdmNPUCKJbGR5A?si=a22c725bf6ab45d8
Pegasus,"The Nether
(prod. OZ, Frano, Burnley, Rance, Khirye Tyler & Q Gulledge)",Track 4 on Pegasus.,2:37,"Oct 30, 2020",Album Track,Yes,https://open.spotify.com/track/0uw1EGttVgA5YKsrvP4RnI?si=c6135dd2170a4629
Pegasus,"So Stressed
(feat. Yung LB) (prod. Hammad Beats, Stoopid Lou, Oscar Zulu, Rance & Khirye Tyler)",Track 5 on Pegasus.,3:24,"Oct 30, 2020",Album Track,Yes,https://open.spotify.com/track/3YfQZ0orqGTLTCZtonFQPs?si=c62875da985647e7
Pegasus,"Mood
(feat. Chris Brown) (prod. Goose the Guru, Dinuzzo, Lastnght, Rance, Khirye Tyler & Q Gulledge)",Track 7 on Pegasus.,2:23,"Oct 30, 2020",Album Track,Yes,https://open.spotify.com/track/48PRFmItxAjd4wfGXjHv5f?si=7cc25098ace54362
Pegasus,"Pegasus
(prod. Hammad Beats, Oscar Zulu, Rance & Khirye Tyler)",Track 8 on Pegasus.,2:17,"Oct 30, 2020",Album Track,Yes,https://open.spotify.com/track/4AHhlIlkzq7sZ0JHyX6Zrw?si=2a4168366a184aa0
Pegasus,"Weeeeee
(prod. Loaded, Rance, Khirye Tyler, Q Gulledge & Igor Mamet)",Track 9 on Pegasus.,2:32,"Oct 30, 2020",Album Track,Yes,https://open.spotify.com/track/5fgKVQQsTayWtG8wytfDpn?si=e54193c427184b33
Pegasus,"Personal Favorite
(feat. Rich The Kid) (prod. CHASETHEMONEY, Heavy Mellow, Rance & Khirye Tyler)",Track 10 on Pegasus.,2:35,"Oct 30, 2020",Album Track,Yes,https://open.spotify.com/track/58pgD1gIJoGk5UWSw5I7Xb?si=bebdbed902cf4296
Pegasus,"V-12
(prod. Outtatown, Psymun, ​star boy, Rip, Distance Decay, Rance & Khirye Tyler)",Track 11 on Pegasus.,2:06,"Oct 30, 2020",Album Track,Yes,https://open.spotify.com/track/3ZiG5K5QaOd9uclesqBFak?si=56c33acab54c40bf
Pegasus,"Spaceships
(feat. Young Thug) (prod. ATL Jacob, Rance, Khirye Tyler & Q Gulledge)",Track 12 on Pegasus.,2:54,"Oct 30, 2020",Album Track,Yes,https://open.spotify.com/track/3d6IImvTf0BsPb4gfQithp?si=4a066a0d805f4bb3
Pegasus,"Never Change
(feat. Future) (prod. Mally Mall, J.U.S.T.I.C.E. League, Dinuzzo, Lastnght, 1993, Eesean Bolden, Lateef Garrett, Rance & Khirye Tyler)","Track 13 on Pegasus. Future's chorus comes from a old song called ""Everything That Glitters Ain't Gold"" featuring Hollywood.",2:53,"Oct 30, 2020",Album Track,Yes,https://open.spotify.com/track/7E9yDZtkvlAC0aAnU4etRJ?si=f358a20852ec4106
Pegasus,"Good Morning
(prod. CBMIX, Chopsquad DJ, Rance, Khirye Tyler & Q Gulledge)",Track 14 on Pegasus.,3:21,"Oct 30, 2020",Album Track,Yes,https://open.spotify.com/track/3jKL28PBT47f9FTn9KvfwR?si=25a6672e92ea46bf
Pegasus,"No Honorable Mentions
(feat. Lil Mosey & Quavo) (prod. Chopsquad DJ, Xeryus, RMG Nu, FaatKiid, Rance, Khirye Tyler & Q Gulledge)",Track 15 on Pegasus.,4:18,"Oct 30, 2020",Album Track,Yes,https://open.spotify.com/track/6KNjuoro6mrsxhPzRBk03z?si=b4f62a1eee924fb0
Pegasus,"Too Fly
(prod. Hammad Beats, Mario Petersen, LNKmusic, Rance, Khirye Tyler & Q Gulledge)",Track 17 on Pegasus.,3:04,"Oct 30, 2020",Album Track,Yes,https://open.spotify.com/track/6AKGKYHRX6xXldGRwVi2jY?si=39a72ac59c8646db
Pegasus,"Red Beam
(feat. Sean Kingston) (prod. OZ, Nik D, Deats, Rance, Khirye Tyler & Q Gulledge)",Track 18 on Pegasus.,2:07,"Oct 30, 2020",Album Track,Yes,https://open.spotify.com/track/0rLzU8Ix6WcXZJdlAKIH2r?si=18d8a3924e5e4fc5
Pegasus,"Oomps Revenge, Pt. 2
(prod. Hammad Beats & Oscar Zulu)",Track 19 on Pegasus.,1:57,"Oct 30, 2020",Album Track,Yes,https://open.spotify.com/track/5z5zhwoUg6rAzYVWBXU4WD?si=0fc0c7860b1640fd
Pegasus,"Take One
(prod. Nick Mira, Rance, Khirye Tyler & Q Gulledge)",Track 20 on Pegasus.,2:01,"Oct 30, 2020",Album Track,Yes,https://open.spotify.com/track/6AiHWdkpcPqD0OgEKZ7A7Q?si=c024ba1d7ea6406e
Pegasus,"Kid That Didd
(feat. Future & Doe Boy) (prod. CBMIX, Chopsquad DJ & Rance)",Track 22 on Pegasus.,3:37,"Oct 30, 2020",Album Track,Yes,https://open.spotify.com/track/4zwSuVPORpri4LYy50J3J7?si=5a89177add4d49fa
Pegasus,"Don
(prod. Chopsquad DJ)",Track 23 on Pegasus.,2:24,"Oct 30, 2020",Album Track,Yes,https://open.spotify.com/track/6G0G5eBY9fGs0wwEc8SMrI?si=528ea1957f33424c
Pegasus,"Hell Rain
(feat. Lil Wayne & HoodyBaby) (prod. Cardiak, Rance & Q Gulledge)",Track 24 on Pegasus. This version of the song features subtle rain effects to fit the atmosphere and a different mix compared to the 2017 version.,3:47,"Oct 30, 2020",Album Track,Yes,https://open.spotify.com/track/0v1Yl7SQSy20mj99eXQNqp?si=c9801ab2a20c42aa
Pegasus,"TR666 [V2]
(feat. Swae Lee) (prod. Scott Storch, Avedon, Rance & Khirye Tyler)","Track 25 on Pegasus. This version of the song features a bible verse intro from Trippie's mom, Tonya White.",3:00,"Oct 30, 2020",Album Track,Yes,https://open.spotify.com/track/5KNBmC1FcJAiqnFUBhY449?si=5cb425b50923456c
Pegasus,"Sun God
(feat. Myiah Lynnae) (prod. Angel López, Rance, Khirye Tyler, Q Gulledge & Igor Mamet)",Track 26 on Pegasus.,3:12,"Oct 30, 2020",Album Track,Yes,https://open.spotify.com/track/2aQoor0nXmCiHI8DFpeGzI?si=2b940f99c6c948be
Pegasus,"Where You Goin'
(prod. David Morse & KC Supreme)",Track 27 on Pegasus. The final bonus track only from the Target-exclusive CD version of Pegasus.,1:45,"Oct 30, 2020",Album Track,No,https://www.youtube.com/watch?v=gnriqXaWAts
Pegasus,"Lightning
(prod. Igor Mamet, Trippie Redd & Nadddot)",Track 28 on Pegasus. The first bonus track only from the Target-exclusive CD version of Pegasus.,2:41,"Oct 30, 2020",Album Track,No,https://www.youtube.com/watch?v=krBxmPdOp5M&pp=ygUWbGlnaHRuaW5nIHRyaXBwaWUgcmVkZA%3D%3D
Pegasus,"Love Scars 4 [Music Video]
(prod. Hammad Beats, Oscar Zulu, Rance, Khirye Tyler & Q Gulledge)","Official music video for track 3 on Pegasus, directed by Aidan Cullen.",2:45,"Oct 30, 2020",Other,No,https://www.youtube.com/watch?v=S1qouvwANi4
Pegasus,"Stalley - Multimillion Dollar Man
(feat. Trippie Redd) (prod. Kd33)",Track 5 on Cake.,2:49,"Oct 30, 2020",Feature,Yes,https://open.spotify.com/track/4X4bJYIoFqtU44Lk341LEJ?si=9fd4a203f1ce4bcd
Pegasus,"Stalley - Multimillion Dollar Man [Music Video]
(feat. Trippie Redd) (prod. Kd33)","Official music video for track 5 on Cake, directed by Frankie Fire.",2:49,"Oct 30, 2020",Other,No,https://www.youtube.com/watch?v=I93ppmH0xK8
"13 Album Track(s)
0 Single(s)
25 Feature(s)
11 Music Video(s)
1 Other","Pegasus: Neon Shark vs Pegasus
(Pegasus Deluxe)","(Oct 30, 2020) (Pegasus is released)
(Feb 19, 2021) (Neon Shark vs Pegasus is released)",,,Other,,
Pegasus: Neon Shark vs Pegasus,"Hotboy414 - Dead Man Walking [V1]
(feat. Trippie Redd) (prod. Nuri)","Track 5 on Welcome 2 My World. The song on Spotify is named ""Trippie Redd"" for some unknown reason but on YouTube it is called ""Dead Man Walkin"" but the song is cut. The track length is ACTUALLY 2:26, but it's uploaded at 3:26 because it contains a whole minute of silence.",3:26,"Oct 31, 2020",Feature,Yes,https://open.spotify.com/track/2OhbPmlvB7bfB2fvu28AOO?si=3d1489b8a07b4aaa
Pegasus: Neon Shark vs Pegasus,"Hotboy414 - Dead Man Walking [V2]
(feat. Trippie Redd) (prod. Nuri)","The cut version of ""Dead Man Walkin"" only available on YouTube.",2:15,"Nov 4, 2020",Other,No,https://www.youtube.com/watch?v=LqfVaoWZ1xw
Pegasus: Neon Shark vs Pegasus,"Doe Boy & Southside - Yesterday [Music Video]
(feat. Trippie Redd) (prod. DJ Moon, CuBeatz & Southside)",Official music video for track 17 on Demons R Us.,2:40,"Nov 6, 2020",Other,No,https://www.youtube.com/watch?v=2hXmXtPI19Q
Pegasus: Neon Shark vs Pegasus,"D. Savage - IDC [Music Video]
(feat. Trippie Redd) (prod. Chopsquad DJ)",Official music video for track 15 on BPL.,2:13,"Nov 6, 2020",Other,No,https://www.youtube.com/watch?v=EOxxYI2jtY8
Pegasus: Neon Shark vs Pegasus,"D. Savage - IDC
(feat. Trippie Redd) (prod. Chopsquad DJ)",Track 15 on BPL.,2:13,"Nov 6, 2020",Feature,Yes,https://open.spotify.com/track/6HApb3dx0i95Qj8SEgXCAt?si=314c426edbb7447c
Pegasus: Neon Shark vs Pegasus,"Doe Boy & Southside - Yesterday
(feat. Trippie Redd) (prod. DJ Moon, CuBeatz & Southside)",Track 17 on Demons R Us.,2:43,"Nov 6, 2020",Feature,Yes,https://open.spotify.com/track/0qQZ4lxmzitLd6w5WQXrKE?si=7a454326ed554e3d
Pegasus: Neon Shark vs Pegasus,"Weeeeee [Music Video]
(prod. Loaded, Rance, Khirye Tyler, Q Gulledge & Igor Mamet)","Official music video for track 9 on Pegasus, directed by Aidan Cullen.",2:32,"Nov 13, 2020",Other,No,https://www.youtube.com/watch?v=8TxW29wryYM
Pegasus: Neon Shark vs Pegasus,"Rauw Alejandro - Un Sueño
(feat. Trippie Redd) (prod. Mr. Naisgai & Yampi)",Track 7 on Afrodisíaco.,3:42,"Nov 13, 2020",Feature,Yes,https://open.spotify.com/track/2Em9XZZw8yEgxjojjGxntN?si=091ce8ee2d7440b6
Pegasus: Neon Shark vs Pegasus,"Chris King - A Kouple More Bars
(feat. Trippie Redd) (prod. P. Soul)
(Can You Rap Like Me Pt. 3)",Track 10 on BLE$$ YOU.,1:36,"Nov 16, 2020",Feature,Yes,https://open.spotify.com/track/32SV9dGcGjlK5DDYAEqWYx?si=fac2f943a91e46f9
Pegasus: Neon Shark vs Pegasus,"PoppyH - Séance
(feat. Trippie Redd) (prod. Richie Louie)",Track 2 on Taxin,2:19,"Nov 18, 2020",Feature,Yes,https://open.spotify.com/intl-fr/track/3nK15hecv0212FdcEkR62o?si=5c6b0ed098af4de6
Pegasus: Neon Shark vs Pegasus,"Luh Kel - Feen [Music Video]
(feat. Trippie Redd) (prod. Scott Storch & IllaDaProducer)","Official music video for track 15 on L.O.V.E. (Deluxe), directed by Matt Zolly, executive produced by Adam Ben & JonnyShipes.",3:23,"Nov 20, 2020",Other,No,https://www.youtube.com/watch?v=iAAhE27-gv4
Pegasus: Neon Shark vs Pegasus,"Luh Kel - Feen
(feat. Trippie Redd) (prod. Scott Storch & IllaDaProducer)",Track 15 on L.O.V.E. (Deluxe).,2:59,"Nov 20, 2020",Feature,Yes,https://open.spotify.com/track/2qTcJF53V5rsJd82CVFadL?si=1100d1f4027d46fe
Pegasus: Neon Shark vs Pegasus,"Mikey Polo - Baguette Spaghetti [Music Video]
(feat. Trippie Redd) (prod. LouBeats)","Official music video for track 10 on Emo World, directed by LOUIEKNOWS.",1:53,"Dec 4, 2020",Other,No,https://www.youtube.com/watch?v=FfCT-NrexQo
Pegasus: Neon Shark vs Pegasus,"Mikey Polo - Baguette Spaghetti
(feat. Trippie Redd) (prod. LouBeats)",Track 10 on Emo World.,2:03,"Dec 4, 2020",Feature,Yes,https://open.spotify.com/track/2fw1OTFFgu6i5jjdyJBua2?si=0c2ea0f1d58b4cec
Pegasus: Neon Shark vs Pegasus,"Rico Nasty - Loser
(feat. Trippie Redd) (prod. Nick Seeley & Brandon Finessin)",Track 9 on Nightmare Vacation.,2:25,"Dec 4, 2020",Feature,Yes,https://open.spotify.com/track/7CCOkwimz68cN8QLCes6SU?si=88572bfa5de84b1e
Pegasus: Neon Shark vs Pegasus,"Too Fly [Music Video]
(prod. Hammad Beats, Mario Petersen, LNKmusic, Rance, Khirye Tyler & Q Gulledge)","Official music video for track 17 on Pegasus, directed by Aidan Cullen.",3:20,"Dec 8, 2020",Other,No,https://www.youtube.com/watch?v=-xQKDW5pITg
Pegasus: Neon Shark vs Pegasus,"Chris King - GOD OF WAR
(feat. Trippie Redd) (prod. Igor Mamet, Trippie Redd & Nadddot)",Track 3 on BLE$$ YOU.,3:06,"Dec 11, 2020",Feature,Yes,https://open.spotify.com/track/6kRRpQfNpjHaGKlFBEWtjO?si=61f4e18a24474a02
Pegasus: Neon Shark vs Pegasus,"Kid Cudi - Rockstar Knights
(feat. Trippie Redd) (prod. Kid Cudi, Jenius Level, WondaGurl, MIKE DEAN, Dot Da Genius & Take a Daytrip)","Track 16 on Man On The Moon III: The Chosen.

Kid Cudi via Apple Music: ""Trippie came in and I played him a few records and he kind of like got the tone, knew the importance of it being Man on the Moon and he went in there and hit it out the park. It was perfect. Perfect subject matter and he just rode the beat in an epic way.""",3:46,"Dec 11, 2020",Feature,Yes,https://open.spotify.com/track/4J9SI7do4KOEsCexqEbjmR?si=f50d33e4879c4f5f
Pegasus: Neon Shark vs Pegasus,"K Suave - Trippple H
(feat. Trippie Redd & D. Savage) (prod. Nadddot)",Track 9 on Thot Slayer 2.,3:46,"Dec 16, 2020",Feature,Yes,https://open.spotify.com/track/1ydS1YSLGA9ESh7GROrnWR?si=6e4c3b8e29ed44f9
Pegasus: Neon Shark vs Pegasus,"K Suave - 3am
(feat. Trippie Redd)",Track 20 on Thot Slayer 2.,3:20,"Dec 16, 2020",Feature,Yes,https://open.spotify.com/track/1tctnSBS9abzRctLlltEr6?si=b8cf873cdbbe4e48
Pegasus: Neon Shark vs Pegasus,"K Suave - Entanglement
(feat. Trippie Redd & Xavier Wulf)",Track 23 on Thot Slayer 2.,3:03,"Dec 16, 2020",Feature,Yes,https://open.spotify.com/track/21Q6RTubNJi9la9zqAXIIQ?si=c5da6f3eab23412b
Pegasus: Neon Shark vs Pegasus,"Dayytona Fox - CHEETAHHH!!
(feat. Trippie Redd) (prod. TheRealAGE Beats & Blvck Vmish)",Track 5 on TheBeyonder&Friends.,3:46,"Dec 18, 2020",Feature,Yes,https://open.spotify.com/track/0xELRz3ARMUSbrusS1QxjZ?si=z4FmW1e0SpuH7htwI6fc-Q
Pegasus: Neon Shark vs Pegasus,"Dax - i don't want another sorry
(feat. Trippie Redd) (prod. SephGotTheWaves, Stillsanexile & Trademark)",Decemeber 2020 feature.,3:13,"Dec 29, 2020",Feature,Yes,https://open.spotify.com/track/1AZkaqWjrlH9TjF2HQE4ZS?si=535200eea9eb4d5c
Pegasus: Neon Shark vs Pegasus,"Dax - i don't want another sorry [Music Video]
(feat. Trippie Redd) (prod. SephGotTheWaves, Stillsanexile & Trademark)","Released on YouTube via Dax, directed by Logan Meis.",3:42,"Dec 29, 2020",Other,No,https://www.youtube.com/watch?v=4JI70_9acgE
Pegasus: Neon Shark vs Pegasus,"mgk - all I know [Music Video]
(feat. Trippie Redd) (prod. Omer Fedi & Travis Barker)","Official music video for track 6 on Tickets To My Downfall, part of the romantic musical 'Downfalls High.' This verison of the song has a Trippie solo after his verse.",2:19,"Jan 16, 2021",Other,No,https://www.youtube.com/watch?v=b32Sr5UR1R8
Pegasus: Neon Shark vs Pegasus,"K Suave - You & Me
(feat. Trippie Redd) (prod. Pi’erre Bourne)",Track 11 on Thot Slayer 2 (Deluxe).,2:36,"Jan 16, 2021",Feature,No,https://soundcloud.com/user-135533652/k-suave-ft-trippie-redd-you-me
Pegasus: Neon Shark vs Pegasus,"K Suave - You Know It
(feat. Trippie Redd) (prod. Loesoe)",Track 15 on Thot Slayer 2 (Deluxe).,3:57,"Jan 16, 2021",Feature,Yes,https://open.spotify.com/track/2WZvxDZLlJBqzaCDUI1LyD?si=944b09e8c00f4d84
Pegasus: Neon Shark vs Pegasus,"K Suave - Stay Far
(feat. Trippie Redd & Poundside Pop) (prod. IamTash & BlackMayo)",Track 20 on Thot Slayer 2 (Deluxe).,2:30,"Jan 16, 2021",Feature,Yes,https://open.spotify.com/track/06tIN1cYXdQ3vNMFbbTLBc?si=c5ad3fbed1b8493c
Pegasus: Neon Shark vs Pegasus,"Mikey Polo - Superpowers
(feat. Trippie Redd) (prod. LouBeats)",Track 2 on Emo World.,2:03,"Jan 22, 2021",Feature,Yes,https://open.spotify.com/track/3QtYhhiGuH7T0Lmi4QV0Jg?si=2d945977841943fa
Pegasus: Neon Shark vs Pegasus,"Peso Peso - Brad Pitt
(feat. Trippie Redd) (prod. Pi’erre Bourne)",February 2021 feature.,2:10,"Feb 5, 2021",Feature,Yes,https://open.spotify.com/track/3FEan9ciNKlrBqhE8UZ8pf?si=f9066454b8da4fbd
Pegasus: Neon Shark vs Pegasus,"Internet Money - Blastoff [Music Video]
(feat. Trippie Redd, Diplo, & Juice WRLD) (prod. Taz Taylor, Pharaoh Vice, Repko, Nick Mira, KC Supreme, Aryay & Diplo)","Official music video for track 2 on B4 The Storm, animated by KDC Vision.
The Music Video Was Put-Together Posthumously.",2:49,"Feb 5, 2021",Other,No,https://www.youtube.com/watch?v=omGrk9CdjfQ
Pegasus: Neon Shark vs Pegasus,"Shordie Shordie - LOVE
(feat. Trippie Redd & Murda Beatz) (prod. WizzleGotBeats & Murda Beatz)",Track 7 on Memory Lane,3:00,"Feb 5, 2021",Feature,Yes,https://open.spotify.com/track/19FE7YCq8xxijzQNqFnGAd
Pegasus: Neon Shark vs Pegasus,"Sauce Twinz - Splash [Music Video]
(feat. Trippie Redd) (prod. LouBeats)","Track 8 on God Of Texas, released on YouTube via WORLDSTARHIPHOP.",3:42,"Feb 11, 2021",Other,No,https://www.youtube.com/watch?v=ZugoP5VtRa0
Pegasus: Neon Shark vs Pegasus,"Sauce Twinz - Splash
(feat. Trippie Redd) (prod. LouBeats)",Track 8 on God Of Texas.,2:03,"Feb 11, 2021",Feature,Yes,https://open.spotify.com/track/3QtYhhiGuH7T0Lmi4QV0Jg?si=48bc4d89505b44bf
Pegasus: Neon Shark vs Pegasus,"Lil Gnar - Missiles [Music Video]
(feat. Trippie Redd) (prod. Diego Ave & Bankroll Got It)","Official music video for track 6 on DIE BOUT IT, directed and edited by HiGHDEAS, produced by Jeremy Elanaya.",2:46,"Feb 12, 2021",Other,No,https://www.youtube.com/watch?v=g41Ddg8blUg
Pegasus: Neon Shark vs Pegasus,"Lil Gnar - Missiles
(feat. Trippie Redd) (prod. Diego Ave & Bankroll Got It)",Track 6 on DIE BOUT IT.,3:20,"Feb 12, 2021",Feature,Yes,https://open.spotify.com/track/3hskQs1TPzr2tqhcIacGf7?si=dd5db940a2f94942
Pegasus: Neon Shark vs Pegasus,"Chief $upreme - Myself
(feat. Trippie Redd) (prod. Almari)",February 2021 feature.,3:12,"Feb 19, 2021",Feature,Yes,https://open.spotify.com/track/49lBCIa1XwwrFMNiRy6t4p?si=AxuR_KXsSM6clRq7rt3_HQ
Pegasus: Neon Shark vs Pegasus,"PILL BREAKER
(feat. Travis Barker, mgk, & blackbear) (prod. Travis Barker)",Track 1 on Neon Shark vs Pegasus.,2:57,"Feb 19, 2021",Album Track,Yes,https://open.spotify.com/track/0zjLX4HQdA6f8RBVUPrSQV?si=32f9c040a7514374
Pegasus: Neon Shark vs Pegasus,"WITHOUT YOU
(feat. Travis Barker) (prod. Dark Waves & Travis Barker)",Track 2 on Neon Shark vs Pegasus.,3:09,"Feb 19, 2021",Album Track,Yes,https://open.spotify.com/track/0gn1ek3eBxoSzp5lJCtAk0?si=de0af4149d52490c
Pegasus: Neon Shark vs Pegasus,"SWIMMING
(feat. Travis Barker) (prod. Travis Barker)",Track 3 on Neon Shark vs Pegasus.,2:15,"Feb 19, 2021",Album Track,Yes,https://open.spotify.com/track/40ITh6Z09p0c7bwmEjIzRf?si=a998a118898a4872
Pegasus: Neon Shark vs Pegasus,"FEMALE SHARK
(feat. Travis Barker) (prod. Travis Barker)",Track 4 on Neon Shark vs Pegasus.,2:43,"Feb 19, 2021",Album Track,Yes,https://open.spotify.com/track/1A9Rx1xGthBIC5lEy2RZ35?si=905ba6ace23e488a
Pegasus: Neon Shark vs Pegasus,"GERONIMO
(feat. Travis Barker & Chino Moreno) (prod. Dark Waves & Travis Barker)",Track 5 on Neon Shark vs Pegasus.,2:59,"Feb 19, 2021",Album Track,Yes,https://open.spotify.com/track/0pCcASK1DhaSRylTPL7NzO?si=29e3f291cb1b4f5b
Pegasus: Neon Shark vs Pegasus,"SEA WORLD
(feat. Travis Barker) (prod. Travis Barker)",Track 6 on Neon Shark vs Pegasus.,2:36,"Feb 19, 2021",Album Track,Yes,https://open.spotify.com/track/0VwIkl2aEsCJhMAtqV0tfc?si=64b5a2a93d994d94
Pegasus: Neon Shark vs Pegasus,"RED SKY
(feat. Travis Barker & mgk) (prod. John Feldmann & Travis Barker)",Track 7 on Neon Shark vs Pegasus.,2:32,"Feb 19, 2021",Album Track,Yes,https://open.spotify.com/track/2o6xw31LFeAY2il34l0vpR?si=6a9538e9792243ca
Pegasus: Neon Shark vs Pegasus,"MEGLADON
(feat. Travis Barker) (prod. Travis Barker)",Track 8 on Neon Shark vs Pegasus.,3:14,"Feb 19, 2021",Album Track,Yes,https://open.spotify.com/track/3qAlnLaXFEVkipX2hNkNia?si=0be03d7248524482
Pegasus: Neon Shark vs Pegasus,"SAVE YOURSELF
(feat. Travis Barker) (prod. John Feldmann & Travis Barker)",Track 9 on Neon Shark vs Pegasus.,2:40,"Feb 19, 2021",Album Track,Yes,https://open.spotify.com/track/4zNSAljWnRB5MAkUOQSbiG?si=6f8eeecf6ff54163
Pegasus: Neon Shark vs Pegasus,"IT'S COMING
(feat. Travis Barker) (prod. Travis Barker)",Track 11 on Neon Shark vs Pegasus.,2:34,"Feb 19, 2021",Album Track,Yes,https://open.spotify.com/track/31sxa6oxLfObThALEEIpMh?si=dbb7995351c64920
Pegasus: Neon Shark vs Pegasus,"LEADERS
(feat. Travis Barker) (prod. Angel López, Pearl Lion, Federico Vindver & Travis Barker)",Track 12 on Neon Shark vs Pegasus.,2:40,"Feb 19, 2021",Album Track,Yes,https://open.spotify.com/track/1dvGWIbgf0qzfuPBzDQzpL?si=7ae0f672f2734cbc
Pegasus: Neon Shark vs Pegasus,"FROZEN OCEAN
(feat. Travis Barker) (prod. Travis Barker)",Track 13 on Neon Shark vs Pegasus.,3:24,"Feb 19, 2021",Album Track,Yes,https://open.spotify.com/track/0IzsJ89Y3QWHQVZUTxwHtY?si=f5bd13939ac54a4b
Pegasus: Neon Shark vs Pegasus,"DEAD DESERT
(feat. Travis Barker, Scarlxrd, & ZillaKami) (prod. Travis Barker)
(Drop Dead)",Track 14 on Neon Shark vs Pegasus.,2:41,"Feb 19, 2021",Album Track,Yes,https://open.spotify.com/track/4knVmNcmBbsSUwkXcuzk8a?si=9890e429a6fb4578
"16 Album Track(s)
2 Single(s)
13 Feature(s)
6 Music Video(s)
3 Other","Trip At Knight
(Life's a Trip At Knight)","(Feb 19, 2021) (Neon Shark vs Pegasus is released)
(August 19, 2021) (Trip At Knight is released)
(August 21, 2021) (Trip At Knight (Complete Edition) is released)",,,Other,,
Trip At Knight,"Boo Ca$h - Net Worth
(feat. Trippie Redd & Baby Goth)",February 2021 feature.,3:07,"Feb 25, 2021",Feature,No,https://soundcloud.com/realriquan/trippie-redd-x-boo-cah-x-coi-leray-net-worth
Trip At Knight,"Clay “Krucial” Perry III - Homies
(feat. Trippie Redd & BlocBoy JB) (prod. Maaly Raw)",Track 4 on If We Must Die.,3:07,"Mar 19, 2021",Feature,Yes,https://open.spotify.com/track/0xrfMgibZBMawzTd5d9rz5?si=a75831820cf44e91
Trip At Knight,"Sauce Walka - Outpack
(feat. Trippie Redd) (prod. FrauceGod)",Track 13 on Birdz Hunt Snakes.,3:00,"April 7, 2021",Feature,Yes,https://open.spotify.com/track/60GTrEAhrLWmXTIaEeCf5y
Trip At Knight,"So Logan - Honorable Flex
(feat. Trippie Redd & Chris King) (prod. The AP Factor)",April 2021 feature.,3:33,"April 9, 2021",Feature,Yes,https://open.spotify.com/track/5IemAZdBvIFMX5Kz78lD7J?si=8f98129ef37d40c4
Trip At Knight,"iann dior - shots in the dark
(feat. Trippie Redd) (prod. KBeaZy, Omer Fedi & MIKE DEAN)",Track 1 on Still Here.,3:08,"Apr 16, 2021",Feature,Yes,https://open.spotify.com/track/1OL6aitwd9cdeLwWsQlrkr?si=be91091ec50b4e62
Trip At Knight,"Super Cell, 4 Stars, Don't Let Up
(prod. WNDWS, Nadddot, PinkGrillz88 & ???)",The songs were altogether with a music video from Wavylord that is now blocked.,4:08,"Apr 16, 2021",Other,No,https://www.youtube.com/watch?v=oJwa_KrWdsI
Trip At Knight,"iann dior - shots in the dark [Music Video]
(feat. Trippie Redd) (prod. KBeaZy, Omer Fedi & MIKE DEAN)","Official music video for track 1 on Still Here, directed by Mooch & iann dior, executive produced by Nolan Riddle, cinematography by Cory Burmester, produced by No Crdntls & Alex Lange, VFX by Scissor Films, VFX producer being Ashlyn Desroches, H/MU & Prosthetics from Sasha Glasser.",4:49,"Apr 22, 2021",Other,No,https://www.youtube.com/watch?v=4ZMq4-T0DaQ
Trip At Knight,"Drop In
(prod. Trippie Redd & K.O.G.)","Fortnite and Trippie Redd cross roads to deliver a brand new track titled, “Drop In”, which first appeared as a video upload on Fortnite’s official Twitter and YouTube channels. It’s an exclusive, in-game release that can be listened to and even purchased with the use of v-bucks.",2:26,"May 6, 2021",Other,No,https://www.youtube.com/watch?v=TXjNT9p5VKw
Trip At Knight,"Miss The Rage
(feat. Playboi Carti) (prod. Loesoe)",Track 7 on Trip At Knight. The lead single for the project.,3:56,"May 7, 2021",Single,Yes,https://open.spotify.com/track/5n4FTCMefvyKUjeWumdaWv?si=71029d7ed0c7422f
Trip At Knight,"800BABY - Stick Talk
(feat. Trippie Redd & Hoodrich Pablo Juan) (prod. Bankroll Got It)",Released on 800BABY's SoundCloud then was taken down.,3:14,"May 10, 2021",Feature,No,https://soundcloud.com/cowboyfromhell-706049264/trippie-redd-guns-stick-talk?utm_source=clipboard&utm_medium=text&utm_campaign=social_sharing
Trip At Knight,"Lil Skies - Ice Water
(feat. Trippie Redd) (prod. Based1)",Track 15 on Unbothered (Deluxe).,3:00,"May 14, 2021",Feature,Yes,https://open.spotify.com/track/2RTkEYOLYDQtjWFGNZtvpT?si=257392bd84fb4dab
Trip At Knight,"K Suave - Sexually Active [Music Video]
(feat. Trippie Redd) (prod. Gren808)","Official music video for track 11 on Sexually Active, directed by @chrislongfilms, @deniedapproval, @alexvarner, and @brightminds.ent.
Warning: The video has the potential to induce seizures for people with photosensitive epilepsy.",3:39,"May 21, 2021",Other,No,https://www.youtube.com/watch?v=2xmrO8_H4tY
Trip At Knight,"K Suave - Sexually Active
(feat. Trippie Redd) (prod. Gren808)",Track 11 on Sexually Active.,3:39,"May 21, 2021",Feature,Yes,https://open.spotify.com/track/00Zh0BOKUEJPWfCE3BK2RE?si=f12681dee6cb4f00
Trip At Knight,"Miss The Rage [Music Video]
(feat. Playboi Carti) (prod. Loesoe)","Official music video for track 7 on Trip At Knight, directed by Nick Walker, edited by Harley Astorga.",3:44,"May 27, 2021",Other,No,https://www.youtube.com/watch?v=2ow-9oyca40
Trip At Knight,"Offset - Hit Em Hard
(feat. Trippie Redd, Kevin Gates, Lil Durk, & King Von) (prod. ISM & Andrew Cedar)","Track 3 on F9: The Fast Saga (Original Motion Picture Soundtrack).
The Song Was Put-Together Posthumously.",2:43,"Jun 18, 2021",Feature,Yes,https://open.spotify.com/track/3ThpBDEInJVLxjWAkCkJXH?si=057f93dee18f48a7
Trip At Knight,"800BABY - Get Money
(feat. Trippie Redd) (prod. Nadddot)",Track 4 on Glory Baby.,2:51,"Jun 21, 2021",Feature,No,https://www.youtube.com/watch?v=5vYF-tMsORQ
Trip At Knight,"Slimesito - Ocean Flow
(feat. Trippie Redd) (prod. Honorable C.N.O.T.E. & M-80)
(Ocean Floor)",Track 4 on Rich Slime.,2:07,"Jul 13, 2021",Feature,No,https://www.google.com/url?sa=t&rct=j&q=&esrc=s&source=web&cd=&cad=rja&uact=8&ved=2ahUKEwiln7iixL2GAxVn4ckDHd9BB5IQFnoECBsQAQ&url=https%3A%2F%2Fsoundcloud.com%2Fslimesito%2Focean-flow-ft-trippie-redd&usg=AOvVaw029o7WfJTdC95MDLJjm6JO&opi=89978449
Trip At Knight,"Holy Smokes
(feat. Lil Uzi Vert) (prod. flansie & ​sserotonin)",Track 5 on Trip At Knight. The second single for the project,3:01,"Jul 16, 2021",Single,Yes,https://open.spotify.com/track/6E1DcEzZ4ESfkrWL3bSFXJ?si=2d6a7a02970743c6
Trip At Knight,"Holy Smokes [Music Video]
(feat. Lil Uzi Vert) (prod. flansie & ​sserotonin)","Official music video for track 7 on Trip At Knight, directed by Nick Walker, edited by Harley Astorga.",4:00,"July 20, 2021",Other,No,https://www.youtube.com/watch?v=r-UrVJuO8Gk
Trip At Knight,"Fijimactinosh - Diamond Crosses
(feat. Trippie Redd & A1Billionaire) (prod. Nadddot)",Track 2 on Elements.,3:17,"Jul 23, 2021",Feature,Yes,https://open.spotify.com/track/3Vw0WYBq0hpCFIvje4QDYN?si=d3a59a8a12e2448e
Trip At Knight,"NUE - Take You There
(feat. Trippie Redd) (prod. ???)",Dropped on NUE's SoundCloud.,3:18,"Jul 31, 2021",Feature,No,https://soundcloud.com/user-477217654/take-you-there-ft-trippie-redd
Trip At Knight,"Molly Hearts
(prod. ​star boy, Outtatown & Loesoe)",Track 1 on Trip At Knight.,2:42,"Aug 19, 2021",Album Track,Yes,https://open.spotify.com/track/5vw3DReMzhvaeJNGJ1AHcr?si=8b55a91b74fc4351
Trip At Knight,"MP5
(feat. SoFaygo) (prod. ​star boy)",Track 2 on Trip At Knight.,2:40,"Aug 19, 2021",Album Track,Yes,https://open.spotify.com/track/0rHgfLe4RtMjcbarp088qE?si=64546d1b77484420
Trip At Knight,"Finish Line
(prod. Hammad Beats & RAFMADE)",Track 4 on Trip At Knight.,2:22,"Aug 19, 2021",Album Track,Yes,https://open.spotify.com/track/6sGtiEr9erP5tORfJkf0qp?si=b26522c23e674cc5
Trip At Knight,"Super Cell
(prod. WNDWS & Nadddot)",Track 6 on Trip At Knight.,2:41,"Aug 19, 2021",Album Track,Yes,https://open.spotify.com/track/6sGtiEr9erP5tORfJkf0qp?si=b26522c23e674cc5
Trip At Knight,"Supernatural
(prod. Nadddot, Rok & Warren Hunter)",Track 8 on Trip At Knight.,2:20,"Aug 19, 2021",Album Track,Yes,https://open.spotify.com/track/0Gthl5sNnoTUutr5mq1aHN?si=19a8726c5c4847b5
Trip At Knight,"Demon Time
(feat. Ski Mask The Slump God) (prod. Nadddot)",Track 9 on Trip At Knight.,2:39,"Aug 19, 2021",Album Track,Yes,https://open.spotify.com/track/5kyiTQjYaQVDhapExFQdwA?si=9174150b1b3a4423
Trip At Knight,"Matt Hardy 999
(feat. Juice WRLD) (prod. Rip, Cashmere Cat, Jasper Harris, Aaron Shadrow, ​star boy & Outtatown)
(1400 / 999 Freestyle, Pt. 2)","Track 10 on Trip At Knight. The track was first teased within a YouTube interview with No Jumper in September of 2018, before it leaking on January 23, 2020. On July 14, 2021, a snippet of a new version of the song surfaced, featuring a “rage” style instrumental meant for the album.
The Song Was Put-Together Posthumously.",3:08,"Aug 19, 2021",Album Track,Yes,https://open.spotify.com/track/4zkFR93VC5H04YhnYxr2zz?si=8063a8be7b864caa
Trip At Knight,"Vibes
(prod. flansie, 3rdup & 2sided)",Track 11 on Trip At Knight.,2:04,"Aug 19, 2021",Album Track,Yes,https://open.spotify.com/track/6H2kBrZhwydtuzmywDSiyz?si=c12efd12ce7f4da7
Trip At Knight,"New Money
(prod. Lukovic & ​flansie)",Track 12 on Trip At Knight.,2:24,"Aug 19, 2021",Album Track,Yes,https://open.spotify.com/track/1F0mm1oM0z7WClA6DvOFf4?si=e87ffba0768e423b
Trip At Knight,"Danny Phantom
(feat. XXXTENTACION) (prod. Cashmere Cat, Outtatown & ​star boy)
(GHOST BUSTERS)","Track 13 on Trip At Knight. This is a reworked version of Trippie’s June 2018 song, “Ghost Busters.” The new version is backed by a new “rage” style instrumental and doesn’t contain the original’s verses from Quavo and Ski Mask the Slump God.
X’s close friend and longtime producer, John Cunningham, commented on X’s feature, revealing that X’s verse was taken from their “Ghost Busters,”

""Tellin y’all now so u don’t hate us when it comes out this is x verse from ghostbusters""

The difference in X’s verse is that there are new ad-libs that are most likely in an unreleased demo of this song.
The Song Was Put-Together Posthumously.",2:16,"Aug 19, 2021",Album Track,Yes,https://open.spotify.com/track/2CxXnPvHjWOrzSVvNs0j8c?si=7a82aff0fa944849
Trip At Knight,"Space Time
(prod. bart how & ​star boy)
(Top 5)",Track 14 on Trip At Knight.,1:59,"Aug 19, 2021",Album Track,Yes,https://open.spotify.com/track/4CmYuwHq3qKz6pSlSXw5M0?si=c3baf6efa3a549bb
Trip At Knight,"Baki [V1]
(prod. Nadddot & ​sean baby)","Originally on the first version of Trip At Knight. This features a Baki sample for the outro, going..

""Baki launched Shunsei's destructive fist and then precisely strikes the tip of Shunsei's jaw
Causing his brain to slam into the inner-walls of his skull
Setting off a cascade effect similar to a pinball game
As his brain ricochets inside his head resulting in symptoms that mimic a concussion
Plants a devastating kick, driving Shunsei fully into unconsciousness
And with that, Baki brings the fight to an end""",2:27,"Aug 19, 2021",Other,No,https://www.youtube.com/watch?v=AXNZOHmJlPA
Trip At Knight,"Baki [V2]
(prod. Nadddot & ​sean baby)",Track 15 on Trip At Knight. This version of the song was featured on the completed version of the album. It doesn't feature the Baki sample outro.,2:27,"Aug 19, 2021",Album Track,Yes,https://open.spotify.com/track/5xdd1iY2u2uXVurZSAJh6g?si=83571a18febd4869
Trip At Knight,"iPhone
(prod. curtains & Young Cutta)",Track 16 on Trip At Knight.,2:01,"Aug 19, 2021",Album Track,Yes,https://open.spotify.com/track/0JTy58IS6dnpqn0El1Y4ZK?si=22d91edc83f44fb4
Trip At Knight,"Rich MF
(feat. Polo G & Lil Durk) (prod. HerreraBeats, Hitmaka, JTBeatz, Turn Me Up Josh & Young Cutta)",Track 17 on Trip At Knight.,4:07,"Aug 19, 2021",Album Track,Yes,https://open.spotify.com/track/59yWjAqWEezHGJbayCkgUh?si=d2deccbd0a164f7c
Trip At Knight,"Captain Crunch
(feat. Sada Baby, Icewear Vezzo, & Babyface Ray) (prod. star boy, Outtatown & UK24)",Track 18 on Trip At Knight.,4:10,"Aug 19, 2021",Album Track,Yes,https://open.spotify.com/track/1zHq8QonUYkRUYESt17p9f?si=294ad486c5b04645
Trip At Knight,"MP5 [Music Video]
(feat. SoFaygo) (prod. ​star boy)","Official music video for track 5 on Trip At Knight, directed by Mooch, executive produced by Nolan Riddle, art frames by YaLocalOffGod.",3:38,"Aug 20, 2021",Other,No,https://www.youtube.com/watch?v=_sy5O4bQmgg
Trip At Knight,"Betrayal
(feat. Drake) (prod. Taz Taylor, ​Pinkgrillz & Dynox)","Track 3 on Trip At Knight. While the album released on August 20th, 2021, Before it wasn't on the project originally but Trippie would go on to tease a snippet of the song in an Instagram post the very same day, captioning the post: 
""TRIPPIE & @champagnepapi – Betrayal 🤍 Give me 350k comments I’ll add it to TRIP AT KNIGHT ! GO hurry before I change my mind""",2:32,"Aug 21, 2021",Album Track,Yes,https://open.spotify.com/track/0XqGHtlXsdVW2n8HJ3KyeE?si=f7f683e53306494c
Trip At Knight,"Matt Hardy 999 [Music Video]
(feat. Juice WRLD) (prod. Rip, Cashmere Cat, Jasper Harris, Aaron Shadrow, ​star boy & Outtatown)
(1400 / 999 Freestyle, Pt. 2)","Official music video for track 10 on Trip At Knight, animated by KDC Vision.",3:14,"Aug 21, 2021",Other,No,https://www.youtube.com/watch?v=47JKU1sYFzw
"9 Album Track(s)
0 Single(s)
15 Feature(s)
9 Music Video(s)
0 Other","hα†ε ïš dεαd
(hate is dead, Trip At Knight Deluxe)","(August 21, 2021) (Trip At Knight is released)
(Dec 20, 2021) (hα†ε ïš dεαd is released)",,,Other,,
hα†ε ïš dεαd,"Molly Hearts [Music Video]
(prod. ​star boy, Outtatown & Loesoe)","Official music video for track 1 on Trip At Knight, directed by WAVYLORD.",2:45,2021,Other,No,https://www.youtube.com/watch?v=ynkjmuqL6Ik
hα†ε ïš dεαd,"Danny Phantom [Music Video]
(feat. XXXTENTACION) (prod. Cashmere Cat, Outtatown & ​star boy)
(GHOST BUSTERS)","Official music video for track 13 on Trip At Knight, animated by KDC Vision.
The Music Video Was Put-Together Posthumously.",2:36,"Aug 23, 2021",Other,No,https://www.youtube.com/watch?v=iocyX0UJSF0
hα†ε ïš dεαd,"Supernatural [Music Video]
(prod. Nadddot, Rok & Warren Hunter)","Official music video for track 8 on Trip At Knight, directed by Mooch, creative director being Nolan Riddle, produced by No Crdntls.",2:34,"Aug 24, 2021",Other,No,https://www.youtube.com/watch?v=A7q3bgoEQEY
hα†ε ïš dεαd,"Lil Tecca - CHOPPA SHOOT THE LOUDEST
(feat. Trippie Redd & Chief Keef) (prod. DT, Cxdy, Taz Taylor, Dynox & Ryder Johnson)",Track 9 on We Love You Tecca 2.,4:01,"Aug 27, 2021",Feature,Yes,https://open.spotify.com/track/2MyQK6cKu9IAzNXiBm7TD0?si=32c0cfb20a0a43e9
hα†ε ïš dεαd,"Demon Time [Music Video]
(feat. Ski Mask The Slump God) (prod. Nadddot)","Official music video for track 9 on Trip At Knight, this video also features a small snippet of the original version of the song with the original insturmental. The video was directed by Tyler Griffin, creative director being Nolan Riddle, produced by No Crdntls.",2:57,"Sep 1, 2021",Other,No,https://www.youtube.com/watch?v=wm4NCHcw0Yk
hα†ε ïš dεαd,"Jeris Johnson - Friday
(feat. Trippie Redd) (prod. Jeris Johnson & SACCO)",Track 4 on I WANT BLOOD / i want love.,2:19,"Oct 8, 2021",Feature,Yes,https://open.spotify.com/track/0WeflbcCOlrKZCqifZHwnH?si=61ce41da77284edb
hα†ε ïš dεαd,"GO CRAZY [Music Video]
(prod. Nadddot)","This song was initially previewed on Rocket Da Goon’s Instagram story on July 19th, 2021.
The track was then previewed again on Texas artist, KanKan’s 5th LA vlog video on August 15th, 2021.
This track was yet again previewed and sang acapella in Trippie Redd’s live video on September 20th, 2021 and a snippet of the music video emerged on October 17th, 2021 with the song releasing the next day.",2:04,"Oct 18, 2021",Other,No,https://www.youtube.com/watch?v=hPS3CQGE4i4
hα†ε ïš dεαd,"TyFontaine - Somethin Bout Me
(feat. Trippie Redd) (prod. Ryder Johnson)",Track 2 on Ascension (Deluxe) - Virtual World 2.,1:46,"Oct 20, 2021",Feature,Yes,https://open.spotify.com/track/1NAPpB75jrawPCjoE7KQGb?si=0fccf5cef9034bac
hα†ε ïš dεαd,"Evvv - From The City
(feat. Trippie Redd)",Track 2 on Baby Neutron.,2:24,"Oct 28, 2021",Feature,No,https://soundcloud.com/evvyy/from-the-city-feat-trippie?in=evvyy/sets/baby-neutron
hα†ε ïš dεαd,"IDK - Dinner Date
(feat. Trippie Redd) (prod. .idk., Take a Daytrip, Westen Weiss & Blue Rondo)",Track 18 on USEE4YOURSELF (Deluxe).,2:46,"Oct 29, 2021",Feature,Yes,https://open.spotify.com/track/41KtwBtTPPlh77GPz01SDa?si=421bdc4fbb154a86
hα†ε ïš dεαd,"KA$HDAMI - Head$hot! [V1]
(feat. Trippie Redd) (prod. FwThis1Will & 1kSensei)",Track 5 on HYPERNOVA. Has extra vocals and longer outro.,2:45,"Nov 11, 2021",Feature,No,https://soundcloud.com/kashdami/headhot-feat-trippie-redd
hα†ε ïš dεαd,"KA$HDAMI - Head$hot! [V2]
(feat. Trippie Redd) (prod. FwThis1Will & 1kSensei)",Track 5 on HYPERNOVA.,2:16,"Nov 12, 2021",Feature,Yes,https://open.spotify.com/track/6xLaQvMFknex88LVALSgYP?si=3c4d1cc008e74145
hα†ε ïš dεαd,"KA$HDAMI - Head$hot! [Music Video]
(feat. Trippie Redd) (prod. FwThis1Will & 1kSensei)",Official music video for track 5 on HYPERNOVA.,2:16,"Nov 15, 2021",Other,No,https://www.youtube.com/watch?v=kQ3VshNao9U
hα†ε ïš dεαd,"Sunny 2point0 - Star Power [Music Video]
(feat. Trippie Redd) (prod. star boy)","Official music video for track 11 on Been Boomin with guest appearances from mgk, Dayytona Fox, and Buddah Bands, directed by Gxdlike.",3:34,"Nov 24, 2021",Other,No,https://www.youtube.com/watch?v=NvuD9LB1B5g
hα†ε ïš dεαd,"Mr. Green - If I Don't Go To Hell 3022
(feat. Janice & Trippie Redd) (prod. Mr. Green)","December 2021 feature. The song was removed from Spotify for some reason but still on Tidal, Amazon Music, and Youtube.",3:11,"Dec 1, 2021",Feature,No,https://www.youtube.com/watch?v=h7YKk3pT8pQ
hα†ε ïš dεαd,"K Suave - DeathStar
(feat. Trippie Redd & KanKan) (prod. Loesoe & Seal)",Track 8 on Sexually Active.,4:21,"Dec 3, 2021",Feature,Yes,https://open.spotify.com/track/6HApb3dx0i95Qj8SEgXCAt?si=314c426edbb7447c
hα†ε ïš dεαd,"K Suave - Hipnotica
(feat. Trippie Redd & Zelly Ocho) (prod. ​eli.yf, Dreamz & Manosrevenge)",Track 18 on Sexually Active.,2:44,"Dec 3, 2021",Feature,Yes,https://open.spotify.com/track/5nWnJjAIldZeHEREjwrFan?si=97493e1b468847f7
hα†ε ïš dεαd,"ILLENIUM - Story Of My Life
(feat. Trippie Redd & Sueco) (prod. ILLENIUM, ​dwilly & Colin Brittain)",December 2021 feature.,3:11,"Dec 3, 2021",Feature,Yes,https://open.spotify.com/track/2MyQK6cKu9IAzNXiBm7TD0?si=32c0cfb20a0a43e9
hα†ε ïš dεαd,"K Suave - Hipnotica [Music Video]
(feat. Trippie Redd & Zelly Ocho) (prod. ​eli.yf, Dreamz & Manosrevenge)",Official music video for track 18 on Sexually Active.,2:48,"Dec 9, 2021",Other,No,https://www.youtube.com/watch?v=JcUT8xgqEuI
hα†ε ïš dεαd,"Chris King - Peta
(feat. Trippie Redd) (prod. Nadddot)
(Ghost)",Track 3 on MUCUS.,4:04,"Dec 11, 2021",Feature,Yes,https://open.spotify.com/track/7MBeEEmSCIcpcC1wRS0eTf?si=2548eaaa9fd34737
hα†ε ïš dεαd,"Chris King - Million $ Rings
(feat. Trippie Redd & Quavo) (prod. Thank You Fizzle, CHASETHEMONEY & DJ Durel)",Track 4 on MUCUS.,2:42,"Dec 11, 2021",Feature,Yes,https://open.spotify.com/track/7biR3bXxJg3A9ZqXUThIh5?si=6af9e2c7cfb2487d
hα†ε ïš dεαd,"Chris King - KING OF THE HILLS
(feat. Trippie Redd) (prod. CGM Beats & Louis)",Track 11 on MUCUS.,3:41,"Dec 11, 2021",Feature,Yes,https://open.spotify.com/track/7bC3UX1i2M6StpIyel76Ee?si=e8267f60967c431e
hα†ε ïš dεαd,"Oliver Tree - Life Goes On (Remix) [Music Video]
(feat. Trippie Redd & Ski Mask The Slump God) (prod. Whethan, Getter & Oliver Tree)","Released via the Lyrical Lemonade YouTube channel, directed by Cole Bennett, co-directed by Oliver Tree.",3:18,"Dec 17, 2021",Other,No,https://www.youtube.com/watch?v=2e54Oy_bqEk
hα†ε ïš dεαd,"Oliver Tree - Life Goes On (Remix)
(feat. Trippie Redd & Ski Mask The Slump God) (prod. Whethan, Getter & Oliver Tree)",December 2021 feature.,3:02,"Dec 17, 2021",Feature,Yes,https://open.spotify.com/track/07ShpyCaAqfCseA3fWFFMY?si=8578522143444166
hα†ε ïš dεαd,"𝔉𝔦𝔯𝔢 ℑ𝔫 𝔐𝔶 ℌ𝔢𝔞𝔯𝔱 <3
(prod. Loesoe & Supah Mario)
(Fire In My Heart, Love Me Now)","Track 1 on hα†ε ïš dεαd. Posted on Soundcloud by hnzrhunter. A two-part song containing songs ""Fire In My Heart"" and ""Love Me Now.""",3:48,"Dec 20, 2021",Album Track,No,https://soundcloud.com/trippieredd/3a-1?in=trippieredd/sets/ha-e-dead&utm_source=clipboard&utm_medium=text&utm_campaign=social_sharing
hα†ε ïš dεαd,"𝕽𝖊𝖆𝖉𝖞 𝕱𝖔𝖗 𝕷𝖔𝖛𝖊
(prod. Level)
(Ready For Love)",Track 2 on hα†ε ïš dεαd. Posted on Soundcloud by hnzrhunter.,1:35,"Dec 20, 2021",Album Track,No,https://soundcloud.com/trippieredd/ready-for-love?in=trippieredd/sets/ha-e-dead&utm_source=clipboard&utm_medium=text&utm_campaign=social_sharing
hα†ε ïš dεαd,"𝔰𝔬 𝔗ℌ𝔄𝔑𝔎𝔉𝔘𝔏
(prod. Nadddot)
(so THANKFUL)",Track 3 on hα†ε ïš dεαd. Posted on Soundcloud by hnzrhunter.,1:42,"Dec 20, 2021",Album Track,No,https://soundcloud.com/trippieredd/so-thankful?in=trippieredd/sets/ha-e-dead&utm_source=clipboard&utm_medium=text&utm_campaign=social_sharing
hα†ε ïš dεαd,"ℜՅ𝔇 𝔏𝔦𝔑Յ
(prod. Loesoe)
(R3D LiN3)",Track 4 on hα†ε ïš dεαd. Posted on Soundcloud by hnzrhunter.,2:44,"Dec 20, 2021",Album Track,No,https://soundcloud.com/trippieredd/r-d-lin?in=trippieredd/sets/ha-e-dead&utm_source=clipboard&utm_medium=text&utm_campaign=social_sharing
hα†ε ïš dεαd,"𝔗𝔥𝔯𝔬𝔴 ℑ𝔱 𝔘𝔭
(prod. Seal & Loesoe)
(Throw It Up)",Track 5 on hα†ε ïš dεαd. Posted on Soundcloud by hnzrhunter.,2:03,"Dec 20, 2021",Album Track,No,https://soundcloud.com/trippieredd/throw-it-up?in=trippieredd/sets/ha-e-dead&utm_source=clipboard&utm_medium=text&utm_campaign=social_sharing
hα†ε ïš dεαd,"ℑ 𝔊𝔬𝔱 𝔊𝔞𝔪𝔢
(prod. Loesoe)
(I Got Game)",Track 6 on hα†ε ïš dεαd. Posted on Soundcloud by hnzrhunter.,2:46,"Dec 20, 2021",Album Track,No,https://soundcloud.com/trippieredd/i-got-game?in=trippieredd/sets/ha-e-dead&utm_source=clipboard&utm_medium=text&utm_campaign=social_sharing
hα†ε ïš dεαd,"𝔐𝔲𝔡
(prod. ​twoprxducers & UK24)
(Mud)",Track 7 on hα†ε ïš dεαd. Posted on Soundcloud by hnzrhunter.,2:21,"Dec 20, 2021",Album Track,No,https://soundcloud.com/trippieredd/mud?in=trippieredd/sets/ha-e-dead&utm_source=clipboard&utm_medium=text&utm_campaign=social_sharing
hα†ε ïš dεαd,"𝕱𝖔𝖗𝖊𝖛𝖊𝖗 𝖄𝖔𝖚𝖓𝖌
(prod. Loesoe)
(Forever Young)",Track 8 on hα†ε ïš dεαd. Posted on Soundcloud by hnzrhunter.,1:50,"Dec 20, 2021",Album Track,No,https://soundcloud.com/trippieredd/forever-young?in=trippieredd/sets/ha-e-dead&utm_source=clipboard&utm_medium=text&utm_campaign=social_sharing
hα†ε ïš dεαd,"𝔥𝔞𝔱𝔢
(feat. K Suave & Zelly Ocho) (prod. ​flansie)
(hate)",Track 9 on hα†ε ïš dεαd as a bonus track. Posted on Soundcloud by hnzrhunter.,1:49,"Dec 20, 2021",Album Track,No,https://soundcloud.com/trippieredd/hate-ft-k-suave-zelly-ocho?in=trippieredd/sets/ha-e-dead&utm_source=clipboard&utm_medium=text&utm_campaign=social_sharing
"2 Album Track(s)
1 Single(s)
19 Feature(s)
7 Music Video(s)
0 Other","First Draft
(ALLTY5 V1)","(Dec 20, 2021) (hα†ε ïš dεαd is released)
(Sep 30, 2022) (First Draft is released)",,,Other,,
First Draft,"𝔰𝔬 𝔗ℌ𝔄𝔑𝔎𝔉𝔘𝔏 [Music Video]
(prod. Nadddot)
(so THANKFUL)","Official music video for track 3 on hα†ε ïš dεαd, directed and released by DotComNirvan.",1:42,"Dec 24, 2021",Other,No,https://www.youtube.com/watch?v=xSAcIMcZAcc
First Draft,"DJ PHAT - From The MUDD
(feat. Zelly Ocho & Trippie Redd) (prod. DJ Phat)","Released on DJ PHAT's Soundcloud and is track 6 on Sip In Peace. The track was offically released on Zelly Ocho's platform on August 17, 2024.",2:37,"Dec. 24, 2021",Feature,Yes,https://open.spotify.com/album/6KrN9fa5m9BdTILnVYhLdh?si=-rohpym9QuK-pabIHlj_cA
First Draft,"CHXPO - So Icy Goth Boys
(feat. Trippie Redd, KILLKODY & Only1jose) (prod. 4OUR & Nadddot)",December 2021 feature.,5:09,"Dec 25, 2021",Feature,No,https://soundcloud.com/yun-chxpo/so-icy-goth-boys-trippie-redd
First Draft,"Uh Uh [Music Video]
(prod. Supah Mario)
(Hit 'Em With The)",Released with a music video on YouTube via DotComNirvan.,1:56,"Jan 8, 2022",Other,No,https://www.youtube.com/watch?v=TWuXELGb1r8
First Draft,"Tyla Yawah - Do No Wrong
(feat. Trippie Redd & PnB Rock) (prod. Sean Sison & Tes Siyoum)",January 2022 feature,2:59,"Jan 15, 2022",Feature,Yes,https://open.spotify.com/track/7CxH1tODk6zn4VrqXmJ0MF?si=e9ca561adb24457b
First Draft,"Stoned [Music Video]
(prod. ​jhuff, Nadddot & Bugz Ronin)",Released with a music video on YouTube via WAVYLORD.,2:37,"Jan. 23, 2022",Other,No,https://www.youtube.com/watch?v=IQ38RisJv4w
First Draft,"$NOT - ALONE
(feat. Trippie Redd) (prod. Loesoe)",Track 6 on Ethereal.,2:16,"Feb 11, 2022",Feature,Yes,https://open.spotify.com/track/3nifv7CIkBQTOKzATNEGNK?si=c2a5fc4c6c124d0c
First Draft,"𝔉𝔦𝔯𝔢 ℑ𝔫 𝔐𝔶 ℌ𝔢𝔞𝔯𝔱 <3 [Music Video]
(prod. Loesoe & Supah Mario)
(Fire In My Heart, Love Me Now)","Official music video for track 1 on hα†ε ïš dεαd, directed and released by DotComNirvan.",3:49,"Feb 13, 2022",Other,No,https://www.youtube.com/watch?v=PmUnzgNETNo
First Draft,"Kill La Kill [Music Video]
(prod. Skimayne & ​flansie)",Released with a music video on YouTube via DotComNirvan.,1:19,"Feb. 20, 2022",Other,No,https://www.youtube.com/watch?v=6OmgCP96IOk
First Draft,"YNW BSlime - The Mob
(feat. Trippie Redd, YNW Melly, & YNW Bortlen) (prod. EY3ZLOWBEATZ)",March 2022 feature.,3:57,"Mar 4, 2022",Feature,Yes,https://open.spotify.com/track/6NuGhdLQfrYvG5wBnaBnb1?si=e6c48a5123c14ff4
First Draft,"Robb Banks - It's Lifted
(feat. Trippie Redd) (prod. Nurі)
(LIFTED)",Track 6 on FALCONIA.,2:22,"Mar 14, 2022",Feature,Yes,https://open.spotify.com/track/5kxhllnJgRtGwrzFGvzqdu?si=9f59fe7a404c470a
First Draft,"Freshie - midnightCLUB!
(feat. Trippie Redd) (prod. UK24, Outtatown & ​star boy)",Track 7 on dirtyBOY!.,1:58,"Mar 17, 2022",Feature,Yes,https://open.spotify.com/track/0yy8fXe6p2fFPJPMU5oy5m?si=79fe30a55fe84ed0
First Draft,"Chris King - DO WITH YOU
(feat. Trippie Redd) (prod. Chopsquad DJ)",Track 24 on MUCUS (Deluxe Edition).,3:11,"Mar 18, 2022",Feature,Yes,https://open.spotify.com/track/0o8tWMvxUpk54HaGL0jqPb?si=d545cd90455f4be9
First Draft,"SSGKobe - ESCAPE YOUR LOVE
(feat. Trippie Redd) (prod. Jonnywood, Charlie Heat & Jaasu)",March 2022 feature.,3:19,"Mar 18, 2022",Feature,Yes,https://open.spotify.com/track/2dXQJ3cCBmaeX2QZVVh3cI?si=58e33e7e07d74c16
First Draft,"Juice WRLD - Feline
(feat. Trippie Redd & Polo G) (prod. Nick Mira, DT & Haan)","Track 13 on Fighting Demons.
The Song Was Put-Together Posthumously.",3:32,"Mar 18, 2022",Feature,Yes,https://open.spotify.com/track/45ttRl8uNtJkop7r9dmP4e?si=75c7fc848fd54926
First Draft,"BEAR1BOSS - Time I'm On
(feat. Trippie Redd & Zelly Ocho) (prod. Loesoe)",Track 10 on Dynamic.,2:15,"Apr 1, 2022",Feature,No,https://soundcloud.com/v14d/zelly-ocho-x-trippie-redd-x-bear1boss-time-im-on
First Draft,"Yung Nation - Still Crucial
(feat. Trippie Redd & Fooly Faime) (prod. Fuego214, Crizzy G & Q Smith On The Beat)","The song was first previewed back in the start of 2018. At the end of 2018, it was scheduled to come out in Janurary 27, 2019 then at the start of 2020 it got leaked. April 13, 2022, the song was released.",3:06,"Apr 13, 2022",Feature,Yes,https://open.spotify.com/track/1QFFrAsGCyvWbAk73sDPid
First Draft,"Hero The Band - Might Find Love
(feat. Trippie Redd & Audio Chateau) (prod. Audio Chateau, Jared Gutstadt & Jeff Peters)",Track 7 on Sonic Leap: Songs from the Podcast Musical.,2:34,"May 20, 2022",Feature,Yes,https://open.spotify.com/track/3hskQs1TPzr2tqhcIacGf7?si=b16ec0d9cdfa4b66
First Draft,"teamwork. - Love & Drugs
(feat. Trippie Redd & Trevor Daniel) (prod. Taylor Bird)",June 2022 feature.,4:26,"Jun 3, 2022",Feature,No,https://www.youtube.com/watch?v=iPRx83olE3M
First Draft,"Ne-Yo - Push Up
(feat. Trippie Redd) (prod. FRANKIEONTHEGUITAR)",Track 7 on Self Explanatory.,2:29,"Jul 15, 2022",Feature,Yes,https://open.spotify.com/track/3KBx7XYQcsm4sr4zs5f55j?si=13f34b0741a84192
First Draft,"S-X - all night
(feat. Trippie Redd) (prod. Rico Love & Digital Farm Animals)",Track 12 on things change.,3:07,"Jul 29, 2022",Feature,Yes,https://open.spotify.com/track/7BXSt0py8e7zPECkqsVgKb?si=02f46ded253a4217
First Draft,"Marshmello & Mae Muller - American Psycho
(with Trippie Redd) (prod. Marshmello, Jeppe London, Samuel Ledet & Cutfather)",July 2022 feature.,2:33,"Jul 29, 2022",Feature,Yes,https://open.spotify.com/track/32il27dOrLpIru8Evp4Pu7?si=46f0ddc1ed8d4767
First Draft,"Big 14
(feat. Offset & Moneybagg Yo) (prod. Honorable C.N.O.T.E.)","The track was first previewed on Trippie’s LIFE’S A TRIP tour and could possibly be seen as an album throwaway.
On May 21, 2022, Trippie took to Instagram to announce the release of the song while previewing Moneybagg Yo’s verse. In the comment section of the post, Trippie also hinted at a possible release of A Love Letter To You 5.

While the song’s features were thought to be Offset, Travis Scott, and Lil Uzi Vert, it was officially announced that neither Travis nor Uzi would be featured, however, Moneybagg Yo would.",4:07,"Aug 5, 2022",Single,Yes,https://open.spotify.com/track/6QwxfYarykL4lGiNLixdHd?si=f461663e44164519
First Draft,"Big 14 [Music Video]
(feat. Offset & Moneybagg Yo) (prod. Honorable C.N.O.T.E.)","Released on YouTube via Trippie Redd, directed by Nolan Riddle.",4:09,"Aug 5, 2022",Other,No,https://www.youtube.com/watch?v=chi_s-2AvgU
First Draft,"NGeeYL - Wrong Move
(feat. Trippie Redd) (prod. Nadddot & RAFMADE)",August 2022 feature.,2:58,"Aug 26, 2022",Feature,Yes,https://open.spotify.com/track/6YCM0VIGMWIWHDqDrQErw9?si=d021179d273f4c8d
First Draft,"EKT 40 - RARA
(feat. Trippie Redd) (prod. Rico Ragin & LouBeats)",Track 6 on While Yall Wait.,3:06,"Aug 31, 2022",Feature,Yes,https://open.spotify.com/track/0P7o3abbT92n5H8fHERweE?si=0cd5e59713004cc7
First Draft,"Save Me, Please
(prod. RRAREBEAR & Igor Mamet)",Track 1 on First Draft.,2:07,"Sep 30, 2022",Album Track,Yes,https://open.spotify.com/track/0vtydnn50fuaO8li7usmlo?si=8fde6176288b403b
First Draft,"1st Degree Murder
(prod. Angel López, Jarom Su’a & Igor Mamet)",Track 2 on First Draft.,2:26,"Sep 30, 2022",Album Track,Yes,https://open.spotify.com/track/6rHf3O3KvtgLXNHhNfxI5b?si=1020331cd0ae464e
First Draft,"Save Me, Please [Music Video]
(prod. RRAREBEAR & Igor Mamet)","Official music video for track 1 on First Draft, directed by Nolan Riddle.",2:20,"Sep 30, 2022",Other,No,https://www.youtube.com/watch?v=0SKkPYDHztc
"26 Album Track(s)
1 Single(s)
13 Feature(s)
6 Music Video(s)
2 Other","MANSION MUSIK
(Post-ALLTY5 Delay)","(Sep 30, 2022) (First Draft is released)
(Dec 17, 2022) (Trippie Redd announced on Instagram that he would be releasing two new albums in 2023)
(Jan 20, 2023) (MANSION MUSIK is released)",,,Other,,
MANSION MUSIK,"Highway - Better Float 2
(feat. Trippie Redd) (prod. xjaybeats)","Soundcloud exclusive feature released on October 6, 2022",4:02,"Oct 6, 2022",Feature,No,https://soundcloud.com/highway2009/better-float-2-ft-trippie-redd
MANSION MUSIK,"Mikey Polo - Superpowers [Music Video]
(feat. Trippie Redd) (prod. LouBeats)",Official video for track 2 on Emo World.,2:03,"Oct 14, 2022",Other,No,https://www.youtube.com/watch?v=BJikww9iWJ8
MANSION MUSIK,"Cayo - Late 2 [Music VIdeo]
(feat. Trippie Redd) (prod. Skep)","Official music video for track 17 on Dirty Dan, shot by ShotbyMiggy.",2:33,"Oct 21, 2022",Other,No,https://www.youtube.com/watch?v=lLIUAqrJCs4
MANSION MUSIK,"Cayo - Late 2
(feat. Trippie Redd) (prod. Skep)",Track 17 on Dirty Dan.,2:24,"Oct 21, 2022",Feature,Yes,https://open.spotify.com/track/0nFICJke1mmsKDQDKfJ14o?si=b6ad47a105194a0b
MANSION MUSIK,"Ain't Safe
(feat. Don Toliver) (prod. 2one2, Quincy Riley, Tariq Beats & Dave-O",A single for A Love Letter To You 5 but was not included on the project. This was released before the project was put on hold for MANSION MUSIK.,2:23,"Oct 28, 2022",Single,Yes,https://open.spotify.com/track/22sJiw8rbuiiDEpdKNMRVP?si=039e5b606e794473
MANSION MUSIK,"Ain't Safe [Music Video]
(feat. Don Toliver) (prod. 2one2, Quincy Riley, Tariq Beats & Dave-O)","Released on YouTube via Trippie Redd, directed by Nolan Riddle.",2:41,"Nov 2, 2022",Other,No,https://www.youtube.com/watch?v=f3IOwMmMib8
MANSION MUSIK,"Skye Morales - Panic Attack
(feat. Trippie Redd) (prod. Igor Mamet)",Track 3 on SKYE - EP.,2:41,"Nov 4, 2022",Feature,Yes,https://open.spotify.com/track/45eHukQfHijdRUPnpgNxKb?si=ed2940b8bd5d48bf
MANSION MUSIK,"Bad Bitch
(feat. Glaxdow, Luka G, Dj Luan Gome, & D-Hit)",An old song released that was released in November 2022.,2:12,"Nov 10, 2022",Other,Yes,https://open.spotify.com/track/0VFpCaZ5A6FtkLn8fNWQcJ?si=938c22306adf4881
MANSION MUSIK,"Mikey Polo - Made In Heaven +++
(feat. Trippie Redd & BEAR1BOSS) (prod. ​Cade & malikai)",Track 6 on Red Thoughts+++.,3:43,"Nov 16, 2022",Feature,Yes,https://open.spotify.com/track/7KFnDHXTF8XOPr31LrotiR?si=07dded0df77c48b6
MANSION MUSIK,"Detains - Gloated
(feat. Trippie Redd) (prod. ​bart how & Bosley)",Track 2 on Prosperity.,3:25,"Nov 26, 2022",Feature,Yes,https://open.spotify.com/track/0zKhTc5lVNULBseDxr9Tr0?si=562b0803d2364763
MANSION MUSIK,"Fijimacintosh - FENTANYL [Music Video]
(feat. Trippie Redd) (prod. Loesoe & Seal)
(BLUE NOW OR LATER)",Official music video for track 5 on NOCTURNAL.,3:09,"Dec 2, 2022",Other,No,https://www.youtube.com/watch?v=hbsdyNoW52E
MANSION MUSIK,"Fijimacintosh - FENTANYL
(feat. Trippie Redd) (prod. Loesoe & Seal)
(BLUE NOW OR LATER)",Track 5 on NOCTURNAL.,3:05,"Dec 2, 2022",Feature,Yes,https://open.spotify.com/track/3TqkObtYOMVpGYjHr7JnkC?si=b9afdb00ad2e423a
MANSION MUSIK,"CHXPO - Point Em Out
(feat. Trippie Redd) (prod. Omglouis)",Track 6 on Xyber Punk 3D.,2:49,"Dec 9, 2022",Feature,Yes,https://open.spotify.com/track/0g8aQy8lWfjkGjYOghINK4?si=7fc45712816e4114
MANSION MUSIK,"K Suave - NO LOVE
(feat. Trippie Redd) (prod. ​flansie & Yuntec)",Track 8 on Hit Me When You Land.,3:19,"Dec 16, 2022",Feature,Yes,https://open.spotify.com/track/79NiPl6OBuDVqxUQz4bN40?si=b831e9d931dc451a
MANSION MUSIK,"Doodie Lo - Who You Are
(feat. Trippie Redd) (prod. DJ Bandz, Prodbymeralless & Jimmy Meech)",Track 21 on Lil Durk Presents: Loyal Bros 2.,2:11,"Dec 16, 2022",Feature,Yes,https://open.spotify.com/track/5FQkqcrtVOGqIpVmW7utbh?si=ca0d76996a8f4b80
MANSION MUSIK,"Skrillex - Way Back
(feat. Trippie Redd & PinkPantheress) (prod. Skrillex, Rex Kudo, Sir Dylan, PinkPantheress & Danny L Harle)","Track 2 on Don’t Get Too Close. The song interpolates the unreleased song, ""Oompa & Bubby.""",1:59,"Jan 5, 2023",Feature,Yes,https://open.spotify.com/track/2mobDDzkskezluhIzhM7Sg?si=4b683b0910fc4998
MANSION MUSIK,"Orochi - City Of God [Music Video]
(feat. Trippie Redd, Ajaxx, PUGLI, & Galdino) (prod. Ajaxx, PUGLI & Galdino)","Official music video for track 7 on Vida Cara, directed by Pedro DaRua.",3:01,"Jan 9, 2023",Other,No,https://www.youtube.com/watch?v=US4wxqc-rko
MANSION MUSIK,"Orochi - City Of God
(feat. Trippie Redd, Ajaxx, PUGLI, & Galdino) (prod. Ajaxx, PUGLI & Galdino)",Track 7 on Vida Cara.,2:51,"Jan 9, 2023",Feature,Yes,https://open.spotify.com/track/1zioySGQhaje7vzdTihgmf?si=cbb7b197614e48dd
MANSION MUSIK,"Orochi - Iluminado
(feat. Trippie Redd, Ajaxx, & DJ Nemo NTR) (prod. DJ Nemo NTR & Ajaxx)",Track 4 on Vida Cara.,3:56,"Jan 9, 2023",Feature,Yes,https://open.spotify.com/track/3jwlXvfPNOiATnucQH6BrO?si=762b7fe240644365
MANSION MUSIK,"MANSION MUSIK
(prod. Igor Mamet, Nadddot, Bosley, Matt Spatola & Peter Jideonwo)",Track 1 on MANSION MUSIK.,3:37,"Jan 20, 2023",Album Track,Yes,https://open.spotify.com/track/51HLhNbRJf8Mj7huERgGAR?si=fffe2eaae2b94f0e
MANSION MUSIK,"ATLANTIS
(feat. Chief Keef) (prod. SJR & 1p$ilocybin)","Was track 2 on MANSION MUSIK before being taken down. The problem on why it was pulled off streaming is because of Chief Keef's label, so right now this is version we have but the music video is still up.",4:13,"Jan 20, 2023",Album Track,No,https://www.youtube.com/watch?v=D6uhDK_u-2s
MANSION MUSIK,"PSYCHO
(feat. Future) (prod. Igor Mamet, Loesoe, Seal, HNRZHUNTER & Peter Jideonwo)",Track 3 on MANSION MUSIK.,4:38,"Jan 20, 2023",Album Track,Yes,https://open.spotify.com/track/0VnPlYSJBh7t1LfOIMvM0d?si=e453009aace84bb3
MANSION MUSIK,"FULLY LOADED
(feat. Future & Lil Baby) (prod. Loesoe, Igor Mamet, HNRZHUNTER & Peter Jideonwo)",Track 4 on MANSION MUSIK.,2:55,"Jan 20, 2023",Album Track,Yes,https://open.spotify.com/track/1appK6Io3nO3sSAMi2POQd?si=60daad6fe56b4c2d
MANSION MUSIK,"KNIGHT CRAWLER
(feat. Juice WRLD) (prod. CBMIX)
(Crawling In My Skin)","Track 5 on MANSION MUSIK. The original version of the track used to be a Juice solo that leaked on October 17, 2022. The second verse was removed and replaced with Trippie’s verse.
The Song Was Put-Together Posthumously.",2:57,"Jan 20, 2023",Album Track,Yes,https://open.spotify.com/track/5pgPZFwKj6HND4AHh7TVvO?si=a35d455dfa074677
MANSION MUSIK,"VAN HELSING
(prod. Ambezza, Igor Mamet, Nadddot & Peter Jideonwo)",Track 6 on MANSION MUSIK.,2:53,"Jan 20, 2023",Album Track,Yes,https://open.spotify.com/track/0VxqmXz1pAoU6ImqteMT28?si=0d2ba15ad2164d41
MANSION MUSIK,"DARK BROTHERHOOD
(feat. Lil Baby) (prod. Igor Mamet, Nadddot, Bosley & Peter Jideonwo)",Track 7 on MANSION MUSIK.,3:39,"Jan 20, 2023",Album Track,Yes,https://open.spotify.com/track/2qUvUHnVi0TxOBEks47K5G?si=eee0962199d146c2
MANSION MUSIK,"FREE RIO
(prod. Igor Mamet, Bosley, Rott, HNRZHUNTER & Peter Jideonwo)",Track 8 on MANSION MUSIK.,3:02,"Jan 20, 2023",Album Track,Yes,https://open.spotify.com/track/05FQaKFG4TI5njyB9tHLMV?si=f21daaaf76824991
MANSION MUSIK,"KRZY TRAIN
(feat. Travis Scott) (prod. Bosley, Dreamr, Igor Mamet, HNRZHUNTER & Peter Jideonwo)","Track 9 on MANSION MUSIK. The song was released with horrible mixing on Travis Scott's part. The reason why was Trippie was held for ransom with his project [MANSION MUSIK] and they wanted him to pay a million dollars since they had all of his records.

""Some hackers, they had all my songs, so I had to rush the project out and on top of that, the Travis song, I had it, but I didn’t have the session, so that’s what Travis sent to me. I didn’t mix it, my engineer [Igor Mamet] didn’t mix it, that’s what Travis sent to me. I had to run with it because if I didn’t, the whole project was gonna release and it would have been a big thing.""",3:54,"Jan 20, 2023",Album Track,Yes,https://open.spotify.com/track/4cRR0gVpcJgWoGOGdNTz1e?si=52f17df235734592
MANSION MUSIK,"MUSCLES
(feat. Lil Durk) (prod. UK24, ​star boy, Igor Mamet, HNRZHUNTER & Peter Jideonwo)",Track 10 on MANSION MUSIK.,3:11,"Jan 20, 2023",Album Track,Yes,https://open.spotify.com/track/2vCnPyijD6hBSearaQeUNa?si=923b3c91743d4411
MANSION MUSIK,"GOODFELLAS
(feat. Nardo Wick) (prod. Loesoe, Ellis Lost, CuBeatz & Luis Bacqué)",Track 11 on MANSION MUSIK.,2:46,"Jan 20, 2023",Album Track,Yes,https://open.spotify.com/track/2pJ2kiuV3TOFpdcN5HIPGy?si=db3e0d3a787645f9
MANSION MUSIK,"KILLIONAIRE
(prod. Igor Mamet, Nadddot & Peter Jideonwo)","Track 12 on MANSION MUSIK. Tthe song was originally supposed to feature Kodak Black, confirmed via a tracklist uploaded in a now-deleted Trippie Redd Instagram post. The song would leak along with over 20 others from MANSION MUSIK a week prior to the album’s release. It is likely Kodak isn’t featured because MANSION MUSIK was released on short notice due to its leaking, said by Trippie himself.",2:32,"Jan 20, 2023",Album Track,Yes,https://open.spotify.com/track/7oJCNDCf0OiQYc7yCqSmUe?si=ce8f6b0a42d74633
MANSION MUSIK,"HIGH HOPES
(feat. BIG30) (prod. Chopsquad DJ & Igor Mamet)",Track 13 on MANSION MUSIK.,2:53,"Jan 20, 2023",Album Track,Yes,https://open.spotify.com/track/0TqbCcCF9EZ1doOcHDUTIv?si=aa5fa4e885a34ae4
MANSION MUSIK,"DIE DIE
(feat. LUCKI) (prod. UK24 & ​malikai)",Track 14 on MANSION MUSIK.,3:12,"Jan 20, 2023",Album Track,Yes,https://open.spotify.com/track/3gyjsj77InX3EsHTGq252y?si=dbdf797732594046
MANSION MUSIK,"WHO ELSE?
(feat. Rich The Kid) (prod. Loesoe, Igor Mamet, HNRZHUNTER & Peter Jideonwo)",Track 15 on MANSION MUSIK.,2:27,"Jan 20, 2023",Album Track,Yes,https://open.spotify.com/track/625T14nuvSrIhKcOIc3f91?si=f9fe452512544bfe
MANSION MUSIK,"BIGGEST BIRD
(feat. Summrs) (prod. Zodiac & PAX)",Track 16 on MANSION MUSIK.,2:46,"Jan 20, 2023",Album Track,Yes,https://open.spotify.com/track/1gL8ECcQvMw6iUKkojtEMZ?si=83c4815083f14b91
MANSION MUSIK,"HIDEOUT
(feat. Fijimacintosh) (prod. Loesoe & UK24)",Track 17 on MANSION MUSIK.,2:50,"Jan 20, 2023",Album Track,Yes,https://open.spotify.com/track/2Ln4PCDjdrKYRwEtlDo1kP?si=92ff906b7a954727
MANSION MUSIK,"WITCHCRAFT
(feat. Rylo Rodgriguez) (prod. Nadddot & T9C)",Track 18 on MANSION MUSIK.,2:37,"Jan 20, 2023",Album Track,Yes,https://open.spotify.com/track/4EwvUhrxP9dn49qaoqd0dW?si=8faad30d802e4297
MANSION MUSIK,"TOILET WATER
(feat. Ski Mask The Slump God) (prod. Bosley, Igor Mamet, HNRZHUNTER & Peter Jideonwo)",Track 19 on MANSION MUSIK.,3:00,"Jan 20, 2023",Album Track,Yes,https://open.spotify.com/track/2IFKMISvWTE4CSsQ6lmFMV?si=f4fa9e0d7bf64cd3
MANSION MUSIK,"PURE
(feat. G Herbo) (prod. Chopsquad DJ & Igor Mamet)",Track 20 on MANSION MUSIK.,3:14,"Jan 20, 2023",Album Track,Yes,https://open.spotify.com/track/6qGoR48ukH5azD9XGszKDo?si=17e9f62e5ec2417b
MANSION MUSIK,"ROCK OUT
(feat. Chief Keef) (prod. BrentRambo & Hitmula)","Was track 21 on MANSION MUSIK before being taken down. The problem on why it was pulled off streaming is because of Chief Keef's label, same situation with the other song, ""ATLANTIS.""",2:06,"Jan 20, 2023",Album Track,No,https://www.youtube.com/watch?v=eBD0eph0Kxg
MANSION MUSIK,"ARMAGEDDON
(feat. Rob49) (prod. Igor Mamet, 4OUR, Nadddot & Peter Jideonwo)",Track 22 on MANSION MUSIK.,2:31,"Jan 20, 2023",Album Track,Yes,https://open.spotify.com/track/1j5UqORZXGIiwe3OMJbOd0?si=1af7fced2431404e
MANSION MUSIK,"NUN
(feat. DaBaby) (prod. UK24, Igor Mamet, HNRZHUNTER & Peter Jideonwo)",Track 23 on MANSION MUSIK.,2:33,"Jan 20, 2023",Album Track,Yes,https://open.spotify.com/track/035eFyUEBmvPhlXCWyV8H4?si=50819db44c384998
MANSION MUSIK,"SWAG LIKE OHIO PT. 2
(feat. Lil B) (prod. Bosley, Igor Mamet, HNRZHUNTER & Peter Jideonwo)",Track 24 on MANSION MUSIK.,3:00,"Jan 20, 2023",Album Track,Yes,https://open.spotify.com/track/1vW6kIcGynhpKd681HFQHG?si=825e68f5b3144393
MANSION MUSIK,"COLORS
(feat. Kodak Black) (prod. Pi’erre Bourne)",Track 25 on MANSION MUSIK.,2:44,"Jan 20, 2023",Album Track,Yes,https://open.spotify.com/track/6DC2gFXQjJR5Aguqi3ZB1W?si=f795a9adc90b4cd2
MANSION MUSIK,"ATLANTIS [Music Video]
(feat. Chief Keef) (prod. SJR & 1p$ilocybin)","Official music video for track 2 on MANSION MUSIK, directed by Nolan Riddle.",4:27,"Jan 20, 2023",Other,No,https://www.youtube.com/watch?v=D6uhDK_u-2s
MANSION MUSIK,"Big Jump - No Flip Flops
(feat. Trippie Redd)",Track 6 on The Great Ape. The original song is from 2018.,3:25,"Jan 31, 2023",Feature,Yes,https://open.spotify.com/intl-fr/track/6geiT5cRocSBZHq9sywrLi?si=e521521e704445d2
MANSION MUSIK,"ATLANTIS (Re-release)
(prod. SJR & 1p$ilocybin)",Track 2 on MANSION MUSIK. This is a re-released version of the song that doesn't have Chief Keef's verse.,2:06,"Oct 12, 2023",Album Track,Yes,https://open.spotify.com/track/4JM13iLDHeiRaY602CriPf?si=3a0ea58482684aad
MANSION MUSIK,"ROCK OUT (Re-Release)
(prod. BrentRambo & Hitmula)",Track 21 on MANSION MUSIK. This is a re-released version of the song that doesn't have Chief Keef's verse.,1:17,"Oct 12, 2023",Other,Yes,https://open.spotify.com/track/0Be0EcTrHghSZW7eNruBSi
"16 Album Track(s)
3 Single(s)
13 Feature(s)
13 Music Video(s)
0 Other","A Love Letter To You 5
(555, Post-MANSION MUSIK)","(Jan 20, 2023) (MANSION MUSIK is released)
(Aug 11, 2023) (A Love Letter To You 5 is released)",,,Other,,
A Love Letter To You 5,"BIGGEST BIRD [Music Video]
(feat. Summrs) (prod. Zodiac & PAX)","Official music video for track 16 on MANSION MUSIK, directed by Nolan Riddle.",3:00,"Jan 24, 2023",Other,No,https://www.youtube.com/watch?v=99lxn6QpsxA
A Love Letter To You 5,"MUSCLES [Music Video]
(feat. Lil Durk) (prod. UK24, ​star boy, Igor Mamet, HNRZHUNTER & Peter Jideonwo)","Official music video for track 10 on MANSION MUSIK, directed by Nolan Riddle.",3:32,"Jan 26, 2023",Other,No,https://www.youtube.com/watch?v=syVnorS_BeI
A Love Letter To You 5,"Doodie Lo - Who You Are [Music Video]
(feat. Trippie Redd) (prod. DJ Bandz, Prodbymeralless & Jimmy Meech)",Official music video for track 21 on Lil Durk Presents: Loyal Bros 2.,2:22,"Jan 27, 2023",Other,No,https://www.youtube.com/watch?v=SCLsgcmGTak
A Love Letter To You 5,"Chris King - Can't Go 4 Your Love
(feat. Trippie Redd & Goldie) (prod. Hammad Beats)",Track 18 on The Green Tape.,3:45,"Feb 13, 2023",Feature,Yes,https://open.spotify.com/track/3gP4hsAUCjuNgSKDiK8nrf?si=760f324d81c844af
A Love Letter To You 5,"tana - katch me outside [Music Video]
(feat. Trippie Redd) (prod. UK24 & ​twoprxducers)","Official music video for track 3 on GAULTIER (Bonus Version), directed by Nolan Riddle.",1:51,"Feb 24, 2023",Other,No,https://www.youtube.com/watch?v=bGv9GYK27Z0
A Love Letter To You 5,"tana - katch me outside
(feat. Trippie Redd) (prod. UK24 & ​twoprxducers)","Track 3 on GAULTIER (Bonus Version). 
“katch me outside” was initially previewed in July of 2021 through Trippie’s Instagram in a now-deleted post.",1:46,"Feb 24, 2023",Feature,Yes,https://open.spotify.com/track/1gHveeoH707woaiUNyjBQe?si=282540da5c4e4091
A Love Letter To You 5,"WHO ELSE? [Music Video]
(feat. Rich The Kid) (prod. Loesoe, Igor Mamet, HNRZHUNTER & Peter Jideonwo)","Official music video for track 15 on MANSION MUSIK, directed by DotComNirvan.",2:27,"Mar 14, 2023",Other,No,https://www.youtube.com/watch?v=5mibeP04itw
A Love Letter To You 5,"Lil Keed - Get Money
(feat. Trippie Redd) (prod. DJ SIDEREAL, LeviBandito, Cooper Vengrove & Repko)",Track 7 on Keed Talk to ’Em 2.,3:26,"Mar 17, 2023",Feature,Yes,https://open.spotify.com/track/3jtcgtFyeo2hv0nHkA0FdR?si=43ac178772b143c2
A Love Letter To You 5,"Yung Nation - Still Crucial [Music Video]
(feat. Trippie Redd & Fooly Faime)","Released on YouTube via Yung Nation, shot and directed by Joe Hood & VFXJAZZ.",3:06,"Mar 24, 2023",Other,No,https://www.youtube.com/watch?v=T_EI0LCwp0I
A Love Letter To You 5,"Chris King - Dallas
(feat. Trippie Redd, Chills, & Josh A) (prod. Unkle Ricky, AVGOTDRIP & Shea Michael)",March 2023 feature.,2:58,"Mar 31, 2023",Feature,Yes,https://open.spotify.com/track/6hYmosHUxXb7sycXK5gAtC?si=6f8f17e73d3c4606
A Love Letter To You 5,"Buddah Bands - Rarri2Geeked
(feat. Trippie Redd) (prod. Dreamawake & KeyKelly)",April 2023 feature.,3:14,"Apr 7, 2023",Feature,Yes,https://open.spotify.com/track/3mRIV0E2ybcKlk71vIXSHD?si=4b6bbffc7ef047fb
A Love Letter To You 5,"Just Juice - Sweeter Scars
(feat. Trippie Redd & Logic) (prod. Prod3am)","A track meant for the project, ""UP IN FLAMES.""",3:40,"Apr 28, 2023",Feature,Yes,https://open.spotify.com/track/5gqsRd3x46C7dkVDNPIQ6H?si=6e700f6517b445ae
A Love Letter To You 5,"Rvssian - Sixteen [Music VIdeo]
(feat. Trippie Redd & Vybz Kartel) (prod. Rvssian & Dinay Beats)",Released on YouTube via Rvssian.,2:49,"Jun 1, 2023",Other,No,https://www.youtube.com/watch?v=K-s-8oQlOd4
A Love Letter To You 5,"Rvssian - Sixteen
(feat. Trippie Redd & Vybz Kartel) (prod. Rvssian & Dinay Beats)",June 2023 feature.,2:53,"Jun 1, 2023",Feature,Yes,https://open.spotify.com/track/2HZphTYchmvBQL2ejpNSoq?si=6241dd3f35234e6c
A Love Letter To You 5,"Zzz - Sad & Alone
(feat. Trippie Redd) (prod. FRANKIEONTHEGUITAR, Cxdy, ProdLau, Haan & Josh O’Brien)","A track meant for the project, ""MIRACLE MILE.""",2:45,"Jun 2, 2023",Feature,Yes,https://open.spotify.com/track/7dinBECf2hNhnawGdAGT2B?si=b1fd8f1fe9ea4278
A Love Letter To You 5,"Zzz - Sad & Alone [Music VIdeo]
(feat. Trippie Redd) (prod. FRANKIEONTHEGUITAR, Cxdy, ProdLau, Haan & Josh O’Brien)","Released on YouTube via Zzz., directed by Nolan Riddle.",2:49,"Jun 7, 2023",Other,No,https://www.youtube.com/watch?v=6-B-j7rkVFQ
A Love Letter To You 5,"Rob49 - My Hittas
(feat. Trippie Redd) (prod. Loesoe, CuBeatz, Klimperboy & Saif)",Track 16 on 4GOD II.,1:56,"Jun 9, 2023",Feature,Yes,https://open.spotify.com/track/5xNrcrafwss8hfkVTGqP9M?si=72e862c6df3843d6
A Love Letter To You 5,"Took My Breath Away
(feat. Skye Morales) (prod. Igor Mamet, 808-H & BBYKOBE)",Track 16 on A Love Letter To You 5. The lead single for the project,3:00,"Jun 16, 2023",Single,Yes,https://open.spotify.com/track/60ZBVsi7jhY5aIZDpa2XJi?si=dded45c26d204bd5
A Love Letter To You 5,"Took My Breath Away [Music VIdeo]
(feat. Skye Morales) (prod. Igor Mamet, 808-H & BBYKOBE)","Official music video for track 16 on A Love Letter To You 5, directed by @lorisrussier.",3:06,"Jun 16, 2023",Other,No,https://www.youtube.com/watch?v=-qfcmZLR1Tw
A Love Letter To You 5,"Poundside Pop - From The Block [Music VIdeo]
(feat. Trippie Redd) (prod. UK24)","Released on YouTube via Poundside Pop, directed by Visuals by Luke.",1:45,"Jun 23, 2023",Other,No,https://www.youtube.com/watch?v=pL_RMKkd3iw
A Love Letter To You 5,"Tory Lanez - Hurts Me [V1]
(feat. Trippie Redd) (prod. Yoko Gold & Chaz Jackson)",The original version of Hurts Me that released on YouTube. This version contains no vocals from Yoko Gold and different mixing.,2:35,"Jun 23, 2023",Feature,No,https://www.youtube.com/watch?v=oLDvV_JfjI4
A Love Letter To You 5,"Tory Lanez - Hurts Me [V2]
(feat. Trippie Redd & Yoko Gold) (prod. Yoko Gold & Chaz Jackson)",Released as a single from Tory at first then became track 20 on A Love Letter To You 5 as a bonus track.,2:20,"Jun 27, 2023",Feature,Yes,https://open.spotify.com/track/0RBw4ODUQPO4cuAOZtBGga?si=8bcc7ff64c5b4f5a
A Love Letter To You 5,"Last Days
(prod. Zodiac & PAX)",Track 2 on A Love Letter To You 5. The second single for the project.,2:34,"Jul 25, 2023",Single,Yes,https://open.spotify.com/track/7Cod22C0mM632jZbZBfqvH?si=e6b21dcbe2034963
A Love Letter To You 5,"Goldie14 - Cuttin Up
(feat. Trippie Redd) (prod. Chopsquad DJ)",A single from Goldie14 featuring Trippie Redd.,3:10,"Jul 28, 2023",Feature,Yes,https://open.spotify.com/track/23Empsq04inAUjmrF4qanf?si=5c10228714354141
A Love Letter To You 5,"Left 4 Dead
(prod. Igor Mamet, Aldae, BBYKOBE, Charlie Coffeen, FRAXILLE, Chef Boyar Dru & 1Mind)",Track 13 on A Love Letter To You 5. The third single for the project.,1:58,"Aug 4, 2023",Single,Yes,https://open.spotify.com/track/5TYuLyU5zNBp8N1qnDkKAY?si=8c3e9d9dd5c94740
A Love Letter To You 5,"Left 4 Dead [Music VIdeo]
(prod. Igor Mamet, Aldae, BBYKOBE, Charlie Coffeen, FRAXILLE, Chef Boyar Dru & 1Mind)","Official music video for track 13 on A Love Letter To You 5, directed by Glenn Michael/ Kid. Studio, produced by Janelle Lee.",2:24,"Aug 4, 2023",Other,No,https://www.youtube.com/watch?v=zfQ1yYupOJA
A Love Letter To You 5,"Buzz [Music VIdeo]
(prod. Supah Mario)",Released with music video on YouTube via ChrisLongFilms.,2:03,"Aug 10, 2023",Other,No,https://www.youtube.com/watch?v=TEUrR-xoGrU
A Love Letter To You 5,"Take Me Away
(feat. Corbin) (prod. Chef Boyar Dru, Justus West, Trademark & Igor Mamet)",Track 1 on A Love Letter To You 5.,3:21,"Aug 11, 2023",Album Track,Yes,https://open.spotify.com/track/2P6Rxk0HKzVKN7DIgDOc6T?si=66500a3f23b44bc1
A Love Letter To You 5,"Thy Motion
(prod. Igor Mamet & ​niketaz)",Track 3 on A Love Letter To You 5.,2:28,"Aug 11, 2023",Album Track,Yes,https://open.spotify.com/track/3kHaqjYJQAY4p37AbXSoy1?si=540cb7d449934c09
A Love Letter To You 5,"How You Alive
(prod. Igor Mamet, Charlie Coffeen & OZ)",Track 4 on A Love Letter To You 5.,2:55,"Aug 11, 2023",Album Track,Yes,https://open.spotify.com/track/3tcN5k3U3swyy6XFYXYKDT?si=f01d71b6ab854e17
A Love Letter To You 5,"Thinking Bout You
(prod. Greg Sekeres, Hammad Beats & Igor Mamet)",Track 5 on A Love Letter To You 5.,2:46,"Aug 11, 2023",Album Track,Yes,https://open.spotify.com/track/5h5iXdZfsm6Y3caiH29KOF?si=734f48c80dc84607
A Love Letter To You 5,"Praying 4 Love
(prod. Igor Mamet & Omer Fedi)",Track 6 on A Love Letter To You 5.,2:36,"Aug 11, 2023",Album Track,Yes,https://open.spotify.com/track/3efc1ZMCTGsuLJgpCJCKIt?si=2e8208bb866b4025
A Love Letter To You 5,"Reality
(prod. Igor Mamet & SEB)",Track 7 on A Love Letter To You 5.,2:54,"Aug 11, 2023",Album Track,Yes,https://open.spotify.com/track/5deqlDAHf83FGiOlBKyZHN?si=5bfba10d78144980
A Love Letter To You 5,"A Feeling
(feat. Skye Morales) (prod. Murda Beatz, LaVoyce & Mars)",Track 8 on A Love Letter To You 5.,2:47,"Aug 11, 2023",Album Track,Yes,https://open.spotify.com/track/2HGSTRcTOUQns1oyyyfMwr?si=ca59e6d4a15b4765
A Love Letter To You 5,"Romantic Fantasy
(prod. Igor Mamet & Jai Beats)",Track 9 on A Love Letter To You 5.,2:51,"Aug 11, 2023",Album Track,Yes,https://open.spotify.com/track/698wOhQO9z3pXqlEDGi5TN?si=ab5b71c1fa944cd6
A Love Letter To You 5,"I'm Mad At Me
(feat. Lil Wayne) (prod. Igor Mamet, Anina Shona, BBYKOBE, O12 & ​niketaz)",Track 10 on A Love Letter To You 5.,3:12,"Aug 11, 2023",Album Track,Yes,https://open.spotify.com/track/4Oy4QE9IHBHnmJaWdjZyXl?si=9cfeb94fb3d64130
A Love Letter To You 5,"Closed Doors
(feat. Roddy Ricch) (prod. ​niketaz, Igor Mamet, Puku & OneInThe4Rest)",Track 11 on A Love Letter To You 5.,2:48,"Aug 11, 2023",Album Track,Yes,https://open.spotify.com/track/7HLmj4xIlHt3lIQ6EB87nT?si=0a847ae2c50348f2
A Love Letter To You 5,"Action
(prod. Igor Mamet, Cxdy, FRANKIEONTHEGUITAR & OneInThe4Rest)",Track 12 on A Love Letter To You 5.,2:01,"Aug 11, 2023",Album Track,Yes,https://open.spotify.com/track/0QJX1VZUYbD0jndF2cNHuq?si=e8a2a781d269498f
A Love Letter To You 5,"Wind
(feat. The Kid LAROI) (prod. FNZ, Igor Mamet, DOPAM!NE, AuzTheKid, Anthoine Walters & Ace G)",Track 14 on A Love Letter To You 5.,2:50,"Aug 11, 2023",Album Track,Yes,https://open.spotify.com/track/5zkZkBTygtZcOgWCWzzKB2?si=cdfeaea0afc64637
A Love Letter To You 5,"Helicopter
(feat. Tommy Lee Sparta) (prod. Rvssian & Dinay Beats)",Track 15 on A Love Letter To You 5.,2:22,"Aug 11, 2023",Album Track,Yes,https://open.spotify.com/track/61uYSkscISiskfdEBj0lui?si=3d3145ca9a9d4825
A Love Letter To You 5,"Flowers
(feat. Bryson Tiller) (prod. Igor Mamet, OneInThe4Rest, Luke Crowder, C Gutta, Frev & OgTha3)",Track 17 on A Love Letter To You 5.,2:23,"Aug 11, 2023",Album Track,Yes,https://open.spotify.com/track/6PcGF6R9aRUWorz1lVk8q5?si=dd5e37412c7240f2
A Love Letter To You 5,"The Hate
(prod. Igor Mamet, BBYKOBE & Matt Spatola)",Track 18 on A Love Letter To You 5.,1:55,"Aug 11, 2023",Album Track,Yes,https://open.spotify.com/track/3MLpfSbtjoeIXXEq8rX6i0?si=d2b4ba52919d430d
A Love Letter To You 5,"Trip McKnight
(prod. Honorable C.N.O.T.E.)",Track 19 on A Love Letter To You 5.,2:37,"Aug 11, 2023",Album Track,Yes,https://open.spotify.com/track/2UA5Vu3T1DyaEEYu1ajVDt?si=b363abda5ac94310
A Love Letter To You 5,"Helicopter [Music VIdeo]
(feat. Tommy Lee Sparta) (prod. Rvssian & Dinay Beats)",Official music video for track 15 on A Love Letter To You 5.,2:20,"Aug 11, 2023",Other,No,https://www.youtube.com/watch?v=RFbA7FN3YrM
A Love Letter To You 5,"Sha EK - Who You Touch Pt. 2
(feat. Bandmanrill, Defiant Presents & Trippie Redd) (prod. EMRLD BEATS, JKJMETASCO & Glvck)",Track 2 on Jiggy In Jersey.,2:18,"Aug 11, 2023",Feature,Yes,https://open.spotify.com/track/1zPYNEZl9E3bHtR0TXgh7V?si=8f1e3bbba0b3494f
"7 Album Track(s)
0 Single(s)
5 Feature(s)
1 Music Video(s)
1 Other","Saint Michael
(DruggerDrugger1)","(Aug 11, 2023) (A Love Letter To You 5 is released)
(Nov 10, 2023) (Saint Micheal is released)",,,Other,,
Saint Michael,"K Suave - Comfortable 3
(feat. Trippie Redd & Skye Morales) (prod. Skeyez)",Track 15 on Midnight in Malibu.,4:37,"Aug 25, 2023",Feature,Yes,https://open.spotify.com/track/3bWTfWmrno4sgtdFC42Vf0?si=910e07a8e1924aa5
Saint Michael,"EKKSTACY - problems
(feat. Trippie Redd) (prod. Manget$u)",Track 8 on EKKSTACY.,2:32,"Sep 15, 2023",Feature,Yes,https://open.spotify.com/track/6KpF6zZId94bNg4zoz5mIa?si=2b9c7f1c9a2c471b
Saint Michael,"Odetari - I LOVE YOU HOE
(feat. Trippie Redd & 9lives) (prod. 9lives)",October 2023 feature.,2:25,"Oct 4, 2023",Feature,Yes,https://open.spotify.com/track/7uKj06uEtQNK2znEv27u0V?si=d4bb8ebcd8f44b44
Saint Michael,"Chris King - Timeout!
(feat. Trippie Redd) (prod. Igor Mamet)",Track 37 on THE GREEN TAPE (DELUXE).,2:10,"Oct 4, 2023",Feature,Yes,https://open.spotify.com/track/6GjQNBwXAzYvMkoLAd28PP?si=4bbd68823d944fdc
Saint Michael,"Kanii - sins
(feat. Trippie Redd) (prod. DarillisBeats & ​lunas!)
(let me in)",Track 6 on ​it was nice knowing u.,2:44,"Oct 4, 2023",Feature,Yes,https://open.spotify.com/track/7d4NMY87lt1tQZeM8ljq8o?si=d33fee572d354e9e
Saint Michael,"Barbie World
(feat. Rari Kari) (prod. UK24)",A version of Barbie World that features Rari Kari. Not much info is known about this song.,3:03,"Oct 21, 2023",Other,No,https://imgur.gg/f/1cWVwbe
Saint Michael,"Pray 4 Us [Music Video]
(prod. Cash Cobain)","Official music video for track 1 on Saint Michael, visual work done by @huhalex.",3:02,"Nov 9, 2023",Other,No,https://www.youtube.com/watch?v=RC_10yqP8dE
Saint Michael,"Pray 4 Us
(prod. Cash Cobain)",Track 1 on Saint Michael.,2:59,"Nov 10, 2023",Album Track,Yes,https://open.spotify.com/track/09NJWVz1VAUrLFX6pkWxbd?si=47fc1012d3fb4806
Saint Michael,"Van Cleef Island
(prod. Oddwin)",Track 2 on Saint Michael.,2:31,"Nov 10, 2023",Album Track,Yes,https://open.spotify.com/track/6XpOsw4d970xooR27nqHiJ?si=d8390cb8a14240c7
Saint Michael,"1716 Osage
(prod. Trippie Redd, G06 Beatz, Theevoni & ProdByT’Rue)",Track 3 on Saint Michael.,3:12,"Nov 10, 2023",Album Track,Yes,https://open.spotify.com/track/3G6rXu87GYde5bpd82neD1?si=1c8040afae8744c2
Saint Michael,"Ok, Cool
(prod. FLOWRENCY)",Track 4 on Saint Michael.,1:55,"Nov 10, 2023",Album Track,Yes,https://open.spotify.com/track/3xXhXrwIqGUwvQw25dd9iw?si=7575f596be764b0a
Saint Michael,"7am in Ohio
(prod. Zerum, Theevoni, Trippie Redd, Igor Mamet, Matt Spatola & ProdByT’Rue)",Track 5 on Saint Michael.,1:52,"Nov 10, 2023",Album Track,Yes,https://open.spotify.com/track/32ikWV059PDSpRr0RpFRLe?si=5d02461c930246a2
Saint Michael,"Yo Pi’erre Slime
(prod. Pi’erre Bourne)",Track 6 on Saint Michael.,2:45,"Nov 10, 2023",Album Track,Yes,https://open.spotify.com/track/5ozAtLRxkdE8tPbbz6vfAA?si=7a04e5dfacb24ad4
Saint Michael,"Saint Michael Myers
(feat. BANKS) (prod. EMRLD BEATS, A-Lau, Bobby Raps & Igor Mamet)",Track 7 on Saint Michael.,2:33,"Nov 10, 2023",Album Track,Yes,https://open.spotify.com/track/0JctEDWYzRXQEuaWJn2mbc?si=c8c5b726e9494b1a
"10 Album Track(s)
0 Single(s)
0 Feature(s)
1 Music Video(s)
0 Other","Saint Michael V2
(DruggerDrugger1)","(Nov 10, 2023) (Saint Micheal is released)
(Nov 24, 2023) (Saint Michael V2 is released)",,,Other,,
Saint Michael V2,"7am in Ohio [Music Video]
(prod. Zerum, Theevoni, Trippie Redd, Igor Mamet, Matt Spatola & ProdByT’Rue)","Official music video for track 5 on Saint Michael, directed by WAVYLORD, co-directed by @ayevarner, 3D Animations, VFX, and 3D edits by @thpmass & @maxrenn_.",2:08,"Nov 12, 2023",Other,No,https://www.youtube.com/watch?v=38ED5cMyUcE
Saint Michael V2,"#RBDG
(prod. Loesoe & Sim Fane)",Tracks 1 on Saint Michael V2,2:23,"Nov 24, 2023",Album Track,Yes,https://open.spotify.com/intl-fr/track/4xYOqjV4koRag4J5fMZjXm?si=87a2a1ac35c64c4c
Saint Michael V2,"Popular
(with 9lives) (prod. 9lives)",Tracks 2 on Saint Michael V2.,3:08,"Nov 24, 2023",Album Track,Yes,https://open.spotify.com/track/4poDNGO0r2iFHwaKHj3ZmK?si=cd50070ff5864a5f
Saint Michael V2,"Wizard 101
(prod. Igor Mamet, WhatsWrongChase, Gateway & UK24)",Tracks 3 on Saint Michael V2.,2:30,"Nov 24, 2023",Album Track,Yes,https://open.spotify.com/track/1arDriqAv9eDx57nbFa0Fo?si=4a96708c83e34847
Saint Michael V2,"Pepe Lit
(prod. Mo Beats)","Tracks 4 on Saint Michael V2. In early 2024, the song was mysteriously removed from DSPs, vaguely said to be “too difficult” to keep on streaming platforms.",2:44,"Nov 24, 2023",Album Track,No,https://pillows.su/f/7b1c5309796a6e60153d6b1aa6256580
Saint Michael V2,"Snail Shells
(feat. YTB Fatt) (prod. Oddwin)",Tracks 5 on Saint Michael V2.,1:31,"Nov 24, 2023",Album Track,Yes,https://open.spotify.com/track/5KfKTVs63ZZjLepWtTlEot?si=89643ab798954794
Saint Michael V2,"TrippieSuave
(feat. K Suave) (prod. Igor Mamet & K Suave)",Tracks 6 on Saint Michael V2.,1:47,"Nov 24, 2023",Album Track,Yes,https://open.spotify.com/track/1kXRCiNYAYioPE78ATk1EV?si=846e387fca7a4072
Saint Michael V2,"Moncler Coat
(prod. Oddwin)",Tracks 7 on Saint Michael V2.,2:10,"Nov 24, 2023",Album Track,Yes,https://open.spotify.com/track/7vzTWMeFmpoTsqfUuGDljM?si=d8d26118fcf64b0e
Saint Michael V2,"Psychotic Lunatic
(prod. A-Lau, Bobby Raps, EMRLD BEATS & Igor Mamet)",Tracks 8 on Saint Michael V2.,3:46,"Nov 24, 2023",Album Track,Yes,https://open.spotify.com/track/1Wm1681Clu9kWoDNMhErPh?si=5c49a42d8cdb4f68
Saint Michael V2,"#SDWL ;)
(prod. sharkboy & Dynox)",Tracks 9 on Saint Michael V2.,1:51,"Nov 24, 2023",Album Track,Yes,https://open.spotify.com/track/3V6iZwMOWuPhtiq7eVqlJb?si=1b2afa82cb6e493b
Saint Michael V2,"Skeletons
(prod. Igor Mamet, Pirate1Pirate, Young Yanabu, ProdByT’Rue & Splited Stupid)",Tracks 10 on Saint Michael V2. It is unknown on why the song was taken off of streaming services.,2:34,"Nov 24, 2023",Album Track,No,https://pillows.su/f/d5a8070b2ea415a7201401cce569d863
"9 Album Track(s)
2 Single(s)
13 Feature(s)
5 Music Video(s)
0 Other","genre : sadboy
(collaboration with mgk)","(Nov 24, 2023) (Saint Michael V2 is released)
(Mar 29, 2024) (genre : sadboy is released)",,,Other,,
genre : sadboy,"Ok, Cool [Music Video]
(prod. FLOWRENCY)",Official music video for track 4 on Saint Michael.,1:55,"Dec 1, 2023",Other,No,https://www.youtube.com/watch?v=KiJ-m0ILGFE
genre : sadboy,"1716 Osage [Music Video]
(prod. Trippie Redd, G06 Beatz, Theevoni & ProdByT’Rue)",Official music video for track 3 on Saint Michael.,3:14,"Dec 8, 2023",Other,No,https://www.youtube.com/watch?v=IKlgk0gF_fE
genre : sadboy,"Shootem Up - Follow
(feat. Trippie Redd)",Track 7 on Shawn Shootem Michael.,2:38,"Dec 8, 2023",Feature,Yes,https://open.spotify.com/track/1muIVViDFdthLWBeNjnahX?si=557ec36dfbdc4f15
genre : sadboy,"BigSmokeChapo - 50
(feat. Trippie Redd) (prod. Bosley)",Track 4 on SERPENT.,2:47,"Dec 13, 2023",Feature,Yes,https://open.spotify.com/track/7lLsdy8TsvUKebAixdwGLS?si=dcccd517b17648d2
genre : sadboy,"BigSmokeChapo - World Is Yours
(feat. Trippie Redd & Sn8ke) (prod. UK24)",Track 13 on SERPENT.,2:15,"Dec 13, 2023",Feature,Yes,https://open.spotify.com/track/198lYGIpjKnMG1bFsVVEoO?si=8d76363848664956
genre : sadboy,"Mak Sauce - Other Side
(feat. Trippie Redd & Tre Loaded) (prod. Nick Mira & Humblebee)",December 2023 feature.,3:17,"Dec 22, 2023",Feature,Yes,https://open.spotify.com/track/0jGesW3Zrsl3LExzrf9IT8?si=47039c0cc40c47dc
genre : sadboy,"Detains - white tee
(feat. Trippie Redd & trelly connor) (prod. SJR, Ginseng & seanbaby)",Track 4 on Jacob’s Ladder.,2:48,"Dec 24, 2023",Feature,Yes,https://soundcloud.com/detains-745714811/white-tee-ft-trippie-redd
genre : sadboy,"Slimesito - Pray 4 Me
(feat. Trippie Redd) (prod. Bosley & Warlock)",Track 11 on Dedication 2.,4:23,"Dec 25, 2023",Feature,Yes,https://open.spotify.com/track/4f5Y33uSAOJO0vrsQFR7zH?si=623342fdea7744b6
genre : sadboy,"9lives - MULTIMILLIONAIRE
(feat. Trippie Redd & Odetari) (prod. 9lives)",January 2024 feature.,2:01,"Jan 19, 2024",Feature,Yes,https://open.spotify.com/track/4JC0XKvkodYsMurv5khQWI?si=922b074a2a5f47f2
genre : sadboy,"ATL Smook - Yuk! [Music Video]
(feat. Trippie Redd & BEAR1BOSS) (prod. Loesoe & Milanezie)",Released with music video on YouTube via ATL Smook.,2:59,"Feb 9, 2024",Other,No,https://www.youtube.com/watch?v=76t_R0DDLuw
genre : sadboy,"Steady Eating
(feat. Slime Dollaz) (prod. Outtatown, Loesoe & ​star boy)",Hosted on djslimebxll's Soundcloud.,1:54,"Feb 9, 2024",Feature,No,https://soundcloud.com/djslimebxll/trippie-redd-steady-eating-ft?si=13606dbc7c84476eaaac506a98ee76ac&utm_source=clipboard&utm_medium=text&utm_campaign=social_sharing
genre : sadboy,"ATL Smook - Yuk!
(feat. Trippie Redd & BEAR1BOSS) (prod. Loesoe & Milanezie)",Febuary 2024 feature.,2:36,"Feb 17, 2024",Feature,Yes,https://open.spotify.com/track/3P5W1flkWQyePSqRvCPBtz?si=112206295a7143f3
genre : sadboy,"Zelly Ocho - V14D
(feat. Trippie Redd) (prod. Loesoe & Seal)",Track 6 on #2LV (2nd Lost Vlad).,2:16,"Feb 21, 2024",Feature,Yes,https://open.spotify.com/track/4TcszHUOYieNWkw3YjJYkj?si=984392b995e74969
genre : sadboy,"m$sha - TIL THE END
(feat. Trippie Redd & Thee JAE) (prod. Sergio Cortez, DBurns, Treehouz & Jon Buscema)",March 2024 feature.,2:36,"Mar 8, 2024",Feature,Yes,https://open.spotify.com/track/4TcszHUOYieNWkw3YjJYkj?si=984392b995e74969
genre : sadboy,"LWRW
(prod. Chopsquad DJ)
(Left Wrist, Right Wrist)","The lead single to the upcoming project. The song was fully previewed by Chopsquad DJ on Feburary 13, 2024, then was teased for release on March 4th, 2024.",2:39,"Mar 15, 2024",Single,Yes,https://open.spotify.com/track/00KKtPfUBjO1k8Yn8dmJKZ?si=914a00534fdd4f8e
genre : sadboy,"LWRW [Music Video]
(prod. Chopsquad DJ)
(Left Wrist, Right Wrist)","This version of the song contains extra adlibs. It's very noticable on the part where he says ""I need an abortion.""",2:38,"Mar 15, 2024",Other,No,https://www.youtube.com/watch?v=eWEptdUl4F8
genre : sadboy,"Fijimacintosh - BOLAN CUTS
(feat. Trippie Redd) (prod. waggonkid & 1017dmt)",March 2024 feature.,3:34,"Mar 22, 2024",Feature,No,https://soundcloud.com/fijimacintosh/fijimacintosh-trippie-redd-bolan-cuts?si=c2d7e696dd024eea9eaf6c19ee2c67d3&utm_source=clipboard&utm_medium=text&utm_campaign=social_sharing
genre : sadboy,"Fijimacintosh - GTA
(feat. Trippie Redd) (prod. w1erdo)",March 2024 feature.,3:01,"Mar 22, 2024",Feature,No,https://soundcloud.com/fijimacintosh/fijimacintosh-trippie-redd-gta
genre : sadboy,"lost boys
(prod. Charlie Handsome, SlimXX, Hoskins & BazeXX)",Track 1 on genre : sadboy. The lead single of the project.,2:41,"Mar 26, 2024",Single,Yes,https://open.spotify.com/track/05TrHslexQPuqW3bGjYnin?si=20494e099ade4f95
genre : sadboy,"lost boys [Music Video]
(feat. mgk) (prod. Charlie Handsome, SlimXX, Hoskins & BazeXX)","Official music video for track 1 on genre : sadboy, directed by Sam Cahill",2:41,"Mar 26, 2024",Other,No,https://www.youtube.com/watch?v=jDDb0Jyd5HA
genre : sadboy,"beauty
(prod. SlimXX, Charlie Handsome & BazeXX)",Track 2 on genre : sadboy.,3:16,"Mar 29, 2024",Album Track,Yes,https://open.spotify.com/track/4kXOuF3EGVS3YGrpbfdT3n?si=1b710b52a8da4247
genre : sadboy,"time travel
(feat. Zzz.) (prod. 80root & Igor Mamet)",Track 3 on genre : sadboy.,3:01,"Mar 29, 2024",Album Track,Yes,https://open.spotify.com/track/0hzOn1LI3q2cmXVT6KBogz?si=9d0dee259f04437e
genre : sadboy,"struggles
(prod. Igor Mamet, HNRZHUNTER, InBloom & W!LLER)",Track 4 on genre : sadboy.,3:17,"Mar 29, 2024",Album Track,Yes,https://open.spotify.com/track/4D8EGc1HnJRnrbFWujFDyY?si=659a630f23dc43e1
genre : sadboy,"suddenly
(prod. Charlie Handsome, BazeXX, SlimXX & Jeff Bhasker)",Track 5 on genre : sadboy.,1:47,"Mar 29, 2024",Album Track,Yes,https://open.spotify.com/track/5RJvKzCyG6ReTWwPRaRF7K?si=8aa03f5cf4674b73
genre : sadboy,"half dead
(prod. SlimXX & ​producerX)",Track 6 on genre : sadboy.,2:57,"Mar 29, 2024",Album Track,Yes,https://open.spotify.com/track/3jJNV9XLsjWktDjqGHXh94?si=88f89f5a54174c0b
genre : sadboy,"​hiding in the hills
(prod. SlimXX, BazeXX & RONNY J)",Track 7 on genre : sadboy.,2:31,"Mar 29, 2024",Album Track,Yes,https://open.spotify.com/track/4nE0WZRoRiSRDVNA8JgRi3?si=864cf156d3574584
genre : sadboy,"no more
(prod. Igor Mamet, Cxdy & Thank You Fizzle)",Track 8 on genre : sadboy.,2:25,"Mar 29, 2024",Album Track,Yes,https://open.spotify.com/track/5TzITawiUIFftW4F9CFldd?si=7dd124a079a84567
genre : sadboy,"who do i call
(feat. JID) (prod. SlimXX, Charlie Handsome, BazeXX, Bobby Raps & Bak)",Track 9 on genre : sadboy.,2:54,"Mar 29, 2024",Album Track,Yes,https://open.spotify.com/track/3Y9wIDKtqCYk2d0P8GrPxc?si=0c4b0fbb382f4c17
genre : sadboy,"summer's gone
(prod. RRAREBEAR, Igor Mamet, HNRZHUNTER, BazeXX & SlimXX)",Track 10 on genre : sadboy.,2:24,"Mar 29, 2024",Album Track,Yes,https://open.spotify.com/track/5CI0SmPVueBB9VpDEcF8wY?si=c31a86a04e1e4362
"0 Album Track(s)
5 Single(s)
8 Feature(s)
8 Music Video(s)
0 Other",LIFE'S A TRIP 2,"(Nov 24, 2023) (Saint Michael V2 is released)
(Dec 2023) (LIFE'S A TRIP 2 is announced)",,,Other,,
LIFE'S A TRIP 2,"beauty [Music Video]
(feat. mgk) (prod. SlimXX, Charlie Handsome & BazeXX)",Official music video for track 2 on genre : sadboy.,3:17,"Apr 2, 2024",Other,No,https://www.youtube.com/watch?v=Y5a59wE3JYU
LIFE'S A TRIP 2,"Zelly Ocho - Lucky Charms
(feat. Trippie Redd) (prod. Loesoe)
(Legend In This Shit)","Track 3 on V2BM3, Vol. 5.",2:39,"Apr 8, 2024",Feature,Yes,https://open.spotify.com/track/1Frxuod4INaaT2Oym8cfKe?si=49500ea4855d4bd2
LIFE'S A TRIP 2,"time travel [Music Video]
(feat. mgk & Zzz.) (prod. 80root & Igor Mamet)","Official music video for track 3 on genre : sadboy, directed by Sam Cahill.",3:03,"Apr 16, 2024",Other,No,https://www.youtube.com/watch?v=ab4cwQOMqLY
LIFE'S A TRIP 2,"Mak Sauce - Vinchey & Chanel
(feat. Trippie Redd) (prod. Nick Mira)",Track 12 on Malik Vol. 1.,2:35,"Apr 19, 2024",Feature,Yes,https://open.spotify.com/track/7pRroeWaZoJaWaq0mPy0X7?si=6242fa76d1e74d10
LIFE'S A TRIP 2,"Last Days [Music Video]
(prod. Zodiac & PAX)","Official music video for track 2 on A Love Letter To You 5, directed by WAVYLORD",2:38,"May 6, 2024",Other,No,https://www.youtube.com/watch?v=xhyO7rwm710
LIFE'S A TRIP 2,"Zelly Ocho - Worth
(feat. Trippie Redd) (prod. Nadddot)
(Crash)",Track 2 on V Files.,2:41,"Jun 6, 2024",Feature,Yes,https://open.spotify.com/track/63amQkelxbF9xXKUymGUaS?si=187ef8a7507242ce
LIFE'S A TRIP 2,"Zelly Ocho - Heavenly
(feat. Trippie Redd)",Track 3 on Poem V2.,2:49,"Jun 16, 2024",Feature,Yes,https://open.spotify.com/track/5lxNxetb9dA1HzXm6ki6Vd?si=14a2103f85574357
LIFE'S A TRIP 2,"Bando Kid
(prod. Evoni, Comet & Bred)","The second single to the upcoming project. The song had leaked on June 26th, 2024, then was teased for release on June 28th, 2024.",3:17,"Jun 28, 2024",Single,Yes,https://open.spotify.com/track/6YgDbK0EEsKKi0uXWjLaAl?si=67feaa9ac62742d4
LIFE'S A TRIP 2,"Zelly Ocho - V14D [Music Video]
(feat. Trippie Redd) (prod. Loesoe & Seal)","Official music video for track 6 on #2LV (2nd Lost Vlad). This music video was originally leaked and made during the Trip At Knight sessions, then was released July 15, 2024. The video was directed by DotComNirvan.",2:16,"Jul 15, 2024",Other,No,https://www.youtube.com/watch?v=fxIyAN5xc9A
LIFE'S A TRIP 2,"Diplo - Wish - Fallon Remix
(feat. Trippie Redd & Fallon) (prod. Diplo & Fallon)","A remixed version of the original Trippie & Diplo song, released on July 15, 2024.",3:03,"Jul 15, 2024",Feature,Yes,https://open.spotify.com/track/0NoH55DtH0Dh7kiGCZI0o7?si=3f41dda52eef4502
LIFE'S A TRIP 2,"K Suave - Must Be Crazy
(feat. Trippie Redd) (prod. LNKmusic & Jojo Kelete)",Track 13 on It Was Never Serious.,4:35,"Jul 26, 2024",Feature,Yes,https://open.spotify.com/track/5qmrVDNlwFmVsI3oXHe42X?si=b7d035508dd44fe4
LIFE'S A TRIP 2,"Bando Kid [Animated Music Video]
(prod. Evoni, Comet & Bred)","Official animated music video for Bando Kid, directed and animated by KDC Vision and explosion FXs by JF-Arts",3:17,"Aug 1, 2024",Other,No,https://www.youtube.com/watch?v=r9GRTva6owA
LIFE'S A TRIP 2,"Bando Kid [Music Video]
(prod. Evoni, Comet & Bred)",Official music video for Bando Kid.,3:21,"Aug 7, 2024",Other,No,https://www.youtube.com/watch?v=NmH9LtQVm9k
LIFE'S A TRIP 2,"Sn8ke - 4DAGANG
(feat. Trippie Redd, Sunny 2point0, & Slimesito)",August 2024 feature.,3:15,"Aug 7, 2024",Feature,No,https://soundcloud.com/globalsn8ke/sn8ke-trippie-redd-sunny-2point0-slimesito-4dagang
LIFE'S A TRIP 2,"LGLG
(prod. Sapjer & Sammy Haig)","The third single to the upcoming project. The original version had leaked on July 23, 2024.",2:56,"Aug 9, 2024",Single,Yes,https://open.spotify.com/track/30WIuDE8zFTS6rFPnGIifY?si=2e910f08b2724465
LIFE'S A TRIP 2,"LGLG [Music Video]
(prod. Sapjer & Sammy Haig)",Official music video for LGLG.,2:59,"Aug 9, 2024",Other,No,https://www.youtube.com/watch?v=xQVpy8Q3Uho
LIFE'S A TRIP 2,"RIP Chris
(with ​plaqueboymax) (prod. OLLY! & John Kearney)
(5$TAR)",This was one of the songs that were made directly from Plaqueboymax's stream.,1:48,"Aug 15, 2024",Single,No,https://www.youtube.com/watch?v=s8GbliVFXa4
LIFE'S A TRIP 2,"DoodleBob
(with ​plaqueboymax) (prod. W4ddles, Saucebyguap, Theevoni & VG$ Midnight)",The other song that was made directly from Plaqueboymax's stream.,1:14,"Aug 15, 2024",Single,No,https://www.youtube.com/watch?v=H-KYx-rdj3A
LIFE'S A TRIP 2,"RIP Chris [Music Video]
(feat. ​plaqueboymax) (prod. OLLY! & John Kearney)
(5$TAR)",Official music video for RIP Chris.,1:48,"Aug 18, 2024",Other,No,https://www.youtube.com/watch?v=iXc5_Cziuko
LIFE'S A TRIP 2,"Murderman
(feat. VonOff1700 & LAZER DIM 700) (prod. UK24 & Mayyzo)","The third single to the upcoming project. On August 20th, during plaqueboymax’s live stream, Trippie is seen performing a snippet of the song live on camera, which generated a lot of buzz on social media and left many fans eagerly awaiting the song’s release.",2:46,"Aug 23, 2024",Single,Yes,https://open.spotify.com/album/4B1LLdiQmOjJl1EjnjTZke?si=J52Fij2hTl-kVblWAyba_A
LIFE'S A TRIP 2,"Rosey - The Upside Down
(feat. Trippie Redd)",The song dropped on Rosey's throwaway SoundCloud account.,2:10,"Aug 29, 2024",Feature,No,https://soundcloud.com/roseyarchives/trippie-redd-rosey-the-upside?ref=clipboard&p=i&c=1&si=5637CB94AE1F41AEA82F7F025F951428&utm_source=mobi&utm_medium=text&utm_campaign=social_sharing
"0 Album Track(s)
7 Single(s)
14 Feature(s)
7 Music Video(s)
0 Other","LIVE LOVE LAUGH DIE
(LLLD)","(Dec 2023) (LIFE'S A TRIP 2 is announced)
(Sep 19, 2024) (The concept of LIVE LOVE LAUGH DIE is born thanks to the song Double M Gang)
(Sep 22, 2024) (LIVE LOVE LAUGH DIE is announced)",,,Other,,
LIVE LOVE LAUGH DIE,"Detains - not ur swag
(feat. Trippie Redd) (prod. Loesoe)",Track 2 on The Winning Team.,2:07,"Sep 20, 2024",Feature,Yes,https://open.spotify.com/track/5h0BWR8XX4tOcHfsF13UYI?si=66073f36c9394f41
LIVE LOVE LAUGH DIE,"djslimebxll - Strawberry Sweet
(feat. Trippie Redd & Slime Dollaz)
(Smoking Gobblegumz)",Released on djslimebxll's SoundCloud since it was leaked.,2:36,"Sep 26, 2024",Feature,No,https://soundcloud.com/djslimebxll/trippie-redd-x-slime-dollaz-strawberry-sweet-djslimebxll-exclusive?ref=clipboard&p=i&c=0&si=F79E64F1A20C4B5DB80B7D8CE91816F2&utm_source=clipboard&utm_medium=text&utm_campaign=social_sharing
LIVE LOVE LAUGH DIE,"Reverse Pathogen - The Little Evil Things
(feat. Trippie Redd) (prod. Ghostluvme & Andrew Schwartz)",September 2024 feature.,3:48,"Sep 28, 2024",Feature,Yes,https://open.spotify.com/track/3ucgVCdx6ShvMvkv3NHiss?si=ad8d162ddab64a95
LIVE LOVE LAUGH DIE,"KSI - Thick Of It [Music Video]
(feat. Trippie Redd) (prod. Ray Michael Djan Jr.)","Official music video for Thick Of It, directed by KC Locke.",2:40,"Oct 3, 2024",Other,No,not linking this bullshit
LIVE LOVE LAUGH DIE,"KSI - Thick Of It
(feat. Trippie Redd) (prod. Ray Michael Djan Jr.)","The song dropped on KSI's account along with a music video and another song. This song is not worth listening to, not worth wasting your time with.",2:40,"Oct 3, 2024",Feature,Yes,not linking this bullshit
LIVE LOVE LAUGH DIE,"Zelly Ocho - Brand New
(feat. Trippie Redd)",Track 13 on Dirty Drugs.,2:25,"Oct 10, 2024",Feature,Yes,https://open.spotify.com/track/1VAMIHNtt6lEhrkQtrJcYU?si=b76d3db9e85d4a54
LIVE LOVE LAUGH DIE,"Rich The Kid & Famous Dex - Going Up
(feat. Trippie Redd)",Track 6 on Rich Forever 5.,3:30,"Oct 11, 2024",Feature,Yes,https://open.spotify.com/track/3VPQ0JwWnIaLmbh3fYVkCQ?si=81bbe1aa84314136
LIVE LOVE LAUGH DIE,"Juice WRLD - Both Ways [Music Video]
(prod. Pharaoh Vice & Nick Mira) (Dir. DotComNirvan & Trippie Redd)","Official music video for Both Ways, directed by DotComNirvan & Trippie Redd.",3:17,"Oct 14, 2024",Other,No,https://www.youtube.com/watch?v=IjZuDJi80JI
LIVE LOVE LAUGH DIE,"Slimesito - BLAM BLAM
(feat. Trippie Redd, Beezy B & Sn8ke) (prod. Nadddot)",Released on Rich Slime Global's SoundCloud,2:36,"Oct 24, 2024",Feature,No,https://soundcloud.com/richslimersg/blam-blam-ft-trippie-redd?ref=clipboard&p=i&c=0&si=82ACC7365AAF49BDBAE068B2924590F8&utm_source=mobi&utm_medium=text&utm_campaign=social_sharing
LIVE LOVE LAUGH DIE,"Zelly Ocho - Pathetic
(feat. Trippie Redd)",Track 3 on H.O.E.,2:27,"Dec 10, 2024",Feature,Yes,https://open.spotify.com/track/41tq8kunYmpud48Ou5m5tz?si=a4b31880b8f84bf7
LIVE LOVE LAUGH DIE,"H@E #LLLD
(prod. Bosley)",The fourth single to the upcoming project. The song originally dropped as an Instagram exclusive.,2:21,"Dec 30, 2024",Single,No,https://www.youtube.com/watch?v=ot9zx0W0Z8w
LIVE LOVE LAUGH DIE,"H@E #LLLD [Music Video]
(prod. Bosley)",Official music video for H@E. The visuals were made by Wavy Lord,2:21,"Dec 30, 2024",Other,No,https://www.youtube.com/watch?v=ot9zx0W0Z8w
LIVE LOVE LAUGH DIE,"OUTTA HERE 
(prod. ​thr6x & ToddGleeFul)",The fifth single to the upcoming project. The song originally dropped as an Instagram exclusive.,1:42,"Jan 13, 2025",Single,No,https://www.youtube.com/watch?v=PHQAwzjEYGU
LIVE LOVE LAUGH DIE,"OUTTA HERE [Music Video]
(prod. ​thr6x & ToddGleeFul)",Official music video for OUTTA HERE.,1:42,"Jan 13, 2025",Other,No,https://www.youtube.com/watch?v=PHQAwzjEYGU
LIVE LOVE LAUGH DIE,"Poundside Pop - Designer Drugs
(feat. Trippie Redd)",Track 10 on zWo (Deluxe).,1:47,"Jan 17, 2025",Feature,Yes,https://open.spotify.com/track/2SLVxIe88EEUNXxEu3Wa6O?si=10b9d07a7f9542b6
LIVE LOVE LAUGH DIE,"STRIKE OUT
(prod. TooDope, Rott & Rosen Beatz)",The sixth single to the upcoming project. The song originally dropped as an Instagram exclusive.,1:33,"Jan 19, 2025",Single,No,https://www.youtube.com/watch?v=OhD6zhcw4Xc
LIVE LOVE LAUGH DIE,"STRIKE OUT [Music Video]
(prod. TooDope, Rott & Rosen Beatz)",Official music video for STRIKE OUT.,1:33,"Jan 20, 2025",Other,No,https://www.youtube.com/watch?v=OhD6zhcw4Xc
LIVE LOVE LAUGH DIE,"Loe Shimmy - Coco Channel [Music Video]
(feat. Trippie Redd)","Official music video for Coco Chanel, directed by Isaac Garcia",2:36,"Jan 21, 2025",Other,No,https://www.youtube.com/watch?v=LrNsqY-oYys
LIVE LOVE LAUGH DIE,"Loe Shimmy - Coco Channel
(feat. Trippie Redd)",Released on Trippie's Instagram before dropping on all platforms. The song was allegedly recorded in 2022.,2:36,"Jan 21, 2025",Feature,Yes,https://open.spotify.com/track/1ZfewkEU3CwEjBwVzYkNRP
LIVE LOVE LAUGH DIE,"SCREAM [Music Video]
(prod. miroow & Ayoley)",Official music video for SCREAM.,2:12,"Jan 26, 2025",Single,No,https://www.youtube.com/watch?v=ySxVGeMQGR8
LIVE LOVE LAUGH DIE,"SCREAM
(prod. miroow & Ayoley)","The seventh single to the upcoming project. The song originally dropped as an Instagram exclusive. The song originally was part of the 8x leak during the Greatest Story buy on December 26, 2024.",2:12,"Jan 27, 2025",Single,No,https://www.youtube.com/watch?v=ySxVGeMQGR8
LIVE LOVE LAUGH DIE,Pretty Rose,The eighth single to the upcoming project. The song dropped as an Instagram exclusive.,2:46,"Jan 28, 2025",Single,No,https://www.youtube.com/watch?v=z1Wvvyjejqg
LIVE LOVE LAUGH DIE,"Zelly Ocho - Lighter
(feat. Trippie Redd)
(MONEY DANCE)","Track 2 on #Stfu&drop. The song originally leaked on February 3, 2025",2:28,"Feb 10, 2025",Feature,Yes,https://open.spotify.com/track/3w7gyrbj6H9QEXPwfOl8pl?si=7e3cc778f4af4b35
LIVE LOVE LAUGH DIE,"MM GANG
(prod. Aruni, thr6x, & Vile)
(Double M Gang, Live Love Laugh Die)","The ninth single to the upcoming project. The song originally leaked on October 28, 2024.",2:10,"Feb 11, 2025",Single,No,https://www.youtube.com/watch?v=eSh95e1JANA
LIVE LOVE LAUGH DIE,"MM GANG [Music Video]
(prod. Aruni, thr6x, & Vile)
(Double M Gang, Live Love Laugh Die)",Official music video for MM GANG.,2:10,"Feb 11, 2025",Other,No,https://www.youtube.com/watch?v=eSh95e1JANA
LIVE LOVE LAUGH DIE,"Lil Lani - Road Rage
(feat. Trippie Redd & Quincy)",Released on Lil Lani's SoundCloud.,3:56,"Feb 15, 2025",Feature,Yes,https://soundcloud.com/lillani/r0ad-rag3
LIVE LOVE LAUGH DIE,"Steve Aoki - Radio
(feat. Trippie Redd, Jessica Baio & KABU)",February 2025 feature released by Steve Aoki.,2:27,"Feb 28, 2025",Feature,Yes,https://open.spotify.com/track/5H38vBUsQxZcigRGIDeyv5?si=0c3960da419d4c74
LIVE LOVE LAUGH DIE,"Zelly Ocho - 50
(feat. Trippie Redd) (prod. Bosley)","March 2025 feature, different from BigSmokeChapo's song off of SERPENT. It had leaked before it released.",2:38,"Mar 3, 2025",Feature,Yes,https://open.spotify.com/track/6Bak4P2wNJRx8jAIoDZm6M?si=07f59df26dc347c5
"0 Album Track(s)
9 Single(s)
16 Feature(s)
12 Music Video(s)
0 Other","NDA
(Non-Disclosure Agreement, Judge Me Now)","(Sep 22, 2024) (LIVE LOVE LAUGH DIE is announced)
(Mar 5, 2025) (The concept of Judge Me Now is born thanks to the song Judge Me)
(Mar 16, 2025) (Judge Me Now is offically announced)
(Apr 2025) (NDA is announced)
(Ongoing)",,,Other,,
NDA,"EVILEMPIRE
(feat. G Herbo) (prod. BJ Beatz, 12Hunna & StevenJavier)
(Day Job)","The tenth single for the upcoming project. The leaked screen recorded version leaked on Ocotber 18, 2024, with a shorter G Herbo verse since it was screen recorded.",3:00,"Mar 28, 2025",Single,No,https://www.youtube.com/watch?v=dCXAejsLunA
NDA,"EVILEMPIRE [Music Video]
(feat. G Herbo) (prod. BJ Beatz, 12Hunna & StevenJavier)
(Day Job)",Official video for EVILEMPIRE.,3:00,"Mar 28, 2025",Other,No,https://www.youtube.com/watch?v=dCXAejsLunA
NDA,"Zelly Ocho - HAVIN IT
(feat. DJ PHAT & Trippie Redd) (prod. DJ PHAT, Bosley & sharkboy)",Track 10 on Vluto.,2:26,"Apr 11, 2025",Feature,Yes,https://open.spotify.com/track/7EmXsgjBW9rMoO1WjokgVb?si=we0LTn_wT6W9egbaLuvmrA&context=spotify%3Aalbum%3A42YQWPu3LabyN6RYQsb7XJ
NDA,"Sexton - Ya Dig
(feat. Trippie Redd)
(Ya Diggg)",Released by Sexton as a SoundCloud exclusive.,2:29,"May 2, 2025",Feature,No,https://soundcloud.com/sexton/ya-dig?si=1403536865c741b0ae8bbf58d373b523&utm_source=mobi&utm_medium=text&utm_campaign=social_sharing&fbclid=PAZXh0bgNhZW0CMTEAAafq4HZbLY9UbFFIvoEw4c_nGeuI7sqS0b5kdnPLUhx2axn-Qy38SqQRjAolvw_aem_BU-M6xiw3NCQYw6DxtYugw
NDA,"Kodak Black - Zoolin & Boolin
(feat. Trippie Redd & G6 Reddot)",Track 5 on Zapstars.,2:44,"May 19, 2025",Feature,No,https://www.youtube.com/watch?v=a8QWD1D9ADc
NDA,"French Montana - Outta Here
(feat. Trippie Redd) (prod. ​thr6x & ToddGleeFul)","The song was previewed on February 9, 2025. Features a French Montana verse and a music video that they shooted the same day. Why ? Just why tf would French Montana be on that ????
Boy slow down 😭😂✌🏾
The song was supposed to release on May 23, 2025, but (thankfully) didn't. But that didn't save us for long as the song was released on June 5, 2025.",2:47,"Jun 5, 2025",Feature,Yes,not linking this bullshit
NDA,"TTO K.T. - KBT 1400
(feat. Trippie Redd) (prod. Kerry Hardy)",Track 5 on Black Tape (Deluxe).,2:43,"Jun 13, 2025",Feature,Yes,https://open.spotify.com/track/2JE8di7U0fl1kmuA1euhmr?si=47035a6333e346c1
NDA,"AB - TO THE MOON
(feat. Trippie Redd) (prod. d.a. got that dope)
(Gratitude)","Released by AB. Later taken down. The song was meant to be on a project called ""Stoic Ch.11 Richard Mille Edition Reloaded"" with a tracklist teased. The song was taken down most likely due to the main artist AB not paying the producer d.a. got that dope.",3:01,"Jun 20, 2025",Feature,No,https://www.youtube.com/watch?v=1rlCLsi2HXI
NDA,"Woke Up
(prod. SkipOnDaBeat & Igor Mamet)
(Demon In My Eyes)","The first ""NDA"" labeled single, release alongside ""The Face"".",2:14,"Jul 18, 2025",Single,Yes,https://open.spotify.com/intl-fr/track/3Pu6ami9THr2rDArjZ0Oqg?si=e0dca6ea0447495d
NDA,"The Face
(with DJ Drama) (prod. BBYKOBE & Igor Mamet)
(Estate)","The second ""NDA"" labeled single, release alongside ""Woke Up"".",2:24,"Jul 18, 2025",Single,Yes,https://open.spotify.com/intl-fr/track/1xzY77REvu8kUPdxnoLTUk?si=ddbaf29a005e4d39
NDA,"Woke Up / The Face [Music Video]
(prod. SkipOnDaBeat, BBYKOBE & Igor Mamet)
(Demon In My Eyes / Estate)",Official video for Woke Up & The Face.,4:37,"Jul 18, 2025",Other,No,https://youtu.be/IG6igUGyqoI?si=u32FZim_jTiVZRtg
NDA,"Loe Shimmy - Add It Up
(feat. Trippie Redd)",Track 20 on Rockstar Junkie.,2:56,"Jul 18, 2025",Feature,Yes,https://open.spotify.com/intl-fr/track/6g6MWMybcssrU5abFK7B1q?si=82d132ce93604814
NDA,"French Montana - Outta Here [Music Video]
(feat. Trippie Redd) (prod. ​thr6x & ToddGleeFul)",Official video for Outta Here.,2:47,"Aug 1, 2025",Other,No,not linking this bullshit
NDA,"World Boss
(prod. Trippie Redd, officialchello, DJ SIDEREAL, KXVI & Nuki)","The third ""NDA"" labled single.",3:04,"Sep 5, 2025",Single,Yes,https://open.spotify.com/track/0gC6ZI3cFxHP7Hor3nMO3b?si=e0a6d2d4d49d4da4
NDA,"World Boss [Music Video]
(prod. Trippie Redd, officialchello, DJ SIDEREAL, KXVI & Nuki)",Official video for World Boss.,3:11,"Sep 5, 2025",Other,No,https://www.youtube.com/watch?v=1ykDy_S97lA
NDA,Wish (Orchestra Version),Orchestra version that dropped following a regain of attention of the song on TikTok.,2:59,"Sep 18, 2025",Single,Yes,https://open.spotify.com/intl-fr/track/3STIi4I7eGMJJJhGRIfVli?si=d4c26c3fc40e4cd3
NDA,"Sketchy [Music Video]
(prod. SkipOnDaBeat & Nick Mira)",Official video for the new NDA single Sketchy.,2:18,"Oct 1, 2025",Other,No,https://www.youtube.com/watch?v=S3edLt0E3Sk
NDA,"Sketchy
(prod. SkipOnDaBeat & Nick Mira)","The fourth ""NDA"" labled single, eventho it is technically the first because the three other won't be on the album.",2:16,"Oct 3, 2025",Single,Yes,https://open.spotify.com/intl-fr/track/2PW0ZQtpVPicI0DVY92IuA?si=f0163c2797164f82
NDA,"Checklist [Music Video]
(prod. Rosen Beatz & Igor Mamet)",Official video for the new NDA single Checklist.,2:50,"Oct 7, 2025",Other,No,https://www.youtube.com/watch?v=ehKliwJhylc&pp=ygUMdHJpcHBpZSByZWRk
NDA,"Stay The Same [Music Video]
(prod. Rosen Beatz)",Official video for the new NDA single Stay The Same.,2:54,"Oct 12, 2025",Other,No,https://www.youtube.com/watch?v=tqFU4LrPGww&pp=ygUMdHJpcHBpZSByZWRk0gcJCfwJAYcqIYzv
NDA,"Tommy Lee Sparta - Murderer [Music Video]
(with Trippie Redd) (prod. Murda Beatz)
(Murda)","Official video for ""Murderer"" by Tommy Lee Sparta with Trippie Redd.",3:19,"Oct 14, 2025",Other,No,https://www.youtube.com/watch?v=zr8XVbDiFsk
NDA,"Checklist
(prod. Rosen Beatz & Igor Mamet)","The second real ""NDA"" single dropped on DSPs, with a cover promoting the upcoming merch.",2:50,"Oct 17, 2025",Single,Yes,https://open.spotify.com/intl-fr/track/3cXtmBLBOg0g0sWnDENcYY?si=e8d2aa9140494db1
NDA,"Stay The Same
(prod. Rosen Beatz)","The third ""NDA"" single dropped on DSPs, with a cover promoting the upcoming merch.",2:53,"Oct 17, 2025",Single,Yes,https://open.spotify.com/intl-fr/track/5upIoNyWfFEqRa3aJG9d5Y?si=e3acf53b914d4c02
NDA,"I Love It [Music Video]
(prod. theevoni)","The song dropped via Trippie Redd's Instagram, as a throwaway because the sample wasn't cleared.",2:19,"Nov 3, 2025",Other,No,https://www.instagram.com/reel/DQnP0jSEpdw/?utm_source=ig_web_copy_link&igsh=MzRlODBiNWFlZA==
NDA,"Seyi Vibez - UP
(feat. Trippie Redd) (prod. ​Dr.Luke & Rocco Did It Again!)",Track 9 on FUJI MOTO,2:44,"Nov 13, 2025",Feature,Yes,https://open.spotify.com/intl-fr/track/3txOxWfFWDxo5e8mxqIdgL?si=4bae6f80f2404dc2
NDA,"Seyi Vibez - UP [Music Video]
(feat. Trippie Redd) (prod. ​Dr.Luke & Rocco Did It Again!)",Official music video for UP.,2:44,"Nov 17, 2025",Other,No,https://www.youtube.com/watch?v=Fvh7UBIr8vo
NDA,"Nova Laen - Impossible
(feat. Trippie Redd & DAYYTONA FOX)",Released by Nova Laen.,4:27,"Nov 25, 2025",Feature,Yes,https://open.spotify.com/track/6lEmsXFRSzVi5WaVTICiWo?si=34f8055c95e54af9
NDA,"Can't Count Me Out [Music Video]
(prod. ATL Jacob)","The fourth real ""NDA"" labled single, dropped 1 week after getting the 30K comments asked.",2:22,"Nov 28, 2025",Other,No,https://www.youtube.com/watch?v=Ot8gt5HIRw0&pp=ygUMdHJpcHBpZSByZWRk
NDA,"Detains - OUT DIS HO
(feat. Trippie Redd & trelly connor)",Released by Detains on SoundCloud.,2:06,"Dec 25, 2025",Feature,No,https://soundcloud.com/detains-745714811/out-dis-ho-x-tr-m4a
NDA,"A Boogie Wit da Hoodie - Red Light
(feat. Trippie Redd) (prod. ​S.Dot, Tyler James & Alan Ami)",Track 6 on Before Artistry,3:27,"Feb 13, 2026",Feature,Yes,https://open.spotify.com/intl-fr/track/4gTz99IE4U9BX8bO88kxGP?si=e6605f09b9084556
NDA,"Detains - DON'T FEEL LIVE
(feat. Trippie Redd) (prod. KXVI)",Track 4 on Offline At 4AM,2:38,"Feb 14, 2026",Feature,Yes,https://open.spotify.com/track/2l7Q8sjsSONprvP1IAix3b?si=5b63bb27815a47c5
NDA,"Paperbag Boy
(feat. Young Thug) (prod. southboy)","The fourth ""NDA"" single dropped on DSPs.",3:11,"Apr 1, 2026",Single,Yes,https://open.spotify.com/track/7mQcxAgdMV1Qt71tekR0DP?si=9d48bfd6dda44f30
NDA,"Paperbag Boy [Music Video]
(feat. Young Thug) (prod. southboy)",Official video for the new NDA single Paperbag Boy featuring Young Thug.,3:16,"Apr 1, 2026",Other,No,https://www.youtube.com/watch?v=tiLPHQI9Fqw
NDA,"K Suave - Amazing
(feat. Trippie Redd) (prod. Naddot)
(Stargazing)",Track 3 on AfterHours EP,2:37,"Apr 29, 2026",Feature,Yes,https://open.spotify.com/track/2sy7Ox8ZdnGnP1r38jeurH?si=1cb1916c8dbc45cd
NDA,"K Suave - No. 9
(feat. Trippie Redd) (prod. Naddot)",Track 7 on AfterHours EP,1:58,"Apr 29, 2026",Feature,Yes,https://open.spotify.com/track/4Pv4C7kkKuBh8vduavSgeS?si=4a763ed29bc34759
NDA,"1900Rugrat - Blackhouse
(feat. Trippie Redd) (prod. Census, TYTO & Bosley)",Track 11 on Fireman,2:15,"Jun 26, 2026",Feature,Yes,https://open.spotify.com/track/3S20nK9UwcPljMkRU7VCKO?si=d51468912ec94925
NDA,"Thirteendegrees ° - EMOTIONLEZZ
(feat. Trippie Redd) (prod. Gyant & cultexavier)","Single for ""Ghetto Hipster"".",2:15,"Jul 3, 2026",Feature,Yes,https://open.spotify.com/intl-fr/track/3UiQ1haSm6kUuVJOUlVgGy?si=a39680e7b4e24c53
