Era,Name,Notes,Track Length,File Date,Leak Date,Available Length,Quality,Link(s)
ICEMAN [V2],"Free [V1]
(prod. Gordo, Nico Baran, b4u, ZECCA, LIOHN & Klahr)","Version of ""Free"" made after the ICEMAN rework in late November 2025. Snippet posted by Gordo on TikTok on September 16th, 2026.",,,"Sep 16, 2026",Snippet,Recording,
HABIBTI,"✨ Classic
(prod. Smash David, SkipOnDaBeat, Foreign Teck, 5EBAS, apmelodies & Hugo Mari)","An alternate version of the HABIBTI track, ""Classic"" was previewed on Drake's ""FEAR OF MISSING OUT"" livestream which features an extended first half and no second half. Possibly released due to high demand from fans wanting an extended version of the first half of the song. Unknown if it was recorded during or after the sessions for HABIBTI.",,,"Sep 15, 2026",Full,High Quality,https://pillows.su/f/9d79895ad9ed42e19a34f68a03f48c36
FEAR OF MISSING OUT,"Free [V2]
(prod. Gordo, Nico Baran, b4u, ZECCA, LIOHN & Klahr)",Song that was previewed during the 'FEAR OF MISSING OUT' livestream. Was initially worked on for ICEMAN in 2025.,2:26,,"Sep 15, 2026",Full,High Quality,https://pillows.su/f/5d56a20fe341cbc855efb05bfa582d5a
FEAR OF MISSING OUT,"✨ Quebec
(prod. Smash David, FASHXN, Mike Wavvs & Sean Turk)
(I Know What's True, Chances)",Song that was previewed during the 'FEAR OF MISSING OUT' livestream.,,,"Sep 15, 2026",Full,High Quality,https://pillows.su/f/fcabf0143f763ed6e6cd7f93d3ff9181
FEAR OF MISSING OUT,"⭐ ???
(feat. Don Toliver) (add. ???) (prod. London Cyr, 20, b4u, O Lil Angel, lil ohh & xbrvdy)
(Cold Shoulder, Come Back)","Song that was previewed during the 'FEAR OF MISSING OUT' livestream. Has a feature verse from Don Toliver, likely recorded when Drake performed at Don Toliver's Toronto stop for his NITROUS tour on August 31st, 2026. Has outro vocals from an unknown female vocalist.",3:30,"Aug 31, 2026","Sep 15, 2026",Full,High Quality,https://pillows.su/f/3adcc262c60728391119c40df05ccb16
FEAR OF MISSING OUT,"✨ ???
(feat. Don Toliver)
(Choosin' Texas (Remix))","A Drake remix of ""Choosin' Texas"" by Ella Langley was previewed at a club by Drake on August 31st, 2026. The song was later previewed during the 'FEAR OF MISSING OUT' livestream. Interpolates ""Choosin' Texas"" by Ella Langley. Samples ""Get Throwed"" by Bun B, JAŸ-Z, Jeezy, Pimp C & Z-Ro.",,,"Sep 15, 2026",Full,CD Quality,https://pillows.su/f/e00d24364d672d51a746082e4244d1d9
FEAR OF MISSING OUT,"???
(prod. ZECCA)
(Pray For Gaza, Big Banana)",Song that was previewed during the 'FEAR OF MISSING OUT' livestream.,,,"Sep 15, 2026",Partial,High Quality,Link Needed
FEAR OF MISSING OUT,"???
(add. ???) (prod. Brinx Parker)
(Cigarettes)",Song that was previewed during the 'FEAR OF MISSING OUT' livestream. Has background vocals from an unknown vocalist.,,,"Sep 15, 2026",Full,High Quality,https://pillows.su/f/5314f6a32e6fd7e10d7a3f3964770c13
FEAR OF MISSING OUT,"??? [V2]
(prod. Noel Cadastre & Kid Masterpiece)
(Reputation)",Song that was previewed during the 'FEAR OF MISSING OUT' livestream. Was initially worked on for ICEMAN in 2026.,,,"Sep 15, 2026",Partial,High Quality,https://pillows.su/f/9163295d1bd4532a8c7e99f2b2ae84ff
FEAR OF MISSING OUT,"Yeat - MISS MY DAWG
(with Drake) (prod. Luc1us, Lucid, Noel Cadastre & Froodough)",Song was originally previewed during the 'FEAR OF MISSING OUT' livestream.,3:00,,"Sep 15, 2026",Full,High Quality,
ICEMAN [V1],"DOGHOUSE [V5]
(with Julia Wolf & Yeat) (prod. Smash David, Bosley & BNYX®)
(BIG DOG, DOG HOUSE)","OG Filename: DOGHOUSE Drizz Yeat Julia BNYX
OG file for the final mix of ""DOG HOUSE"" by Drake, Julia Wolf and Yeat. Leaked as a bonus during a $2,650 Yeat groupbuy.",3:10,,"Jul 24, 2026",OG File,CD Quality,https://pillows.su/f/f66981a1eb03aee35a698a8d172484bf
ICEMAN [V1],"Down For Me [V1]
(prod. 2one2, G40, 20 & arthur bean)","OG Filename: DOWN 4 ME
Track recorded for inclusion on HABIBTI, but ended up getting scrapped. Seen scribbled on an OG tracklist posted by Noel Cadastre. Apparently ""sucked ass"" according to insiders. Leaked randomly on LCX. Has an open verse.",2:47,"Sep 29, 2025","Jun 27, 2026",OG File,High Quality,https://pillows.su/f/8d4032de015cc31ee52f0494acd51999
Certified Lover Boy [V1],"Say Less Mami 
(prod. 40)
(Serious)","OG Filename: Say Less Mami Noel Ref 1
A throwaway from the Certified Lover Boy sessions. First appeared on an online forum and thought to have been recorded in 2019. Mixed by Noel Cadastre. Has an open verse. Snippet leaked September 19th, 2022. Another snippet leaked May 28th, 2023. The song then leaked in full shortly after an official remix of the track by GOVI released on SoundCloud by Oliver El-Khatib.",3:16,,"Jun 21, 2026",Full,CD Quality,https://pillows.su/f/98f841d5c1b56cc03262edf6655dee3a
Certified Lover Boy [V2],"Future - Wait For It [V3]
(feat. T.I. & Tems) (prod. ATL Jacob)
(WAIT 4 U)","OG Filename: Future - Wait For It (TI VOX) V2
Original version of ""WAIT 4 U"", seemingly titled ""Wait For It"" with a verse from T.I. instead of Drake & mixing differences. File is dated 2021.",4:42,,"Jun 4, 2026",OG File,CD Quality,https://pillows.su/f/671a9fc14e3da951bf74889c2901a6ff
ICEMAN [V2],"2 Hard For The Radio [V2]
(prod. Ben10k, Karri, Mars, OZ, P-LO & Thomas Madynski)
(2 Hard 4 The Radio)","Version with a difference in the “Rack City” line, according to notes on an OG tracklist posted by Noel Cadastre.",,,"Jun 4, 2026",Confirmed,Not Available,
ICEMAN [V2],"Don't Worry
(prod. b4u, Chibu Amajoyi, Kevoo, Batmanonthebeatz, Glitchrealm, O Lil Angel, Nasamadeit, Sledgren & Spvde)","Version with rougher drums, according to notes on an OG tracklist posted by Noel Cadastre.",,,"Jun 4, 2026",Confirmed,Not Available,
ICEMAN [V2],"Janice [V2]
(prod. b4u, FNZ, Rogét Chahayed & GoodbyeCalev)
(Jan Ice, Janice STFU)","Version where the melody is “too high”, according to notes on an OG tracklist posted by Noel Cadastre.",,,"Jun 4, 2026",Confirmed,Not Available,
ICEMAN [V2],"Make Them Cry [V2]
(prod. Boi Yanel, Maneesh, Manny Manhattan, O Lil Angel & Skeyez)",Version where the “Sis you gotta be kidding me” line “jumps out” according to notes on an OG tracklist posted by Noel Cadastre.,,,"Jun 4, 2026",Confirmed,Not Available,
ICEMAN [V2],"Make Them Pay
(prod. Ovrkast. & Flywilliums)","Version with a “punch” that needed to be fixed, seemingly referring to a punch in, according to notes on an OG tracklist posted by Noel Cadastre.",,,"Jun 4, 2026",Confirmed,Not Available,
ICEMAN [V2],"Plot Twist [V2]
(prod. AzizTheSnake, FNZ, Hidde, Jeek, London Cyr & Tom Levesque)","Version with quieter vocals, according to notes on an OG tracklist posted by Noel Cadastre.",,,"Jun 4, 2026",Confirmed,Not Available,
ICEMAN [V2],"Whisper My Name
(prod. Azul, b4u, Ben10k, Hidde, London Cyr, Nik D & OZ)","Version with the sample missing at the end, seen on an OG tracklist posted by Noel Cadastre.",,,"Jun 4, 2026",Confirmed,Not Available,
MAID OF HONOUR,"Amazing Shape
(feat. Popcaan) (prod. ZECCA, Max Waller, b4u, Gordo, RIOTUSA & Nathan Butts)",Version with quieter Popcaan vocals according to notes on an OG tracklist posted by Noel Cadastre.,,,"Jun 4, 2026",Confirmed,Not Available,
MAID OF HONOUR,"Cheetah Print
(feat. Sexyy Red) (prod. SkipOnDaBeat, Smash David, Digital Jet, Sean Turk & FASHXN)",Version with more Sexyy Red vocals according to notes on an OG tracklist posted by Noel Cadastre.,,,"Jun 4, 2026",Confirmed,Not Available,
MAID OF HONOUR,Hottie,Possible throwaway seen on an OG tracklist posted by Noel Cadastre.,,,"Jun 4, 2026",Confirmed,Not Available,
MAID OF HONOUR,"Road Trips [V1]
(add. Stunna Sandy & Teezo Touchdown) (prod. Alvaro, Elkan, Gordo, Kid Masterpiece & ZECCA)","Version with a louder sweep, according to notes from 40 on an OG tracklist posted by Noel Cadastre.",,,"Jun 4, 2026",Confirmed,Not Available,
HABIBTI,"Shimmy
(feat. Loe Shimmy) (prod. O Lil Angel, b4u, Jahaan Sweet, Mcevoy & Joseph L'Étranger)
(I'm Spent)",Original version of “I’m Spent” that’s longer by around 40 seconds/8 bars according to notes on an OG tracklist posted by Noel Cadastre.,,,"Jun 4, 2026",Confirmed,Not Available,
HABIBTI,"Slap The City
(feat. Qendresa) (prod. b4u, Lucid & Noel Cadastre)","Version with a “colder” second half, according to notes on an OG tracklist posted by Noel Cadastre.",,,"Jun 4, 2026",Confirmed,Not Available,
HABIBTI,"🎖️ Vital [V2]
(prod. The 25th Hr)","The track ""Vital"" was reworked for HABIBTI (as the album's outro), but was scrapped again. It's unknown what the differences are between the original and the rework.",,,"Jun 4, 2026",Confirmed,Not Available,
For All The Dogs,"Lil Yachty - What Else [V1]
(prod. Cash Cobain)
(Calling For You)","OG Filename: boat ~ what else .4
Snippet leaked by Propkers on October 30th, 2025, being sold not too long after. Another snippet leaked on LCX by Swisha. It's unknown if this or Cash Cobain's version was first.",,,"May 22, 2026",Snippet,High Quality,https://pillows.su/f/70ea1db1dcbf9ecd2f7e6fcdf16044b0
MAID OF HONOUR,"Road Trips [V2]
(add. Stunna Sandy & Teezo Touchdown) (prod. Alvaro, Elkan, Gordo, Kid Masterpiece & ZECCA)","Version of ""Road Trips"" with a beat pause just before Stunna Sandy's part comes in at the beginning. Snippet posted by GORDO on May 16th, 2026.",,,"May 16, 2026",Snippet,Recording,
Certified Lover Boy [V1],"Hugo Mari - ???
(prod. Hugo Mari)
(Classic)","The instrumental for track 7, Classic, from Drake's 2026 album ""HABIBTI"" was initially made in 2018, confirmed by the producer Hugo Mari in an Instagram post celebrating the release of the song. He showed a screenshot of a text message between someone (likely Drake) where he sent a video saying ""[In] 2019 I'm gonna make a beat for Drake, you heard it here first"", and he jokingly said he took seven years to bounce the stems (meaning the beat was recorded on in 2025).",,,"May 15, 2026",Confirmed,Not Available,
ICEMAN [V2],"Future - FINE SHYT
(prod. 9Jay, Southside, Wheezy, DJ Paul & Juicy J)
(Ran To Atlanta)","Original solo demo of the second half of ""Ran To Atlanta"" from ICEMAN. Has a prominent sample of ""Sippin' On Some Syrup"" by Three 6 Mafia.",4:58,"Feb 8, 2026","May 15, 2026",Full,High Quality,https://pillows.su/f/ccc2c46313e14d39925404eaf00d1005
For All The Dogs,Twin Souls,"OG Filename: TWIN SOULS NOEL REF 1
Drake throwaway leaked a day before the release of ICEMAN. Was initially thought to have been an ICEMAN throwaway due to it leaked with multiple ICEMAN era tracks, but file data revealed that the track was actually dated 2023. Has one minute of Drake vocals, the rest of the song is open verse.",3:20,,"May 14, 2026",OG File,CD Quality,https://pixeldrain.com/u/M5KaKiGQ
ICEMAN [V1],"⭐️ Astalavista
(Hasta La Vista)","OG Filename: ASTALAVISTA NOEL REF 1C
ICEMAN throwaway leaked a day before the album's release. Dated June 6th, 2025. Interpolates ""The Real Slim Shady"" by Eminem.",3:24,"Jun 6, 2025","May 14, 2026",OG File,High Quality,https://pixeldrain.com/u/PkA2rpmh
ICEMAN [V1],"⭐ Super Max
(prod. O Lil Angel, Bass Charity & Manny Manhattan)","OG Filename: SUPER MAX NOEL REF 1a
Snippet played by Drake during the ""ICEMAN EPISODE 1"" livestream on YouTube. Song leaked on May 13th, 2026. OG file leaked a day later.",1:55,"Jul 5, 2025","May 14, 2026",OG File,High Quality,https://pillows.su/f/597d2f60102d30c7d977f6dbdefb1827
ICEMAN [V1],"✨ You're Never Home
(prod. zetra & Scro)","OG Filename: zetra scro d+j reference 2nd drum pattern
Drake throwaway leaked on May 14th, 2026. Dated 2025. An experimental melodic, emotional/pop-leaning track with country/pop influences and acoustic/Spanish guitar elements, also has a guitar solo outro. Was initially thought to have been titled ""Zetra Scro"" due to the filename, however ""Zetra Scro"" refers to the producers zetra & Scro. The track is likely titled ""You're Never Home"" due to Drake mentioning it in the beginning of the song. Julia Wolf was likely supposed to record on the track, due to Scro mainly being a producer for Julia Wolf. Has an open verse, presumably for Julia.",4:09,,"May 14, 2026",OG File,CD Quality,https://pixeldrain.com/u/xY7Bagop
ICEMAN [V1],"1AM In Albany
(prod. Boi-1da, DRTWRK, Coop The Truth, Ben Lusher, Ashton Sellar, KACE, Brandon Chase Sr. & Ties)
(Make Them Remember)","OG Filename: 1AM IN ALBANY NOEL REF 1F
ICEMAN track leaked shortly before the album's release. OG file leaked a day later. Later released on ICEMAN on May 15th, 2026 as ""Make Them Remember"".",5:23,"Jan 10, 2025","May 13, 2026",OG File,High Quality,https://pixeldrain.com/u/vf3NaB9B
ICEMAN [V1],✨ 3PM In New Orleans,"ICEMAN track that leaked shortly before the album's release. Mentions the ""20v1"" & Michael Jackson, Prince, Tupac & Biggie Smalls. Has sneak disses towards Kendrick Lamar. Samples an unknown Pimmie song.",2:03,"May 24, 2025","May 13, 2026",Full,CD Quality,https://pillows.su/f/6c73a5fbacc5311f43826984838cf6cf
ICEMAN [V2],"??? [V1]
(prod. Noel Cadastre & Kid Masterpiece)
(Reputation)","Throwaway from the early 2026 ICEMAN sessions. Tagged snippet leaked on May 2nd, 2026 on TikTok alongside a snippet for a KAROL G collaboration.",,,"May 2, 2026",Snippet,High Quality,
MAID OF HONOUR,"Ahí
(feat. KAROL G) (prod. Ovy On The Drums)","Version of KAROL G's 2026 track ""Ahí"" allegedly meant for ICEMAN, due to multiple sources saying KAROL G was on ICEMAN. Was actually likely meant for MAID OF HONOUR as ""Ahí"" does not fit ICEMAN's soundscape whatsoever. Snippet leaked May 2nd, 2026.",,,"May 2, 2026",Snippet,High Quality,
"Honestly, Nevermind","Trance [V2]
(feat. Travis Scott & Young Thug) (prod. Metro Boomin & Allen Ritter)","OG Filename: Trance V1c Mix_Master 6.6.22
Earlier version made 3 days before, has an alternate mix. Leaked by GucciTunes.",3:46,"Jun 6, 2022","Apr 5, 2026",Full,CD Quality,https://pillows.su/f/30cb61a7644c7f452536e7fb95b60804
Thank Me Later,"🎖️ You Know, You Know [V3]
(feat. Kanye West) (prod. Kanye West)
(U Know You Know)","Has vocals from Kanye, who is not featured on the released song. Samples ""Belle of the Earth"" by Manfred Mann's Earth Band and ""How Long Before I'm Gone"" by Ten Wheel Drive. Snippet leaked March 25th, 2026.",,,"Mar 25, 2026",Snippet,High Quality,https://pillows.su/f/17c5d799900dd7995c5bed117b6ef734
Certified Lover Boy [V1],"D4L [V2]
(feat. Future & Young Thug) (prod. Southside)
(D4L Freestyle)","OG Filename: 09 D4L ft. Future & Young Thug - master
Master file for track 9 off Dark Lane Demo tapes. Leaked by flab in Future Tracker alongside several others.",3:09,"Apr 30, 2020","Mar 20, 2026",OG File,Lossless,https://pillows.su/f/6cfd6f5a65ed291f727f47e7c9153410
Certified Lover Boy [V1],"Desires [V2]
(feat. Future) (prod. (prod. D. Hill & Noel Cadastre)","OG Filename 06 Desires ft. Future - master
Master file for the album version of track 6 off Dark Lane Demo tapes. Leaked by flab in Future Tracker alongside several others.",3:57,"Apr 30, 2020","Mar 20, 2026",OG File,Lossless,https://pillows.su/f/c0b9b6c2db95259fca5ce17a544658e1
Certified Lover Boy [V2],"Prototype [V1]
(feat. Vory) (prod. OZ & Deats)
(No Good, Slimed Out Baby)","A version of ""Prototype"" with Vory exists according to a vaulter. Recorded snippet leaked on July 4, 2023 but is now lost. HQ snippet leaked by Propkers on March 11, 2026.",,,"Mar 11, 2026",Snippet,High Quality,https://pillows.su/f/4ac5a34fbab49ead0578dd8197b1dfad
For All The Dogs,"🎖️ ??? [V2]
(Packing Peanuts)","Snippet previewed by Kurrco on February 7th, 2026. Was initially said to be for ICEMAN, but insider JPG later confirmed that it was either for Her Loss or early FATD era. Mentions Serena Williams, Dua Lipa & ScHoolboy Q.",,,"Mar 11, 2026",Snippet,High Quality,https://imgur.gg/f/5nL9VNl
ICEMAN [V2],Make Them Know,"Original version of track 18 from ICEMAN, ""Make Them Know"". Unknown if there are any differences. Snippet leaked on March 11th, 2026.",,,"Mar 11, 2026",Snippet,CD Quality,Link Needed
Thank Me Later,"Jeezy - Lose My Mind (Remix)
(feat. Drake)","OG file for Jeezy (then known as Young Jeezy)'s ""Lose My Mind"" remix with Drake. Leaked on LEAKED.CX, but is seemingly lost now due to the site the uploader used having an upload time limit, meaning files expire after a certain time.",,,"Feb 14, 2026",OG File,CD Quality,Link Needed
Scorpion [V1],"Lil Baby - Yes Indeed [V3]
(feat. Drake) (prod. Wheezy)","OG Filename: Lil Baby- Drake
Version of ""Yes Indeed"" by Lil Baby & Drake with different mixing & more Wheezy tags. 10 seconds shorter than the released version. Leaked on LEAKED.CX.",2:12,,"Feb 12, 2026",OG File,CD Quality,https://pillows.su/f/86b9307fdd754c1be3ca5288d8a5b0f5
100 GIGS,"✨ 150 Freestyle
(Spicy Hot)","OG Filename: 150 FREESTYLE NOEL REF1
100 Gigs era track. Era confirmed by Pop. Leaked by STRAPPED! on Twitter on February 9, 2026. Was also played by DJ Akademiks before that.",2:09,,"Feb 9, 2026",Full,High Quality,https://imgur.gg/f/oaVfrMs
$ome $exy $ongs 4 U,"???
(OUT LOUD)","Snippet previewed by DJ Akademiks on February 5th, 2026. The song was not given to him by Drake, and Drake was upset with Akademiks playing it. Was said to be from ICEMAN, but insider JPG later revealed that any ""ICEMAN"" snippets that DJ Akademiks played on his streams weren't from ICEMAN, and were stuff from 100 GIGS- $$$4U era.",,,"Feb 5, 2026",Snippet,High Quality,Link Needed
Nothing Was The Same,"Kendrick Lamar - The Only Nigga [V2]
(prod. Soop)","OG Filename (Metadata): Klamar_The Only Nigga_Ali Rough 2.0_01
Alternate version of ""The Only Nigga"", unknown what the differences are.",3:05,,"Dec 26, 2025",OG File,CD Quality,
For All The Dogs,"✨ Say She Want A Hubby [V1]
(feat. Chief Keef) (prod. BNYX®, Maneesh, Harley Arsenault, Jdolla, Boi-1da, Fierce & Coleman)
(All The Parties)","OG Filename: Drake x Sosa - Say She Want A Hubby
Version of All The Parties with a Chief Keef verse that didn't make the cut, seemingly under the name 'Say She Want A Hubby'. Has no beat switch. Original snippet was posted by Keef himself on Instagram on October 8th, 2023.",2:07,"Aug 15, 2023","Dec 25, 2025",OG File,High Quality,https://imgur.gg/f/iKgrQxx
MAID OF HONOUR,"Stuck [V2]
(prod. Smash David, Nico Buran, Sean Turk, Gordo, Klahr, LIOHN & ZECCA)","Version of ""Stuck"" previewed by Drake on an Instagram story on December 2nd, 2025. Unknown if there are any changes.",,,"Dec 2, 2025",Snippet,Recording,Link Needed
For All The Dogs,"⭐ K-9 [V3]
(feat. Playboi Carti) (prod. Scott Bridgeway, Nasamadeit, F1LTHY & Glasear)
(READY OR NOT)","OG Filename: K-9 NOEL REF 1
Akademiks stated in a stream on the day MUSIC released that Drake & Playboi Carti had a song that sampled Luther Vandross' cover of 'A House Is Not a Home', Akademiks then asked Drake himself about the song to which he said it was originally meant for FATD. Snippet played by Swamp Izzo in a club on 25/6/25. Originally thought to have Swamp Izzo ad-libs before the leak. Nicknamed ""Slide In"" by the community but later revealed to be called K-9.",4:50,,"Nov 22, 2025",OG File,CD Quality,https://imgur.gg/f/LO2OJfE
ICEMAN [V1],"Julia Wolf - BIG DOG [V1]
(prod. Scro & Julia Wolf)
(DOG HOUSE)","Original demo for ""DOG HOUSE"" by Julia Wolf that was given to Drake. Julia revealed in an interview on the Zach Sang Show on October 27, 2025, that Drake had originally asked her to send him some of her demos, so she began to record over Scro loops. She came up with what ended up becoming ""DOG HOUSE,"" which was originally a longer song, which Drake ended up taking the ending chorus to use for the final track. Drake resonated with it, and Julia did not end up hearing it again until much later. Julia Wolf later fully previewed her vocals from the demo in a TikTok captioned ""chew me up and spit me outtttt!!"" on November 6, 2025. Era unconfirmed.",,,"Nov 6, 2025",Partial,High Quality,https://pillows.su/f/30b8bf9e8a4da24a0e760a66831d19c0
Certified Lover Boy [V2],"⭐️ Forgot I Was Famous [V7]
(feat. Lil Uzi Vert) (prod. Metro Boomin, SAUCEboy, Preme & 40)
(Whitney Always, At The Gates)","OG Filename: 13 Forgot I Was Famous 40 Mix 4 SEQ - master 3
Further version which was given to Drake. Was confirmed to have been track #13 of an early draft of ""Certified Lover Boy"" and was meant to transition info “Knife Talk“, but was removed by request of Lil Yachty due to his beef with Uzi. Mixed by 40. The song was first previewed on September 6, 2021, by a DJ in a bowling alley, then on April 7, 2023 it was played on Drake's OVO Sirius XM/Sound 42 Radio, but with distortion on parts of the song. Dated August 29th, 2021 at approximately 4:39:20PM. Has a piano outro that would later be reused as the outro to ""Knife Talk"" from the released version of Certified Lover Boy, likely because the song got scrapped.",2:17,"Aug 29, 2021","Oct 31, 2025",OG File,High Quality,https://pillows.su/f/cb6546f32ca3dc3baa294eaaaf5dd1d4
Her Loss,"Lil Yachty - BackOutsideBoyz [V1]
(prod. Rio Levya, Dez Wright, Tez Taylor & Lil Yachty)
(BackOutsideBoys)","Solo version of ""BackOutsideBoyz"" which Yachty would later give to Drake for Her Loss. Snippet leaked by Propkers on October 30th, 2025, being sold not long after. It's also been alleged by an inside source that there was also a music video shot for this version by AMD Visuals prior to being given to Drake.",,,"Oct 30, 2025",Snippet,CD Quality,https://pillows.su/f/061c69dda75fb597329e5ddf393ab94f
Certified Lover Boy [V2],"Metro Boomin - Whitney Always [V1]
(feat. Lil Uzi Vert) (prod. Metro Boomin, SAUCEboy, Preme & 40)
(Forgot I Was Famous, At The Gates)","OG Filename: Metro - Whitney Always - Ruff v1 2
First recorded version of ""Forgot I Was Famous"" for Uzi, which doesn't contain Drake's vocals yet. Samples ""I Will Always Love You"" by Whitney Houston, hence the filename. Doesn't feature any unheard takes from already surfaced song, like it was previously believed. Was seemingly left titled after its instrumental at first. Uzi's vocals were recorded August 2021.",3:32,,"Oct 24, 2025",OG File,CD Quality,https://music.froste.lol/song/cc48de17cb39dd50eea24537795081f6
100 GIGS,"National Treasure [V1]
(feat. Pressa) (prod. Boi-1da, OZ, London Cyr, Fierce, Ryan Bakalarczyk & Patron)","Song that was initially previewed as an instrumental during the ""ICEMAN EPISODE 2"" livestream on YouTube, then fully previewed in low quality on a random stream on September 13, 2025. Akademiks later played a high-quality but incomplete and edited version on September 16. Originally made during the 100 GIGS sessions and intended for that release, it was replaced by “No Face” and its music video. Though initially rumored to be given to Pressa, Pop later confirmed it was always Drake’s song. The full file with the uncensored Pressa bars and the outro leaked randomly on Drake's birthday on October 24th, 2025.",2:32,,"Oct 24, 2025",Full,High Quality,https://pillows.su/f/cea6e7806407f78b681e93e85eb24151
Certified Lover Boy [V1],⭐️ Secrets [V1],"OG Filename: Secrets Noel Ref 1C
Throwaway recorded during the CLB sessions. Has an open verse. Mixed by Noel Cadastre. Snippet previewed on 100gigs.org on August 6th, 2024. Initially thought to be CLB [V2] era, but the file is dated 2019.",4:16,2019,"Oct 18, 2025",OG File,CD Quality,https://pillows.su/f/36a6eb09f327123ad2e564146162eed7
For All The Dogs,"For All The Dogs
(ref. BEAM)","OG Filename: Beam - For All The Dogs
BEAM ref. Posted to Dim_crux's Instagram shortly before being removed. ",2:28,,"Oct 18, 2025",Full,CD Quality,https://pillows.su/f/fbabcd1d10df62098564d4c2fed4db11
For All The Dogs,"Forgiven
(ref. Gesco & BEAM)","OG Filename: Gesco & Beam FORGIVEN
Gesco & BEAM ref. Posted to Dim_crux's Instagram shortly before being removed. ",3:56,,"Oct 18, 2025",Full,CD Quality,https://pillows.su/f/2b50cff78ce08b194e6436ef345f62ba
For All The Dogs,"Morning Coffee
(ref. BEAM)","OG Filename: Beam Morning Coffee
BEAM ref. Posted to Dim_crux's Instagram shortly before being removed.",,,"Oct 18, 2025",Snippet,CD Quality,https://pillows.su/f/3cf2456d9035d9e6a118e44625ba8ad6
For All The Dogs,"Med [V1]
(ref. BEAM) 
(Triumph Tower, Trump Tower)","OG Filename: Med - BEAM
BEAM ref. Posted to Dim_crux's Instagram shortly before being removed.",2:33,,"Oct 18, 2025",Full,CD Quality,https://pillows.su/f/d38b1a24222301a6e18407d1a2197874
For All The Dogs,"✨ Trump Tower [V3]
(feat. Central Cee) (prod. Cash Cobain, Frank Rio, VYNK, Dim Crux & Billy Burki)
(Triumph Tower)","OG Filename: Trump Tower - NOEL REF + CC 2
Posted to Dim_crux's Instagram shortly before being removed, presumably an alt mix of the version above.",5:11,,"Oct 18, 2025",Full,CD Quality,https://pillows.su/f/9817007516992356c7933671ed7a38be
For All The Dogs,"⭐ Skies Parted
(feat. Kodak Black) (prod. Tay Keith)
(Pompano Freestyle)","OG Filename: Yak Drake Noel Ref1
Throwaway from the FATD sessions. From late 2022. Originally played at the Area 29 Nightclub in Houston on June 21st, posted to @ab kingdom 's Instagram Story. The full song then leaked two years later in LQ, with CDQ snippets surfacing at around the same time. Then, on September 21st, the song leaked in CDQ with seller tags. The untagged version then leaked immediately after by JonyyBenzz on Discord.",3:25,,"Sep 21, 2025",OG File,CD Quality,https://pillows.su/f/afc6c300ecf825ce1fa1783a3e77661f
Her Loss,"???
(ref. BEAM) (prod. Bugzronin)","Untitled BEAM ref track intended for Drake. Likely recorded for Her Loss, as BEAM helped out on multiple songs from that project.",2:30,,"Sep 20, 2025",Full,High Quality,https://pillows.su/f/35802cfaaeeb7cbda85a126627acf5c9
For All The Dogs,"Triumph Tower [V2]
(feat. Central Cee) (prod. Cash Cobain, Frank Rio, VYNK, Dim Crux & Billy Burki)
(Trump Tower)","OG Filename: Triumph Tower - NOEL REF 1
Posted to Dim_crux's Instagram shortly before being removed. Said to have been made around late 2022 to late 2023. Name confirmed to be Triumph Tower by Pop.",5:04,,"Sep 20, 2025",Full,High Quality,https://pillows.su/f/2686cffa68b97c81fd017caf8c96b616
Nothing Was The Same,"Michael Jackson - It Don't Matter To Me [V2]
(with Paul Anka)
(Don't Matter To Me)","2013 remix by Paul Anka. Short snippets leaked on August 5th, 2025. Another snippet leaked on September 7th, 2025, which was a longer version of an existing snippet.",,,"Sep 7, 2025",Snippet,High Quality,"https://pillows.su/f/4a48c5e29dea89225e31914357186cdd
https://pillows.su/f/e85faa6891b9e2edb03bf2af35ede8cf "
ICEMAN [V1],"DOG HOUSE [V2]
(prod. Smash David, Bosley & BNYX®)
(BIG DOG)","Original mumble freestyle for ""DOG HOUSE"". Played during the ""ICEMAN EPISODE 3"" livestream on YouTube and dropped as a single the next Monday.",,,"Sep 4, 2025",Full,Recording,https://pillows.su/f/e636c1a3fe9111b5a2ad9c5ad98bca41
ICEMAN [V1],"DOG HOUSE [V3]
(with Julia Wolf & Yeat) (prod. Smash David, Bosley & BNYX®)
(BIG DOG)","Song initially teased by a fan in August 2025. Played during the ""ICEMAN EPISODE 3"" livestream on YouTube and dropped as a single the next Monday. This version has a slightly shorter intro compared to release.",2:54,,"Sep 4, 2025",Full,High Quality,https://pillows.su/f/2f5a993a002bb534482546c93a830e2a
ICEMAN [V1],"Iceman
(add. MakeYouKnowLove) (prod. O Lil Angel, Patron, 5EBAS, Joey Ramirez & LAF Collective)
(Make Them Know, Freeze The World)","Instrumental played by Drake during the ""ICEMAN EPISODE 3"" livestream on YouTube. A snippet was originally posted by someone in Drake's camp on August 24th, 2025, raising speculation as to if the snippet was even real or not. Background vocals done by MakeYouKnowLove. Later released on ""Make Them Know"" on ICEMAN.",1:57,,"Sep 4, 2025",Full,High Quality,LINK NOT PROVIDED
ICEMAN [V1],"Stuck [V1]
(prod. Smash David, Nico Buran, Sean Turk, Gordo, Klahr, LIOHN & ZECCA)","Snippet played by Drake during the ""ICEMAN EPISODE 3"" livestream on YouTube.",,,"Sep 4, 2025",Partial,Recording,https://pillows.su/f/4c7da6fde5c2625826d55c60cf53d4b6
ICEMAN [V1],"That's Just How I Feel
(prod. London Cyr, Alex Lustig, b4u, O Lil Angel, Manny Manhattan, Geminichxld & Angel Hue)","Song played by Drake during the ""ICEMAN EPISODE 3"" livestream on YouTube. Many parts of this track were later reused on ""Janice STFU"".",3:43,,"Sep 4, 2025",Full,High Quality,LINK NOT PROVIDED
ICEMAN [V1],🏆 ???,"Beat played during the ""ICEMAN EPISODE 3"" livestream on YouTube. Drake has very likely recorded on it.",,,"Sep 4, 2025",Beat Only,CD Quality,https://pillows.su/f/94ba849aed98359f3b70305445400733
ICEMAN [V1],???,"Beat played during the ""ICEMAN EPISODE 3"" livestream on YouTube.",,,"Sep 4, 2025",Beat Only,CD Quality,https://pillows.su/f/479a302b6f1f40f793a54398cec9a116
ICEMAN [V1],🎖️ ???,"Beat played during the ""ICEMAN EPISODE 3"" livestream on YouTube. Drake has very likely recorded on it.",,,"Sep 4, 2025",Beat Only,CD Quality,https://pillows.su/f/99e73ecd787dfd4e9db42bb63ef9ab22
ICEMAN [V1],"✨ ???
(prod. Patron)
(Lake Como)","Freestyle by Drake, made during the ""ICEMAN EPISODE 3"" livestream on YouTube. The official name for the track is not yet confirmed. It's unknown if Drake ever recorded a studio version of this track.",4:00,,"Sep 4, 2025",Full,Recording,https://pillows.su/f/3e0c0b291476a64afa6162030623128e
100 GIGS,"Yeat - as we speak [V3]
(feat. Drake) (prod. Synthetic, Perdu, Radiate, LRBG, sharkboy, yourbabymind, Aidan McDougall & Caleb Bryant)
(As We Speak, As we speak)","First final version of track 7 on 2093 (P2), ""As We Speak"" featuring Drake.",,,"Aug 31, 2025",Confirmed,Not Available,Source Needed
100 GIGS,"Yeat - as we speak [V4]
(feat. Drake) (prod. Synthetic, Perdu, Radiate, LRBG, sharkboy, yourbabymind, Aidan McDougall & Caleb Bryant)
(As We Speak, As we speak)","Second final version of track 7 on 2093 (P2), ""As We Speak"" featuring Drake.",,,"Aug 31, 2025",Confirmed,Not Available,Source Needed
100 GIGS,"Yeat - as we speak [V5]
(feat. Drake) (prod. Synthetic, Perdu, Radiate, LRBG, sharkboy, yourbabymind, Aidan McDougall & Caleb Bryant)
(As We Speak, As we speak)","First master for track 7 on 2093 (P2), ""As We Speak"" featuring Drake.",,,"Aug 31, 2025",Confirmed,Not Available,Source Needed
100 GIGS,"Yeat - as we speak [V6]
(feat. Drake) (prod. Synthetic, Perdu, Radiate, LRBG, sharkboy, yourbabymind, Aidan McDougall & Caleb Bryant)
(As We Speak, As we speak)","OG Filename: as we speak ft drake FINAL 2_MST II
Second and final master for track 7 on 2093 (P2), ""As We Speak"" featuring Drake. Filename leaked on August 31, 2025.",4:00,,"Aug 31, 2025",Confirmed,Not Available,Source Needed
For All The Dogs,"🎖️ Young Thug - P-Top [V2]
(feat. Drake) (prod. Metro Boomin)","Young Thug song featuring Drake played over jail phone to Thug while he was in prison, snippet leaked 8/29/25 along with a bunch of of other Young Thug jail calls. Was recorded alongside his features for ""Parade on Cleveland"" and ""Oh U Went"", and intended to release on Thug's scrapped singing album ""Love You Later"".",,,"Aug 29, 2025",Partial,Low Quality,https://www.reddit.com/r/Drizzy/comments/1n4ges0/new_drake_x_young_thug_through_a_jail_phone_lol/
ICEMAN [V1],"🏆 ???
(prod. Conductor Williams)","Conductor Williams said in an interview while discussing ""Fighting Irish Freestyle"" that he has more songs with Drake in the tuck. It's unknown if Drake worked on these collaborations post-rework.",,,"Aug 4, 2025",Confirmed,Not Available,https://www.youtube.com/embed/j7t9CYk584M
Nothing Was The Same,"✨ Tyga - Playing [V1]
(prod. Boi-1da & OB O'Brien)
(Energy)","Original version of Energy that belonged to Tyga, has a less developed instrumental than Drake's version but is fully finished vocally. Leaked on 25/6/2025 as a bonus for a groupbuy for the Kanye song 'Diamonds and Dollars'. File cuts and loops near the end so this may not be the real bounce",~1:48,,"Jul 25, 2025",Full,CD Quality,https://pillows.su/f/cfbb73924f734c9a9bbf0d535bb1875e 
ICEMAN [V1],"Playboi Carti - K-9 [V4]
(with Drake) (add. DJ Swamp Izzo) (prod. Scott Bridgeway, Nasamadeit, F1LTHY & Glasear)
(Slide In)","Updated version of 'K-9', with Swamp Izzo tags and sound effects. This version was played by Swamp Izzo in a club on July 25, 2025. Most likely on BABYBOI.",,,"Jul 25, 2025",Partial,Recording,http://music.froste.lol/song/480cb6944ec859df52de9b49d7745755/play
ICEMAN [V1],"Which One
(prod. OZ, b4u & O Lil Angel)","Original freestyle for ""Which One"". Played during the ""ICEMAN EPISODE 2"" livestream on YouTube.",,,"Jul 4, 2025",Partial,Recording,LINK NOT PROVIDED
ICEMAN [V1],"Rod Wave - Best Friends
(feat. Drake)","Snippet posted on Twitter by Kurrco, which cuts off at the beginning of Rod Wave's verse. For unknown reasons, the track missed the cut on Rod Wave's album 'Last Lap', which released nearly a month later. Leaked in full on June 29th, 2025 (after a successful blind groupbuy). Contains a sample of 'Strange Things', written by Audrey Martells, Takako Hirasawa, Vini Miranda, & Warren McRae (and performed by DOUBLE). Recorded on October 13th, 2024, according to the person that leaked the track (ItsPV).",4:12,"Oct 13, 2024","Jun 29, 2025",Full,High Quality,https://pillows.su/f/9b50493b018b95092195b2b4b1e268c7
Thank Me Later,"Kanye West - Flashing Lights (Remix)
(feat. Connie Mitchell) (prod. Kanye West, Eric Hudson, Larry Gold & No ID)","Remix of ""Flashing Lights"" from Graduation with production later reused on ""Flashing Lights 2"". The drums were reworked into Drake's ""Find Your Love"" and into tour versions of ""Flashing Lights"" that were performed in 2009 and 2010. Beat stems leaked April 26th 2025.",,,"Apr 26, 2025",Partial,Recording,"https://pillows.su/f/3f2573b75f141607508daf6c2cd1f33b
https://pillows.su/f/5cfa33f29a0a80889ab5c43ec9471742
https://www.youtube.com/watch?v=GdG1Ufs-5Og&t=19s https://www.youtube.com/watch?v=-NY5jl6EHb0 https://youtu.be/ewqaiaDLYZ4?t=420 https://www.youtube.com/watch?v=rGL7_786UQU"
Nothing Was The Same,"Kanye West - Turn Me Down [V1]
(prod. Karreim Riggins)
(30 Hours)","OG Filename: KW - K Riggins - Turn Me Down (12.10.12)
Original 2012 instrumental for what would later become ""30 Hours"". Falsely rumored to be named ""Paper Thin Lover"", before that was disproven.",2:17,"Dec 20, 2012","Apr 26, 2025",OG File,CD Quality,https://pillows.su/f/4a61d958140ed7c03490dac7d3eab7e1
Views [V2],"🏆 Invincible
(feat. Rihanna)
(9)","Potential original version of the ending of 9, off of 'Views'. Both snippets were present on LEAKED.CX for quite some time (prior to mid 2024). Neither have Drake lyrics present. The feature being Rihanna is NOT confirmed, though many do argue that it is her. The only reason this entry is here is that the productions and vocals are extremely high quality. This does not mean it's official, however if it is a fake, it is EXTREMELY well done (professional engineering, etc.)",,,"Apr 7, 2025",Snippet,Recording,"https://pillows.su/f/8cfdd40ae69b55f714f5341547154311
https://pillows.su/f/495b6285d461cdde1f53c9c030dfde94"
Certified Lover Boy [V1],"Waiting To Exhale
(feat. 21 Savage)","OG Filename (Metadata): 21 SAVAGE X DRAKE Waiting To E
Throwaway from the CLB sessions. Metadata reveals that the song was recorded in January 2020. Leaked after a successful groupbuy.",3:03,Jan 2020,"Apr 6, 2025",Full,High Quality,https://pillows.su/f/9f955b7da92ca5bee845c2ca362b7be6
For All The Dogs,"⭐ Bal Harbour
(Shopping Spree)","A throwaway from 'For All The Dogs' seen scribbled out in an OG tracklist posted by Drake on October 7th. Samples ""Get Money"" by Junior M.A.F.I.A.. Snippet leaked on LEAKED.CX on March 31st, 2025, before fully leaking shortly after. Has an open verse.",2:50,,"Apr 6, 2025",Full,High Quality,https://pillows.su/f/af64d2196b3dab8d9d95c7e2a925ddb4
Her Loss,"⭐ Cheerios
(prod. Tay Keith & DJ Meech)
(Ton Of Em)","OG Filename: CHEERIOS NOEL REF 1
Throwaway from the Her Loss sessions originally thought to be FATD era. Snippet played at a Vancouver club and posted to @photobyastral's Instagram Story on August 31st, 2023. HQ snippet leaked on April 1st, 2025. A groupbuy was held for it but was eventually forceleaked on April 5th, 2025. Encoded with LAME 3.100.4. According to Pop, 21 Savage was meant to record for this but didn't.",2:15,,"Apr 5, 2025",OG File,CD Quality,https://pillows.su/f/690bfc6a22b0d016df9158dea3e4b89d
$ome $exy $ongs 4 U,"BRIAN STEEL
(prod. Harley Arsenault & nyan)","In an original tracklist posted by Drake on March 7th, 2025, it shows that BRIAN STEEL was originally slower by 2 BPM.",,,"Mar 7, 2025",Confirmed,Not Available,Source Needed
$ome $exy $ongs 4 U,"CELIBACY
(prod. Noel Cadastre & Kid Masterpiece)","In an original tracklist posted by Drake on March 7th, 2025, it shows that CELIBACY was originally slower by 2 BPM.",,,"Mar 7, 2025",Confirmed,Not Available,Source Needed
$ome $exy $ongs 4 U,"CN TOWER
(prod. Kid Masterpiece, Noel Cadastre & Prep Bijan)","In an original tracklist posted by Drake on March 7th, 2025, it shows that CN TOWER was originally slower by 2.5 BPM.",,,"Mar 7, 2025",Confirmed,Not Available,Source Needed
$ome $exy $ongs 4 U,"CRYING IN CHANEL [V1]
(prod. DJ LEWIS, O Lil Angle, Noel Castrade, DJ LEWIS & Prodbyty)","In an original tracklist posted by Drake on March 7th, 2025, it shows that CRYING IN CHANEL was originally slower by 0.5 BPM.",,,"Mar 7, 2025",Confirmed,Not Available,Source Needed
$ome $exy $ongs 4 U,EYES ON THE ROAD [V1],"Original version of the $$$4U throwaway ""EYES ON THE ROAD"". Was originally slower by 2 BPM. Seen in an original tracklist posted by Drake on March 7th, 2025.",,,"Mar 7, 2025",Confirmed,Not Available,Source Needed
$ome $exy $ongs 4 U,EYES ON THE ROAD [V2],"Throwaway from the $$$4U sessions. Seen in an original tracklist posted by Drake on March 7th, 2025.",,,"Mar 7, 2025",Confirmed,Not Available,Source Needed
$ome $exy $ongs 4 U,"GIMME A HUG [V1]
(prod. GORDO, Richard Zestenker, Johannes Klahr, Simon Hessman, Kid Masterpiece & Noel Cadastre)","In an original tracklist posted by Drake on March 7th, 2025, it shows that GIMME A HUG was originally slower by 2 BPM.",,,"Mar 7, 2025",Confirmed,Not Available,Source Needed
$ome $exy $ongs 4 U,"GREEDY
(prod. Kid Masterpiece, Noel Cadastre & Harley Arsenault)
(TEXAS TINT)","In an original tracklist posted by Drake on March 7th, 2025, it shows that GREEDY was originally slower by 2 BPM.",,,"Mar 7, 2025",Confirmed,Not Available,Source Needed
$ome $exy $ongs 4 U,HEAVEN'S BALLAD [V1],"Original version of the $$$4U throwaway ""HEAVEN'S BALLAD"". Was originally slower by 1.5 BPM. Seen in an original tracklist posted by Drake on March 7th, 2025.",,,"Mar 7, 2025",Confirmed,Not Available,Source Needed
$ome $exy $ongs 4 U,HEAVEN'S BALLAD [V2],"Throwaway from the $$$4U sessions. Seen in an original tracklist posted by Drake on March 7th, 2025.",,,"Mar 7, 2025",Confirmed,Not Available,Source Needed
$ome $exy $ongs 4 U,"LASERS [V1]
(prod. Niko, 29 Millions & Scandi)","In an original tracklist posted by Drake on March 7th, 2025, it shows that LASERS was originally slower by 1 BPM.",,,"Mar 7, 2025",Confirmed,Not Available,Source Needed
$ome $exy $ongs 4 U,"MEET YOUR PADRE
(feat. Chino Pacas) (prod. DJ LEWIS, O Lil Angel, JoP & Jose M De Luna)","In an original tracklist posted by Drake on March 7th, 2025, it shows that MEET YOUR PADRE was originally slower by 1.5 BPM.",,,"Mar 7, 2025",Confirmed,Not Available,Source Needed
$ome $exy $ongs 4 U,"OMW
(prod. Noel Cadastre)","In an original tracklist posted by Drake on March 7th, 2025, it shows that ONW was originally slower by 2 BPM.",,,"Mar 7, 2025",Confirmed,Not Available,Source Needed
$ome $exy $ongs 4 U,"RAINING IN HOUSTON
(prod. Kid Masterpiece & Noel Cadastre)","In an original tracklist posted by Drake on March 7th, 2025, it shows that RAINING IN HOUSTON was originally slower by 2 BPM.",,,"Mar 7, 2025",Confirmed,Not Available,Source Needed
$ome $exy $ongs 4 U,"SOMEBODY WHO LOVES ME
(prod. DJ LEWIS, O Lil Angel & WONDRA030)
(SOMEBODY LOVES ME)","In an original tracklist posted by Drake on March 7th, 2025, it shows that SOMEBODY LOVES ME was originally slower by 3 BPM.",,,"Mar 7, 2025",Confirmed,Not Available,Source Needed
$ome $exy $ongs 4 U,"SOMETHING ABOUT U
(prod. nyan, Kiyoshi, London Cyr, Vawn, Livewire & Reemz)
(SOMETHING ABOUT YOU)","In an original tracklist posted by Drake on March 7th, 2025, it shows that SOMETHING ABOUT YOU was originally slower by 1.5 BPM.",,,"Mar 7, 2025",Confirmed,Not Available,Source Needed
$ome $exy $ongs 4 U,"SPIDERMAN SUPERMAN
(prod. DJ LEWIS, O Lil Angel & Noel Castrade)
(SPIDER-MAN SUPERMAN)","In an original tracklist posted by Drake on March 7th, 2025, it shows that SPIDER-MAN SUPERMAN was originally slower by 1.5 BPM.",,,"Mar 7, 2025",Confirmed,Not Available,Source Needed
$ome $exy $ongs 4 U,THURSDAY NIGHT,"Throwaway from the $$$4U sessions. Seen in an original tracklist posted by Drake on March 7th, 2025.",,,"Mar 7, 2025",Confirmed,Not Available,Source Needed
If You're Reading This It's Too Late,"Royce Da 5'9"" - Mr. Rapper [V2]
(feat. Action Bronson & ???) (prod. Just Blaze)
(Reminder, Bullets Don't Tickle)","OG Filename: Mr Rapper (AB Version)
Mr. Rapper was spotted on the June 2014 tracklist with it saying ""AB"" (Action Bronson) version. Snippet was posted on leaked.cx meaning it is in circulation. Unknown if the version in circulation is with Action Bronson or the possible V5 seen on the list of songs from Crooked.",,,"Feb 19, 2025",Snippet,CD Quality,https://pillows.su/f/e120c830fe01d3a9509cc2e7e4d00e5b
$ome $exy $ongs 4 U,"✨ ???
(feat. OnlyHeaven)","Previewed by Drake via his alternate Instagram account @plottttwistttttt on February 18th with the caption “No $$$AMPLE CLEARANCE for my goat"". The track features vocals from New Orleans bounce rapper OnlyHeaven exclusively. In an interview, OnlyHeaven said ""He reached out. I can't talk too much about it, but he saw my video for ""In Here"" on WorldStar. He wanted me to do something for his album with PARTYNEXTDOOR. We did something, and he really wanted it to be on his album, but things happen.""",2:08,,"Feb 18, 2025",Full,High Quality,https://pillows.su/f/d28e377bf95d01c523b8ef5297bc7430
Scorpion [V1],"✨ Gunna - Faygo Creme
(feat. Drake) (prod. Wheezy, Aviator Keyyz, & CuBeatz)
(Playing with Racks)","OG Filename: GUNNA Faygo Creme Ref 1
Open verse demo from 2018. The beat and Drake verse were later used in Quavo - ""FLIP THE SWITCH"". An edit entitled ""Playing with Racks"" with the open verses removed leaked as a bonus in a successful $1,500 groupbuy for ""Choppa Pillow"".",3:33,,"Jan 15, 2025",OG File,CD Quality,https://pillows.su/f/d8bf4daea7266aa42c285a6ccabea1e8
ICEMAN [V1],"✨ Fighting Irish Freestyle
(prod. Conductor Williams & Mario Luciano)","One-off freestyle by Drake. Mentions the lawsuit & LeBron James attending Kendrick Lamar's The Pop Out performance. Posted to Instagram by Conductor Williams, who produced the track with the caption: ""Snipp from the 3rd episode of my signature blends series ... Peace to @champagnepapi !! Lil bop me and @marioluciano425 made. This will not come out on dsp.. we ain't even record the song. Just some thoughts from Drake"". Was removed from Instagram shortly after. A lesser quality version was posted to the Instagram of Canadian freelance photographer Cindy Jorgji on January 3rd.",2:57,,"Jan 5, 2025",Full,Low Quality,https://pillows.su/f/7d296ef383584dcf884a6b38f1c100d6
$ome $exy $ongs 4 U,"CRYING IN CHANEL [V2]
(prod. DJ LEWIS, O Lil Angle, Noel Castrade, DJ LEWIS & Prodbyty)","Original version of ""CRYING IN CHANEL"". Has slight differences from the released version such as a different key. Might be the version from the tracklist posted by Drake on March 7th, 2025, but this is not confirmed. Snippet leaked January 3rd, 2025.",,,"Jan 3, 2025",Snippet,CD Quality,https://pillows.su/f/fc12561c42be636d8178236d1a1b0515
$ome $exy $ongs 4 U,"GIMME A HUG [V2]
(prod. GORDO, Richard Zestenker, Johannes Klahr, Simon Hessman, Kid Masterpiece & Noel Cadastre)","Original version of ""GIMME A HUG"". Has slight differences from the released version such as a different key. Might be the version from the tracklist posted by Drake on March 7th, 2025, but this is not confirmed. Snippet leaked January 3rd, 2025.",,,"Jan 3, 2025",Snippet,CD Quality,https://pillows.su/f/4a08540078e97b54f2fa252f3460745a
$ome $exy $ongs 4 U,"LASERS [V2]
(prod. Niko, 29 Millions & Scandi)","Original version of ""LASERS"". Has slight differences from the released version. Might be the version from the tracklist posted by Drake on March 7th, 2025, but this is not confirmed. Snippet leaked January 3rd, 2025.",,,"Jan 3, 2025",Snippet,CD Quality,https://pillows.su/f/6d883e34830b71e565a1ebf29f3ac759
100 GIGS,"Yeat - As We Speak [V2]
(prod. Synthetic, Perdu, Radiate, LRBG, sharkboy, yourbabymind, Aidan McDougall & Caleb Bryant)","OG Filename: As we speak W_O drake FINAL _1 MST I
Master for track 7 on 2093 (P2), ""As We Speak,"" seemingly without Drake, which was originally on an original 2093 tracklist. Drake likely sent in a verse late, causing the track to get pushed onto P2. Filename leaked on December 28, 2024.",,,"Dec 28, 2024",Confirmed,Not Available,Source Needed
Wolves,"Yoga Flame [V2]
(prod. 40, Boi-1da, Ging & Sevn Thomas)
(Pop Style)","OG Filename: yoga flame noel ref 2
Original Drake version of ""Pop Style"" that Kanye recorded over. Mixed by Noel Cadastre. Partial snippet originally leaked November 21st, 2023. File is dated 2016.",2:19,2016,"Dec 17, 2024",OG File,CD Quality,https://pillows.su/f/119348350d721262bd753bfab7f859c5
Wolves,"FRIENDFLIP
(prod. Maneesh)","OG Filename: FRIENDFLIP 77
Beat meant for the Wolves sessions. It is unknown if Drake or Kanye actually recorded on it though. Leaked as a bonus for the 38 minute version of the VULTURES 2 throwaway ""THIRSTY"" on 12/15/24. Used by J. Cole for his album ""The Fall Off"" 10 years later.",3:46,,"Dec 15, 2024",Beat Only,CD Quality,https://pillows.su/f/0297ec300f2edab70c243fec70832720
Wolves,"Precon
(prod. Maneesh)","OG Filename: Precon 80 Am
Beat meant for the Wolves sessions. It is unknown if Drake or Kanye actually recorded on it though. Leaked as a bonus for the 38 minute version of the VULTURES 2 throwaway ""THIRSTY"" on 12/15/24.",1:03,,"Dec 15, 2024",Beat Only,CD Quality,https://pillows.su/f/95d64a39a96fe4f262c71656f94f527b
Wolves,"Rasp
(prod. Maneesh)","OG Filename: Rasp 77 Dm
An instrumental shown to Kanye in the Wolves sessions with Drake. Was rebounced by the producer in 2018. Unknown if Kanye or Drake recorded.",1:30,,"Dec 15, 2024",Beat Only,CD Quality,LINK NOT PROVIDED
Wolves,"✨ Sail [V2]
(prod. 40 & Maneesh)","OG Filename: Sail nd no 808
Beat meant for the Wolves sessions. It is unknown if Drake or Kanye actually recorded on it though. Leaked as a bonus for the 38 minute version of the VULTURES 2 throwaway ""THIRSTY"" on 12/15/24.",1:20,,"Dec 15, 2024",Beat Only,CD Quality,https://pillows.su/f/cd92b7837a548ce5bfa8c79703a1b683
Scorpion [V1],"Kanye West - Yikes [V3]
(prod. Kanye West)","Version which features completely different production from an unknown producer and Kanye doing Drake's hook. Unknown whether Drake is on this version. Version played by Consequence on live November 29th, 2024.",,,"Nov 29, 2024",Snippet,Recording,https://pillows.su/f/6736c658343c6c99ad5af76e8cca2d27
100 GIGS,"Uuugly [V3]
(add. Camila Cabello) (prod. Kid Masterpiece)
(Trying Me)","Demo of ""Uuugly"" from Camila Cabello's ""C, XOXO"" album with rough production and a different mix and less reverb on the vocals.",1:55,,"Nov 23, 2024",Full,Lossless,https://pillows.su/f/562862e1029279ac449d4f7f4d5d6adc
"Honestly, Nevermind","Kanye West - WAIT 4 U [V7]
(feat. Future & Tems) (prod. Kanye West & Ojivolta)
(WAIT FOR U)","OG Filename: W4U - ojivolta prod (more major dly)
Seen on a tracklist for Kanye West's Donda 2 album from February 13th, 2022 in an '8AM meeting' folder. Would later release on Future's album I NEVER LIKED YOU without Kanye & Ojivolta's production and with a verse from Drake. Confirmed by producer ATL Jacob that Ye ""changed up production including the whole beat"". However Jacob said that it was terrible even Future hated it as well. Ye had told Jacob that he wanted to put out his version of the song after the song released. Future's second verse was later reused on DJ Khaled's 2022 track ""BEAUTIFUL"" with SZA. Leaked as a bonus for the ""THIRSTY' groupbuy.",3:06,"Feb 13, 2022","Nov 18, 2024",OG File,CD Quality,https://pillows.su/f/0d89381c72b849c108e1388a0eb5aafd
100 GIGS,"No Face
(feat. Playboi Carti) (prod. OZ & London Cyr)","OG Filename: No Face London Cyr Carti 1
Posted by Drake's burner account ""plottttwistttttt"" to IG on August 23rd, 2024 alongside two other tracks. Includes different mixing from the final version and a few lines and adlibs from Playboi Carti that were removed from the final version likely due to Carti not clearing it in time. OG file later surfaced on LEAKED.CX.",2:32,,"Nov 1, 2024",OG File,CD Quality,"https://pillows.su/f/1ce79a634589a647bab8734cf618b084
OG File Link Needed"
100 GIGS,"No Face [Clean]
(feat. Playboi Carti) (prod. OZ & London Cyr)","OG Filename: 9 NO FACE CLEAN
OG file for a clean version of ""No Face"". Probably the most useless OG file of all time. Surfaced on LEAKED.CX alongside the original OG file.",,,"Nov 1, 2024",OG File,CD Quality,Link Needed
ICEMAN [V1],"Plot Twist [V1]
(prod. AzizTheSnake, FNZ, Hidde, Jeek, London Cyr & Tom Levesque)","Initially thought to be a collaboration with French-British rapper Octavian after a snippet was released on August 27th, but was later confirmed by Octavian to be a solo unreleased Drake song he played during a DJ set in March. A second snippet was previewed at a club for Drake's birthday on October 24th. Later released on ""ICEMAN"" on May 15th, 2026.",,,"Oct 24, 2024",Snippet,Recording,https://pillows.su/f/15dbf47f89cbfd9f827f7aa5beede965
ICEMAN [V1],"Chino Pacas - Modo Capone
(feat. Drake & Fuerza Regida)","Drake feature confirmed when Chino Pacas posted on Instagram October 9th, 2024. Feature list showed Drake and Fuerza on the song Modo Capone, which translates to Capone Way (Capone is a reference to a certain guy...). The first link is the snippet, the second is the tracklist and music video, and the third is a low quality rip (sounds fine though, however).",,,"Oct 9, 2024",Snippet,High Quality,"https://www.instagram.com/p/DA9dHlque9b/?hl=es-la
https://www.instagram.com/p/DA4h3HESF1N/?hl=es-la&img_index=1
https://pillows.su/f/f44b7e1881fd31a75eb1a8670faa2f65"
$ome $exy $ongs 4 U,"NOKIA [V3]
(ref. Elkan) (prod. Elkan)","Version featured in a privated YouTube video titled ""Sample Sessions Ep. 10: Romeo Must Die (with Elkan)"" by AYN Sounds on October 5th, 2024. Sounds more similar to the released version. The snippet resurfaced in April 2025 with people stupidly saying that Drake ""stole the song from Elkan"".",,,"Oct 5, 2024",Snippet,High Quality,
ICEMAN [V1],"Lil Durk - DISCONTINUING WOKHARDT
(feat. Drake) (prod. Southside, Hendrix Smoke, TooDope & I Project)","OG Filename: DISCONTINUING WOKHARDT ft. Drake (FINAL) MD
A picture posted by one of Lil Durk's friends on September 2nd, 2024 showed the collab existed. In the image, the title name ""DISCONTINUING WOKHARDT ft. Drake (FINAL) MD"" can be seen, suggesting the song is finished. September 4th, Adin Ross previews the snippet live. Second snippet leaked by Lil Durk himself on September 6th. Could've appeared on Durk's album 'Deep Thoughts', which was originally due for release in mid-October 2024.",,,"Sep 6, 2024",Snippet,Recording,https://pillows.su/f/ca02563bdce17edd5190cd7102176e82
It's Never Enough,"Kanye West & JAŸ-Z - Whole Lifetime [V2]
(feat. Shire) (prod. Hit-Boy)
(Not Enough Time)","Song listed on an early Watch The Throne tracklist given out by music insider blog ""The DOTR"". Nothing was known about the track until Insurge played Auger96 a significant portion of it during a livestream on August 26th 2024.",,,"Aug 27, 2024",Partial,Recording,https://pillows.su/f/272baeddfbd0703a3b2ab1e24aae3fa5
Nothing Was The Same,"🏆 Fight That Feeling
(prod. 40) ","Throwaway from the NWTS sessions. Previewed in videos uploaded to 100gigs.org on August 25th, 2024.",,,"Aug 25, 2024",Partial,Recording,"https://pixeldrain.com/u/fK9SeXBs
https://files.catbox.moe/bjaaj3.mp4
https://files.catbox.moe/qs15cy.mp4
https://files.catbox.moe/elnlq1.mp4"
Nothing Was The Same,Impatient,Uploaded to 100gigs.org on 25th August.,,,"Aug 25, 2024",Partial,Recording,"https://files.catbox.moe/rwk1u7.mp4
https://files.catbox.moe/r3a0ay.mp4"
Nothing Was The Same,"James Blake [V1]
(prod. Nineteen85)","Drake mentioned in footage from 100gigs.org that he wanted Paul/Nineteen85 to make the production ""dirtier"", meaning there's likely a version of this track with lighter production.",,,"Aug 25, 2024",Confirmed,Not Available,
Nothing Was The Same,"🎖️ James Blake [V2]
(prod. Nineteen85)","In NWTS-era footage from 100gigs.org (the same footage where an early tracklist for Nothing Was The Same was shown with ""James Blake"" written as a working title for the song, alongside the track Hit Boy, later named Trophies), Drake talked about how a producer named Paul (likely referring to Nineteen85) ""went crazy"" regarding a sample flip he did of a James Blake sample for NWTS.",,,"Aug 25, 2024",Confirmed,Not Available,
Nothing Was The Same,"Paul Beat
(prod. Nineteen85)","Seen on an early tracklist for NWTS. ""Paul"" could be referring to frequent Drake collaborator and producer, Nineteen85.",,,"Aug 25, 2024",Confirmed,Not Available,
Nothing Was The Same,"Hit Boy [V2]
(prod. Hit-Boy)
(Trophies)","Early version of Trophies with an alternate version of the beat and an early version of Drake's first verse. Seemingly went under the working title ""Hit Boy"" on tracklists. Found in the NWTS-era footage from 100gigs.org.",,,"Aug 25, 2024",Snippet,Recording,
Nothing Was The Same,"🎖️ ???
(prod. 40)
(Actin Crazy)","The beat for ""Actin Crazy"" by Action Bronson was made for Nothing Was The Same, and Drake said in NWTS-era footage from 100gigs.org that he wanted to get Kendrick Lamar on the song, but it's unknown if he or Kendrick ever recorded anything.",,,"Aug 25, 2024",Snippet,Recording,"https://pillows.su/f/f88a0424e41f01c510c688dfdc63f389
https://pillows.su/f/cedc15910ed9a7ca3ad840d03265479f"
100 GIGS,"Circadian Rhythm
(prod. Gordo, London Cyr, Ben 10k & Eli Brown)","OG Filename: Circadian Rhythm - Drake
Posted by Drake's burner account ""plottttwistttttt"" to IG on August 23rd, 2024 alongside two other tracks. Includes different mixing from the final version.",2:06,,"Aug 23, 2024",OG File,CD Quality,https://pillows.su/f/b9e546fd1f822e6a62cba349a235cdcf
100 GIGS,"SOD [V2]
(prod. SkipOnDaBeat)
(Super Soak)","OG Filename: SOD - Drake
DJ Akademiks first reported Drake was planning to release ""SOD"" with Lil Yachty removed alongside a music video. The track was posted by Drake's burner account ""plottttwistttttt"" to IG on August 23rd, 2024, along with ""Circadian Rhythm"" and ""No Face"". Notably released without Yachty and a new verse to replace him.",3:22,,"Aug 23, 2024",OG File,CD Quality,https://pillows.su/f/0efdfc5364904df67b9af21b3aa60ba5
Thank Me Later,"Alicia Keys - Un-Thinkable (I'm Ready)
(ref. Drake) (prod. Krucial & 40)","Reference track for ""Un-Thinkable (I'm Ready)"" by Alicia Keys. Some backing vocals from Drake appear on the final track, likely taken from this ref. Drake also later recorded a remix for the song.", ,,"Aug 13, 2024",Snippet,Low Quality,https://pillows.su/f/69906c2871d9ad45938ec43c1b21c262
Views From The 6ix [V1],"Usher - Slow Motion [V1]
(prod. Pop & Oak)
(Far From Perfect)","Initial demo of 'Slow Motion', recorded before the song was sent to Drake.",3:46,2014,"Aug 13, 2024",Full,High Quality,Link Needed
Views [V2],"Kanye West - 30 Hours [V7]
(ref. Consequence) (prod. Karriem Riggins & ???)","Consequence reference track. Has some of the lyrics that would go on to used in the final version, as well as a beat switch. Snippets played by Consequence on Instagram lives.",,,"Aug 11, 2024",Partial,Recording,"https://pillows.su/f/65ade15173e4d367fbe2afbcfdc851cf
https://pillows.su/f/f2ff167142e80d4230f2fca6ac0516a5"
100 GIGS,"Yeat - familia
(feat. Drake) (prod. BNYX®, dulio & Farsight)","Rumored original version of track 17 on Yeat's 2024 album 2093, ""Familia"" with a scrapped feature from Drake. Yeat-affiliated Instagram fanpage @yeatupdates teased on February 15, 2024, a day ahead of release that Drake would be on ""Familia,"" however he did not appear on the final tracklist, with the messages leaking on August 8, 2024. Unconfirmed whether he was taken off last minute, or if the feature was planned but never recorded.",,,"Aug 8, 2024",Rumored,Not Available,https://api.pillows.su/api/get/29bf573509f1242e6455f6dd87950591.jpg
$ome $exy $ongs 4 U,"🎖️ ???
(DISSAPOINTED)","Snippet from the Drake x PARTYNEXTDOOR album previewed at a club on August 7th, 2024. First link is a video of the snippet, second is the download for a low quality rip.",,,"Aug 7, 2024",Snippet,Recording,"https://x.com/ShottaSV/status/1821240452567191642
https://pillows.su/f/705e211913166000c73b573046ec97e8"
Thank Me Later,"Fancy [V2]
(feat. Swizz Beatz) (prod. Swizz Beatz & 40)
(Fancy Girls)","OG Filename: 6 Fance TML WORKING SESSION 3
Recording of an early version included on 100gigs.org, features a different verse along with Drake doing some of Swizz lines, unsure if this version features T.I. or not. Filename misspells ""Fancy"" as ""Fance"".", ,,"Aug 6, 2024",Partial,Recording,Link Needed
Thank Me Later,"The Resistance 
(prod. 40)",Early version shown on 100gigs.org., ,,"Aug 6, 2024",Partial,Recording,https://krakenfiles.com/view/DptnxN2l5S/file.html
Take Care,"🎖️ Over My Dead Body
(feat. Chantal Kreviazuk) (prod. 40 & Chantal Kreviazuk)","A video on 100 Gigs shows an early version of ""Over My Dead Body"" with more Chantal vocals.",,,"Aug 6, 2024",Partial,Recording,https://krakenfiles.com/view/yc2fHbGJxb/file.html
Views From The 6ix [V1],Being Good,Unheard Views throwaway seen on a very early tracklist in footage from 100gigs.org.,,,"Aug 6, 2024",Confirmed,Not Available,
Views From The 6ix [V1],Different Talk,Unheard Views throwaway seen on a very early tracklist in footage from 100gigs.org.,,,"Aug 6, 2024",Confirmed,Not Available,
Views From The 6ix [V1],"Too Good To You [V1]
(Too Good)","Early version seen on a tracklist for 'Views' in footage from 100gigs.org. Unknown if there are any changes, although it's likely the solo version.",,,"Aug 6, 2024",Confirmed,Not Available,
Views From The 6ix [V1],"Too Good [V2]
(prod. Nineteen85 & Supa Dups)
(Too Good To You)","Early version of the solo version of ""Too Good"" with different mixing. Played during the session for the song where his mother was present, seen in footage from 100gigs.org.",,,"Aug 6, 2024",Full,Recording,Link Needed
If You're Reading This It's Too Late,"🎖️ U With Me?
(prod. Nineteen85)
(Views From The 6)","Another snippet shown on 100gigs.org, this one shows the vocals that ended up on the 1st part of ""U With Me?"" over a beat produced by Nineteen85 that got repurposed for the song ""Dear Summer Sixteen"" by dvsn in 2016. At first it was most likely separated, as Views From The 6 was it's own track, not to mention it was most likely done before Kanye helped Drake with Pop Style/Summer Sixteen and Drizzy recorded refs for TLOP.",,,"Aug 6, 2024",Partial,Recording,https://krakenfiles.com/view/JmEX82wHHL/file.html
What A Time To Be Alive,"Hotline Bling [V1]
(prod. Nineteen85)","Open verse version that can be heard on 100 Gigs, most likely they were meant for Future (check the entry below) and Drake himself.",,,"Aug 6, 2024",Partial,Recording,Link Needed
Views [V2],40KW,"Views throwaway seen on an early tracklist spotted in footage from 100gigs.org. It's possible that this could be ""Revenge"", the original demo for the second half of ""Summer Sixteen"", with vocals from Kanye West, due to the demo being produced by 40 and the initials ""KW"" in the name, but this hasn't been confirmed.",,,"Aug 6, 2024",Confirmed,Not Available,
Views [V2],"9
(prod. 40, Brian Alexander Morgan & Boi-1da)",Demo shown in footage from 100gigs.org with a slightly different beat. The first verse is slightly extended where Drake mumbles some lines that didn't made it to release.,,,"Aug 6, 2024",Partial,Recording,https://krakenfiles.com/view/tTfHFgG3zE/file.html
Views [V2],"Bricks [V2]
(Passionfruit)","Later version of ""Bricks"" (confirmed by Flab to have been given to Drake by PARTYNEXTDOOR for Views) worked on in footage from 100gigs.org. Unknown if PND is on this version.",,,"Aug 6, 2024",Snippet,Recording,Link Needed
Views [V2],Feel No Ways [V1],Early version seen on a tracklist for 'Views' in footage from 100gigs.org. Unknown if there are any changes.,,,"Aug 6, 2024",Confirmed,Not Available,
Views [V2],"🎖️ Fire & Desire
(prod. 40, Hagler & Jordan Lewis)","Early version of ""Fire & Desire"" played in footage from 100gigs.org. Has no intro, a slightly different instrumental, and a guitar that was later removed from the final version.",,,"Aug 6, 2024",Snippet,Recording,Link Needed
Views [V2],I Could Never [V1],"OG Filename: I Could Never 40 - Mix
Original version of ""I Could Never"", recorded during sessions for Views. Has alternate lines and no Jorja vocals.",,,"Aug 6, 2024",Partial,Recording,Link Needed
Views [V2],"One Dance
(feat. Wizkid & Kyla) (prod. 40, Nineteen85, Wizkid & DJ Maphorisa)","Early version of ""One Dance"" played in footage from 100gigs.org. Has a longer instrumental break and an unfinished alternate outro.",,,"Aug 6, 2024",Snippet,Recording,Link Needed
Views [V2],"Pompeii
(prod. 40)","Throwaway seen on a tracklist for 'Views' in footage from 100gigs.org. Drake said in the 100gigs.org footage while discussing ""tasks"" he had to do for the album that Pompeii was a ""big one"" for him but it was ""basically half a song"" at that time, implying that he really wanted the song to be finished. Likely produced by 40. It's unknown what this song is, or if it ever got finished.",,,"Aug 6, 2024",Confirmed,Not Available,
Scorpion [V1],"??? [V1]
(prod. Vinylz)
(Yikes, Astrology)","Studio session recording posted by Drake himself on 100gigs.org. Has an entirely different beat. The bleed from ""Yikes REF 05.26.18 3am"" proves that these vocals were used for ""Yikes"". Apparently recorded some time in March 2018 as the ""Yikes"" chop wasn't made until May. This beat was re-used for ""Astrology"" by Preme.",,Mar 2018,"Aug 6, 2024",Partial,Recording,https://pillows.su/f/caa904a8110df55e1007d5f4eb7e3209
Scorpion [V2],"8 Out of 10
(prod. Boi-1da, Jahaan Sweet & OB O'Brien)","Original version of ""8 Out of 10"" with the ""True"" sample removed. Mentioned in footage from 100gigs.org.",,,"Aug 6, 2024",Confirmed,Not Available,Source Needed
Scorpion [V2],"Blue Tint
(prod. Supah Mario, Illmind, Taz Taylor & JR Hitmaker)","Original version of ""Blue Tint"" with an extra Future adlib. Played and mentioned in footage from 100gigs.org.",,,"Aug 6, 2024",Partial,Recording,Link Needed
Scorpion [V2],"Can't Take a Joke
(prod. ModMaxx)","Version of ""Can't Take A Joke"" with a rougher bass that felt like it was ""slowing the track down"". Mentioned in footage from 100gigs.org.",,,"Aug 6, 2024",Confirmed,Not Available,Source Needed
Scorpion [V2],"DJ Paul [V2]
(prod. DJ Paul & TWhyXclusive)
(Talk Up)","Version of ""Talk Up"" with an open verse for JAŸ-Z, mentioned and played in footage from 100gigs.org. Drake didn’t originally have plans to have him on the song, according to DJ Paul. Jay’s appearance on the track helped Paul achieve his career-long dream of having the Brooklyn MC rap over one of his beats. JAŸ-Z recorded his verse last minute at the On The Run II tour. Jay's verse also mentions XXXTENTACION's death, which took place on June 18th, 2018, only 11 days before Scorpion released, meaning the addition was made very late into the album's process.",,,"Aug 6, 2024",Snippet,Recording,Link Needed
Scorpion [V2],"Don't Matter To Me [V1]
(feat. Michael Jackson) (prod. 40 & Nineteen85)","Early version of ""Don't Matter To Me"" with a slightly different mix on Michael Jackson's vocals. Mentioned by 40 on 100gigs.org.",,,"Aug 6, 2024",Confirmed,Not Available,Source Needed
Scorpion [V2],"Finesse
(prod. Noel Cadastre)","Original version of ""Finesse"" with an extra adlib from ""James"". Mentioned in footage from 100gigs.org.",,,"Aug 6, 2024",Confirmed,Not Available,Source Needed
Scorpion [V2],"In My Feelings
(prod. TrapMoneyBenny, 40 & Blaqnmild)","Version of ""In My Feelings"" with a shorter intro. Played in footage from 100gigs.org.",,,"Aug 6, 2024",Snippet,Recording,Link Needed
Scorpion [V2],"Is There More
(prod. Wallis Lane, Preme & Jeffrey Rashad)","Original version of ""Is There More"" with an rough bass. Mentioned in footage from 100gigs.org.",,,"Aug 6, 2024",Confirmed,Not Available,Source Needed
Scorpion [V2],"Jaded [V2]
(add. Ty Dolla $ign) (prod. Noel Cadastre)","Version of ""Jaded"" with louder adlibs from Ty Dolla $ign. Mentioned in footage from 100gigs.org. Unknown if this version has the scrapped Ty & Jeremih verse.",,,"Aug 6, 2024",Confirmed,Not Available,Source Needed
Scorpion [V2],"March 14
(prod. T-Minus & Joshua Valle)","Original version of ""March 14"" with some line differences compared to release. Played in footage from 100gigs.org.",,,"Aug 6, 2024",Partial,Recording,Link Needed
Scorpion [V2],"Mob Ties [V2]
(prod. Boi-1da & Allen Ritter)
(Too Late)","Early version of ""Mob Ties"" with louder adlibs. Mentioned in footage from 100gigs.org.",,,"Aug 6, 2024",Confirmed,Not Available,Source Needed
Scorpion [V2],"Ratchet Happy Birthday [V2]
(prod. Boi-1da, Jahaan Sweet & D10)
(Birthday)","Early version of ""Ratchet Happy Birthday"" with quieter vocals. Mentioned in footage recorded during a studio session from 100gigs.org.",,,"Aug 6, 2024",Confirmed,Not Available,Source Needed
Scorpion [V2],"Ratchet Happy Birthday [V3]
(prod. Boi-1da, Jahaan Sweet & D10)
(Birthday)","Early version of ""Ratchet Happy Birthday"" with more reverb on Drake's vocals. Played during a studio session found on 100gigs.org.",,,"Aug 6, 2024",Partial,Recording,Link Needed
Scorpion [V2],"Sandra's Rose [V3]
(feat. Maneesh) (prod. DJ Premier & Maneesh) ","Unmixed version of ""Sandra's Rose"" mentioned and played in footage from 100gigs.org. Likely the version with the DJ Premier scratches.",,,"Aug 6, 2024",Snippet,Recording,Link Needed
Scorpion [V2],"Survival [V2]
(prod. No I.D. & 40)","Early version of ""Survival"" with a louder cowbell and no drums on the outro. Mentioned in footage from 100gigs.org.",,,"Aug 6, 2024",Confirmed,Not Available,Source Needed
Scorpion [V2],"Tay Keith
(prod. Tay Keith, No I.D. & Noel Cadastre)
(Nonstop)","Version of ""Nonstop"" with a missing adlib. Mentioned in footage from 100gigs.org, under the name ""Tay Keith"", presumably a placeholder name due to Tay Keith being the main producer for the track.",,,"Aug 6, 2024",Confirmed,Not Available,Source Needed
Certified Lover Boy [V1],"Popcaan - Hedonism
(feat. Drake)","OG Filename: POPCAAN X DRAKE - HEDONISM (OVMIX) 04072020
Scrapped Popcaan x Drake track from 2020. Filename seen on Noel Cadastre's laptop in footage from 100gigs.org.",,"Jul 6, 2020","Aug 6, 2024",Confirmed,Not Available,
Certified Lover Boy [V1],"Champagne Poetry [V1]
(prod. 40, Masego, Maneesh, Shlohmo & J.L.L.)","Version of ""Champagne Poetry"" played during the Barbados sessions for CLB in July 2020. Snippet released by Drake himself on 100gigs.org in the Barbados folder.",,,"Aug 6, 2024",Snippet,Recording,Link Needed
Certified Lover Boy [V1],"Fucking Fans [V2]
(add. PARTYNEXTDOOR) (prod. PARTYNEXTDOOR, Noel Cadastre, 40 & Aliby)","Early version of ""Fucking Fans"" with a slightly different pitch and a shorter third verse. Was played after ""Secrets"" during footage from the CLB sessions from 100gigs.org. The footage where this was played was from July 2020, due to it being taken in Barbados (as evident by the filename for the footage), and Drake being there for two weeks on a trip.",,,"Aug 6, 2024",Partial,Recording,https://pillows.su/f/5fc34c566cb60b28ec73e2ce17ce7f79
Certified Lover Boy [V1],Secrets [V2],"Version of ""Secrets"" played during the Barbados sessions for CLB in July 2020. Snippet released by Drake himself on 100gigs.org in the Barbados folder. Seems to be the same as the first version of the track, but someone cuts it off before the verse finishes, so it's unknown if Drake recorded over the open verse at the time.",,,"Aug 6, 2024",Snippet,Recording,
Certified Lover Boy [V1],"🎖️ ??? [V1]
(prod. Noel Cadastre & Kid Masterpiece)
(N 2 Deep, Outside)","Snippet posted by Drake himself on 100gigs.org. Features lines that don't appear on the final version, a big part of the 2nd verse and chorus remain the same, unsure if Future was on this version (unlikely). Likely wasn't called ""N 2 Deep"" at the time, due to the phrase ""In too deep"" only appearing during the chorus of the second part of the released version with Future.",,,"Aug 6, 2024",Partial,Low Quality,https://krakenfiles.com/view/yDG6F04i0z/file.html
Certified Lover Boy [V1],"??? [V1]
(prod. Kid Masterpiece & Oliver El-Khatib)
(Piece Of Me)","Version of ""Piece Of Me"" with no vocals. Played multiple times in CLB [V1] footage from 100gigs.org. Drake hadn't recorded a verse on the track at that time. Drake called the instrumental ""one of his favourite beats ever"" after it played in a studio session seen on 100gigs.org, and that ""because Ollie (Oliver El-Khatib) gave it to him"", Drake felt like he had to dedicate his verse to him.",,,"Aug 6, 2024",Full,Recording,Link Needed
Certified Lover Boy [V1],"🎖️ ???
(The Panties)","Throwaway recorded during the CLB sessions. The song was played on Drake's 100 Gigs website on August 6th, 2024. Samples ""The Panties"" by Mos Def. Likely from 2020, due to Drake not sporting the heart hair. Has some lines that were later reused on ""Over The Top"" by Smiley.",,,"Aug 6, 2024",Snippet,Recording,Link Needed
Certified Lover Boy [V1],"Drakeo The Ruler - Talk To Me [V1]
(feat. Drake) (prod. Elias Knight, jordanwtff & E.Y.)",Song recorded during the CLB sessions. Snippets were posted by Drake himself on 100gigs.org. Would later be given to Drakeo The Ruler for his album THE TRUTH HURTS.,,,"Aug 6, 2024",Partial,Recording,https://pillows.su/f/121525f6dfb6f151ab1a2f1d8f2b91f4
Certified Lover Boy [V1],"Fountains [V1]
(feat. Tems)",Snippet posted by Drake himself on 100gigs.org. Has different production than the released version. Likely made around 2020 due to Drake and Tems first linking up around that time.,,,"Aug 6, 2024",Snippet,Recording,Link Needed
Certified Lover Boy [V1],"🏆 ??? [V2]
(prod. Kid Masterpiece & Oliver El-Khatib)
(Piece Of Me)","Throwaway recorded during the CLB sessions. Snippets were posted by Drake himself on 100gigs.org. Samples ""Piece of Me"" by Lady Wray (fka Nicole Wray).",,,"Aug 6, 2024",Snippet,Recording,https://pillows.su/f/389f38e72f82e6de6274de15e20f48ce
Certified Lover Boy [V2],"🎖️ ???
(Courtside Steppers)","Throwaway recorded during the CLB sessions. Likely recorded in 2021 due to Drake hopping on one leg in the footage, because of him recovering from his ACL surgery. The song was played on Drake's 100 Gigs website on August 6th, 2024.",,,"Aug 6, 2024",Partial,Recording,Link Needed
Certified Lover Boy [V2],"🏆 ???
(Hollywood)","Throwaway recorded during the CLB sessions. The song was played on Drake's 100 Gigs website on August 6th, 2024.",,,"Aug 6, 2024",Partial,Recording,Link Needed
"Honestly, Nevermind",Pay Day,"On the original handwritten tracklist for Honestly, Nevermind found in ""100 gigs for your headtop"", ""Pay Day"" is written off to the side of the paper. It's possible this isn't a song, but it may be.",,,"Aug 6, 2024",Rumored,Not Available,Source Needed
Her Loss,"3AM On Glenwood (Chasin M's) [V2]
(prod. OZ, Peter Iskander & 40)
(3AM on Glenwood)","OG Filename: 15 3 AM On Glenwood (Chasin M's) S5V2 - master
File seen in Her Loss documentary footage.",,,"Aug 6, 2024",Confirmed,Not Available,Source Needed
Her Loss,"BackOutsideBoys [V3]
(prod. Rio Levya, Dez Wright, Tez Taylor & Lil Yachty)
(BackOutsideBoyz)","OG Filename: 04 BACKOUTSIDEBOYS S5V2b_01 - master
File seen in Her Loss documentary footage.",,,"Aug 6, 2024",Confirmed,Not Available,Source Needed
Her Loss,"Broke Boyz [V3]
(prod. Wheezy & Tay Keith)
(Broke Boys)","OG Filename: Broke Boyz S5V3 - ProL2
File seen in Her Loss documentary footage.",,,"Aug 6, 2024",Confirmed,Not Available,Source Needed
Her Loss,"Circo Loco Flow [V4]
(prod. Boi-1da & Tay Keith)
(Circo Loco)","OG Filename: Circo Loco Flow S5V4b-ProL2
File seen in Her Loss documentary footage.",,,"Aug 6, 2024",Confirmed,Not Available,Source Needed
Her Loss,"Circo Loco Flow [V5]
(prod. Boi-1da & Tay Keith)
(Circo Loco)","OG Filename: Circo Loco Flow S5V5 - master less low end
Filename seen in the Her Loss documentary.",,,"Aug 6, 2024",Confirmed,Not Available,Source Needed
Her Loss,"Major Distribution [V7]
(prod. SkipOnDaBeat, Elijah Fox & Kid Masterpiece)","OG Filename: 02 Major Distrobution S5V7 - master
File seen in Her Loss documentary footage.",,,"Aug 6, 2024",Confirmed,Not Available,Source Needed
Her Loss,"More M's [V2]
(prod. Metro Boomin & DAVID x ELI)","OG Filename: More M's S5V1
File seen in Her Loss documentary footage",,,"Aug 6, 2024",Confirmed,Not Available,Source Needed
Her Loss,"On BS [V4]
(prod. OZ & Eylas)","OG Filename: 03 On BS Noel Ref 4 Mstr - master
File seen in Her Loss documentary footage.",,,"Aug 6, 2024",Confirmed,Not Available,Source Needed
Her Loss,"Privileged Rappers
(prod. Earl on the Beat, GENT, Lil Yachty & 40)","OG Filename: 01 PRIVILEGED RAPPERS NOEL REF 1B
File seen in Her Loss documentary footage.",,,"Aug 6, 2024",Confirmed,Not Available,Source Needed
Her Loss,"Pussy & Millions [V4]
(feat. Travis Scott) (prod. Cheeze Beatz, Go Grizzly, Squat Beatz, B100 & Lil Yachty)","OG Filename: Pussy & Millions S5V4
File seen in Her Loss documentary footage.",,,"Aug 6, 2024",Confirmed,Not Available,Source Needed
Her Loss,"Pussy & Millions [V5]
(feat. Travis Scott) (prod. Cheeze Beatz, Go Grizzly, Squat Beatz, B100 & Lil Yachty)","OG Filename: Pussy & Millions S5V4-ProL2
File seen in Her Loss documentary footage.",,,"Aug 6, 2024",Confirmed,Not Available,Source Needed
Her Loss,"Pussy & Millions [V9]
(feat. Travis Scott) (prod. Cheeze Beatz, Go Grizzly, Squat Beatz, B100 & Lil Yachty)","OG Filename: Pussy & Millions Ref 4 Mstr - master
File seen in Her Loss documentary footage.",,,"Aug 6, 2024",Confirmed,Not Available,Source Needed
Her Loss,"Pussy & Millions [V10]
(feat. Travis Scott) (prod. Cheeze Beatz, Go Grizzly, Squat Beatz, B100 & Lil Yachty)","OG Filename: 10 Pussy & Millions S5V4 - master
File seen in Her Loss documentary footage.",,,"Aug 6, 2024",Confirmed,Not Available,Source Needed
Her Loss,"Rich Flex [V4]
(prod. Vinylz, Tay Keith, FNZ & BoogzDaBeast)","OG Filename: Rich Flex S5V4 L2
File seen in Her Loss documentary footage.",,,"Aug 6, 2024",Confirmed,Not Available,Source Needed
Her Loss,"Rich Flex [V6]
(prod. Vinylz, Tay Keith, FNZ & BoogzDaBeast)","OG Filename: 01 Rich Flex S5V6 - master
File seen in Her Loss documentary footage.",,,"Aug 6, 2024",Confirmed,Not Available,Source Needed
Her Loss,"Spin Bout You [V5]
(prod. Banbwoi & 40)
(Spin Bout U)","OG Filename: 06 Spin Bout You S5V5b - master
File seen in Her Loss documentary footage.",,,"Aug 6, 2024",Confirmed,Not Available,Source Needed
Her Loss,"TMBU
(prod. nyan, Mcevoy, 40, Noel Cadastre & Daniel East)
(Hours In Silence, Turn My Bitch Up)","OG Filename: TMBU Noel Ref Revised 2-PnTPro 01
File seen in Her Loss documentary footage. Originally titled TMBU, which probably stands for ""Turn My Bitch Up"", which is repeated in the track.",,,"Aug 6, 2024",Snippet,Recording,Link Needed
Her Loss,"Treacherous Twins [V3]
(prod. OZ, Noel Cadastre & Boi-1da)","OG Filename: Treacherous Twins S5V3b-ProL2 FIX
File seen in Her Loss documentary footage.",,,"Aug 6, 2024",Confirmed,Not Available,Source Needed
Her Loss,"Treacherous Twins [V4]
(prod. OZ, Noel Cadastre & Boi-1da)","OG Filename: Treacherous Twins S5V4 - master
File seen in Her Loss documentary footage.",,,"Aug 6, 2024",Confirmed,Not Available,Source Needed
Her Loss,"🎖️ Lil Yachty - I DON'T TRUST MY BITCH / OLD RED [V2]
(feat. Drake) (prod. Cardo Got Wings)",Snippet played during the Her Loss documentary footage released on 100gigs.org. Unknown if 21 Savage recorded vocals.,,,"Aug 6, 2024",Snippet,Low Quality,Link Needed
100 GIGS,"✨ Blue Green Red                                                            
(prod. Boi-1da, SMPLGTWY & 40)","OG Filename: Blue Green Red - Drake
Posted by Drake on his burner Instagram account ""plottttwistttttt"", and on a website called ""100 Gigs For Your Headtop"" on August 6th, 2024. Features minor mixing differences from the final version.",3:37,,"Aug 6, 2024",Full,CD Quality,https://pillows.su/f/c42f085edb96bd9b6f7883c368a160da
100 GIGS,"Housekeeping Knows
(feat. Latto) (prod. Gordo, LIOHN & Klahr)","OG Filename: Housekeeping Knows - Drake
Posted by ""plottttwistttttt"" (Drake's burner account) on IG along with a bio link to a website called ""100 Gigs For Your Headtop"" on August 6th, 2024. Includes an extended intro and different mixing from the final version.",3:21,,"Aug 6, 2024",OG File,CD Quality,https://pillows.su/f/50c8cb10fe7f9b29e955030faefbf5c6
100 GIGS,"It's Up
(feat. Young Thug & 21 Savage) (prod. London Cyr, Ben10k, Elyas & Tom Levesque)","OG Filename: It's Up - Drake
Posted by ""plottttwistttttt"" (Drake's burner account) on IG along with a bio link to a website called ""100 Gigs For You Headtop"" on August 6th, 2024. Interpolates ""Daylight"". Young Thug's vocals come from the leak ""Don't Care About My Opps"". Features minor mixing differences from the final version.",4:38,,"Aug 6, 2024",OG File,CD Quality,https://pillows.su/f/7be7bec25edcec5935cb79db47cbac1e
100 GIGS,"✨ Lil Yachty - SOD [V1]
(feat. Drake) (prod. SkipOnDaBeat)
(Stacks On Deck, Super Soak)","Was first previewed by Kai Cenat on stream July 24th, 2024, before being fully leaked four days later. Samples Goodness Gracious by Mr. Hotspot. According to Pop, the song was going to be released as a Lil Yachty single.",3:29,,"Jul 28, 2024",Full,CD Quality,https://pillows.su/f/0be15aa3d2ddf982001bedb05ab00a65
Views From The 6ix [V1],"Kanye West - When I See It [V6]
(prod. Kanye West)
(Soul Dog, Tell Your Friends)","OG Filename: WISI
Version found on CyHi's ""ypm"" playlist. Just instrumental. Leaked after a groupbuy.",1:56,,"Jul 22, 2024",Beat Only,High Quality,https://pillows.su/f/20a0cfe44a900fda9f76b15568a01163
Nothing Was The Same,"2 Chainz - Hybrid
(feat. Drake & Lil Wayne)
(I Do It) ","Alternate version of the 2 Chainz track ""I Do It"" titled ""Hybrid"". Leaked on July 4th, 2024 apart of a 62 gigabyte mass leak.",,,"Jul 4, 2024",Full,CD Quality,https://pillows.su/f/15dd0977f456e058334aabd1c444a795
Certified Lover Boy [V2],"Saturday Night Fever [V3]
(feat. Lil Baby) (prod. Nyan & Tim Suby)
(STAYING ALIVE)","OG Filename: DRAKE X LIL BABY - SATURDAY NIGHT FEVER UPDATE3 UNMIXED
Unmixed version of ""Saturday Night Fever"". Leaked as apart of a 62 gigabyte mass leak.",2:43,,"Jul 4, 2024",OG File,CD Quality,https://pillows.su/f/9775766ad617cbf0346d9b1b4a3e8823
Take Care,"🏆 Marvin's Room (Remix)
(feat. The Weeknd) (prod. 40)","Version of ""Marvin's Room"" with vocals from The Weeknd and is allegedly a remix that got scrapped for unknown reasons. Snippet leaked on July 3rd, 2024, and the song may have been private bought.",,,"Jul 3, 2024",Snippet,Recording,https://pillows.su/f/e1a5c2c762d2f5043a10568590c14281
Thank Me Later,"Kanye West - Ohh Yeah Tell 'Em [V11]
(prod. Kanye West)
(Tell 'Em What To Do, Horn Shout, Ohh Yeah, Ain't No Tellin)","OG Filename: ohh Yeah Tellem RUFF for Drake 73.3BPM
Instrumental bounce that was for Drake, Not found in the instrumental zip or the session files.",6:59,"Jan 15, 2010","Jul 1, 2024",Partial,Lossless,https://www.google.com/url?q=https://pillows.su/f/2e8af3ad8791418ad7175fc2b6de6203&sa=D&source=editors&ust=1775460594175045&usg=AOvVaw093ud5WaSEgWnUZeU5Z39U
More Life,"PARTYNEXTDOOR - Come and See Me [Duet Remix] [V1]
(feat. Erykah Badu & Drake) (prod. 40)","OG Filename: come and see me ft erykah badu
Leaked online as part of a 100x PND pack. All versions contain Drake vocals at the end of the chorus after the 2nd verse, including the official. Just noting that now. This version has extra instrumentation during PARTY's 1st verse (2nd verse overall). This version also has a totally new PARTY verse in place of Erykah's bridge from the official. This verse is not found on the original PND3 version of the song, either.",4:03,,"Jul 1, 2024",OG File,CD Quality,https://pillows.su/f/fba149d8628eb6ed7c60bdfedfd8eb99
More Life,"PARTYNEXTDOOR - Come and See Me [Duet Remix] [V2]
(feat. Erykah Badu & Drake) (prod. 40)","OG Filename: Come And See (badu mix) [alternate fx)
Leaked online as part of a 100x PND pack. This version doesn't feature PARTY's 2nd verse and instead leaves it open with some better mixing on the second half of the song; pitch is basically the same.",4:02,,"Jul 1, 2024",OG File,CD Quality,https://pillows.su/f/9d1fdc627aed920eabfdd6fb428721d1
More Life,"PARTYNEXTDOOR - Come and See Me [Duet Remix] [V3]
(feat. Erykah Badu & Drake) (prod. 40)","OG Filename: PARTYNEXTDOOR ft Erykah Badu - Come and See Me (HQ)
Leaked online as part of a 100x PND pack. This version is the exact same as OG V1 except pitched/sped up slightly.",4:00,,"Jul 1, 2024",OG File,CD Quality,https://pillows.su/f/7350e9864588978c2b444f08e9fdbcb5
More Life,"✨ PARTYNEXTDOOR - Come and See Me [Duet Remix] [V4]
(feat. Erykah Badu & Drake) (prod. 40)
(Come And See)","OG Filename: Come And See (NU BADU MIX) 5.2.16
Leaked online as part of a 100x PND pack. This version has Drake's verse from the official PND3 version of the song in place of Erykah's bridge from the official version of the Duet Remix. Likely the latest version due to the date in the file as well as the fact that Erykah's bridge is hardly anything and was likely recorded and/or shoved in last minute, as they kept changing their minds on what to have after the 2nd verse. Recorded May 2, 2016.",3:52,"May 2, 2016","Jul 1, 2024",OG File,CD Quality,https://pillows.su/f/7ff98765fac43409b499a08dfb8e2b6a
More Life,"PARTYNEXTDOOR - Freak In You [Remix]
(feat. Drake) (Prod. TOPFLR, Neenyo, G Ry, 40 & PARTYNEXTDOOR)
(Freaking You)","OG Filename: 01 Freaking u 40.2
Leaked online as part of a 100x PND pack. This version with a Drake verse was played on OVO Sound Radio shortly after the release of Colours 2. That version only had 1 PND verse and 1 Drake verse. This file that leaked has both PND verses, as well as Drake's. Besides that, it is identical to the radio version, except higher quality. There are no new vocals. Because this bounce has both PND verses, it is unclear whether it was intended to be released with Drake on it, or if it was going to be a planned DSP release remix, or something else entirely.",5:28,,"Jul 1, 2024",OG File,CD Quality,https://pillows.su/f/30ec61cccf156cfccbc832ba9a6a07b2
More Life,"PARTYNEXTDOOR - Since Way Back [V2]
(Hot & Heavy)","OG Filename: Since Way Back 2
Leaked online as part of a 100x PND pack. This version has some extra vocals from 1:34-1:50 that are not present in V1.",3:51,,"Jul 1, 2024",OG File,CD Quality,https://pillows.su/f/12cb6ba260094fcf70d6c04abe58f533
More Life,"PARTYNEXTDOOR - Since Way Back [V3]
(Hot & Heavy)","OG Filename: Since Way Back no SV
Leaked online as part of a 100x PND pack. This version lacks the 2nd verse but has extra lines during the intro (as well as the extra vocals that are present on V2). I am assuming that even though previous versions have a 2nd verse, this version was open because this is when he started trading it and working on it with Drake.",3:51,,"Jul 1, 2024",OG File,CD Quality,https://pillows.su/f/2990931218ea026358474bd00d9c5fae
Certified Lover Boy [V2],"Saturday Night Fever [V4]
(feat. Lil Baby) (prod. Nyan & Tim Suby)
(STAYING ALIVE)","OG Filename: DRAKE X LIL BABY - SATURDAY NIGHT FEVER UPDATE3
""STAYING ALIVE"" by DJ Khaled was originally meant for Certified Lover Boy in January 2021, under the title ""Saturday Night Fever"". Drake later re-recorded for the DJ Khaled version. Differences are that there are no DJ Khaled tags, mixing is a bit different as well as the auto tune and Lil Baby has completely different vocals/verse. Snippet leaked on May 21st, 2023. Encoded with LAME 3.100.",2:43,,"Jul 1, 2024",OG File,CD Quality,https://pillows.su/f/f0fc67ff73c777ed669fe43603b0e6dc
Certified Lover Boy [V2],"✨ Wet Up [V2]
(feat. Shenseea) (prod. Rvssian)
(Plenty)","New version of ""Plenty"". Now called ""Wet Up"" and has a Shenseea feature. Was privatebought mid-groupbuy, after the buy made little progress. The full song then leaked on June 30th, 2024.",2:21,,"Jun 30, 2024",Full,CD Quality,https://pillows.su/f/bf7b6fe449c0d4516d71179123889e8e
100 GIGS,"⭐ ???
(feat. Skilibeng)
(Nah Nah Nah, Never Cheated)","OG Filename: DRAKE skilli
Collaboration with Skilibeng, said to be meant for ""Honestly, Nevermind"" but metadata dates this version 10/31/2023. Leaked randomly on June 30th, 2024.",2:14,"Oct 31, 2023","Jun 30, 2024",OG File,High Quality,https://pillows.su/f/19389f4992c3afe60dd3fa7c966f3b5d
Nothing Was The Same,"✨ The Language
(prod. Boi-1da)","OG Filename: 01 The Language Ref 1da acca
An acapella of the first verse and chorus leaked June 28th 2024. Has an alternate chorus that goes like ""And this is the shit that them young niggas need, I'm talkin the language"". Dated 2013.",1:43,2013,"Jun 28, 2024",OG File,High Quality,https://pillows.su/f/33c9b2f70a7c8806aa31432abf2be800
Nothing Was The Same,"PARTYNEXTDOOR - Over Here
(feat. Drake) (prod. 40 & PARTYNEXTDOOR)","OG Filename: 09 Over Here (feat. Drake)
Master file for ""Over Here"" by PARTYNEXTDOOR & Drake, made before release.",2:57,,"Jun 28, 2024",OG File,CD Quality,https://pillows.su/f/677664acbf9992984217406bf1cc41d3
If You're Reading This It's Too Late,"Know Yourself [V3]
(prod. Boi-1da, Vinylz & Syk Sense)","OG Filename: Know Yourself Noel Ref 2 01
Leaked on June 28th, 2024. Very similar to the released version. Mixed by Noel Cadastre. Encoded with Fraunhofer IIS MP3 v04.01.02.",4:37,,"Jun 28, 2024",OG File,High Quality,https://pillows.su/f/0a6c035190eb9ba49d9d59c103053105
If You're Reading This It's Too Late,"PARTYNEXTDOOR - Recognize [V4]
(feat. Drake) (prod. PARTYNEXTDOOR)","OG Filename: PARTYNEXTDOOR - 08 - Recognize (feat. Drake) [1436489]
Master file for ""Recognize"" by PARTYNEXTDOOR & Drake, made before release.",5:11,,"Jun 28, 2024",OG File,Lossless,https://pillows.su/f/c1b8765aff1478c9c662d6551a094a38
If You're Reading This It's Too Late,"PARTYNEXTDOOR - Recognize (Radio Edit)
(feat. Drake) (prod. PARTYNEXTDOOR)","OG Filename: 08 Recognize feat Drake (Radio Edit)
OG file for the radio edit of ""Recognize"" by PARTYNEXTDOOR & Drake, a minute shorter than release.",4:28,,"Jun 28, 2024",OG File,CD Quality,https://pillows.su/f/be53a2908551ac10522af0ba6d424c63
Views [V2],"PARTYNEXTDOOR - Come and See Me [V1]
(feat. Drake) (prod. 40)","OG Filename: Come and See Me feat Drake 1 Come and See Me feat Drake PARTYNEXTDOOR 1978264 320 PA
Final single version before release.",3:56,,"Jun 28, 2024",OG File,CD Quality,https://pillows.su/f/d52b06ca0f52401ed8baff1ec45d31a0
Views [V2],"PARTYNEXTDOOR - Come and See Me [V2]
(feat. Drake) (prod. 40)","OG Filename: Come and See Me feat Drake 1 Come and See Me feat Drake PA PARTYNEXTDOOR 804475 176
Final version before release.",3:55,,"Jun 28, 2024",OG File,Lossless,Link Needed
More Life,"✨ PARTYNEXTDOOR - Come and See Me [Remix]
(feat. Lil' Mo & Drake) (prod. 40)","OG Filename: Party%20Next%20Door%20Lil%20Mo%20Drake%20%287-28%29%202
Leaked as part of a Warner Bros Box repository leak. In 2016, Lil' Mo did a completely solo remix to this song. It included verses from only her, and her on the hook. This version has PARTY's first verse, a duet chorus after the first verse, then Lil' Mo's 1st verse (which is really the 2nd from her official version), which then includes Drake's feature verse from the PND3 version, then another duet hook. It seems as though PARTY may have wanted to officially release this on streaming as an official remix, or maybe he was working on a few different remixes for a big 'single' release, but it never happened.",4:22,,"Jun 28, 2024",OG File,High Quality,https://pillows.su/f/73806f77319bc1fb14f2ff43fade46e5
100 GIGS,"✨ Uuugly [V2]
(add. Camila Cabello) (prod. Kid Masterpiece & ???)
(Trying Me)","Version with dance style production made after the song was given to Camila, presumably to be more in line with the pop sound of her album 'C, XOXO'. Played at Camila's Rock In Rio set on 6/23/24. This version did not end up releasing on the final album and instead a version more in line with the FATD version released.",,,"Jun 23, 2024",Partial,High Quality,https://pillows.su/f/bbff6d2f705746d6faad4e1575e51370
Thank Me Later,"Dr. Dre - Man's Best Friend [V2]
(add. Sly Pyper) (prod. DJ Silk & Mr. Choc)
(Pussy)","OG Filename: Dre - Man's Best Friend (Dre_Sly) Intro V1 Insert Vox and Edit ENB 2.2
Version of Man's Best Friend with one Dre verse and two hooks. According to DJ Silk, this version is missing instrumentation. DJ Silk said he made the beat in 2009. Considering it is missing all the features from later versions, this is likely a very early version of the song. Before it was leaked, it was thought the song was related to ""Pussy"" by Stat Quo, however, this is untrue. Silk said in DMS that this version was probably right after he made the beat. In around April 2026, DJ Silk registered the song to ASCAP, with him being the only person credited.",2:33,"Feb 14, 2010","Jun 7, 2024",Full,High Quality,https://pillows.su/f/c72f911e4a5236de6ce44b3bd0b4e472
Thank Me Later,"🏆 Lil Wayne - I'm Single  
(ref. Drake)","LQ version. Partially leaked randomly on June 7th, 2024.",,,"Jun 7, 2024",Partial,Low Quality,https://pillows.su/f/1c2dec3c721b08ed046b6743637b688c
Thank Me Later,"Kanye West - All Of The Lights [V20]
(feat. Rihanna, Kid Cudi, John Legend, Elton John, Alicia Keys, La Roux & Fergie) (add. Drake, The WRLDFMS Tony Williams, Alvin Fields, Ken Lewis, Charlie Wilson, Ryan Leslie & The-Dream) (prod. Kanye West, Jeff Bhasker, MIKE DEAN, Ken Lewis, Rosie Danvers & Tommy D.)
(Ghetto University)","Unfinished and unmastered leak, via mixtapeinvasion.com's Soundtrack To The Streets. Fake detag leaked as a bonus for the ""Pressure"" groupbuy.",6:02,,"May 26, 2024",Tagged,High Quality,https://pillows.su/f/a368821cf9f5ff57dde45462a31d7a2a
Scorpion [V1],"✨ Too Late [V1]
(ref. Vory) (prod. Boi-1da & Allen Ritter)
(Mob Ties)","OG Filename: Too Late Ref 1
Reference track for ""Mob Ties"" by Vory, at this point titled ""Too Late"". Dated 2017.",1:58,,"May 26, 2024",Full,CD Quality,https://pillows.su/f/1a664029eb73f1918119e72d0480c3d7
Certified Lover Boy [V1],"French Montana - No Stylist [V7]
(feat. Drake) (prod. London on da Track & Hector Chaparro)","OG Filename: No Stylist-Main Mix V7 CD
OG mix for ""No Stylist"" by French Montana. Dated 2018. Leaked as a bonus for the ""Can U Be"" groupbuy.",3:14,2018,"May 26, 2024",OG File,CD Quality,https://pillows.su/f/358a2feba184950020253d7ec9479514
So Far Gone,"Kanye West - Hate It [V2]
(feat. Kid Cudi) (prod. Kanye West)
(Hate)","OG Filename: HATE IT EXP HOFFER
Original version of of the song which would later be given to JAŸ-Z. The hook is the same as release but has a minute and 30 seconds of Cudi freestyling and some extra mumble Kanye vocals. Both vocals are added on very roughly and not mixed at all. Engineered by Anthony Kilhoffer.",2:42,,"May 21, 2024",OG File,CD Quality,https://pillows.su/f/fc670cb3da58815610279bb59ba69cc4
Certified Lover Boy [V1],"Time Flies [V2]
(feat. Tory Lanez) (prod. OZ)","OG Filename: DRAKE X TORY - TIME FLIES V2
Version of ""Time Flies"" with a Tory Lanez feature. Tory had mentioned doing music with Drake around this time period. The song abruptly cuts off after 2 minutes and 30 seconds.",2:30,,"May 11, 2024",OG File,High Quality,https://pillows.su/f/a73ee849f8fb8581454329a7db5caee9
100 GIGS,"2 Many Freaks [V1]
(2MANY FREAKS)","Snippet of a Drake song allegedly made January 2024. Leaked randomly on May 2nd, 2024. Full song is reportedly 2:44 in length. A groupbuy attempt was failed and the song was sold in private for allegedly $2500.",2:44,Jan 2024,"May 2, 2024",Snippet,CD Quality,https://pillows.su/f/46fed26933d818837d43b08dcd33521f
Views From The 6ix [V1],"Kanye West - When I See It [V3]
(ref. Marsha Ambrosious) (prod. Kanye West)
(Soul Dog, Tell Your Friends)","OG Filename: KW - When I See It Marsha Ref (2.19.14) 
Marsha Ambrosious reference track. Snippet leaked on April 28th, 2024.",,"Feb 19, 2014","Apr 28, 2024",Snippet,High Quality,https://pillows.su/f/096ea5f94e361d33265fdd225f80487f
Certified Lover Boy [V1],"Future - Life Is Good
(prod. D. Hill)","OG Filename: Life Is Good (ROUGH)
Leaked on LEAKED.CX. Features an alternate mix and is simply just the 2nd half beatswitch with no Drake from the official.",,,"Apr 18, 2024",OG File,CD Quality,Link Needed
For All The Dogs,"Cash Cobain - ??? [V2]
(prod. Cash Cobain, PoWR Trav & Jaystolaa)
(Calling For You, What Else)","OG Filename: Cash 02.26.2023 - Session 02
Cash Cobain version of ""Calling For You"", likely being his song at the time. Later recorded over by Drake for release. Has alternate lines compared to Drake's version. It's unknown if this or Lil Yachty's version was first.",2:33,"Feb 26, 2023","Apr 16, 2024",Full,CD Quality,https://pillows.su/f/2a25a00a774cd2567f0d0f8d950ce180
Certified Lover Boy [V2],"✨ Lil Yachty - Jumbotron Shit Poppin [V1]
(prod. F1LTHY, Cubeatz, Oogie Mane, SADPONY, 40, Klimperboy, DannoProductionz & Dilara)","Reference track for Jumbotron Shit Poppin by Lil Yachty leaked on April 14th, 2024 after it was sent to Bobbalam by an unknwon number, features a few alternate lines and it's missing the Oogie Mane tag on the 2nd hook. Akademiks said ""Metro leaked this ref"".",1:51,,"Apr 14, 2024",Full,High Quality,https://pillows.su/f/1dd14fcfe2d93d7a4d28b0f6159dd299
100 GIGS,"✨ Push Ups [V1]
(prod. Boi-1da)","Original version of ""Push Ups"" that randomly leaked on Reddit by an unknown user on April 13th, 2024. This version features an extended verse, a different vocal take, an alternate beat and some additional lines compared to the final version.",4:11,,"Apr 13, 2024",Full,High Quality,https://pillows.su/f/6069c0195af7187a817e6ce8616ffae4
100 GIGS,"Push Ups [V2]
(prod. Boi-1da, Tay Keith, Preme, Fierce, Dramakid, Coleman & Noel Cadastre)","OG Filename: PUSH UPS 40 S5V2 NOEL 1C
Final version of the Kendrick Lamar, Future, Metro Boomin, Rick Ross, The Weeknd & A$AP Rocky diss track that randomly leaked on April 13th, 2024. Features different production, a re-recorded vocal take, a new outro and samples DJ Akademiks saying ""What top 5 you smoking on, Kendrick?"". Later released by Drake on April 19th, 2024.",3:53,,"Apr 13, 2024",Full,CD Quality,https://pillows.su/f/e95d7a1f1e41063fc18e11590799391d
For All The Dogs,"Daylight
(prod. Southside, Smatt Sertified & T9C)","Version of ""Daylight"" with no Adonis outro. Leaked on 04.09.2024, and was posted by Pop further pointing to its validity.",,,"Apr 9, 2024",Full,Not Available,https://krakenfiles.com/view/T3nLrUCa02/file.html
For All The Dogs,"Trying Me [V1]
(prod. Kid Masterpiece)
(UUUGLY)","Snippet leaked on March 27th, 2024. Confirmed by Pop to be from 'For All The Dogs' era. The song would later be given to pop singer Camila Cabello for her upcoming fourth studio abum 'C, XOXO', with that version featuring lyrical and production differences from this version.",,,"Mar 27, 2024",Snippet,High Quality,https://pillows.su/f/a3718737cccbda83744512f07d0aa811
100 GIGS,"Yeat - As We Speak [V1]
(prod. Synthetic, Perdu, Radiate, LRBG, sharkboy, yourbabymind, Aidan McDougall & Caleb Bryant)","Original open verse version of track 7 on 2093 (P2), ""As We Speak,"" that was sent out to Drake.",,"Feb 16, 2024","Feb 16, 2024",Confirmed,Not Available,Source Needed
Certified Lover Boy [V1],"⭐ French Montana - Big Pun
(feat. Drake) (prod. Metro Boomin) 
(Still a Player)","OG Filename: DRAKE X MONTANA
Snippet leaked on May 28th. Produced by Metro Boomin. Samples ""I'm Not A Player"" by Big Pun & Joe. Encoded with LAME 3.100.",2:33,,"Dec 22, 2023",OG File,High Quality,https://pillows.su/f/4532e0d3ac7432e7b52f2149c0ca1f83
Wolves,"Revenge [V1]
prod. 40)
(Summer Sixteen)","Attempt 1 in the session for ""Revenge.""",0:27,"Jan 20, 2016","Nov 21, 2023",Stem Bounce,Lossless,https://pillows.su/f/809a2e0a971cc999bed5fd855cb2ccb7
Wolves,"✨ Revenge [V2]
(prod. 40)
(Summer Sixteen)","A demo Kanye recorded for in the same vocal session as ""Pop Style."" Recorded in late January 2016. Lossless version leaked after its instrumental + acapella were found in leaked ""30 Hours"" session files.",1:58,"Jan 20, 2016","Nov 21, 2023",Stem Bounce,Lossless,https://pillows.su/f/48cc3762f5b5d3777337008abb998e9c
Wolves,"Yoga Flame [V3]
(prod. 40, Boi-1da, Ging & Sevn Thomas)
(Pop Style)","A demo Kanye recorded for in the same vocal session as ""Revenge."" Recorded in late January 2016. Lossless version leaked after its instrumental + acapella were found in leaked ""30 Hours"" session files.",1:07,"Jan 20, 2016","Nov 21, 2023",Stem Bounce,Lossless,https://pillows.su/f/522bc66d76971552e8a5461c6020624c
Scorpion [V1],"Kanye West - Lift Yourself [V6]
(prod. Kanye West, MIKE DEAN, Benji B & Noah Goldstein)","OG Filename: Lift Yourself Ref 4.24.18-00.00.09.851-00.02.46.613
An alternate version of the instrumental with different mixing. Most likely the first bounce when the ""real"" vocals were taken off.",2:36,"Apr 24, 2018","Nov 14, 2023",Beat Only,CD Quality,https://pillows.su/f/e211527c6a3b513983efaba40f51f1cd
Scorpion [V1],"Kanye West - Lift Yourself [V9]
(prod. Kanye West, MIKE DEAN, Benji B & Noah Goldstein)","OG Filename: Lift Yourself Mike Mix 2_01
Found in the ProTools session. Alternate mix on Kanye's vocals. Has some silence at the end.",3:07,"Apr 26, 2018","Nov 14, 2023",OG File,Lossless,https://pillows.su/f/b1f77a8e942598cb4b734c3c5a84f409
Scorpion [V1],"Kanye West - Lift Yourself [V11]
(prod. Kanye West, MIKE DEAN, Benji B & Noah Goldstein)","OG Filename: Lift Yourself NG Mix 1 (4.27.18)
Found in the ProTools session. Alternate Mix.",2:30,"Apr 27, 2018","Nov 14, 2023",OG File,Lossless,https://pillows.su/f/fa7a2d00529db982612b48f054ce3911
Scorpion [V1],"Kanye West - Lift Yourself [V14]
(prod. Kanye West, MIKE DEAN, Benji B & Noah Goldstein)","OG Filename: Lift Yourself Mike Mix 3_02
Found in the ProTools session. Alternate Mix.",2:39,"Apr 27, 2018","Nov 14, 2023",OG File,Lossless,https://pillows.su/f/bbff89394103bf420a660f0316bb1c8d
For All The Dogs,"Amen  
(feat. Teezo Touchdown) (prod. Sango, Budgie & Teezo Touchdown)","In an original tracklist posted by Noel Cadastre on November 1st, it shows that 'Amen' had a phone call at the end of the song that was replaced with a different one on the released version.",,,"Nov 1, 2023",Confirmed,Not Available,Source Needed
For All The Dogs,"Bi Polar Baby
(prod. Lil Yachty, GENT!, BANGS Anthoine Walters & Beat Menace)
(Polar Opposites)","In an original tracklist posted by Noel Cadastre on November 1st, it shows that 'Polar Opposites' was originally called ""Bi Polar Baby"".",,,"Nov 1, 2023",Confirmed,Not Available,Source Needed
For All The Dogs,"Members Only  
(feat. PARTYNEXTDOOR) (prod. 40 & Stwo)","In an original tracklist posted by Noel Cadastre on November 1st, 2023, it shows that Members Only was originally slower by 1.5 BPM.",,,"Nov 1, 2023",Confirmed,Not Available,Source Needed
For All The Dogs,"St. Louis Spirit [V2]
(feat. Sexyy Red) (prod. BNYX®, Gordo, TheLoudPack, UV Killin Em, Klahr & LIOHN)
(Rich Baby Daddy)","In an original tracklist posted by Noel Cadastre on November 1st, it shows that Rich Baby Daddy was originally called ""St. Louis Spirit"". Notes also mention ""Send SZA"", probably meaning she hadn't recorded for the song yet. Could potentially still include Sexxy Red's extended vocals.",,,"Nov 1, 2023",Confirmed,Not Available,Source Needed
Scorpion [V2],"✨ Lil Wayne - Anthem [V2]
(feat. Drake & Tyga) (prod. Pharrell Williams)
(Startrax, Morë Tonight)","Listed as a sample clearance version worked for Tha Carter 6, features a slightly different beat, alternative lyrics by Drake and Wayne, as well a verse from Tyga not present on V1. Fades out after a minute and 20 seconds.",,,"Oct 23, 2023",Partial,CD Quality,https://pillows.su/f/ea61ed8b1288b430bb32a93e8ab4d77c
"Honestly, Nevermind","Currents
(prod. 40, Black Coffee & Gordo)","Early mix of ""Currents"". Only the instrumental is available.",,,"Oct 16, 2023",Beat Only,CD Quality,Link Needed
More Life,"⭐️ Pistol In My Bed [V5]
(feat. Romeo Santos & ???) (prod. Boi-1da)
(Pistols, Pistol)","OG Filename: Drake-Pistol in my bed (FINAL)
Final version of ""Pistols"". Has new Romeo vocals and new vocals from an unknown vocalist during the intro, as well as a much better mix. According to metadata the file was encoded by Logic Pro X 10.3.1, which means the song was likely made between February and July 2017.",3:30,Feb-Jul 2017,"Oct 12, 2023",OG File,CD Quality,https://pillows.su/f/39f2016420b92427c7b9d76dc90da9ad
For All The Dogs,"7969 Santa
(prod. nyan, Alex Lustig, BNYX® & Jahaan Sweet)","In an OG tracklist posted by Drake on October 7th, 2023, it showed that '7969 Santa' originally had a line included that was changed.",,,"Oct 7, 2023",Confirmed,Not Available,https://www.reddit.com/media?url=https%3A%2F%2Fi.redd.it%2F1a1xu2p10ssb1.jpg
For All The Dogs,"Cole or Slap?
(prod. Vinylz, Boi-1da, OZ, Tay Keith, Coleman & FNZ)
(First Person Shooter)","The track ""First Person Shooter"" with J. Cole may have been called ""Cole or Slap?"" at one point because it was seen scribbled out and rewritten as ""First Person Shooter"" in an OG tracklist posted by Drake on October 7th. Likely didn't have J. Cole's contributions, as those were recorded the day the album came out.",,,"Oct 7, 2023",Confirmed,Not Available,https://www.reddit.com/media?url=https%3A%2F%2Fi.redd.it%2F1a1xu2p10ssb1.jpg
Thank Me Later,"Kanye West - Higher [V3]
(prod. No ID)
(Dark Fantasy)","OG Filename: Higher New KW VOX REF
Possibly the earliest version of the song. Has a very different beat to the final version and mumble high energy vocals. No ID mentioned to Complex that versions of the song before Nicki Minaj recorded existed, and this is one of them. Samples ""In High Places"" by Mike Oldfield.",1:50,"Jan 4, 2010","Sep 30, 2023",OG File,CD Quality,https://pillows.su/f/91dd7af71aa25742baa974f98e5994a0
Thank Me Later,"Kanye West - Higher [V4]
(feat. ???) (prod. No ID)
(Dark Fantasy)","OG Filename: higher ruff 1.15
Later version that has different Kanye mumble that is meant for a verse rather than singing and a more developed beat. Has an unidentified vocalist doing backing harmony vocals.",4:05,"Jan 15, 2010","Sep 30, 2023",OG File,CD Quality,https://pillows.su/f/4e3bc37a0a30f9913e2d0f4d66c87bdc
Thank Me Later,"Kanye West - Dark Fantasy [V5]
(feat. Nicki Minaj & Bon Iver) (prod. No ID)
(Higher)","OG Filename: DarkFantasy 2.22 RUFF
Has no Kanye vocals, and alternate production - with some elements of earlier versions. Nicki's intro is repeated in the middle of the track, and is an exact interpolation of the original Roald Dahl sample from before part of it was rewritten.",5:13,"Feb 22, 2010","Sep 30, 2023",OG File,CD Quality,https://pillows.su/f/e440ff145153f3d2121a3f886b8abd31
Thank Me Later,"Kanye West - Dark Fantasy [V6]
(feat. Nicki Minaj & Bon Iver) (prod. No ID)
(Higher)","OG Filename: DarkFantasy 4 8 RUFF
Has Kanye vocals with most of the release lyrics, but still has some mumble parts. Has alternate production, with the same simplistic beat looping throughout most of the song.",3:42,"Apr 8, 2010","Sep 30, 2023",OG File,CD Quality,https://pillows.su/f/8fa9ba78ab98373a8c1cdea970280080
Scorpion [V1],"Kanye West - Yikes [V5]
(ref. Tassho Pearce) (prod. Kanye West, Pi'erre Bourne & Apex Martin)","OG Filename: kanye yikes tassho ref 1
Tassho Pearce reference track.",2:08,,"Sep 22, 2023",OG File,High Quality,https://pillows.su/f/cf83c9d641041aed60d0b06016349d5b
Scorpion [V1],"Kanye West - Yikes [V6]
(prod. Kanye West, Pi'erre Bourne & Apex Martin)","OG Filename: YIKES Ref 05.25.28
Has production and mixing differences, and mumble verses. Drake can be heard in the bleed doing an ""aye"" adlib after the first hook.",2:08,"May 25, 2018","Sep 22, 2023",OG File,CD Quality,https://pillows.su/f/f69ae6d066bd1e55c6999e9a97101452
Scorpion [V1],"Kanye West - Yikes [V7]
(prod. Kanye West, Pi'erre Bourne & Apex Martin)","OG Filename: Yikes REF 05.26.18 3am
Has a fully finished first verse with alternate lyrics, and features production and mixing differences. Drake can be heard in the bleed doing an ""aye"" adlib after the first hook.",2:22,"May 26, 2018","Sep 22, 2023",OG File,CD Quality,https://pillows.su/f/85635434f4b1ad30ca211809761a8fea
Scorpion [V1],"Kanye West - Yikes [V13]
(prod. Kanye West, Pi'erre Bourne, MIKE DEAN & Apex Martin)","OG Filename: Yikes Ref 2
Alternate mix.",3:21,,"Sep 22, 2023",OG File,CD Quality,https://pillows.su/f/5a74f329a8f6958b33221e15d9696334
What A Time To Be Alive,"Sweeterman (Remix)
(prod. Jordan Francis)","OG Filename: Drake - Sweeterman (Remix)
OG file for ""Sweeterman (Remix)"". Surfaced on LEAKED.CX.",,,"Sep 10, 2023",OG File,CD Quality,https://pixeldrain.com/u/qwYAr4HD
Certified Lover Boy [V1],"Pain 1993 [V5]
(feat. Playboi Carti) (prod. Pi'erre Bourne)
(Sweet Stuff)","OG Filename: 0 Pain 1993 Dirty Revised - master
Master/OG file for ""Pain 1993"". Leaked by flab on leaked.cx.",2:28,"Apr 30, 2020","Sep 4, 2023",OG File,Lossless,https://pillows.su/f/7527dbd719b194e78722961647ecc184
Her Loss,"Lil Yachty - I DON'T TRUST MY BITCH / OLD RED [V1]
(prod. Cardo Got Wings)","OG Filename: I DON'T TRUST MY BITCH / OLD RED - LY 2022
Lil Yachty throwaway posted on his tHE CONCRETE LeaK sYstem SoundCloud account in 2023. Drake would later record on this song during the sessions for Her Loss.",3:00,2022,"Jul 20, 2023",Full,CD Quality,https://pillows.su/f/21bc48438a71f5b86a7b2628aa046532
For All The Dogs,"Tried Our Best
(prod. 40 & Jahaan Sweet)","OG Filename: Tried Our Best Ref 1.m.Noel Ref
Leaked on July 4, 2023, along with ""I'm The Problem"" and others, for some reason sellers claimed it had T-Pain. OG file later leaked, but is now lost. Officially released on For All The Dogs on October 6th, 2023.",3:29,,"Jul 8, 2023",OG File,CD Quality,"https://pillows.su/f/0a8abb3274a50272d82d605d1b7cbf1f
OG File Link Needed"
Views [V2],"✨ PARTYNEXTDOOR - I Dedicate
(prod. 40, Hagler & Jordan Lewis)
(Fire & Desire)",Completely different song besides the beat which is the same on Views.,,,"Jul 4, 2023",Full,CD Quality,https://pillows.su/f/affe62383d4f1cced827c4cd24133f93
More Life,Lose You [V1],"First demo of ""Lose You"" with a different beat.",6:02,,"Jul 4, 2023",Full,High Quality,https://pillows.su/f/83ead732b23ebf38942809d28f27910e
More Life,✨ Lose You [V2],"Second demo of ""Lose You"" with a different beat than the first demo.",5:09,,"Jul 4, 2023",Full,High Quality,https://pillows.su/f/74a1f1d568d6ac5399ec19f1f1581054
More Life,"✨ PARTYNEXTDOOR - Since Way Back [V1]
(Hot & Heavy)","OG Filename: Since Way Back
This song is a reference track / demo to Drake's ""Since Way Back"" that was on More Life. It was most likely PND's song and Drake wanted it and so it was reworked into his own song, keeping PARTY's chorus and having him record some new vocals as well. Was Up for sale by Music Mafia in 2018/19.",3:22,,"Jul 4, 2023",OG File,CD Quality,https://pillows.su/f/6745f4aac6d97882da54ae8b2004d998
More Life,"✨ PARTYNEXTDOOR - Sushi
(prod. Frank Dukes, Nineteen85 & Charlie Handsome)
(Madiba Riddim)","OG Filename: PND - SUSHI
Solo PND throwaway. The beat was later given to Drake for ""Madiba Riddim"" off of More Life. File is dated 2016, but the day and month is unknown. Has an extended intro and a less-finished beat compared to release.",2:07,,"Jul 4, 2023",OG File,CD Quality,https://pillows.su/f/87c4ce9962e873e9bad608fca56e0455
Scorpion [V1],"PARTYNEXTDOOR - Birthday [V1]
(prod. Boi-1da, Jahaan Sweet & D10)
(Ratchet Happy Birthday)","OG Filename: big p - birthday - 1da ruff (hq)
PARTYNEXTDOOR throwaway, later given to Drake for Scorpion. Later released as ""Ratchet Happy Birthday"". First verse & chorus is the same as release, however the latter half is much more experimental then release and has some mumble. The background vocals from this version would later be included in the released version.",3:37,2017,"Jul 4, 2023",OG File,CD Quality,https://pillows.su/f/90df9b8922d26d4f0c29f9a4caa81c5e
Scorpion [V1],"✨ PARTYNEXTDOOR - Lyfe I'm Livin'
(prod. PARTYNEXTDOOR, Nonstop Da Hitman, Murda Beatz & G. Ry)
(Elevate)","Very little is known about this track. Was found in a list of Sp00ky's vault. Completely different lyrics, unknown when it was given to Drake.",3:04,,"Jul 4, 2023",Full,CD Quality,https://pillows.su/f/6b93c8dd7db205040c5e65c9dc163e38
Certified Lover Boy [V1],"⭐ Young Thug - Yves Slatt Laurent
(feat. Drake)","OG Filename: Yves Slatt Laurent Noel Ref 1
45 second Drake verse meant for Young Thug. Gunna was allegedly originally supposed to be on the song. Mixed by Noel Cadastre. Era confirmed by vaulter. Snippet leaked May 28th, 2023. On October 23, 2023, Drake sparked rumors of this song’s potential release, uploading a video of a DJ playing it to his Instagram story.",2:46,,"Jul 4, 2023",OG File,CD Quality,https://pillows.su/f/43228198834f741edda2eaf885bb8b32
Certified Lover Boy [V2],"Your Pussy 
(prod. Gordo, LIOHN, Klahr, Beau Nox & Alex Lustig)
(Calling My Name)","OG Filename: YOUR PUSSY NOEL REF 1A 124BPM 01
Original version of Calling My Name from Honestly, Nevermind. Has differences in the instrumental, different lyrics and an extended outro. Mixed by Noel Cadastre. Snippet leaked May 28th, 2023. This version was encoded by iTunes 12.11.0.26, which was released November 2020, meaning this was likely originally made for Certified Lover Boy. Likely made before April 2021 when this version of iTunes was replaced by version 12.11.3.17. ",2:59,,"Jul 4, 2023",OG File,Lossless,https://pillows.su/f/518223dd7259f4237eb5b33010e3d9cc
For All The Dogs,✨ I'm The Problem,"Throwaway from the For All The Dogs sessions. Includes an open verse. Leaked on July 4, 2023.",5:22,,"Jul 4, 2023",Full,CD Quality,https://pillows.su/f/5e4a561bed90689ad7e2d181fd63b0f0
For All The Dogs,"What Would Pluto Do
(prod. BNYX®, GENT! & Bangs)","Played at the Area 29 Nightclub in Houston on June 21st, posted to @ab kingdom 's Instagram Story. A second & third club snippet leaked on June 25th. A fourth club snippet leaked June 28th. The track released on the album (under the name 'What Would Pluto Do', with Yachty credited as one of three producers, and also containing background vocals from him.",,,"Jun 28, 2023",Snippet,Low Quality,Link Needed
For All The Dogs,"Yeat - IDGAF [V2]
(prod. BNYX® & Sebastian Shah)
(IDBGNF, whatever i want)","OG Filename: YEAT - IDGAF 
Solo and likely open verse version of ""IDGAF"" before being given to Drake for his album For All The Dogs. Previewed by BNYX® on June 1 and on June 10, 2023. Also previewed by Yeat in an Instagram live on June 26, 2023, where the filename became visible, which appeared to be different than the previous version from 2021.",,,"Jun 26, 2023",Snippet,Recording,"https://pillows.su/f/f08af8f449e7783bb815024b76f75e7c
https://pillows.su/f/d7668efe68ff813df7fa258cf0042a76"
For All The Dogs,"On The Radar Freestyle  
(with Central Cee) (prod. Harley Arsenault & Kid Masterpiece)","Snippet that was previewed at the Area 29 Nightclub in Houston, unknown what has changed for release.",,,"Jun 25, 2023",Snippet,Low Quality,Link Needed
Views [V2],"Kanye West - 30 Hours [V13]
(prod. Karriem Riggins & DJDS)","OG Filename: 30 Hours DJDS Reference
DJDS produced version. Was meant for The Life Of Pablo.",3:52,,"Jun 16, 2023",OG File,Lossless,https://pillows.su/f/c0b9640bf46c3f54f060bcbeac5f995c
For All The Dogs,"🗑️ Lil Durk - Rescue Me [V1]
(feat. Drake) (prod. BNYX®, SADPONY, Wesley Curtis, 40, Lil Yachty & BEAUTIFULMVN)
(Patient With Me, Search & Rescue, Mommy)","Original version of ""Search & Rescue"" from the sessions for Lil Durk's Almost Healed album. Also has an alternate mix. Durk raps about him and his then-girlfriend drinking pee, among other things. Leaked randomly on June 10th, 2023.",4:25,,"Jun 10, 2023",Full,CD Quality,https://pillows.su/f/3aaa9f1c64d773d03cfa06f4ee576b22
More Life,"PARTYNEXTDOOR - Freak In You
(feat. Drake)","Voice memo snippet leaked June 1st, described as the remix's proper verse and bridge stitched onto the final song, was cut by PND and drake later released remix of the song with his feature kept in.",,,"Jun 1, 2023",Snippet,Recording,Link Needed
Scorpion [V2],"Survival [V1]
(prod. No I.D. & 40)","Original version of Survival with louder hihats and a piano. Voice memo snippet leaked on June 1st, 2023.",,,"Jun 1, 2023",Snippet,Recording,Link Needed
Certified Lover Boy [V2],"Yebba's Heartbreak [V1]
(feat. Yebba) (prod. Yebba, James Francies, 40 & Abbey Smith)","Extended Yebba verse in CDQ, has a couple of Drake adlibs throughout the song. Voice memo snippet leaked June 1st 2023.",,,"Jun 1, 2023",Snippet,Recording,Link Needed
More Life,"KMT
(feat. Giggs)","Original version of KMT with an open verse. Is a little bit longer, has no outro transition to Lose You, an alt intro, minor mixing differences, and a minor beat change on Giggs verse. Found in a engineer's iCloud account.",3:44,,"May 29, 2023",Full,CD Quality,https://pillows.su/f/ec906842e957ea6dcee08c0c0a837c3f
It's Never Enough,"⭐️ Dr. Dre - Tell Me
(ref. Drake) (prod. Dr. Dre)","Drake wrote a reference track for Dr. Dre's long-lost album ""Detox"". A one minute long acapella version of the song leaked online back on February 14th, 2011. Since then on February 24th, 2020 and July 8th, 2020, CDQ snippets with tags emerged of the completed song. Leaked in full on May 28th, 2023 as a bonus to a GB. Samples ""What Good Am I"" by Revelation.",3:12,,"May 28, 2023",Full,CD Quality,https://pillows.su/f/81a6e6837315701031d3f2b17474a0fe
If You're Reading This It's Too Late,"Concentrate
(My Way)","OG Filename: Drake - 2015 - Concentrate Noel Ref 1
Hook only with slightly diff lyrics and a chorus form of what became Drake's feature verse on Fetty Wap's ""My Way"". Mixed by Noel Cadastre.",3:10,,"May 28, 2023",OG File,Lossless,https://pillows.su/f/bafab6600dc9201b82381e0bd0007e00
Views [V2],✨ Child's Play [V2],"OG Filename: Drake - Childs play idea draft 2 hatsdown snareup UNRLSD 2
Has a completely different hook, a more trap influenced beat, and no second verse. Likely V2 (version 2) of the song, determined via file name (suggesting v1 exists). Can be assumed that there are later versions, since the second verse is not present.",2:36,,"May 28, 2023",OG File,High Quality,https://pillows.su/f/878f8728cf1d0476b64008a182cad6a2
Scorpion [V1],"⭐ Jaded [V1]
(feat. Ty Dolla $ign & Jeremih) (prod. Noel Cadastre)","OG Filename: Jaded DRAKE TY 02.06.18
Original version of Jaded. Contains a Ty Dolla $ign verse cut from the released version, and two scrapped lines during Ty's verse from Jeremih.",3:30,"Feb 6, 2018","May 28, 2023",OG File,Lossless,https://pillows.su/f/17428415887762813115650285f85a15
Nothing Was The Same,"✨ Day 1
(No New Friends)","OG Filename: 1717 - DAY 1 BEAT
Original version of No New Friends before DJ Khaled was given the song for his 2013 album ""Suffering From Success"". File is dated 2012. Has no features and no DJ Khaled tags. A lot shorter than the released version. OG file leaked on LEAKED.CX on May 24th, 2023.",1:04,2012,"May 24, 2023",OG File,High Quality,https://pillows.su/f/41039d55b026a10d9fc0316f97c41759
Views From The 6ix [V1],"⭐️ Pistol In My Bed [V3]
(feat. Romeo Santos) (prod. Drake, 40 & ???)
(Pistols, Pistol)","OG Filename: PISTOL IN MY BED  REF
A version of ""Pistols"" with a Romeo Santos feature and extra production. OG file leaked on LEAKED.CX on May 24th, 2023. Encoded by FL Studio 12, meaning this version was likely made sometime after April 2015 and before July 2015.",3:54,,"May 24, 2023",OG File,Lossless,https://pillows.su/f/e92d1c10aa245b0d46b8ee29634a8ec1
More Life,"Pistol [V4]
(feat. Romeo Santos) (prod. Boi-1da)
(Pistol In My Bed, Pistols) ","OG Filename: Pistol Drake Romeo 2 1da
Later version of ""Pistols"" featuring a different beat previewed on Sound 42. Dated 2017.",3:25,2017,"May 24, 2023",OG File,Lossless,https://pillows.su/f/e39c80b326003013dbbf17f0c9a3d0f3
Certified Lover Boy [V2],"Seeing Green
(feat. Lil Wayne) (prod. GOVI & Kid Masterpiece)","OG Filename: Seeing Green YM Noel Ref 1A1
Leaked along with several other files on LEAKED.CX. This version has an open verse for Nicki Minaj, has slightly different lyrics from Lil Wayne, and slightly different mixing by Noel Cadastre. Likely originally Drake's song given its producers work mainly with him and Nicki isn't even on the song yet at this point. The ""YM"" in the filename likely stands for ""Young Money"", which could mean Nicki was planned to be on the song at some point before she took it for her 2021 re-release of her mixtape Beam Me Up Scotty.",,,"May 24, 2023",OG File,Lossless,Link Needed
Scorpion [V1],"🗑️ Angles [V1]
(prod. Murda Beatz, BlaqNmilD, 40 & Corey Litwin)
(Nice For What)","Original version of ""Nice For What"", titled ""Angles"". Has similar lyrics to release, with a really bad version of the beat & weird autotune effects. Very poorly mixed.",2:59,,"May 16, 2023",Full,High Quality,https://pillows.su/f/386d2c27e408935722d52f68974540fd
Scorpion [V1],Summer Games [V1],"Original version of Summer Games where Drake mumbles through some of the lyrics. Has a slower tempo, a small unused sample, and was allegedly recorded 2017.",2:00,,"May 16, 2023",Full,CD Quality,https://pillows.su/f/42ff6d21e716d5494b5be43f1e93b213
Scorpion [V1],"✨ Upset
(I'm Upset)",Features more of a soulful beat behind Drake’s lyrics which have been cut. This version also features no adlibs with a more monotone delivery from Drake and slightly different lyrics in the 2nd verse. Leaked in May 16 along with Angles and OG Summer Games.,2:59,,"May 16, 2023",Full,High Quality,https://pillows.su/f/fce3d1cb9904f429b66c0f5e26438944
Certified Lover Boy [V2],"✨ Tems - Only Me
(feat. Drake) (prod. GuiltyBeatz)
(Me & U)","Tems talked about this song after ""Certified Lover Boy"" came out, possibly made in the same session as ""Fountains"". The song officially released as ""Me & U"" on October 5th, 2023 with Drake removed.",4:22,,"May 13, 2023",Full,CD Quality,https://pillows.su/f/1623e41494ab115f826fc5cdb0ea3a9f 
Views [V2],"⭐️ PARTYNEXTDOOR - Bricks [V1]
(feat. Drake)
(Passionfruit)","Uses the bridge sample from Passionfruit; Said to have been reworked into Passionfruit by Flab. Was thought to have been from More Life era, but it turned out to be from around Views era, due to the song later being worked on for Views after PND gave the song to Drake.",7:03,,"May 10, 2023",Full,CD Quality,https://pillows.su/f/2df0dc00a0cc52d1737af0bbf54dcbdd
Scorpion [V2],"⭐️ Lil Wayne - Startrax [V1]
(feat. Drake) (prod. Pharrell Williams)
(Anthem, Morë Tonight)","Reportedly recorded during the Carter V era studio sessions. The title is a reference to the Startrax Production Recording Studio in New York City. On May 10th the song leaked in full along with ""Against the Wind"" & ""Heated"". This song got turned into Nigo & Teriyaki Boyz's 2022 song ""Morë Tonight"".",3:17,,"May 10, 2023",Full,High Quality,https://pillows.su/f/1b5ce3d4859437a5ca0eb16b8757221b
Certified Lover Boy [V1],"⭐️ Beyoncé - Heated
(ref. Drake) (prod. Boi-1da & Jahaan Sweet)
(Heating Up The Summer)","A reference track that was used by Beyoncé on the final version of the song, although it is not known whether this version is for Drake or Beyoncé's albums. Has alternate additional production not seen on the final version. Also has a verse that was not used on the final version.",3:46,,"May 10, 2023",Full,High Quality,https://pillows.su/f/928a8026eddf62cfa07848beeab7892e
Certified Lover Boy [V1],"✨ Against The Wind [V1]
(prod. 40)
(The Remorse)","OG Filename: Against The Wind Noel Ref 1
Original version of ""The Remorse"". Has an open verse. Mixed by Noel Cadastre. This version incorporates a different sample in Lori Perry’s 1996 song “Up Against The Wind”, Drake only has one verse (an early version of the second verse on “The Remorse”) with only the first 16 bars being shared between the demo and the final version, there are no backing vocals from R&B singer Anthony Hamilton, and there is a completely different instrumental and outro. The track was recorded sometime in 2020 during sessions for Certified Lover Boy.",4:27,2020,"May 10, 2023",Full,CD Quality,https://pillows.su/f/576310ddb3e7c5460776cddab9bf5a61
Posthumous Aaliyah Project,"Enough Said (Radio Mix/Clean)
(prod. 40)","The radio edit of Enough Said. OG file leaked on May 9th, 2023.",3:56,,"May 9, 2023",OG File,Lossless,Link Needed
Posthumous Aaliyah Project,"Enough Said (Explicit)
(prod. 40)","OG Filename: Enough Said -Aaliyah- Drake Prod Noah Shebib Dirty
Was posted to Drake's YouTube in August 2012. OG file leaked on May 9th, 2023.",3:56,,"May 9, 2023",OG File,Lossless,https://pillows.su/f/0d5250487dabc377db6709983286164e
Posthumous Aaliyah Project,"Enough Said (iTunes Master)
(prod. 40)","The iTunes master for Enough Said. OG file leaked on May 9th, 2023.",3:56,,"May 9, 2023",OG File,Lossless,https://pillows.su/f/03833381620b9e58a57a9ec1b1b62346
Views From The 6ix [V1],"Kanye West - Soul Dog [V1]
(prod. Kanye West)
(When I See It, Tell Your Friends)","OG Filename: KW - Soul Dog Ref (1.6.14)
Mostly mumble freestyle containing more vocals than other versions. Samples ""Can't Stop Loving You"" by Soul Dog.",3:39,"Jan 6, 2014","Apr 17, 2023",OG File,Lossless,https://pillows.su/f/882ee5021f68855f77053c09cb2555b3
Scorpion [V1],"Kanye West - Yikes [V10]
(prod. Kanye West, Pi'erre Bourne, MIKE DEAN & Apex Martin)","Version with new production that includes synths, piano and electric guitar. Said by Waterfalls to be dated from a couple days before the release of ye. Also stated to have been made before the track was worked on by MIKE DEAN, but this is not true.",1:24,,"Apr 17, 2023",Full,Lossless,https://pillows.su/f/652e6c3c7cd5f8eb0022ea94dd36c527
Certified Lover Boy [V1],"Headie One - Only You
(feat. Drake) (prod. M1OnTheBeat)
(Only You Freestyle)","OG Filename: Only You Noel Ref 1A Full
OG file for ""Only You Freestyle"" by Headie One & Drake. Mixed by Noel Cadastre.",4:10,,"Apr 4, 2023",OG File,Lossless,Link Needed
For All The Dogs,"Search & Rescue [V2]
(prod. BNYX®, SADPONY, Wesley Curtis, 40, Lil Yachty & BEAUTIFULMVN)
(Patient With Me, Rescue Me, Mommy)","Another version of ""Search & Rescue"" previewed multiple times, has a worse mix.",4:34,,"Mar 31, 2023",Full,CD Quality,Link Needed
What A Time To Be Alive,I'm The One / Jersey [V1],"OG Filename: Future - Im The One  Jersey 09.12.2015
Leaked on LEAKED.CX on Feb. 26, 2023. Originally a 2-part song with a transition in between, but it was split up, and Jersey became the solo Future song on WATTBA.",6:09,"Sep 12, 2015","Feb 26, 2023",OG File,CD Quality,https://pillows.su/f/fab43074a315a056df9d242a056fb5b4
Scorpion [V1],"⭐️ Young Thug - Easy
(feat. Drake) (prod. Supa Dups, Taranchyla & 40)
(Signs)","OG Filename: Young Thug ft Drake - Easy 02-01
Original version of ""Signs"" with a verse from Young Thug. Originally Young Thug's song and titled ""Easy"" based on the filename. Dated June 1st, 2017, only 21 days before the final song released.",3:43,"Jun 1, 2017","Jan 31, 2023",OG File,Lossless,https://pillows.su/f/637af357a94da21a9ff28328b306106a
Views [V2],"Kanye West - 30 Hours [V8]
(prod. Darren King & Karriem Riggins)","Darren King version. Has the finished release vocal take, but with completely different drums and prod. VC recorded snippets surfaced in December of 2021. The full song would leak January 29th, 2023.",1:57,,"Jan 29, 2023",Full,CD Quality,https://pillows.su/f/09ee566a50e3f5b296acaca6a86c071a
Certified Lover Boy [V1],"⭐️ Billie Eilish - Blind Faith [V2]
(feat. Drake) (prod. GOVI)
(Come Back To Me)","First HQ snippet surfaced November 21st, 2020. On January 24th, 2023 a finished low quality version surfaced with Billie Ellish verses, with the HQ version leaking a day later. Was thought to have been from Scorpion era until the era was confirmed by Alek. Also confirmed by Alek to be a Billie Eilish song.",4:17,,"Jan 25, 2023",Full,CD Quality,https://pillows.su/f/304e7fe351fea901bea971c459651df2
It's Never Enough,"The Weeknd - Shot For Me
(prod. Rainer Millar Blanchaer)","Intended for HOB and made in 2010, this song was given away to Drake for his sophomore album ""Take Care"". We first learnt about this in Abel's Complex interview. A fake AI generated Snippet surfaced on January 19th, 2023, segments of the actual track have yet to be heard. Likely produced by Rainer Millar Blanchaer.",,,"Jan 19, 2023",Snippet,CD Quality,https://pillows.su/f/91cea0983dc91ce3bc4fa397442d65e4
More Life,"PARTYNEXTDOOR - I Hope [V1]
(prod. Kanye West & 40)
(Glow)","The original version of Glow. There are no Drake or Kanye verses on this song, only PND.",2:51,,"Jan 18, 2023",Full,CD Quality,https://pillows.su/f/286001f0f37e4bd054360a7e4510db04
Certified Lover Boy [V1],"Pain 1993 [V1]
(prod. Pi'erre Bourne)
(Sweet Stuff)","OG Filename: Pain 1993 Noel Ref 1
Original version of ""Pain 1993"" with an open verse and a harsher mix by Noel Cadastre. Filename was originally shown in a Twitter post by Ian Connor on June 7th, 2019.",2:31,2019,"Jan 11, 2023",OG File,CD Quality,https://pillows.su/f/fc4c1f557f66dbec7d1170e176354c29
Views [V2],"Kanye West - 30 Hours [V3]
(prod. Karriem Riggins)","Said to be ""demo 2"" by Alek. Some lyrics from this freestyle are used in release, but most are unused.",2:52,"Oct 1, 2015","Jan 9, 2023",Stem Bounce,Lossless,"https://pillows.su/f/85d3bba6cb86c5415e0f6ea6f6a68b5e
Lossless Needed"
More Life,Lose You [V3],"An original version of ""Lose You"" with a few new lines and slightly different vocals. Two versions with different beats than the released exist.",,,"Jan 9, 2023",Snippet,High Quality,Link Needed
Views [V2],"Kanye West - 30 Hours [V2]
(prod. Karriem Riggins)","Original version with completely different, yet unfinished vocals and structure, along with the sample being played out slightly differently.",6:29,"Oct 1, 2015","Jan 8, 2023",Stem Bounce,Lossless,https://pillows.su/f/1d1609984555ef1607fd33e14940b5f9
Certified Lover Boy [V1],"21 Savage & Metro Boomin - Gang Shit
(feat. Project Pat) (prod. Metro Boomin)
(Knife Talk)","OG Filename: 21 Savage - Gang Shit (BPM 146) ES Stem Mix R3 Master
OG version of Knife Talk that was originally meant for Savage Mode II, but got swapped with Mr. Right Now. Has an extended Project Pat intro and another 21 Savage verse. Leaked by Metro Boomin himself on Twitter. Was the version Drake heard days before Certified Lover Boy came out that he decided to write a verse to.",3:47,"Aug 22, 2020","Jan 3, 2023",Full,Lossless,https://pillows.su/f/47e8ced7c0c7c9967e77d138bf753ccc
"Honestly, Nevermind","⭐ Trance [V3]
(feat. Travis Scott & Young Thug) (prod. Metro Boomin & Allen Ritter)","OG Filename: Trance V2 Mix Master 6.9.22 44 16
Track 7 on an early tracklist for Honestly, Nevermind including a scrapped Drake verse. Metro Boomin claimed Drake was cut due to the song already being complete, but it was later revealed that he had wanted the song for his own album 'Honestly, Nevermind', and it appears on tracklist art he released on his 100 GIGS site. Supposedly this is the song Drake had badgered Metro about sending him shortly after his mother had passed, leading to their falling out. Metro's mother was killed just a month after this master was made, and Honestly, Nevermind released two weeks afterward. This is presumably the real reason Metro ultimately refused to give the song to Drake and cut him off his album's version. This situation was rumored during the Kendrick beef in 2024, but eventually confirmed by Thug in leaked jail calls in 2025. This version features different mixing, alternate production, shorter Thug verse and also lacks Peter Lee Johnson’s violin throughout the song.",3:46,"Jun 9, 2022","Jan 1, 2023",OG File,Lossless,https://pillows.su/f/30cb61a7644c7f452536e7fb95b60804
Views [V2],"Kanye West - 30 Hours [V4]
(prod. Karriem Riggins)","Said by Alek to be ""demo 3"". Leaked as a bonus for the ""Welcome To My Life"" groupbuy. Originally referred to as ""College Dorm Sweetheart"", but that isn't a real title. A stem edit using vocals from this demo over the beat for ""Reborn"" made by Logan Smitherman leaked in 2019.",2:29,"Oct 1, 2015","Dec 27, 2022",Stem Bounce,Lossless,https://pillows.su/f/f96dbbf13ef78dc340790e96f0533a5e
Views From The 6ix [V1],"Kanye West - When I See It [V10]
(feat. The Weeknd) (prod. Kanye West)
(Soul Dog, Tell Your Friends)","OG Filename: KW - When I See It Ref For Kirby @ 74.5 BPM
This version does not have any Drake, intended for Kirby Lauryen to record on.",2:21,,"Dec 21, 2022",OG File,CD Quality,https://pillows.su/f/23224f74da1d5a05305d12501e2bb2c3
Views From The 6ix [V1],"Kanye West - When I See It [V11]
(ref. KIRBY) (prod. Kanye West)
(Soul Dog, Tell Your Friends)","OG Filename: When I See It 6.17.14
Kirby Lauryen reference track. Would later be used by Kanye when he released his own solo version on Souncloud.",2:12,"Jun 17, 2014","Dec 21, 2022",OG File,High Quality,https://pillows.su/f/51b9479ae9046661b87880a464eeee5a
Views From The 6ix [V1],"Kanye West - When I See It [V2]
(prod. Kanye West)
(Soul Dog, Tell Your Friends)","OG Filename: KW - When I See It Ref (2.11.14)
Features about 1:30 of vocals, and a minute of open verse.",2:34,"Feb 11, 2014","Dec 20, 2022",OG File,CD Quality,https://pillows.su/f/da8fa6c0876698654bf1fbf25a96bbc8
"Honestly, Nevermind","Gunna - pussy power [V3]
(prod. Metro Boomin)
(P power)","OG Filename: 05. PUSSY POWER BPM 119.2 01
Alternate solo version of ""P power"", contains additional vocals from Gunna and doesn't have Metro's producer tag. Dated October 8, 2021.",,"Oct 8, 2021","Nov 23, 2022",OG File,Lossless,Link Needed
Certified Lover Boy [V2],"✨ Prototype [V2]
(prod. OZ & Deats)
(No Good, Slimed Out Baby)","A throwaway from the 'Certified Lover Boy' sessions. Premiered on OVO Sound after ""Her Loss"" released. Was thought to be called ""No Good"" or ""Slimed Out Baby"", but was later revealed by sources to have been named ""Prototype"".",,,"Nov 4, 2022",Full,High Quality,https://pillows.su/f/4805345252d5925195885ba5cfb877de
Certified Lover Boy [V1],"⭐️ Roddy Ricch - In The Cut
(feat. Drake) (prod. Nils, CuBeatz & Boi-1da)
(Under Pressure)","OG Filename: 09 Roddy Ricch - In The Cut ft Drake
Song sold in private buy. The song was first previewed on March 28, 2020, by Drake’s close friend and producer Boi-1da during a Verzuz battle on Instagram Live with rapper and producer Hit-Boy. The song was previewed again by Drake in an Instagram Live session on nightowlsound on May 1st, 2020, after the release of his fifth mixtape Dark Lane Demo Tapes. Two months later, the song then fully leaked on July 4th, 2020. OG file leaked on October 17th, 2022. The loop used in the beat was made by CuBeatz, titled ""Currupted"", the loop was also used for a Lil Uzi Vert throwaway in 2018, titled by fans as ""Don't Get Murked Up"".",2:19,2019,"Oct 17, 2022",OG File,CD Quality,https://pillows.su/f/b6cfa706cb3b3e0c46c77a0d9f161d5d
Certified Lover Boy [V2],"Too Sexy [V1]
(feat. Future & Young Thug) (prod. TM88 & TooDope)
(Way 2 Sexy) ","OG Filename: TOO SEXY HARLEY.NOEL .ha.6
Original version of ""Way 2 Sexy"" titled ""Too Sexy"". Mixed by Noel Cadastre & Harley Arsenault. This version features slightly different mixing with the only major change is a beat pause at 1:18.",4:03,2021,"Oct 17, 2022",OG File,CD Quality,https://pillows.su/f/db902c671c35a6998fda52855f2fdfc7
"Honestly, Nevermind","Jack Harlow - Churchill Downs [V2]
(feat. Drake) (prod. Boi-1da, BEDRM, Ace G & Audi)","OG Filename: CHURCHILL DOWNS NOEL REF 1
Original version of ""Churchill Downs"" by Jack Harlow which leaked on Soundcloud randomly on April 13th, 2022 before the release of Jack Harlow's album Come Home The Kids Miss You. Mixed by Noel Cadastre. Jack's verse is shorter compared to release, with him recording more lines for it post-leak. Drake likely recorded his verse on March 8th, 2022 when him and Jack initially linked at Turks and Caicos. OG file leaked on October 17th, 2022.",4:32,"Mar 8, 2022","Oct 17, 2022",OG File,CD Quality,https://pillows.su/f/b92b460705cf9eb6a74f4e148a6f6100
"Honestly, Nevermind","Young Thug - Bubbly [V1]
(feat. Drake & Travis Scott) (prod. Wheezy, Cardo Got Wings, Dez Wright, Yung Exclusive, Johnny Juliano & Mu Lean)","OG Filename: Bubbly feat Travis and Drake Noel Ref 1A
Rougher mix and no Wheezy tag; otherwise identical. Mixed by Noel Cadastre. OG file leaked on LEAKED.CX on October 17th, 2022.",2:43,,"Oct 17, 2022",OG File,CD Quality,Link Needed
Certified Lover Boy [V1],"Toosie Slide [V2]
(prod. OZ)","Near final mix of ""Toosie Slide"". Only the instrumental is available.",,,"Oct 13, 2022",Beat Only,CD Quality,Link Needed
Scorpion [V1],"Trippie Redd - Right Now [V1]
(feat. Kodie Shane) (prod. OZ)
(Lie To Me)","OG Filename: trrip x kod
Trippie Redd throwaway. The intro would later be used on ""Lie To Me"". Leaked on October 7, 2022.",2:18,,"Oct 7, 2022",OG File,CD Quality,https://pillows.su/f/cb530e8b0af4f706449b0cab060ee7ee
Views From The 6ix [V1],"⭐ Kanye West - When I See It [V9]
(feat. The Weeknd & Drake) (prod. Kanye West, MIKE DEAN & Hudson Mohawke)
(Soul Dog, Tell Your Friends)","OG Filename: KW - When I see It Ref (5.10.14)
The original version of The Weeknd track ""Tell Your Friends"" originally meant for Kanye West's unreleased album Yeezus 2 and eventually Kanye West's unreleased album So Help Me God. Released version features part of Kanye's first verse muffled. Originally teased by GOODMUSICINSIDER in 2014. Features The Weeknd and Drake and has a MIKE DEAN outro with Hudmo drums. The Kanye verse is a longer mumble ref compared to the ""When I See It"" demo he publicly released, and Drake's verse has some minor differences from his officially released remix.",4:59,"May 10, 2014","Oct 2, 2022",OG File,CD Quality,https://pillows.su/f/286146b7bcf8b1249455e351c23b1908
Certified Lover Boy [V2],"Gunna - pussy power [V2]
(prod. Metro Boomin)
(P power)","OG Filename: PUSSY POWER V2
Solo version of ""P power"" by Gunna.",3:14,"Jul 27, 2021","Sep 23, 2022",OG File,Lossless,https://krakenfiles.com/view/UPotzu3cWS/file.html
"Honestly, Nevermind","DJ Khaled - NO SECRET INTERLUDE [V3]
(feat. Drake) (prod. Rex Kudo, Preme, Matt Spatola, Jason Lader, Sim Fane, Charlie Coffeen & Aaron Paris)
(No Secret)","OG Filename: DRAKE - NO SECRET INTERLUDE-WITH FADE AT THE END-UPDATE2
OG file for the version of the song released on ""GOD DID"", has a slight title difference referring to it as an interlude.",0:48,2022,"Aug 26, 2022",OG File,Lossless,https://pillows.su/f/a4585a8a1eb666f4a60db163c271ca31
What A Time To Be Alive 2,"✨ Big Mood [V3]
(prod. Metro Boomin)
(Ratatouille)","An alternate version of ""Big Mood"" was played on Sound 42's Fri Yiy Radio Show in 2022. It features new verses from Drake and Future, as well as some added adlibs and a more finished beat with the melody being more pitched-up. Part of the second verse contains lyrics from ""Can't Take A Joke"", which means it's likely older.",3:15,,"Jul 11, 2022",Tagged,CD Quality,https://pillows.su/f/3bee79fc4506290ab240fc01533f65e5
"Honestly, Nevermind","French Montana - Splash Brothers [V1] 
(feat. Drake & Rick Ross) (prod. Yosh Beats, JB & EVERGRN)","A throwaway from French Montana's album ""They Got Amnesia"".",3:26,,"Jun 20, 2022",Full,High Quality,https://pillows.su/f/6e5d3dd09136a35c74a0a0a4a39998df
"Honestly, Nevermind","⭐ French Montana - Splash Brothers [V2] 
(feat. Drake) (prod. Yosh Beats, JB & EVERGRN)","OG Filename: 05 Splash Brothers with Drake
Later version with Rick Ross removed and updated production/mixing which was meant to be on the album as track 5 before being scrapped.",3:57,,"Jun 20, 2022",Full,CD Quality,https://pillows.su/f/66c7f48d9c10425c27ec5188da3acf87
Scorpion [V1],"🏆 Pi'erre Bourne - Drunk And Nasty
(feat. Drake) (prod. Pi'erre Bourne)","Revealed on an IG Live on June 16th, 2022. Pi'erre briefly mentions that he had him on 'Drunk & Nasty', as well as 'Poof', and that we'll never hear either. Drake confirmed in an IG comment that he 'regrets not finishing the last 2 bars'. Unknown when Drake's verse was recorded, but can be assumed it was either recorded after Pi'erre's album 'The Life of Pi'erre 4' released in June of 2019 or during the Australian leg of Drake's Boy Meets World tour, since Pi'erre was with Drake heavily during that period.",,,"Jun 16, 2022",Confirmed,Not Available,https://www.instagram.com/p/CfItXkQulKZ/?img_index=3
Scorpion [V1],"🏆 Pi'erre Bourne - Poof
(feat. Drake) (prod. Pi'erre Bourne)","Revealed on an IG Live on June 16th, 2022. Pi'erre briefly mentions that he had him on 'Drunk & Nasty', as well as 'Poof', and that we'll never hear either. Drake's verse was most likely recorded during the Australian leg of his Boy Meets World Tour, since Pi'erre was with Drake heavily during that period.", ,,"Jun 16, 2022",Confirmed,Not Available,Source Needed
"Honestly, Nevermind","⭐ Confusion (Remix)
(prod. Adam Port, Rampa & &ME)","Remix of 'Confusion' by &ME, Rampa, Adam Port & Keinemusik featuring Ali Love. Played prior to Honestly, Nevermind's release by Drake on Sound 42's 'TABLE FOR ONE' show. Technically not the full song, due to the transition at the end.",,,"Jun 16, 2022",Partial,High Quality,https://pillows.su/f/f05366b8a562881e932d868af7a4feb4
"Honestly, Nevermind",I Could Never [V3],"Updated version of ""I Could Never"", but without Jorja Smith. Played on Sound 42's TABLE FOR ONE show by Oliver El-Khatib, prior to the release of Honestly, Nevermind.",,,"Jun 16, 2022",Full,High Quality,https://pillows.su/f/dd23024a83f314f4a2fa51a299eeb693
"Honestly, Nevermind","✨ Overdrive
(prod. 40, Black Coffee, Beau Nox & Alex Lustig)","OG Filename: Overdrive V1  44 16
Original version of ""Overdrive"" that has an extended outro and additional background vocals / minor production changes.",4:24,"Jun 4, 2022","May 28, 2022",OG File,Lossless,https://pillows.su/f/e287717c020e461b6908516c01cefa29
Scorpion [V1],"Keeping Count Interlude [V1]
(Zodiac Sign)",Demo version of Zodiac Sign given to Jessie Reyez. This version has open verse for Jessie's vocals. There is also an acapella snippet of Jessie's verse.,,,"Apr 19, 2022",Snippet,CD Quality,Link Needed
"Honestly, Nevermind","Young Thug - Bubbly [V3]
(with Drake & Travis Scott) (prod. Wheezy, Cardo Got Wings, Dez Wright, Yung Exclusive, Johnny Juliano & Mu Lean)","OG Filename: 12. Bubbly (with Drake & Travis Scott)
Master file for track 12 on Punk, ""Bubbly"" with Drake and Travis Scott.",2:45,"Oct 15, 2021","Apr 9, 2022",OG File,Lossless,https://pillows.su/f/7ae9314a9e0bd402d5887405f7284c3f
So Far Gone,"Uptown
(prod. Boi-1da & Arthur McArthur)","OG Filename: Uptown Ref 1
Structured like leaked OG version. Includes an open hook for Lil Wayne, open verse for Bun B and an additional Drake bar at end of first verse. Leaked along with several other So Far Gone Refs. Encoded by iTunes 8.0.2, meaning it was likely made sometime after November 20th, 2008.",6:00,,"Apr 8, 2022",OG File,High Quality,https://pillows.su/f/3bc4bf639dbc278a861e2614655d7169
"Honestly, Nevermind","BNYX® - ???
(prod. BNYX®)
(Meltdown)","Original version of the ""Meltdown"" beat. Was originally created by BNYX® as a shitpost / April Fools day joke. Confirmed to be the OG beat by BNYX® on Twitter on 4/1/2024. Neither Drake, Travis, Yeat or Metro Boomin had anything to do with this song at that point and the Metro tag and Drake adlibs are not official.",,,"Apr 1, 2022",Snippet,High Quality,"https://pillows.su/f/4387f552831c9d1d7cac9c44b9c68327
https://twitter.com/BNYX/status/1774931309707559137"
If You're Reading This It's Too Late,"🏆 Bullets Don't Tickle [V3]
(feat. Action Bronson & ???) (prod. Just Blaze)
(Reminder, Mr. Rapper)","A throwaway from the 'If You're Reading This It's Too Late' sessions, specifically Drake's last session with Just Blaze. Uses unused Just Blaze beat for JAŸ-Z's ""Reminder"". Just Blaze played a portion of the track on Instagram Live on March 27th, 2020. Video with more of the IG Live session went public on Feb 11th, 2022. This song might never release to the public. One of the features was thought to be Jay Electronica, but it is confirmed that it is not Jay. Probably one of the biggest Drake grails.",,,"Feb 11, 2022",Snippet,Low Quality,https://pillows.su/f/6474a9b044b31a12c0884bff5bf4bbe5
What A Time To Be Alive,"Future - This Sunday
(prod. Metro Boomin)
(Feel No Ways)","Leaked on LEAKED.CX by 2012HD on Jan. 18, 2022 after a successful groupbuy. The first snippet was leaked by ExclusiveMarket on Jul. 3, 2021. This song was the basis for Drake's 2016 'Feel No Ways'. The hook is extremely similar, as Drake used this as a reference track. This is why Future has writing credits for Drake's song. Recorded on Feb. 23, 2015. This track would then officially release on Future & Metro Boomin's 2024 album WE STILL DON'T TRUST YOU.",,"Feb 23, 2015","Jan 18, 2022",Full,CD Quality,Link Needed
"Honestly, Nevermind","⭐ Gunna - pussy power [V4]
(feat. Drake) (prod. Metro Boomin)
(P power)","Original release ready version of ""P power"" with the original sample that was cut from the final due to sample clearance issues. Samples 'Could It Be Magic' by Donna Summer.",3:13,,"Jan 7, 2022",Full,CD Quality,https://pillows.su/f/e2508c06995d499222f245b1722281ce
Certified Lover Boy [V1],"⭐️ Neatly [V2]
(add. PARTYNEXTDOOR) (prod. OG Parker, G. Ry, Bryan Yepes & FRANKIE XY)","A throwaway from the 'Certified Lover Boy' sessions. Played on Sound 42 Radio. Features additional vocals from PARTYNEXTDOOR. Track title confirmed by a list posted by Oliver El-Khatib on social media of the tracks played during the episode of Sound 42 Radio that the track was played on. Likely made around the same time as the track ""LOYAL"" from PARTYNEXTDOOR's album ""PARTYMOBILE"" was made (late 2019) due to OG Parker being credited as a producer on both tracks.",4:53,,"Nov 5, 2021",Tagged,High Quality,https://pillows.su/f/3128d371f9181ebd83fa29a8879bd006
Certified Lover Boy [V1],"Neatly [V1]
(add. PARTYNEXTDOOR) (prod. OG Parker, G. Ry, Bryan Yepes & FRANKIE XY)","Original version of ""Neatly"" with alternate lyrics in the chorus: The lyric ""The HK bussin' like a AK for real"" is ""The thing stay bussin' like a AK for real"" in this version. The line may have been changed to ""HK"" cause of Hayley Karrina, who the song may have been written about. The lyric ""These days in my conversations, accusations, yeah"" is ""These days in my conversations, allegations, yeah"" in this version.",4:56,,"Nov 4, 2021",Tagged,CD Quality,https://pillows.su/f/87ae0ce5ed2ae900270464ef7df8c112
"Honestly, Nevermind","Young Thug - Bubbly [V2]
(feat. Lil Baby, Drake & Travis Scott) (prod. Wheezy, Cardo Got Wings, Dez Wright, Yung Exclusive, Johnny Juliano & Mu Lean)","A few days after the release of Young Thug's 'Punk', Lil Baby teased a snippet of a verse for ""Bubbly"" that he forgot to send to Thug. Currently unconfirmed as it's unknown if Baby, Travis, and Drake would've all been featured together.",,,"Oct 21, 2021",Snippet,Recording,Link Needed
Certified Lover Boy [V2],"Yeat - idgaf [V1]
(prod. BNYX® & Sebastian Shah)
(IDBGNF, whatever i want)","OG Filename: idgaf open prod bnyx
Original Yeat demo version of ""IDGAF"" from 2021 with an open verse that producer BNYX® gave to Drake for For All The Dogs. Likely to be a diss towards rapper Autumn!. Filename first teased by Yeat while previewing ""No fëelingz"" in an Instagram post on October 7, 2021, then previewed twice by in Instagram Stories on October 19, 2021.",,,"Oct 19, 2021",Snippet,High Quality,https://pillows.su/f/8e47ec76720d4a58ecc152011c97ff2e
Certified Lover Boy [V1],"⭐️ Benny The Butcher - Buffalo Freestyle
(feat. Drake) (prod. Boi-1da)","OG Filename: Drake Benny01
Previewed by Benny The Butcher at Lyrical Lemonade’s Summer Smash. Lyrics date back to an Instagram post from Drake in early 2020. Despite leaking, Benny attempted to have to it cleared for ages to no avail, but finally released the song in 2024. Named ""Buffalo Freestyle"" by fans and adopted for the eventual release of the song for Benny's 2024 EP ""Buffalo Butch, Vol. 1"", before its swift takedown from streaming platforms (though it can still be found on YouTube).",3:47,,"Sep 24, 2021",Full,CD Quality,https://pillows.su/f/b3cbd95652a71cc4643a5e94de1a9ccf
Certified Lover Boy [V2],"Girls Want Girls [V1]
(prod. OZ)","Version of ""Girls Want Girls"" with minor mixing differences & louder hi-hats. Only the instrumental is available.",,,"Sep 24, 2021",Beat Only,CD Quality,Link Needed
Certified Lover Boy [V2],"🎖️ She Lives
(feat. Rick Ross)","A throwaway from the 'Certified Lover Boy' sessions. Was leaked on some random girl's Instagram story while being played in an arcade. Rick Ross is suspected to be featured on this song, as an adlib can be heard in the snippet, likely from Rick Ross.",,,"Sep 8, 2021",Snippet,Recording,https://pillows.su/f/aa367abd1a45cdef5c59d8ba16d102a9
If You're Reading This It's Too Late,"Energy [V2]
(prod. Boi-1da & OB O'Brien)","Early version of ""Energy"" with a repeating clap that isn't present in the final version. Only the instrumental is available.",,,"Sep 5, 2021",Beat Only,CD Quality,Link Needed
Certified Lover Boy [V2],"✨ What's Next [V1]
(feat. Baby Keem) (prod. Supah Mario & Maneesh)
(What A Time To Be A Slime)","Randomly uploaded to YouTube on September 5th, a day after V2 was played on the radio by Drake. Posted by the same uploader who posted Keem's full verse on Praise God. Doesn't include some effects, and it doesn't have the pause after Drake's refrain. Keem's first verse is slightly longer, and this version is also slightly higher quality than V2.",2:35,,"Sep 5, 2021",Full,High Quality,https://pillows.su/f/267a725d7283eb76f09b40c479d89f2d
Certified Lover Boy [V1],"⭐️ Mention Me
(feat. Rema)","A throwaway from the 'Certified Lover Boy' sessions. Recorded in 2020 during the pandemic, confirmed by Rema in a 2024 interview & Drake saying him and Rema got a ""sick song together"" in a 2020 Instagram live. Was first leaked by Drake (or someone from Drake's team) on an online forum. Leaked in full later that night when it was played on the September 4th Certifry Yiy Show. Was mentioned (alongside Texts Go Green & Fucking Fans) and played in a CLB-era clip from 100gigs.org.",4:11,,"Sep 4, 2021",Full,High Quality,https://pillows.su/f/416aac59672c140cada3dc083c551039
Certified Lover Boy [V2],"Champagne Poetry [V23]
(prod. 40, Masego, Maneesh, Shlohmo & J.L.L.)","OG Filename: Champagne Poetry 40...
Filename for the release-ready mix of the song. Seen in a photo of a Pro Tools session for a continuous CLB audio file posted by 40 a day after the album's release.",,,"Sep 4, 2021",Confirmed,Not Available,
Certified Lover Boy [V2],"Daddy's Home [V11]
(add. Nicki Minaj) (prod. Supah Mario, Skip2Fame, Jarrel Young, Preme & Mark Borino)
(Papi's Home)","OG Filename: 02 Daddy's H...
Filename for the release-ready mix of the song. Title was 'Daddy's Home' before being changed to 'Papi's Home'. Seen in a photo of a Pro Tools session for a continuous CLB audio file posted by 40 a day after the album's release.",,,"Sep 4, 2021",Confirmed,Not Available,
Certified Lover Boy [V2],"What's Next [V2]
(feat. Baby Keem) (prod. Supah Mario & Maneesh)
(What A Time To Be A Slime)","Version of ""What's Next"" featuring a verse from Baby Keem, previewed on 42 Radio. Keem reuses lines from his birthday song to his cousin Kendrick Lamar. ",4:07,,"Sep 4, 2021",Full,High Quality,https://pillows.su/f/046481510ee4b48df9c34c66ff1996b4
Certified Lover Boy [V1],"⭐ Playboi Carti - One Day (Remix) [V2]
(feat. Drake) (prod. Pi'erre Bourne)","OG Filename: 19 One Day 40 Mix 2 SEQ...
Remix of Playboi Carti's unreleased track ""One Day"". Played by Drake on his ""Sound 42"" radio show on the same day Certified Lover Boy released. Mixed by 40. Drake's verse is said to have been recorded around the same time as Pain 1993. Filename comes from a text between Drake and Ian Connor.",2:53,,"Sep 3, 2021",Full,CD Quality,https://pillows.su/f/0b125d41848be654785743250e3d33ea
Certified Lover Boy [V2],"Champagne Poetry [V3-V22]
(prod. 40, Masego, Maneesh, Shlohmo & J.L.L.)","On the final whiteboard tracklist posted by Drake before release, it stated that Champagne Poetry had 19 ""final mixes"". Likely has mixing differences.",,,"Sep 3, 2021",Confirmed,Not Available,
Certified Lover Boy [V2],"Fair Trade [V5-V15]
(feat. Travis Scott) (prod. OZ, Jahaan Sweet, Patron, Travis Scott & WondaGurl)","On the final whiteboard tracklist posted by Drake before release, it stated that Fair Trade had 10 ""final mixes"". Likely has mixing differences.",,,"Sep 3, 2021",Confirmed,Not Available,
Certified Lover Boy [V2],"Fountains [V2-V9]
(feat. Tems) (prod. Tresor Riziki, Monsume & 40)","On the final whiteboard tracklist posted by Drake before release, it stated that Fountains had 8 ""final mixes"". Likely has mixing differences.",,,"Sep 3, 2021",Confirmed,Not Available,
Certified Lover Boy [V2],"Fucking Fans [V3-V30]
(add. PARTYNEXTDOOR) (prod. PARTYNEXTDOOR, Noel Cadastre, 40 & Aliby)","On the final whiteboard tracklist posted by Drake before release, it stated that Fucking Fans had 27 ""final mixes"". Likely has mixing differences.",,,"Sep 3, 2021",Confirmed,Not Available,
Certified Lover Boy [V2],"Get Along Better [V2-V9]
(feat. Ty Dolla $ign) (prod. Nineteen 85, 40 & Noel Cadastre)","On the final whiteboard tracklist posted by Drake before release, it stated that Get Along Better had 8 ""final mixes"".",,,"Sep 3, 2021",Confirmed,Not Available,
Certified Lover Boy [V2],"Girls Want Girls [V3-V19]
(feat. Lil Baby) (prod. Ambezza & Oz)","On the final whiteboard tracklist posted by Drake before release, it stated that Girls Want Girls had 16 ""final mixes"". Likely has mixing differences.",,,"Sep 3, 2021",Confirmed,Not Available,
Certified Lover Boy [V2],"IMY2 [V1-V67]
(feat. Kid Cudi) (prod. Clibbo, 3ddy, Yume, KanielTheOne, Harley Arsenault & Houssam)","On the final whiteboard tracklist posted by Drake before release, it stated that IMY2 had 67 ""final mixes"". Likely has mixing differences.",,,"Sep 3, 2021",Confirmed,Not Available,
Certified Lover Boy [V2],"In The Bible [V2-V14]
(feat. Lil Durk & GIVĒON) (prod. 40, Eli Brown, Austin Powerz & Leon Thomas III)","On the final whiteboard tracklist posted by Drake before release, it stated that In The Bible had 13 ""final mixes"". Likely has mixing differences.",,,"Sep 3, 2021",Confirmed,Not Available,
Certified Lover Boy [V2],"Love All [V2-V21]
(feat. JAŸ-Z) (prod. OZ, Dez Wright & Leon Thomas III)","On the final whiteboard tracklist posted by Drake before release, it stated that Love All had 19 ""final mixes"". Likely has mixing differences.",,,"Sep 3, 2021",Confirmed,Not Available,
Certified Lover Boy [V2],"No Friends In The Industry [V1-V8]
(prod. Vinylz, Oz & Nik D)","On the final whiteboard tracklist posted by Drake before release, it stated that No Friends In The Industry had 8 ""final mixes"". Likely has mixing differences.",,,"Sep 3, 2021",Confirmed,Not Available,
Certified Lover Boy [V2],"️N 2 Deep [V2-V23]
(feat. Future) (prod. Harley Arsenault, Kid Masterpiece, Alex Lustig, Noel Cadastre & 40)","On the final whiteboard tracklist posted by Drake before release, it stated that N 2 Deep had 21 ""final mixes"". Likely has mixing differences.",,,"Sep 3, 2021",Confirmed,Not Available,
Certified Lover Boy [V2],"Papi's Home [V1-V10]
(add. Nicki Minaj) (prod. Supah Mario, Skip2Fame, Jarrel Young, Preme & Mark Borino)","On the final whiteboard tracklist posted by Drake before release, it stated that Papi's Home had 10 ""final mixes"". Likely has mixing differences.",,,"Sep 3, 2021",Confirmed,Not Available,
Certified Lover Boy [V2],"Pipe Down [V1-V16]
(add. Leon Thomas) (prod. FaxOnly, Jean Bleu, Shlohmo, Anthoine Walters & Leon Thomas III)","On the final whiteboard tracklist posted by Drake before release, it stated that Pipe Down had 16 ""final mixes"". Likely has mixing differences.",,,"Sep 3, 2021",Confirmed,Not Available,
Certified Lover Boy [V2],"Race My Mind [V2-V25]
(prod. 40, Monsune & Govi)
(Intoxicated)","On the final whiteboard tracklist posted by Drake before release, it stated that Race My Mind had 23 ""final mixes"". Likely has mixing differences.",,,"Sep 3, 2021",Confirmed,Not Available,
Certified Lover Boy [V2],"The Remorse [V2-V7]
(add. Anthony Hamilton) (prod. 40)
(Against The Wind)","On the final whiteboard tracklist posted by Drake before release, it stated that The Remorse had 6 ""final mixes"". Likely has mixing differences.",,,"Sep 3, 2021",Confirmed,Not Available,
Certified Lover Boy [V2],"Way 2 Sexy [V2-V10]
(feat. Future & Young Thug) (prod. TM88 & TooDope)
(Too Sexy) ","On the final whiteboard tracklist posted by Drake before release, it stated that Way 2 Sexy had 9 ""final mixes"". Likely has mixing differences.",,,"Sep 3, 2021",Confirmed,Not Available,
Certified Lover Boy [V2],"TSU [V2-V38]
(prod. OG Ron C, Noel Cadastre & Harley Arsenault)
(Not Around)","On the final whiteboard tracklist posted by Drake before release, it stated that TSU had 37 ""final mixes"". Likely has mixing differences.",,,"Sep 3, 2021",Confirmed,Not Available,
Certified Lover Boy [V2],"Yebba's Heartbreak [V2-V9]
(feat. Yebba) (prod. Yebba, 40 & James Francies)","On the final whiteboard tracklist posted by Drake before release, it stated that Yebba's Heartbreak had 8 ""final mixes"". Likely has mixing differences.",,,"Sep 3, 2021",Confirmed,Not Available,
Certified Lover Boy [V2],"You Only Live Twice [V1-V10]
(feat. Lil Wayne & Rick Ross) (prod. B-Nasty & Bink)","On the final whiteboard tracklist posted by Drake before release, it stated that You Only Live Twice had 10 ""final mixes"". Likely has mixing differences.",,,"Sep 3, 2021",Confirmed,Not Available,
Certified Lover Boy [V2],"🎖️ ???
(feat. Future)
(King Of The Hill)","A throwaway from the 'Certified Lover Boy' sessions. Named ""King Of The Hill"" by fans.",,,"Sep 2, 2021",Snippet,Recording,https://pillows.su/f/91ecfc4d23484d21c19fa07c408f2c27
Certified Lover Boy [V2],"???
(feat. Cardi B)","Cardi B DM'ed someone who was meant to clear her verse for ""Drake's album"". The DMs were leaked on Dbree in 2021, therefore it was during the Certified Lover Boy era.",,,"Jul 22, 2021",Confirmed,Not Available,Source Needed
Scorpion [V1],???,A throwaway from the 'Scorpion' sessions.,,,"Jun 30, 2021",Snippet,Recording,Link Needed
Certified Lover Boy [V1],"In The Bible [V1]
(feat. Lil Durk) (prod. 40 & Leon Thomas)","Version of In the Bible from late 2020. A CDQ snippet of this version surfaced on June 8th, 2021. The seller had confirmed it was Drake and Durk only which means this version lacks GIVĒON’s feature. Full song is 3 minutes and 2 seconds.",3:02,,"Jun 8, 2021",Snippet,CD Quality,Link Needed
Certified Lover Boy [V2],"🎖️ Doe Boy - ???
(feat. Drake) (prod. Cardo Got Wings & Deats)","Previewed by Doe Boy via his Instagram Story on May 30th, 2021. The same track would be teased in a trailer for Doe Boy's 2023 album BEEZY, but would miss the cut on that album.",,,"May 30, 2021",Snippet,Recording,https://pillows.su/f/43e44bfcd60e2b7a753d16dd42111826
Scorpion [V1],"Kanye West - Yikes [V11]
(prod. Kanye West, Pi'erre Bourne, MIKE DEAN & Apex Martin)",Alternate mix. Tagged at the end of the song. Original snippet leaked in July 2019.,3:08,,"May 21, 2021",Tagged,CD Quality,https://pillows.su/f/3441a69da3ca9aade948c303599feae0
Certified Lover Boy [V2],"Fair Trade [V3]
(feat. Travis Scott) (prod. OZ, Jahaan Sweet, Patron, Travis Scott & WondaGurl)",Previewed by Drake via his Instagram.,,,"May 21, 2021",Partial,Recording,Link Needed
Scorpion [V1],"Kanye West - Lift Yourself [V10]
(prod. Kanye West, MIKE DEAN, Benji B & Noah Goldstein)","OG Filename: 2018-04-27-LIFT YOURSELF
Nearly identical to the released version, but with a totally different mix.",2:27,"Apr 27, 2018","Mar 25, 2021",OG File,CD Quality,https://pillows.su/f/63c99ef147fb9c08b3647bc5df555ea9
Certified Lover Boy [V2],"What's Next [V4]
(prod. Supah Mario & Maneesh)
(What A Time To Be A Slime)","OG Filename: 01 Whats Next Noel Ref 1F
First leaked online via Seattle Seahawks wide reciever DK Metcalf's Instagram Live. Shares the lyrics of the ""What A Time To Be A Slime"" leak but with a different beat. Mixed by Noel Cadastre. First two HQ snippets leaked on February 22nd; a third leaked February 24th, before leaking shortly after. Officially released on March 5th on Scary Hours 2.",2:57,2021,"Feb 27, 2021",OG File,CD Quality,https://pillows.su/f/41f15e801b7b6539dbd384b90b7162a8
What A Time To Be Alive,I'm The One [V2],"Leaked on LEAKED.IS by p00n on Feb. 21, 2021. Would be officially released on Future's Youtube on March 2nd (2 weeks later).",,,"Feb 21, 2021",Full,CD Quality,Link Needed
Certified Lover Boy [V2],"Drakeo The Ruler - TALK TO ME [V2]
(feat. Drake) (prod. Elias Knight, jordanwtff & E.Y.)",First snippet posted on Drakeo The Ruler's Instagram Story on December 18th. Leaked in full on February 9th via the Instagram page @RareTrackz. Released February 23rd on Drakeo The Ruler's album THE TRUTH HURTS. Drake only does the hook.,,,"Feb 9, 2021",Full,CD Quality,https://pillows.su/f/1e24a510b0a3e1419845e965085257ef
Certified Lover Boy [V1],"⭐️ Lucky Lefty
(prod. Cardo Got Wings)
(Owl Branded)","A throwaway from the 'Certified Lover Boy' sessions. Previewed on ​lowkeyutnh's August 6th Instagram Live with thisisrory. In a podcast, lowkeyutnh said that Drake told him to take the track down and that he's still working on it. The full song leaked on January 3rd, 2021. Played in the Barbados footage from 100gigs.org, but the engineer said ""You didn't tell me to play that… switched that off immediately"" meaning the song was likely still unfinished at that time.",3:10,,"Jan 3, 2021",Full,High Quality,https://pillows.su/f/68a16faaa057756efae2a55f2ae95ea5
Certified Lover Boy [V1],"⭐️ What A Time To Be A Slime
(feat. Young Thug) (prod. Wheezy)","Drake and Young Thug throwaway said to have been recorded on April 2019. Snippet originally leaked July 11th, 2020. Some lyrics were later used on the 2021 track ""What's Next"".",2:34,Apr 2019,"Dec 19, 2020",Full,High Quality,https://pillows.su/f/8cee7b8d2f22a1bf849422233d9ba4b5
Certified Lover Boy [V1],"Pain 1993 [V3]
(feat. Playboi Carti) (prod. Pi'erre Bourne)
(Sweet Stuff)","Another snippet surfaced of Carti's OG verse of Pain 1993. Posted to YouTube on December 13, 2020.",,,"Dec 13, 2020",Snippet,Recording,Link Needed
Certified Lover Boy [V1],"⭐ I Did
(prod. Boi-1da)
(Grand Entrance)","Boi-1da previewed the track on an IG Live with Hit-Boy. 2 versions of the track later leaked and it is disputed which is real. The ""Snow"" version's length is 1:52 and ends ubruptly during the last chorus. The ""Sweiv"" version (called Grand Entrance/I Did V2) length is 2:08, & ends after the full chorus.",1:52,,"Nov 28, 2020",Partial,High Quality,https://pillows.su/f/fcbd85f3d1bbd2e70a585ac9f629a04d
Certified Lover Boy [V1],"Lil Wayne - BB King Freestyle
(feat. Drake)",Snippet was posted on DJ Khaled's Instagram.,,,"Nov 27, 2020",Snippet,CD Quality,Link Needed
Views [V2],"🏆 Kanye West - 30 Hours [V6]
(ref. Drake) (prod. Karriem Riggins)","Drake reference track, from when Kanye was recording his part. Can be heard in the bleed on an early Kanye vocal stem. Made in October 2015. Mentioned by Drake in his 2018 Pusha T diss track ""Duppy Freestyle"". Unsure if anyone owns this in CDQ and if it's just Drake doing the 2nd verse. Privately sold to members of the community during a unsuccessful groupbuy. Version linked is enhanced slightly to be able to hear Drake.",,Oct 2015,"Nov 13, 2020",Partial,Low Quality,https://www.google.com/url?q=https://pillows.su/f/b1d8f76206c3c34b566b0d8a25833e6b&sa=D&source=editors&ust=1775460594845916&usg=AOvVaw3oUe6v9LIX3Gz_W4_0ixzM
If You're Reading This It's Too Late,"Future - Where Ya At [V6]
(feat. Drake) (prod. Metro Boomin)","OG Filename: 03 WYA FINAL_06
OG file for ""Where Ya At"" featuring, Drake. Leaked by drag on LEAKED.CX alongside 13 other OG files.",3:28,,"Sep 17, 2020",OG File,CD Quality,https://imgur.gg/f/m77gX6s
If You're Reading This It's Too Late,"Madonna
(prod. 40)","Early version of ""Madonna"" with a worse mix. Only the instrumental is available.",,,"Sep 3, 2020",Beat Only,CD Quality,Link Needed
More Life,"2 Chainz - 4AM [V2]
(feat. Drake) (prod. Murda Beatz & CuBeatz)","Alternate version of ""4AM"" with a Drake hook instead of Travis Scott. The full hook is 12 seconds.",,,"Aug 27, 2020",Snippet,CD Quality,Link Needed
Certified Lover Boy [V1],"Intoxicated [V1]
(prod. GOVI, Monsune & 40)
(Race My Mind)","The original version of ""Race My Mind"", has a more developed first beat & a open on the latter half which was rumored to be filled by Chris Brown, but was later filled by Drake.", ,,"Aug 10, 2020",Full,CD Quality,https://pillows.su/f/493777af42ee14dd6c7241f24eb3fffa
If You're Reading This It's Too Late,"Big Sean - Blessings
(feat. Drake & 40) (prod. Vinylz & Allen Ritter)","Features an extended version of Drake's verse, 40's unreleased vocals, and a one line difference on Big Sean's first verse. While a CDQ snippet did previously leak (while being GB), the seller was seeking an individual to buy (a vaulter). The snippet has seen been lost to time. While many did download it at the time, the snippet was leaked over 10 years ago, and comments can be found within weeks of the snippet where users are offering to buy the snippet for even $10 dollars. It's likely the snippet is no longer in circulation.",,,"Aug 3, 2020",Snippet,CD Quality,Link Needed
Thank Me Later,"Kanye West - Dark Fantasy [V8]
(feat. Nicki Minaj & Bon Iver) (prod. RZA, No ID & Jeff Bhasker)
(Higher)","Demo found in Record4Hype. Very similar to release, but with the alternate Nicki intro, and lacks Teyana Taylor's vocals.",3:12,,"Jul 27, 2020",Tagged,CD Quality,https://pillows.su/f/0846a600432fc060912876fa512b3801
Certified Lover Boy [V1],"⭐ Lie To Me [V2]
(prod. OZ, Pi'erre Bourne & 40)
(Right Now)","CLB throwaway. The intro to this track was initially used on a Trippie Redd throwaway from 2018 titled ""Right Now"". On May 1st, Drake previewed the song on nightowlsound's Instagram Live, after the release of his fifth mixtape Dark Lane Demo Tapes. Features a spoken word outro from Diddy.",3:46,,"Jul 4, 2020",Full,CD Quality,https://pillows.su/f/6f1f7124561fcb22460dcc4b952c3576
Certified Lover Boy [V1],"⭐ Love All [V1]
(prod. OZ, Dez Wright & Leon Thomas III)","OG Filename: Love All (ChrisDebur) Noel Ref 1A
Original version of ""Love All"", has an extended outro not used in the released version and no JAŸ-Z. Mixed by Noel Cadastre.",3:57,,"Jun 23, 2020",Full,CD Quality,https://pillows.su/f/0ec2b74e5fcc80454c7a9f733cdc7b5d
Scorpion [V1],"⭐️ Vital [V1]
(prod. The 25th Hr)",Was leaked publicly following private buy. Left over from Scorpion. One of the best and most well-known Drake leaks. Later brought back for HABIBTI in 2026.,2:53,,"Jun 22, 2020",Full,CD Quality,https://pillows.su/f/304a6a6490ec4a535c0a3cc38a0ea35e
It's Never Enough,"⭐️ Stay Down
(feat. Busta Rhymes) (prod. J Dilla)
(Wait 4 U)","Throwaway from the 'It's Never Enough' sessions. The song leaked on June 17, 2020, and was first mentioned by Busta Rhymes in 2013. It features Drake over a J Dilla beat and was likely recorded around early/mid 2011, during Busta’s YMCMB years. The instrumental is believed to be from Dilla’s 64 Beats tape, known to fans as “Mandarin Tea,” which samples Miroslav Vitouš. Released without Drake on August 25th 2026 on DILLAGENCE II under the name Wait 4 U featuring Big Sean & Honey Bxby.",,,"Jun 17, 2020",Full,CD Quality,https://pillows.su/f/1319e5c22e1de15a8fe38a336213d34e
Scorpion [V2],"✨ Sandra's Rose [V5]
(feat. Maneesh) (prod. DJ Premier & Maneesh) ","Finished version with scratches in between Drake's verses, which sampled other Young Money artists. Was scrapped because ""Drake really wanted to leave that breakdown with the “Baby, baby, baby” voice naked, so [Premier] let it breathe."" Made four days before Scorpion's release, played on OVO Radio and resurfaced on KanyeToThe in 2020.",3:36,"Jun 25, 2018","Jun 17, 2020",Full,High Quality,https://pillows.su/f/6dcb6c0524e5d67e988d5bd805b54f20
Certified Lover Boy [V1],"Get Better [V1]
(Get Along Better) ","Original version of ""Get Along Better"". Ty Dolla $ign is likely not on this version, as Drake & Ty worked on the song in July 2020 whereas this version is from before that time period.",,,"Jun 15, 2020",Snippet,CD Quality,Link Needed
Certified Lover Boy [V1],"Swae Lee - Won't Be Late (Virgil Abloh Remix) [V2]
(feat. Drake) (prod. Virgil Abloh)",Features slight alterations in the instrumental.,,,"May 29, 2020",Full,CD Quality,Link Needed
What A Time To Be Alive 2,"🎖️ 20 Hoes [V2]
(prod. Money Beatz & DY Krazy)
(20 Kylies)","Previewed by Future on his Snapchat (@FBGBOSS) on March 2, 2018 and later again by Drake (@nightowlsound) on May 20, 2020.",,,"May 20, 2020",Partial,Low Quality,Link Needed
More Life,"Young Thug - Woah Woah Woah
(prod. Supah Mario)
(Ice Melts)","Original open verse demo of Drake's ""Ice Melts"". First previewed in early 2017, about a week before Drake dropped his version of this song on More Life, which only uses the pre-chorus and chorus from this Thug solo demo and cuts Thug's verse.",3:58,,"May 9, 2020",Full,CD Quality,https://pillows.su/f/d39bada6a6bed50e5c7c9ef9e1a7d373
Certified Lover Boy [V1],"🎖️ Time Flies [V3]
(feat. Future) (prod. OZ)","OG Filename: Time Flies w Future x Drake_
Previewed on Lori Harvey's Instagram after the song was officially released on Dark Lane Demo Tapes. Future is heard performing adlibs on the song’s chorus.",,,"May 3, 2020",Snippet,Low Quality,https://www.youtube.com/watch?v=oRlEDzi0-98
Certified Lover Boy [V1],"Not Around [V1]
(prod. Harley Arsenault, Noel Cadastre & OG Ron C)
(TSU) ","Original version of ""TSU"". Thought to have been recorded in late 2018 or early 2019. This original leaked version of the song leaked on March 1. On April 6, Drake confirmed via OVO Mark’s Instagram Live that the final version of “Not Around” would appear on his sixth studio album under a new edit and different name. Doesn't contain the outro used on the final. According to Pop, the open verse on this version was meant for Lil Durk and the song was sent to him, however, he never ended up recording for it.",,,"May 1, 2020",Full,CD Quality,Link Needed
Certified Lover Boy [V1],"Greece
(prod. OZ & Tiggi)","A solo version of ""GREECE"" before DJ Khaled was given the song for his 2021 album ""KHALED KHALED"". Seen on the OG tracklist for 'Care Package 2' / 'Dark Lane Demo Tapes'.",3:43,,"May 1, 2020",Full,CD Quality,https://pillows.su/f/9901dc04a4b0190041e329cb89405f3f
Certified Lover Boy [V1],"Swae Lee - Won't Be Late (Virgil Abloh Remix) [V1]
(feat. Drake) (prod. Virgil Abloh)",Features an alternate instrumental.,,,"Apr 18, 2020",Full,CD Quality,Link Needed
Certified Lover Boy [V1],"Swae Lee - Won't Be Late
(feat. Drake) (prod. Mike WiLL Made-It & Tekno)",Features an alternate instrumental and different Swae Lee lyrics.,,,"Apr 13, 2020",Snippet,CD Quality,Link Needed
If You're Reading This It's Too Late,"⭐ PARTYNEXTDOOR - Don't Let Me Fall Asleep [V1]
(feat. Drake)
(Work, Keisha)","An early concept for what would become “Work” by Rihanna and “Keisha” by PARTYNEXTDOOR. The full timeline is unclear, but the hook was later re-used for ""Keisha"", and Drake's verse was later used on ""Work"". Features a completely new instrumental and some vocals that were cut entirely. Leaked on April 11, 2020",,,"Apr 11, 2020",Full,CD Quality,https://pillows.su/f/d14153cf93c0a5b99b11ecce6c47c1d2
Scorpion [V1],"✨ From Florida With Love
(prod. MexikoDro & 40)","Recorded in Miami in December 2017 during sessions for Scorpion, but was cut from the album. This leaked version is missing the second verse from the official, seems to have a different take, includes a beatswitch at the end, as well as some alternate lines. The beatswitch is low quality, suggesting this is not the official file.",3:12,Dec 2017,"Apr 10, 2020",Full,High Quality,https://pillows.su/f/17b0b17bd7c022a25ae59dba7d24151e
Scorpion [V1],"✨ Rollin
(prod. Plain Pat & 40)
(Deep Pockets)","First previewed on OVOMark's April 7th Instagram Live. A CDQ version would leak a day later, under the name ""Rollin"". This leaked version has an intro not used in the official, harsher drums and has less instrumental at the end. Confirmed by Drake to be a Scorpion throwaway. Officially released on Dark Lane Demo Tapes under the title ""Deep Pockets"".",3:20,,"Apr 8, 2020",Full,CD Quality,https://pillows.su/f/62f6b80d3e072a4f319679791907b28b
Scorpion [V1],"⭐ Zodiac Sign [V2]
(feat. Jessie Reyez)
(Keeping Count Interlude)","Throwaway from 'Scorpion'. Transitions into ""Vital"" which possibly means it was meant for OG Scorpion.",2:29,,"Mar 21, 2020",Full,CD Quality,https://pillows.su/f/84198b3d0ce9b120933a178de1f6947b
It's Never Enough,"The Weeknd - XO [V1]
(prod. Illangelo)
(Crew Love)","Recorded in December 2010, and was the version intended for HOB. A snippet leaked shortly before Take Care leaked (Nov. 7, 2011), but nothing else was known about it until it leaked on LEAKTH.IS on by Ditto on Mar. 4, 2020 after a successful groupbuy. Contains two verses and the hook that were later used on ""XO / The Host"", and first verse from ""Crew Love"", as well as some production elements from it.",6:30,Dec 2010,"Mar 4, 2020",Full,CD Quality,https://pillows.su/f/a2d8a823228dbfef0a5ff0327f2ca73e
Certified Lover Boy [V1],"Booggz - Organization [V2]
(feat. Drake & Smiley) (prod. Murda Beatz)
(Turnt This To An Organization)","On October 23, 2019, Drake first mentioned the song title on an Instagram caption. A week later, producer Murda Beatz teased the song on Twitter. The song with only Drake’s verse appeared online on December 14, 2019, but was later removed.",3:41,,"Mar 4, 2020",Full,CD Quality,https://pillows.su/f/ebf3e4ee71b8cd8de68e2e35f86418d2
Views [V2],"Kanye West - 30 Hours [V5]
(prod. Karriem Riggins & MIKE DEAN)","OG Filename: KW - 30 Hours FINAL REF MD bass Mix Bounce
Version with rough demo verses. Includes some lines that made it into final, but also some that are new. Tagged.",2:25,,"Mar 1, 2020",Tagged,High Quality,https://pillows.su/f/e9c4934d3ac4f042681c2a8c3a8ec0eb
It's Never Enough,The Weeknd - Practice [V1],"Completely different from release version that only features Abel vocals, recorded in 2011. Eventually given to Drake for his sophomore album ""Take Care"". Leaked on LEAKTH.IS by hyl on Feb. 29, 2020 after a successful groupbuy.",2:40,,"Feb 29, 2020",Full,CD Quality,https://pillows.su/f/4e719698dc1980232474dfa43e9781e2
If You're Reading This It's Too Late,"Usher - Slow Motion [V2]
(feat. Drake) (prod. Pop & Oak)
(Far From Perfect)","Second version of 'Slow Motion', recorded during the session's for Usher’s eighth studio album 'Hard II Love'.",4:27,2015,"Feb 27, 2020",Full,CD Quality,https://krakenfiles.com/view/57RnSuoBCy/file.html
More Life,"Body 2 Body
(prod. 40)
(Lovesick)","The song was dated January 23th, 2017, meaning it was created during later sessions for More Life, though it's thought that the track may have once been considered for Scorpion. The drum pattern at the beginning of this track seems to match up with ""Zodiac Sign"".",2:44,"Jan 23, 2017","Feb 22, 2020",Full,CD Quality,https://pillows.su/f/c2eef576e42d73263cc090ab34d31bb9
Views [V2],"✨ Don't Run
(prod. Sevn Thomas, L8 Show, Bizness Boi & Baba Stiltz)","Leaked after a successful groupbuy. Drake’s version of ""Don’t Run"", the PARTYNEXTDOOR track from his 2016 project, PARTYNEXTDOOR 3. Seen on a tracklist for 'Views' in footage from 100gigs.org. After the song was released, PARTYNEXTDOOR said in an Instagram Live that the song was written by him and Drake. The full version was eventually leaked on February 20th, 2020. ",,,"Feb 20, 2020",Full,CD Quality,https://pillows.su/f/273b100d30259362c0ecee10fef58b68
Certified Lover Boy [V1],"Say When
(prod. AJ Costly, Alonzo “Roxx” Thornhill & June The Genius)
(When To Say When)","On February 8th, Drake was seen filming a music video at the Marcy Projects in Brooklyn. Brian Miller, co-host of Rap Radar, confirmed that the video was shot for “Say When” via Twitter. It's unknown if there are any differences than the released version.",,,"Feb 8, 2020",Snippet,Recording,Link Needed
Certified Lover Boy [V1],"Demons
(feat. Fivio Foreign & Sosa Greek) (prod. JB Made It)","On February 4th, New York artist Sosa Geek teased a collaboration with Drake and Brooklyn rapper Fivio Foreign via his Instagram story, where he previewed a snippet of the track. A day later, another snippet featuring some vocals from Sosa Geek circulated online. On April 7, 2020, the song was previewed by Drake on Instagram Live and on April 16, 2020, the song was teased again in the promotional video for “Pain 1993” on the Born From Pain Twitter account.",,,"Feb 4, 2020",Snippet,High Quality,Link Needed
Certified Lover Boy [V1],"Lil Yachty - Oprah's Bank Account
(feat. DaBaby) (prod. Earl on the Beat)","Leaked on January 29th, 2020. This version has no Drake verse and noticeably lower quality than the official release.",2:30,,"Jan 29, 2020",Full,CD Quality,Link Needed
Scorpion [V1],"🎖️ Look Alive
(feat. BlocBoy JB) (prod. Tay Keith)","BlocBoy JB said that ""Look Alive"" was originally Drake's song.",,,"Jan 11, 2020",Confirmed,Not Available,Source Needed
Views From The 6ix [V1],"🎖️ ???
(prod. Boi-1da)","In his 2019 Rap Radar interview, Drake revealed he was working on a Boi-1da beat and it was ""rappy"" and that ""it was gonna be another 100 bar thing.."". He then mentioned that he was with Serena Williams at that time, meaning this was set around mid-2015.",,,"Dec 25, 2019",Confirmed,Not Available,
Certified Lover Boy [V1],"🏆 ???
(prod. DJ Premier & 40)","In Drake's 2019 Rap Radar interview, Drake said that 40 ""sent him a beat"" and it was a ""Preemo beat"" (Preemo refers to DJ Premier), and Drake went ""I gotta go crazy on this beat"" and he started writing to it. It's unknown if he ever recorded anything he wrote down.",,,"Dec 25, 2019",Confirmed,Not Available,https://youtu.be/mmsasEoupO4?si=kmyCVuuCGlmVZYzw&t=7199
Certified Lover Boy [V1],"⭐️ Like I'm Supposed To / Do Things
(prod. Black Coffee)
(All Night / Late Night)","Throwaway from the CLB sessions in 2019. A snippet of the song surfaced July 22th, 2019.",3:20,,"Nov 9, 2019",Full,CD Quality,https://pillows.su/f/26d706ed239fd668a35921635aedde67
More Life,"⭐ Real Bad Karma
(feat. Bryson Tiller) (prod. Sonorous)","A throwaway from the 'More Life' sessions. According to Johnny Drama in an Instagram story, this track was supposed to be a remix of his song “100x”, however Drake didn’t utilize it in the end.",2:58,,"Nov 1, 2019",Full,High Quality,https://pillows.su/f/a8601612e5b1805bbbcd87151c68133d
Scorpion [V1],"Twist & Turn
(ref. PARTYNEXTDOOR) (prod. Nineteen85)","Original version of ""TWIST & TURN"" by Popcaan & Drake, originally meant for Scorpion in 2017. Snippet leaked online on October 12, 2019. Another snippet was leaked by TheSource. Has reference vocals for Drake. Song is 3:27 in length.",3:27,,"Oct 12, 2019",Snippet,High Quality,Link Needed
Scorpion [V1],"Kanye West - Yikes [V9]
(prod. Kanye West, Pi'erre Bourne & Apex Martin)"," Features a slightly different mixdown and vocal takes with an unfinished last verse. References Russell Simmons calling for people to pray for Kanye West, which occurred after his TMZ meltdown. Leaked after a groupbuy.",3:14,,"Oct 4, 2019",Full,CD Quality,https://pillows.su/f/3d8135efe269336a913f7419d11f30cf
More Life,"21 Savage - Issa [V3]
(feat. Drake & Young Thug) (prod. Wheezy, TM88, Narcos & BricksDaMane)","OG Filename: 21 Savage - Issa - Final (Short)
Version of the song cut down significantly from previous versions. The structure is mostly the same until the 2:40 mark where all the verses afterwards in previous versions are cut. Has improved mixing from previous versions.",3:09,,"Aug 8, 2019",Full,CD Quality,Link Needed
What A Time To Be Alive 2,"Future & Young Thug - 20 Hoes [V1]
(prod. Money Beats & DY Krazy)
(20 Kylies)","Throwaway from SUPER SLIMEY. Features a verse from Young Thug instead of Drake, who is on a later version. Sold by SpirDark in mid 2019. Sold by Tears only about a week later in a groupbuy.",2:32,,"Jul 25, 2019",Full,CD Quality,https://pillows.su/f/119b3417f8fae59e5b831eb89508fd58
What A Time To Be Alive 2,"⭐️ Big Mood [V4]
(prod. Metro Boomin)
(Ratatouille)","Leaked after a successful groupbuy. The track was first teased on October 26th, 2017, as ""Ratatouille"", which was repurposed into this version.",3:47,,"Jul 25, 2019",Full,CD Quality,https://pillows.su/f/7bfda06a0d3f47371886197f29e3bbf3
More Life,"⭐️ 21 Savage - Issa [V4]
(feat. Drake & Young Thug) (prod. Wheezy, TM88, Narcos & BricksDaMane)",Version similar to the previous except Drake's second verse is added back to the song and combined with his first.,3:39,,"Jun 17, 2019",Full,CD Quality,https://pillows.su/f/c6ee11509d818d02c0f270361c7b618e
Certified Lover Boy [V1],"🎖️ Pain 1993 [V2]
(feat. Playboi Carti) (prod. Pi'erre Bourne)
(Sweet Stuff)","A snippet of an alternate Carti verse for Pain 1993 surfaced on June 7th, 2019.",,,"Jun 7, 2019",Snippet,Low Quality,https://krakenfiles.com/view/eclJgFqdxE/file.html
Scorpion [V1],"✨ Quavo - Walk It Talk It
(feat. Drake) (prod. OG Parker & Deko)","Quavo only version of ""Walk It Talk It"" from Migos' 2018 album 'Culture II'. Contains a partially different Drake verse and slightly different production. Shares a really similar line with ""Nonstop"" from Scorpion (""Only one to go from six to twenty three is me and Bron"").",2:54,,"Apr 16, 2019",Full,High Quality,https://pillows.su/f/e29b429beaa09def7d416def21861c4c
Certified Lover Boy [V1],"Travis Scott - SICKO MODE [V4]
(feat. Drake) (prod. Hit-Boy, OZ, CuBeatz & Rogét Chahayed)","OG Filename: sicko mode for sample clearance_04
Demo used for sample clearance. Features slightly different Drake vocals for the intro portion, and lacks Travis' ""woo"" as it transitions into his first verse. Shortened file, only includes the first and part of the second sections of the song.",1:18,"Jul 27, 2018","Apr 15, 2019",Tagged,CD Quality,https://pillows.su/f/12334af931667479805dcf6d116d9a8d
Certified Lover Boy [V1],"Money In The Grave
(prod. CC On The Track, Ljay Currie, Asoteric & DeLorean Black)","Original version of ""Money In The Grave"" from ""The Best In The World Pack"" EP. In a now deleted YouTube video from April 1st, a snippet of the song emerged of Drake's verse. A day later, a tweet previewed another snippet of the song. Unknown if Rick Ross is featured on this version.",,,"Apr 2, 2019",Snippet,Recording,Link Needed
Certified Lover Boy [V1],"Not You Too [V1]
(feat. Chris Brown) (prod. Noel Cadastre)
(Not An Angel) ","Snippet first surfaced on YouTube on February 18th, 2019. This snippet has since been removed from YouTube. ",,,"Feb 18, 2019",Snippet,CD Quality,Link Needed
Views From The 6ix [V1],"✨ Too Good [V3]
(prod. Nineteen85 & Supa Dups)
(Too Good To You)","Solo version of ""Too Good"". Has different mixing, production differences, no Popcaan sample and Drake doing Rihanna's verse.",3:47,,"Feb 9, 2019",Full,CD Quality,https://pillows.su/f/1d9bcbe678e95ad45be9a9f1644f52b7
More Life,"Future - USED TO THIS
(prod. Zaytoven)","Contains an extra Future verse in place of Drake, a slightly different intro, and an alternate outro. Originally intended for BEASTMODE 2, as Future shouts out ""Beast Mode"" in the intro.",,,"Feb 6, 2019",Full,CD Quality,Link Needed
Certified Lover Boy [V1],🎖️ Unknown [Migos Collaborations],"According to Quavo in a 2019 interview, during the ""Aubrey & the Three Migos"" tour which took place from August 12th, 2018 to November 18th, 2018, Drake and the Migos recorded around 56 songs together. Quavo said ""We did 56 show dates. Every day, we made a song. So that’s 56 songs.” It's likely that Having Our Way came from these sessions.",,Aug-Dec 2018,"Jan 17, 2019",Confirmed,Not Available,
Scorpion [V2],"Bad Bunny - MÍA [V2]
(prod. DJ Luian, Mambo Kingz & Alex Killer)",Alt version of MÍA used for the ESPN Genesis Halftime Show. Has a slightly different beat and vocal take from released. No Drake vocals.,1:30,,"Nov 28, 2018",Full,High Quality,https://pillows.su/f/159c445de4ef0549798a0bce74947d7b
Certified Lover Boy [V1],"Booggz - ???
(feat. Drake)","On approximately November 19th, 2018, Booggz hosted an Instagram Live and played music. Drake then joined and Booggz almost played the full song, but Drake commented not to and the live ended. Will never release due to Drake's working and personal relationship with Booggz ending.",,,"Nov 19, 2018",Snippet,Low Quality,Link Needed
Nothing Was The Same,"Kendrick Lamar - The Only Nigga [V1]
(prod. Soop)","Leaked on September 29, 2018 as part of the fan-made ""EP"" collection of leaks, ""Bad Kid, Chill City"". Reuses lyrics from K104 Freestyle made in 2013. Meant as a collaboration for Drake's 2013 album Nothing Was The Same, although Drake is not present in the song. Interpolates ""All In My Mind"" by 8Ball & MJG.",3:05,,"Sep 29, 2018",Full,CD Quality,https://pillows.su/f/eebd9189be4b45663031c200ea781960
Scorpion [V1],"⭐️ I Could Never [V2]
(feat. Jorja Smith)","Snippet first leaked May 22nd, 2018. Presumably didn't release due to the end of Drake and Jorja's professional and romantic relationship.",5:53,,"Sep 23, 2018",Full,CD Quality,https://pillows.su/f/db399745f5be59df1e26540d96a448cc
Scorpion [V2],"Sandra's Rose [V6]
(prod. DJ Premier & Maneesh) ","Version of ""Sandra's Rose"" with an extended outro. Played on OVO Sound Radio Episode 65.",,,"Jul 8, 2018",Full,High Quality,Link Needed
Scorpion [V1],"Lil Baby - Yes Indeed [V2]
(feat. Drake) (prod. Wheezy)",Premiered on May 6th at Atlanta’s Empire Lounge for Preme's album release party. Snippets of the song appeared on Instagram Live.,,,"May 6, 2018",Partial,Low Quality,https://streamable.com/5652b?src=player-page-share
Views [V2],"⭐ Majid Jordan - My Love
(ref. Drake) (prod. Nineteen85, Illangelo, 40 & Jordan Ullman)","A reference of ""My Love"" by Majid Jordan done by Drake. The lyrics are near-identical to the finished version, however, it features alternate production and an extended outro of over two minutes. Note that there was a previously leaked version with tags, that was followed by the version linked here. The version linked does not have tags, but Drakes lyrics cut off for a second every now and then. Still the original file, but it is odd.",6:01,,"Apr 28, 2018",Full,CD Quality,https://pillows.su/f/1773189c62580b9a9984bfb33bde5e9f
If You're Reading This It's Too Late,"⭐ To Feel Things / Boo Hoo Hoo
(Don't Matter To Me)","Original version of Drake’s 2018 track “Don’t Matter To Me”. This version was recorded in 2015, and probably originally intended for IYRTITL as the production seems reminiscent of the track ""Jungle"". This has an alternate vocal take, different beat, no posthumous Michael Jackson feature, different lyrics.",4:26,,"Feb 14, 2018",Full,CD Quality,https://pillows.su/f/9f97cfcfd4a7dc51a93050599b259de2
Scorpion [V1],"God's Plan [V1]
(prod. Cardo Got Wings, Boi-1da, 40 & Yung Exclusive)","Snippet was originally posted to @DRAKEDIRECTM via Twitter, but was later deleted. Another snippet appeared on New Year's Eve. Unknown if there's any differences with the released version.",,,"Dec 31, 2017",Snippet,Low Quality,Link Needed
Views From The 6ix [V1],"✨ Pistols [V1]
(prod. Drake & 40)
Pistol In My Bed, Pistol)","A throwaway from the 'Views' sessions. “Pistols” shares Drake’s paranoia for intruders, as well as a contradictory lust for his lover. The song draws Spanish influences, thus continuing his ambition to transition his music to the global scale.",2:59,,"Dec 25, 2017",Full,High Quality,https://pillows.su/f/57d5b57d372a8ca3c3a682ffa871e096
Scorpion [V1],"Trippie Redd - Bust Down
(feat. Drake) (prod. Goose The Guru)","First teased on November 2, 2017, not long after the release of ALLTY2. It was shown as an Apple local file on Goose The Guru's Snapchat story. The song is 1:20 longer.",5:25,,"Nov 2, 2017",Confirmed,Not Available,https://i.imgur.com/mRHoRm5.png
More Life,"🎖️ ??? [V1]
(feat. Quavo)
(Big Mood)","A throwaway from the 'More Life' sessions. The song was later repurposed with Future to become ""Big Mood"".",,,"Oct 26, 2017",Snippet,Low Quality,https://twitter.com/yaboidubbs/status/923682787319836672
Scorpion [V1],"Diplomatic Immunity
(prod. Boi-1da & Nick Brongers)",Snippet was accidentally leaked by New York Giants safety Landon Collins.,,,"Sep 23, 2017",Snippet,Low Quality,https://twitter.com/devon_haripal/status/911701357060431872?ref_src=twsrc%5Etfw%7Ctwcamp%5Etweetembed%7Ctwterm%5E911701357060431872%7Ctwgr%5E&ref_url=https%3A%2F%2Fwww.nme.com%2Fnews%2Fmusic%2Fnew-drake-track-leaked-online-nfl-player-landon-collins-2144285
More Life,"21 Savage - Issa [V1]
(feat. Drake & Young Thug) (prod. Wheezy, TM88, Narcos & BricksDaMane)","A throwaway from 21 Savage's album ""Issa Album"". Was scrapped from the album because the song got leaked, which 21 stated in an interview. Has a very compressed mix.",5:50,,"May 11, 2017",Full,High Quality,https://pillows.su/f/96a072efd5af789b709a0ae22d82007f
What A Time To Be Alive,Future - Grammys [V1],"Solo Future version of the Drake song later seen on Views. Features a second Future verse and slightly different production. Released by DJ Esco on Feb. 16, 2017. While it is CDQ, the file is technically tagged by DJ Esco and can be heard very quietly on the track.",,,"Feb 16, 2017",Tagged,CD Quality,https://pillows.su/f/15d1cf6f76cbab5fdfdae8af06425130
It's Never Enough,"The Weeknd - Crew Love [V2]
(prod. Illangelo)
(XO)","Recorded in 2011 for House of Balloons, was originally going to be on the project but was taken off because Drake wanted to put it on his album. Everything here is the same as the version on Drake's album except for the original second verse by Abel, as well as an instrumental outro. Leaked in December 2016.",4:38,,"Dec 7, 2016",Full,CD Quality,https://pillows.su/f/3d484076169bcc17dc8ae21a76e7978c
Views [V2],"Faithful [V2]
(feat. Pimp C & dvsn) (prod. 40, Boi-1da & Nineteen85)","Extended version of ""Faithful"" premiered on OVO Sound Radio Episode 30. Has a beat switch produced by 40 & two new verses from dvsn.",,,"Sep 24, 2016",Full,High Quality,Link Needed
Views [V2],"One Dance (Culture Clash Dubplate)
(feat. Wizkid & Kyla)","During Red Bull Culture Clash 2016 in London, Mixpak premiered a dub of Drake’s “One Dance.” Drake switches up his verses and throws in a few lines of patois to shoutout Popcaan and his Unruly crew.",2:54,,"Jun 18, 2016",Full,High Quality,https://pillows.su/f/5de2ab6d3c77e70a4b750bd30f2e303b
Views [V2],"Hype (Remix)
(feat. Lil Wayne)",Unreleased remix of 'Hype' featuring a Lil Wayne verse. Played on OVO Sound Radio Episode 22.,,,"May 21, 2016",Full,CD Quality,https://pillows.su/f/df8ebb801922ef9befd6e1b61cba07a5
Thank Me Later,"JAŸ-Z - Reminder [V1]
(feat. Karin Briscoe) (prod. Just Blaze)
(Bullets Don't Tickle, Mr. Rapper)","Original version of JAŸ-Z's ""Reminder"" from The Blueprint III, which features a different instrumental produced by Just Blaze, which would later be used for Bullets Don't Tickle.", ,,"May 20, 2016",Tagged,High Quality,https://www.youtube.com/watch?v=pJkHkHSOjsw
Views [V2],"Tell Me
(feat. PARTYNEXTDOOR)","Unfinished track that surfaced with several others before the release of Views. Was said to have allegedly been produced by Dr. Dre, but this has been denied. Initially leaked on March 29th, 2016 alongside the Controlla remix and ""These Days"", with a CDQ version leaking shortly after.",2:22,,"Apr 3, 2016",Full,CD Quality,https://pillows.su/f/8a1bcc19cf33710fe944f2b4380ca524
Views [V2],"🗑️ Controlla (Remix)
(feat. Popcaan) (prod. Boi-1da, Supa Dups, Allen Ritter & Di Genius)","Unreleased remix of Controlla with a Popcaan verse, seen on a tracklist for 'Views' in footage from 100gigs.org. This was seemingly intended as a bonus track on Views, similar to Hotline Bling. Leaked on March 29th, 2016. Later played on OVO Sound Radio Episode 23. This version was encoded by iTunes 12.3.2.35, meaning it was likely made between December 2015 and March 2016.",4:06,,"Mar 29, 2016",Full,High Quality,https://pillows.su/f/c290ae9a389b205053a468fb0d7b1b35
Views [V2],"✨ These Days
(feat. Babeo Baggins)","Cover of ""These Days"" by Jackson Browne. Was meant to be on a scrapped covers EP worked on alongside Views. Initially previewed on March 26, 2016, when Mo-G played a snippet of the song on his Instagram, which has since been taken down due to copyright infringement. In another Instagram video posted on the same day (which was also taken down), Mo-G played a clip of Jackson Browne’s “These Days,” claiming that “the 6fraud is a swagger jacker.” The leak is a response to the alleged claims from Mo-G that the OVO crew owes him $12,000. He claimed that OVO owed him money for “Hotline Bling,” as well as Drake namedropping him in “Summer Sixteen”. ",2:59,,"Mar 29, 2016",Full,High Quality,Link Needed
Views [V2],"Kanye West - 30 Hours [V12]
(prod. ???)",Version with a completely different beat from the final. Possibly has Keyon Christ production. Snippet surfaced two weeks before final release.,,,"Jan 28, 2016",Snippet,Recording,https://pillows.su/f/846491f670333dcb2a2c7bd5f1303ca3
Views From The 6ix [V1],"Kanye West - Evolve [V7]
(feat. Drake) (prod. Kanye West & MIKE DEAN)
(Soul Dog, When I See It, Tell Your Friends)","OG Filename: Evolve Noel ref_1
Same as other OVO Radio version except uncensored and higher quality, resurfaced after an uncensored version of the episode was found. Mixed by Noel Cadastre. Part of Drake's verse is used in later versions, with an extra line not found in this one. Unclear if this was a version edited specifically for OVO Radio, but considering the verse is from Kanye versions of the song and the beat is the less developed version used in other Kanye versions, it's likely this is the same initial recording Drake did for the song in 2014.",2:38,,"Sep 7, 2015",Tagged,High Quality,https://pillows.su/f/8213c4b893ef819f408cfc77dcc2866b
Views From The 6ix [V1],"Kanye West - Evolve [V7] [Clean]
(feat. Drake) (prod. Kanye West & MIKE DEAN)
(Soul Dog, When I See It, Tell Your Friends)","Solo Drake version, played on Drake's OVOSound Radio. Contains a OVOSound tag and is censored.",2:38,,"Sep 7, 2015",Tagged,High Quality,https://pillows.su/f/76258657cbba54ea88c56db3bd06c33c
If You're Reading This It's Too Late,"Know Yourself [V1]
(ref. Quentin Miller) (prod. Boi-1da, Vinylz & Syk Sense)","Leaked on Meek Mill's diss track ""Wanna Know"".",,,"Jul 30, 2015",Snippet,Low Quality,https://krakenfiles.com/view/7ClaOHfq05/file.html
Thank Me Later,⭐ Go Out Tonight,"A throwaway from the Thank Me Later sessions. Very likely a reference track for a female artist, due to some of the lyrical content being seen as written from a woman's perspective. Appeared on the unofficial Drake mixtape Young Sweet Jones 2.
If anyone has the CDQ file, please make a ticket in Drake Tracker Discord and let us know!",,,"May 22, 2015",Full,High Quality,https://krakenfiles.com/view/aGfa87W43Y/file.html
If You're Reading This It's Too Late,"✨ Tinashe - On A Wave
(feat. Drake)","Leaked on May 22nd, 2015 and was later posted to Drake’s official YouTube channel on September 16th, 2016, though it has since been removed. Tinashe said in an interview the song was made for her debut album ""Aquarius"", but never completed. Leaked online the same day as two other tracks, ""Go Out Tonight"" and ""Tryna Fuck"".",,,"May 22, 2015",Full,CD Quality,https://pillows.su/f/4bba49e353397c6fd8e5b356cbdfdfda
Views From The 6ix [V1],"✨ Can I
(feat. Beyoncé) (prod. 40)","Views throwaway seen on an early tracklist in footage from 100gigs.org. In a swiftly deleted Instagram post on October 12th, 2015, Drake expressed his frustration at the leak of “Can I”, but stated his plans to finish the song for Views. However, the song did not end up on the album. Drake shared the latest version on OVO Sound Radio Episode 7. On August 2nd, 2019, the song was re-released on all streaming services via Care Package with production differences.",2:06,,"May 18, 2015",Full,CD Quality,https://pillows.su/f/398e0be778319c561905c14873329475
Views From The 6ix [V1],"Young Thug - Ms. Jackson
(prod. Dun Deal)","Original version of ""Ms. Jackson"" supposedly meant for Lil Wayne, Drake and Nicki Minaj. Era unconfirmed.",4:21,,"May 12, 2015",OG File,High Quality,"https://pillows.su/f/ce7f8a550ad71c8324ca5942ab8f5239
OG File Link Needed"
If You're Reading This It's Too Late,"Juicy J - Tryna Fuck
(feat. Drake & Ty Dolla $ign)",An unreleased collaboration with Juicy J that was initially intended to appear on his album “The Hustle Continues: Pure THC”. Leaked back in May 2015.,,,"May 7, 2015",Full,CD Quality,https://pillows.su/f/661bf0b6fdc725a3d13cf4e21a9e7023
If You're Reading This It's Too Late,"⭐ Rich Homie Quan - Tell Me Why
(feat. Drake)","An unreleased collaboration with Rich Homie Quan. Drake later reused his verse on ""Schemin' Up"".",,,"Dec 11, 2014",Full,CD Quality,https://pillows.su/f/7aba12ab2074b563e5efcad3fa00f4f1
If You're Reading This It's Too Late,"⭐️ Future - Never Satisfied
(feat. Drake) (prod. Boi-1da & Mike WiLL Made-It)","This song was present on Future's album Honest, but was missing a Drake verse. Mike WiLL Made-It released the full OG version featuring a slightly different hook and Drake's full verse later.",,,"Nov 6, 2014",Full,CD Quality,https://pillows.su/f/a5a000b06eeec7e40e3d198b1218478b
If You're Reading This It's Too Late,"Kanye West - When I See It [V12]
(feat. The Weeknd) (prod. Kanye West)
(Soul Dog, Tell Your Friends)","More finalized version, played at the Cafe Royal listening party. Has a full verse from The Weeknd. Intro starts with the sample instead of The Weeknd's hook. It's unknown whether his verse was recorded in the same session as his hook, and if any other vocals were different. Snippet originally surfaced on TinyPic on October 1st, 2014.",,,"Oct 1, 2014",Snippet,Recording,"https://pillows.su/f/7c8afd5869936152771f6b78ec76a178
https://pillows.su/f/795b07e2cccaa0ef600ad547fb534a41"
If You're Reading This It's Too Late,"🎖️ Honorable Mention / Side Pieces
(feat. Brian McKnight)","A song played live at the ESPY's in 2014, song is about LeBron losing in the NBA finals and has never released in CDQ. Was probably just a joke song, very tongue and cheek.",,,"Jul 16, 2014",Full,Recording,https://krakenfiles.com/view/vMCbSlfhVZ/file.html
Nothing Was The Same,She's Not Here Right Now,"Snippet was previewed by Drake at the Cirque le Soir Nightclub in London on March 10th, 2014.",,,"Mar 10, 2014",Snippet,Recording,https://soundcloud.com/drake-danner/1-21-shes-not-here-right-now?in=drake-danner/sets/nwtreloaded&utm_source=clipboard&utm_medium=text&utm_campaign=social_sharing
Nothing Was The Same,"Truffle Butter
(prod. KeY Wane, Jay John Henry & Tom Kahre)
(All White)","Version of ""Truffle Butter"" with a completely different beat and instrumental. The beat was later used for ""Body Language"" by Big Sean. First snippet was posted on Instagram by @jasonleejames on February 4th, 2014. A second snippet was previewed by Drake at the Cirque le Soir Nightclub in London on March 10th, 2014. It's likely that Drake was testing this version as compared to the officially released version.",,,"Mar 10, 2014",Snippet,Recording,https://soundcloud.com/drake-danner/1-18-all-white-snippet
Nothing Was The Same,"✨ All Me [V2]
(feat. 2 Chainz & Big Sean)
(On Me) ","This OG version includes extra adlibs, an intro that featured Aziz Ansari, and a new verse from Drake at the end. The Aziz Ansari sample couldn't be cleared for an official release. This version was released via OVO Sound site.",5:39,,"Aug 1, 2013",Full,High Quality,https://pillows.su/f/1e63ef138365b4dff9bcd3f8a2b7ae35
Thank Me Later,"On My Way
(feat. James Fauntleroy)","A throwaway from the Thank Me Later sessions. Snippet initially leaked in 2010, before leaking a few years after.",,,"Jun 17, 2013",Full,CD Quality,Link Needed
If You're Reading This It's Too Late,"Travis Scott - Upper Echelon (Remix)
(feat. Kanye West & Drake)","Remix teased by Travis Scott on Vine. Has a Kanye feature as confirmed by Travis on Twitter, aswell as reworked production speculated to be from TNGHT. Was thought to also feature Drake as Travis was at his house before the snippet was posted, but Travis had said in a 2014 interview that he had not worked with Drake before, so this is likely untrue.",,,"Apr 29, 2013",Conflicting Sources,Recording,https://pillows.su/f/28da822685305d736c5a9e4784c253e5
Nothing Was The Same,"2 Chainz - Problem [V5]
(feat. A$AP Rocky, Drake & Kendrick Lamar) (prod. Drake & 40)","Later version of ""Fuckin' Problems"" titled ""Problem"" that released as a 2 Chainz song on his 2012 mixtape ""Don't Bring Me Down"". This version of the track is much like the music video version where Rocky is also on the hook doing the ""bring your girls to the crib, maybe we can solve it"" line but is more mastered and sounds a lot like the released version.",3:52,,"Mar 12, 2013",Full,High Quality,https://pillows.su/f/0ae3404dffee63e261b0b5a65ee2770c
Nothing Was The Same,Started From The Bottom,"Features extended audio outro, but only includes an echoed chorus.",4:05,,"Feb 12, 2013",Full,CD Quality,https://krakenfiles.com/view/0csV81seFU/file.html
Nothing Was The Same,"✨ Kendrick Lamar - Fuckin' Problems [V2]
(feat. Drake & 2 Chainz) (add. Kyauna Clarke) (prod. 40 & Drake)
(Fucking Problems)","An original version of ""Fuckin' Problems"" which features an unused intro and verse from Kendrick not present in the official version, as the song was originally submitted by Drake for ""good kid, m.A.A.d city"" before the song was given to Rocky. The verse and intro were leaked on a remix of the song by Richie Wess.",4:55,,"Jan 26, 2013",Full,CD Quality,https://pillows.su/f/c0d36dc72ac46a5ee74f6f166ec2cd66
Nothing Was The Same,"A$AP Rocky - Fuckin' Problems [V4]
(feat. Drake, Kendrick Lamar & 2 Chainz)
(Fucking Problems)","Version of ""Fuckin' Problems"" which was played in the music video for the song. The difference in this version is Rocky does the ""bring your girls to the crib, maybe we can solve it"" line at the end of the hook instead of Drake. Unknown if this was an earlier version or specifically made for the video.",3:52,,"Dec 4, 2012",Full,High Quality,https://pillows.su/f/8d528d9857a9b50701af438a361e190e
Nothing Was The Same,"Wiz Khalifa - Work Hard, Play Hard (Remix)
(feat. Lil Wayne & Drake) (prod. Stargate & Benny Blanco)","The original remix of Wiz's hit song ""Work Hard, Play Hard"" was supposed to feature Drake, alongside the Wayne vocals that appear on the released remix (the pair were announced as the features prior to the remix's release). In an interview with Montreality, Wiz elaborated on what happened saying, ""He boofed me, man. He was supposed to do his verse and he ain't do it, so we had to put it out. But it ain't no love lost. You know, people get that done all the time in the industry."" A verse from Jeezy (then known as Young Jeezy) would be used instead.",,,"Oct 22, 2012",Confirmed,Not Available,https://youtu.be/AoNY-RVxkdk?si=uLpBStKRLfBREDTV&t=245
Thank Me Later,"⭐️ Where Were You?
(feat. Colin Munroe & Dawn Richard) (prod. D10 & Boi-1da)","Rumored to have been intended for Thank Me Later, but didn't make the cut. Finished version of Where Were You by Colin Munroe & Drake, which leaked on January 18th, 2010. 

If anyone has the CDQ file, please make a ticket in Drake Tracker Discord and let us know!",,,"Sep 16, 2012",Full,High Quality,https://krakenfiles.com/view/EAeegJKeDV/file.html
Nothing Was The Same,"Nickelus F - Number 15
(feat. Drake) (prod. Jake One)","First snippet was posted to YouTube on June 26th, 2012. The video shows Drake smoking hookah with the track playing in the background. Released in full on January 21st, 2013.",,,"Jun 26, 2012",Snippet,Recording,https://www.youtube.com/watch?v=HZbNYeUdXmg
Thank Me Later,"✨ Yamaha Mama
(feat. Chris Brown) (prod. Polow da Don)","Breezy & Drake's take on Soulja Boy & Sean Kingston collaboration of the same name from 2008. Leaked in full on May 24th. Thought to have been recorded in 2010. 

If anyone has the CDQ file, please make a ticket in Drake Tracker Discord and let us know!",,2010,"May 24, 2012",Full,High Quality,https://pillows.su/f/f0f75ff30794cfd5c80609fbb5164489
Thank Me Later,"The Weeknd - The Key
(feat. Drake)","First mentioned by CashXO in a tweet from Nov. 19, 2011, this song had a fake snippet leak on Apr. 2, 2012, and hasn't really been mentioned since.",,,"Nov 19, 2011",Rumored,Not Available,Source Needed
It's Never Enough,"John Legend - Not Enough Time [V1]
(ref. Kanye West) (prod. Hit-Boy)
(Whole Lifetime)","OG Filename: NotEnoughTime_Kanye Voc Ideas
Rough version, leaked before WTT dropped. Was originally a John Legend song, as confirmed in filenames from the session, which leaked in 2022. Samples ""Love Has Come Around"" by Donald Byrd.",2:42,"Feb 3, 2011","Mar 2, 2011",OG File,Lossless,https://pillows.su/f/4d3118583c0912b242a06228b617b9bd
Thank Me Later,"✨ Kanye West - Ghetto University [V31]
(feat. Drake & Charlie Wilson) (prod. Kanye West, Jeff Bhasker & MIKE DEAN)
(All Of The Lights)","Version of an earlier version of ""All Of The Lights"", titled ""Ghetto University"", with a Drake verse that was scrapped from the final released version. From August 18th Lime Light Exclusives 2.",2:33,,"Aug 18, 2010",Partial,High Quality,https://pillows.su/f/a368821cf9f5ff57dde45462a31d7a2a
Thank Me Later,"Rihanna - What If I Kissed You?
(ref. Drake) (prod. Stargate & Nick Brongers)","Drake's first leaked mumble demo, sounds like something you'd hear on Degrassi (with love 😂). Appeared on the unofficial Drake mixtape Young Sweet Jones 2. This was the second song Drake worked on with Rita Ora and StarGate after ‘R.I.P.’. and originally intended for release on her debut LP 'ORA’. The song was passed on to fellow Roc Nation artist Bridget Kelly for her debut album ‘Something Different’. This album was shelved but Kelly released a version of the song on her mixtape ‘Time Flies’ called ‘Our Little Secret’. As with ‘R.I.P.’, the track was originally pitched to Rihanna.
If anyone has the CDQ file, please make a ticket in Drake Tracker Discord and let us know!",,,"Aug 6, 2010",Full,High Quality,https://pillows.su/f/492cb8b8365aac19b03b1023540eb307
Thank Me Later,"⭐️ Do It All
(prod. Ayo The Producer & Rob Holladay)",A throwaway from the Thank Me Later sessions. Leaked in July 2010 following the release of Thank Me Later. Appeared on the unofficial Drake mixtape Young Sweet Jones 2.,4:15,,"Jul 15, 2010",Full,High Quality,https://pillows.su/f/94854362a33b46abb01af897e52af4bb
Thank Me Later,"✨ Rich Boy - To The Floor
(feat. Drake & Lloyd) (prod. Polow da Don)","“To The Floor” is a song by Rich Boy that was leaked online in July 2010. It was most likely intended for Rich Boy’s sophomore studio album that was in the works at the time of recording, but the song was never officially released. It ended up being on various unofficial Drake mixtapes around the internet. The song features a verse from Drake, a chorus from Lloyd and production from Polow da Don.",,,"Jul 15, 2010",Full,High Quality,https://pillows.su/f/b3f031f7e0e657e4a6f2d90a23e37c38
Thank Me Later,"⭐️ Greatness
(feat. Bishop Brigante) (prod. Rene Snaz Hill)",A throwaway from the Thank Me Later sessions. Features a verse from Bishop Brigante. Appeared on the unofficial Drake mixtape Young Sweet Jones 2.,,,"Jun 21, 2010",Full,High Quality,https://pillows.su/f/ea3b3ce1784b1f0a1061bd6ac0a60cef
Thank Me Later,"Choklate - Love & Guns
(feat. Drake)
(Overdose)","Original leaked as a Partial file with just Drake, the original song came from a feature Drake did for the artist 'Choklate'",3:44,,"Apr 9, 2010",Full,High Quality,Link Needed
Thank Me Later,"J. Cole - In The Morning
(prod. L&X Music)"," Original version of ""In The Morning"" from Friday Night Lights & The Sideline Story without the Drake feature. Features two Cole verses that didn't make it onto the final version. Released on the sampler The Warm Up To The Warm Up as track 10.",3:44,,"Apr 9, 2010",Full,High Quality,https://pillows.su/f/ad9ac51ee993c255eb613dec2f9c1d49
Thank Me Later,"⭐️ Good Riddance
(feat. JD Era, Jonny Roxx, Young Tony, Ken Masters & Bishop Brigante) (prod. Boi-1da)",Final diss track towards Aristo.,,,"Mar 2, 2010",Full,High Quality,https://pillows.su/f/db65b1a284a4708c170f3bc3074cd7c1
Thank Me Later,"Over
(prod. Boi-1da & Al-Khaaliq)","OG Filename: Over FINAL MIX
OG filename for the final mix of ""Over"" posted on Drake's old blog.",3:54,"Feb 26, 2010","Feb 26, 2010",Confirmed,Not Available,Source Needed
So Far Gone,"Take Your Girl
(feat. Lil Wayne)",So Far Gone throwaway leaked in 2009. Has DJ tags due to it being featured on the unofficial Heartbreak Drake mixtape from 2008.,,,"Dec 21, 2009",Tagged,High Quality,Link Needed
Thank Me Later,"✨ Juice
(prod. Boi-1da)","Thank Me Later throwaway leaked in Dec 2009. Samples ""Tom’s Diner"" by Suzanne Vega.",,,"Dec 11, 2009",Full,High Quality,https://pillows.su/f/e51b4c32131adc7e1f3e32fab8d82dbd
Thank Me Later,"⭐️ Runaway Girl
(feat. Colin Munroe) (prod. Tha Bizness)
(Material Girl)",A throwaway from the Thank Me Later sessions.,,,"Dec 9, 2009",Full,High Quality,https://pillows.su/f/97d1e0c8484fd07b5e20c8287d3deaf8
Thank Me Later,"You Know, You Know [V2]
(prod. Kanye West)
(U Know You Know)","Scrapped Kanye-produced track from Drake's album Thank Me Later. Leaked in 2009, but a further developed version was later released on Drake's YouTube channel. Appeared on the unofficial Drake mixtape Young Sweet Jones 2.",3:49,,"Nov 7, 2009",Full,CD Quality,https://pillows.su/f/51bc01d50780568a8cb9859186dcd6ae
Thank Me Later,"King Leon
(Street Cred)",Solo Drake version of Street Cred.,,,"Oct 17, 2009",Partial,High Quality,https://pillows.su/f/0e701a74954f8dd4889782967aa96376
Thank Me Later,"✨ The Search
(feat. Saukrates) (prod. Rich Kidd)","Drake throwaway found on the unofficial ""Born Successful"" mixtape.",,,"Jul 31, 2009",Full,High Quality,https://pillows.su/f/c59a768f84a20bcd1729874e14ee20b8
Thank Me Later,"Clipse - Showing Out (Remix)
(feat. Drake) (prod. The Neptunes)","At a Sony media event on July 20th, 2009, the Clipse (Pusha T & Malice) revealed info about their then-forthcoming third studio album (fourth overall) 'Till The Casket Drops'. The revealed outside production from frequent production duo The Neptunes (Pharrell Williams & Chad Hugo) as well as the album's features, which included Drake. The album would drop without Drake's feature (with Yo Gotti replacing track on the track), though it would be played at the Playboy Mansion around the first week of 2010 (it was noted to be a remix, even though Drake's verse was recorded before Yo Gotti's). The reason for its removal can be presumed to be Drake's further alignment with YMCMB (to which Wayne and Birdman had their past issues with Clipse), and his subsequent removal from a tour which had N.E.R.D & Clipse as headliners (he would ironically be replaced by his YMCMB labelmate Tyga).",,,"Jul 20, 2009",Confirmed,Not Available,"https://www.xxlmag.com/clipse-to-drop-casket-in-october/
https://theneptunes.org/2010/01/clipse-at-the-playboy-mansion-on-nye/"
Thank Me Later,Do It Now,"Unreleased Drake song leaked on June 20, 2009. The first verse would later be used by Drake on the Trey Songz track ""I Invented Sex"".",3:06,,"Jun 20, 2009",Full,CD Quality,https://pillows.su/f/0f5415dd69eb58684b6e41c9d01ac899
So Far Gone,"Successful [V7]
(feat. Lil Wayne & Trey Songz) (prod. 40)","OG Filename: Successful Ref 7
Was seen on Drake's So Far Gone playlist in a video of him in Ben Baller's car.", ,,"Feb 9, 2009",Snippet,Recording,https://www.youtube.com/watch?v=QrQhLrOPX74
So Far Gone,The Night The World Changed,"Was seen on Drake's So Far Gone playlist in a video of him in Ben Baller's Car, nothing else is known about this track.", ,,"Feb 9, 2009",Confirmed,Not Available,https://www.youtube.com/watch?v=QrQhLrOPX74
